2018/10/02/14:06:08.012044;[];0;-95;-1295;15617;94;-72;-98;-654;-124;1189;91;182;44;0
2018/10/02/14:06:08.037001;[];0;-191;-1343;15425;236;-62;-84;-654;-84;1236;39;183;44;0
2018/10/02/14:06:08.069962;[];0;305;-1071;15729;430;-216;-116;-610;-65;1162;226;183;44;0
2018/10/02/14:06:08.081894;[];0;193;-1103;15217;378;-192;30;-610;-65;1162;21;184;44;0
2018/10/02/14:06:08.093849;[];0;305;-975;15617;456;-298;72;-610;-65;1162;72;184;44;0
2018/10/02/14:06:08.106298;[];0;-15;-1023;15361;538;-126;92;-642;-78;1175;140;184;44;0
2018/10/02/14:06:08.122958;[];0;-15;-799;15905;676;-220;-14;-642;-78;1175;208;184;44;0
2018/10/02/14:06:08.134856;[];0;-191;-143;15489;656;-208;72;-616;-45;1175;20;185;44;0
2018/10/02/14:06:08.147090;[];0;-799;417;15697;798;-124;-102;-616;-45;1175;88;185;44;0
2018/10/02/14:06:08.159989;[];0;-63;-463;15649;744;50;-38;-616;-45;1175;156;185;44;0
2018/10/02/14:06:08.175899;[];0;97;337;15681;736;-228;-114;-603;-13;1195;224;185;44;0
2018/10/02/14:06:08.188141;[];0;-47;689;15089;640;-60;-164;-603;-13;1195;36;186;44;0
2018/10/02/14:06:08.201165;[];0;-303;193;15553;398;-118;-264;-603;-13;1195;104;186;44;0
2018/10/02/14:06:08.212972;[];0;49;369;14993;442;-72;-240;-629;45;1216;172;186;44;0
2018/10/02/14:06:08.228856;[];0;193;785;15297;172;0;-120;-629;45;1216;240;186;44;0
2018/10/02/14:06:08.242238;[];0;913;881;15217;82;16;-184;-603;32;1189;52;187;44;0
2018/10/02/14:06:08.253946;[];0;-63;-111;15601;-54;-44;-148;-603;32;1189;120;187;44;0
2018/10/02/14:06:08.265881;[];0;449;-111;16657;-112;-68;-142;-603;32;1189;188;187;44;0
2018/10/02/14:06:08.279383;[];0;129;33;16065;-294;-38;-104;-616;19;1202;239;187;44;0
2018/10/02/14:06:08.294983;[];0;177;49;17457;-160;-78;-50;-616;19;1202;68;188;44;0
2018/10/02/14:06:08.306866;[];0;609;417;15361;-180;-92;-72;-584;-26;1162;136;188;44;0
2018/10/02/14:06:08.319226;[];0;705;737;15745;-120;-32;20;-584;-26;1162;221;188;44;0
2018/10/02/14:06:08.332057;[];0;1409;913;17137;-258;-12;72;-571;13;1216;33;189;44;0
2018/10/02/14:06:08.347892;[];0;961;865;14833;-252;-70;-62;-571;13;1216;101;189;44;0
2018/10/02/14:06:08.360027;[];0;1633;257;16705;-286;-64;70;-571;13;1216;169;189;44;0
2018/10/02/14:06:08.373125;[];0;1409;1169;16049;-414;-84;-8;-578;-13;1175;237;189;44;0
2018/10/02/14:06:08.384930;[];0;1393;465;16929;-466;52;8;-578;-13;1175;83;190;44;0
2018/10/02/14:06:08.401175;[];0;961;81;15201;-396;10;20;-603;0;1209;134;190;44;0
2018/10/02/14:06:08.414094;[];0;1217;-591;16449;-498;-68;206;-603;0;1209;185;190;44;0
2018/10/02/14:06:08.425930;[];0;929;-1039;15649;-488;-72;124;-603;0;1209;253;190;44;0
2018/10/02/14:06:08.437870;[];0;1233;-719;16785;-426;90;76;-603;-52;1209;65;191;44;0
2018/10/02/14:06:08.455075;[];0;1425;-1071;15969;-446;-12;-54;-603;-52;1209;133;191;44;0
2018/10/02/14:06:08.466921;[];0;1521;-1039;16097;-438;-4;168;-603;-52;1209;201;191;44;0
2018/10/02/14:06:08.478868;[];0;1249;-1375;16497;-296;-82;-22;-616;-32;1222;13;192;44;0
2018/10/02/14:06:08.491133;[];0;993;-1999;16433;-196;74;120;-616;-32;1222;98;192;44;0
2018/10/02/14:06:08.507972;[];0;1281;-1983;16897;-166;4;238;-629;-65;1195;149;192;44;0
2018/10/02/14:06:08.519869;[];0;1105;-1599;16033;-182;-20;136;-629;-65;1195;217;192;44;0
2018/10/02/14:06:08.532206;[];0;1057;-1519;16145;-70;22;194;-603;-78;1202;46;193;44;0
2018/10/02/14:06:08.545043;[];0;1393;-1407;16545;-120;-12;2;-603;-78;1202;114;193;44;0
2018/10/02/14:06:08.560888;[];0;1281;-1119;16049;-102;0;34;-603;-78;1202;182;193;44;0
2018/10/02/14:06:08.573223;[];0;1153;-1183;16545;-96;50;40;-597;-84;1189;250;193;44;0
2018/10/02/14:06:08.586076;[];0;1185;-847;16433;-94;20;84;-597;-84;1189;62;194;44;0
2018/10/02/14:06:08.597892;[];0;1057;-831;16305;-18;70;28;-584;-71;1182;147;194;44;0
2018/10/02/14:06:08.609831;[];0;1073;-639;16865;-42;92;20;-584;-71;1182;198;194;44;0
2018/10/02/14:06:08.626998;[];0;577;-735;16161;-124;146;30;-584;-71;1182;10;195;44;0
2018/10/02/14:06:08.638891;[];0;673;-847;16529;-294;84;-44;-623;-117;1222;78;195;44;0
2018/10/02/14:06:08.650880;[];0;801;-607;16129;-106;150;-106;-623;-117;1222;146;195;44;0
2018/10/02/14:06:08.663093;[];0;-303;-415;14705;-204;170;104;-623;-117;1222;214;195;44;0
2018/10/02/14:06:08.679905;[];0;-623;17;15201;-332;76;60;-584;-111;1222;26;196;44;0
2018/10/02/14:06:08.691854;[];0;-687;-463;15025;-392;-84;24;-584;-111;1222;94;196;44;0
2018/10/02/14:06:08.709041;[];0;-271;-1455;15345;-414;-202;56;-616;-117;1229;230;196;44;0
2018/10/02/14:06:08.720931;[];0;673;-1647;16561;-386;-214;28;-616;-117;1229;25;197;44;0
2018/10/02/14:06:08.732860;[];0;769;-1471;15665;-312;-28;62;-623;-111;1222;76;197;44;0
2018/10/02/14:06:08.749044;[];0;1041;-1759;15985;-212;-34;-24;-623;-111;1222;127;197;44;0
2018/10/02/14:06:08.761910;[];0;753;-2095;15793;-98;80;-124;-623;-111;1222;212;197;44;0
2018/10/02/14:06:08.773857;[];0;609;-2191;15825;18;102;-4;-623;-163;1175;24;198;44;0
2018/10/02/14:06:08.786372;[];0;689;-2079;15889;-46;26;-148;-623;-163;1175;92;198;44;0
2018/10/02/14:06:08.810922;[];0;-271;-1503;15473;-14;142;-114;-623;-163;1175;143;198;44;0
2018/10/02/14:06:08.822862;[];0;-223;-1775;15441;-152;64;112;-603;-137;1195;40;199;44;0
2018/10/02/14:06:08.835107;[];0;-95;-1599;16065;-176;-36;48;-603;-156;1216;91;199;44;0
2018/10/02/14:06:08.848264;[];0;-79;-1887;16081;-164;-96;162;-603;-156;1216;159;199;44;0
2018/10/02/14:06:08.863836;[];0;-15;-1775;16385;-76;116;-84;-603;-156;1216;227;199;44;0
2018/10/02/14:06:08.876099;[];0;481;-2111;16449;-182;26;124;-635;-163;1243;39;200;44;0
2018/10/02/14:06:08.888937;[];0;481;-1919;15761;-120;24;20;-635;-163;1243;107;200;44;0
2018/10/02/14:06:08.904872;[];0;369;-1839;16257;-102;116;56;-629;-150;1182;175;200;44;0
2018/10/02/14:06:08.922032;[];0;321;-1711;15921;16;258;-24;-629;-150;1182;38;201;44;0
2018/10/02/14:06:08.933902;[];0;33;-1631;15409;-20;176;-152;-623;-169;1216;88;201;44;0
2018/10/02/14:06:08.945846;[];0;129;-1871;15921;-94;228;-136;-623;-169;1216;139;201;44;0
2018/10/02/14:06:08.958395;[];0;257;-1951;16017;-94;246;-62;-623;-169;1216;224;201;44;0
2018/10/02/14:06:08.974913;[];0;529;-2063;15553;-152;232;-66;-610;-150;1175;36;202;44;0
2018/10/02/14:06:08.986860;[];0;609;-2319;15985;-82;252;-240;-610;-150;1175;104;202;44;0
2018/10/02/14:06:08.999196;[];0;577;-2463;15649;-120;308;-254;-603;-169;1202;172;202;44;0
2018/10/02/14:06:09.011971;[];0;721;-2463;15489;-68;258;-212;-603;-169;1202;18;203;44;0
2018/10/02/14:06:09.028105;[];0;497;-2687;15729;4;222;-226;-603;-169;1202;69;203;44;0
2018/10/02/14:06:09.040334;[];0;257;-2543;15137;14;238;-42;-661;-215;1222;120;203;44;0
2018/10/02/14:06:09.053106;[];0;65;-2783;15153;44;226;-50;-661;-215;1222;188;203;44;0
2018/10/02/14:06:09.064872;[];0;-399;-2735;14817;116;80;-16;-648;-150;1189;0;204;44;0
2018/10/02/14:06:09.081165;[];0;-399;-2751;15025;230;-76;6;-648;-150;1189;68;204;44;0
2018/10/02/14:06:09.094081;[];0;-31;-2847;15409;226;-180;128;-648;-150;1189;136;204;44;0
2018/10/02/14:06:09.105885;[];0;193;-2591;15681;404;50;-138;-648;-169;1155;204;204;44;0
2018/10/02/14:06:09.118190;[];0;721;-2143;16577;446;-40;28;-648;-169;1155;16;205;44;0
2018/10/02/14:06:09.130037;[];0;753;-1487;16609;420;22;114;-674;-189;1202;118;205;44;0
2018/10/02/14:06:09.146906;[];0;689;-1183;16833;322;60;-22;-674;-189;1202;169;205;44;0
2018/10/02/14:06:09.158855;[];0;849;-1007;16817;386;50;88;-674;-189;1202;237;205;44;0
2018/10/02/14:06:09.171066;[];0;737;-927;16881;494;204;-100;-699;-150;1195;49;206;44;0
2018/10/02/14:06:09.183895;[];0;433;-1071;16705;630;136;0;-699;-150;1195;117;206;44;0
2018/10/02/14:06:09.199860;[];0;-767;-2607;13313;950;154;-136;-680;-78;1182;185;206;44;0
2018/10/02/14:06:09.212332;[];0;785;129;17153;1048;164;-134;-680;-78;1182;253;206;44;0
2018/10/02/14:06:09.225031;[];0;753;801;14321;1404;-88;-310;-680;-78;1182;65;207;44;0
2018/10/02/14:06:09.236867;[];0;113;2705;16065;1818;16;-416;-686;-65;1168;133;207;44;0
2018/10/02/14:06:09.253398;[];0;-79;2081;17265;2034;-174;-478;-686;-65;1168;201;207;44;0
2018/10/02/14:06:09.266041;[];0;-623;2561;17697;2410;2;-622;-699;6;1168;13;208;44;0
2018/10/02/14:06:09.278246;[];0;-911;2705;18529;2732;160;-636;-699;6;1168;81;208;44;0
2018/10/02/14:06:09.290130;[];0;-959;2257;17745;3140;202;-640;-699;6;1168;149;208;44;0
2018/10/02/14:06:09.307064;[];0;-1919;1969;17873;3286;378;-900;-718;111;1155;217;208;44;0
2018/10/02/14:06:09.318868;[];0;-2287;2673;16929;3494;438;-626;-718;111;1155;29;209;44;0
2018/10/02/14:06:09.331143;[];0;-3119;2241;16577;3708;584;-568;-718;111;1155;80;209;44;0
2018/10/02/14:06:09.343064;[];0;-3791;1665;15121;3988;552;-544;-718;228;1135;165;209;44;0
2018/10/02/14:06:09.359896;[];0;-3919;2017;13393;4100;650;-552;-718;228;1135;233;209;44;0
2018/10/02/14:06:09.371853;[];0;-3375;3185;13121;4260;818;-270;-731;437;1060;62;210;44;0
2018/10/02/14:06:09.388608;[];0;-2927;3361;13921;4228;906;-230;-731;437;1060;130;210;44;0
2018/10/02/14:06:09.400906;[];0;-1599;4561;12401;4288;1038;-134;-821;549;939;215;210;44;0
2018/10/02/14:06:09.412851;[];0;-927;6593;10609;4298;884;18;-821;549;939;27;211;44;0
2018/10/02/14:06:09.425046;[];0;-1167;8241;9569;4298;908;212;-821;549;939;78;211;44;0
2018/10/02/14:06:09.441930;[];0;-1087;8577;8849;4332;676;668;-776;745;783;180;211;44;0
2018/10/02/14:06:09.453872;[];0;-767;8145;9009;4378;668;812;-776;745;783;231;211;44;0
2018/10/02/14:06:09.466080;[];0;-447;8817;10161;4306;602;1010;-821;862;682;43;212;44;0
2018/10/02/14:06:09.479010;[];0;-383;9617;10225;4428;828;1094;-821;862;682;111;212;44;0
2018/10/02/14:06:09.494863;[];0;-431;11153;10369;4540;710;1330;-821;862;682;179;212;44;0
2018/10/02/14:06:09.507806;[];0;161;12577;8257;4770;976;1468;-833;980;513;247;212;44;0
2018/10/02/14:06:09.518998;[];0;1121;12481;6977;4852;912;1410;-833;980;513;59;213;44;0
2018/10/02/14:06:09.531871;[];0;1361;12705;2033;5094;810;1386;-725;1117;277;110;213;44;0
2018/10/02/14:06:09.549074;[];0;977;13601;1537;5130;474;1120;-725;1117;277;212;213;44;0
2018/10/02/14:06:09.560070;[];0;417;12785;1409;5200;218;1028;-725;1117;277;7;214;44;0
2018/10/02/14:06:09.572884;[];0;-527;14481;3297;5188;276;532;-693;1209;47;75;214;44;0
2018/10/02/14:06:09.585108;[];0;-1039;15649;2481;4894;296;342;-693;1209;47;143;214;44;0
2018/10/02/14:06:09.601038;[];0;-1231;15441;113;4692;434;-222;-667;1228;-162;228;214;44;0
2018/10/02/14:06:09.613172;[];0;2097;16097;-1295;4514;320;-610;-667;1228;-162;40;215;44;0
2018/10/02/14:06:09.625995;[];0;209;17521;-2047;4242;166;-774;-667;1228;-162;108;215;44;0
2018/10/02/14:06:09.638498;[];0;-639;16993;-1823;3860;216;-1078;-686;1169;-364;176;215;44;0
2018/10/02/14:06:09.650908;[];0;-2479;15825;-2383;3462;300;-1260;-686;1169;-364;244;215;44;0
2018/10/02/14:06:09.666874;[];0;-3407;15249;-3999;3024;620;-1400;-712;1084;-432;56;216;44;0
2018/10/02/14:06:09.679049;[];0;-3423;13761;-7055;2396;526;-1410;-712;1084;-432;124;216;44;0
2018/10/02/14:06:09.691961;[];0;-2207;13425;-8607;1692;542;-1662;-712;1084;-432;192;216;44;0
2018/10/02/14:06:09.703864;[];0;-1839;14657;-11791;812;616;-1594;-744;1026;-581;4;217;44;0
2018/10/02/14:06:09.720090;[];0;-2639;14273;-12575;-86;574;-1416;-744;1026;-581;72;217;44;0
2018/10/02/14:06:09.732027;[];0;-4319;12993;-13503;-948;280;-1350;-763;967;-628;140;217;44;0
2018/10/02/14:06:09.744879;[];0;-5215;11985;-14607;-1708;256;-1264;-763;967;-628;208;217;44;0
2018/10/02/14:06:09.757395;[];0;-5663;12321;-14543;-2416;-20;-1050;-763;967;-628;20;218;44;0
2018/10/02/14:06:09.773006;[];0;-5727;13313;-14351;-3358;-360;-794;-789;993;-567;88;218;44;0
2018/10/02/14:06:09.785916;[];0;-5503;13505;-12319;-4148;-468;-492;-789;993;-567;156;218;44;0
2018/10/02/14:06:09.798197;[];0;-6191;13009;-10287;-4870;-622;-162;-846;1013;-452;224;218;44;0
2018/10/02/14:06:09.810048;[];0;-6431;12049;-7151;-5506;-940;154;-846;1013;-452;53;219;44;0
2018/10/02/14:06:09.826918;[];0;-6239;12385;-4815;-5962;-1198;482;-846;1091;-263;121;219;44;0
2018/10/02/14:06:09.839048;[];0;-5647;12529;-2511;-6384;-1310;850;-846;1091;-263;189;219;44;0
2018/10/02/14:06:09.851011;[];0;-4191;12065;641;-6456;-1308;1072;-846;1091;-263;1;220;44;0
2018/10/02/14:06:09.863960;[];0;-2767;11857;3873;-6740;-1420;1424;-814;1091;27;69;220;44;0
2018/10/02/14:06:09.879880;[];0;-3007;11729;5889;-6894;-1446;1562;-814;1091;27;137;220;44;0
2018/10/02/14:06:09.894480;[];0;-1855;10385;9761;-7112;-1474;1890;-814;1091;27;205;220;44;0
2018/10/02/14:06:09.904000;[];0;-1183;9713;11057;-7110;-1296;1864;-757;1026;371;17;221;44;0
2018/10/02/14:06:09.916861;[];0;257;8801;13105;-7392;-1066;2106;-757;1026;371;85;221;44;0
2018/10/02/14:06:09.933079;[];0;2337;9281;16113;-7418;-822;2142;-674;921;641;153;221;44;0
2018/10/02/14:06:09.945074;[];0;2817;6033;14977;-7300;-812;2086;-674;921;641;221;221;44;0
2018/10/02/14:06:09.957932;[];0;5169;7777;17393;-7182;-600;2044;-674;921;641;33;222;44;0
2018/10/02/14:06:09.969890;[];0;5969;8993;17601;-7058;-666;1994;-578;771;885;101;222;44;0
2018/10/02/14:06:09.984613;[];0;6849;6721;17249;-6900;-604;1948;-578;771;885;169;222;44;0
2018/10/02/14:06:09.998988;[];0;5489;6209;18657;-6678;-664;1844;-488;509;1060;237;222;44;0
2018/10/02/14:06:10.010893;[];0;3569;6337;17185;-6588;-658;1640;-488;509;1060;49;223;44;0
2018/10/02/14:06:10.023057;[];0;4097;2129;19425;-6190;-684;1792;-476;281;1175;134;223;44;0
2018/10/02/14:06:10.036055;[];0;4961;2449;18625;-5880;-450;1526;-476;281;1175;202;223;44;0
2018/10/02/14:06:10.051914;[];0;3409;-2879;17713;-5550;-360;1536;-476;281;1175;14;224;44;0
2018/10/02/14:06:10.063887;[];0;3665;-1647;19073;-5326;-308;1332;-424;26;1209;82;224;44;0
2018/10/02/14:06:10.077138;[];0;4593;-383;15649;-5060;-398;1388;-424;26;1209;150;224;44;0
2018/10/02/14:06:10.088942;[];0;4849;-2159;15041;-4708;-360;1322;-424;26;1209;218;224;44;0
2018/10/02/14:06:10.104878;[];0;3745;-4703;16753;-4356;-408;1182;-380;-202;1297;30;225;44;0
2018/10/02/14:06:10.117312;[];0;2929;-3567;14385;-4206;-248;1240;-380;-202;1297;98;225;44;0
2018/10/02/14:06:10.130018;[];0;3761;-3775;16593;-3964;-300;1078;-405;-372;1229;166;225;44;0
2018/10/02/14:06:10.141911;[];0;2961;-5007;12769;-3814;-198;1010;-405;-372;1229;234;225;44;0
2018/10/02/14:06:10.158246;[];0;1857;-6559;12049;-3530;-80;1056;-405;-372;1229;46;226;44;0
2018/10/02/14:06:10.171081;[];0;1505;-6687;12481;-3068;-68;864;-354;-503;1216;148;226;44;0
2018/10/02/14:06:10.182945;[];0;-15;-7151;9745;-3066;-106;924;-354;-503;1216;199;226;44;0
2018/10/02/14:06:10.194910;[];0;-111;-8575;13937;-3034;-116;762;-367;-607;1162;250;226;44;0
2018/10/02/14:06:10.212118;[];0;465;-13471;14545;-3208;-56;516;-367;-607;1162;79;227;44;0
2018/10/02/14:06:10.268955;[];0;689;-20335;11761;-3314;88;350;-367;-607;1162;130;227;44;0
2018/10/02/14:06:10.280980;[];0;-47;-12831;8305;-3058;82;254;-418;-823;1013;214;228;44;0
2018/10/02/14:06:10.294141;[];0;657;-12031;6593;-2936;56;312;-456;-1013;925;9;229;44;0
2018/10/02/14:06:10.305957;[];0;1473;-12863;9505;-2840;36;160;-456;-1013;925;60;229;44;0
2018/10/02/14:06:10.321898;[];0;1361;-14079;7361;-2898;-12;308;-456;-1013;925;145;229;44;0
2018/10/02/14:06:10.335117;[];0;1025;-13839;6961;-2944;-36;350;-437;-1084;851;213;229;44;0
2018/10/02/14:06:10.346980;[];0;1297;-15167;8737;-2994;-10;328;-437;-1084;851;25;230;44;0
2018/10/02/14:06:10.358888;[];0;449;-15327;7425;-3016;64;314;-399;-1143;716;93;230;44;0
2018/10/02/14:06:10.378846;[];0;865;-14783;6625;-2826;338;126;-399;-1143;716;195;230;44;0
2018/10/02/14:06:10.388260;[];0;1313;-13663;5441;-2774;374;-64;-463;-1267;635;245;230;44;0
2018/10/02/14:06:10.399921;[];0;1745;-13695;5233;-2524;562;-200;-463;-1267;635;40;231;44;0
2018/10/02/14:06:10.412018;[];0;2113;-14079;3953;-2712;606;-388;-463;-1267;635;108;231;44;0
2018/10/02/14:06:10.429083;[];0;1537;-14255;2193;-2640;708;-458;-450;-1326;520;176;231;44;0
2018/10/02/14:06:10.440946;[];0;1249;-15327;1057;-2558;784;-542;-450;-1326;520;244;231;44;0
2018/10/02/14:06:10.452928;[];0;1025;-16879;-479;-2558;812;-512;-450;-1326;520;56;232;44;0
2018/10/02/14:06:10.469630;[];0;1793;-16687;-751;-2350;786;-464;-412;-1307;371;124;232;44;0
2018/10/02/14:06:10.481962;[];0;2705;-17903;-2303;-2210;662;-434;-412;-1307;371;192;232;44;0
2018/10/02/14:06:10.493906;[];0;3105;-17727;-1247;-2102;756;-436;-380;-1372;250;4;233;44;0
2018/10/02/14:06:10.507572;[];0;2257;-19071;-3375;-1972;690;-264;-380;-1372;250;72;233;44;0
2018/10/02/14:06:10.519027;[];0;2577;-19551;-2639;-1790;712;-30;-380;-1372;250;157;233;44;0
2018/10/02/14:06:10.530892;[];0;2657;-19295;-3919;-1686;546;230;-367;-1352;175;225;233;44;0
2018/10/02/14:06:10.548868;[];0;3233;-18991;-4895;-1404;674;282;-367;-1352;175;37;234;44;0
2018/10/02/14:06:10.560040;[];0;3217;-18831;-5791;-1316;690;468;-386;-1346;54;105;234;44;0
2018/10/02/14:06:10.571972;[];0;2593;-17871;-4655;-1072;556;588;-386;-1346;54;173;234;44;0
2018/10/02/14:06:10.583887;[];0;2449;-17935;-5583;-912;438;664;-386;-1346;54;241;234;44;0
2018/10/02/14:06:10.601169;[];0;2225;-17503;-3775;-590;452;576;-424;-1352;27;53;235;44;0
2018/10/02/14:06:10.612975;[];0;2369;-16959;-4319;-476;450;720;-424;-1352;27;121;235;44;0
2018/10/02/14:06:10.624950;[];0;2417;-16863;-4735;-250;422;768;-450;-1326;-33;189;235;44;0
2018/10/02/14:06:10.638313;[];0;2481;-16767;-4559;-168;234;642;-450;-1326;-33;1;236;44;0
2018/10/02/14:06:10.654031;[];0;2033;-17663;-6271;172;320;378;-450;-1326;-33;69;236;44;0
2018/10/02/14:06:10.665905;[];0;2017;-18495;-6911;568;252;422;-501;-1313;-33;137;236;44;0
2018/10/02/14:06:10.679034;[];0;1473;-19071;-7471;866;184;412;-501;-1313;-33;205;236;44;0
2018/10/02/14:06:10.690998;[];0;1249;-19439;-6767;1154;44;322;-495;-1339;0;17;237;44;0
2018/10/02/14:06:10.706937;[];0;1329;-19599;-5407;1330;-16;476;-495;-1339;0;85;237;44;0
2018/10/02/14:06:10.719909;[];0;1393;-19519;-4015;1640;-98;432;-495;-1339;0;153;237;44;0
2018/10/02/14:06:10.732110;[];0;1105;-17791;-3615;1832;-286;432;-539;-1346;67;238;237;44;0
2018/10/02/14:06:10.744003;[];0;561;-16367;-3311;2176;-328;328;-539;-1346;67;50;238;44;0
2018/10/02/14:06:10.759899;[];0;481;-18783;-3295;2338;-388;264;-539;-1320;155;118;238;44;0
2018/10/02/14:06:10.775344;[];0;-287;-18463;-1871;2660;-358;290;-539;-1320;155;186;238;44;0
2018/10/02/14:06:10.785028;[];0;-975;-18991;-1151;2974;-344;20;-539;-1320;155;254;238;44;0
2018/10/02/14:06:10.796891;[];0;-1855;-18639;-719;3090;-238;34;-559;-1294;310;66;239;44;0
2018/10/02/14:06:10.810135;[];0;-1039;-17119;1745;3332;-336;42;-559;-1294;310;134;239;44;0
2018/10/02/14:06:10.826052;[];0;529;-14303;3489;3620;-362;-114;-578;-1267;418;202;239;44;0
2018/10/02/14:06:10.837996;[];0;881;-15487;3745;3758;-352;-110;-578;-1267;418;14;240;44;0
2018/10/02/14:06:10.850912;[];0;49;-17215;4385;3808;-318;-312;-578;-1267;418;65;240;44;0
2018/10/02/14:06:10.865332;[];0;-1615;-17455;3057;4296;-226;-498;-546;-1183;567;150;240;44;0
2018/10/02/14:06:10.878922;[];0;-2319;-16847;5041;4464;-90;-590;-546;-1183;567;218;240;44;0
2018/10/02/14:06:10.891927;[];0;-1871;-15295;5377;4608;-188;-456;-546;-1183;567;13;241;44;0
2018/10/02/14:06:10.904184;[];0;65;-13167;9553;4846;-112;-220;-565;-1111;783;132;241;44;0
2018/10/02/14:06:10.916031;[];0;-527;-12255;10721;4678;36;-354;-565;-1111;783;183;241;44;0
2018/10/02/14:06:10.932926;[];0;-223;-10543;10865;4626;164;-360;-514;-1000;891;251;241;44;0
2018/10/02/14:06:10.945152;[];0;-207;-10655;10817;4686;176;-506;-514;-1000;891;63;242;44;0
2018/10/02/14:06:10.957124;[];0;-159;-10239;12209;4642;274;-608;-539;-849;1047;131;242;44;0
2018/10/02/14:06:10.968959;[];0;-239;-8943;12609;4764;266;-724;-539;-849;1047;199;242;44;0
2018/10/02/14:06:10.985900;[];0;-63;-7647;14161;4754;266;-946;-539;-849;1047;11;243;44;0
2018/10/02/14:06:10.998499;[];0;-1135;-6703;14001;4852;504;-1244;-520;-673;1168;96;243;44;0
2018/10/02/14:06:11.010014;[];0;-1423;-7343;15425;4836;644;-1374;-520;-673;1168;147;243;44;0
2018/10/02/14:06:11.022907;[];0;-79;-6303;15185;4598;860;-1478;-571;-464;1155;215;243;44;0
2018/10/02/14:06:11.039441;[];0;1457;-5311;16209;4460;804;-1500;-571;-464;1155;27;244;44;0
2018/10/02/14:06:11.051102;[];0;2049;-4735;16689;4472;1018;-1570;-571;-464;1155;95;244;44;0
2018/10/02/14:06:11.063952;[];0;2129;-2447;14641;4460;1162;-1724;-552;-307;1250;163;244;44;0
2018/10/02/14:06:11.076163;[];0;2017;-2063;15969;4544;1326;-1786;-552;-307;1250;231;244;44;0
2018/10/02/14:06:11.092085;[];0;1953;-2335;14545;4674;1198;-1962;-635;-117;1195;43;245;44;0
2018/10/02/14:06:11.104951;[];0;2177;-1087;14977;4764;1348;-1892;-635;-117;1195;111;245;44;0
2018/10/02/14:06:11.116910;[];0;2513;-415;18401;4944;1392;-1772;-635;-117;1195;179;245;44;0
2018/10/02/14:06:11.129119;[];0;2193;-303;19825;5150;1558;-1898;-686;58;1189;247;245;44;0
2018/10/02/14:06:11.140962;[];0;1905;-879;22881;5408;1776;-1640;-686;58;1189;76;246;44;0
2018/10/02/14:06:11.157954;[];0;1473;545;18113;5552;1834;-1576;-795;196;1121;144;246;44;0
2018/10/02/14:06:11.170138;[];0;-207;289;17393;5648;2110;-1336;-795;196;1121;212;246;44;0
2018/10/02/14:06:11.181967;[];0;-2191;1201;14673;5722;2116;-1228;-795;196;1121;24;247;44;0
2018/10/02/14:06:11.194897;[];0;-2143;1649;13857;5696;2178;-1202;-833;418;959;92;247;44;0
2018/10/02/14:06:11.211132;[];0;-1215;2561;14081;5820;1956;-710;-833;418;959;177;247;44;0
2018/10/02/14:06:11.223030;[];0;-1343;2961;12481;5692;2158;-826;-968;575;790;228;247;44;0
2018/10/02/14:06:11.235907;[];0;-1903;3905;11745;5766;2006;-580;-968;575;790;40;248;44;0
2018/10/02/14:06:11.248626;[];0;-3151;4641;8161;5552;1950;-470;-968;575;790;108;248;44;0
2018/10/02/14:06:11.264091;[];0;-2879;4801;8001;5476;1688;-264;-1044;725;540;176;248;44;0
2018/10/02/14:06:11.276922;[];0;-2335;5617;6641;5250;1686;-130;-1044;725;540;244;248;44;0
2018/10/02/14:06:11.289103;[];0;-2239;7217;5761;5254;1560;104;-1063;797;364;56;249;44;0
2018/10/02/14:06:11.301103;[];0;-2623;8545;5505;5042;1310;118;-1063;797;364;124;249;44;0
2018/10/02/14:06:11.318349;[];0;-3775;8561;4033;4926;1312;342;-1063;797;364;192;249;44;0
2018/10/02/14:06:11.330123;[];0;-4143;7809;2769;4834;1124;538;-1063;934;128;4;250;44;0
2018/10/02/14:06:11.342115;[];0;-4063;8321;257;4630;958;602;-1063;934;128;89;250;44;0
2018/10/02/14:06:11.353967;[];0;-4687;9665;-559;4424;1022;754;-1044;921;0;157;250;44;0
2018/10/02/14:06:11.371199;[];0;-5455;10385;-879;4208;796;772;-1044;921;0;225;250;44;0
2018/10/02/14:06:11.383113;[];0;-5327;9905;-1631;4070;838;836;-1044;921;0;37;251;44;0
2018/10/02/14:06:11.394974;[];0;-5295;10065;-2111;3834;750;824;-1031;960;-202;105;251;44;0
2018/10/02/14:06:11.407950;[];0;-5103;10913;-3295;3760;854;798;-1031;960;-202;173;251;44;0
2018/10/02/14:06:11.420088;[];0;-4879;11121;-5103;3536;786;844;-974;980;-391;241;251;44;0
2018/10/02/14:06:11.436001;[];0;-4991;11761;-4847;3292;724;820;-974;980;-391;53;252;44;0
2018/10/02/14:06:11.448929;[];0;-4671;11697;-6271;2882;746;798;-974;980;-391;121;252;44;0
2018/10/02/14:06:11.461325;[];0;-4783;11377;-7055;2690;732;594;-929;941;-472;189;252;44;0
2018/10/02/14:06:11.472997;[];0;-4383;12241;-7951;2536;706;504;-929;941;-472;1;253;44;0
2018/10/02/14:06:11.489974;[];0;-3855;12209;-9567;2344;612;524;-891;934;-587;69;253;44;0
2018/10/02/14:06:11.502361;[];0;-3967;11873;-9087;2024;602;402;-891;934;-587;137;253;44;0
2018/10/02/14:06:11.514063;[];0;-3983;12353;-10335;1698;544;538;-891;934;-587;205;253;44;0
2018/10/02/14:06:11.525884;[];0;-3983;12465;-10207;1516;436;460;-833;921;-635;17;254;44;0
2018/10/02/14:06:11.543351;[];0;-4175;13233;-11295;1194;412;282;-833;921;-635;85;254;44;0
2018/10/02/14:06:11.555044;[];0;-4159;14129;-13231;774;266;424;-789;882;-695;170;254;44;0
2018/10/02/14:06:11.566969;[];0;-4367;14929;-13167;362;246;530;-789;882;-695;238;254;44;0
2018/10/02/14:06:11.579908;[];0;-5215;15297;-14143;-184;264;458;-789;882;-695;50;255;44;0
2018/10/02/14:06:11.596183;[];0;-5519;16033;-14335;-734;146;500;-776;901;-722;118;255;44;0
2018/10/02/14:06:11.608047;[];0;-5407;16273;-14335;-1298;2;776;-776;901;-722;186;255;44;0
2018/10/02/14:06:11.620943;[];0;-4959;16705;-14063;-1816;-148;818;-769;921;-648;254;255;44;0
2018/10/02/14:06:11.633453;[];0;-4063;17617;-12143;-2210;-162;960;-769;921;-648;66;0;45;0
2018/10/02/14:06:11.649032;[];0;-3439;18129;-10591;-2814;-224;944;-769;921;-648;134;0;45;0
2018/10/02/14:06:11.661940;[];0;-3007;18609;-9439;-3096;-216;956;-725;993;-608;202;0;45;0
2018/10/02/14:06:11.674446;[];0;-2751;18561;-7455;-3648;-288;1054;-725;993;-608;14;1;45;0
2018/10/02/14:06:11.686142;[];0;-2847;18593;-6719;-4040;-342;1092;-712;1084;-493;82;1;45;0
2018/10/02/14:06:11.702902;[];0;-2063;19041;-3935;-4264;-192;1112;-712;1084;-493;150;1;45;0
2018/10/02/14:06:11.715026;[];0;-1663;19537;-3423;-4528;-274;1262;-712;1084;-493;218;1;45;0
2018/10/02/14:06:11.727025;[];0;-271;20017;-1327;-4822;-272;1226;-616;1137;-324;30;2;45;0
2018/10/02/14:06:11.738945;[];0;913;19841;1905;-4962;-246;1254;-616;1137;-324;115;2;45;0
2018/10/02/14:06:11.751891;[];0;913;18481;1937;-5084;-274;1216;-623;1209;-81;183;2;45;0
2018/10/02/14:06:11.768307;[];0;2369;16881;4001;-5116;-314;1102;-623;1209;-81;251;2;45;0
2018/10/02/14:06:11.779950;[];0;2561;15505;3825;-5174;-392;1116;-623;1209;-81;63;3;45;0
2018/10/02/14:06:11.792927;[];0;2049;15201;4977;-4988;-372;1120;-578;1235;128;131;3;45;0
2018/10/02/14:06:11.805478;[];0;1041;14417;9473;-5026;-368;1046;-578;1235;128;199;3;45;0
2018/10/02/14:06:11.820992;[];0;-95;14337;9425;-4916;-224;1066;-559;1150;344;11;4;45;0
2018/10/02/14:06:11.833926;[];0;-175;13281;9985;-4794;-64;1196;-559;1150;344;79;4;45;0
2018/10/02/14:06:11.846130;[];0;593;14177;9489;-4856;182;1392;-559;1150;344;146;4;45;0
2018/10/02/14:06:11.857994;[];0;2881;14001;10177;-4756;154;1244;-476;1124;520;214;4;45;0
2018/10/02/14:06:11.874877;[];0;3473;12369;10529;-4620;34;1436;-476;1124;520;43;5;45;0
2018/10/02/14:06:11.893113;[];0;3313;10129;11009;-4472;88;1118;-476;980;722;111;5;45;0
2018/10/02/14:06:11.903034;[];0;3121;8849;13041;-4474;126;1344;-476;980;722;179;5;45;0
2018/10/02/14:06:11.914922;[];0;2481;9233;13697;-4342;144;1302;-476;980;722;247;5;45;0
2018/10/02/14:06:11.928334;[];0;1857;9169;14129;-4198;388;1296;-412;849;851;59;6;45;0
2018/10/02/14:06:11.940063;[];0;1953;7809;14977;-4266;438;1362;-412;849;851;110;6;45;0
2018/10/02/14:06:11.955910;[];0;2433;7121;14177;-4154;352;1218;-367;777;1020;195;6;45;0
2018/10/02/14:06:11.969089;[];0;2769;6705;14657;-4018;498;1284;-367;777;1020;7;7;45;0
2018/10/02/14:06:11.981135;[];0;3265;5489;14161;-3934;702;942;-373;647;1114;92;7;45;0
2018/10/02/14:06:11.992948;[];0;2849;4113;13489;-3982;600;770;-373;647;1114;160;7;45;0
2018/10/02/14:06:12.009891;[];0;3457;3009;13025;-3912;584;660;-373;647;1114;228;7;45;0
2018/10/02/14:06:12.022137;[];0;3809;3425;11921;-3834;510;594;-392;424;1141;40;8;45;0
2018/10/02/14:06:12.033981;[];0;4177;2337;13009;-3794;488;346;-392;424;1141;108;8;45;0
2018/10/02/14:06:12.046914;[];0;3825;1041;13169;-3822;354;572;-380;339;1216;193;8;45;0
2018/10/02/14:06:12.064197;[];0;2865;513;13809;-3840;270;434;-380;339;1216;244;8;45;0
2018/10/02/14:06:12.074998;[];0;1921;-495;14225;-3880;308;262;-380;339;1216;73;9;45;0
2018/10/02/14:06:12.087895;[];0;1057;-1503;13457;-3870;418;210;-405;143;1243;124;9;45;0
2018/10/02/14:06:12.100045;[];0;1201;-2415;13969;-3756;306;132;-405;143;1243;192;9;45;0
2018/10/02/14:06:12.116127;[];0;785;-2447;12529;-3678;356;116;-431;-32;1324;4;10;45;0
2018/10/02/14:06:12.128267;[];0;401;-3183;13377;-3706;274;86;-431;-32;1324;72;10;45;0
2018/10/02/14:06:12.140938;[];0;801;-4383;14273;-3678;330;22;-431;-32;1324;140;10;45;0
2018/10/02/14:06:12.152970;[];0;705;-4767;13009;-3588;264;78;-444;-209;1256;208;10;45;0
2018/10/02/14:06:12.168927;[];0;753;-5295;12641;-3676;342;-4;-444;-209;1256;20;11;45;0
2018/10/02/14:06:12.181906;[];0;401;-6095;11233;-3646;412;156;-444;-209;1256;88;11;45;0
2018/10/02/14:06:12.194113;[];0;209;-6927;11009;-3552;392;232;-476;-366;1243;173;11;45;0
2018/10/02/14:06:12.205994;[];0;481;-8335;12449;-3472;462;90;-476;-366;1243;241;11;45;0
2018/10/02/14:06:12.218891;[];0;657;-8991;11313;-3522;500;294;-424;-549;1229;53;12;45;0
2018/10/02/14:06:12.235149;[];0;-239;-11343;12097;-3586;612;284;-424;-549;1229;121;12;45;0
2018/10/02/14:06:12.247031;[];0;865;-11535;10865;-3580;458;318;-469;-679;1108;189;12;45;0
2018/10/02/14:06:12.259926;[];0;913;-10319;7953;-3552;598;484;-469;-679;1108;1;13;45;0
2018/10/02/14:06:12.272205;[];0;1185;-10927;10321;-3604;492;530;-469;-679;1108;69;13;45;0
2018/10/02/14:06:12.288111;[];0;1;-11439;7985;-3548;526;526;-482;-836;1027;137;13;45;0
2018/10/02/14:06:12.299921;[];0;321;-11407;9489;-3508;590;530;-482;-836;1027;205;13;45;0
2018/10/02/14:06:12.312882;[];0;977;-11951;8353;-3642;518;406;-565;-934;932;17;14;45;0
2018/10/02/14:06:12.325215;[];0;1249;-12591;7425;-3650;480;402;-565;-934;932;85;14;45;0
2018/10/02/14:06:12.341005;[];0;1873;-14031;7905;-3660;546;434;-565;-934;932;153;14;45;0
2018/10/02/14:06:12.353922;[];0;721;-14351;4849;-3498;394;326;-552;-1065;797;221;14;45;0
2018/10/02/14:06:12.366165;[];0;1409;-14335;6849;-3338;438;192;-552;-1065;797;33;15;45;0
2018/10/02/14:06:12.378228;[];0;961;-15743;4593;-3418;264;240;-552;-1065;797;101;15;45;0
2018/10/02/14:06:12.394932;[];0;-1183;-18191;4977;-3106;538;284;-591;-1124;722;186;15;45;0
2018/10/02/14:06:12.407193;[];0;-495;-19759;5329;-2836;438;336;-591;-1124;722;254;15;45;0
2018/10/02/14:06:12.419109;[];0;353;-18175;3473;-2578;334;414;-635;-1215;574;66;16;45;0
2018/10/02/14:06:12.431956;[];0;257;-17119;3393;-1980;396;234;-635;-1215;574;134;16;45;0
2018/10/02/14:06:12.449565;[];0;401;-17999;1937;-1628;376;330;-654;-1248;418;202;16;45;0
2018/10/02/14:06:12.460006;[];0;-127;-18623;529;-1230;220;384;-654;-1248;418;14;17;45;0
2018/10/02/14:06:12.472895;[];0;-111;-17935;129;-1028;122;202;-654;-1248;418;82;17;45;0
2018/10/02/14:06:12.485098;[];0;1009;-11087;-2031;-616;34;532;-654;-1248;418;150;17;45;0
2018/10/02/14:06:12.501012;[];0;-367;-17519;305;-630;-24;364;-654;-1248;418;218;17;45;0
2018/10/02/14:06:12.512907;[];0;-2047;-21983;-1519;-264;-56;410;-654;-1254;371;30;18;45;0
2018/10/02/14:06:12.525891;[];0;-2303;-18863;-751;16;-166;566;-654;-1254;371;98;18;45;0
2018/10/02/14:06:12.538278;[];0;-2223;-17407;-207;474;-200;454;-654;-1254;371;166;18;45;0
2018/10/02/14:06:12.549930;[];0;-3375;-17967;-1855;744;-44;248;-629;-1228;385;234;18;45;0
2018/10/02/14:06:12.566894;[];0;-3183;-18175;1057;1092;-180;234;-629;-1228;385;46;19;45;0
2018/10/02/14:06:12.579167;[];0;-3471;-18911;-95;1442;-300;164;-629;-1228;385;114;19;45;0
2018/10/02/14:06:12.591006;[];0;-3471;-17455;1569;1684;-402;-60;-642;-1196;432;182;19;45;0
2018/10/02/14:06:12.603905;[];0;-3135;-18559;3377;1898;-278;-316;-642;-1196;432;11;20;45;0
2018/10/02/14:06:12.620202;[];0;-3231;-17807;1873;2126;-268;-618;-686;-1183;520;79;20;45;0
2018/10/02/14:06:12.632069;[];0;-2367;-17535;4561;2374;-250;-750;-686;-1183;520;147;20;45;0
2018/10/02/14:06:12.644963;[];0;-1295;-18223;4257;2472;-132;-820;-667;-1150;587;215;20;45;0
2018/10/02/14:06:12.656887;[];0;-1679;-17887;5169;2668;-186;-846;-667;-1150;587;27;21;45;0
2018/10/02/14:06:12.673075;[];0;-1247;-18383;6721;2894;-164;-970;-667;-1150;587;112;21;45;0
2018/10/02/14:06:12.684960;[];0;-879;-17935;6417;3168;-236;-1192;-610;-1143;716;163;21;45;0
2018/10/02/14:06:12.698047;[];0;-127;-17055;8721;3370;-62;-1198;-610;-1143;716;231;21;45;0
2018/10/02/14:06:12.710116;[];0;-1135;-16175;8049;3488;6;-1314;-546;-1071;783;43;22;45;0
2018/10/02/14:06:12.725951;[];0;-1327;-15119;10401;3610;138;-1388;-546;-1071;783;111;22;45;0
2018/10/02/14:06:12.738900;[];0;-783;-14271;9969;3818;114;-1456;-546;-1071;783;179;22;45;0
2018/10/02/14:06:12.751308;[];0;65;-13775;11569;3922;330;-1580;-507;-1000;905;247;22;45;0
2018/10/02/14:06:12.763071;[];0;897;-13167;12241;4174;334;-1618;-507;-1000;905;59;23;45;0
2018/10/02/14:06:12.780035;[];0;1313;-13103;12321;4218;520;-1704;-507;-1000;905;127;23;45;0
2018/10/02/14:06:12.792179;[];0;2721;-12719;13825;4282;574;-1636;-463;-856;1006;195;23;45;0
2018/10/02/14:06:12.804079;[];0;3361;-12143;13713;4204;618;-1706;-463;-856;1006;24;24;45;0
2018/10/02/14:06:12.816928;[];0;3841;-11231;13521;4148;626;-1660;-539;-751;1121;92;24;45;0
2018/10/02/14:06:12.828881;[];0;3953;-10191;14097;4254;796;-1716;-539;-751;1121;160;24;45;0
2018/10/02/14:06:12.845143;[];0;3265;-8943;13649;4166;688;-1744;-514;-601;1222;228;24;45;0
2018/10/02/14:06:12.858049;[];0;2609;-7631;14689;4272;820;-1804;-514;-601;1222;40;25;45;0
2018/10/02/14:06:12.869934;[];0;3713;-7055;17185;4118;780;-1798;-514;-601;1222;108;25;45;0
2018/10/02/14:06:12.882302;[];0;4161;-6431;16193;3850;866;-1666;-520;-464;1236;193;25;45;0
2018/10/02/14:06:12.898035;[];0;3745;-6159;15601;3736;948;-1820;-520;-464;1236;244;25;45;0
2018/10/02/14:06:12.910969;[];0;4193;-5311;14561;3430;962;-1796;-520;-287;1243;56;26;45;0
2018/10/02/14:06:12.923485;[];0;3345;-4607;13489;3108;852;-1670;-520;-287;1243;124;26;45;0
2018/10/02/14:06:12.935151;[];0;2577;-4031;14193;2994;850;-1492;-520;-287;1243;192;26;45;0
2018/10/02/14:06:12.951923;[];0;1713;-3263;14193;2734;748;-1452;-520;-169;1270;4;27;45;0
2018/10/02/14:06:12.964194;[];0;1969;-2831;14737;2244;814;-1324;-520;-169;1270;72;27;45;0
2018/10/02/14:06:12.976089;[];0;1201;-2511;14673;1966;782;-1078;-520;-169;1270;140;27;45;0
2018/10/02/14:06:13.082980;[];0;-623;721;14513;-22;150;364;-648;39;1195;172;29;45;0
2018/10/02/14:06:13.098961;[];0;-591;929;14913;-104;112;686;-648;39;1195;35;30;45;0
2018/10/02/14:06:13.110952;[];0;-239;497;15473;-84;160;678;-693;13;1195;86;30;45;0
2018/10/02/14:06:13.124077;[];0;257;945;14833;-124;176;782;-693;13;1195;137;30;45;0
2018/10/02/14:06:13.135915;[];0;273;753;14241;-146;40;806;-693;13;1195;222;30;45;0
2018/10/02/14:06:13.152501;[];0;33;609;14625;-190;-98;950;-699;52;1195;34;31;45;0
2018/10/02/14:06:13.165092;[];0;-143;1489;14673;-222;-162;1074;-699;52;1195;102;31;45;0
2018/10/02/14:06:13.176942;[];0;385;1345;14961;-286;-224;1090;-642;26;1229;170;31;45;0
2018/10/02/14:06:13.189210;[];0;369;1281;15393;-338;-182;1030;-642;26;1229;238;31;45;0
2018/10/02/14:06:13.202108;[];0;-127;641;15553;-308;-162;1086;-642;26;1229;50;32;45;0
2018/10/02/14:06:13.218093;[];0;-735;513;15857;-242;-198;1112;-667;65;1209;118;32;45;0
2018/10/02/14:06:13.230194;[];0;-1743;1233;16209;-346;-156;942;-667;65;1209;186;32;45;0
2018/10/02/14:06:13.243147;[];0;-1935;1345;16513;-198;-18;1036;-629;84;1209;254;32;45;0
2018/10/02/14:06:13.254939;[];0;-1023;1313;16289;-314;-10;880;-629;84;1209;66;33;45;0
2018/10/02/14:06:13.271067;[];0;-783;1521;16113;-288;102;806;-629;84;1209;134;33;45;0
2018/10/02/14:06:13.283151;[];0;-559;1441;15697;-342;-34;726;-629;78;1195;202;33;45;0
2018/10/02/14:06:13.295996;[];0;-351;1377;16177;-334;42;692;-629;78;1195;13;34;45;0
2018/10/02/14:06:13.307923;[];0;257;1441;17377;-366;-36;518;-654;58;1222;81;34;45;0
2018/10/02/14:06:13.324189;[];0;705;449;17457;-258;-28;476;-654;58;1222;149;34;45;0
2018/10/02/14:06:13.337031;[];0;1377;129;17121;-58;206;374;-654;58;1222;234;34;45;0
2018/10/02/14:06:13.348963;[];0;1233;801;16689;18;74;298;-623;65;1209;46;35;45;0
2018/10/02/14:06:13.361511;[];0;1553;1585;15937;106;-166;276;-623;65;1209;114;35;45;0
2018/10/02/14:06:13.378222;[];0;2017;1937;16481;178;-312;230;-642;91;1209;182;35;45;0
2018/10/02/14:06:13.389932;[];0;1025;2641;16385;338;-188;-86;-642;91;1209;250;35;45;0
2018/10/02/14:06:13.402359;[];0;1793;2417;16321;426;-244;-82;-642;91;1209;62;36;45;0
2018/10/02/14:06:13.415122;[];0;1377;2097;16049;218;-386;-230;-635;78;1229;130;36;45;0
2018/10/02/14:06:13.430917;[];0;1377;2097;16081;284;-336;-500;-635;78;1229;198;36;45;0
2018/10/02/14:06:13.443158;[];0;209;2209;15697;180;-478;-574;-603;104;1243;10;37;45;0
2018/10/02/14:06:13.455293;[];0;-607;5425;15249;192;-362;-854;-603;104;1243;78;37;45;0
2018/10/02/14:06:13.467957;[];0;-383;1873;18321;180;-448;-930;-603;104;1243;146;37;45;0
2018/10/02/14:06:13.479912;[];0;993;401;16897;114;-356;-1090;-603;104;1256;214;37;45;0
2018/10/02/14:06:13.496120;[];0;1377;4177;18353;114;-246;-1268;-603;104;1256;26;38;45;0
2018/10/02/14:06:13.508972;[];0;961;5361;18737;110;-110;-1560;-603;71;1250;111;38;45;0
2018/10/02/14:06:13.520909;[];0;-527;4865;16481;178;-186;-1570;-603;71;1250;162;38;45;0
2018/10/02/14:06:13.533145;[];0;-191;3249;17841;262;-94;-1744;-603;71;1250;230;38;45;0
2018/10/02/14:06:13.549966;[];0;1073;3457;16881;46;-136;-1942;-565;78;1250;59;39;45;0
2018/10/02/14:06:13.561926;[];0;737;2977;16881;56;-70;-2164;-565;78;1250;127;39;45;0
2018/10/02/14:06:13.574352;[];0;81;3041;15841;82;-56;-2410;-597;39;1277;195;39;45;0
2018/10/02/14:06:13.587075;[];0;849;1681;17217;100;60;-2506;-597;39;1277;7;40;45;0
2018/10/02/14:06:13.602951;[];0;769;1953;16657;230;48;-2706;-597;39;1277;75;40;45;0
2018/10/02/14:06:13.615502;[];0;929;1553;16001;182;100;-2682;-616;6;1256;143;40;45;0
2018/10/02/14:06:13.628081;[];0;913;1569;16561;296;88;-2830;-616;6;1256;211;40;45;0
2018/10/02/14:06:13.639968;[];0;625;529;14545;236;64;-2780;-616;-58;1283;23;41;45;0
2018/10/02/14:06:13.656195;[];0;1089;385;15617;258;114;-2790;-616;-58;1283;91;41;45;0
2018/10/02/14:06:13.668111;[];0;545;385;15521;368;14;-2928;-616;-58;1283;159;41;45;0
2018/10/02/14:06:13.680989;[];0;657;97;15553;376;68;-2892;-642;-104;1216;227;41;45;0
2018/10/02/14:06:13.692947;[];0;849;-31;15617;428;144;-2808;-642;-104;1216;39;42;45;0
2018/10/02/14:06:13.709146;[];0;721;273;14769;320;-6;-2806;-629;-124;1256;107;42;45;0
2018/10/02/14:06:13.722140;[];0;273;-47;15489;362;28;-2926;-629;-124;1256;175;42;45;0
2018/10/02/14:06:13.733946;[];0;641;385;15345;334;100;-2992;-629;-124;1256;243;42;45;0
2018/10/02/14:06:13.746186;[];0;1217;177;15617;440;26;-3028;-635;-215;1270;72;43;45;0
2018/10/02/14:06:13.763154;[];0;2305;465;16465;380;-102;-2858;-635;-215;1270;140;43;45;0
2018/10/02/14:06:13.774955;[];0;2833;433;15553;474;-30;-2976;-623;-248;1277;208;43;45;0
2018/10/02/14:06:13.787173;[];0;2289;-63;13761;398;-38;-2846;-623;-248;1277;20;44;45;0
2018/10/02/14:06:13.800048;[];0;1761;1;14113;314;-224;-2900;-623;-248;1277;88;44;45;0
2018/10/02/14:06:13.811925;[];0;1057;1153;14145;268;-240;-2922;-597;-294;1277;156;44;45;0
2018/10/02/14:06:13.828535;[];0;881;1105;14769;388;-260;-2940;-597;-294;1277;224;44;45;0
2018/10/02/14:06:13.840098;[];0;1089;993;14497;306;-212;-2988;-559;-333;1304;36;45;45;0
2018/10/02/14:06:13.852982;[];0;1105;-335;15345;252;-336;-2906;-559;-333;1304;104;45;45;0
2018/10/02/14:06:13.865250;[];0;1505;1425;10273;132;-302;-3042;-559;-333;1304;172;45;45;0
2018/10/02/14:06:13.881195;[];0;977;-991;13729;-114;22;-2912;-539;-385;1256;240;45;45;0
2018/10/02/14:06:13.893979;[];0;-1247;-1343;9233;302;-138;-2822;-539;-385;1256;52;46;45;0
2018/10/02/14:06:13.906001;[];0;-2367;-1247;15489;274;32;-2760;-533;-398;1317;120;46;45;0
2018/10/02/14:06:13.918085;[];0;-2111;-751;16257;610;70;-2714;-533;-398;1317;188;46;45;0
2018/10/02/14:06:13.934968;[];0;-1567;-47;18609;782;64;-2598;-533;-398;1317;0;47;45;0
2018/10/02/14:06:13.946914;[];0;-3023;6273;20609;734;164;-2592;-507;-444;1324;68;47;45;0
2018/10/02/14:06:13.959108;[];0;-2431;-1823;17441;942;296;-2422;-507;-444;1324;153;47;45;0
2018/10/02/14:06:13.972044;[];0;-2159;-623;11793;758;122;-2402;-476;-444;1317;221;47;45;0
2018/10/02/14:06:13.987932;[];0;-2911;225;14545;834;108;-2346;-476;-444;1317;33;48;45;0
2018/10/02/14:06:14.000430;[];0;-3407;1441;16017;754;130;-2150;-476;-444;1317;101;48;45;0
2018/10/02/14:06:14.013079;[];0;-3135;2321;19169;796;338;-2142;-488;-450;1310;169;48;45;0
2018/10/02/14:06:14.024961;[];0;-2271;2689;19569;880;216;-1984;-488;-450;1310;237;48;45;0
2018/10/02/14:06:14.041408;[];0;-2415;2721;18177;728;172;-1906;-444;-424;1310;49;49;45;0
2018/10/02/14:06:14.053169;[];0;-3727;2817;17297;604;206;-1732;-444;-424;1310;117;49;45;0
2018/10/02/14:06:14.065940;[];0;-2815;3585;13409;650;90;-1774;-444;-424;1310;185;49;45;0
2018/10/02/14:06:14.078123;[];0;-3743;4481;14417;592;8;-1812;-456;-444;1304;253;49;45;0
2018/10/02/14:06:14.090115;[];0;-2815;5281;12513;586;-180;-1818;-456;-444;1304;65;50;45;0
2018/10/02/14:06:14.106999;[];0;-1999;4961;14977;288;-124;-1780;-412;-437;1344;133;50;45;0
2018/10/02/14:06:14.119032;[];0;-1599;4961;16929;218;-242;-1956;-412;-437;1344;201;50;45;0
2018/10/02/14:06:14.131201;[];0;-4031;4673;15873;-18;-308;-1884;-386;-424;1331;64;51;45;0
2018/10/02/14:06:14.143925;[];0;-4991;3329;14753;-38;-208;-2024;-386;-424;1331;115;51;45;0
2018/10/02/14:06:14.159925;[];0;-4927;4433;15073;-60;-158;-1910;-386;-424;1331;166;51;45;0
2018/10/02/14:06:14.172237;[];0;-5519;5585;18033;-104;-66;-1948;-316;-483;1310;234;51;45;0
2018/10/02/14:06:14.185004;[];0;-6303;5521;16929;-98;-48;-2044;-316;-483;1310;46;52;45;0
2018/10/02/14:06:14.196925;[];0;-2447;3697;15361;-308;30;-1976;-316;-483;1310;114;52;45;0
2018/10/02/14:06:14.214644;[];0;-3007;3329;16401;-240;142;-1918;-354;-509;1371;182;52;45;0
2018/10/02/14:06:14.225068;[];0;-5935;5153;16161;-232;266;-2050;-354;-509;1371;250;52;45;0
2018/10/02/14:06:14.238268;[];0;-5855;3041;17489;-286;410;-1986;-297;-562;1344;96;53;45;0
2018/10/02/14:06:14.250078;[];0;-5535;2657;17009;-286;338;-1918;-297;-562;1344;147;53;45;0
2018/10/02/14:06:14.266085;[];0;-4783;3697;17153;-372;378;-1870;-297;-562;1344;198;53;45;0
2018/10/02/14:06:14.278932;[];0;-5199;3073;16241;-426;550;-2204;-284;-568;1378;10;54;45;0
2018/10/02/14:06:14.290997;[];0;-5119;2913;15889;-430;510;-2228;-284;-568;1378;78;54;45;0
2018/10/02/14:06:14.303102;[];0;-5359;2337;15297;-440;488;-2164;-277;-620;1337;146;54;45;0
2018/10/02/14:06:14.319958;[];0;-5935;2737;15889;-548;570;-2298;-277;-620;1337;214;54;45;0
2018/10/02/14:06:14.331932;[];0;-5887;3041;15377;-400;712;-2374;-277;-620;1337;26;55;45;0
2018/10/02/14:06:14.344139;[];0;-5167;2001;14833;-410;658;-2456;-290;-686;1310;94;55;45;0
2018/10/02/14:06:14.357004;[];0;-5167;1489;14913;-522;674;-2648;-290;-686;1310;162;55;45;0
2018/10/02/14:06:14.372895;[];0;-5311;833;14433;-482;662;-2828;-246;-745;1324;247;55;45;0
2018/10/02/14:06:14.385107;[];0;-5407;353;14817;-400;764;-2792;-246;-745;1324;59;56;45;0
2018/10/02/14:06:14.401982;[];0;-5487;-175;14177;-406;654;-2942;-207;-797;1297;144;56;45;0
2018/10/02/14:06:14.413920;[];0;-5103;-655;13697;-482;782;-3034;-207;-797;1297;212;56;45;0
2018/10/02/14:06:14.426122;[];0;-4399;-1887;14145;-410;786;-3186;-207;-797;1297;24;57;45;0
2018/10/02/14:06:14.438307;[];0;-5023;-2991;13089;-334;742;-3154;-201;-849;1324;92;57;45;0
2018/10/02/14:06:14.454934;[];0;-5039;-3535;14065;-258;722;-3186;-201;-849;1324;160;57;45;0
2018/10/02/14:06:14.467151;[];0;-5071;-4223;14449;-250;748;-2978;-201;-849;1324;228;57;45;0
2018/10/02/14:06:14.479016;[];0;-5455;-4687;13809;-206;796;-3098;-137;-875;1290;40;58;45;0
2018/10/02/14:06:14.491928;[];0;-5087;-5455;14481;-70;800;-3048;-137;-875;1290;108;58;45;0
2018/10/02/14:06:14.508329;[];0;-4319;-6063;12817;-146;732;-2892;-92;-888;1310;176;58;45;0
2018/10/02/14:06:14.520033;[];0;-4463;-6223;13009;44;898;-2888;-92;-888;1310;244;58;45;0
2018/10/02/14:06:14.532929;[];0;-4879;-6431;12657;-80;700;-2692;-92;-888;1310;56;59;45;0
2018/10/02/14:06:14.545181;[];0;-4799;-6399;12593;58;842;-2520;-28;-901;1270;124;59;45;0
2018/10/02/14:06:14.561092;[];0;-4671;-6671;12369;28;778;-2512;-28;-901;1270;192;59;45;0
2018/10/02/14:06:14.573204;[];0;-5279;-6943;12145;76;736;-2324;28;-921;1250;4;60;45;0
2018/10/02/14:06:14.586221;[];0;-5455;-6559;12257;182;850;-2452;28;-921;1250;72;60;45;0
2018/10/02/14:06:14.598120;[];0;-5519;-6607;12289;224;740;-2314;67;-869;1250;157;60;45;0
2018/10/02/14:06:14.609979;[];0;-4751;-6351;11889;236;622;-2374;67;-869;1250;225;60;45;0
2018/10/02/14:06:14.627281;[];0;-4671;-6383;12305;224;648;-2192;67;-869;1250;37;61;45;0
2018/10/02/14:06:14.639120;[];0;-4239;-5903;11361;214;500;-2284;35;-882;1263;105;61;45;0
2018/10/02/14:06:14.651047;[];0;-4239;-6047;13025;20;518;-2142;35;-882;1263;173;61;45;0
2018/10/02/14:06:14.663927;[];0;-4639;-6031;11921;54;460;-2226;35;-882;1263;241;61;45;0
2018/10/02/14:06:14.680199;[];0;-4911;-6255;12081;-16;396;-2248;105;-875;1283;53;62;45;0
2018/10/02/14:06:14.692033;[];0;-4415;-6431;12401;-140;476;-2404;105;-875;1283;121;62;45;0
2018/10/02/14:06:14.704976;[];0;-5087;-6271;11393;-318;306;-2252;182;-875;1256;189;62;45;0
2018/10/02/14:06:14.717684;[];0;-4831;-5967;12033;-420;300;-2320;182;-875;1256;1;63;45;0
2018/10/02/14:06:14.733045;[];0;-4495;-5951;12065;-478;184;-2218;182;-875;1256;69;63;45;0
2018/10/02/14:06:14.745965;[];0;-4479;-6415;11617;-550;176;-2276;220;-862;1250;137;63;45;0
2018/10/02/14:06:14.758672;[];0;-4239;-6911;11473;-626;132;-2294;220;-862;1250;204;63;45;0
2018/10/02/14:06:14.770139;[];0;-4159;-7295;11313;-682;140;-2408;297;-875;1290;16;64;45;0
2018/10/02/14:06:14.786975;[];0;-3727;-7343;11553;-822;-6;-2550;297;-875;1290;84;64;45;0
2018/10/02/14:06:14.799229;[];0;-2703;-7183;12673;-948;-98;-2540;322;-875;1189;169;64;45;0
2018/10/02/14:06:14.811129;[];0;-3103;-8335;11489;-894;-44;-2698;322;-875;1189;237;64;45;0
2018/10/02/14:06:14.822994;[];0;-2687;-8463;12081;-1026;96;-2810;322;-875;1189;49;65;45;0
2018/10/02/14:06:14.840099;[];0;-2495;-8735;12337;-948;100;-2818;456;-921;1209;117;65;45;0
2018/10/02/14:06:14.852072;[];0;-1807;-9055;12097;-972;58;-2790;456;-921;1209;185;65;45;0
2018/10/02/14:06:14.864073;[];0;-911;-10399;12017;-944;218;-3040;495;-960;1175;31;66;45;0
2018/10/02/14:06:14.876941;[];0;-863;-10767;11809;-1214;326;-2968;495;-960;1175;82;66;45;0
2018/10/02/14:06:14.894983;[];0;-1023;-11647;11745;-1156;426;-3054;495;-960;1175;133;66;45;0
2018/10/02/14:06:14.905132;[];0;-911;-12063;11313;-1210;398;-3022;559;-869;1141;201;66;45;0
2018/10/02/14:06:14.917944;[];0;-207;-12783;10865;-1154;456;-3032;559;-869;1141;13;67;45;0
2018/10/02/14:06:14.929944;[];0;1169;-12895;9473;-1136;360;-2998;559;-869;1141;81;67;45;0
2018/10/02/14:06:14.942210;[];0;1377;-13807;9729;-1072;438;-2984;591;-875;1121;149;67;45;0
2018/10/02/14:06:14.958983;[];0;1729;-14159;10049;-1056;338;-2918;591;-875;1121;217;67;45;0
2018/10/02/14:06:14.970926;[];0;2001;-14479;9889;-916;282;-2796;667;-843;1094;29;68;45;0
2018/10/02/14:06:14.983317;[];0;1553;-13599;11041;-904;402;-2826;667;-843;1094;97;68;45;0
2018/10/02/14:06:14.995190;[];0;2289;-14495;10833;-862;422;-2718;757;-816;1054;182;68;45;0
2018/10/02/14:06:15.011942;[];0;2849;-14159;9713;-938;348;-2528;757;-816;1054;250;68;45;0
2018/10/02/14:06:15.024167;[];0;3025;-14959;11233;-940;358;-2458;757;-816;1054;62;69;45;0
2018/10/02/14:06:15.036089;[];0;4385;-14159;9729;-876;402;-2300;801;-790;1020;130;69;45;0
2018/10/02/14:06:15.048960;[];0;3985;-14431;9585;-950;420;-2262;801;-790;1020;198;69;45;0
2018/10/02/14:06:15.065220;[];0;4609;-14335;8993;-852;438;-2032;814;-718;1054;10;70;45;0
2018/10/02/14:06:15.077118;[];0;4705;-13967;8913;-858;324;-2116;814;-718;1054;78;70;45;0
2018/10/02/14:06:15.089984;[];0;4945;-13247;8929;-856;376;-2100;814;-718;1054;146;70;45;0
2018/10/02/14:06:15.101975;[];0;5585;-13007;9393;-842;378;-2122;859;-718;1020;214;70;45;0
2018/10/02/14:06:15.118223;[];0;5313;-12991;8353;-1094;338;-1962;859;-718;1020;26;71;45;0
2018/10/02/14:06:15.131044;[];0;5361;-12639;7745;-1274;180;-1922;859;-718;1020;94;71;45;0
2018/10/02/14:06:15.142971;[];0;5009;-13023;6401;-1456;184;-1902;923;-699;1033;162;71;45;0
2018/10/02/14:06:15.155547;[];0;5585;-12975;6593;-1516;206;-1906;923;-699;1033;230;71;45;0
2018/10/02/14:06:15.172060;[];0;6305;-12431;4849;-1682;62;-1952;948;-666;1020;42;72;45;0
2018/10/02/14:06:15.183960;[];0;7393;-12767;5169;-1652;0;-2036;948;-666;1020;110;72;45;0
2018/10/02/14:06:15.196171;[];0;8065;-12527;5105;-1630;-56;-2164;948;-666;1020;178;72;45;0
2018/10/02/14:06:15.208248;[];0;7585;-12703;5745;-1522;-106;-2314;1012;-627;952;7;73;45;0
2018/10/02/14:06:15.220991;[];0;7569;-14559;6369;-1670;40;-2170;1012;-627;952;75;73;45;0
2018/10/02/14:06:15.237282;[];0;8625;-14959;4465;-1802;76;-2144;1019;-686;945;143;73;45;0
2018/10/02/14:06:15.249156;[];0;9345;-13855;5825;-1790;170;-2104;1019;-686;945;211;73;45;0
2018/10/02/14:06:15.262012;[];0;10561;-13807;4337;-1770;134;-2074;1063;-653;844;23;74;45;0
2018/10/02/14:06:15.273933;[];0;11393;-13759;3905;-1610;200;-1946;1063;-653;844;91;74;45;0
2018/10/02/14:06:15.290187;[];0;10017;-13871;4753;-1536;240;-1900;1063;-653;844;159;74;45;0
2018/10/02/14:06:15.303040;[];0;9297;-14895;3905;-1466;358;-1762;1108;-581;891;227;74;45;0
2018/10/02/14:06:15.314972;[];0;10737;-13647;6001;-1356;526;-1808;1108;-581;891;39;75;45;0
2018/10/02/14:06:15.327385;[];0;11201;-13503;4849;-1176;488;-1568;1108;-581;891;107;75;45;0
2018/10/02/14:06:15.344045;[];0;12545;-12655;5153;-1042;562;-1454;1095;-607;891;175;75;45;0
2018/10/02/14:06:15.355971;[];0;12481;-12719;4897;-968;514;-1226;1095;-607;891;243;75;45;0
2018/10/02/14:06:15.368361;[];0;11041;-12895;3297;-922;676;-1252;1121;-568;837;55;76;45;0
2018/10/02/14:06:15.380139;[];0;10961;-12927;4913;-1006;700;-1246;1121;-568;837;123;76;45;0
2018/10/02/14:06:15.396972;[];0;11137;-10975;3585;-1018;666;-1146;1121;-568;837;191;76;45;0
2018/10/02/14:06:15.409142;[];0;11473;-10127;3249;-1094;688;-1028;1076;-575;885;20;77;45;0
2018/10/02/14:06:15.421178;[];0;12241;-9903;3985;-1074;672;-1112;1076;-575;885;88;77;45;0
2018/10/02/14:06:15.434009;[];0;12209;-10239;2513;-1094;450;-1030;1108;-555;905;156;77;45;0
2018/10/02/14:06:15.450235;[];0;12625;-11343;2609;-1318;512;-1134;1108;-555;905;224;77;45;0
2018/10/02/14:06:15.462190;[];0;12865;-10431;1873;-1360;428;-1108;1095;-535;871;36;78;45;0
2018/10/02/14:06:15.475035;[];0;12145;-9983;3281;-1516;454;-1006;1095;-535;871;104;78;45;0
2018/10/02/14:06:15.486967;[];0;12209;-10911;2545;-1556;332;-928;1095;-535;871;172;78;45;0
2018/10/02/14:06:15.499290;[];0;13041;-10767;2433;-1552;270;-912;1115;-535;831;240;78;45;0
2018/10/02/14:06:15.516042;[];0;12865;-11231;2897;-1632;214;-724;1115;-535;831;52;79;45;0
2018/10/02/14:06:15.528131;[];0;12689;-12367;1233;-1782;100;-548;1115;-535;831;120;79;45;0
2018/10/02/14:06:15.540410;[];0;12545;-11407;1841;-2040;-74;-480;1121;-588;864;188;79;45;0
2018/10/02/14:06:15.553200;[];0;12305;-12047;1025;-2038;-100;-298;1121;-588;864;0;80;45;0
2018/10/02/14:06:15.568983;[];0;12705;-10911;465;-2082;-310;-274;1140;-660;804;68;80;45;0
2018/10/02/14:06:15.581271;[];0;13009;-11423;-255;-2310;-448;-68;1140;-660;804;136;80;45;0
2018/10/02/14:06:15.593196;[];0;14241;-11247;-1471;-2202;-648;16;1140;-660;804;204;80;45;0
2018/10/02/14:06:15.605973;[];0;13793;-11567;-703;-2218;-788;40;1153;-686;736;16;81;45;0
2018/10/02/14:06:15.622280;[];0;13537;-12351;-1839;-2374;-686;146;1153;-686;736;101;81;45;0
2018/10/02/14:06:15.634165;[];0;13681;-11119;-335;-2370;-838;152;1172;-745;641;169;81;45;0
2018/10/02/14:06:15.647037;[];0;12337;-10751;-575;-2470;-964;224;1172;-745;641;237;81;45;0
2018/10/02/14:06:15.658968;[];0;11921;-10223;-431;-2488;-774;326;1185;-816;554;49;82;45;0
2018/10/02/14:06:15.675240;[];0;12673;-11471;-1647;-2502;-894;272;1185;-816;554;117;82;45;0
2018/10/02/14:06:15.688032;[];0;13745;-12319;-2159;-2602;-900;454;1185;-816;554;185;82;45;0
2018/10/02/14:06:15.699988;[];0;13281;-10687;-3119;-2616;-898;592;1185;-836;452;31;83;45;0
2018/10/02/14:06:15.712470;[];0;12689;-10943;-1487;-2520;-864;640;1185;-836;452;82;83;45;0
2018/10/02/14:06:15.729083;[];0;10401;-10415;-2319;-2626;-978;818;1185;-836;452;133;83;45;0
2018/10/02/14:06:15.740975;[];0;7825;-9791;-1695;-2520;-802;792;1223;-934;337;201;83;45;0
2018/10/02/14:06:15.753227;[];0;8161;-10255;-3839;-2606;-872;842;1223;-934;337;13;84;45;0
2018/10/02/14:06:15.765189;[];0;10737;-11455;-7279;-2850;-876;854;1198;-1013;243;81;84;45;0
2018/10/02/14:06:15.781969;[];0;11473;-10079;-9663;-2828;-1048;878;1198;-1013;243;149;84;45;0
2018/10/02/14:06:15.794259;[];0;10785;-9919;-9135;-2820;-1242;984;1198;-1013;243;217;84;45;0
2018/10/02/14:06:15.806198;[];0;9041;-9615;-9759;-2776;-1520;1056;1217;-1013;101;29;85;45;0
2018/10/02/14:06:15.819011;[];0;8225;-10271;-9919;-2836;-1596;958;1217;-1013;101;114;85;45;0
2018/10/02/14:06:15.830954;[];0;7793;-10815;-9935;-2824;-1926;1076;1140;-1052;-94;182;85;45;0
2018/10/02/14:06:15.847195;[];0;6609;-9967;-14383;-2868;-1812;994;1140;-1052;-94;250;85;45;0
2018/10/02/14:06:15.860041;[];0;7745;-9663;-9487;-2812;-1876;1006;1102;-1098;-236;62;86;45;0
2018/10/02/14:06:15.871976;[];0;8673;-9295;-13791;-2878;-2322;1084;1102;-1098;-236;130;86;45;0
2018/10/02/14:06:15.884641;[];0;6721;-9679;-16255;-2748;-2138;1008;1102;-1098;-236;198;86;45;0
2018/10/02/14:06:15.901065;[];0;7857;-10239;-9311;-2854;-2478;956;1031;-1078;-412;10;87;45;0
2018/10/02/14:06:15.913011;[];0;6209;-8207;-16479;-3016;-2602;1014;1031;-1078;-412;78;87;45;0
2018/10/02/14:06:15.925611;[];0;5809;-8735;-10095;-2770;-2376;976;1031;-1078;-412;146;87;45;0
2018/10/02/14:06:15.938323;[];0;5873;-9263;-15439;-2734;-2532;904;923;-1058;-628;214;87;45;0
2018/10/02/14:06:15.953971;[];0;4577;-8415;-17247;-2678;-2252;866;923;-1058;-628;26;88;45;0
2018/10/02/14:06:15.966264;[];0;5713;-7471;-13503;-2612;-2388;634;833;-1013;-790;94;88;45;0
2018/10/02/14:06:15.978293;[];0;3745;-6879;-18655;-2596;-2368;462;833;-1013;-790;162;88;45;0
2018/10/02/14:06:15.991014;[];0;3537;-6559;-14335;-2490;-2306;682;833;-1013;-790;230;88;45;0
2018/10/02/14:06:16.007233;[];0;2897;-6287;-17871;-2380;-2308;440;731;-980;-905;42;89;45;0
2018/10/02/14:06:16.019141;[];0;1953;-6271;-18799;-2274;-2306;300;731;-980;-905;127;89;45;0
2018/10/02/14:06:16.032015;[];0;2449;-5647;-16735;-2102;-2294;178;654;-823;-1040;195;89;45;0
2018/10/02/14:06:16.043976;[];0;1521;-4751;-18495;-2246;-2308;138;654;-823;-1040;7;90;45;0
2018/10/02/14:06:16.060206;[];0;1553;-5439;-15679;-2108;-2420;70;584;-771;-1148;75;90;45;0
2018/10/02/14:06:16.073124;[];0;961;-4591;-18111;-2058;-2368;-28;584;-771;-1148;143;90;45;0
2018/10/02/14:06:16.084993;[];0;737;-3679;-17167;-1888;-2244;-82;584;-771;-1148;211;90;45;0
2018/10/02/14:06:16.097755;[];0;609;-3439;-17247;-1808;-2400;-54;469;-673;-1222;23;91;45;0
2018/10/02/14:06:16.110094;[];0;-95;-3551;-17839;-1670;-2330;54;469;-673;-1222;91;91;45;0
2018/10/02/14:06:16.125979;[];0;-1343;-4031;-16447;-1622;-2176;56;469;-673;-1222;159;91;45;0
2018/10/02/14:06:16.138239;[];0;-1951;-3327;-17503;-1702;-2240;66;297;-601;-1290;227;91;45;0
2018/10/02/14:06:16.150188;[];0;-2063;-2543;-16799;-1680;-2106;90;297;-601;-1290;39;92;45;0
2018/10/02/14:06:16.162975;[];0;-1455;-1663;-16047;-1578;-2108;146;246;-516;-1344;107;92;45;0
2018/10/02/14:06:16.179143;[];0;-2783;-1439;-17407;-1628;-2090;36;246;-516;-1344;175;92;45;0
2018/10/02/14:06:16.191154;[];0;-3039;-1471;-15375;-1592;-1932;-152;246;-516;-1344;243;92;45;0
2018/10/02/14:06:16.204018;[];0;-3663;-1071;-16879;-1548;-1978;18;182;-431;-1371;55;93;45;0
2018/10/02/14:06:16.215943;[];0;-4847;-351;-15663;-1626;-1920;-22;182;-431;-1371;122;93;45;0
2018/10/02/14:06:16.232198;[];0;-5039;-31;-14655;-1556;-1892;-100;28;-366;-1358;207;93;45;0
2018/10/02/14:06:16.245070;[];0;-5887;-575;-15935;-1530;-1942;24;28;-366;-1358;19;94;45;0
2018/10/02/14:06:16.256975;[];0;-6383;-239;-14975;-1598;-1854;-16;-22;-274;-1412;87;94;45;0
2018/10/02/14:06:16.269178;[];0;-6687;673;-15807;-1670;-1782;222;-22;-274;-1412;155;94;45;0
2018/10/02/14:06:16.286069;[];0;-6879;1153;-15615;-1574;-1920;180;-22;-274;-1412;223;94;45;0
2018/10/02/14:06:16.298149;[];0;-6319;1889;-14815;-1698;-1882;202;-124;-196;-1439;35;95;45;0
2018/10/02/14:06:16.310447;[];0;-6223;2513;-14543;-1614;-1900;28;-124;-196;-1439;103;95;45;0
2018/10/02/14:06:16.323109;[];0;-7535;2225;-15647;-1632;-2004;52;-124;-196;-1439;154;95;45;0
2018/10/02/14:06:16.338999;[];0;-7487;1729;-13775;-1820;-2024;60;-226;-98;-1445;239;95;45;0
2018/10/02/14:06:16.351548;[];0;-9343;2737;-17455;-1842;-2088;-14;-226;-98;-1445;51;96;45;0
2018/10/02/14:06:16.363193;[];0;-9199;2257;-12271;-1682;-2160;6;-322;-6;-1391;119;96;45;0
2018/10/02/14:06:16.375999;[];0;-8319;3169;-12543;-1740;-2382;20;-322;-6;-1391;187;96;45;0
2018/10/02/14:06:16.392377;[];0;-9391;3681;-12335;-1546;-2080;72;-322;-6;-1391;255;96;45;0
2018/10/02/14:06:16.404213;[];0;-8975;3329;-8831;-1518;-2278;-40;-488;52;-1378;67;97;45;0
2018/10/02/14:06:16.417023;[];0;-10399;3793;-13343;-1576;-2376;62;-488;52;-1378;135;97;45;0
2018/10/02/14:06:16.428987;[];0;-11743;4769;-10719;-1602;-2108;56;-571;150;-1385;220;97;45;0
2018/10/02/14:06:16.441258;[];0;-11439;5681;-8991;-1726;-2350;188;-571;150;-1385;32;98;45;0
2018/10/02/14:06:16.458175;[];0;-12111;5841;-11839;-1794;-2238;20;-712;228;-1263;100;98;45;0
2018/10/02/14:06:16.469975;[];0;-11343;6449;-8479;-1812;-2264;-44;-712;228;-1263;168;98;45;0
2018/10/02/14:06:16.482193;[];0;-11375;7025;-9375;-2018;-2450;24;-712;228;-1263;236;98;45;0
2018/10/02/14:06:16.495049;[];0;-12063;6913;-7759;-2052;-2382;-36;-840;287;-1270;48;99;45;0
2018/10/02/14:06:16.510983;[];0;-12895;7025;-7407;-2236;-2578;90;-840;287;-1270;116;99;45;0
2018/10/02/14:06:16.523224;[];0;-13439;6897;-6399;-2304;-2396;-226;-948;385;-1101;184;99;45;0
2018/10/02/14:06:16.535137;[];0;-13247;7201;-4399;-2434;-2418;-38;-948;385;-1101;13;100;45;0
2018/10/02/14:06:16.547979;[];0;-13039;7473;-5103;-2416;-2418;-158;-948;385;-1101;64;100;45;0
2018/10/02/14:06:16.564443;[];0;-13071;7057;-3167;-2510;-2502;-170;-1025;444;-1013;132;100;45;0
2018/10/02/14:06:16.576195;[];0;-13695;7601;-3375;-2496;-2442;-68;-1025;444;-1013;200;100;45;0
2018/10/02/14:06:16.589026;[];0;-14511;7169;-1855;-2626;-2482;-86;-1025;444;-1013;12;101;45;0
2018/10/02/14:06:16.601359;[];0;-14495;7473;-1119;-2440;-2328;-110;-1134;549;-831;80;101;45;0
2018/10/02/14:06:16.617265;[];0;-14191;7137;-1407;-2624;-2408;-2;-1134;549;-831;148;101;45;0
2018/10/02/14:06:16.630020;[];0;-13535;7137;-239;-2822;-2348;144;-1217;575;-750;233;101;45;0
2018/10/02/14:06:16.642064;[];0;-12607;7633;-143;-2956;-2304;-4;-1217;575;-750;45;102;45;0
2018/10/02/14:06:16.654286;[];0;-13039;6961;385;-3034;-2432;78;-1268;653;-554;113;102;45;0
2018/10/02/14:06:16.671010;[];0;-12975;6865;1025;-3192;-2344;202;-1268;653;-554;181;102;45;0
2018/10/02/14:06:16.682976;[];0;-12703;6577;2865;-3266;-2456;300;-1268;653;-554;249;102;45;0
2018/10/02/14:06:16.695235;[];0;-12063;6401;4369;-3458;-2484;470;-1255;692;-385;61;103;45;0
2018/10/02/14:06:16.708062;[];0;-11599;5601;3505;-3598;-2570;452;-1255;692;-385;129;103;45;0
2018/10/02/14:06:16.719986;[];0;-11567;4721;5921;-3718;-2414;574;-1319;738;-162;197;103;45;0
2018/10/02/14:06:16.736226;[];0;-11711;4321;6065;-3822;-2432;618;-1319;738;-162;9;104;45;0
2018/10/02/14:06:16.748095;[];0;-11871;4769;8225;-3788;-2262;616;-1319;738;-162;77;104;45;0
2018/10/02/14:06:16.760996;[];0;-10671;4481;9921;-3726;-2352;740;-1274;745;47;145;104;45;0
2018/10/02/14:06:16.773179;[];0;-9743;3697;10945;-3670;-2332;828;-1274;745;47;213;104;45;0
2018/10/02/14:06:16.789139;[];0;-9423;3425;11297;-3626;-2144;952;-1274;745;47;25;105;45;0
2018/10/02/14:06:16.801990;[];0;-8239;3393;10961;-3530;-2180;980;-1217;784;189;93;105;45;0
2018/10/02/14:06:16.814301;[];0;-9183;3377;10977;-3540;-2056;1052;-1217;784;189;161;105;45;0
2018/10/02/14:06:16.826190;[];0;-8703;3361;11857;-3654;-1982;1228;-1204;745;418;229;105;45;0
2018/10/02/14:06:16.843019;[];0;-8047;3825;13889;-3454;-1882;1002;-1204;745;418;58;106;45;0
2018/10/02/14:06:16.855290;[];0;-8335;4193;13665;-3452;-1672;1112;-1159;732;574;126;106;45;0
2018/10/02/14:06:16.867187;[];0;-8383;2913;16017;-3318;-1556;938;-1159;732;574;194;106;45;0
2018/10/02/14:06:16.880056;[];0;-9103;3041;14625;-3304;-1318;840;-1159;732;574;6;107;45;0
2018/10/02/14:06:16.896000;[];0;-9311;2577;13585;-3184;-1262;762;-1089;666;777;91;107;45;0
2018/10/02/14:06:16.912154;[];0;-9631;1633;14945;-3066;-1166;896;-1089;666;777;159;107;45;0
2018/10/02/14:06:16.925062;[];0;-8159;673;13361;-2780;-1104;640;-1025;614;831;227;107;45;0
2018/10/02/14:06:16.936992;[];0;-6799;-63;12577;-2520;-1146;588;-1025;614;831;39;108;45;0
2018/10/02/14:06:16.949198;[];0;-5087;-1455;14225;-2312;-1282;472;-1025;614;831;107;108;45;0
2018/10/02/14:06:16.961038;[];0;-5215;-1567;12753;-2120;-1382;478;-961;562;925;175;108;45;0
2018/10/02/14:06:16.977987;[];0;-6015;-1551;15009;-1884;-1554;240;-961;562;925;243;108;45;0
2018/10/02/14:06:16.990220;[];0;-7679;-591;15137;-1636;-1556;382;-929;457;1054;55;109;45;0
2018/10/02/14:06:17.002100;[];0;-7647;1057;14081;-1250;-1406;186;-929;457;1054;123;109;45;0
2018/10/02/14:06:17.014960;[];0;-5615;-207;13953;-1226;-1380;-178;-929;457;1054;191;109;45;0
2018/10/02/14:06:17.031596;[];0;-2927;-447;12577;-1172;-1376;-408;-846;437;1108;3;110;45;0
2018/10/02/14:06:17.043198;[];0;-3775;-2559;13857;-1104;-1400;-656;-846;437;1108;71;110;45;0
2018/10/02/14:06:17.056008;[];0;-4671;-1999;13009;-1108;-1458;-930;-827;366;1128;139;110;45;0
2018/10/02/14:06:17.068380;[];0;-5055;-1183;13569;-1064;-1562;-1206;-827;366;1128;207;110;45;0
2018/10/02/14:06:17.084205;[];0;-5135;1505;13169;-632;-1700;-1326;-827;366;1128;36;111;45;0
2018/10/02/14:06:17.097226;[];0;-4111;1537;13089;-346;-1858;-1560;-757;281;1168;104;111;45;0
2018/10/02/14:06:17.108974;[];0;-1935;801;11553;36;-2100;-1710;-757;281;1168;172;111;45;0
2018/10/02/14:06:17.121268;[];0;1297;-383;10641;78;-2348;-2050;-661;241;1168;240;111;45;0
2018/10/02/14:06:17.138106;[];0;2705;-2015;12737;-74;-2724;-2386;-661;241;1168;52;112;45;0
2018/10/02/14:06:17.149936;[];0;961;-495;12321;-52;-2878;-2594;-661;241;1168;120;112;45;0
2018/10/02/14:06:17.163615;[];0;65;-1279;16129;188;-2832;-2772;-546;183;1304;188;112;45;0
2018/10/02/14:06:17.174074;[];0;-895;433;16273;336;-2760;-2818;-546;183;1304;0;113;45;0
2018/10/02/14:06:17.190949;[];0;401;897;16753;446;-2718;-2960;-437;111;1331;68;113;45;0
2018/10/02/14:06:17.203720;[];0;3265;-79;17889;756;-2618;-2954;-437;111;1331;136;113;45;0
2018/10/02/14:06:17.215103;[];0;4977;-1679;15329;728;-2534;-2958;-437;111;1331;204;113;45;0
2018/10/02/14:06:17.228119;[];0;5649;-1407;19521;822;-2304;-3282;-373;91;1358;16;114;45;0
2018/10/02/14:06:17.240123;[];0;5665;-159;17617;842;-2238;-3208;-373;91;1358;84;114;45;0
2018/10/02/14:06:17.256168;[];0;6321;-1375;19297;834;-2012;-3236;-252;78;1337;152;114;45;0
2018/10/02/14:06:17.268980;[];0;6913;-2447;18737;768;-1648;-3136;-252;78;1337;254;114;45;0
2018/10/02/14:06:17.281248;[];0;6673;-3071;17297;702;-1478;-2988;-252;78;1337;49;115;45;0
2018/10/02/14:06:17.293162;[];0;4129;-1711;21745;718;-968;-2816;-182;117;1331;117;115;45;0
2018/10/02/14:06:17.310013;[];0;6033;-1007;19953;682;-886;-2496;-182;117;1331;185;115;45;0
2018/10/02/14:06:17.321956;[];0;4209;-367;15553;766;-356;-2232;-150;169;1297;253;115;45;0
2018/10/02/14:06:17.334186;[];0;7425;-943;21441;828;-174;-1922;-150;169;1297;65;116;45;0
2018/10/02/14:06:17.346023;[];0;8209;-783;15857;632;0;-1562;-150;169;1297;133;116;45;0
2018/10/02/14:06:17.362947;[];0;7009;-1599;18097;592;324;-1388;-130;143;1344;201;116;45;0
2018/10/02/14:06:17.375247;[];0;6689;-2143;17873;330;178;-946;-130;143;1344;13;117;45;0
2018/10/02/14:06:17.387048;[];0;5921;-1071;16305;222;662;-716;-182;156;1358;81;117;45;0
2018/10/02/14:06:17.399987;[];0;5857;673;17201;280;726;-436;-182;156;1358;149;117;45;0
2018/10/02/14:06:17.416188;[];0;6241;737;15585;228;760;-186;-182;156;1358;217;117;45;0
2018/10/02/14:06:17.428066;[];0;6177;1553;16081;166;722;-184;-246;215;1290;29;118;45;0
2018/10/02/14:06:17.440982;[];0;5985;1921;15233;102;640;48;-246;215;1290;97;118;45;0
2018/10/02/14:06:17.453459;[];0;6273;2353;14529;-108;614;38;-284;228;1351;165;118;45;0
2018/10/02/14:06:17.469090;[];0;5809;2545;15169;-248;504;-30;-284;228;1351;233;118;45;0
2018/10/02/14:06:17.482014;[];0;5185;3553;14497;-196;598;-162;-284;228;1351;62;119;45;0
2018/10/02/14:06:17.494208;[];0;5169;4049;15057;-364;540;-178;-322;176;1364;130;119;45;0
2018/10/02/14:06:17.506179;[];0;6049;4529;15313;-186;468;-332;-322;176;1364;198;119;45;0
2018/10/02/14:06:17.522977;[];0;6273;4817;14881;-260;500;-710;-341;183;1337;10;120;45;0
2018/10/02/14:06:17.535176;[];0;6561;4401;15361;-268;374;-702;-341;183;1337;78;120;45;0
2018/10/02/14:06:17.547178;[];0;6129;3265;16001;-266;360;-1242;-341;183;1337;146;120;45;0
2018/10/02/14:06:17.559028;[];0;5761;5601;16801;-212;286;-1476;-316;169;1324;214;120;45;0
2018/10/02/14:06:17.576034;[];0;4913;6049;14785;-98;348;-1694;-316;169;1324;26;121;45;0
2018/10/02/14:06:17.588076;[];0;4849;5265;16385;-24;488;-2088;-367;111;1304;128;121;45;0
2018/10/02/14:06:17.609020;[];0;5537;3393;15121;64;462;-2542;-367;111;1304;247;121;45;0
2018/10/02/14:06:17.621041;[];0;5761;3521;16689;18;362;-2730;-405;104;1344;42;122;45;0
2018/10/02/14:06:17.633169;[];0;4865;3377;15569;-116;664;-2906;-405;104;1344;93;122;45;0
2018/10/02/14:06:17.645061;[];0;5297;3505;15537;-26;502;-2956;-405;104;1344;144;122;45;0
2018/10/02/14:06:17.661972;[];0;4785;2273;14993;-134;608;-3054;-444;71;1304;228;122;45;0
2018/10/02/14:06:17.675473;[];0;5073;2113;15233;-224;584;-3158;-444;71;1304;40;123;45;0
2018/10/02/14:06:17.686520;[];0;2609;1809;14705;-464;546;-3112;-533;-19;1290;108;123;45;0
2018/10/02/14:06:17.698999;[];0;2001;913;17073;-516;700;-3186;-533;-19;1290;176;123;45;0
2018/10/02/14:06:17.715247;[];0;1329;1041;15553;-652;850;-2914;-533;-19;1290;244;123;45;0
2018/10/02/14:06:17.727092;[];0;769;-191;15985;-762;924;-2736;-546;-78;1263;56;124;45;0
2018/10/02/14:06:17.739980;[];0;737;-1615;16993;-824;1098;-2750;-546;-78;1263;124;124;45;0
2018/10/02/14:06:17.752241;[];0;-319;-1887;14065;-890;1360;-2562;-597;-169;1283;192;124;45;0
2018/10/02/14:06:17.768141;[];0;-479;-2207;17105;-1004;1436;-2346;-597;-169;1283;4;125;45;0
2018/10/02/14:06:17.781000;[];0;-1439;-2623;14945;-990;1402;-2062;-597;-169;1283;72;125;45;0
2018/10/02/14:06:17.793216;[];0;-1951;-1823;15841;-928;1546;-1810;-642;-261;1256;140;125;45;0
2018/10/02/14:06:17.805090;[];0;-1567;-2495;18017;-838;1494;-1564;-642;-261;1256;208;125;45;0
2018/10/02/14:06:17.822010;[];0;-1727;-2079;14993;-802;1548;-1198;-699;-346;1236;20;126;45;0
2018/10/02/14:06:17.833958;[];0;-1103;-2879;16737;-718;1566;-1154;-699;-346;1236;88;126;45;0
2018/10/02/14:06:17.847819;[];0;-1487;-3007;14385;-744;1608;-948;-699;-346;1236;156;126;45;0
2018/10/02/14:06:17.858368;[];0;-2383;-3455;13745;-850;1568;-680;-769;-418;1202;241;126;45;0
2018/10/02/14:06:17.870939;[];0;-3023;-3151;14817;-768;1526;-486;-769;-418;1202;53;127;45;0
2018/10/02/14:06:17.887607;[];0;-3839;-2815;14001;-798;1402;-206;-833;-477;1135;121;127;45;0
2018/10/02/14:06:17.899090;[];0;-3903;-2431;14609;-760;1278;-260;-833;-477;1135;189;127;45;0
2018/10/02/14:06:17.911987;[];0;-3951;-2287;14705;-742;1272;-56;-833;-477;1135;1;128;45;0
2018/10/02/14:06:17.923945;[];0;-4703;-2015;14161;-616;1174;-78;-891;-516;1047;69;128;45;0
2018/10/02/14:06:17.940142;[];0;-4879;-2143;14817;-734;1130;146;-891;-516;1047;137;128;45;0
2018/10/02/14:06:17.953027;[];0;-5039;-2015;14177;-778;940;140;-929;-581;1060;205;128;45;0
2018/10/02/14:06:17.964956;[];0;-5487;-2495;13905;-906;858;300;-929;-581;1060;17;129;45;0
2018/10/02/14:06:17.977208;[];0;-6079;-2399;14641;-964;806;214;-929;-581;1060;85;129;45;0
2018/10/02/14:06:17.994039;[];0;-6159;-2831;14481;-854;910;464;-942;-549;986;153;129;45;0
2018/10/02/14:06:18.005974;[];0;-6207;-2895;14753;-890;818;430;-942;-549;986;221;129;45;0
2018/10/02/14:06:18.018630;[];0;-6911;-3343;13889;-938;798;568;-1012;-529;939;33;130;45;0
2018/10/02/14:06:18.030097;[];0;-6607;-3199;13921;-962;746;406;-1012;-529;939;101;130;45;0
2018/10/02/14:06:18.046964;[];0;-7039;-3247;13617;-1092;712;560;-1012;-529;939;169;130;45;0
2018/10/02/14:06:18.059136;[];0;-8991;-3071;15745;-1136;298;720;-1083;-549;925;237;130;45;0
2018/10/02/14:06:18.071133;[];0;-9967;-3119;11969;-1464;-12;788;-1083;-549;925;66;131;45;0
2018/10/02/14:06:18.084028;[];0;-9631;-5375;8769;-1568;-428;1008;-1057;-562;939;134;131;45;0
2018/10/02/14:06:18.100255;[];0;-8543;-6495;12225;-1772;-560;1078;-1057;-562;939;236;131;45;0
2018/10/02/14:06:18.112213;[];0;-6863;-5919;14913;-1916;-784;1186;-1089;-581;837;31;132;45;0
2018/10/02/14:06:18.125092;[];0;-6575;-5423;13857;-1934;-692;1194;-1089;-581;837;82;132;45;0
2018/10/02/14:06:18.137068;[];0;-5695;-6047;15617;-1934;-600;1266;-1089;-581;837;150;132;45;0
2018/10/02/14:06:18.149398;[];0;-6079;-6527;14801;-2074;-636;1254;-1038;-614;925;218;132;45;0
2018/10/02/14:06:18.166173;[];0;-6079;-5231;16065;-1916;-490;1362;-1038;-614;925;30;133;45;0
2018/10/02/14:06:18.178233;[];0;-5471;-7151;15425;-1878;-456;1420;-1038;-614;925;98;133;45;0
2018/10/02/14:06:18.190307;[];0;-6159;-7039;14657;-1772;-324;1306;-1063;-633;851;166;133;45;0
2018/10/02/14:06:18.202167;[];0;-6303;-6159;15889;-1682;-286;1436;-1063;-633;851;234;133;45;0
2018/10/02/14:06:18.219009;[];0;-6015;-5855;14769;-1642;-304;1246;-1089;-620;810;46;134;45;0
2018/10/02/14:06:18.231157;[];0;-4767;-6495;15585;-1600;-238;1258;-1089;-620;810;114;134;45;0
2018/10/02/14:06:18.243146;[];0;-4639;-6255;14177;-1556;-270;1316;-1089;-620;810;182;134;45;0
2018/10/02/14:06:18.256072;[];0;-5007;-6191;14097;-1214;-176;1164;-1115;-673;804;250;134;45;0
2018/10/02/14:06:18.272007;[];0;-5423;-7039;13905;-1184;-236;1068;-1115;-673;804;79;135;45;0
2018/10/02/14:06:18.284256;[];0;-5471;-7583;13281;-1192;-92;1036;-1102;-607;817;147;135;45;0
2018/10/02/14:06:18.297136;[];0;-6287;-7599;13457;-1298;-138;1078;-1102;-607;817;215;135;45;0
2018/10/02/14:06:18.309002;[];0;-6367;-7551;13681;-1172;-116;868;-1102;-607;817;27;136;45;0
2018/10/02/14:06:18.325334;[];0;-6031;-7215;12625;-1290;-244;970;-1166;-620;797;95;136;45;0
2018/10/02/14:06:18.338322;[];0;-5855;-7359;12721;-1342;-168;964;-1166;-620;797;163;136;45;0
2018/10/02/14:06:18.349998;[];0;-5263;-8239;11969;-1152;-124;868;-1159;-601;783;231;136;45;0
2018/10/02/14:06:18.362164;[];0;-4991;-8367;12001;-1216;-262;1042;-1159;-601;783;43;137;45;0
2018/10/02/14:06:18.379111;[];0;-5343;-8175;11569;-1164;-266;706;-1159;-601;783;111;137;45;0
2018/10/02/14:06:18.391004;[];0;-5615;-7791;11009;-1150;-328;812;-1146;-607;804;179;137;45;0
2018/10/02/14:06:18.403242;[];0;-5695;-7727;11137;-1076;-486;846;-1146;-607;804;230;137;45;0
2018/10/02/14:06:18.415129;[];0;-4847;-8191;10881;-1254;-596;732;-1166;-614;763;59;138;45;0
2018/10/02/14:06:18.432038;[];0;-5103;-8303;11297;-1432;-636;762;-1166;-614;763;127;138;45;0
2018/10/02/14:06:18.443998;[];0;-5215;-8623;11009;-1286;-790;606;-1166;-614;763;195;138;45;0
2018/10/02/14:06:18.456267;[];0;-4431;-8703;11409;-1346;-840;404;-1159;-640;777;7;139;45;0
2018/10/02/14:06:18.469088;[];0;-4399;-8303;11777;-1482;-912;620;-1159;-640;777;75;139;45;0
2018/10/02/14:06:18.480980;[];0;-4783;-9103;12017;-1404;-828;664;-1140;-653;777;160;139;45;0
2018/10/02/14:06:18.499736;[];0;-4095;-9743;11985;-1520;-944;666;-1140;-653;777;228;139;45;0
2018/10/02/14:06:18.510111;[];0;-3535;-10783;11825;-1440;-1136;646;-1140;-653;777;40;140;45;0
2018/10/02/14:06:18.521998;[];0;-3711;-11311;10737;-1466;-984;704;-1134;-640;729;108;140;45;0
2018/10/02/14:06:18.534280;[];0;-3871;-10783;10561;-1414;-1100;728;-1134;-640;729;176;140;45;0
2018/10/02/14:06:18.551162;[];0;-3599;-10751;11137;-1530;-1072;992;-1095;-660;831;244;140;45;0
2018/10/02/14:06:18.563031;[];0;-3519;-11183;11889;-1768;-1224;866;-1095;-660;831;56;141;45;0
2018/10/02/14:06:18.575011;[];0;-3487;-10751;11441;-1774;-1274;986;-1095;-660;831;124;141;45;0
2018/10/02/14:06:18.587264;[];0;-4271;-10863;12609;-1786;-1300;1000;-1095;-673;777;192;141;45;0
2018/10/02/14:06:18.604053;[];0;-4623;-11647;13169;-1714;-1318;970;-1095;-673;777;4;142;45;0
2018/10/02/14:06:18.616001;[];0;-5887;-11887;12449;-1680;-1250;1144;-1102;-725;837;72;142;45;0
2018/10/02/14:06:18.628434;[];0;-5951;-11743;12657;-1712;-1068;1064;-1102;-725;837;140;142;45;0
2018/10/02/14:06:18.641227;[];0;-5727;-11055;11745;-1664;-1120;1170;-1102;-725;837;208;142;45;0
2018/10/02/14:06:18.657049;[];0;-5535;-11951;12385;-1620;-1024;1106;-1051;-686;810;20;143;45;0
2018/10/02/14:06:18.669222;[];0;-5007;-12415;11297;-1716;-938;1246;-1051;-686;810;88;143;45;0
2018/10/02/14:06:18.682192;[];0;-4735;-12479;10273;-1670;-908;1352;-1051;-699;790;173;143;45;0
2018/10/02/14:06:18.694096;[];0;-5183;-12031;11169;-1682;-1082;1324;-1051;-699;790;241;143;45;0
2018/10/02/14:06:18.709999;[];0;-5599;-11935;10065;-1680;-978;1250;-1051;-699;790;53;144;45;0
2018/10/02/14:06:18.723244;[];0;-5823;-12255;10321;-1726;-1094;1234;-1063;-712;824;121;144;45;0
2018/10/02/14:06:18.735104;[];0;-6271;-12767;9329;-1776;-956;1316;-1063;-712;824;189;144;45;0
2018/10/02/14:06:18.746979;[];0;-6047;-12703;9057;-1724;-944;1210;-1044;-679;763;1;145;45;0
2018/10/02/14:06:18.759192;[];0;-6095;-12815;7601;-1768;-922;1178;-1044;-679;763;69;145;45;0
2018/10/02/14:06:18.776175;[];0;-5087;-13007;7409;-1788;-1086;1144;-1044;-679;763;137;145;45;0
2018/10/02/14:06:18.788022;[];0;-4447;-13135;8817;-1822;-1194;1230;-1057;-751;810;205;145;45;0
2018/10/02/14:06:18.800000;[];0;-4687;-13999;8945;-1952;-1308;1098;-1057;-751;810;17;146;45;0
2018/10/02/14:06:18.813079;[];0;-5247;-14799;9169;-2044;-1180;1140;-1006;-705;804;85;146;45;0
2018/10/02/14:06:18.829054;[];0;-5775;-14943;9521;-2164;-1134;1160;-1006;-705;804;153;146;45;0
2018/10/02/14:06:18.841010;[];0;-6031;-14527;8945;-2010;-1198;1160;-1006;-705;804;221;146;45;0
2018/10/02/14:06:18.854240;[];0;-5855;-14415;9217;-1996;-1292;1224;-993;-751;797;33;147;45;0
2018/10/02/14:06:18.866116;[];0;-6223;-14111;8305;-1914;-1166;1176;-993;-751;797;101;147;45;0
2018/10/02/14:06:18.882014;[];0;-6223;-13983;5729;-1824;-1080;1222;-980;-738;770;186;147;45;0
2018/10/02/14:06:18.895242;[];0;-7007;-13983;7537;-1754;-1060;1192;-980;-738;770;254;147;45;0
2018/10/02/14:06:18.907358;[];0;-6975;-13871;7729;-1726;-924;1110;-980;-738;770;66;148;45;0
2018/10/02/14:06:18.919003;[];0;-6719;-14479;8193;-1786;-698;1062;-1006;-738;810;134;148;45;0
2018/10/02/14:06:18.936296;[];0;-6879;-14911;8753;-1878;-612;1100;-1006;-738;810;202;148;45;0
2018/10/02/14:06:18.948139;[];0;-7327;-14495;7105;-1888;-698;980;-1006;-745;797;14;149;45;0
2018/10/02/14:06:18.960010;[];0;-7055;-14559;5777;-2004;-564;968;-1006;-745;797;82;149;45;0
2018/10/02/14:06:18.972309;[];0;-7055;-14287;5073;-2152;-626;1036;-1006;-745;797;150;149;45;0
2018/10/02/14:06:18.989148;[];0;-7343;-15119;5329;-2120;-408;1008;-1012;-803;722;218;149;45;0
2018/10/02/14:06:19.001081;[];0;-7727;-16463;4849;-2336;-330;1030;-1012;-803;722;30;150;45;0
2018/10/02/14:06:19.013140;[];0;-7311;-15983;3297;-2434;-248;1044;-1019;-816;743;98;150;45;0
2018/10/02/14:06:19.026219;[];0;-7839;-15759;2929;-2360;-344;990;-1019;-816;743;166;150;45;0
2018/10/02/14:06:19.042042;[];0;-8079;-15935;2529;-2232;-392;1114;-1019;-816;743;234;150;45;0
2018/10/02/14:06:19.053988;[];0;-8047;-15711;2625;-2106;-462;1252;-1051;-777;668;46;151;45;0
2018/10/02/14:06:19.067262;[];0;-8399;-15199;2449;-2152;-418;1104;-1051;-777;668;114;151;45;0
2018/10/02/14:06:19.079076;[];0;-9023;-15599;2529;-2078;-510;1172;-1108;-810;648;199;151;45;0
2018/10/02/14:06:19.090976;[];0;-8383;-15423;1057;-2066;-348;1246;-1108;-810;648;11;152;45;0
2018/10/02/14:06:19.108988;[];0;-8527;-14831;929;-2132;-460;1174;-1108;-810;648;79;152;45;0
2018/10/02/14:06:19.120090;[];0;-9183;-14143;449;-2102;-344;1064;-1070;-816;648;146;152;45;0
2018/10/02/14:06:19.131984;[];0;-9359;-14031;81;-2140;-320;1158;-1070;-816;648;214;152;45;0
2018/10/02/14:06:19.144283;[];0;-9199;-13647;369;-1992;-422;1168;-1089;-758;547;26;153;45;0
2018/10/02/14:06:19.161243;[];0;-9935;-13647;-399;-1950;-390;1186;-1089;-758;547;94;153;45;0
2018/10/02/14:06:19.173056;[];0;-9695;-13775;-111;-1770;-452;1188;-1089;-758;547;162;153;45;0
2018/10/02/14:06:19.185020;[];0;-9871;-13807;-1295;-1764;-560;1016;-1134;-810;486;230;153;45;0
2018/10/02/14:06:19.198302;[];0;-10639;-13135;-1535;-1798;-476;772;-1134;-810;486;42;154;45;0
2018/10/02/14:06:19.214067;[];0;-10511;-13407;-495;-1774;-386;756;-1146;-771;493;110;154;45;0
2018/10/02/14:06:19.226008;[];0;-10719;-12911;-1375;-1834;-484;942;-1146;-771;493;178;154;45;0
2018/10/02/14:06:19.241604;[];0;-11151;-12591;-1183;-1856;-438;758;-1146;-771;493;246;154;45;0
2018/10/02/14:06:19.251095;[];0;-11151;-12655;-1935;-1730;-440;742;-1153;-803;445;58;155;45;0
2018/10/02/14:06:19.266994;[];0;-11375;-12719;-1199;-1648;-286;650;-1153;-803;445;126;155;45;0
2018/10/02/14:06:19.280366;[];0;-12047;-12143;-2607;-1520;-436;630;-1153;-764;445;194;155;45;0
2018/10/02/14:06:19.292185;[];0;-12751;-11519;-2767;-1548;-370;660;-1153;-764;445;23;156;45;0
2018/10/02/14:06:19.304003;[];0;-11535;-11055;-415;-1542;-186;566;-1153;-764;445;91;156;45;0
2018/10/02/14:06:19.321181;[];0;-10975;-11343;513;-1518;-262;734;-1191;-751;391;159;156;45;0
2018/10/02/14:06:19.333183;[];0;-11727;-11135;-1791;-1478;166;524;-1191;-751;391;227;156;45;0
2018/10/02/14:06:19.345057;[];0;-12127;-10399;-271;-1448;176;596;-1210;-784;371;39;157;45;0
2018/10/02/14:06:19.357002;[];0;-12239;-10575;-3135;-1450;104;580;-1210;-784;371;107;157;45;0
2018/10/02/14:06:19.370304;[];0;-12175;-11327;-3215;-1450;312;700;-1210;-784;371;175;157;45;0
2018/10/02/14:06:19.386060;[];0;-12159;-11679;-3263;-1248;238;348;-1178;-751;337;243;157;45;0
2018/10/02/14:06:19.402994;[];0;-12351;-11583;-5343;-1082;126;408;-1178;-751;337;72;158;45;0
2018/10/02/14:06:19.415218;[];0;-13007;-11407;-5391;-830;182;468;-1210;-745;270;140;158;45;0
2018/10/02/14:06:19.427107;[];0;-13263;-11359;-5919;-694;-90;426;-1210;-745;270;208;158;45;0
2018/10/02/14:06:19.438993;[];0;-13023;-11295;-6383;-552;-86;300;-1210;-745;270;3;159;45;0
2018/10/02/14:06:19.456217;[];0;-12511;-10783;-6015;-220;-204;188;-1249;-738;297;88;159;45;0
2018/10/02/14:06:19.468077;[];0;-12479;-10175;-6415;-48;-384;236;-1249;-738;297;156;159;45;0
2018/10/02/14:06:19.480000;[];0;-12175;-10287;-6399;160;-406;182;-1204;-686;297;224;159;45;0
2018/10/02/14:06:19.493447;[];0;-12287;-10159;-5599;488;-636;90;-1204;-686;297;36;160;45;0
2018/10/02/14:06:19.509102;[];0;-12735;-10063;-5519;684;-558;0;-1204;-686;297;104;160;45;0
2018/10/02/14:06:19.521034;[];0;-13279;-9871;-5311;752;-722;70;-1236;-673;283;172;160;45;0
2018/10/02/14:06:19.533400;[];0;-13519;-9439;-5807;1076;-950;-72;-1236;-673;283;1;161;45;0
2018/10/02/14:06:19.546206;[];0;-13391;-9519;-4783;1300;-934;-306;-1223;-673;364;69;161;45;0
2018/10/02/14:06:19.558139;[];0;-13167;-9215;-4031;1578;-1138;-422;-1223;-673;364;137;161;45;0
2018/10/02/14:06:19.575215;[];0;-13311;-9215;-3871;1866;-1216;-464;-1204;-679;432;205;161;45;0
2018/10/02/14:06:19.587204;[];0;-12751;-9119;-2447;2014;-1322;-800;-1204;-679;432;17;162;45;0
2018/10/02/14:06:19.599046;[];0;-12783;-8367;-1007;2374;-1328;-662;-1204;-679;432;85;162;45;0
2018/10/02/14:06:19.610971;[];0;-12911;-8511;465;2588;-1410;-952;-1127;-705;560;153;162;45;0
2018/10/02/14:06:19.628442;[];0;-12031;-8335;-31;2722;-1310;-972;-1127;-705;560;221;162;45;0
2018/10/02/14:06:19.640073;[];0;-12351;-8143;-511;3000;-1476;-1178;-1115;-673;635;33;163;45;0
2018/10/02/14:06:19.652025;[];0;-12079;-8479;1121;3322;-1494;-1254;-1115;-673;635;101;163;45;0
2018/10/02/14:06:19.665323;[];0;-11423;-9519;1601;3200;-1602;-1514;-1115;-673;635;169;163;45;0
2018/10/02/14:06:19.681094;[];0;-10831;-9407;3713;3280;-1654;-1646;-1044;-647;790;237;163;45;0
2018/10/02/14:06:19.693059;[];0;-10303;-9599;5793;3144;-1730;-1870;-1044;-647;790;49;164;45;0
2018/10/02/14:06:19.706321;[];0;-10495;-10463;5585;3126;-1608;-2174;-1044;-647;790;117;164;45;0
2018/10/02/14:06:19.718478;[];0;-9359;-10079;7409;3204;-1534;-2354;-961;-633;871;185;164;45;0
2018/10/02/14:06:19.734036;[];0;-8463;-9935;6785;3178;-1622;-2522;-961;-633;871;14;165;45;0
2018/10/02/14:06:19.747807;[];0;-7567;-9423;8625;3336;-1638;-2502;-821;-568;993;82;165;45;0
2018/10/02/14:06:19.759159;[];0;-6351;-10511;9857;3418;-1502;-2872;-821;-568;993;150;165;45;0
2018/10/02/14:06:19.771033;[];0;-6447;-10639;9425;3368;-1530;-2918;-769;-568;1081;235;165;45;0
2018/10/02/14:06:19.788761;[];0;-6367;-11199;10737;3312;-1448;-3234;-769;-568;1081;30;166;45;0
2018/10/02/14:06:19.800190;[];0;-5007;-11519;11361;3340;-1704;-3116;-769;-568;1081;98;166;45;0
2018/10/02/14:06:19.812059;[];0;-3535;-10735;12721;3554;-1620;-3332;-654;-490;1128;166;166;45;0
2018/10/02/14:06:19.825370;[];0;-2319;-9775;14737;3654;-1628;-3504;-654;-490;1128;234;166;45;0
2018/10/02/14:06:19.841246;[];0;-1855;-9311;15937;3758;-1600;-3510;-584;-437;1229;46;167;45;0
2018/10/02/14:06:19.853077;[];0;-655;-10015;16913;3684;-1360;-3612;-584;-437;1229;114;167;45;0
2018/10/02/14:06:19.865032;[];0;-239;-10335;16689;3768;-1240;-3600;-584;-437;1229;165;167;45;0
2018/10/02/14:06:19.878279;[];0;-911;-10351;16945;3712;-972;-3674;-412;-339;1290;250;167;45;0
2018/10/02/14:06:19.890069;[];0;-447;-9599;16753;3522;-892;-3482;-412;-339;1290;62;168;45;0
2018/10/02/14:06:19.906027;[];0;145;-9183;18353;3458;-624;-3548;-412;-339;1290;130;168;45;0
2018/10/02/14:06:19.919216;[];0;1025;-8735;18737;3528;-384;-3378;-392;-222;1337;198;168;45;0
2018/10/02/14:06:19.931143;[];0;1425;-8319;18353;3402;-218;-3516;-392;-222;1337;10;169;45;0
2018/10/02/14:06:19.942994;[];0;2049;-7759;17937;3340;50;-3348;-392;-130;1310;95;169;45;0
2018/10/02/14:06:19.962651;[];0;2497;-6895;16641;3260;-42;-3230;-392;-130;1310;163;169;45;0
2018/10/02/14:06:19.972108;[];0;3153;-6239;16433;3274;134;-3102;-361;26;1351;231;169;45;0
2018/10/02/14:06:19.983993;[];0;3873;-5311;17601;3268;130;-3010;-361;26;1351;43;170;45;0
2018/10/02/14:06:19.996271;[];0;4097;-4575;19681;3286;262;-2988;-361;26;1351;111;170;45;0
2018/10/02/14:06:20.013130;[];0;4241;-3471;20737;3174;304;-2740;-431;156;1283;179;170;45;0
2018/10/02/14:06:20.025034;[];0;2721;-3791;18481;3230;464;-2554;-431;156;1283;247;170;45;0
2018/10/02/14:06:20.036982;[];0;2913;-4511;19729;3164;604;-2498;-476;300;1250;59;171;45;0
2018/10/02/14:06:20.050174;[];0;2337;-3567;17537;3380;638;-2258;-476;300;1250;127;171;45;0
2018/10/02/14:06:20.066092;[];0;2049;-2335;17377;3492;500;-2152;-476;300;1250;195;171;45;0
2018/10/02/14:06:20.078020;[];0;2561;-1151;17617;3614;738;-2080;-527;411;1202;7;172;45;0
2018/10/02/14:06:20.091641;[];0;1553;673;17441;3600;656;-1842;-527;411;1202;75;172;45;0
2018/10/02/14:06:20.103211;[];0;1073;961;17313;3558;808;-1616;-546;509;1141;143;172;45;0
2018/10/02/14:06:20.119015;[];0;433;1905;16433;3724;874;-1612;-546;509;1141;211;172;45;0
2018/10/02/14:06:20.132314;[];0;-63;3233;16865;3612;878;-1344;-546;509;1141;23;173;45;0
2018/10/02/14:06:20.144197;[];0;65;3297;15969;3636;974;-1254;-642;660;1020;108;173;45;0
2018/10/02/14:06:20.156034;[];0;-399;3537;15889;3662;1034;-1136;-642;660;1020;176;173;45;0
2018/10/02/14:06:20.168065;[];0;-1119;3681;14273;3828;1020;-848;-712;745;918;244;173;45;0
2018/10/02/14:06:20.185219;[];0;-1135;4161;14113;3810;1050;-872;-712;745;918;56;174;45;0
2018/10/02/14:06:20.197057;[];0;-1199;4913;11697;3808;1006;-760;-712;745;918;124;174;45;0
2018/10/02/14:06:20.209016;[];0;-2463;7009;11985;3928;944;-666;-789;856;783;192;174;45;0
2018/10/02/14:06:20.222200;[];0;-3023;7889;10689;3832;846;-482;-789;856;783;4;175;45;0
2018/10/02/14:06:20.238469;[];0;-3023;6737;10785;3618;824;-316;-769;980;614;72;175;45;0
2018/10/02/14:06:20.249993;[];0;-2895;7345;10833;3746;928;-392;-769;980;614;140;175;45;0
2018/10/02/14:06:20.265321;[];0;-3295;8865;10033;3644;820;-444;-769;980;614;208;175;45;0
2018/10/02/14:06:20.275156;[];0;-2879;9601;10193;3496;904;-370;-897;1032;479;20;176;45;0
2018/10/02/14:06:20.291001;[];0;-3167;9697;8161;3428;920;-348;-897;1032;479;88;176;45;0
2018/10/02/14:06:20.304391;[];0;-3967;10577;6609;3422;880;-424;-884;1084;256;156;176;45;0
2018/10/02/14:06:20.316150;[];0;-4047;11233;5249;3268;908;-408;-884;1084;256;224;176;45;0
2018/10/02/14:06:20.328027;[];0;-3775;11281;4321;3032;774;-456;-884;1084;256;36;177;45;0
2018/10/02/14:06:20.345249;[];0;-4191;12961;5137;2940;750;-428;-897;1143;148;121;177;45;0
2018/10/02/14:06:20.357179;[];0;-3983;13313;5025;2956;772;-528;-897;1143;148;189;177;45;0
2018/10/02/14:06:20.369076;[];0;-4319;13249;3457;2912;624;-628;-955;1117;-13;1;178;45;0
2018/10/02/14:06:20.381012;[];0;-4511;13633;3425;2752;724;-782;-955;1117;-13;69;178;45;0
2018/10/02/14:06:20.398384;[];0;-5519;14785;3089;2624;686;-858;-955;1117;-13;137;178;45;0
2018/10/02/14:06:20.410093;[];0;-5839;14593;2273;2570;652;-946;-936;1084;-162;205;178;45;0
2018/10/02/14:06:20.422016;[];0;-5535;14465;2145;2554;632;-990;-936;1084;-162;17;179;45;0
2018/10/02/14:06:20.435164;[];0;-5967;14577;1377;2522;824;-1402;-980;1039;-236;85;179;45;0
2018/10/02/14:06:20.451106;[];0;-5215;14849;1569;2570;724;-1276;-980;1039;-236;153;179;45;0
2018/10/02/14:06:20.463005;[];0;-5215;14385;1249;2534;816;-1346;-980;1039;-236;221;179;45;0
2018/10/02/14:06:20.476278;[];0;-5791;14145;1265;2436;864;-1278;-1051;947;-371;33;180;45;0
2018/10/02/14:06:20.488452;[];0;-6751;13649;657;2468;928;-1484;-1051;947;-371;101;180;45;0
2018/10/02/14:06:20.500027;[];0;-7407;13313;-575;2678;1174;-1674;-1070;862;-459;169;180;45;0
2018/10/02/14:06:20.517105;[];0;-7743;12897;-1103;2626;1148;-1504;-1070;862;-459;237;180;45;0
2018/10/02/14:06:20.529163;[];0;-8031;12609;-1583;2564;1298;-1444;-1070;862;-459;49;181;45;0
2018/10/02/14:06:20.541073;[];0;-8319;11345;-2639;2480;1396;-1442;-1063;784;-608;134;181;45;0
2018/10/02/14:06:20.552997;[];0;-8831;10785;-3535;2530;1454;-1304;-1063;784;-608;202;181;45;0
2018/10/02/14:06:20.570153;[];0;-9295;10241;-3759;2606;1498;-1232;-1051;679;-668;14;182;45;0
2018/10/02/14:06:20.582115;[];0;-9327;10513;-5199;2642;1702;-1098;-1051;679;-668;81;182;45;0
2018/10/02/14:06:20.594005;[];0;-8559;10337;-6607;2600;1682;-1046;-1051;679;-668;149;182;45;0
2018/10/02/14:06:20.607193;[];0;-8735;9393;-9023;2602;1682;-1000;-1057;562;-831;217;182;45;0
2018/10/02/14:06:20.624011;[];0;-8431;9105;-8815;2508;1566;-806;-1057;562;-831;29;183;45;0
2018/10/02/14:06:20.635036;[];0;-8271;9601;-10383;2434;1476;-568;-1012;437;-918;97;183;45;0
2018/10/02/14:06:20.647998;[];0;-8591;9105;-10655;2448;1380;-482;-1012;437;-918;165;183;45;0
2018/10/02/14:06:20.660228;[];0;-8175;9409;-10063;2418;1152;-544;-1012;437;-918;233;183;45;0
2018/10/02/14:06:20.676060;[];0;-8127;9649;-10415;2182;1052;-460;-948;352;-1000;45;184;45;0
2018/10/02/14:06:20.689019;[];0;-8415;9777;-9471;2064;812;-268;-948;352;-1000;113;184;45;0
2018/10/02/14:06:20.701281;[];0;-7999;9425;-10671;1998;876;-372;-904;300;-1020;181;184;45;0
2018/10/02/14:06:20.713151;[];0;-8399;9137;-12031;1776;740;-300;-904;300;-1020;249;184;45;0
2018/10/02/14:06:20.729998;[];0;-8303;8801;-11663;1526;700;-274;-904;300;-1020;61;185;45;0
2018/10/02/14:06:20.742284;[];0;-7983;8641;-12799;1236;606;-294;-846;189;-1114;129;185;45;0
2018/10/02/14:06:20.754132;[];0;-7807;8097;-12495;1030;446;-376;-846;189;-1114;214;185;45;0
2018/10/02/14:06:20.766002;[];0;-7903;7665;-12095;530;472;-122;-872;143;-1094;26;186;45;0
2018/10/02/14:06:20.779133;[];0;-8207;7409;-12239;266;404;-282;-872;143;-1094;94;186;45;0
2018/10/02/14:06:20.795202;[];0;-8447;6641;-12495;116;400;-70;-872;143;-1094;162;186;45;0
2018/10/02/14:06:20.807035;[];0;-8463;6241;-13135;-156;498;-60;-833;130;-1114;230;186;45;0
2018/10/02/14:06:20.820337;[];0;-9007;5377;-14239;-338;468;2;-833;130;-1114;42;187;45;0
2018/10/02/14:06:20.832166;[];0;-8287;4769;-14111;-648;554;126;-833;124;-1135;110;187;45;0
2018/10/02/14:06:20.848061;[];0;-7727;5297;-14367;-960;414;98;-833;124;-1135;178;187;45;0
2018/10/02/14:06:20.861022;[];0;-7679;6049;-13583;-1392;344;254;-833;124;-1135;246;187;45;0
2018/10/02/14:06:20.873237;[];0;-7663;6209;-13071;-1700;222;378;-827;202;-1108;58;188;45;0
2018/10/02/14:06:20.885222;[];0;-7391;6417;-12495;-2060;88;568;-827;202;-1108;126;188;45;0
2018/10/02/14:06:20.902034;[];0;-7407;7297;-11887;-2456;72;626;-821;261;-1094;194;188;45;0
2018/10/02/14:06:20.914293;[];0;-7935;8097;-11471;-2826;-22;866;-821;261;-1094;6;189;45;0
2018/10/02/14:06:20.926194;[];0;-7615;8273;-10847;-3154;-38;752;-821;261;-1094;74;189;45;0
2018/10/02/14:06:20.938076;[];0;-7023;8401;-10655;-3232;-62;1064;-827;385;-1060;142;189;45;0
2018/10/02/14:06:20.955561;[];0;-7375;9153;-9455;-3544;-10;1120;-827;385;-1060;227;189;45;0
2018/10/02/14:06:20.967268;[];0;-6607;9681;-8591;-3732;-134;1292;-827;542;-1020;39;190;45;0
2018/10/02/14:06:20.979052;[];0;-6351;10337;-7375;-4010;-86;1380;-827;542;-1020;107;190;45;0
2018/10/02/14:06:20.992076;[];0;-6175;10817;-6047;-4056;-4;1540;-827;542;-1020;175;190;45;0
2018/10/02/14:06:21.008301;[];0;-5631;11393;-4479;-4166;80;1476;-776;738;-932;243;190;45;0
2018/10/02/14:06:21.020073;[];0;-4751;11585;-2991;-4304;222;1716;-776;738;-932;55;191;45;0
2018/10/02/14:06:21.033034;[];0;-4351;12769;-1935;-4342;314;1786;-718;908;-831;123;191;45;0
2018/10/02/14:06:21.045304;[];0;-4287;12593;-575;-4434;400;1784;-718;908;-831;191;191;45;0
2018/10/02/14:06:21.061084;[];0;-3759;12785;-335;-4376;594;2022;-718;908;-831;3;192;45;0
2018/10/02/14:06:21.074044;[];0;-3327;13153;401;-4282;812;1796;-648;1039;-635;71;192;45;0
2018/10/02/14:06:21.088621;[];0;-2847;13617;1729;-4164;790;1978;-648;1039;-635;139;192;45;0
2018/10/02/14:06:21.098207;[];0;-2255;13713;1985;-4202;874;2064;-539;1209;-547;207;192;45;0
2018/10/02/14:06:21.109999;[];0;-1711;13649;2513;-4202;964;2212;-539;1209;-547;19;193;45;0
2018/10/02/14:06:21.127311;[];0;-1183;13633;3409;-4004;986;2070;-539;1209;-547;87;193;45;0
2018/10/02/14:06:21.139121;[];0;-783;13681;3857;-3920;938;2122;-431;1294;-385;155;193;45;0
2018/10/02/14:06:21.151027;[];0;-415;13633;4769;-3794;854;2176;-431;1294;-385;240;193;45;0
2018/10/02/14:06:21.164255;[];0;-159;13953;5873;-3752;784;2100;-367;1359;-216;52;194;45;0
2018/10/02/14:06:21.180106;[];0;753;13793;6945;-3422;748;2170;-367;1359;-216;120;194;45;0
2018/10/02/14:06:21.192046;[];0;1201;13601;7729;-3400;488;2214;-367;1359;-216;188;194;45;0
2018/10/02/14:06:21.205317;[];0;1361;13473;7409;-3400;574;2240;-233;1346;-27;0;195;45;0
2018/10/02/14:06:21.217115;[];0;1825;13249;6705;-3240;398;2318;-233;1346;-27;68;195;45;0
2018/10/02/14:06:21.233075;[];0;1809;13089;6609;-3188;390;2194;-111;1379;121;136;195;45;0
2018/10/02/14:06:21.246032;[];0;1713;12433;7361;-3230;200;2308;-111;1379;121;204;195;45;0
2018/10/02/14:06:21.258477;[];0;1761;11777;8737;-3224;132;2286;-111;1379;121;16;196;45;0
2018/10/02/14:06:21.270108;[];0;1889;10881;9313;-3276;0;2272;-15;1333;250;84;196;45;0
2018/10/02/14:06:21.287040;[];0;2401;10449;10913;-3138;6;2192;-15;1333;250;152;196;45;0
2018/10/02/14:06:21.299225;[];0;2913;10673;13025;-3054;2;2198;79;1287;391;220;196;45;0
2018/10/02/14:06:21.311228;[];0;3585;10161;12993;-2978;-212;2204;79;1287;391;32;197;45;0
2018/10/02/14:06:21.323041;[];0;4769;10017;12833;-2890;-130;2226;79;1287;391;100;197;45;0
2018/10/02/14:06:21.340353;[];0;5057;9281;13521;-2888;-126;2048;182;1169;533;168;197;45;0
2018/10/02/14:06:21.352278;[];0;5425;8161;13745;-2772;-124;2052;182;1169;533;236;197;45;0
2018/10/02/14:06:21.364075;[];0;6017;7473;14209;-2794;-6;1980;309;1104;635;65;198;45;0
2018/10/02/14:06:21.377025;[];0;5761;7233;14689;-2684;-156;1970;309;1104;635;133;198;45;0
2018/10/02/14:06:21.389226;[];0;5489;6753;13889;-2690;-182;1766;309;1104;635;201;198;45;0
2018/10/02/14:06:21.405106;[];0;6145;5025;13745;-2626;-226;1840;380;1013;722;13;199;45;0
2018/10/02/14:06:21.418081;[];0;6801;4161;13745;-2710;-450;1490;380;1013;722;81;199;45;0
2018/10/02/14:06:21.430251;[];0;7169;3537;14065;-2752;-544;1542;437;882;797;149;199;45;0
2018/10/02/14:06:21.442081;[];0;7777;2977;15441;-2764;-552;1312;437;882;797;217;199;45;0
2018/10/02/14:06:21.459028;[];0;8321;2305;15521;-2802;-672;1158;437;882;797;29;200;45;0
2018/10/02/14:06:21.471261;[];0;8401;1601;16881;-2782;-614;984;507;738;925;97;200;45;0
2018/10/02/14:06:21.483137;[];0;8385;945;16577;-2864;-628;952;507;738;925;165;200;45;0
2018/10/02/14:06:21.495026;[];0;8513;1265;15009;-2670;-590;810;533;614;952;233;200;45;0
2018/10/02/14:06:21.512339;[];0;8529;945;15441;-2656;-738;826;533;614;952;45;201;45;0
2018/10/02/14:06:21.524199;[];0;8177;-95;12977;-2452;-746;702;533;614;952;113;201;45;0
2018/10/02/14:06:21.536035;[];0;8769;-543;14065;-2394;-802;618;565;562;1040;181;201;45;0
2018/10/02/14:06:21.549180;[];0;10001;-351;13825;-2290;-868;556;565;562;1040;249;201;45;0
2018/10/02/14:06:21.565260;[];0;10273;-1279;12929;-2136;-780;484;635;431;1054;78;202;45;0
2018/10/02/14:06:21.577087;[];0;10161;-1903;12769;-1974;-886;324;635;431;1054;146;202;45;0
2018/10/02/14:06:21.590048;[];0;9665;-2703;10993;-1884;-1076;128;635;431;1054;214;202;45;0
2018/10/02/14:06:21.602166;[];0;10193;-2495;11489;-1868;-1130;50;680;346;1047;26;203;45;0
2018/10/02/14:06:21.618232;[];0;10513;-2399;11921;-1640;-1306;-4;680;346;1047;94;203;45;0
2018/10/02/14:06:21.631068;[];0;10097;-3039;11217;-1578;-1412;-372;712;287;1060;162;203;45;0
2018/10/02/14:06:21.643365;[];0;10337;-3311;11633;-1636;-1546;-60;712;287;1060;230;203;45;0
2018/10/02/14:06:21.655199;[];0;10497;-3791;10609;-1568;-1680;-352;712;287;1060;42;204;45;0
2018/10/02/14:06:21.672062;[];0;10401;-4383;10257;-1438;-1618;-618;769;215;1013;110;204;45;0
2018/10/02/14:06:21.684605;[];0;10929;-4511;11889;-1582;-1600;-532;769;215;1013;178;204;45;0
2018/10/02/14:06:21.696270;[];0;10401;-4479;10577;-1530;-1670;-730;853;209;979;246;204;45;0
2018/10/02/14:06:21.708107;[];0;10577;-4943;11745;-1556;-1612;-844;853;209;979;58;205;45;0
2018/10/02/14:06:21.721291;[];0;10801;-4575;11729;-1438;-1696;-920;853;209;979;126;205;45;0
2018/10/02/14:06:21.737236;[];0;10625;-4591;9297;-1372;-1804;-822;910;163;925;194;205;45;0
2018/10/02/14:06:21.749084;[];0;11489;-4575;9873;-1160;-1734;-876;910;163;925;6;206;45;0
2018/10/02/14:06:21.762038;[];0;12417;-4911;8529;-1106;-1748;-1030;968;169;918;91;206;45;0
2018/10/02/14:06:21.774403;[];0;12545;-4687;6961;-940;-1940;-808;968;169;918;159;206;45;0
2018/10/02/14:06:21.790093;[];0;12465;-5135;6705;-884;-1870;-896;968;169;918;227;206;45;0
2018/10/02/14:06:21.803052;[];0;13185;-5663;6385;-820;-1870;-824;1070;196;851;39;207;45;0
2018/10/02/14:06:21.815256;[];0;13617;-5807;6817;-942;-1956;-850;1070;196;851;107;207;45;0
2018/10/02/14:06:21.827143;[];0;14625;-5695;7089;-894;-2084;-712;1083;156;804;175;207;45;0
2018/10/02/14:06:21.844030;[];0;14833;-5455;7361;-928;-2080;-844;1083;156;804;243;207;45;0
2018/10/02/14:06:21.857109;[];0;14065;-5535;5649;-812;-2142;-760;1083;156;804;72;208;45;0
2018/10/02/14:06:21.868191;[];0;13729;-5231;6033;-734;-2120;-718;1121;189;729;123;208;45;0
2018/10/02/14:06:21.880032;[];0;14241;-4271;4561;-720;-2066;-900;1121;189;729;191;208;45;0
2018/10/02/14:06:21.897463;[];0;14625;-3183;4417;-784;-2136;-934;1217;202;668;3;209;45;0
2018/10/02/14:06:21.909111;[];0;14817;-3327;3201;-668;-2062;-800;1217;202;668;88;209;45;0
2018/10/02/14:06:21.925039;[];0;15393;-3055;1969;-654;-2142;-948;1217;202;668;156;209;45;0
2018/10/02/14:06:21.938793;[];0;15937;-3135;2177;-742;-1990;-926;1217;228;608;224;209;45;0
2018/10/02/14:06:21.950211;[];0;16433;-3039;929;-760;-2044;-1024;1217;228;608;36;210;45;0
2018/10/02/14:06:21.962013;[];0;16769;-3343;1457;-626;-2070;-946;1249;241;513;104;210;45;0
2018/10/02/14:06:21.979170;[];0;16689;-4191;1313;-778;-2084;-860;1249;241;513;172;210;45;0
2018/10/02/14:06:21.991258;[];0;16977;-3695;1601;-702;-2092;-940;1249;241;513;240;210;45;0
2018/10/02/14:06:22.003084;[];0;16577;-3839;2145;-760;-2244;-1034;1287;274;405;69;211;45;0
2018/10/02/14:06:22.016051;[];0;16593;-4095;1793;-740;-2130;-980;1287;274;405;137;211;45;0
2018/10/02/14:06:22.032237;[];0;16145;-3759;737;-860;-2044;-936;1306;287;277;204;211;45;0
2018/10/02/14:06:22.044097;[];0;15617;-3247;-31;-818;-2066;-906;1306;287;277;16;212;45;0
2018/10/02/14:06:22.057048;[];0;15425;-2959;-1407;-780;-2088;-926;1306;287;277;84;212;45;0
2018/10/02/14:06:22.069213;[];0;16081;-2399;-2191;-830;-2066;-792;1293;372;270;152;212;45;0
2018/10/02/14:06:22.085130;[];0;16353;-2527;-2719;-816;-2072;-776;1293;372;270;220;212;45;0
2018/10/02/14:06:22.097062;[];0;16321;-2639;-3599;-834;-2150;-774;1313;379;155;32;213;45;0
2018/10/02/14:06:22.110295;[];0;16929;-2223;-2911;-786;-2006;-734;1313;379;155;100;213;45;0
2018/10/02/14:06:22.122164;[];0;17377;-2111;-2431;-718;-2032;-694;1313;379;155;168;213;45;0
2018/10/02/14:06:22.138052;[];0;17217;-1375;-3071;-804;-1976;-774;1325;411;121;236;213;45;0
2018/10/02/14:06:22.151441;[];0;17345;-1183;-1343;-762;-1732;-540;1325;411;121;48;214;45;0
2018/10/02/14:06:22.163222;[];0;17473;-991;-1967;-692;-1640;-596;1345;411;40;116;214;45;0
2018/10/02/14:06:22.175075;[];0;17041;-287;-1919;-500;-1148;-654;1345;411;40;184;214;45;0
2018/10/02/14:06:22.188537;[];0;16449;209;-1743;-546;-944;-494;1345;411;40;252;214;45;0
2018/10/02/14:06:22.204262;[];0;15937;401;-2527;-580;-520;-438;1319;450;-27;64;215;45;0
2018/10/02/14:06:22.216089;[];0;16369;1;-2079;-498;-78;-398;1319;450;-27;149;215;45;0
2018/10/02/14:06:22.229270;[];0;16833;273;-2351;-358;206;-362;1319;450;-27;217;215;45;0
2018/10/02/14:06:22.241302;[];0;17329;737;-1807;-298;588;-352;1319;450;-27;29;216;45;0
2018/10/02/14:06:22.257118;[];0;18049;1105;-1279;-142;1006;-380;1319;450;-27;97;216;45;0
2018/10/02/14:06:22.270179;[];0;18161;961;-1583;-60;1238;-440;1300;503;0;165;216;45;0
2018/10/02/14:06:22.282313;[];0;17841;1073;-879;-76;1630;-380;1300;503;0;233;216;45;0
2018/10/02/14:06:22.294133;[];0;17905;1041;-1471;56;1954;-218;1281;509;40;45;217;45;0
2018/10/02/14:06:22.310058;[];0;18033;1233;-655;198;2256;-202;1281;509;40;113;217;45;0
2018/10/02/14:06:22.323310;[];0;18129;1057;-575;66;2570;-248;1281;509;40;181;217;45;0
2018/10/02/14:06:22.335171;[];0;18193;785;385;220;2876;-64;1306;509;168;249;217;45;0
2018/10/02/14:06:22.347034;[];0;18897;497;833;178;3208;60;1306;509;168;61;218;45;0
2018/10/02/14:06:22.364455;[];0;19441;33;1105;220;3414;-58;1236;496;297;129;218;45;0
2018/10/02/14:06:22.376262;[];0;19425;321;1713;266;3654;46;1236;496;297;197;218;45;0
2018/10/02/14:06:22.388059;[];0;20017;385;2865;248;3766;130;1236;496;297;9;219;45;0
2018/10/02/14:06:22.401323;[];0;20673;721;2977;168;4092;184;1178;503;398;77;219;45;0
2018/10/02/14:06:22.417257;[];0;20177;161;4561;76;4354;120;1178;503;398;162;219;45;0
2018/10/02/14:06:22.429074;[];0;20097;145;6897;-26;4358;264;1108;503;587;230;219;45;0
2018/10/02/14:06:22.442304;[];0;19281;177;5489;-114;4504;22;1108;503;587;42;220;45;0
2018/10/02/14:06:22.454252;[];0;19249;-367;6449;-92;4344;126;1108;503;587;110;220;45;0
2018/10/02/14:06:22.470055;[];0;18961;-447;4817;-150;4396;168;1031;450;743;178;220;45;0
2018/10/02/14:06:22.482378;[];0;19441;-31;5185;-150;4278;150;1031;450;743;246;220;45;0
2018/10/02/14:06:22.495253;[];0;19505;257;5697;-120;4276;-2;872;483;858;58;221;45;0
2018/10/02/14:06:22.507098;[];0;18625;529;6161;-336;4046;90;872;483;858;126;221;45;0
2018/10/02/14:06:22.519044;[];0;17937;497;8177;-510;3808;102;872;483;858;194;221;45;0
2018/10/02/14:06:22.536273;[];0;16145;-79;7697;-680;3718;6;750;431;979;6;222;45;0
2018/10/02/14:06:22.548656;[];0;15185;-351;9361;-702;3608;84;750;431;979;74;222;45;0
2018/10/02/14:06:22.560059;[];0;13617;-447;10225;-668;3340;-4;603;392;1094;142;222;45;0
2018/10/02/14:06:22.573336;[];0;13025;-399;11393;-668;3344;-38;603;392;1094;210;222;45;0
2018/10/02/14:06:22.589146;[];0;12785;-79;12737;-658;3332;-210;603;392;1094;22;223;45;0
2018/10/02/14:06:22.601074;[];0;11937;369;12865;-584;3336;-218;437;385;1209;90;223;45;0
2018/10/02/14:06:22.614625;[];0;11025;-207;13313;-490;3390;-296;437;385;1209;158;223;45;0
2018/10/02/14:06:22.626197;[];0;10545;-559;13537;-422;3448;-144;290;379;1236;243;223;45;0
2018/10/02/14:06:22.642056;[];0;10241;-751;14385;-536;3456;-234;290;379;1236;55;224;45;0
2018/10/02/14:06:22.655541;[];0;9889;-911;15585;-524;3366;-250;290;379;1236;123;224;45;0
2018/10/02/14:06:22.667286;[];0;9569;-175;15985;-490;3432;-290;143;300;1290;191;224;45;0
2018/10/02/14:06:22.679083;[];0;8593;-47;15889;-578;3558;-244;143;300;1290;3;225;45;0
2018/10/02/14:06:22.695375;[];0;7009;-159;14785;-416;3662;-250;-28;359;1290;71;225;45;0
2018/10/02/14:06:22.708942;[];0;6161;-703;15105;-486;3592;-170;-28;359;1290;139;225;45;0
2018/10/02/14:06:22.720097;[];0;5025;-1375;14161;-474;3682;-256;-28;359;1290;207;225;45;0
2018/10/02/14:06:22.732054;[];0;4737;-1231;14737;-292;3672;-332;-226;281;1277;19;226;45;0
2018/10/02/14:06:22.749228;[];0;4113;-1375;15025;-232;3638;-380;-226;281;1277;87;226;45;0
2018/10/02/14:06:22.761135;[];0;3841;-1311;16673;-52;3714;-262;-380;274;1202;155;226;45;0
2018/10/02/14:06:22.773073;[];0;2897;-1935;16209;-98;3782;-372;-380;274;1202;223;226;45;0
2018/10/02/14:06:22.786369;[];0;609;-1839;15505;-128;3584;-350;-380;274;1202;35;227;45;0
2018/10/02/14:06:22.798609;[];0;-383;-1903;16449;-110;3406;-284;-559;287;1222;103;227;45;0
2018/10/02/14:06:22.814069;[];0;-911;-2143;14849;-120;3368;-478;-559;287;1222;171;227;45;0
2018/10/02/14:06:22.827287;[];0;-1375;-3167;15665;78;3524;-378;-699;261;1135;0;228;45;0
2018/10/02/14:06:22.839142;[];0;-2495;-2847;15489;72;3526;-418;-699;261;1135;68;228;45;0
2018/10/02/14:06:22.851048;[];0;-3215;-3183;14977;90;3494;-248;-699;261;1135;136;228;45;0
2018/10/02/14:06:22.867370;[];0;-3999;-3455;14033;12;3482;-322;-878;287;1047;204;228;45;0
2018/10/02/14:06:22.880166;[];0;-5119;-3999;13681;52;3434;-362;-878;287;1047;16;229;45;0
2018/10/02/14:06:22.892062;[];0;-5743;-3695;12321;-68;3308;-324;-987;307;932;84;229;45;0
2018/10/02/14:06:22.904300;[];0;-5839;-3679;12033;-22;3266;-362;-987;307;932;135;229;45;0
2018/10/02/14:06:22.921207;[];0;-6511;-3583;10209;-70;3028;-162;-987;307;932;220;229;45;0
2018/10/02/14:06:22.933094;[];0;-7119;-4031;9089;-224;2880;-230;-1089;287;891;32;230;45;0
2018/10/02/14:06:22.945403;[];0;-6959;-4079;10465;-158;2798;-222;-1089;287;891;100;230;45;0
2018/10/02/14:06:22.958879;[];0;-7471;-3919;10209;-138;2594;-156;-1185;300;756;168;230;45;0
2018/10/02/14:06:22.974107;[];0;-8415;-3583;11633;-132;2576;-140;-1185;300;756;236;230;45;0
2018/10/02/14:06:22.986134;[];0;-9119;-4495;10961;-230;2460;14;-1185;300;756;48;231;45;0
2018/10/02/14:06:22.999232;[];0;-9791;-4527;10865;-340;2406;126;-1274;313;601;116;231;45;0
2018/10/02/14:06:23.011122;[];0;-10431;-3903;9809;-356;2288;12;-1274;313;601;184;231;45;0
2018/10/02/14:06:23.027171;[];0;-11151;-4271;8129;-392;2182;4;-1325;320;547;13;232;45;0
2018/10/02/14:06:23.040282;[];0;-11615;-3583;7681;-330;1984;62;-1325;320;547;81;232;45;0
2018/10/02/14:06:23.052133;[];0;-11727;-3247;8049;-326;1976;160;-1325;320;547;149;232;45;0
2018/10/02/14:06:23.064070;[];0;-11935;-2815;7905;-394;1918;148;-1408;294;439;217;232;45;0
2018/10/02/14:06:23.080379;[];0;-12639;-2799;6993;-252;1746;274;-1408;294;439;29;233;45;0
2018/10/02/14:06:23.093178;[];0;-13103;-3183;8145;-168;1706;410;-1383;326;385;97;233;45;0
2018/10/02/14:06:23.105083;[];0;-13919;-3647;6737;-52;1678;258;-1383;326;385;165;233;45;0
2018/10/02/14:06:23.117619;[];0;-13663;-3327;8369;104;1728;268;-1383;326;385;233;233;45;0
2018/10/02/14:06:23.130197;[];0;-15023;-271;7985;58;1666;278;-1415;307;317;45;234;45;0
2018/10/02/14:06:23.146070;[];0;-13519;-2863;7233;138;1734;336;-1415;307;317;113;234;45;0
2018/10/02/14:06:23.158421;[];0;-13727;-3007;4225;-36;1890;614;-1440;372;229;181;234;45;0
2018/10/02/14:06:23.171274;[];0;-13791;-3983;5169;-136;1834;476;-1440;372;229;249;234;45;0
2018/10/02/14:06:23.183045;[];0;-14095;-2783;2961;-222;1814;504;-1440;372;229;61;235;45;0
2018/10/02/14:06:23.199032;[];0;-13903;-1679;5569;-234;1734;670;-1434;431;155;129;235;45;0
2018/10/02/14:06:23.212569;[];0;-13903;-2911;5249;-226;1694;664;-1434;431;155;197;235;45;0
2018/10/02/14:06:23.224210;[];0;-15215;-2031;3041;-264;1670;518;-1415;411;13;26;236;45;0
2018/10/02/14:06:23.236062;[];0;-15231;-2047;2769;-212;1658;664;-1415;411;13;94;236;45;0
2018/10/02/14:06:23.252371;[];0;-14623;-1567;337;-262;1522;658;-1415;411;13;162;236;45;0
2018/10/02/14:06:23.265238;[];0;-14559;-1727;1745;-180;1422;606;-1447;457;-54;230;236;45;0
2018/10/02/14:06:23.277110;[];0;-14671;-1359;2257;-110;1186;596;-1447;457;-54;42;237;45;0
2018/10/02/14:06:23.289055;[];0;-15375;-1135;1425;-102;1240;580;-1383;490;-155;110;237;45;0
2018/10/02/14:06:23.306225;[];0;-16095;-1343;2017;-106;1082;660;-1383;490;-155;178;237;45;0
2018/10/02/14:06:23.318448;[];0;-15871;-1263;2417;-52;1048;672;-1383;490;-155;246;237;45;0
2018/10/02/14:06:23.330040;[];0;-15519;-687;961;-136;986;760;-1345;549;-175;58;238;45;0
2018/10/02/14:06:23.343317;[];0;-15983;-335;1697;-176;1016;676;-1345;549;-175;126;238;45;0
2018/10/02/14:06:23.359071;[];0;-15871;-335;849;-192;1030;712;-1357;555;-168;194;238;45;0
2018/10/02/14:06:23.371056;[];0;-15231;-303;1441;-142;1072;534;-1357;555;-168;6;239;45;0
2018/10/02/14:06:23.384403;[];0;-14895;401;1185;-148;994;570;-1357;555;-168;74;239;45;0
2018/10/02/14:06:23.396261;[];0;-15807;993;1617;-114;1012;630;-1319;575;-229;142;239;45;0
2018/10/02/14:06:23.408421;[];0;-15775;737;2145;-10;964;466;-1319;575;-229;210;239;45;0
2018/10/02/14:06:23.425655;[];0;-16639;385;2145;-8;1134;498;-1287;627;-270;39;240;45;0
2018/10/02/14:06:23.437314;[];0;-16063;689;2657;180;1260;406;-1287;627;-270;107;240;45;0
2018/10/02/14:06:23.449106;[];0;-15951;689;1601;42;1290;378;-1287;627;-270;175;240;45;0
2018/10/02/14:06:23.461126;[];0;-16319;993;961;144;1210;230;-1293;647;-344;243;240;45;0
2018/10/02/14:06:23.478680;[];0;-16911;1009;-719;186;1112;266;-1293;647;-344;55;241;45;0
2018/10/02/14:06:23.490089;[];0;-17039;785;-1439;296;1020;280;-1281;673;-378;122;241;45;0
2018/10/02/14:06:23.502046;[];0;-17263;689;-2351;450;978;288;-1281;673;-378;190;241;45;0
2018/10/02/14:06:23.515313;[];0;-17071;769;-2415;484;842;322;-1281;673;-378;2;242;45;0
2018/10/02/14:06:23.531100;[];0;-17343;961;-4399;654;626;414;-1230;699;-432;70;242;45;0
2018/10/02/14:06:23.543054;[];0;-17855;1009;-5519;570;438;300;-1230;699;-432;138;242;45;0
2018/10/02/14:06:23.556306;[];0;-17679;913;-5279;564;126;224;-1210;725;-486;206;242;45;0
2018/10/02/14:06:23.568534;[];0;-17583;897;-6399;596;-148;202;-1210;725;-486;18;243;45;0
2018/10/02/14:06:23.584066;[];0;-17167;1073;-5279;416;-486;288;-1210;725;-486;86;243;45;0
2018/10/02/14:06:23.599910;[];0;-16927;1281;-5823;200;-728;118;-1178;699;-486;154;243;45;0
2018/10/02/14:06:23.609180;[];0;-16687;1121;-4767;-72;-1142;-40;-1178;699;-486;222;243;45;0
2018/10/02/14:06:23.621087;[];0;-15903;625;-4719;-196;-1378;-10;-1191;732;-439;34;244;45;0
2018/10/02/14:06:23.637723;[];0;-16479;529;-4095;-422;-1676;56;-1191;732;-439;119;244;45;0
2018/10/02/14:06:23.650259;[];0;-15983;529;-2479;-636;-1870;-128;-1191;732;-439;187;244;45;0
2018/10/02/14:06:23.662114;[];0;-16079;353;-2223;-878;-2084;-206;-1210;686;-371;255;244;45;0
2018/10/02/14:06:23.674068;[];0;-16127;145;-1743;-930;-2358;-156;-1210;686;-371;67;245;45;0
2018/10/02/14:06:23.691236;[];0;-16623;-607;-1375;-1000;-2662;-152;-1268;699;-283;135;245;45;0
2018/10/02/14:06:23.703128;[];0;-15647;-911;-831;-926;-2770;-170;-1268;699;-283;203;245;45;0
2018/10/02/14:06:23.715077;[];0;-14991;-703;449;-948;-3034;-172;-1268;699;-283;15;246;45;0
2018/10/02/14:06:23.728645;[];0;-13839;-543;1617;-892;-3372;-236;-1268;718;-141;83;246;45;0
2018/10/02/14:06:23.740123;[];0;-12767;-79;2849;-822;-3588;-136;-1268;718;-141;151;246;45;0
2018/10/02/14:06:23.756065;[];0;-12015;-111;2225;-836;-3944;-152;-1300;686;54;219;246;45;0
2018/10/02/14:06:23.772574;[];0;-10623;-63;3809;-902;-4200;-274;-1300;686;54;31;247;45;0
2018/10/02/14:06:23.781257;[];0;-10239;-719;3153;-796;-4584;-80;-1300;686;54;99;247;45;0
2018/10/02/14:06:23.793041;[];0;-7839;-959;3313;-732;-4834;-200;-1287;660;304;167;247;45;0
2018/10/02/14:06:23.810400;[];0;-7839;-495;4513;-592;-5118;-350;-1287;660;304;235;247;45;0
2018/10/02/14:06:23.822229;[];0;-5663;-479;5681;-566;-5386;-354;-1172;620;506;47;248;45;0
2018/10/02/14:06:23.834117;[];0;-4719;-143;6801;-652;-5586;-400;-1172;620;506;115;248;45;0
2018/10/02/14:06:23.846071;[];0;-5007;-927;8273;-650;-5354;-422;-1172;620;506;200;248;45;0
2018/10/02/14:06:23.863276;[];0;-1807;625;22209;-710;-5576;-408;-1134;549;709;12;249;45;0
2018/10/02/14:06:23.875141;[];0;-1279;-4239;9873;-710;-5744;-432;-1134;549;709;80;249;45;0
2018/10/02/14:06:23.887042;[];0;-1007;-751;16577;-588;-5578;-570;-923;522;939;148;249;45;0
2018/10/02/14:06:23.900248;[];0;1121;1329;16177;-562;-5888;-466;-923;522;939;216;249;45;0
2018/10/02/14:06:23.916140;[];0;-47;2065;12737;-428;-5624;-350;-923;522;939;28;250;45;0
2018/10/02/14:06:23.928076;[];0;1313;-3903;19873;-534;-5462;-256;-763;437;1047;96;250;45;0
2018/10/02/14:06:23.943232;[];0;2097;-4223;16577;-708;-5220;-350;-763;437;1047;164;250;45;0
2018/10/02/14:06:23.953155;[];0;2689;-511;19921;-672;-5004;-296;-546;346;1202;232;250;45;0
2018/10/02/14:06:23.969049;[];0;2721;-3023;20129;-724;-4640;-108;-546;346;1202;44;251;45;0
2018/10/02/14:06:23.982446;[];0;3313;-4143;20209;-682;-4390;-76;-546;346;1202;112;251;45;0
2018/10/02/14:06:23.994183;[];0;3841;-2687;21041;-710;-3994;-106;-322;346;1283;180;251;45;0
2018/10/02/14:06:24.006054;[];0;4929;-2479;19905;-616;-3792;98;-322;346;1283;248;251;45;0
2018/10/02/14:06:24.018202;[];0;4849;-1743;20113;-482;-3572;128;-156;300;1310;60;252;45;0
2018/10/02/14:06:24.035265;[];0;5361;-2719;17777;-466;-3426;104;-156;300;1310;128;252;45;0
2018/10/02/14:06:24.047127;[];0;5569;-3055;15169;-410;-3232;316;67;300;1283;213;252;45;0
2018/10/02/14:06:24.059059;[];0;5649;-3903;14561;-330;-3080;262;67;300;1283;25;253;45;0
2018/10/02/14:06:24.072419;[];0;6881;-3311;15489;-264;-2780;224;67;300;1283;93;253;45;0
2018/10/02/14:06:24.088141;[];0;7233;-2063;15153;-170;-2748;468;175;254;1317;161;253;45;0
2018/10/02/14:06:24.100058;[];0;7569;-4175;14769;-238;-2466;484;175;254;1317;229;253;45;0
2018/10/02/14:06:24.113528;[];0;9505;-4463;14689;-182;-2402;440;175;254;1317;41;254;45;0
2018/10/02/14:06:24.125247;[];0;9745;-3119;14513;-182;-2538;448;322;281;1290;109;254;45;0
2018/10/02/14:06:24.141102;[];0;11121;-3535;13377;-258;-2382;382;322;281;1290;177;254;45;0
2018/10/02/14:06:24.154222;[];0;11377;-2911;11505;-216;-2416;380;437;241;1229;245;254;45;0
2018/10/02/14:06:24.166211;[];0;11297;-3103;11489;-188;-2464;454;437;241;1229;40;255;45;0
2018/10/02/14:06:24.178353;[];0;11633;-3359;9585;-240;-2498;490;437;241;1229;125;255;45;0
2018/10/02/14:06:24.195077;[];0;11953;-3535;8689;-234;-2530;494;578;209;1155;193;255;45;0
2018/10/02/14:06:24.207346;[];0;12273;-3215;10161;-268;-2664;384;578;209;1155;5;0;46;0
2018/10/02/14:06:24.219149;[];0;12577;-2895;9265;-246;-2568;390;654;202;1114;73;0;46;0
2018/10/02/14:06:24.231074;[];0;12289;-2927;9665;-286;-2564;356;654;202;1114;141;0;46;0
2018/10/02/14:06:24.249228;[];0;12017;-2655;9457;-296;-2540;298;782;189;1101;226;0;46;0
2018/10/02/14:06:24.260215;[];0;12273;-3023;9521;-290;-2680;224;782;189;1101;38;1;46;0
2018/10/02/14:06:24.272077;[];0;12625;-3167;8753;-370;-2672;90;782;189;1101;106;1;46;0
2018/10/02/14:06:24.285404;[];0;13409;-2991;9633;-438;-2708;146;904;150;1013;174;1;46;0
2018/10/02/14:06:24.301269;[];0;13633;-3103;9105;-310;-2696;-232;904;150;1013;242;1;46;0
2018/10/02/14:06:24.313121;[];0;13841;-3951;7121;-422;-2644;-138;904;150;1013;54;2;46;0
2018/10/02/14:06:24.326061;[];0;14193;-3423;6945;-384;-2584;-220;974;156;878;122;2;46;0
2018/10/02/14:06:24.338729;[];0;13617;-3439;6049;-546;-2494;-400;974;156;878;190;2;46;0
2018/10/02/14:06:24.350106;[];0;13185;-3279;5857;-402;-2374;-490;1076;156;831;2;3;46;0
2018/10/02/14:06:24.367067;[];0;13345;-3471;5201;-510;-2490;-534;1076;156;831;70;3;46;0
2018/10/02/14:06:24.379211;[];0;14161;-3247;5521;-466;-2462;-536;1076;156;831;138;3;46;0
2018/10/02/14:06:24.391178;[];0;14577;-3487;4817;-550;-2412;-660;1140;209;729;206;3;46;0
2018/10/02/14:06:24.403039;[];0;15025;-3199;4849;-482;-2294;-816;1140;209;729;18;4;46;0
2018/10/02/14:06:24.420624;[];0;14753;-4063;3857;-514;-2134;-790;1198;202;648;103;4;46;0
2018/10/02/14:06:24.436141;[];0;15361;-3967;3105;-560;-2056;-930;1198;202;648;171;4;46;0
2018/10/02/14:06:24.448343;[];0;15729;-3503;3649;-446;-1980;-946;1217;215;614;239;4;46;0
2018/10/02/14:06:24.461533;[];0;16225;-3679;2417;-462;-1894;-828;1217;215;614;51;5;46;0
2018/10/02/14:06:24.473292;[];0;16753;-3695;1985;-580;-1746;-992;1217;215;614;119;5;46;0
2018/10/02/14:06:24.489065;[];0;16833;-3487;817;-526;-1758;-954;1274;248;547;187;5;46;0
2018/10/02/14:06:24.502449;[];0;16705;-2623;49;-528;-1594;-1106;1274;248;547;16;6;46;0
2018/10/02/14:06:24.514477;[];0;16865;-1935;497;-626;-1534;-1074;1281;281;452;84;6;46;0
2018/10/02/14:06:24.526106;[];0;16753;-1535;433;-594;-1346;-828;1281;281;452;152;6;46;0
2018/10/02/14:06:24.539157;[];0;16689;-1919;1713;-572;-1170;-934;1281;281;452;220;6;46;0
2018/10/02/14:06:24.555286;[];0;17601;-1615;2129;-528;-1054;-780;1306;287;358;32;7;46;0
2018/10/02/14:06:24.567105;[];0;17873;-1743;1969;-526;-842;-890;1306;287;358;100;7;46;0
2018/10/02/14:06:24.580066;[];0;18785;-1311;1937;-528;-604;-932;1293;320;405;168;7;46;0
2018/10/02/14:06:24.593436;[];0;18113;-1039;1521;-320;-230;-762;1293;320;405;236;7;46;0
2018/10/02/14:06:24.608142;[];0;18001;-575;1313;-442;-134;-660;1293;320;405;48;8;46;0
2018/10/02/14:06:24.620052;[];0;18593;-639;225;-366;158;-556;1293;372;364;116;8;46;0
2018/10/02/14:06:24.633390;[];0;18273;-735;257;-322;412;-606;1293;372;364;184;8;46;0
2018/10/02/14:06:24.645238;[];0;18353;-639;609;-276;770;-316;1268;398;378;252;8;46;0
2018/10/02/14:06:24.661090;[];0;18513;-223;817;-374;1002;-342;1268;398;378;64;9;46;0
2018/10/02/14:06:24.674041;[];0;18401;-383;1313;-262;1224;-222;1268;398;378;132;9;46;0
2018/10/02/14:06:24.686293;[];0;17841;193;3009;-290;1598;-74;1268;398;385;217;9;46;0
2018/10/02/14:06:24.698232;[];0;17953;145;3825;-196;1832;-52;1268;398;385;29;10;46;0
2018/10/02/14:06:24.715063;[];0;17633;417;4689;-132;2214;56;1198;379;479;97;10;46;0
2018/10/02/14:06:24.727284;[];0;17649;433;5425;-16;2494;116;1198;379;479;165;10;46;0
2018/10/02/14:06:24.739132;[];0;17985;689;6193;102;2790;90;1198;379;479;233;10;46;0
2018/10/02/14:06:24.752075;[];0;18385;817;7809;134;3134;192;1185;385;594;45;11;46;0
2018/10/02/14:06:24.770265;[];0;17777;705;7585;134;3704;388;1185;385;594;113;11;46;0
2018/10/02/14:06:24.780187;[];0;16657;-63;8705;202;3884;426;1070;339;756;181;11;46;0
2018/10/02/14:06:24.792098;[];0;16737;-879;9121;252;4354;390;1070;339;756;249;11;46;0
2018/10/02/14:06:24.805376;[];0;16673;-1295;8065;344;4398;382;1070;339;756;61;12;46;0
2018/10/02/14:06:24.817211;[];0;18081;-735;10257;392;4706;542;968;313;851;129;12;46;0
2018/10/02/14:06:24.833150;[];0;18609;17;10497;230;4682;522;968;313;851;197;12;46;0
2018/10/02/14:06:24.846071;[];0;18401;-127;9921;228;5014;582;801;300;1020;9;13;46;0
2018/10/02/14:06:24.858559;[];0;18705;-367;11089;88;4904;604;801;300;1020;77;13;46;0
2018/10/02/14:06:24.870115;[];0;17329;-607;8673;8;4910;510;801;300;1020;145;13;46;0
2018/10/02/14:06:24.887088;[];0;17809;-1535;15409;92;4552;606;629;320;1114;213;13;46;0
2018/10/02/14:06:24.899419;[];0;15665;-2591;12225;-152;4272;300;629;320;1114;42;14;46;0
2018/10/02/14:06:24.911217;[];0;14337;-2319;10257;-258;4554;132;424;313;1222;110;14;46;0
2018/10/02/14:06:24.924097;[];0;14497;-1423;14721;-344;4284;4;424;313;1222;178;14;46;0
2018/10/02/14:06:24.940600;[];0;12081;-1071;8273;-442;4130;-134;424;313;1222;245;14;46;0
2018/10/02/14:06:24.952302;[];0;12545;-1215;13473;-598;4028;-104;252;294;1250;57;15;46;0
2018/10/02/14:06:24.965140;[];0;10225;-1279;10449;-536;3768;-166;252;294;1250;125;15;46;0
2018/10/02/14:06:24.977087;[];0;9313;-687;12321;-500;3648;-238;41;281;1290;193;15;46;0
2018/10/02/14:06:24.993316;[];0;10177;-1055;14561;-578;3432;-302;41;281;1290;5;16;46;0
2018/10/02/14:06:25.005157;[];0;8481;369;10945;-662;3540;-470;41;281;1290;73;16;46;0
2018/10/02/14:06:25.018107;[];0;6065;-655;14305;-680;3274;-484;-137;222;1290;141;16;46;0
2018/10/02/14:06:25.030498;[];0;4609;-2111;12017;-670;3044;-488;-137;222;1290;209;16;46;0
2018/10/02/14:06:25.046169;[];0;4145;-1615;12641;-654;2870;-548;-297;202;1344;21;17;46;0
2018/10/02/14:06:25.059094;[];0;3713;-1311;13745;-412;2570;-516;-297;202;1344;89;17;46;0
2018/10/02/14:06:25.071847;[];0;3185;-2927;13089;-370;2606;-626;-297;202;1344;157;17;46;0
2018/10/02/14:06:25.083279;[];0;4081;-1663;14401;-346;2446;-604;-418;183;1256;225;17;46;0
2018/10/02/14:06:25.100090;[];0;3345;-1071;13313;-282;2276;-620;-418;183;1256;54;18;46;0
2018/10/02/14:06:25.112335;[];0;1169;-2175;12737;-178;2236;-594;-565;202;1236;122;18;46;0
2018/10/02/14:06:25.124216;[];0;-783;-3583;14065;-280;2072;-604;-565;202;1236;190;18;46;0
2018/10/02/14:06:25.137172;[];0;-1439;-5263;13889;-120;1830;-602;-565;202;1236;2;19;46;0
2018/10/02/14:06:25.149060;[];0;-1327;-4575;15505;90;1986;-666;-693;104;1162;70;19;46;0
2018/10/02/14:06:25.165243;[];0;-1263;-3967;15425;32;1872;-660;-693;104;1162;138;19;46;0
2018/10/02/14:06:25.177136;[];0;-1951;-3887;15361;48;1888;-616;-680;124;1209;206;19;46;0
2018/10/02/14:06:25.190062;[];0;-3023;-2399;14497;52;1896;-638;-680;124;1209;18;20;46;0
2018/10/02/14:06:25.202545;[];0;-5407;-3135;14193;-128;2016;-662;-680;124;1209;86;20;46;0
2018/10/02/14:06:25.218485;[];0;-7119;-3679;16001;-168;2166;-644;-808;124;1074;154;20;46;0
2018/10/02/14:06:25.231077;[];0;-7423;-3903;16449;-340;2420;-422;-808;124;1074;222;20;46;0
2018/10/02/14:06:25.243344;[];0;-6383;-4463;18289;-334;2746;-226;-955;78;1040;34;21;46;0
2018/10/02/14:06:25.255186;[];0;-4543;-4543;17409;-420;2846;-96;-955;78;1040;102;21;46;0
2018/10/02/14:06:25.272098;[];0;-4047;-4191;14257;-368;3056;-268;-955;78;1040;170;21;46;0
2018/10/02/14:06:25.284080;[];0;-4031;-4095;13745;-580;2940;-184;-1038;84;966;238;21;46;0
2018/10/02/14:06:25.296315;[];0;-5391;-4079;11105;-674;2848;-64;-1038;84;966;67;22;46;0
2018/10/02/14:06:25.309193;[];0;-5263;-4991;12481;-720;2770;-94;-1166;58;885;135;22;46;0
2018/10/02/14:06:25.325101;[];0;-6383;-5391;13569;-952;2520;48;-1166;58;885;203;22;46;0
2018/10/02/14:06:25.337469;[];0;-8255;-5455;12849;-1028;2626;140;-1166;58;885;15;23;46;0
2018/10/02/14:06:25.350213;[];0;-9327;-6015;13425;-1068;2686;14;-1255;-6;777;83;23;46;0
2018/10/02/14:06:25.362102;[];0;-9759;-6399;11153;-988;2458;92;-1255;-6;777;151;23;46;0
2018/10/02/14:06:25.378795;[];0;-9263;-6191;10769;-878;2488;204;-1319;19;662;219;23;46;0
2018/10/02/14:06:25.390303;[];0;-9535;-5743;11281;-628;2392;226;-1319;19;662;31;24;46;0
2018/10/02/14:06:25.403116;[];0;-9823;-5983;10433;-612;2368;206;-1319;19;662;99;24;46;0
2018/10/02/14:06:25.415160;[];0;-10959;-6319;8673;-456;2242;342;-1364;19;567;167;24;46;0
2018/10/02/14:06:25.427263;[];0;-11519;-6287;8657;-306;2116;424;-1364;19;567;235;24;46;0
2018/10/02/14:06:25.444097;[];0;-12079;-6687;8705;-164;2048;574;-1364;26;479;47;25;46;0
2018/10/02/14:06:25.456063;[];0;-11967;-6703;8353;-54;2002;676;-1364;26;479;115;25;46;0
2018/10/02/14:06:25.468262;[];0;-11903;-6687;7393;52;1856;746;-1364;26;479;183;25;46;0
2018/10/02/14:06:25.481127;[];0;-12559;-6255;7345;152;1788;834;-1376;104;371;251;25;46;0
2018/10/02/14:06:25.497068;[];0;-12287;-6351;5921;168;1646;940;-1376;104;371;63;26;46;0
2018/10/02/14:06:25.509246;[];0;-12383;-6447;6081;370;1466;1028;-1402;104;290;148;26;46;0
2018/10/02/14:06:25.522165;[];0;-12991;-5455;6049;406;1230;1108;-1402;104;290;216;26;46;0
2018/10/02/14:06:25.534058;[];0;-13551;-4319;5489;386;1086;1180;-1402;104;290;28;27;46;0
2018/10/02/14:06:25.550356;[];0;-13567;-4751;6161;330;960;1382;-1428;215;236;96;27;46;0
2018/10/02/14:06:25.562244;[];0;-13823;-4431;5537;230;1084;1466;-1428;215;236;164;27;46;0
2018/10/02/14:06:25.575108;[];0;-14031;-3791;6369;264;1062;1388;-1440;261;175;232;27;46;0
2018/10/02/14:06:25.587691;[];0;-14319;-3423;5761;192;882;1500;-1440;261;175;44;28;46;0
2018/10/02/14:06:25.603284;[];0;-14607;-2751;5937;98;866;1294;-1440;261;175;112;28;46;0
2018/10/02/14:06:25.616105;[];0;-14591;-1935;5713;20;942;1260;-1402;339;135;180;28;46;0
2018/10/02/14:06:25.628827;[];0;-14623;-1583;5377;-16;804;1144;-1402;339;135;248;28;46;0
2018/10/02/14:06:25.640306;[];0;-14847;-799;4993;-178;656;1224;-1421;405;101;60;29;46;0
2018/10/02/14:06:25.657147;[];0;-15279;-495;5073;-256;554;1076;-1421;405;101;128;29;46;0
2018/10/02/14:06:25.669348;[];0;-15023;113;4721;-284;450;952;-1421;405;101;196;29;46;0
2018/10/02/14:06:25.681362;[];0;-15199;545;4561;-178;362;812;-1357;457;60;8;30;46;0
2018/10/02/14:06:25.694169;[];0;-15647;497;4513;-236;354;580;-1357;457;60;76;30;46;0
2018/10/02/14:06:25.710095;[];0;-16015;881;4481;-306;196;470;-1383;503;87;144;30;46;0
2018/10/02/14:06:25.722404;[];0;-16271;929;4177;-148;126;260;-1383;503;87;229;30;46;0
2018/10/02/14:06:25.735192;[];0;-16095;1329;4881;-206;50;266;-1383;503;87;41;31;46;0
2018/10/02/14:06:25.747095;[];0;-15967;1281;5297;-140;50;-4;-1376;509;54;109;31;46;0
2018/10/02/14:06:25.759536;[];0;-15887;1409;4561;-48;26;-160;-1376;509;54;177;31;46;0
2018/10/02/14:06:25.775196;[];0;-15871;1073;4225;38;-22;-278;-1338;503;13;245;31;46;0
2018/10/02/14:06:25.788170;[];0;-15743;641;3905;92;-90;-296;-1338;503;13;57;32;46;0
2018/10/02/14:06:25.800719;[];0;-16207;209;4289;52;-196;-282;-1338;503;13;125;32;46;0
2018/10/02/14:06:25.812277;[];0;-16351;-207;4609;244;-324;-436;-1351;503;94;193;32;46;0
2018/10/02/14:06:25.829122;[];0;-16095;-751;4449;256;-504;-516;-1351;503;94;5;33;46;0
2018/10/02/14:06:25.841704;[];0;-15743;-1215;4513;240;-464;-498;-1351;470;94;73;33;46;0
2018/10/02/14:06:25.853336;[];0;-15903;-1327;3969;242;-594;-474;-1351;470;94;141;33;46;0
2018/10/02/14:06:25.866143;[];0;-15359;-1871;3921;238;-694;-556;-1351;470;94;209;33;46;0
2018/10/02/14:06:25.882655;[];0;-15375;-2207;3969;236;-860;-678;-1370;411;87;21;34;46;0
2018/10/02/14:06:25.894501;[];0;-15359;-2575;4609;196;-964;-476;-1370;411;87;89;34;46;0
2018/10/02/14:06:25.907143;[];0;-14719;-2831;4545;184;-1216;-336;-1383;398;135;157;34;46;0
2018/10/02/14:06:25.921396;[];0;-14543;-2927;4561;170;-1376;-408;-1383;398;135;242;34;46;0
2018/10/02/14:06:25.935215;[];0;-14495;-2719;5009;128;-1606;-254;-1383;398;135;54;35;46;0
2018/10/02/14:06:25.947123;[];0;-13999;-2831;5377;150;-1874;-252;-1364;418;202;122;35;46;0
2018/10/02/14:06:25.960065;[];0;-14303;-2687;5313;88;-1986;-198;-1364;418;202;190;35;46;0
2018/10/02/14:06:25.972326;[];0;-13775;-2111;6737;128;-2082;-74;-1376;372;310;2;36;46;0
2018/10/02/14:06:25.988180;[];0;-13583;-1871;6289;128;-2194;-110;-1376;372;310;70;36;46;0
2018/10/02/14:06:26.001084;[];0;-13311;-1999;6961;12;-2362;-142;-1376;372;310;138;36;46;0
2018/10/02/14:06:26.013300;[];0;-12383;-2607;7233;62;-2492;-142;-1338;366;398;206;36;46;0
2018/10/02/14:06:26.025292;[];0;-11807;-2367;7729;12;-2618;-58;-1338;366;398;18;37;46;0
2018/10/02/14:06:26.038167;[];0;-10655;-1983;8225;126;-2942;-50;-1281;352;560;86;37;46;0
2018/10/02/14:06:26.054406;[];0;-10511;-1839;7025;118;-3052;-116;-1281;352;560;154;37;46;0
2018/10/02/14:06:26.066235;[];0;-10047;-1359;9425;42;-3038;-148;-1281;352;560;222;37;46;0
2018/10/02/14:06:26.079083;[];0;-9263;-1615;10193;-78;-3202;58;-1236;333;662;34;38;46;0
2018/10/02/14:06:26.091357;[];0;-7727;-1471;12945;-70;-3186;-96;-1236;333;662;102;38;46;0
2018/10/02/14:06:26.107254;[];0;-6783;-2063;11793;-190;-3296;-46;-1153;346;750;170;38;46;0
2018/10/02/14:06:26.120138;[];0;-6143;-1583;12529;-46;-3240;-70;-1153;346;750;255;38;46;0
2018/10/02/14:06:26.132243;[];0;-4351;-1039;15665;80;-3338;66;-1153;346;750;67;39;46;0
2018/10/02/14:06:26.144235;[];0;-4319;-991;15985;60;-3308;-12;-1044;287;878;135;39;46;0
2018/10/02/14:06:26.160146;[];0;-4799;-2047;16065;128;-3316;-16;-1044;287;878;203;39;46;0
2018/10/02/14:06:26.173116;[];0;-3583;-511;16113;-54;-3242;220;-936;300;979;15;40;46;0
2018/10/02/14:06:26.185337;[];0;-4239;-847;14673;-90;-2978;28;-936;300;979;83;40;46;0
2018/10/02/14:06:26.197315;[];0;-3487;-1759;16081;-234;-2852;126;-936;300;979;151;40;46;0
2018/10/02/14:06:26.214109;[];0;-2239;-2095;16097;-106;-2780;168;-846;320;1060;219;40;46;0
2018/10/02/14:06:26.229373;[];0;-1855;-2079;18513;-52;-2808;186;-846;320;1060;31;41;46;0
2018/10/02/14:06:26.238153;[];0;-1551;-751;17489;-20;-2710;150;-693;287;1094;99;41;46;0
2018/10/02/14:06:26.251086;[];0;-1311;-159;18401;70;-2468;308;-693;287;1094;167;41;46;0
2018/10/02/14:06:26.267590;[];0;-431;225;18705;256;-2394;176;-693;287;1094;235;41;46;0
2018/10/02/14:06:26.279177;[];0;-415;-607;18097;366;-2090;322;-578;287;1168;47;42;46;0
2018/10/02/14:06:26.292161;[];0;-1551;-1279;19217;378;-1976;480;-578;287;1168;115;42;46;0
2018/10/02/14:06:26.304095;[];0;-1391;-1519;17857;390;-1866;542;-476;346;1168;183;42;46;0
2018/10/02/14:06:26.320311;[];0;-767;-1231;18529;486;-1308;354;-476;346;1168;12;43;46;0
2018/10/02/14:06:26.332168;[];0;-559;-399;18417;430;-1098;390;-476;346;1168;80;43;46;0
2018/10/02/14:06:26.345111;[];0;337;-255;17937;584;-972;286;-412;379;1229;148;43;46;0
2018/10/02/14:06:26.357668;[];0;865;417;17601;634;-712;160;-412;379;1229;216;43;46;0
2018/10/02/14:06:26.369255;[];0;801;465;16881;686;-574;338;-412;379;1222;28;44;46;0
2018/10/02/14:06:26.386114;[];0;1297;1937;17905;904;-296;192;-412;379;1222;96;44;46;0
2018/10/02/14:06:26.398355;[];0;1825;2385;16145;1044;-214;0;-412;379;1222;163;44;46;0
2018/10/02/14:06:26.410263;[];0;1969;2689;16017;1246;-106;-78;-373;437;1155;231;44;46;0
2018/10/02/14:06:26.423101;[];0;1985;3409;15137;1440;-66;-272;-373;437;1155;43;45;46;0
2018/10/02/14:06:26.439074;[];0;2657;3489;15345;1592;-86;-436;-341;464;1182;111;45;46;0
2018/10/02/14:06:26.452388;[];0;657;2705;15697;1638;-132;-544;-341;464;1182;179;45;46;0
2018/10/02/14:06:26.464217;[];0;-31;2977;15473;1914;14;-960;-341;464;1182;8;46;46;0
2018/10/02/14:06:26.476098;[];0;417;2385;16481;1974;-78;-884;-361;581;1121;59;46;46;0
2018/10/02/14:06:26.492425;[];0;385;3057;16321;2018;72;-1098;-361;581;1121;127;46;46;0
2018/10/02/14:06:26.505294;[];0;465;3761;17089;2082;70;-1026;-399;620;1094;195;46;46;0
2018/10/02/14:06:26.517127;[];0;369;3665;16305;2278;54;-1276;-399;620;1094;7;47;46;0
2018/10/02/14:06:26.529378;[];0;673;3921;15873;2364;32;-1324;-399;620;1094;92;47;46;0
2018/10/02/14:06:26.554172;[];0;1041;3889;15601;2390;82;-1402;-469;686;1033;143;47;46;0
2018/10/02/14:06:26.570105;[];0;-591;3553;16081;2722;124;-1276;-501;751;1000;57;48;46;0
2018/10/02/14:06:26.582336;[];0;-1103;4017;15697;2864;132;-1398;-501;751;1000;108;48;46;0
2018/10/02/14:06:26.595195;[];0;-751;4897;15649;2838;164;-1244;-501;751;1000;159;48;46;0
2018/10/02/14:06:26.607077;[];0;-239;5233;14801;3088;142;-966;-520;830;871;244;48;46;0
2018/10/02/14:06:26.623654;[];0;385;5985;14545;3284;222;-848;-520;830;871;56;49;46;0
2018/10/02/14:06:26.636239;[];0;465;6929;13521;3334;126;-672;-571;915;743;124;49;46;0
2018/10/02/14:06:26.648200;[];0;369;7329;13297;3426;40;-630;-571;915;743;192;49;46;0
2018/10/02/14:06:26.660372;[];0;-175;8113;12401;3434;-70;-422;-571;915;743;4;50;46;0
2018/10/02/14:06:26.677271;[];0;-687;8721;10321;3636;54;-442;-635;1013;668;72;50;46;0
2018/10/02/14:06:26.689130;[];0;-559;9953;10753;3712;-92;-476;-635;1013;668;140;50;46;0
2018/10/02/14:06:26.701104;[];0;-319;10929;9393;3842;-186;-202;-597;1117;527;208;50;46;0
2018/10/02/14:06:26.713362;[];0;-143;11409;9521;3970;-238;-290;-597;1117;527;20;51;46;0
2018/10/02/14:06:26.730116;[];0;-175;12081;9681;3864;-244;-276;-597;1117;527;88;51;46;0
2018/10/02/14:06:26.742086;[];0;-31;11825;8449;3994;-166;-286;-597;1176;385;156;51;46;0
2018/10/02/14:06:26.754619;[];0;-655;13169;5905;3976;-346;-344;-597;1176;385;224;51;46;0
2018/10/02/14:06:26.767287;[];0;-1071;14097;6145;4038;-260;-330;-597;1176;385;19;52;46;0
2018/10/02/14:06:26.783104;[];0;-1135;14049;5649;3890;-248;-226;-603;1222;236;104;52;46;0
2018/10/02/14:06:26.795385;[];0;-1359;14369;5249;3752;-224;-260;-603;1222;236;172;52;46;0
2018/10/02/14:06:26.808347;[];0;-1135;14785;5441;3984;-36;-386;-623;1267;60;1;53;46;0
2018/10/02/14:06:26.820130;[];0;-1567;15585;4065;3806;62;-520;-623;1267;60;69;53;46;0
2018/10/02/14:06:26.836071;[];0;-1391;14129;3937;3548;-6;-362;-699;1267;-135;137;53;46;0
2018/10/02/14:06:26.849272;[];0;-1247;14513;2529;3364;50;-368;-699;1267;-135;205;53;46;0
2018/10/02/14:06:26.861297;[];0;-1855;14497;993;3048;36;-254;-699;1267;-135;17;54;46;0
2018/10/02/14:06:26.873088;[];0;-1711;15313;17;2774;218;-356;-680;1222;-256;102;54;46;0
2018/10/02/14:06:26.885401;[];0;-1535;15649;17;2612;316;-266;-680;1222;-256;153;54;46;0
2018/10/02/14:06:26.902281;[];0;-1471;14977;-447;2350;226;-288;-680;1169;-364;221;54;46;0
2018/10/02/14:06:26.914123;[];0;-2031;15105;-271;2068;392;-352;-680;1169;-364;33;55;46;0
2018/10/02/14:06:26.930268;[];0;-2511;15089;-1871;1866;478;-282;-680;1169;-364;118;55;46;0
2018/10/02/14:06:26.943300;[];0;-2495;14817;-3343;1604;494;-334;-699;1169;-479;186;55;46;0
2018/10/02/14:06:26.955175;[];0;-2735;15057;-4207;1278;368;-140;-699;1169;-479;254;55;46;0
2018/10/02/14:06:26.971105;[];0;-2895;14785;-5039;1006;494;-166;-635;1117;-527;66;56;46;0
2018/10/02/14:06:26.984361;[];0;-2655;14369;-5247;736;466;-160;-635;1117;-527;134;56;46;0
2018/10/02/14:06:26.996197;[];0;-2703;14497;-5071;300;382;266;-635;1117;-527;202;56;46;0
2018/10/02/14:06:27.008101;[];0;-2463;14721;-5151;56;324;118;-654;1117;-594;14;57;46;0
2018/10/02/14:06:27.025346;[];0;-2319;15265;-5567;-202;292;146;-654;1117;-594;82;57;46;0
2018/10/02/14:06:27.037266;[];0;-2303;15729;-4927;-660;344;190;-642;1117;-587;150;57;46;0
2018/10/02/14:06:27.049126;[];0;-2063;16081;-4175;-1148;364;168;-642;1117;-587;235;57;46;0
2018/10/02/14:06:27.062581;[];0;-2047;16481;-3567;-1674;308;324;-642;1117;-587;47;58;46;0
2018/10/02/14:06:27.074289;[];0;-1935;16193;-2735;-2212;446;404;-616;1137;-574;115;58;46;0
2018/10/02/14:06:27.090138;[];0;-2095;15953;-2815;-2692;338;392;-616;1137;-574;183;58;46;0
2018/10/02/14:06:27.102384;[];0;-2111;15361;-2335;-3126;446;452;-597;1215;-466;251;58;46;0
2018/10/02/14:06:27.115198;[];0;-1903;15569;-1295;-3510;348;438;-597;1215;-466;63;59;46;0
2018/10/02/14:06:27.127113;[];0;-1791;16081;-431;-3824;338;460;-597;1215;-466;131;59;46;0
2018/10/02/14:06:27.143169;[];0;-1791;16353;1249;-4152;420;558;-559;1222;-324;199;59;46;0
2018/10/02/14:06:27.156197;[];0;-1423;15937;2641;-4428;268;532;-559;1222;-324;11;60;46;0
2018/10/02/14:06:27.168140;[];0;-1375;16161;3857;-4624;112;610;-565;1300;-128;79;60;46;0
2018/10/02/14:06:27.180078;[];0;-1119;15425;4241;-4806;424;524;-565;1300;-128;147;60;46;0
2018/10/02/14:06:27.197324;[];0;-1215;14689;4033;-4868;360;592;-565;1300;-128;215;60;46;0
2018/10/02/14:06:27.209174;[];0;-783;13553;4945;-5078;380;586;-520;1313;47;27;61;46;0
2018/10/02/14:06:27.221127;[];0;-623;14177;5537;-5262;350;596;-520;1313;47;95;61;46;0
2018/10/02/14:06:27.234289;[];0;-127;15041;9249;-5508;300;366;-501;1267;277;163;61;46;0
2018/10/02/14:06:27.250228;[];0;289;14225;11857;-5588;310;296;-501;1267;277;231;61;46;0
2018/10/02/14:06:27.262123;[];0;369;12161;12721;-5764;428;244;-501;1267;277;60;62;46;0
2018/10/02/14:06:27.275329;[];0;-143;10225;13569;-5698;538;224;-507;1124;540;128;62;46;0
2018/10/02/14:06:27.287276;[];0;641;8209;12753;-5812;544;162;-507;1124;540;179;62;46;0
2018/10/02/14:06:27.303106;[];0;929;7105;12417;-5782;500;286;-482;1019;756;8;63;46;0
2018/10/02/14:06:27.315112;[];0;1169;6625;13425;-5790;502;456;-482;1019;756;76;63;46;0
2018/10/02/14:06:27.328308;[];0;1041;4385;15201;-5790;658;640;-482;1019;756;144;63;46;0
2018/10/02/14:06:27.340140;[];0;1249;3297;16417;-5760;574;748;-501;823;945;212;63;46;0
2018/10/02/14:06:27.352083;[];0;1185;1729;16369;-5500;642;832;-501;823;945;24;64;46;0
2018/10/02/14:06:27.369270;[];0;897;801;16529;-5574;628;910;-495;614;1094;92;64;46;0
2018/10/02/14:06:27.381170;[];0;193;177;15857;-5404;600;928;-495;614;1094;160;64;46;0
2018/10/02/14:06:27.393095;[];0;-159;-767;15713;-5374;584;1002;-495;614;1094;228;64;46;0
2018/10/02/14:06:27.406607;[];0;-239;-1311;15953;-5218;582;1010;-514;398;1195;40;65;46;0
2018/10/02/14:06:27.422181;[];0;-879;-2175;16113;-5110;560;1112;-514;398;1195;108;65;46;0
2018/10/02/14:06:27.434087;[];0;-991;-2639;16433;-5192;556;968;-514;209;1290;176;65;46;0
2018/10/02/14:06:27.448179;[];0;-1215;-3567;16481;-5126;536;1032;-514;209;1290;244;65;46;0
2018/10/02/14:06:27.459264;[];0;-1471;-4943;15537;-5074;544;884;-514;209;1290;73;66;46;0
2018/10/02/14:06:27.475111;[];0;-1775;-6239;15121;-4886;536;870;-539;-26;1263;141;66;46;0
2018/10/02/14:06:27.487382;[];0;-1839;-6543;14209;-4816;586;708;-539;-26;1263;209;66;46;0
2018/10/02/14:06:27.500253;[];0;-2223;-7007;12449;-4782;516;664;-552;-209;1236;21;67;46;0
2018/10/02/14:06:27.512125;[];0;-2175;-8111;12289;-4650;456;628;-552;-209;1236;89;67;46;0
2018/10/02/14:06:27.528290;[];0;-2655;-8767;11473;-4648;360;440;-552;-209;1236;157;67;46;0
2018/10/02/14:06:27.541304;[];0;-2511;-9311;12337;-4540;550;458;-578;-385;1229;225;67;46;0
2018/10/02/14:06:27.553165;[];0;-2511;-9919;11121;-4540;504;328;-578;-385;1229;37;68;46;0
2018/10/02/14:06:27.565103;[];0;-2575;-10527;10945;-4278;426;248;-629;-614;1135;105;68;46;0
2018/10/02/14:06:27.582316;[];0;-2639;-10959;9841;-4070;320;224;-629;-614;1135;173;68;46;0
2018/10/02/14:06:27.594172;[];0;-3199;-11567;8193;-3938;310;164;-629;-614;1135;241;68;46;0
2018/10/02/14:06:27.606088;[];0;-3631;-12207;7505;-3888;292;166;-648;-751;1027;53;69;46;0
2018/10/02/14:06:27.619563;[];0;-3599;-12815;6689;-3604;244;92;-648;-751;1027;121;69;46;0
2018/10/02/14:06:27.635395;[];0;-3407;-13295;6209;-3518;266;-44;-610;-901;979;189;69;46;0
2018/10/02/14:06:27.647107;[];0;-3759;-13647;5201;-3332;186;-206;-610;-901;979;1;70;46;0
2018/10/02/14:06:27.660243;[];0;-3503;-14863;4369;-3190;180;-270;-610;-901;979;86;70;46;0
2018/10/02/14:06:27.672246;[];0;-3775;-15231;3345;-3072;146;-176;-629;-993;864;154;70;46;0
2018/10/02/14:06:27.684086;[];0;-3615;-15791;2385;-3026;164;-202;-629;-993;864;222;70;46;0
2018/10/02/14:06:27.700279;[];0;-3039;-16735;2193;-2962;106;-86;-623;-1104;702;34;71;46;0
2018/10/02/14:06:27.713256;[];0;-2495;-17039;1745;-2916;220;-28;-623;-1104;702;102;71;46;0
2018/10/02/14:06:27.725185;[];0;-1935;-17151;2049;-2844;154;-36;-623;-1104;702;170;71;46;0
2018/10/02/14:06:27.737116;[];0;-1839;-17071;-431;-2730;38;114;-623;-1150;641;238;71;46;0
2018/10/02/14:06:27.754371;[];0;-1247;-17167;-511;-2568;-20;220;-623;-1150;641;50;72;46;0
2018/10/02/14:06:27.766201;[];0;-575;-17775;-719;-2684;-204;244;-597;-1209;540;118;72;46;0
2018/10/02/14:06:27.778110;[];0;-847;-18863;-927;-2720;-230;254;-597;-1209;540;186;72;46;0
2018/10/02/14:06:27.791581;[];0;-1519;-19647;-335;-2808;-242;192;-597;-1209;540;254;72;46;0
2018/10/02/14:06:27.807275;[];0;-2575;-20175;-1695;-2718;-386;176;-654;-1254;439;66;73;46;0
2018/10/02/14:06:27.819128;[];0;-3407;-20703;-1887;-2624;-548;334;-654;-1254;439;134;73;46;0
2018/10/02/14:06:27.832346;[];0;-3583;-19823;-3743;-2514;-612;350;-667;-1274;337;202;73;46;0
2018/10/02/14:06:27.844337;[];0;-4735;-17359;-5791;-2390;-492;644;-667;-1274;337;14;74;46;0
2018/10/02/14:06:27.860137;[];0;-5279;-17551;-6783;-2212;-536;678;-667;-1274;337;81;74;46;0
2018/10/02/14:06:27.872435;[];0;-3791;-15999;-3215;-1906;-530;882;-699;-1241;243;166;74;46;0
2018/10/02/14:06:27.885352;[];0;-5551;-16063;-3967;-1538;-482;762;-699;-1241;243;234;74;46;0
2018/10/02/14:06:27.897379;[];0;-6399;-15215;-5135;-1246;-336;596;-680;-1267;216;46;75;46;0
2018/10/02/14:06:27.913388;[];0;-6479;-15471;-4879;-1008;-214;454;-680;-1267;216;114;75;46;0
2018/10/02/14:06:27.926333;[];0;-6703;-15663;-4415;-458;-306;150;-680;-1267;216;182;75;46;0
2018/10/02/14:06:27.938172;[];0;-7407;-15615;-5535;-286;-184;42;-738;-1267;155;250;75;46;0
2018/10/02/14:06:27.950132;[];0;-7039;-15071;-4031;10;82;-160;-738;-1267;155;62;76;46;0
2018/10/02/14:06:27.963423;[];0;-6671;-15279;-5295;296;24;-42;-706;-1294;202;130;76;46;0
2018/10/02/14:06:27.979195;[];0;-6815;-15599;-5199;646;102;-170;-706;-1294;202;198;76;46;0
2018/10/02/14:06:27.991271;[];0;-6719;-15775;-5183;888;238;-274;-706;-1294;202;10;77;46;0
2018/10/02/14:06:28.004799;[];0;-6303;-15567;-6351;1458;268;-160;-706;-1254;175;78;77;46;0
2018/10/02/14:06:28.016262;[];0;-5711;-15599;-5631;1686;184;-266;-706;-1254;175;146;77;46;0
2018/10/02/14:06:28.032128;[];0;-5263;-15343;-6255;2044;118;-290;-654;-1248;222;214;77;46;0
2018/10/02/14:06:28.045667;[];0;-4831;-15263;-5343;2314;26;-286;-654;-1248;222;26;78;46;0
2018/10/02/14:06:28.057601;[];0;-4063;-15807;-3951;2900;60;-448;-654;-1248;222;94;78;46;0
2018/10/02/14:06:28.069197;[];0;-4031;-15743;-3135;3256;-142;-406;-680;-1248;351;179;78;46;0
2018/10/02/14:06:28.085411;[];0;-4063;-15631;-1743;3748;-124;-688;-680;-1248;351;247;78;46;0
2018/10/02/14:06:28.098258;[];0;-4015;-15871;-191;3964;-238;-750;-693;-1183;452;59;79;46;0
2018/10/02/14:06:28.110157;[];0;-3823;-15407;1553;4262;-226;-948;-693;-1183;452;127;79;46;0
2018/10/02/14:06:28.122113;[];0;-3423;-15551;3089;4376;-182;-942;-693;-1183;452;195;79;46;0
2018/10/02/14:06:28.139272;[];0;-3199;-15727;4449;4648;-218;-1068;-648;-1183;628;7;80;46;0
2018/10/02/14:06:28.151180;[];0;-2847;-14799;5105;4718;-136;-1198;-648;-1183;628;75;80;46;0
2018/10/02/14:06:28.163136;[];0;-2927;-14799;6897;4792;-58;-1240;-616;-1065;783;143;80;46;0
2018/10/02/14:06:28.176390;[];0;-3071;-14783;7137;4746;-74;-1240;-616;-1065;783;211;80;46;0
2018/10/02/14:06:28.192191;[];0;-2783;-14447;8001;4916;82;-1326;-616;-1065;783;23;81;46;0
2018/10/02/14:06:28.204139;[];0;-2351;-14223;9409;5026;130;-1380;-533;-980;972;91;81;46;0
2018/10/02/14:06:28.217969;[];0;-2431;-14287;9777;5072;164;-1402;-533;-980;972;159;81;46;0
2018/10/02/14:06:28.229289;[];0;-2031;-12895;11457;5014;264;-1558;-533;-803;1108;227;81;46;0
2018/10/02/14:06:28.245131;[];0;-1631;-12415;12289;5038;362;-1672;-533;-803;1108;39;82;46;0
2018/10/02/14:06:28.257362;[];0;-703;-11727;13329;4870;398;-1632;-533;-803;1108;107;82;46;0
2018/10/02/14:06:28.270314;[];0;257;-11663;15009;4924;252;-1810;-533;-614;1189;192;82;46;0
2018/10/02/14:06:28.282202;[];0;657;-11679;15041;4788;400;-1724;-533;-614;1189;4;83;46;0
2018/10/02/14:06:28.294106;[];0;449;-11119;16161;4652;342;-1760;-495;-470;1277;72;83;46;0
2018/10/02/14:06:28.311296;[];0;385;-10671;16113;4594;344;-1770;-495;-470;1277;140;83;46;0
2018/10/02/14:06:28.323173;[];0;129;-10687;15649;4586;390;-1650;-495;-470;1277;208;83;46;0
2018/10/02/14:06:28.335131;[];0;209;-9887;15713;4582;308;-1384;-514;-326;1297;20;84;46;0
2018/10/02/14:06:28.348257;[];0;401;-9135;15313;4754;316;-1458;-514;-326;1297;88;84;46;0
2018/10/02/14:06:28.364202;[];0;673;-7519;15489;4832;322;-1360;-501;-65;1256;156;84;46;0
2018/10/02/14:06:28.376132;[];0;513;-6015;15713;4642;304;-1200;-501;-65;1256;224;84;46;0
2018/10/02/14:06:28.389432;[];0;897;-4943;15761;4508;250;-1094;-501;-65;1256;36;85;46;0
2018/10/02/14:06:28.401278;[];0;833;-3775;15793;4468;312;-1002;-507;130;1270;104;85;46;0
2018/10/02/14:06:28.417132;[];0;97;-3391;15553;4224;232;-822;-507;130;1270;172;85;46;0
2018/10/02/14:06:28.430657;[];0;-63;-1615;15329;3984;196;-786;-559;333;1189;240;85;46;0
2018/10/02/14:06:28.442331;[];0;-767;-1007;13505;3840;288;-768;-559;333;1189;35;86;46;0
2018/10/02/14:06:28.454151;[];0;-495;-95;15489;3828;224;-668;-559;333;1189;120;86;46;0
2018/10/02/14:06:28.470319;[];0;-431;-303;14833;3740;236;-586;-603;450;1155;188;86;46;0
2018/10/02/14:06:28.483565;[];0;-879;1665;14801;3594;240;-528;-603;450;1155;17;87;46;0
2018/10/02/14:06:28.495176;[];0;-895;2849;15265;3478;200;-472;-642;620;1087;85;87;46;0
2018/10/02/14:06:28.507124;[];0;-895;3121;13809;3192;174;-548;-642;620;1087;153;87;46;0
2018/10/02/14:06:28.524355;[];0;-1135;4241;14401;3150;288;-540;-642;620;1087;221;87;46;0
2018/10/02/14:06:28.536169;[];0;-1407;5313;13281;3020;364;-590;-648;758;959;33;88;46;0
2018/10/02/14:06:28.548121;[];0;-1791;6369;12769;2934;366;-606;-648;758;959;101;88;46;0
2018/10/02/14:06:28.561387;[];0;-1407;6817;12353;2888;354;-638;-686;849;858;169;88;46;0
2018/10/02/14:06:28.573185;[];0;-1567;6961;12497;2718;298;-590;-686;849;858;237;88;46;0
2018/10/02/14:06:28.589145;[];0;-1087;6417;12769;2780;292;-586;-686;849;858;49;89;46;0
2018/10/02/14:06:28.602364;[];0;-1535;6785;11345;2646;260;-492;-725;934;756;117;89;46;0
2018/10/02/14:06:28.614275;[];0;-1695;7009;10865;2828;462;-516;-725;934;756;185;89;46;0
2018/10/02/14:06:28.626137;[];0;-1775;7953;9745;2686;100;-442;-776;1000;655;253;89;46;0
2018/10/02/14:06:28.642621;[];0;-1903;8561;9809;2860;94;-500;-776;1000;655;65;90;46;0
2018/10/02/14:06:28.655364;[];0;-1935;8945;10433;2548;116;-394;-776;1000;655;133;90;46;0
2018/10/02/14:06:28.667141;[];0;-2303;9313;9537;2704;88;-340;-725;1039;547;201;90;46;0
2018/10/02/14:06:28.679332;[];0;-1583;9761;9057;2838;-4;-218;-725;1039;547;30;91;46;0
2018/10/02/14:06:28.696340;[];0;-1919;9969;8785;2816;64;-204;-750;1117;459;98;91;46;0
2018/10/02/14:06:28.708165;[];0;-2431;10273;8033;2784;-26;-94;-750;1117;459;166;91;46;0
2018/10/02/14:06:28.720122;[];0;-2671;10801;7249;3026;128;-136;-750;1117;459;234;91;46;0
2018/10/02/14:06:28.733375;[];0;-2911;11393;6577;2924;-72;-184;-763;1130;331;46;92;46;0
2018/10/02/14:06:28.749342;[];0;-2831;12129;5953;3108;-88;-170;-763;1130;331;114;92;46;0
2018/10/02/14:06:28.761153;[];0;-3183;12865;5377;3000;-86;-296;-821;1169;236;182;92;46;0
2018/10/02/14:06:28.774402;[];0;-3087;12993;4417;3090;-56;-156;-821;1169;236;250;92;46;0
2018/10/02/14:06:28.786228;[];0;-3263;13313;3553;3144;24;-142;-821;1169;236;62;93;46;0
2018/10/02/14:06:28.802147;[];0;-2511;13649;3745;3060;0;-100;-808;1202;101;130;93;46;0
2018/10/02/14:06:28.815370;[];0;-2767;14065;2977;2852;-108;-120;-808;1202;101;198;93;46;0
2018/10/02/14:06:28.827269;[];0;-2847;14865;3041;2894;-8;6;-840;1183;-40;10;94;46;0
2018/10/02/14:06:28.839150;[];0;-2895;15585;2257;2596;198;62;-840;1183;-40;78;94;46;0
2018/10/02/14:06:28.855431;[];0;-3199;15857;1713;2402;26;30;-840;1183;-40;146;94;46;0
2018/10/02/14:06:28.868235;[];0;-3151;16401;1649;2194;28;0;-769;1196;-141;214;94;46;0
2018/10/02/14:06:28.880145;[];0;-3183;16673;1777;1898;14;202;-769;1196;-141;26;95;46;0
2018/10/02/14:06:28.892407;[];0;-3199;16241;1809;1522;250;-36;-750;1163;-250;111;95;46;0
2018/10/02/14:06:28.905333;[];0;-2895;16753;1537;1242;176;102;-750;1163;-250;179;95;46;0
2018/10/02/14:06:28.921170;[];0;-3119;16689;753;806;306;-96;-750;1163;-250;247;95;46;0
2018/10/02/14:06:28.933418;[];0;-3359;16689;-159;570;390;-198;-731;1150;-310;59;96;46;0
2018/10/02/14:06:28.946340;[];0;-3599;16449;-639;252;334;-8;-731;1150;-310;127;96;46;0
2018/10/02/14:06:28.958186;[];0;-3647;15969;-1087;-106;312;-20;-789;1150;-270;195;96;46;0
2018/10/02/14:06:28.974137;[];0;-3503;16065;-1295;-324;254;128;-789;1150;-270;7;97;46;0
2018/10/02/14:06:28.987360;[];0;-3551;16001;-959;-470;346;202;-789;1150;-270;75;97;46;0
2018/10/02/14:06:28.999316;[];0;-3231;15905;-671;-702;306;330;-738;1189;-317;143;97;46;0
2018/10/02/14:06:29.011124;[];0;-3215;16417;-399;-1020;238;434;-738;1189;-317;194;97;46;0
2018/10/02/14:06:29.027990;[];0;-2943;17121;1;-1448;272;446;-725;1189;-277;23;98;46;0
2018/10/02/14:06:29.040241;[];0;-2719;17233;801;-1542;344;582;-725;1189;-277;91;98;46;0
2018/10/02/14:06:29.052117;[];0;-2703;17105;1457;-1938;238;622;-725;1189;-277;159;98;46;0
2018/10/02/14:06:29.064443;[];0;-2399;16817;1809;-2278;282;738;-738;1235;-222;227;98;46;0
2018/10/02/14:06:29.081396;[];0;-2335;16369;1713;-2474;358;724;-738;1235;-222;39;99;46;0
2018/10/02/14:06:29.093182;[];0;-2175;15969;2337;-2614;364;826;-686;1241;-87;124;99;46;0
2018/10/02/14:06:29.105146;[];0;-1823;16033;3041;-2788;292;852;-686;1241;-87;192;99;46;0
2018/10/02/14:06:29.118317;[];0;-1791;16257;4081;-2948;300;720;-686;1241;-87;4;100;46;0
2018/10/02/14:06:29.134176;[];0;-1455;16145;4961;-3152;318;882;-661;1267;-13;72;100;46;0
2018/10/02/14:06:29.146132;[];0;-1455;15681;5521;-3232;370;818;-661;1267;-13;140;100;46;0
2018/10/02/14:06:29.159577;[];0;-1471;15265;5809;-3418;394;878;-603;1248;128;208;100;46;0
2018/10/02/14:06:29.171207;[];0;-943;14257;6609;-3476;378;1038;-603;1248;128;20;101;46;0
2018/10/02/14:06:29.183113;[];0;-623;13505;7009;-3566;400;660;-603;1248;128;88;101;46;0
2018/10/02/14:06:29.200533;[];0;-447;13249;7729;-3550;368;856;-552;1241;222;156;101;46;0
2018/10/02/14:06:29.212322;[];0;-255;13361;9393;-3712;374;806;-552;1241;222;224;101;46;0
2018/10/02/14:06:29.224165;[];0;81;12737;10161;-3712;398;654;-552;1202;432;36;102;46;0
2018/10/02/14:06:29.236107;[];0;33;11969;10561;-3604;494;482;-552;1202;432;104;102;46;0
2018/10/02/14:06:29.253279;[];0;1;11089;11041;-3608;554;694;-552;1202;432;172;102;46;0
2018/10/02/14:06:29.265173;[];0;305;10337;11393;-3696;462;678;-520;1176;587;240;102;46;0
2018/10/02/14:06:29.277123;[];0;609;9777;11121;-3638;362;644;-520;1176;587;52;103;46;0
2018/10/02/14:06:29.293161;[];0;433;9441;12017;-3466;340;640;-527;1045;722;137;103;46;0
2018/10/02/14:06:29.306184;[];0;625;8497;12897;-3422;362;574;-527;1045;722;204;103;46;0
2018/10/02/14:06:29.318165;[];0;369;7777;13105;-3314;366;422;-527;1045;722;16;104;46;0
2018/10/02/14:06:29.331455;[];0;-79;6593;13137;-3202;244;470;-514;960;817;84;104;46;0
2018/10/02/14:06:29.343250;[];0;-223;6001;13777;-3234;316;308;-514;960;817;152;104;46;0
2018/10/02/14:06:29.359160;[];0;-287;4993;13329;-3128;134;436;-507;875;918;220;104;46;0
2018/10/02/14:06:29.372134;[];0;-399;4657;14049;-3034;64;372;-507;875;918;32;105;46;0
2018/10/02/14:06:29.384277;[];0;-79;4113;14449;-3042;88;418;-507;875;918;100;105;46;0
2018/10/02/14:06:29.396250;[];0;-79;3329;14753;-3060;114;380;-469;758;972;168;105;46;0
2018/10/02/14:06:29.412123;[];0;-79;2065;14945;-2924;82;350;-469;758;972;236;105;46;0
2018/10/02/14:06:29.425486;[];0;-287;1217;15233;-2926;76;278;-476;660;1067;48;106;46;0
2018/10/02/14:06:29.441212;[];0;-207;593;14993;-2890;172;358;-476;660;1067;133;106;46;0
2018/10/02/14:06:29.453124;[];0;-223;225;14737;-2880;44;462;-476;660;1067;201;106;46;0
2018/10/02/14:06:29.466383;[];0;-111;-511;14657;-2886;-12;238;-488;509;1162;13;107;46;0
2018/10/02/14:06:29.478214;[];0;-159;-1055;14737;-2886;58;390;-488;509;1162;81;107;46;0
2018/10/02/14:06:29.494137;[];0;-95;-1647;15185;-2844;192;370;-488;405;1236;149;107;46;0
2018/10/02/14:06:29.507360;[];0;-367;-2543;15777;-2868;122;366;-488;405;1236;217;107;46;0
2018/10/02/14:06:29.519234;[];0;-383;-3215;15921;-2906;58;304;-488;405;1236;29;108;46;0
2018/10/02/14:06:29.531195;[];0;-447;-4127;15185;-2958;136;420;-463;307;1263;114;108;46;0
2018/10/02/14:06:29.548333;[];0;-527;-4031;14737;-2992;256;396;-463;307;1263;182;108;46;0
2018/10/02/14:06:29.560545;[];0;-367;-4575;14561;-2858;126;308;-437;124;1290;250;108;46;0
2018/10/02/14:06:29.572237;[];0;-367;-4975;14017;-2884;188;290;-437;124;1290;62;109;46;0
2018/10/02/14:06:29.585156;[];0;-607;-5903;14289;-2762;130;434;-456;-26;1297;130;109;46;0
2018/10/02/14:06:29.604594;[];0;-351;-6607;15137;-2770;158;398;-456;-26;1297;198;109;46;0
2018/10/02/14:06:29.613260;[];0;-767;-7279;13585;-2724;220;490;-456;-26;1297;10;110;46;0
2018/10/02/14:06:29.625190;[];0;-703;-7967;14001;-2774;222;484;-514;-104;1283;78;110;46;0
2018/10/02/14:06:29.638613;[];0;-847;-8255;13377;-2506;154;522;-514;-104;1283;146;110;46;0
2018/10/02/14:06:29.654307;[];0;-447;-8879;13249;-2478;150;412;-495;-267;1297;214;110;46;0
2018/10/02/14:06:29.666168;[];0;-527;-9311;12961;-2484;178;518;-495;-267;1297;26;111;46;0
2018/10/02/14:06:29.679129;[];0;-815;-9887;12609;-2336;-24;586;-495;-267;1297;94;111;46;0
2018/10/02/14:06:29.693562;[];0;-735;-10079;12737;-2330;62;432;-482;-359;1290;162;111;46;0
2018/10/02/14:06:29.703194;[];0;-1023;-10527;11921;-2334;14;566;-482;-359;1290;230;111;46;0
2018/10/02/14:06:29.720152;[];0;-975;-10719;12145;-2206;-58;644;-482;-359;1290;42;112;46;0
2018/10/02/14:06:29.732616;[];0;-831;-10975;11489;-2228;-48;670;-527;-457;1236;127;112;46;0
2018/10/02/14:06:29.744324;[];0;-1359;-11231;10817;-2066;-184;524;-527;-457;1236;195;112;46;0
2018/10/02/14:06:29.757323;[];0;-1583;-11679;10881;-2182;-190;396;-501;-522;1229;7;113;46;0
2018/10/02/14:06:29.773670;[];0;-2143;-12415;10609;-2216;-236;426;-501;-522;1229;75;113;46;0
2018/10/02/14:06:29.785365;[];0;-2239;-12831;10753;-2102;-148;340;-469;-601;1182;143;113;46;0
2018/10/02/14:06:29.797413;[];0;-2335;-12991;10449;-2108;-166;350;-469;-601;1182;211;113;46;0
2018/10/02/14:06:29.810141;[];0;-1951;-12927;10129;-2024;-156;138;-469;-601;1182;23;114;46;0
2018/10/02/14:06:29.826401;[];0;-1983;-12959;9841;-1844;-222;48;-507;-699;1135;91;114;46;0
2018/10/02/14:06:29.838211;[];0;-1439;-13103;9985;-1796;-244;58;-507;-699;1135;159;114;46;0
2018/10/02/14:06:29.851158;[];0;-1103;-13535;9953;-1800;-328;26;-469;-777;1087;227;114;46;0
2018/10/02/14:06:29.863707;[];0;-1247;-14111;8785;-1700;-160;78;-469;-777;1087;39;115;46;0
2018/10/02/14:06:29.879253;[];0;-2111;-14719;8289;-1622;-248;-26;-469;-777;1087;107;115;46;0
2018/10/02/14:06:29.892145;[];0;-2287;-15039;7905;-1670;-216;180;-431;-849;1074;175;115;46;0
2018/10/02/14:06:29.904392;[];0;-1455;-15055;7969;-1694;-294;32;-431;-849;1074;243;115;46;0
2018/10/02/14:06:29.916366;[];0;-623;-14895;7793;-1618;-230;166;-431;-849;1074;55;116;46;0
2018/10/02/14:06:29.933167;[];0;-527;-15007;7121;-1546;-146;6;-444;-908;1067;123;116;46;0
2018/10/02/14:06:29.945469;[];0;-815;-15695;6609;-1574;-128;90;-444;-908;1067;208;116;46;0
2018/10/02/14:06:29.957593;[];0;-1279;-16335;5953;-1716;-32;174;-424;-947;1067;20;117;46;0
2018/10/02/14:06:29.969192;[];0;-1439;-16671;6033;-1806;-144;268;-424;-947;1067;88;117;46;0
2018/10/02/14:06:29.982136;[];0;-1135;-16543;6353;-1790;-162;196;-450;-1052;959;156;117;46;0
2018/10/02/14:06:29.998398;[];0;-1039;-16319;6481;-1750;-112;232;-450;-1052;959;224;117;46;0
2018/10/02/14:06:30.010227;[];0;-479;-15887;5377;-1704;-196;314;-450;-1052;959;36;118;46;0
2018/10/02/14:06:30.023168;[];0;-1279;-16431;5937;-1582;-112;348;-456;-1098;885;104;118;46;0
2018/10/02/14:06:30.035690;[];0;-767;-17215;6657;-1536;-174;234;-456;-1098;885;172;118;46;0
2018/10/02/14:06:30.051347;[];0;-1199;-17023;5969;-1516;-64;286;-463;-1098;837;240;118;46;0
2018/10/02/14:06:30.064165;[];0;-1199;-16991;6065;-1412;28;326;-463;-1098;837;52;119;46;0
2018/10/02/14:06:30.076454;[];0;-1039;-17295;5105;-1060;76;176;-463;-1098;837;120;119;46;0
2018/10/02/14:06:30.088439;[];0;-1103;-17279;4641;-822;128;312;-444;-1124;783;188;119;46;0
2018/10/02/14:06:30.105175;[];0;-1279;-17327;4113;-646;102;322;-444;-1124;783;0;120;46;0
2018/10/02/14:06:30.117724;[];0;-1391;-17519;2865;-206;236;-10;-444;-1124;783;68;120;46;0
2018/10/02/14:06:30.129346;[];0;-1743;-17439;2753;294;102;76;-514;-1143;750;136;120;46;0
2018/10/02/14:06:30.142204;[];0;-1567;-17487;2225;692;8;-86;-514;-1143;750;221;120;46;0
2018/10/02/14:06:30.158139;[];0;-1631;-17327;2481;1034;30;-204;-476;-1143;770;33;121;46;0
2018/10/02/14:06:30.170370;[];0;-1279;-17087;2609;1440;-72;-274;-476;-1143;770;101;121;46;0
2018/10/02/14:06:30.182239;[];0;-1759;-16655;2993;1698;-130;-324;-482;-1104;804;169;121;46;0
2018/10/02/14:06:30.195137;[];0;-1359;-16431;3985;1988;-326;-284;-482;-1104;804;237;121;46;0
2018/10/02/14:06:30.211473;[];0;-1327;-16351;4513;2248;-266;-260;-482;-1104;804;49;122;46;0
2018/10/02/14:06:30.223271;[];0;-1743;-15951;5137;2340;-386;-296;-456;-1045;898;117;122;46;0
2018/10/02/14:06:30.236151;[];0;-1791;-15391;5825;2482;-182;-554;-456;-1045;898;185;122;46;0
2018/10/02/14:06:30.248132;[];0;-1519;-15055;6689;2472;-250;-506;-437;-973;939;253;122;46;0
2018/10/02/14:06:30.264287;[];0;-1423;-14879;7665;2480;-184;-582;-437;-973;939;65;123;46;0
2018/10/02/14:06:30.277200;[];0;-1199;-14703;8417;2356;-160;-694;-437;-973;939;133;123;46;0
2018/10/02/14:06:30.289148;[];0;-847;-14655;8801;2316;-190;-754;-392;-941;1020;201;123;46;0
2018/10/02/14:06:30.301605;[];0;-719;-14479;8881;2304;-120;-862;-392;-941;1020;13;124;46;0
2018/10/02/14:06:30.314242;[];0;-639;-14767;9537;2364;-8;-866;-392;-941;1020;81;124;46;0
2018/10/02/14:06:30.330144;[];0;-431;-14527;10337;2306;-18;-820;-405;-849;1128;149;124;46;0
2018/10/02/14:06:30.342554;[];0;-207;-13919;10753;2426;142;-912;-405;-849;1128;234;124;46;0
2018/10/02/14:06:30.355320;[];0;193;-13391;10641;2430;302;-840;-392;-751;1162;46;125;46;0
2018/10/02/14:06:30.367137;[];0;481;-13327;11361;2328;238;-818;-392;-751;1162;114;125;46;0
2018/10/02/14:06:30.383420;[];0;449;-13423;11793;2224;376;-834;-405;-679;1202;182;125;46;0
2018/10/02/14:06:30.395303;[];0;241;-13295;12161;2314;500;-740;-405;-679;1202;250;125;46;0
2018/10/02/14:06:30.408143;[];0;321;-12911;12337;2366;500;-778;-405;-679;1202;62;126;46;0
2018/10/02/14:06:30.420115;[];0;609;-12655;12513;2230;620;-784;-341;-562;1250;130;126;46;0
2018/10/02/14:06:30.436324;[];0;561;-12335;12689;2260;550;-778;-341;-562;1250;198;126;46;0
2018/10/02/14:06:30.449172;[];0;849;-12543;12737;2218;608;-708;-367;-477;1263;10;127;46;0
2018/10/02/14:06:30.461164;[];0;929;-12223;13073;2236;538;-680;-367;-477;1263;78;127;46;0
2018/10/02/14:06:30.473454;[];0;657;-11775;13265;2158;630;-472;-367;-477;1263;146;127;46;0
2018/10/02/14:06:30.490208;[];0;1;-12095;13409;2094;578;-448;-431;-392;1310;214;127;46;0
2018/10/02/14:06:30.502161;[];0;-239;-12303;13729;1968;612;-292;-431;-392;1310;26;128;46;0
2018/10/02/14:06:30.514385;[];0;-447;-12063;12993;1714;560;-336;-431;-392;1310;94;128;46;0
2018/10/02/14:06:30.527291;[];0;-703;-11695;12673;1610;510;-216;-456;-326;1310;162;128;46;0
2018/10/02/14:06:30.543151;[];0;-271;-11135;12273;1702;518;-146;-456;-326;1310;230;128;46;0
2018/10/02/14:06:30.555413;[];0;-271;-9567;12721;1514;326;-38;-444;-228;1317;59;129;46;0
2018/10/02/14:06:30.567325;[];0;-159;-8511;13665;1400;194;160;-444;-228;1317;127;129;46;0
2018/10/02/14:06:30.580169;[];0;-79;-8431;14145;1324;230;106;-488;-150;1304;195;129;46;0
2018/10/02/14:06:30.592310;[];0;-79;-7823;15041;1278;170;222;-488;-150;1304;7;130;46;0
2018/10/02/14:06:30.608301;[];0;-159;-6879;15169;1068;142;152;-488;-150;1304;75;130;46;0
2018/10/02/14:06:30.621143;[];0;-127;-6959;15329;1012;84;230;-495;-137;1277;143;130;46;0
2018/10/02/14:06:30.633131;[];0;-255;-6383;15601;844;240;56;-495;-137;1277;211;130;46;0
2018/10/02/14:06:30.646818;[];0;-207;-6159;14593;858;124;174;-488;-52;1290;23;131;46;0
2018/10/02/14:06:30.662169;[];0;-1023;-5695;14449;880;160;48;-488;-52;1290;91;131;46;0
2018/10/02/14:06:30.674122;[];0;-1167;-5359;13969;914;56;162;-488;-52;1290;159;131;46;0
2018/10/02/14:06:30.688097;[];0;-1199;-5167;13249;1068;90;66;-501;-39;1297;227;131;46;0
2018/10/02/14:06:30.699192;[];0;-1135;-4719;13297;1046;74;114;-501;-39;1297;39;132;46;0
2018/10/02/14:06:30.715152;[];0;-783;-4639;13009;1064;-208;180;-501;32;1310;107;132;46;0
2018/10/02/14:06:30.727646;[];0;-239;-4671;13473;1232;-148;82;-501;32;1310;175;132;46;0
2018/10/02/14:06:30.740288;[];0;337;-4399;13921;1288;-208;10;-501;32;1310;243;132;46;0
2018/10/02/14:06:30.752186;[];0;545;-4303;14369;1264;-388;-8;-482;98;1270;72;133;46;0
2018/10/02/14:06:30.768362;[];0;1105;-3759;15265;1328;-534;-106;-482;98;1270;139;133;46;0
2018/10/02/14:06:30.780328;[];0;977;-3359;15425;1544;-630;-66;-444;183;1290;207;133;46;0
2018/10/02/14:06:30.793227;[];0;657;-3135;15121;1438;-690;-132;-444;183;1290;19;134;46;0
2018/10/02/14:06:30.805168;[];0;817;-2895;14913;1692;-818;-240;-444;183;1290;87;134;46;0
2018/10/02/14:06:30.821383;[];0;1249;-1855;14337;1596;-1006;-82;-450;228;1277;155;134;46;0
2018/10/02/14:06:30.834250;[];0;1505;-1631;13953;1652;-1214;14;-450;228;1277;223;134;46;0
2018/10/02/14:06:30.846150;[];0;1569;-991;13649;1632;-1356;-204;-399;307;1270;35;135;46;0
2018/10/02/14:06:30.858840;[];0;1473;-1439;14177;1542;-1432;-88;-399;307;1270;103;135;46;0
2018/10/02/14:06:30.875287;[];0;1169;-1775;15841;1538;-1396;28;-399;307;1270;171;135;46;0
2018/10/02/14:06:30.887162;[];0;1313;-1983;16273;1356;-1262;78;-322;385;1236;239;135;46;0
2018/10/02/14:06:30.899308;[];0;769;-2591;16593;1138;-1218;198;-322;385;1236;51;136;46;0
2018/10/02/14:06:30.912350;[];0;1425;-1615;16865;788;-1022;196;-258;424;1283;119;136;46;0
2018/10/02/14:06:30.924164;[];0;2065;-1503;17073;672;-954;138;-258;424;1283;187;136;46;0
2018/10/02/14:06:30.940168;[];0;2417;833;16641;512;-746;270;-258;424;1283;255;136;46;0
2018/10/02/14:06:30.952397;[];0;2385;1233;14785;390;-690;166;-220;424;1263;84;137;46;0
2018/10/02/14:06:30.965278;[];0;2961;1073;13073;180;-690;122;-220;424;1263;152;137;46;0
2018/10/02/14:06:30.977146;[];0;3953;1905;12817;168;-598;-12;-182;483;1243;220;137;46;0
2018/10/02/14:06:30.993467;[];0;3985;2161;14065;-10;-646;-134;-182;483;1243;32;138;46;0
2018/10/02/14:06:31.006305;[];0;3441;3329;15249;-62;-590;-464;-182;483;1243;100;138;46;0
2018/10/02/14:06:31.018164;[];0;3745;2769;16001;-66;-392;-436;-162;457;1229;168;138;46;0
2018/10/02/14:06:31.030374;[];0;2433;897;15441;-352;-316;-442;-162;457;1229;236;138;46;0
2018/10/02/14:06:31.047673;[];0;1953;81;17425;-368;-172;-478;-150;477;1222;48;139;46;0
2018/10/02/14:06:31.059175;[];0;1569;1905;16417;-366;-62;-558;-150;477;1222;116;139;46;0
2018/10/02/14:06:31.071272;[];0;1297;673;16993;-508;80;-512;-150;477;1222;184;139;46;0
2018/10/02/14:06:31.084364;[];0;737;-639;16609;-448;128;-460;-162;457;1229;252;139;46;0
2018/10/02/14:06:31.100202;[];0;1265;161;16945;-658;320;-448;-162;457;1229;64;140;46;0
2018/10/02/14:06:31.112145;[];0;2289;785;18097;-704;484;-410;-194;379;1256;132;140;46;0
2018/10/02/14:06:31.125386;[];0;1633;129;16481;-530;546;-434;-194;379;1256;200;140;46;0
2018/10/02/14:06:31.137271;[];0;1265;-399;18385;-622;686;-332;-194;379;1256;12;141;46;0
2018/10/02/14:06:31.153140;[];0;1585;-863;17841;-528;666;-260;-233;379;1263;80;141;46;0
2018/10/02/14:06:31.168006;[];0;2273;-1039;16785;-322;740;-282;-233;379;1263;165;141;46;0
2018/10/02/14:06:31.178266;[];0;2433;-1247;17185;-472;686;-24;-252;346;1236;233;141;46;0
2018/10/02/14:06:31.190155;[];0;2513;-1471;16129;-358;824;-72;-252;346;1236;45;142;46;0
2018/10/02/14:06:31.202431;[];0;2817;-1519;16881;-438;740;28;-252;346;1236;113;142;46;0
2018/10/02/14:06:31.219271;[];0;2769;-1471;16033;-404;688;252;-265;313;1277;181;142;46;0
2018/10/02/14:06:31.231178;[];0;2193;-2287;15073;-322;708;174;-265;313;1277;249;142;46;0
2018/10/02/14:06:31.243136;[];0;2129;-1871;17873;-336;572;238;-341;333;1304;61;143;46;0
2018/10/02/14:06:31.256316;[];0;2449;-1215;16865;-412;564;164;-341;333;1304;129;143;46;0
2018/10/02/14:06:31.272189;[];0;2273;-543;18817;-366;564;206;-341;333;1304;197;143;46;0
2018/10/02/14:06:31.284156;[];0;1857;-255;19249;-122;588;276;-348;300;1277;9;144;46;0
2018/10/02/14:06:31.297335;[];0;1825;433;18593;-132;560;104;-348;300;1277;77;144;46;0
2018/10/02/14:06:31.309285;[];0;1937;465;18017;216;494;152;-380;287;1270;145;144;46;0
2018/10/02/14:06:31.325183;[];0;1841;865;17137;284;496;-72;-380;287;1270;213;144;46;0
2018/10/02/14:06:31.338135;[];0;2209;993;16129;264;434;-244;-380;287;1270;25;145;46;0
2018/10/02/14:06:31.350249;[];0;2417;945;16289;386;200;-394;-386;307;1256;93;145;46;0
2018/10/02/14:06:31.362164;[];0;2273;1073;15089;444;126;-410;-386;307;1256;178;145;46;0
2018/10/02/14:06:31.378535;[];0;1873;1217;15505;338;108;-560;-399;333;1256;246;145;46;0
2018/10/02/14:06:31.391309;[];0;1873;1217;15889;306;-168;-920;-399;333;1256;58;146;46;0
2018/10/02/14:06:31.403208;[];0;1505;1041;16081;336;-196;-1102;-399;333;1256;126;146;46;0
2018/10/02/14:06:31.415161;[];0;1249;1313;16817;372;-284;-1250;-399;294;1250;194;146;46;0
2018/10/02/14:06:31.432380;[];0;833;897;17057;248;-400;-1466;-399;294;1250;6;147;46;0
2018/10/02/14:06:31.444196;[];0;897;353;16705;120;-364;-1492;-386;313;1277;74;147;46;0
2018/10/02/14:06:31.456132;[];0;769;577;16529;260;-396;-1900;-386;313;1277;142;147;46;0
2018/10/02/14:06:31.469335;[];0;721;593;15745;110;-388;-1926;-386;313;1277;210;147;46;0
2018/10/02/14:06:31.485215;[];0;1441;449;15249;40;-452;-1904;-424;320;1304;22;148;46;0
2018/10/02/14:06:31.497139;[];0;1441;353;15281;-42;-392;-2084;-424;320;1304;90;148;46;0
2018/10/02/14:06:31.510464;[];0;1009;113;15089;-120;-362;-2164;-456;287;1236;158;148;46;0
2018/10/02/14:06:31.522286;[];0;1121;177;14961;-266;-448;-2234;-456;287;1236;226;148;46;0
2018/10/02/14:06:31.534122;[];0;1473;-239;15441;-120;-458;-2406;-456;287;1236;38;149;46;0
2018/10/02/14:06:31.550527;[];0;1329;-431;15537;-268;-396;-2402;-469;235;1297;106;149;46;0
2018/10/02/14:06:31.563383;[];0;1377;-575;15681;-250;-314;-2540;-469;235;1297;191;149;46;0
2018/10/02/14:06:31.575202;[];0;2529;-159;15009;-296;-236;-2808;-482;202;1290;20;150;46;0
2018/10/02/14:06:31.587111;[];0;2401;161;14513;-342;-190;-2882;-482;202;1290;71;150;46;0
2018/10/02/14:06:31.604377;[];0;2481;417;15153;-470;-162;-2858;-482;202;1290;139;150;46;0
2018/10/02/14:06:31.616191;[];0;2561;465;14225;-518;-188;-2900;-450;150;1324;207;150;46;0
2018/10/02/14:06:31.628172;[];0;3569;401;15217;-464;-22;-3108;-450;150;1324;19;151;46;0
2018/10/02/14:06:31.641349;[];0;4209;369;14369;-554;60;-3200;-482;78;1297;87;151;46;0
2018/10/02/14:06:31.657210;[];0;4321;897;14449;-568;14;-3116;-482;78;1297;155;151;46;0
2018/10/02/14:06:31.669143;[];0;4945;753;14289;-442;0;-3356;-482;78;1297;223;151;46;0
2018/10/02/14:06:31.682374;[];0;5073;865;13313;-406;8;-3450;-495;6;1331;35;152;46;0
2018/10/02/14:06:31.694302;[];0;4753;913;14001;-322;-12;-3484;-495;6;1331;103;152;46;0
2018/10/02/14:06:31.710160;[];0;4289;1441;14561;-224;-36;-3546;-520;-91;1331;171;152;46;0
2018/10/02/14:06:31.722645;[];0;3777;1281;14545;-296;-88;-3638;-520;-91;1331;239;152;46;0
2018/10/02/14:06:31.735326;[];0;4065;1041;15617;-260;130;-3656;-520;-91;1331;51;153;46;0
2018/10/02/14:06:31.747156;[];0;4449;657;15937;-304;64;-3786;-469;-150;1317;119;153;46;0
2018/10/02/14:06:31.763621;[];0;3585;1265;15793;-164;204;-3664;-469;-150;1317;187;153;46;0
2018/10/02/14:06:31.776387;[];0;3793;1745;16753;0;242;-3756;-476;-248;1358;16;154;46;0
2018/10/02/14:06:31.788239;[];0;3857;1729;16929;84;224;-3618;-476;-248;1358;84;154;46;0
2018/10/02/14:06:31.800143;[];0;3889;1217;16257;134;550;-3674;-476;-248;1358;152;154;46;0
2018/10/02/14:06:31.813353;[];0;3953;673;15105;192;500;-3710;-520;-294;1317;220;154;46;0
2018/10/02/14:06:31.829193;[];0;3793;353;14401;222;466;-3594;-520;-294;1317;32;155;46;0
2018/10/02/14:06:31.841141;[];0;3361;257;14689;288;484;-3482;-469;-339;1317;100;155;46;0
2018/10/02/14:06:31.854445;[];0;2817;-591;15585;342;346;-3486;-469;-339;1317;168;155;46;0
2018/10/02/14:06:31.866174;[];0;3025;-879;16097;276;352;-3482;-469;-339;1317;236;155;46;0
2018/10/02/14:06:31.882150;[];0;2097;-1423;15793;220;350;-3184;-488;-418;1371;48;156;46;0
2018/10/02/14:06:31.895374;[];0;1857;-2095;14849;164;362;-2804;-488;-418;1371;150;156;46;0
2018/10/02/14:06:31.907267;[];0;2065;-2415;14705;268;294;-2516;-469;-444;1344;201;156;46;0
2018/10/02/14:06:31.923169;[];0;1441;-2751;14529;204;140;-2434;-469;-444;1344;252;156;46;0
2018/10/02/14:06:31.935438;[];0;-239;-2959;14977;160;150;-2074;-469;-444;1344;81;157;46;0
2018/10/02/14:06:31.952221;[];0;-735;-2959;15105;106;166;-1660;-412;-431;1358;149;157;46;0
2018/10/02/14:06:31.964159;[];0;-415;-2943;15297;0;82;-1326;-412;-431;1358;234;157;46;0
2018/10/02/14:06:31.976842;[];0;-575;-2287;14481;98;144;-1154;-444;-470;1344;46;158;46;0
2018/10/02/14:06:31.989208;[];0;-159;-1855;14257;-128;-20;-848;-444;-470;1344;114;158;46;0
2018/10/02/14:06:32.005159;[];0;-239;-2127;15281;-66;90;-678;-444;-470;1344;182;158;46;0
2018/10/02/14:06:32.017492;[];0;-527;-1423;16049;-104;64;-360;-424;-457;1310;250;158;46;0
2018/10/02/14:06:32.030511;[];0;-463;-767;16129;-88;-140;-148;-424;-457;1310;62;159;46;0
2018/10/02/14:06:32.042195;[];0;353;-319;15921;-142;-160;270;-405;-503;1344;130;159;46;0
2018/10/02/14:06:32.058381;[];0;289;-607;16001;-66;-34;300;-405;-503;1344;198;159;46;0
2018/10/02/14:06:32.071419;[];0;-207;-1071;16033;-178;-48;420;-405;-503;1344;10;160;46;0
2018/10/02/14:06:32.083219;[];0;-911;-1135;16849;-120;-94;652;-424;-503;1324;78;160;46;0
2018/10/02/14:06:32.095178;[];0;-1183;-911;17073;-194;-68;798;-424;-503;1324;146;160;46;0
2018/10/02/14:06:32.112629;[];0;-543;-1423;17889;-298;64;1044;-418;-529;1337;214;160;46;0
2018/10/02/14:06:32.124220;[];0;-511;-1791;16849;-350;48;1188;-418;-529;1337;26;161;46;0
2018/10/02/14:06:32.136161;[];0;-319;-1295;17569;-464;200;1414;-418;-529;1337;94;161;46;0
2018/10/02/14:06:32.148517;[];0;97;-927;16929;-424;174;1520;-450;-542;1331;162;161;46;0
2018/10/02/14:06:32.165223;[];0;465;-1119;16625;-484;304;1670;-450;-542;1331;230;161;46;0
2018/10/02/14:06:32.177167;[];0;913;-1439;17169;-524;124;1736;-456;-496;1283;59;162;46;0
2018/10/02/14:06:32.189553;[];0;1553;-1727;16273;-450;222;1952;-456;-496;1283;127;162;46;0
2018/10/02/14:06:32.202283;[];0;1681;-2863;16833;-538;228;2380;-488;-490;1270;229;162;46;0
2018/10/02/14:06:32.218212;[];0;1505;-2799;17409;-380;228;2478;-488;-490;1270;23;163;46;0
2018/10/02/14:06:32.230698;[];0;1153;-3007;16865;-440;150;2512;-488;-490;1270;74;163;46;0
2018/10/02/14:06:32.243389;[];0;881;-2223;16945;-394;328;2798;-527;-496;1270;142;163;46;0
2018/10/02/14:06:32.255186;[];0;1057;-2463;16609;-392;188;3174;-527;-496;1270;210;163;46;0
2018/10/02/14:06:32.267365;[];0;1441;-2623;16129;-292;280;3254;-527;-496;1270;22;164;46;0
2018/10/02/14:06:32.284405;[];0;2065;-2655;17089;-328;144;3532;-616;-405;1263;90;164;46;0
2018/10/02/14:06:32.296214;[];0;1857;-2655;16289;-272;266;3642;-616;-405;1263;158;164;46;0
2018/10/02/14:06:32.308449;[];0;2161;-2559;16993;-382;220;3906;-642;-346;1290;226;164;46;0
2018/10/02/14:06:32.320400;[];0;2241;-2159;16545;-364;176;4110;-642;-346;1290;38;165;46;0
2018/10/02/14:06:32.337214;[];0;2433;-2063;15889;-368;258;4238;-642;-346;1290;106;165;46;0
2018/10/02/14:06:32.349166;[];0;3137;-2671;15441;-262;212;4460;-718;-267;1256;174;165;46;0
2018/10/02/14:06:32.361378;[];0;3761;-2911;15025;-358;168;4576;-718;-267;1256;242;165;46;0
2018/10/02/14:06:32.374245;[];0;4049;-1887;15313;-258;78;4640;-693;-150;1290;71;166;46;0
2018/10/02/14:06:32.390174;[];0;4177;-671;14641;-262;24;4698;-693;-150;1290;139;166;46;0
2018/10/02/14:06:32.402600;[];0;4529;-1711;15569;-52;22;4872;-693;-150;1290;207;166;46;0
2018/10/02/14:06:32.415313;[];0;3953;-1791;15121;22;-16;5040;-725;-58;1229;19;167;46;0
2018/10/02/14:06:32.427174;[];0;3041;-1471;15265;-118;-62;4954;-725;-58;1229;87;167;46;0
2018/10/02/14:06:32.443690;[];0;3265;-335;15297;210;-100;4944;-738;45;1250;155;167;46;0
2018/10/02/14:06:32.456332;[];0;3025;497;14897;158;-60;4998;-738;45;1250;223;167;46;0
2018/10/02/14:06:32.468327;[];0;2929;321;15009;330;54;4878;-738;45;1250;35;168;46;0
2018/10/02/14:06:32.480470;[];0;2849;161;14545;360;-58;4644;-674;163;1236;103;168;46;0
2018/10/02/14:06:32.497722;[];0;2465;385;14657;256;-30;4664;-674;163;1236;171;168;46;0
2018/10/02/14:06:32.509181;[];0;2321;1265;13841;254;-86;4644;-623;320;1250;239;168;46;0
2018/10/02/14:06:32.521441;[];0;2129;1297;14225;252;-270;4516;-623;320;1250;51;169;46;0
2018/10/02/14:06:32.533363;[];0;1825;1073;14657;170;-20;4242;-623;320;1250;119;169;46;0
2018/10/02/14:06:32.546172;[];0;1105;1169;14721;212;-150;4178;-533;431;1256;187;169;46;0
2018/10/02/14:06:32.562336;[];0;977;945;14913;170;-154;3992;-533;431;1256;255;169;46;0
2018/10/02/14:06:32.574390;[];0;849;785;14353;238;-206;3822;-469;483;1202;84;170;46;0
2018/10/02/14:06:32.587244;[];0;673;705;14497;-44;-136;3662;-469;483;1202;152;170;46;0
2018/10/02/14:06:32.599165;[];0;817;945;14625;16;-116;3624;-469;483;1202;220;170;46;0
2018/10/02/14:06:32.615388;[];0;977;1249;14545;10;-200;3410;-341;555;1216;32;171;46;0
2018/10/02/14:06:32.628245;[];0;1057;1441;15473;18;-160;3384;-341;555;1216;100;171;46;0
2018/10/02/14:06:32.640167;[];0;1041;1521;15537;226;-86;3520;-265;581;1182;168;171;46;0
2018/10/02/14:06:32.652429;[];0;1425;1953;15489;186;-106;3422;-265;581;1182;236;171;46;0
2018/10/02/14:06:32.669274;[];0;1425;1649;15713;272;-38;3304;-265;581;1182;48;172;46;0
2018/10/02/14:06:32.681221;[];0;1617;769;15361;386;-76;3094;-169;653;1209;116;172;46;0
2018/10/02/14:06:32.693379;[];0;1681;753;14833;458;-136;3080;-169;653;1209;184;172;46;0
2018/10/02/14:06:32.705348;[];0;1217;753;14673;386;-74;3094;-47;653;1168;252;172;46;0
2018/10/02/14:06:32.722177;[];0;1105;593;15553;388;-80;3202;-47;653;1168;64;173;46;0
2018/10/02/14:06:32.734406;[];0;1041;305;15841;394;2;2896;-47;653;1168;132;173;46;0
2018/10/02/14:06:32.746364;[];0;1361;209;16273;248;-26;3144;3;679;1175;200;173;46;0
2018/10/02/14:06:32.759197;[];0;1617;-31;15761;128;42;3010;3;679;1175;12;174;46;0
2018/10/02/14:06:32.775471;[];0;1585;-511;15217;36;22;2996;86;653;1128;80;174;46;0
2018/10/02/14:06:32.787375;[];0;1793;-783;15713;-18;38;2992;86;653;1128;165;174;46;0
2018/10/02/14:06:32.800232;[];0;1921;-687;15457;-174;-48;2808;86;653;1128;233;174;46;0
2018/10/02/14:06:32.812171;[];0;2193;-943;15153;-308;-134;2884;175;647;1189;45;175;46;0
2018/10/02/14:06:32.828977;[];0;2753;-623;15217;-418;-84;2728;175;647;1189;113;175;46;0
2018/10/02/14:06:32.841227;[];0;3265;-703;14625;-514;-260;2736;220;647;1162;181;175;46;0
2018/10/02/14:06:32.853173;[];0;3009;-1023;14609;-612;-260;2664;220;647;1162;249;175;46;0
2018/10/02/14:06:32.865594;[];0;3217;-991;15089;-646;-380;2662;220;647;1162;61;176;46;0
2018/10/02/14:06:32.877222;[];0;3345;-511;15473;-624;-260;2506;329;575;1162;129;176;46;0
2018/10/02/14:06:32.894186;[];0;3185;-319;16017;-710;-424;2506;329;575;1162;197;176;46;0
2018/10/02/14:06:32.906471;[];0;3201;-175;16049;-778;-414;2490;341;503;1175;9;177;46;0
2018/10/02/14:06:32.918457;[];0;3521;-191;16593;-778;-360;2452;341;503;1175;77;177;46;0
2018/10/02/14:06:32.931149;[];0;3153;-127;16081;-712;-366;2436;341;503;1175;145;177;46;0
2018/10/02/14:06:32.947485;[];0;2609;-111;16289;-750;-322;2364;456;437;1175;213;177;46;0
2018/10/02/14:06:32.959301;[];0;2097;-511;16129;-648;-324;2188;456;437;1175;25;178;46;0
2018/10/02/14:06:32.972177;[];0;2689;-1199;16193;-554;-258;2168;533;385;1155;93;178;46;0
2018/10/02/14:06:32.984496;[];0;2929;-1471;16945;-610;-148;1960;533;385;1155;178;178;46;0
2018/10/02/14:06:33.000398;[];0;2689;-1055;16641;-578;-42;2048;552;313;1189;246;178;46;0
2018/10/02/14:06:33.013201;[];0;2561;-1231;16241;-564;18;1882;552;313;1189;58;179;46;0
2018/10/02/14:06:33.025249;[];0;2289;-1567;16545;-374;70;1802;552;313;1189;126;179;46;0
2018/10/02/14:06:33.037398;[];0;2305;-2095;16225;-536;142;1736;533;235;1209;194;179;46;0
2018/10/02/14:06:33.054219;[];0;2225;-2287;15857;-518;220;1744;533;235;1209;6;180;46;0
2018/10/02/14:06:33.066168;[];0;1809;-2671;16401;-518;22;1604;533;235;1209;74;180;46;0
2018/10/02/14:06:33.078451;[];0;1889;-3359;16481;-418;172;1452;597;189;1216;142;180;46;0
2018/10/02/14:06:33.090311;[];0;1601;-3551;16849;-268;236;1416;597;189;1216;210;180;46;0
2018/10/02/14:06:33.107140;[];0;2465;-3887;17057;-238;266;1422;559;143;1216;22;181;46;0
2018/10/02/14:06:33.122487;[];0;2193;-3967;16257;-258;324;1260;559;143;1216;90;181;46;0
2018/10/02/14:06:33.131280;[];0;2081;-3743;15409;-130;156;1478;559;143;1216;158;181;46;0
2018/10/02/14:06:33.144170;[];0;1777;65;14673;-136;110;1218;565;117;1209;226;181;46;0
2018/10/02/14:06:33.156408;[];0;1409;3585;15057;-132;-4;740;565;117;1209;38;182;46;0
2018/10/02/14:06:33.172313;[];0;2433;929;16449;-96;192;286;591;52;1189;106;182;46;0
2018/10/02/14:06:33.185212;[];0;3745;-2319;16305;-96;240;-36;591;52;1189;174;182;46;0
2018/10/02/14:06:33.197179;[];0;1297;-5119;15425;-78;136;-100;591;45;1216;3;183;46;0
2018/10/02/14:06:33.209265;[];0;81;-4127;14689;12;-22;-262;591;45;1216;71;183;46;0
2018/10/02/14:06:33.226246;[];0;1313;-3263;15041;42;-184;-360;591;45;1216;139;183;46;0
2018/10/02/14:06:33.238178;[];0;2465;-3071;15745;-164;-212;-390;616;78;1250;207;183;46;0
2018/10/02/14:06:33.250368;[];0;1537;-2991;16289;-96;-286;-500;616;78;1250;19;184;46;0
2018/10/02/14:06:33.262283;[];0;1601;-2191;16865;-46;-208;-764;616;78;1250;87;184;46;0
2018/10/02/14:06:33.279196;[];0;3521;-1439;17153;100;-166;-880;603;71;1229;138;184;46;0
2018/10/02/14:06:33.293146;[];0;3761;-1119;17249;126;-176;-1138;603;71;1229;223;184;46;0
2018/10/02/14:06:33.303300;[];0;2913;-1103;16385;54;-32;-1290;584;65;1202;35;185;46;0
2018/10/02/14:06:33.316174;[];0;2625;-1183;15825;-58;-84;-1730;584;65;1202;103;185;46;0
2018/10/02/14:06:33.335912;[];0;3553;-1167;15425;-40;-232;-1940;584;65;1202;171;185;46;0
2018/10/02/14:06:33.344338;[];0;2945;-751;16033;28;-196;-2418;610;130;1168;239;185;46;0
2018/10/02/14:06:33.357182;[];0;3041;-607;16849;-76;-186;-2532;610;130;1168;51;186;46;0
2018/10/02/14:06:33.369399;[];0;4401;-1183;16993;-88;-74;-2726;591;189;1216;119;186;46;0
2018/10/02/14:06:33.385379;[];0;5009;-1215;17185;-52;-90;-3052;591;189;1216;170;186;46;0
2018/10/02/14:06:33.398268;[];0;4385;-1199;17569;-96;104;-3312;501;222;1216;16;187;46;0
2018/10/02/14:06:33.410262;[];0;4241;-703;16993;-52;94;-3354;501;222;1216;84;187;46;0
2018/10/02/14:06:33.422393;[];0;5313;-927;17153;-182;162;-3686;501;222;1216;152;187;46;0
2018/10/02/14:06:33.439367;[];0;5041;-943;17377;-282;222;-3804;501;287;1162;220;187;46;0
2018/10/02/14:06:33.451204;[];0;4513;-719;17009;-222;386;-4344;501;287;1162;32;188;46;0
2018/10/02/14:06:33.463424;[];0;5281;-1135;16849;-312;524;-4426;501;287;1162;100;188;46;0
2018/10/02/14:06:33.475256;[];0;6689;-1407;15729;-342;632;-4560;424;326;1216;168;188;46;0
2018/10/02/14:06:33.488181;[];0;6865;-1743;15441;-530;600;-4708;424;326;1216;236;188;46;0
2018/10/02/14:06:33.504382;[];0;6689;-1791;14641;-616;724;-4970;322;398;1236;48;189;46;0
2018/10/02/14:06:33.516289;[];0;7393;-1999;14193;-594;666;-5182;322;398;1236;116;189;46;0
2018/10/02/14:06:33.529208;[];0;7537;-2063;14273;-726;742;-5274;322;398;1236;184;189;46;0
2018/10/02/14:06:33.541383;[];0;6673;-1423;14305;-822;922;-5402;207;424;1263;252;189;46;0
2018/10/02/14:06:33.557337;[];0;6769;-1263;14833;-926;814;-5362;207;424;1263;64;190;46;0
2018/10/02/14:06:33.570204;[];0;7025;-1247;14353;-920;874;-5418;28;411;1317;132;190;46;0
2018/10/02/14:06:33.582447;[];0;6657;-895;14353;-842;910;-5514;28;411;1317;200;190;46;0
2018/10/02/14:06:33.594358;[];0;6385;-1119;13057;-924;1116;-5640;-105;333;1304;29;191;46;0
2018/10/02/14:06:33.611399;[];0;7089;-927;13041;-892;900;-5584;-105;333;1304;97;191;46;0
2018/10/02/14:06:33.623565;[];0;6993;-671;13377;-692;962;-5556;-105;333;1304;165;191;46;0
2018/10/02/14:06:33.635449;[];0;6385;-799;14513;-668;994;-5406;-194;287;1331;233;191;46;0
2018/10/02/14:06:33.647276;[];0;6065;-1135;14833;-650;1104;-5480;-194;287;1331;45;192;46;0
2018/10/02/14:06:33.664200;[];0;6273;-1951;15281;-500;1112;-5206;-194;287;1331;113;192;46;0
2018/10/02/14:06:33.677797;[];0;6321;-2431;14961;-532;1102;-5216;-322;209;1310;180;192;46;0
2018/10/02/14:06:33.688653;[];0;6353;-2591;14145;-392;1052;-5190;-322;209;1310;248;192;46;0
2018/10/02/14:06:33.701179;[];0;7185;-2863;13857;-304;1048;-5150;-424;124;1324;60;193;46;0
2018/10/02/14:06:33.717783;[];0;6945;-2767;13473;-186;1050;-4820;-424;124;1324;128;193;46;0
2018/10/02/14:06:33.729306;[];0;6529;-2223;13681;-158;1096;-4888;-424;124;1324;196;193;46;0
2018/10/02/14:06:33.742189;[];0;6241;-2063;14145;-132;766;-4682;-495;32;1310;8;194;46;0
2018/10/02/14:06:33.754372;[];0;5889;-2559;14513;-174;766;-4506;-495;32;1310;76;194;46;0
2018/10/02/14:06:33.766348;[];0;5457;-2623;14497;-234;606;-4336;-533;-91;1324;144;194;46;0
2018/10/02/14:06:33.783208;[];0;5153;-2687;14209;-116;654;-4322;-533;-91;1324;212;194;46;0
2018/10/02/14:06:33.795157;[];0;5249;-3199;14017;-68;600;-4126;-597;-196;1324;41;195;46;0
2018/10/02/14:06:33.807429;[];0;5041;-3311;14001;-4;356;-4010;-597;-196;1324;109;195;46;0
2018/10/02/14:06:33.819241;[];0;4641;-3407;14097;-8;250;-3856;-597;-196;1324;177;195;46;0
2018/10/02/14:06:33.836180;[];0;4865;-3375;14673;18;272;-3780;-559;-235;1364;245;195;46;0
2018/10/02/14:06:33.850746;[];0;4833;-3519;14801;50;164;-3660;-559;-235;1364;57;196;46;0
2018/10/02/14:06:33.860289;[];0;4657;-3999;14785;92;100;-3638;-559;-235;1364;125;196;46;0
2018/10/02/14:06:33.873204;[];0;3937;-4335;14577;102;114;-3416;-565;-313;1310;193;196;46;0
2018/10/02/14:06:33.889542;[];0;2849;-4495;14545;62;20;-3288;-565;-313;1310;5;197;46;0
2018/10/02/14:06:33.901423;[];0;2753;-4063;14833;108;4;-3138;-539;-405;1351;73;197;46;0
2018/10/02/14:06:33.914234;[];0;2817;-3727;15441;-62;-50;-3018;-539;-405;1351;141;197;46;0
2018/10/02/14:06:33.926190;[];0;3041;-3295;15553;-16;-48;-2842;-539;-405;1351;209;197;46;0
2018/10/02/14:06:33.942386;[];0;3137;-3695;15857;172;-50;-2750;-539;-477;1358;21;198;46;0
2018/10/02/14:06:33.955252;[];0;3377;-4127;15889;136;58;-2696;-539;-477;1358;89;198;46;0
2018/10/02/14:06:33.967192;[];0;3313;-4399;15665;24;36;-2498;-469;-516;1344;157;198;46;0
2018/10/02/14:06:33.979350;[];0;3281;-4655;16497;172;38;-2216;-469;-516;1344;225;198;46;0
2018/10/02/14:06:33.996276;[];0;2881;-5103;16689;64;88;-2136;-469;-516;1344;37;199;46;0
2018/10/02/14:06:34.008237;[];0;2177;-6159;17025;146;74;-1808;-450;-568;1270;122;199;46;0
2018/10/02/14:06:34.020442;[];0;1409;-7439;17025;76;222;-1528;-450;-568;1270;190;199;46;0
2018/10/02/14:06:34.032314;[];0;977;-7695;16961;54;250;-1098;-392;-555;1358;2;200;46;0
2018/10/02/14:06:34.049190;[];0;577;-8031;17537;72;338;-702;-392;-555;1358;70;200;46;0
2018/10/02/14:06:34.061742;[];0;977;-8735;17697;28;418;-82;-392;-555;1358;138;200;46;0
2018/10/02/14:06:34.073429;[];0;945;-8863;17633;70;524;218;-444;-549;1297;206;200;46;0
2018/10/02/14:06:34.086215;[];0;1921;-8175;17425;10;462;904;-444;-549;1297;18;201;46;0
2018/10/02/14:06:34.098491;[];0;2433;-8223;17073;20;548;1332;-424;-555;1337;86;201;46;0
2018/10/02/14:06:34.114432;[];0;2753;-8111;17089;-98;494;1818;-424;-555;1337;154;201;46;0
2018/10/02/14:06:34.127252;[];0;2897;-6975;15825;-44;438;2286;-424;-555;1337;222;201;46;0
2018/10/02/14:06:34.139280;[];0;2817;-6079;16113;140;250;2636;-482;-522;1364;34;202;46;0
2018/10/02/14:06:34.151363;[];0;2929;-5551;15953;30;326;2890;-482;-522;1364;102;202;46;0
2018/10/02/14:06:34.168335;[];0;2865;-4287;15585;198;216;3126;-584;-496;1331;170;202;46;0
2018/10/02/14:06:34.180160;[];0;3281;-2447;15793;176;140;3332;-584;-496;1331;238;202;46;0
2018/10/02/14:06:34.192375;[];0;3729;-2655;15137;162;174;3544;-623;-411;1270;67;203;46;0
2018/10/02/14:06:34.205261;[];0;4209;-3487;15057;270;52;3710;-623;-411;1270;135;203;46;0
2018/10/02/14:06:34.221172;[];0;2817;-3279;15569;260;-68;3704;-623;-411;1270;203;203;46;0
2018/10/02/14:06:34.233642;[];0;2161;-2575;15489;194;32;3764;-616;-320;1324;15;204;46;0
2018/10/02/14:06:34.245318;[];0;2289;-2415;15825;134;2;4084;-616;-320;1324;83;204;46;0
2018/10/02/14:06:34.258264;[];0;2065;-1887;15505;178;40;4056;-616;-320;1324;151;204;46;0
2018/10/02/14:06:34.274637;[];0;2817;-2095;15713;264;164;4072;-610;-209;1331;219;204;46;0
2018/10/02/14:06:34.286525;[];0;3185;-1471;14865;372;10;4114;-610;-209;1331;31;205;46;0
2018/10/02/14:06:34.299201;[];0;3601;-1087;14129;312;40;4230;-680;-98;1331;99;205;46;0
2018/10/02/14:06:34.311185;[];0;3969;-735;14897;390;36;4346;-680;-98;1331;167;205;46;0
2018/10/02/14:06:34.327379;[];0;3889;-287;14321;474;-68;4036;-680;-98;1331;235;205;46;0
2018/10/02/14:06:34.340220;[];0;4369;-79;14529;582;-56;4022;-635;13;1331;47;206;46;0
2018/10/02/14:06:34.352171;[];0;4097;-1039;15825;336;-156;4026;-635;13;1331;115;206;46;0
2018/10/02/14:06:34.364434;[];0;3313;-1647;14641;444;-30;4074;-642;150;1310;183;206;46;0
2018/10/02/14:06:34.377226;[];0;2561;-975;15121;458;38;4072;-642;150;1310;251;206;46;0
2018/10/02/14:06:34.393183;[];0;2225;-303;14481;384;-242;4130;-642;150;1310;63;207;46;0
2018/10/02/14:06:34.405409;[];0;2753;17;14769;412;-118;4012;-597;241;1270;131;207;46;0
2018/10/02/14:06:34.417332;[];0;3281;-655;15489;390;-128;4196;-597;241;1270;216;207;46;0
2018/10/02/14:06:34.430175;[];0;3777;-559;15073;412;-142;4322;-533;339;1283;28;208;46;0
2018/10/02/14:06:34.446702;[];0;3697;-1551;14801;460;-228;4250;-533;339;1283;96;208;46;0
2018/10/02/14:06:34.463276;[];0;3729;-1583;14977;462;-284;4302;-488;437;1283;181;208;46;0
2018/10/02/14:06:34.475184;[];0;3553;-1087;13985;412;-252;4328;-488;437;1283;249;208;46;0
2018/10/02/14:06:34.487516;[];0;3377;-1119;14481;368;-202;4334;-488;437;1283;61;209;46;0
2018/10/02/14:06:34.499357;[];0;2977;-943;14785;332;-120;4180;-341;535;1195;129;209;46;0
2018/10/02/14:06:34.516190;[];0;3841;-911;14769;342;-272;4378;-341;535;1195;197;209;46;0
2018/10/02/14:06:34.528711;[];0;5169;-879;15377;250;-110;4390;-226;555;1263;9;210;46;0
2018/10/02/14:06:34.540354;[];0;4897;-1039;14913;294;-52;4406;-226;555;1263;77;210;46;0
2018/10/02/14:06:34.553222;[];0;4737;-1855;15249;210;-152;4384;-226;555;1263;145;210;46;0
2018/10/02/14:06:34.565147;[];0;4801;-783;14529;190;-106;4474;-124;581;1243;213;210;46;0
2018/10/02/14:06:34.581345;[];0;4353;-271;14993;108;-116;4438;-124;581;1243;25;211;46;0
2018/10/02/14:06:34.594244;[];0;4449;449;14465;152;-150;4374;-9;627;1222;93;211;46;0
2018/10/02/14:06:34.606177;[];0;3969;1105;14961;48;-124;4294;-9;627;1222;161;211;46;0
2018/10/02/14:06:34.619054;[];0;4225;721;14881;-110;-152;4214;-9;627;1222;229;211;46;0
2018/10/02/14:06:34.635290;[];0;3889;609;14945;-20;-128;3988;105;581;1182;41;212;46;0
2018/10/02/14:06:34.647175;[];0;3777;145;15249;-64;-14;3860;105;581;1182;109;212;46;0
2018/10/02/14:06:34.659335;[];0;3905;-479;14977;-354;-186;3600;150;549;1195;194;212;46;0
2018/10/02/14:06:34.671500;[];0;3729;193;14577;-456;-142;3584;150;549;1195;6;213;46;0
2018/10/02/14:06:34.688233;[];0;4145;-143;15217;-534;-84;3278;150;549;1195;74;213;46;0
2018/10/02/14:06:34.700397;[];0;3681;273;15473;-660;-70;3016;271;555;1195;142;213;46;0
2018/10/02/14:06:34.712369;[];0;3409;401;16129;-578;-22;2838;271;555;1195;210;213;46;0
2018/10/02/14:06:34.725236;[];0;3313;369;15889;-566;-12;2660;322;457;1222;22;214;46;0
2018/10/02/14:06:34.741475;[];0;3457;65;16353;-628;26;2392;322;457;1222;90;214;46;0
2018/10/02/14:06:34.753360;[];0;3505;-207;15857;-560;-4;2348;322;457;1222;158;214;46;0
2018/10/02/14:06:34.766252;[];0;3569;-1167;16609;-650;-76;2192;386;385;1195;226;214;46;0
2018/10/02/14:06:34.778474;[];0;3409;-2319;16721;-762;-80;2014;386;385;1195;38;215;46;0
2018/10/02/14:06:34.794400;[];0;3393;-2623;16833;-724;58;1878;380;339;1256;106;215;46;0
2018/10/02/14:06:34.807634;[];0;3873;-2799;16465;-572;64;1812;380;339;1256;174;215;46;0
2018/10/02/14:06:34.819191;[];0;3905;-3023;15809;-650;-20;1784;380;339;1256;242;215;46;0
2018/10/02/14:06:34.831637;[];0;4337;-2511;15681;-578;-58;1648;463;287;1297;54;216;46;0
2018/10/02/14:06:34.848268;[];0;3969;-1791;15425;-500;-30;1578;463;287;1297;122;216;46;0
2018/10/02/14:06:34.860191;[];0;4433;-1327;16065;-454;-184;1402;495;248;1229;207;216;46;0
2018/10/02/14:06:34.872419;[];0;4273;-703;16337;-170;-112;1152;495;248;1229;19;217;46;0
2018/10/02/14:06:34.884365;[];0;4001;-495;16385;-68;-124;908;495;248;1229;87;217;46;0
2018/10/02/14:06:34.897189;[];0;3041;-303;16081;-44;-180;710;482;189;1229;155;217;46;0
2018/10/02/14:06:34.913465;[];0;2673;-383;16433;-60;-288;216;482;189;1229;223;217;46;0
2018/10/02/14:06:34.925372;[];0;2721;161;16385;-38;-282;58;552;189;1202;35;218;46;0
2018/10/02/14:06:34.938264;[];0;3089;369;16273;-74;-248;-218;552;189;1202;103;218;46;0
2018/10/02/14:06:34.950176;[];0;3665;321;16753;26;-218;-576;552;189;1202;171;218;46;0
2018/10/02/14:06:34.966409;[];0;3553;193;16833;108;-312;-950;507;189;1182;239;218;46;0
2018/10/02/14:06:34.979260;[];0;3425;321;17105;58;-380;-1326;507;189;1182;51;219;46;0
2018/10/02/14:06:34.991203;[];0;3585;369;17377;-68;-278;-1802;507;248;1175;119;219;46;0
2018/10/02/14:06:35.003695;[];0;3761;289;16929;-70;-460;-2094;507;248;1175;187;219;46;0
2018/10/02/14:06:35.020296;[];0;4209;-543;17345;-106;-274;-2406;507;248;1175;255;219;46;0
2018/10/02/14:06:35.032172;[];0;4209;-1007;16913;-88;-254;-2732;424;267;1195;67;220;46;0
2018/10/02/14:06:35.044443;[];0;4273;-1183;17169;-44;-224;-2770;424;267;1195;118;220;46;0
2018/10/02/14:06:35.056399;[];0;4609;-1823;16609;-206;-26;-3110;450;307;1182;220;220;46;0
2018/10/02/14:06:35.073260;[];0;5233;-2495;15969;-134;12;-3264;450;307;1182;32;221;46;0
2018/10/02/14:06:35.085289;[];0;5393;-2607;15553;-342;50;-3276;450;307;1182;100;221;46;0
2018/10/02/14:06:35.097474;[];0;5713;-2415;15057;-182;128;-3408;424;366;1168;168;221;46;0
2018/10/02/14:06:35.110269;[];0;6161;-2751;14721;-246;68;-3498;424;366;1168;236;221;46;0
2018/10/02/14:06:35.126204;[];0;5985;-3039;14657;-420;22;-3538;322;398;1229;48;222;46;0
2018/10/02/14:06:35.138523;[];0;6353;-2527;15137;-232;178;-3632;322;398;1229;115;222;46;0
2018/10/02/14:06:35.151306;[];0;6321;-2303;15809;-282;180;-3554;322;398;1229;183;222;46;0
2018/10/02/14:06:35.163204;[];0;5809;-2943;15313;-472;318;-3714;297;405;1216;251;222;46;0
2018/10/02/14:06:35.175458;[];0;5649;-3167;15665;-250;276;-3526;297;405;1216;63;223;46;0
2018/10/02/14:06:35.192398;[];0;5569;-2815;15393;-370;374;-3574;194;450;1250;131;223;46;0
2018/10/02/14:06:35.204229;[];0;5153;-3039;14993;-344;456;-3362;194;450;1250;199;223;46;0
2018/10/02/14:06:35.216227;[];0;4657;-3295;14433;-358;410;-3368;194;450;1250;11;224;46;0
2018/10/02/14:06:35.229488;[];0;4529;-2991;14321;-404;512;-3264;99;431;1209;79;224;46;0
2018/10/02/14:06:35.245243;[];0;4529;-3071;14881;-332;650;-3186;99;431;1209;147;224;46;0
2018/10/02/14:06:35.257161;[];0;4529;-2351;14993;-422;714;-2978;3;392;1243;232;224;46;0
2018/10/02/14:06:35.269310;[];0;4657;-2255;15521;-348;870;-3038;3;392;1243;44;225;46;0
2018/10/02/14:06:35.282242;[];0;4625;-2239;14865;-258;788;-2804;3;392;1243;112;225;46;0
2018/10/02/14:06:35.298187;[];0;4609;-1999;14913;-324;886;-2798;-47;405;1277;180;225;46;0
2018/10/02/14:06:35.310408;[];0;4113;-2015;15041;-384;778;-2620;-47;405;1277;248;225;46;0
2018/10/02/14:06:35.323301;[];0;3649;-2399;14385;-310;758;-2510;-150;385;1290;60;226;46;0
2018/10/02/14:06:35.335189;[];0;3201;-2271;14977;-310;762;-2550;-150;385;1290;128;226;46;0
2018/10/02/14:06:35.351573;[];0;3233;-2143;15249;-334;620;-2318;-150;385;1290;196;226;46;0
2018/10/02/14:06:35.364388;[];0;3249;-2143;14849;-386;774;-2386;-201;359;1283;8;227;46;0
2018/10/02/14:06:35.376229;[];0;2545;-1807;15521;-360;652;-2322;-201;359;1283;76;227;46;0
2018/10/02/14:06:35.389060;[];0;2561;-2351;15105;-342;686;-2236;-309;320;1263;144;227;46;0
2018/10/02/14:06:35.405413;[];0;2161;-2719;14705;-358;718;-2164;-309;320;1263;212;227;46;0
2018/10/02/14:06:35.417281;[];0;2177;-2751;15025;-434;758;-2248;-309;320;1263;24;228;46;0
2018/10/02/14:06:35.429274;[];0;2289;-2223;14673;-384;732;-2116;-354;287;1270;92;228;46;0
2018/10/02/14:06:35.441491;[];0;2321;-2111;14977;-462;906;-2176;-354;287;1270;160;228;46;0
2018/10/02/14:06:35.458257;[];0;2625;-1647;14401;-464;580;-2186;-450;235;1304;228;228;46;0
2018/10/02/14:06:35.470222;[];0;2417;-2255;14721;-500;628;-2158;-450;235;1304;57;229;46;0
2018/10/02/14:06:35.482480;[];0;1969;-3023;14673;-456;462;-2126;-450;235;1304;125;229;46;0
2018/10/02/14:06:35.495324;[];0;1377;-3471;14641;-390;476;-2172;-450;222;1297;193;229;46;0
2018/10/02/14:06:35.507201;[];0;913;-3503;14849;-402;432;-2020;-450;222;1297;5;230;46;0
2018/10/02/14:06:35.523422;[];0;785;-3423;14401;-410;450;-2162;-495;143;1270;73;230;46;0
2018/10/02/14:06:35.536355;[];0;1057;-2847;14737;-316;368;-2080;-495;143;1270;141;230;46;0
2018/10/02/14:06:35.548206;[];0;1361;-3007;15201;-244;344;-2074;-495;143;1270;209;230;46;0
2018/10/02/14:06:35.560497;[];0;1313;-2431;15633;-134;360;-1952;-546;52;1283;21;231;46;0
2018/10/02/14:06:35.577389;[];0;1073;-2975;15585;-216;404;-1990;-546;52;1283;89;231;46;0
2018/10/02/14:06:35.589232;[];0;673;-3279;15121;-66;348;-1726;-539;0;1263;174;231;46;0
2018/10/02/14:06:35.601460;[];0;497;-3695;15361;-104;350;-1750;-539;0;1263;225;231;46;0
2018/10/02/14:06:35.613400;[];0;689;-3503;14657;-124;300;-1804;-539;0;1263;37;232;46;0
2018/10/02/14:06:35.630272;[];0;769;-3247;15233;-96;290;-1756;-591;-58;1324;105;232;46;0
2018/10/02/14:06:35.642533;[];0;1105;-2751;14753;60;270;-1828;-591;-58;1324;173;232;46;0
2018/10/02/14:06:35.654392;[];0;1745;-2895;15089;-46;234;-1744;-616;-58;1277;241;232;46;0
2018/10/02/14:06:35.667273;[];0;1585;-2895;15137;-10;100;-1788;-616;-58;1277;70;233;46;0
2018/10/02/14:06:35.683285;[];0;1137;-2991;14353;-56;62;-1898;-616;-58;1277;121;233;46;0
2018/10/02/14:06:35.695475;[];0;577;-2671;15649;-88;54;-1656;-597;-117;1263;206;233;46;0
2018/10/02/14:06:35.708290;[];0;817;-2543;15809;20;4;-1786;-597;-117;1263;18;234;46;0
2018/10/02/14:06:35.720220;[];0;1137;-2447;15089;-36;82;-1652;-623;-143;1277;86;234;46;0
2018/10/02/14:06:35.737100;[];0;1569;-2751;15729;-128;-98;-1672;-623;-143;1277;154;234;46;0
2018/10/02/14:06:35.749313;[];0;1921;-3327;15201;-4;-136;-1716;-623;-143;1277;222;234;46;0
2018/10/02/14:06:35.761226;[];0;1889;-3615;15521;102;-128;-1654;-597;-156;1270;34;235;46;0
2018/10/02/14:06:35.773647;[];0;1361;-3791;16369;204;-132;-1640;-597;-156;1270;102;235;46;0
2018/10/02/14:06:35.785324;[];0;1137;-4271;16785;82;-64;-1394;-578;-228;1270;170;235;46;0
2018/10/02/14:06:35.802224;[];0;1201;-4799;16625;96;-70;-1328;-578;-228;1270;238;235;46;0
2018/10/02/14:06:35.814303;[];0;641;-4831;16161;76;26;-1100;-578;-228;1270;50;236;46;0
2018/10/02/14:06:35.826328;[];0;401;-4703;16225;124;38;-970;-571;-222;1290;118;236;46;0
2018/10/02/14:06:35.839226;[];0;433;-4495;16657;42;48;-674;-571;-222;1290;186;236;46;0
2018/10/02/14:06:35.855200;[];0;913;-4399;17105;44;68;-402;-584;-248;1297;254;236;46;0
2018/10/02/14:06:35.867487;[];0;945;-3583;17137;90;104;-86;-584;-248;1297;66;237;46;0
2018/10/02/14:06:35.880303;[];0;705;-3407;16737;228;150;-114;-584;-248;1297;151;237;46;0
2018/10/02/14:06:35.892195;[];0;849;-2735;16721;112;76;20;-539;-287;1290;219;237;46;0
2018/10/02/14:06:35.909127;[];0;929;-2175;16753;186;-12;66;-539;-287;1290;31;238;46;0
2018/10/02/14:06:35.921362;[];0;545;-1903;16161;206;108;10;-546;-241;1236;99;238;46;0
2018/10/02/14:06:35.933234;[];0;785;-1695;16721;178;148;28;-546;-241;1236;167;238;46;0
2018/10/02/14:06:35.945580;[];0;817;-1407;16273;222;188;42;-546;-241;1236;235;238;46;0
2018/10/02/14:06:35.962440;[];0;801;-1615;16593;172;80;4;-597;-254;1283;98;239;46;0
2018/10/02/14:06:35.974244;[];0;705;-1871;16289;200;78;56;-597;-254;1283;149;239;46;0
2018/10/02/14:06:35.986315;[];0;769;-1727;15985;26;90;-38;-565;-235;1250;200;239;46;0
2018/10/02/14:06:36.003466;[];0;833;-1983;16225;-26;32;14;-565;-235;1250;251;239;46;0
2018/10/02/14:06:36.015275;[];0;881;-1983;16449;-8;-36;-40;-565;-235;1250;80;240;46;0
2018/10/02/14:06:36.027405;[];0;593;-2543;16529;86;104;166;-591;-222;1256;148;240;46;0
2018/10/02/14:06:36.039501;[];0;529;-2095;16097;154;36;228;-591;-222;1256;216;240;46;0
2018/10/02/14:06:36.056258;[];0;497;-2047;15633;136;144;70;-603;-209;1304;28;241;46;0
2018/10/02/14:06:36.068326;[];0;737;-1519;15857;36;-18;184;-603;-209;1304;79;241;46;0
2018/10/02/14:06:36.080503;[];0;849;-1231;16273;-44;-26;366;-565;-209;1270;181;241;46;0
2018/10/02/14:06:36.093286;[];0;833;-1279;16033;-38;14;202;-565;-209;1270;249;241;46;0
2018/10/02/14:06:36.105207;[];0;737;-1327;15761;48;20;226;-565;-209;1270;44;242;46;0
2018/10/02/14:06:36.121433;[];0;625;-1311;15729;-56;-14;208;-591;-196;1277;112;242;46;0
2018/10/02/14:06:36.134349;[];0;785;-1327;15553;-40;76;68;-591;-196;1277;180;242;46;0
2018/10/02/14:06:36.146211;[];0;801;-1471;16097;-114;-34;76;-591;-196;1277;248;242;46;0
2018/10/02/14:06:36.159051;[];0;673;-1407;15649;-34;76;90;-584;-215;1250;60;243;46;0
2018/10/02/14:06:36.175489;[];0;609;-1167;15857;-142;32;34;-584;-215;1250;145;243;46;0
2018/10/02/14:06:36.187242;[];0;737;-1295;15601;-34;88;100;-616;-215;1277;196;243;46;0
2018/10/02/14:06:36.199448;[];0;801;-1615;15761;-64;32;198;-616;-215;1277;8;244;46;0
2018/10/02/14:06:36.211427;[];0;945;-1887;15649;-60;72;74;-616;-215;1277;76;244;46;0
2018/10/02/14:06:36.228312;[];0;689;-2127;16081;34;54;-106;-623;-209;1277;161;244;46;0
2018/10/02/14:06:36.240490;[];0;321;-1999;15681;150;118;-26;-623;-209;1277;229;244;46;0
2018/10/02/14:06:36.252416;[];0;545;-2015;15921;178;126;-16;-603;-189;1236;41;245;46;0
2018/10/02/14:06:36.273265;[];0;673;-1823;15729;180;-14;126;-603;-189;1236;109;245;46;0
2018/10/02/14:06:36.285453;[];0;1105;-1551;15681;14;30;58;-629;-176;1250;245;245;46;0
2018/10/02/14:06:36.297401;[];0;833;-1471;15681;72;-32;60;-629;-176;1250;40;246;46;0
2018/10/02/14:06:36.310260;[];0;737;-1439;15889;46;44;24;-629;-176;1250;91;246;46;0
2018/10/02/14:06:36.326490;[];0;561;-1375;15745;32;-26;132;-623;-183;1236;159;246;46;0
2018/10/02/14:06:36.338616;[];0;305;-1343;15553;0;62;156;-623;-183;1236;227;246;46;0
2018/10/02/14:06:36.351286;[];0;529;-1551;15537;18;2;116;-610;-196;1256;39;247;46;0
2018/10/02/14:06:36.363235;[];0;577;-1391;15425;-16;-56;130;-610;-196;1256;107;247;46;0
2018/10/02/14:06:36.379390;[];0;721;-1375;15937;28;-36;48;-623;-183;1229;226;247;46;0
2018/10/02/14:06:36.392280;[];0;705;-1407;15969;76;50;-12;-623;-183;1229;21;248;46;0
2018/10/02/14:06:36.404234;[];0;625;-1599;16449;-8;52;116;-623;-183;1229;72;248;46;0
2018/10/02/14:06:36.420383;[];0;273;-1487;16401;72;58;14;-616;-183;1277;123;248;46;0
2018/10/02/14:06:36.433275;[];0;321;-1599;16065;10;50;-68;-616;-183;1277;208;248;46;0
2018/10/02/14:06:36.445190;[];0;257;-1359;15889;-44;-48;28;-616;-183;1277;20;249;46;0
2018/10/02/14:06:36.457585;[];0;641;-1391;15713;126;18;-106;-597;-156;1270;88;249;46;0
2018/10/02/14:06:36.474331;[];0;673;-1471;16033;-34;-30;-48;-597;-156;1270;156;249;46;0
2018/10/02/14:06:36.486210;[];0;369;-1439;16161;46;78;18;-603;-169;1263;19;250;46;0
2018/10/02/14:06:36.498542;[];0;465;-1647;15905;46;72;-70;-603;-169;1263;70;250;46;0
2018/10/02/14:06:36.514382;[];0;657;-1535;16097;-16;-20;8;-616;-202;1304;121;250;46;0
2018/10/02/14:06:36.527223;[];0;657;-1567;15681;108;36;38;-616;-202;1304;172;250;46;0
2018/10/02/14:06:36.539194;[];0;849;-1567;16001;-10;-36;84;-616;-202;1304;1;251;46;0
2018/10/02/14:06:36.551476;[];0;753;-1695;15569;172;-52;-148;-584;-202;1222;69;251;46;0
2018/10/02/14:06:36.568568;[];0;609;-1775;15905;82;-66;-118;-584;-202;1222;137;251;46;0
2018/10/02/14:06:36.580196;[];0;593;-1727;15825;-30;60;-34;-584;-202;1222;205;251;46;0
2018/10/02/14:06:36.592472;[];0;609;-1631;15889;-6;0;0;-635;-156;1263;50;252;46;0
2018/10/02/14:06:36.609280;[];0;577;-1583;16097;14;-20;12;-635;-156;1263;101;252;46;0
2018/10/02/14:06:36.621229;[];0;513;-1503;15585;-28;2;0;-623;-176;1263;152;252;46;0
2018/10/02/14:06:36.633400;[];0;529;-1391;15793;28;-12;122;-623;-176;1263;237;252;46;0
2018/10/02/14:06:36.646367;[];0;529;-1199;15857;20;-116;56;-610;-163;1277;49;253;46;0
2018/10/02/14:06:36.662222;[];0;321;-1215;16081;34;-14;-130;-610;-163;1277;117;253;46;0
2018/10/02/14:06:36.674207;[];0;465;-1391;16001;30;64;-36;-610;-163;1277;185;253;46;0
2018/10/02/14:06:36.687502;[];0;609;-1311;15713;36;60;112;-616;-143;1236;236;253;46;0
2018/10/02/14:06:36.699321;[];0;689;-1471;16001;-40;-4;-142;-616;-143;1236;82;254;46;0
2018/10/02/14:06:36.715258;[];0;641;-1311;16065;-88;84;-182;-629;-156;1216;133;254;46;0
2018/10/02/14:06:36.727460;[];0;529;-1535;15793;-84;38;-90;-629;-156;1216;201;254;46;0
2018/10/02/14:06:36.740346;[];0;305;-1759;15889;28;80;-62;-629;-156;1216;13;255;46;0
2018/10/02/14:06:36.752252;[];0;129;-1935;15905;56;112;-64;-610;-189;1283;81;255;46;0
2018/10/02/14:06:36.768558;[];0;369;-1823;15873;44;80;50;-610;-189;1283;149;255;46;0
2018/10/02/14:06:36.781479;[];0;545;-1775;16049;-8;-24;42;-610;-189;1283;217;255;46;0
2018/10/02/14:06:36.793283;[];0;529;-1775;16209;36;64;-156;-661;-163;1277;12;0;47;0
2018/10/02/14:06:36.805253;[];0;513;-1519;15617;-18;78;-92;-661;-163;1277;97;0;47;0
2018/10/02/14:06:36.822365;[];0;321;-1519;15953;50;-74;78;-635;-169;1243;165;0;47;0
2018/10/02/14:06:36.834321;[];0;305;-1263;15969;24;22;-58;-635;-169;1243;250;0;47;0
2018/10/02/14:06:36.846226;[];0;401;-1167;15985;132;50;-58;-603;-176;1222;62;1;47;0
2018/10/02/14:06:36.859607;[];0;625;-1199;16081;44;-24;-130;-603;-176;1222;130;1;47;0
2018/10/02/14:06:36.871388;[];0;673;-1055;15729;52;-50;72;-603;-176;1222;198;1;47;0
2018/10/02/14:06:36.887268;[];0;577;-1231;16081;-66;88;4;-616;-150;1283;10;2;47;0
2018/10/02/14:06:36.899242;[];0;497;-1295;16001;-52;-58;88;-616;-150;1283;61;2;47;0
2018/10/02/14:06:36.912361;[];0;385;-1487;16001;-46;-10;26;-623;-124;1256;146;2;47;0
2018/10/02/14:06:36.924290;[];0;353;-1759;16049;-86;46;42;-623;-124;1256;214;2;47;0
2018/10/02/14:06:36.940254;[];0;337;-1631;15825;-42;116;-26;-623;-124;1256;26;3;47;0
2018/10/02/14:06:36.953650;[];0;497;-1919;15569;42;-110;-44;-648;-176;1243;94;3;47;0
2018/10/02/14:06:36.969301;[];0;625;-1903;15729;-76;20;52;-648;-176;1243;179;3;47;0
2018/10/02/14:06:36.981220;[];0;401;-1887;15601;-2;26;-58;-623;-169;1256;247;3;47;0
2018/10/02/14:06:36.994501;[];0;385;-1567;15809;46;-36;48;-623;-169;1256;59;4;47;0
2018/10/02/14:06:37.010431;[];0;321;-1663;15985;36;-20;36;-623;-169;1256;110;4;47;0
2018/10/02/14:06:37.022295;[];0;513;-1407;15409;24;-4;80;-654;-169;1256;195;4;47;0
2018/10/02/14:06:37.035263;[];0;545;-1231;15505;-16;-60;74;-654;-169;1256;7;5;47;0
2018/10/02/14:06:37.047485;[];0;625;-1519;15617;54;74;70;-610;-196;1250;75;5;47;0
2018/10/02/14:06:37.059286;[];0;561;-1295;15377;30;12;-62;-610;-196;1250;143;5;47;0
2018/10/02/14:06:37.076286;[];0;593;-1487;15649;-24;30;-54;-610;-196;1250;211;5;47;0
2018/10/02/14:06:37.089491;[];0;337;-1471;15457;-88;0;-64;-591;-169;1270;40;6;47;0
2018/10/02/14:06:37.100358;[];0;337;-1631;16017;108;54;-22;-591;-169;1270;108;6;47;0
2018/10/02/14:06:37.112188;[];0;193;-1967;15745;54;22;24;-610;-130;1243;176;6;47;0
2018/10/02/14:06:37.129592;[];0;65;-1967;15681;80;120;-104;-610;-130;1243;244;6;47;0
2018/10/02/14:06:37.141338;[];0;193;-1503;15825;50;102;-12;-610;-130;1243;56;7;47;0
2018/10/02/14:06:37.153293;[];0;481;-1295;15841;-44;-26;30;-642;-156;1283;124;7;47;0
2018/10/02/14:06:37.166256;[];0;753;-1263;15777;170;10;6;-642;-156;1283;192;7;47;0
2018/10/02/14:06:37.182414;[];0;545;-1295;15777;-2;-114;6;-623;-143;1283;4;8;47;0
2018/10/02/14:06:37.194421;[];0;241;-1263;15617;-46;-98;140;-623;-143;1283;72;8;47;0
2018/10/02/14:06:37.207271;[];0;433;-1391;15905;92;-36;-64;-623;-143;1283;140;8;47;0
2018/10/02/14:06:37.219445;[];0;577;-1087;15969;88;-82;54;-610;-163;1243;242;8;47;0
2018/10/02/14:06:37.235386;[];0;609;-1215;16161;90;0;-38;-610;-163;1243;37;9;47;0
2018/10/02/14:06:37.248533;[];0;577;-1119;15953;84;30;-36;-623;-169;1243;88;9;47;0
2018/10/02/14:06:37.260334;[];0;513;-1343;16225;-4;50;28;-623;-169;1243;173;9;47;0
2018/10/02/14:06:37.274893;[];0;193;-1503;16113;64;12;-8;-623;-169;1243;241;9;47;0
2018/10/02/14:06:37.289313;[];0;337;-1119;16177;66;76;-100;-629;-169;1236;53;10;47;0
2018/10/02/14:06:37.301273;[];0;577;-1103;16577;16;52;-52;-629;-169;1236;121;10;47;0
2018/10/02/14:06:37.313584;[];0;433;-1087;16113;46;-18;-72;-616;-183;1270;172;10;47;0
2018/10/02/14:06:37.325385;[];0;465;-1151;15985;-26;48;-124;-616;-183;1270;18;11;47;0
2018/10/02/14:06:37.342252;[];0;433;-1039;16113;-142;148;-50;-616;-183;1270;69;11;47;0
2018/10/02/14:06:37.354234;[];0;353;-1087;15777;50;28;-44;-642;-150;1236;137;11;47;0
2018/10/02/14:06:37.366439;[];0;497;-1199;15905;-56;24;-160;-642;-150;1236;205;11;47;0
2018/10/02/14:06:37.379272;[];0;385;-1343;16017;104;20;-52;-603;-176;1277;17;12;47;0
2018/10/02/14:06:37.395267;[];0;705;-1583;15953;50;114;36;-603;-176;1277;85;12;47;0
2018/10/02/14:06:37.407440;[];0;577;-1615;15809;46;32;-36;-603;-176;1277;153;12;47;0
2018/10/02/14:06:37.420344;[];0;385;-1663;15889;-18;42;-54;-597;-183;1229;204;12;47;0
2018/10/02/14:06:37.432238;[];0;529;-1455;16081;54;116;-38;-597;-183;1229;33;13;47;0
2018/10/02/14:06:37.448486;[];0;465;-1375;16001;28;32;94;-584;-169;1236;101;13;47;0
2018/10/02/14:06:37.461312;[];0;481;-1055;16081;42;-12;20;-584;-169;1236;186;13;47;0
2018/10/02/14:06:37.473233;[];0;577;-1135;16033;24;20;-20;-584;-169;1236;254;13;47;0
2018/10/02/14:06:37.485465;[];0;609;-1151;16017;-10;-108;40;-642;-150;1216;66;14;47;0
2018/10/02/14:06:37.497374;[];0;273;-1119;16113;22;-12;76;-642;-150;1216;134;14;47;0
2018/10/02/14:06:37.514258;[];0;369;-1215;16097;-164;-16;22;-642;-150;1256;202;14;47;0
2018/10/02/14:06:37.526199;[];0;257;-1327;16081;-36;136;-62;-642;-150;1256;48;15;47;0
2018/10/02/14:06:37.538457;[];0;321;-1295;15873;-52;-14;-44;-616;-156;1283;99;15;47;0
2018/10/02/14:06:37.551248;[];0;689;-1231;16065;-170;-8;-30;-616;-156;1283;150;15;47;0
2018/10/02/14:06:37.567219;[];0;545;-1343;16049;-86;-48;-42;-616;-156;1283;201;15;47;0
2018/10/02/14:06:37.579368;[];0;401;-1439;15841;-24;48;-20;-629;-143;1277;30;16;47;0
2018/10/02/14:06:37.592312;[];0;305;-1407;15633;-32;22;28;-629;-143;1277;98;16;47;0
2018/10/02/14:06:37.604232;[];0;177;-1551;15537;-22;42;-60;-629;-143;1277;166;16;47;0
2018/10/02/14:06:37.620573;[];0;305;-1407;15729;-118;36;20;-616;-183;1283;234;16;47;0
2018/10/02/14:06:37.633364;[];0;337;-1295;15633;-56;-108;8;-616;-183;1283;46;17;47;0
2018/10/02/14:06:37.645239;[];0;433;-1263;15617;-10;88;-158;-629;-130;1256;131;17;47;0
2018/10/02/14:06:37.657604;[];0;561;-1375;15569;64;58;-16;-629;-130;1256;182;17;47;0
2018/10/02/14:06:37.674462;[];0;257;-1487;15697;28;-62;14;-629;-130;1256;11;18;47;0
2018/10/02/14:06:37.686262;[];0;225;-1551;15777;-36;16;68;-616;-176;1250;79;18;47;0
2018/10/02/14:06:37.698241;[];0;353;-1503;15761;-8;-50;-56;-616;-176;1250;147;18;47;0
2018/10/02/14:06:37.710510;[];0;321;-1615;15793;-88;-42;-52;-610;-183;1277;215;18;47;0
2018/10/02/14:06:37.727291;[];0;577;-1455;15569;-62;30;28;-610;-183;1277;27;19;47;0
2018/10/02/14:06:37.739251;[];0;449;-1391;15521;44;-14;6;-648;-169;1270;129;19;47;0
2018/10/02/14:06:37.751493;[];0;433;-1455;15857;38;46;-72;-648;-169;1270;180;19;47;0
2018/10/02/14:06:37.764356;[];0;33;-1391;15921;-142;-12;-142;-648;-169;1270;231;19;47;0
2018/10/02/14:06:37.780232;[];0;337;-1391;15969;46;-38;34;-591;-176;1263;43;20;47;0
2018/10/02/14:06:37.792524;[];0;497;-1471;16193;-80;-24;90;-591;-176;1263;111;20;47;0
2018/10/02/14:06:37.805426;[];0;513;-1311;15953;-66;-92;-12;-591;-176;1263;179;20;47;0
2018/10/02/14:06:37.817309;[];0;993;-1231;16177;-108;-52;-102;-629;-169;1243;247;20;47;0
2018/10/02/14:06:37.829232;[];0;849;-1391;15793;6;-48;-36;-629;-169;1243;59;21;47;0
2018/10/02/14:06:37.846463;[];0;609;-1519;16001;2;-42;-82;-591;-169;1209;161;21;47;0
2018/10/02/14:06:37.858547;[];0;481;-1663;15969;0;-70;64;-591;-169;1209;212;21;47;0
2018/10/02/14:06:37.870254;[];0;481;-1615;16049;82;-16;126;-591;-169;1209;24;22;47;0
2018/10/02/14:06:37.882797;[];0;577;-1631;15905;-86;56;74;-642;-176;1256;92;22;47;0
2018/10/02/14:06:37.899347;[];0;465;-1567;15953;-8;-90;64;-642;-176;1256;177;22;47;0
2018/10/02/14:06:37.911253;[];0;481;-1567;15857;-14;76;-30;-616;-183;1243;228;22;47;0
2018/10/02/14:06:37.923393;[];0;577;-1423;15857;-44;-66;4;-616;-183;1243;40;23;47;0
2018/10/02/14:06:37.936394;[];0;513;-1455;16097;-52;-12;56;-616;-183;1243;91;23;47;0
2018/10/02/14:06:37.952262;[];0;289;-1663;16049;-56;88;78;-591;-176;1250;227;23;47;0
2018/10/02/14:06:37.964548;[];0;337;-1535;16033;70;48;-58;-591;-176;1250;22;24;47;0
2018/10/02/14:06:37.977491;[];0;513;-1359;16017;90;104;-16;-642;-156;1250;73;24;47;0
2018/10/02/14:06:37.993300;[];0;513;-1279;15713;-50;154;-142;-642;-156;1250;124;24;47;0
2018/10/02/14:06:38.005256;[];0;641;-1423;15745;48;-20;52;-642;-156;1250;209;24;47;0
2018/10/02/14:06:38.018497;[];0;577;-1151;15761;14;-6;16;-623;-156;1270;21;25;47;0
2018/10/02/14:06:38.030360;[];0;353;-1199;15825;66;44;-44;-623;-156;1270;89;25;47;0
2018/10/02/14:06:38.046251;[];0;481;-1327;15617;42;-20;104;-623;-183;1277;156;25;47;0
2018/10/02/14:06:38.059524;[];0;337;-1583;15617;-62;28;-64;-623;-183;1277;224;25;47;0
2018/10/02/14:06:38.071390;[];0;545;-1487;15601;-2;-30;-92;-623;-183;1277;36;26;47;0
2018/10/02/14:06:38.083259;[];0;289;-1487;15409;-22;32;-64;-642;-202;1270;104;26;47;0
2018/10/02/14:06:38.100862;[];0;273;-1471;15585;-44;22;-30;-642;-202;1270;172;26;47;0
2018/10/02/14:06:38.112477;[];0;289;-1583;15569;-6;-2;24;-623;-169;1209;240;26;47;0
2018/10/02/14:06:38.124299;[];0;81;-1487;16033;34;-24;-54;-623;-169;1209;52;27;47;0
2018/10/02/14:06:38.137109;[];0;465;-1519;15985;-32;-62;42;-623;-169;1209;120;27;47;0
2018/10/02/14:06:38.149370;[];0;497;-1295;15969;-2;100;6;-667;-183;1222;188;27;47;0
2018/10/02/14:06:38.165289;[];0;497;-1215;15953;18;-112;-64;-667;-183;1222;0;28;47;0
2018/10/02/14:06:38.177232;[];0;513;-1215;15905;10;-24;68;-603;-176;1216;68;28;47;0
2018/10/02/14:06:38.190410;[];0;273;-1519;16017;72;-44;-144;-603;-176;1216;136;28;47;0
2018/10/02/14:06:38.202282;[];0;145;-1791;15953;-10;-80;44;-571;-183;1263;221;28;47;0
2018/10/02/14:06:38.218246;[];0;257;-1727;15969;2;-122;-44;-571;-183;1263;33;29;47;0
2018/10/02/14:06:38.233394;[];0;289;-1391;15857;-42;-58;-16;-571;-183;1263;101;29;47;0
2018/10/02/14:06:38.243377;[];0;353;-1103;15601;-78;-72;46;-642;-169;1283;169;29;47;0
2018/10/02/14:06:38.255242;[];0;353;-1151;15809;-4;-22;42;-642;-169;1283;220;29;47;0
2018/10/02/14:06:38.272759;[];0;417;-1311;15441;-120;-136;-36;-623;-169;1250;66;30;47;0
2018/10/02/14:06:38.284424;[];0;273;-1263;15889;-38;4;-50;-623;-169;1250;117;30;47;0
2018/10/02/14:06:38.296250;[];0;433;-1295;16033;-8;-8;28;-623;-169;1250;185;30;47;0
2018/10/02/14:06:38.308238;[];0;321;-1519;15809;22;88;-18;-648;-189;1243;253;30;47;0
2018/10/02/14:06:38.325434;[];0;465;-1327;15777;118;-12;78;-648;-189;1243;65;31;47;0
2018/10/02/14:06:38.337287;[];0;385;-1135;15681;78;48;-78;-648;-189;1243;133;31;47;0
2018/10/02/14:06:38.349250;[];0;545;-1167;15665;-18;-20;44;-635;-130;1270;201;31;47;0
2018/10/02/14:06:38.362499;[];0;305;-1295;16161;64;-32;34;-635;-130;1270;13;32;47;0
2018/10/02/14:06:38.378273;[];0;305;-1231;16369;38;-34;-32;-648;-169;1222;81;32;47;0
2018/10/02/14:06:38.390259;[];0;465;-1311;16049;66;4;78;-648;-169;1222;149;32;47;0
2018/10/02/14:06:38.403475;[];0;369;-1151;15841;2;-76;50;-648;-169;1222;217;32;47;0
2018/10/02/14:06:38.415502;[];0;321;-1039;15841;146;10;-116;-674;-189;1243;46;33;47;0
2018/10/02/14:06:38.427234;[];0;305;-1087;15681;-26;32;-36;-674;-189;1243;114;33;47;0
2018/10/02/14:06:38.444849;[];0;337;-1295;15857;60;26;-122;-629;-137;1283;182;33;47;0
2018/10/02/14:06:38.456469;[];0;545;-1487;15697;-74;-36;30;-629;-137;1283;250;33;47;0
2018/10/02/14:06:38.468264;[];0;433;-1599;15985;0;-52;98;-629;-137;1283;45;34;47;0
2018/10/02/14:06:38.480224;[];0;481;-1503;15873;-70;-70;-16;-648;-137;1222;130;34;47;0
2018/10/02/14:06:38.497502;[];0;369;-1455;16033;0;-8;-30;-648;-137;1222;198;34;47;0
2018/10/02/14:06:38.509304;[];0;225;-1407;15953;54;-140;94;-623;-189;1263;10;35;47;0
2018/10/02/14:06:38.521273;[];0;449;-1311;16177;-98;-48;-38;-623;-189;1263;78;35;47;0
2018/10/02/14:06:38.534498;[];0;289;-1199;16209;-72;-66;12;-623;-189;1263;146;35;47;0
2018/10/02/14:06:38.550319;[];0;577;-1135;16001;-74;-24;22;-597;-124;1216;214;35;47;0
2018/10/02/14:06:38.562257;[];0;625;-1039;15841;8;-52;-52;-597;-124;1216;26;36;47;0
2018/10/02/14:06:38.575580;[];0;577;-1119;15905;10;-52;-60;-623;-169;1236;111;36;47;0
2018/10/02/14:06:38.587671;[];0;273;-1087;16001;4;10;152;-623;-169;1236;162;36;47;0
2018/10/02/14:06:38.603271;[];0;65;-1407;16273;64;-8;38;-623;-169;1236;230;36;47;0
2018/10/02/14:06:38.616881;[];0;353;-1503;15857;12;16;-140;-648;-169;1189;59;37;47;0
2018/10/02/14:06:38.628386;[];0;545;-1487;15809;-70;20;-58;-648;-169;1189;127;37;47;0
2018/10/02/14:06:38.640295;[];0;817;-1375;15777;34;-32;-94;-648;-156;1297;195;37;47;0
2018/10/02/14:06:38.657596;[];0;609;-1439;15793;66;-36;-56;-648;-156;1297;7;38;47;0
2018/10/02/14:06:38.669420;[];0;401;-1487;16049;28;-72;172;-648;-156;1297;75;38;47;0
2018/10/02/14:06:38.681293;[];0;241;-1567;15777;56;8;100;-661;-130;1236;194;38;47;0
2018/10/02/14:06:38.698464;[];0;369;-1423;15697;-22;72;-36;-661;-130;1236;245;38;47;0
2018/10/02/14:06:38.710466;[];0;593;-1279;15601;16;116;32;-610;-150;1229;40;39;47;0
2018/10/02/14:06:38.722314;[];0;609;-1231;15841;34;-132;-6;-610;-150;1229;91;39;47;0
2018/10/02/14:06:38.734263;[];0;673;-1151;16017;24;-70;48;-629;-137;1263;176;39;47;0
2018/10/02/14:06:38.751519;[];0;577;-1375;15905;78;-58;70;-629;-137;1263;244;39;47;0
2018/10/02/14:06:38.763350;[];0;209;-1311;15841;-16;14;52;-629;-137;1263;56;40;47;0
2018/10/02/14:06:38.775248;[];0;-31;-1167;15793;110;10;30;-597;-143;1250;124;40;47;0
2018/10/02/14:06:38.792495;[];0;433;-959;15841;-20;38;60;-597;-143;1250;226;40;47;0
2018/10/02/14:06:38.804398;[];0;497;-1151;15777;-26;82;10;-597;-156;1243;21;41;47;0
2018/10/02/14:06:38.816261;[];0;513;-1151;15985;52;64;-46;-597;-156;1243;72;41;47;0
2018/10/02/14:06:38.829347;[];0;417;-1183;16065;4;44;-92;-597;-156;1243;157;41;47;0
2018/10/02/14:06:38.845531;[];0;241;-1151;15969;-144;150;-128;-610;-183;1250;225;41;47;0
2018/10/02/14:06:38.857424;[];0;49;-1327;16129;6;126;-58;-610;-183;1250;37;42;47;0
2018/10/02/14:06:38.870314;[];0;353;-1391;15793;20;-22;84;-597;-130;1243;105;42;47;0
2018/10/02/14:06:38.882413;[];0;449;-1215;16049;104;16;20;-597;-130;1243;156;42;47;0
2018/10/02/14:06:38.898295;[];0;401;-1135;15889;-22;-36;6;-597;-130;1243;241;42;47;0
2018/10/02/14:06:38.910290;[];0;369;-1151;15921;28;56;-38;-642;-111;1256;53;43;47;0
2018/10/02/14:06:38.923518;[];0;401;-1439;16081;-6;14;64;-642;-111;1256;121;43;47;0
2018/10/02/14:06:38.935358;[];0;305;-1439;16113;-14;28;14;-616;-189;1270;189;43;47;0
2018/10/02/14:06:38.951262;[];0;257;-1599;15969;-26;-66;-140;-616;-189;1270;1;44;47;0
2018/10/02/14:06:38.965127;[];0;529;-1759;16017;44;68;-8;-616;-189;1270;69;44;47;0
2018/10/02/14:06:38.976376;[];0;657;-1407;15889;-20;46;58;-654;-150;1236;137;44;47;0
2018/10/02/14:06:38.988254;[];0;641;-1247;16177;-32;-48;-8;-654;-150;1236;205;44;47;0
2018/10/02/14:06:39.005648;[];0;481;-1007;15857;34;12;66;-629;-150;1277;17;45;47;0
2018/10/02/14:06:39.017896;[];0;433;-911;15793;108;2;-52;-629;-150;1277;85;45;47;0
2018/10/02/14:06:39.029303;[];0;209;-1327;15617;130;-12;64;-629;-150;1277;170;45;47;0
2018/10/02/14:06:39.042279;[];0;465;-1263;15665;-20;40;34;-623;-156;1243;238;45;47;0
2018/10/02/14:06:39.054574;[];0;609;-1343;15393;38;64;-4;-623;-156;1243;50;46;47;0
2018/10/02/14:06:39.070336;[];0;433;-1471;15633;-116;8;-36;-629;-169;1236;118;46;47;0
2018/10/02/14:06:39.083280;[];0;481;-1711;15697;-12;-72;-46;-629;-169;1236;186;46;47;0
2018/10/02/14:06:39.095878;[];0;225;-1551;16049;-74;-48;98;-629;-169;1236;254;46;47;0
2018/10/02/14:06:39.107518;[];0;289;-1407;15761;-8;-34;90;-616;-169;1243;66;47;47;0
2018/10/02/14:06:39.123265;[];0;385;-1279;15633;-68;4;68;-616;-169;1243;134;47;47;0
2018/10/02/14:06:39.136722;[];0;561;-1311;15777;-66;-22;72;-635;-169;1297;202;47;47;0
2018/10/02/14:06:39.148634;[];0;513;-1039;15969;68;-112;88;-635;-169;1297;31;48;47;0
2018/10/02/14:06:39.160294;[];0;625;-879;16049;12;20;66;-635;-169;1297;82;48;47;0
2018/10/02/14:06:39.177541;[];0;369;-975;15905;36;-38;118;-610;-143;1229;150;48;47;0
2018/10/02/14:06:39.189412;[];0;161;-1071;16097;-6;-4;-26;-610;-143;1229;218;48;47;0
2018/10/02/14:06:39.201320;[];0;353;-1119;15841;-4;-40;14;-635;-150;1263;47;49;47;0
2018/10/02/14:06:39.214273;[];0;481;-1071;15921;-4;-12;30;-635;-150;1263;98;49;47;0
2018/10/02/14:06:39.230505;[];0;481;-1151;15761;68;38;-76;-635;-150;1263;166;49;47;0
2018/10/02/14:06:39.242343;[];0;497;-1359;16049;-98;-52;60;-648;-156;1236;251;49;47;0
2018/10/02/14:06:39.255294;[];0;401;-1087;15889;-44;16;-80;-648;-156;1236;63;50;47;0
2018/10/02/14:06:39.267827;[];0;417;-1439;16033;36;50;-30;-635;-150;1277;131;50;47;0
2018/10/02/14:06:39.283401;[];0;257;-1263;15953;-76;-62;-44;-635;-150;1277;199;50;47;0
2018/10/02/14:06:39.296283;[];0;417;-1359;15937;4;-94;-22;-635;-150;1277;11;51;47;0
2018/10/02/14:06:39.308591;[];0;337;-1343;15905;100;-68;-58;-597;-169;1256;79;51;47;0
2018/10/02/14:06:39.320435;[];0;721;-1199;15841;-26;70;82;-597;-169;1256;147;51;47;0
2018/10/02/14:06:39.336267;[];0;433;-1039;15793;56;-4;114;-591;-143;1277;215;51;47;0
2018/10/02/14:06:39.349519;[];0;305;-1151;16113;-94;-24;6;-591;-143;1277;27;52;47;0
2018/10/02/14:06:39.361499;[];0;385;-1055;15857;34;76;22;-591;-143;1277;95;52;47;0
2018/10/02/14:06:39.373229;[];0;529;-1183;15761;-134;38;6;-629;-124;1236;163;52;47;0
2018/10/02/14:06:39.386288;[];0;353;-1103;15809;154;14;6;-629;-124;1236;231;52;47;0
2018/10/02/14:06:39.402483;[];0;433;-1215;15921;90;-78;32;-654;-130;1222;43;53;47;0
2018/10/02/14:06:39.414378;[];0;353;-1471;16049;22;-30;-34;-654;-130;1222;111;53;47;0
2018/10/02/14:06:39.427483;[];0;385;-1247;16001;-38;-86;42;-654;-130;1222;179;53;47;0
2018/10/02/14:06:39.439492;[];0;385;-1215;15921;-126;2;80;-648;-143;1209;8;54;47;0
2018/10/02/14:06:39.455430;[];0;513;-1199;15825;-72;-22;52;-648;-143;1209;76;54;47;0
2018/10/02/14:06:39.472245;[];0;433;-1119;16081;52;-48;90;-629;-189;1236;144;54;47;0
2018/10/02/14:06:39.484789;[];0;497;-1167;15777;-82;-70;60;-629;-189;1236;229;54;47;0
2018/10/02/14:06:39.496463;[];0;433;-1167;15953;14;-6;-92;-629;-189;1236;40;55;47;0
2018/10/02/14:06:39.508261;[];0;193;-1391;15825;-68;-64;6;-597;-163;1263;91;55;47;0
2018/10/02/14:06:39.525461;[];0;193;-1167;15921;54;-32;-38;-597;-163;1263;176;55;47;0
2018/10/02/14:06:39.537418;[];0;385;-1183;16113;28;-40;-76;-623;-150;1189;244;55;47;0
2018/10/02/14:06:39.549296;[];0;801;-1071;15873;-40;-12;6;-623;-150;1189;56;56;47;0
2018/10/02/14:06:39.562239;[];0;625;-1071;15889;82;48;-128;-623;-150;1189;124;56;47;0
2018/10/02/14:06:39.574576;[];0;513;-1423;15617;114;-62;-52;-629;-156;1263;192;56;47;0
2018/10/02/14:06:39.590316;[];0;465;-1471;15537;54;-26;-50;-629;-156;1263;4;57;47;0
2018/10/02/14:06:39.603244;[];0;305;-1471;15825;46;108;-96;-623;-176;1222;72;57;47;0
2018/10/02/14:06:39.615465;[];0;497;-1679;16001;0;-62;-80;-623;-176;1222;123;57;47;0
