2018/10/02/14:20:13.096824;[];0;401;-2335;15889;30;74;-86;-682;-129;1263;82;224;111;0
2018/10/02/14:20:13.108813;[];0;369;-2351;16113;48;26;82;-682;-129;1263;150;224;111;0
2018/10/02/14:20:13.120795;[];0;289;-2479;16097;-34;42;132;-682;-129;1263;201;224;111;0
2018/10/02/14:20:13.133784;[];0;145;-2495;16113;-58;0;26;-644;-99;1243;12;225;111;0
2018/10/02/14:20:13.149793;[];0;65;-2591;15985;-30;8;-8;-644;-99;1243;97;225;111;0
2018/10/02/14:20:13.161790;[];0;113;-2415;16001;76;50;28;-656;-93;1269;148;225;111;0
2018/10/02/14:20:13.178796;[];0;289;-2607;16513;90;-16;94;-656;-93;1269;28;226;111;0
2018/10/02/14:20:13.194815;[];0;1;-2623;15937;132;18;68;-689;-123;1217;79;226;111;0
2018/10/02/14:20:13.206795;[];0;-95;-2895;16529;148;50;154;-689;-123;1217;130;226;111;0
2018/10/02/14:20:13.219791;[];0;-95;-2943;16145;100;96;-16;-689;-123;1217;181;226;111;0
2018/10/02/14:20:13.231793;[];0;17;-2863;16129;170;38;-26;-669;-81;1190;10;227;111;0
2018/10/02/14:20:13.247801;[];0;-31;-3055;16065;354;166;-54;-669;-81;1190;78;227;111;0
2018/10/02/14:20:13.260847;[];0;-79;-3055;15889;354;120;206;-734;-99;1236;146;227;111;0
2018/10/02/14:20:13.305816;[];0;-495;-2543;15969;752;-48;100;-708;-57;1263;162;228;111;0
2018/10/02/14:20:13.321803;[];0;-239;-2271;15713;934;24;80;-708;-45;1236;247;228;111;0
2018/10/02/14:20:13.333792;[];0;-239;-2351;15729;1018;-28;-100;-708;-45;1236;42;229;111;0
2018/10/02/14:20:13.346813;[];0;-223;-1647;15505;1156;-20;-32;-708;-45;1236;93;229;111;0
2018/10/02/14:20:13.358802;[];0;-367;-1359;15761;1298;10;-120;-695;39;1203;161;229;111;0
2018/10/02/14:20:13.374798;[];0;-191;-1055;15681;1460;20;-148;-695;39;1203;212;229;111;0
2018/10/02/14:20:13.387799;[];0;-351;-847;16049;1544;-46;-204;-695;39;1203;41;230;111;0
2018/10/02/14:20:13.399802;[];0;-271;-399;16353;1738;92;-288;-663;63;1230;109;230;111;0
2018/10/02/14:20:13.411801;[];0;-223;1;16097;1962;208;-408;-663;63;1230;177;230;111;0
2018/10/02/14:20:13.428796;[];0;-351;241;15681;2094;178;-372;-682;141;1243;245;230;111;0
2018/10/02/14:20:13.440799;[];0;-271;97;15857;2214;154;-278;-682;141;1243;57;231;111;0
2018/10/02/14:20:13.452799;[];0;-431;1025;15553;2468;346;-426;-682;141;1243;125;231;111;0
2018/10/02/14:20:13.465821;[];0;-543;1265;15569;2624;360;-462;-682;243;1190;193;231;111;0
2018/10/02/14:20:13.481785;[];0;-607;2033;15025;2820;516;-502;-682;243;1190;22;232;111;0
2018/10/02/14:20:13.493800;[];0;-831;2241;15617;2830;542;-566;-702;333;1177;73;232;111;0
2018/10/02/14:20:13.505805;[];0;-1295;2529;14209;3078;648;-534;-702;333;1177;141;232;111;0
2018/10/02/14:20:13.518806;[];0;-1551;3137;14545;3280;742;-598;-702;333;1177;209;232;111;0
2018/10/02/14:20:13.530800;[];0;-1503;3745;13777;3560;618;-444;-760;459;1085;21;233;111;0
2018/10/02/14:20:13.546802;[];0;-1823;4321;12849;3576;664;-602;-760;459;1085;89;233;111;0
2018/10/02/14:20:13.559803;[];0;-2751;5537;12721;3788;688;-710;-760;459;1085;157;233;111;0
2018/10/02/14:20:13.571820;[];0;-3407;6993;11713;3912;648;-600;-799;567;960;225;233;111;0
2018/10/02/14:20:13.583802;[];0;-3679;7793;10497;4000;620;-766;-799;567;960;54;234;111;0
2018/10/02/14:20:13.600801;[];0;-3759;8449;10161;4174;568;-776;-864;717;881;122;234;111;0
2018/10/02/14:20:13.612821;[];0;-3967;8993;9489;4150;622;-716;-864;717;881;173;234;111;0
2018/10/02/14:20:13.624791;[];0;-4255;9457;8225;4130;416;-764;-870;813;717;2;235;111;0
2018/10/02/14:20:13.637805;[];0;-4335;10321;7137;4188;404;-784;-870;813;717;70;235;111;0
2018/10/02/14:20:13.653795;[];0;-4431;11457;7025;4186;316;-806;-870;813;717;138;235;111;0
2018/10/02/14:20:13.665807;[];0;-4479;11425;5313;4080;202;-872;-915;915;625;206;235;111;0
2018/10/02/14:20:13.678806;[];0;-4591;12065;5473;4024;114;-726;-915;915;625;18;236;111;0
2018/10/02/14:20:13.690799;[];0;-4367;13681;4305;3748;48;-598;-987;939;467;86;236;111;0
2018/10/02/14:20:13.706810;[];0;-4095;13521;4705;3476;18;-414;-987;939;467;154;236;111;0
2018/10/02/14:20:13.718805;[];0;-4047;12865;5233;3242;-182;-284;-987;939;467;222;236;111;0
2018/10/02/14:20:13.731807;[];0;-4351;14097;4193;3116;14;-272;-1000;993;342;34;237;111;0
2018/10/02/14:20:13.743794;[];0;-4351;14289;4657;2746;70;-250;-1000;993;342;102;237;111;0
2018/10/02/14:20:13.759785;[];0;-4303;14305;3057;2494;-26;-204;-1000;993;342;170;237;111;0
2018/10/02/14:20:13.772805;[];0;-3903;14321;3473;2290;136;-86;-967;1012;256;238;237;111;0
2018/10/02/14:20:13.784942;[];0;-3759;14337;3505;1818;270;34;-967;1012;256;67;238;111;0
2018/10/02/14:20:13.796808;[];0;-3791;14449;2129;1736;388;8;-961;987;144;135;238;111;0
2018/10/02/14:20:13.809804;[];0;-4143;15297;2929;1456;506;164;-961;987;144;203;238;111;0
2018/10/02/14:20:13.825811;[];0;-3999;14769;929;1414;502;188;-993;1018;78;15;239;111;0
2018/10/02/14:20:13.837806;[];0;-3631;14593;1745;1288;512;338;-993;1018;78;83;239;111;0
2018/10/02/14:20:13.850814;[];0;-3423;15073;929;912;668;284;-993;1018;78;151;239;111;0
2018/10/02/14:20:13.862799;[];0;-3391;15361;-175;894;736;370;-987;1060;6;219;239;111;0
2018/10/02/14:20:13.878808;[];0;-3423;15505;321;758;778;352;-987;1060;6;31;240;111;0
2018/10/02/14:20:13.890809;[];0;-3359;16049;-463;638;726;552;-935;1066;-32;99;240;111;0
2018/10/02/14:20:13.903821;[];0;-3167;15281;-2095;580;944;748;-935;1066;-32;167;240;111;0
2018/10/02/14:20:13.915809;[];0;-3135;16225;-1631;540;850;846;-935;1066;-32;235;240;111;0
2018/10/02/14:20:13.931804;[];0;-3023;16769;-2351;514;976;642;-922;1114;-92;47;241;111;0
2018/10/02/14:20:13.944844;[];0;-3103;17249;-3311;428;760;592;-922;1114;-92;115;241;111;0
2018/10/02/14:20:13.956815;[];0;-3295;17601;-3471;236;612;658;-922;1114;-92;183;241;111;0
2018/10/02/14:20:13.968808;[];0;-3263;17697;-4031;122;488;668;-857;1126;-118;251;241;111;0
2018/10/02/14:20:13.985813;[];0;-3087;17361;-3599;-92;392;462;-857;1126;-118;80;242;111;0
2018/10/02/14:20:13.997811;[];0;-2991;17217;-3679;-306;14;466;-877;1144;-98;148;242;111;0
2018/10/02/14:20:14.009749;[];0;-2735;17537;-2991;-554;-34;400;-877;1144;-98;216;242;111;0
2018/10/02/14:20:14.022806;[];0;-2655;18433;-2847;-678;-214;350;-831;1144;-138;28;243;111;0
2018/10/02/14:20:14.038807;[];0;-2687;18465;-1471;-930;-236;420;-831;1144;-138;96;243;111;0
2018/10/02/14:20:14.050811;[];0;-2255;17985;-2127;-1200;-258;176;-831;1144;-138;164;243;111;0
2018/10/02/14:20:14.063825;[];0;-2239;18769;-1119;-1608;-386;518;-792;1156;-26;232;243;111;0
2018/10/02/14:20:14.075811;[];0;-2799;18673;-207;-1832;-280;582;-792;1156;-26;44;244;111;0
2018/10/02/14:20:14.091799;[];0;-2991;18769;-1295;-2352;-256;560;-786;1156;13;112;244;111;0
2018/10/02/14:20:14.103802;[];0;-2831;18289;897;-2890;-400;554;-786;1156;13;180;244;111;0
2018/10/02/14:20:14.116814;[];0;-2175;18849;1201;-3520;-436;656;-786;1156;13;248;244;111;0
2018/10/02/14:20:14.128832;[];0;-1999;18273;3473;-4068;-298;678;-741;1162;164;60;245;111;0
2018/10/02/14:20:14.140803;[];0;-1567;15137;4609;-4638;-104;790;-741;1162;164;128;245;111;0
2018/10/02/14:20:14.157814;[];0;-2495;14241;4849;-5132;-24;930;-741;1162;164;196;245;111;0
2018/10/02/14:20:14.169811;[];0;-1407;12321;5569;-5660;108;1124;-721;1114;309;8;246;111;0
2018/10/02/14:20:14.181808;[];0;-959;10193;6369;-6222;158;1610;-721;1114;309;93;246;111;0
2018/10/02/14:20:14.194973;[];0;17;9281;6337;-6664;68;2186;-689;1060;572;161;246;111;0
2018/10/02/14:20:14.210809;[];0;225;8769;8849;-6730;-26;2242;-689;1060;572;229;246;111;0
2018/10/02/14:20:14.222811;[];0;-15;11105;9505;-6952;-162;2568;-553;915;822;41;247;111;0
2018/10/02/14:20:14.235819;[];0;-655;10465;10529;-7054;-150;2722;-553;915;822;109;247;111;0
2018/10/02/14:20:14.247812;[];0;-511;10017;11233;-7016;-126;2732;-553;915;822;177;247;111;0
2018/10/02/14:20:14.263845;[];0;-463;6705;10993;-7146;-54;2500;-482;753;1006;245;247;111;0
2018/10/02/14:20:14.275826;[];0;113;4977;12545;-7250;-6;2430;-482;753;1006;57;248;111;0
2018/10/02/14:20:14.288834;[];0;465;1969;12241;-7080;-22;2274;-417;483;1164;125;248;111;0
2018/10/02/14:20:14.300816;[];0;1441;321;12929;-6924;-220;2114;-417;483;1164;193;248;111;0
2018/10/02/14:20:14.316813;[];0;1585;-1599;13825;-6690;-236;2008;-417;483;1164;5;249;111;0
2018/10/02/14:20:14.329814;[];0;1153;-1999;13313;-6272;-370;1934;-398;201;1276;73;249;111;0
2018/10/02/14:20:14.341807;[];0;2145;-3583;14097;-5710;-576;1816;-398;201;1276;141;249;111;0
2018/10/02/14:20:14.353806;[];0;2705;-6639;12257;-5150;-760;1554;-398;201;1276;209;249;111;0
2018/10/02/14:20:14.370790;[];0;3537;-6527;14321;-4542;-734;1272;-346;-27;1289;21;250;111;0
2018/10/02/14:20:14.382817;[];0;4529;-8095;14209;-4194;-830;888;-346;-27;1289;89;250;111;0
2018/10/02/14:20:14.394979;[];0;4881;-7439;15153;-3240;-708;738;-365;-261;1335;174;250;111;0
2018/10/02/14:20:14.407818;[];0;4769;-7583;16689;-2780;-684;272;-365;-261;1335;242;250;111;0
2018/10/02/14:20:14.419822;[];0;3681;-8335;15585;-2272;-352;-30;-294;-381;1243;54;251;111;0
2018/10/02/14:20:14.435832;[];0;2913;-8159;15169;-2008;-282;-324;-294;-381;1243;122;251;111;0
2018/10/02/14:20:14.448812;[];0;2449;-8255;14145;-1744;32;-442;-294;-381;1243;190;251;111;0
2018/10/02/14:20:14.460810;[];0;2641;-9039;12273;-1838;28;-480;-288;-477;1263;2;252;111;0
2018/10/02/14:20:14.472828;[];0;2865;-10271;10993;-2004;88;-468;-288;-477;1263;70;252;111;0
2018/10/02/14:20:14.488813;[];0;3185;-11711;10033;-2094;38;-442;-268;-561;1236;138;252;111;0
2018/10/02/14:20:14.501811;[];0;2961;-12015;9073;-2324;-42;-146;-268;-561;1236;206;252;111;0
2018/10/02/14:20:14.513811;[];0;2993;-12591;9729;-2676;-184;58;-268;-561;1236;18;253;111;0
2018/10/02/14:20:14.525817;[];0;3665;-13055;8897;-2892;-324;258;-236;-645;1125;86;253;111;0
2018/10/02/14:20:14.542814;[];0;2721;-13647;10657;-3294;-186;438;-236;-645;1125;154;253;111;0
2018/10/02/14:20:14.554809;[];0;3313;-14175;10481;-3418;-340;640;-236;-645;1125;222;253;111;0
2018/10/02/14:20:14.566836;[];0;2833;-14415;8401;-3410;-216;672;-275;-789;1085;34;254;111;0
2018/10/02/14:20:14.579819;[];0;3921;-15375;10689;-3410;-256;700;-275;-789;1085;102;254;111;0
2018/10/02/14:20:14.595818;[];0;4049;-16031;9537;-3428;-264;956;-275;-933;1013;186;254;111;0
2018/10/02/14:20:14.607821;[];0;3185;-16495;8897;-3178;-236;1000;-275;-933;1013;254;254;111;0
2018/10/02/14:20:14.620815;[];0;3713;-16143;9025;-3042;-92;1042;-294;-987;888;66;255;111;0
2018/10/02/14:20:14.632833;[];0;3457;-16527;7425;-2834;-2;1130;-294;-987;888;134;255;111;0
2018/10/02/14:20:14.648814;[];0;3265;-15983;6737;-2672;92;1078;-294;-987;888;202;255;111;0
2018/10/02/14:20:14.660813;[];0;3073;-15551;5937;-2488;238;1080;-339;-1066;802;14;0;112;0
2018/10/02/14:20:14.673825;[];0;2689;-15839;4801;-2368;276;936;-339;-1066;802;82;0;112;0
2018/10/02/14:20:14.685819;[];0;1553;-15535;5393;-2394;444;836;-385;-1096;684;150;0;112;0
2018/10/02/14:20:14.701794;[];0;2145;-15887;-559;-2328;424;840;-385;-1096;684;218;0;112;0
2018/10/02/14:20:14.714972;[];0;577;-16783;4705;-2120;480;686;-385;-1096;684;30;1;112;0
2018/10/02/14:20:14.726822;[];0;1217;-16287;2705;-2026;138;748;-443;-1150;625;98;1;112;0
2018/10/02/14:20:14.738825;[];0;929;-16863;593;-1844;310;632;-443;-1150;625;166;1;112;0
2018/10/02/14:20:14.755822;[];0;1089;-17135;3601;-1556;210;616;-443;-1168;539;251;1;112;0
2018/10/02/14:20:14.767813;[];0;769;-17631;1089;-1228;208;638;-443;-1168;539;63;2;112;0
2018/10/02/14:20:14.783813;[];0;-15;-17695;-463;-866;294;454;-443;-1168;539;131;2;112;0
2018/10/02/14:20:14.796839;[];0;337;-17455;1457;-704;254;312;-482;-1168;486;199;2;112;0
2018/10/02/14:20:14.808820;[];0;337;-17007;1;-526;160;448;-482;-1168;486;11;3;112;0
2018/10/02/14:20:14.820816;[];0;273;-17151;913;-344;284;298;-521;-1174;467;79;3;112;0
2018/10/02/14:20:14.837825;[];0;1185;-18159;1249;-54;112;34;-521;-1174;467;164;3;112;0
2018/10/02/14:20:14.849815;[];0;945;-18607;625;214;226;28;-521;-1174;467;232;3;112;0
2018/10/02/14:20:14.861814;[];0;1121;-18975;1073;512;288;-104;-514;-1168;394;44;4;112;0
2018/10/02/14:20:14.873813;[];0;1089;-19087;977;834;230;100;-514;-1168;394;112;4;112;0
2018/10/02/14:20:14.890800;[];0;865;-18943;1585;1038;216;168;-533;-1216;447;180;4;112;0
2018/10/02/14:20:14.902815;[];0;833;-18591;1937;1266;278;272;-533;-1216;447;248;4;112;0
2018/10/02/14:20:14.914987;[];0;1105;-18591;3121;1572;368;24;-533;-1216;447;60;5;112;0
2018/10/02/14:20:14.927823;[];0;849;-19231;3905;1740;476;-44;-514;-1168;519;128;5;112;0
2018/10/02/14:20:14.939819;[];0;561;-19231;4001;2142;540;88;-514;-1168;519;196;5;112;0
2018/10/02/14:20:14.955823;[];0;-47;-19775;4753;2400;624;-134;-527;-1126;585;8;6;112;0
2018/10/02/14:20:14.968839;[];0;-207;-20127;3873;2820;764;-264;-527;-1126;585;76;6;112;0
2018/10/02/14:20:14.980838;[];0;-15;-19855;5569;3228;606;-184;-527;-1126;585;144;6;112;0
2018/10/02/14:20:14.992744;[];0;-47;-18927;4049;3684;610;-170;-540;-1072;671;212;6;112;0
2018/10/02/14:20:15.009825;[];0;-159;-18559;5361;4094;750;-252;-540;-1072;671;24;7;112;0
2018/10/02/14:20:15.021823;[];0;-63;-17439;6097;4342;526;-312;-618;-975;848;92;7;112;0
2018/10/02/14:20:15.033813;[];0;-719;-15567;5777;4620;518;-362;-618;-975;848;177;7;112;0
2018/10/02/14:20:15.045824;[];0;-943;-14447;7601;4592;464;-630;-618;-975;848;245;7;112;0
2018/10/02/14:20:15.062816;[];0;-143;-12863;9153;4738;456;-754;-618;-843;914;57;8;112;0
2018/10/02/14:20:15.074857;[];0;81;-11551;9857;4880;426;-918;-618;-843;914;125;8;112;0
2018/10/02/14:20:15.086819;[];0;193;-11295;11633;4920;484;-888;-598;-699;1092;193;8;112;0
2018/10/02/14:20:15.099818;[];0;65;-10543;10369;5004;398;-1068;-598;-699;1092;5;9;112;0
2018/10/02/14:20:15.115839;[];0;193;-8943;12465;5104;480;-1238;-598;-699;1092;73;9;112;0
2018/10/02/14:20:15.127826;[];0;209;-8879;11985;4942;420;-1184;-585;-519;1157;141;9;112;0
2018/10/02/14:20:15.140825;[];0;17;-7839;12481;4834;232;-1440;-585;-519;1157;209;9;112;0
2018/10/02/14:20:15.152817;[];0;337;-7247;13553;4592;232;-1386;-579;-363;1236;21;10;112;0
2018/10/02/14:20:15.168803;[];0;-111;-6479;14033;4414;214;-1318;-579;-363;1236;89;10;112;0
2018/10/02/14:20:15.181822;[];0;-447;-5999;13489;4222;144;-1324;-579;-363;1236;157;10;112;0
2018/10/02/14:20:15.193820;[];0;113;-4623;15121;4056;376;-1276;-592;-153;1282;225;10;112;0
2018/10/02/14:20:15.205825;[];0;-175;-4399;14449;3792;402;-1154;-592;-153;1282;37;11;112;0
2018/10/02/14:20:15.218828;[];0;177;-3551;15121;3674;414;-884;-624;-21;1250;105;11;112;0
2018/10/02/14:20:15.234817;[];0;-239;-2783;14913;3578;450;-970;-624;-21;1250;173;11;112;0
2018/10/02/14:20:15.246826;[];0;-1135;-2447;14369;3600;574;-796;-624;-21;1250;2;12;112;0
2018/10/02/14:20:15.259109;[];0;-959;-415;14193;3466;652;-780;-663;141;1190;70;12;112;0
2018/10/02/14:20:15.271841;[];0;-623;-239;15009;3394;580;-714;-663;141;1190;138;12;112;0
2018/10/02/14:20:15.287827;[];0;-863;865;14081;3416;668;-806;-689;255;1203;206;12;112;0
2018/10/02/14:20:15.299828;[];0;-1119;1169;15825;3496;718;-814;-689;255;1203;18;13;112;0
2018/10/02/14:20:15.312817;[];0;-1375;1537;14657;3498;886;-674;-689;255;1203;86;13;112;0
2018/10/02/14:20:15.324825;[];0;-1567;2721;15073;3536;958;-764;-734;405;1164;154;13;112;0
2018/10/02/14:20:15.340824;[];0;-1743;2993;14129;3710;966;-842;-734;405;1164;222;13;112;0
2018/10/02/14:20:15.353828;[];0;-1855;2817;13233;3718;994;-808;-844;519;1046;34;14;112;0
2018/10/02/14:20:15.365848;[];0;-2767;3009;12737;3838;1050;-890;-844;519;1046;102;14;112;0
2018/10/02/14:20:15.377825;[];0;-3583;3281;11825;3902;1126;-834;-844;519;1046;170;14;112;0
2018/10/02/14:20:15.394827;[];0;-3695;3457;10401;4144;1042;-674;-857;645;868;238;14;112;0
2018/10/02/14:20:15.406828;[];0;-4639;4113;9121;4170;878;-540;-857;645;868;50;15;112;0
2018/10/02/14:20:15.418829;[];0;-5215;4769;7905;4166;678;-456;-883;789;763;118;15;112;0
2018/10/02/14:20:15.430825;[];0;-5711;5841;6033;4238;554;-252;-883;789;763;186;15;112;0
2018/10/02/14:20:15.447830;[];0;-5631;6865;5537;4490;344;-268;-883;789;763;15;16;112;0
2018/10/02/14:20:15.459828;[];0;-5551;8241;4177;4512;192;24;-896;909;618;83;16;112;0
2018/10/02/14:20:15.471828;[];0;-5711;9409;3345;4576;116;12;-896;909;618;151;16;112;0
2018/10/02/14:20:15.485037;[];0;-5263;10689;3233;4514;-136;138;-909;981;421;219;16;112;0
2018/10/02/14:20:15.500807;[];0;-4431;11793;2001;4522;-310;242;-909;981;421;31;17;112;0
2018/10/02/14:20:15.512833;[];0;-3919;13569;1665;4342;-362;296;-909;981;421;99;17;112;0
2018/10/02/14:20:15.525832;[];0;-3007;15553;1153;4182;-442;212;-896;1102;309;167;17;112;0
2018/10/02/14:20:15.537842;[];0;-2607;16321;2865;4024;-536;28;-896;1102;309;235;17;112;0
2018/10/02/14:20:15.549819;[];0;-3103;16785;977;3630;-654;212;-870;1096;197;47;18;112;0
2018/10/02/14:20:15.566830;[];0;-2767;16497;2273;3428;-480;34;-870;1096;197;115;18;112;0
2018/10/02/14:20:15.578830;[];0;-2367;16273;977;2944;-410;34;-870;1096;197;183;18;112;0
2018/10/02/14:20:15.590826;[];0;-2111;15873;641;2738;-406;-12;-857;1126;39;251;18;112;0
2018/10/02/14:20:15.603822;[];0;-2031;16865;481;2316;-348;50;-857;1126;39;63;19;112;0
2018/10/02/14:20:15.619827;[];0;-1775;16945;529;2140;-224;96;-877;1108;-6;131;19;112;0
2018/10/02/14:20:15.631830;[];0;-1263;16657;305;2014;-112;260;-877;1108;-6;199;19;112;0
2018/10/02/14:20:15.643845;[];0;-1055;16513;-303;1778;146;336;-877;1108;-6;28;20;112;0
2018/10/02/14:20:15.656833;[];0;-863;17281;-1167;1644;100;294;-851;1132;-92;96;20;112;0
2018/10/02/14:20:15.672833;[];0;-1023;16977;-1007;1434;260;286;-851;1132;-92;164;20;112;0
2018/10/02/14:20:15.684972;[];0;-1311;18257;-1439;1308;258;312;-838;1144;-118;232;20;112;0
2018/10/02/14:20:15.697834;[];0;-1503;18609;-639;1108;360;222;-838;1144;-118;44;21;112;0
2018/10/02/14:20:15.709830;[];0;-1087;17713;-895;906;296;158;-838;1144;-118;112;21;112;0
2018/10/02/14:20:15.725837;[];0;-1311;17553;-1583;572;388;236;-838;1162;-223;180;21;112;0
2018/10/02/14:20:15.738832;[];0;-1919;17569;-2303;444;510;118;-838;1162;-223;248;21;112;0
2018/10/02/14:20:15.750829;[];0;-2079;17569;-2591;176;458;324;-851;1162;-243;60;22;112;0
2018/10/02/14:20:15.762848;[];0;-2079;18049;-3295;-156;444;272;-851;1162;-243;128;22;112;0
2018/10/02/14:20:15.779811;[];0;-1727;18769;-2159;-364;372;422;-851;1162;-243;196;22;112;0
2018/10/02/14:20:15.791827;[];0;-1567;18865;-2255;-486;302;454;-786;1168;-223;8;23;112;0
2018/10/02/14:20:15.803824;[];0;-1343;19041;-1919;-762;300;272;-786;1168;-223;76;23;112;0
2018/10/02/14:20:15.815851;[];0;-1487;19345;-1359;-958;322;364;-760;1162;-250;144;23;112;0
2018/10/02/14:20:15.828840;[];0;-1679;19361;-2095;-1178;160;496;-760;1162;-250;212;23;112;0
2018/10/02/14:20:15.844839;[];0;-1407;19057;-1583;-1584;222;468;-760;1162;-250;24;24;112;0
2018/10/02/14:20:15.856831;[];0;-1631;19377;-975;-1898;388;276;-741;1186;-197;109;24;112;0
2018/10/02/14:20:15.869811;[];0;-1439;18737;-143;-2332;376;302;-741;1186;-197;177;24;112;0
2018/10/02/14:20:15.881826;[];0;-1183;18497;449;-2578;550;254;-747;1204;-131;245;24;112;0
2018/10/02/14:20:15.897850;[];0;-671;17521;1377;-2784;532;228;-747;1204;-131;57;25;112;0
2018/10/02/14:20:15.910830;[];0;-607;17169;1457;-2908;548;238;-747;1204;-131;125;25;112;0
2018/10/02/14:20:15.922829;[];0;-687;16593;2593;-3164;638;292;-715;1198;-6;193;25;112;0
2018/10/02/14:20:15.934841;[];0;-911;16417;2433;-3260;600;418;-715;1198;-6;5;26;112;0
2018/10/02/14:20:15.951831;[];0;-1455;16241;2209;-3410;724;404;-702;1192;125;73;26;112;0
2018/10/02/14:20:15.963829;[];0;-927;16369;4113;-3698;590;672;-702;1192;125;141;26;112;0
2018/10/02/14:20:15.975838;[];0;-1999;16065;2481;-3652;550;942;-702;1192;125;209;26;112;0
2018/10/02/14:20:15.988855;[];0;-1695;15505;4337;-3954;362;834;-669;1168;243;21;27;112;0
2018/10/02/14:20:16.004826;[];0;-1327;15201;4705;-4082;352;938;-669;1168;243;89;27;112;0
2018/10/02/14:20:16.016839;[];0;-1295;14497;5313;-4378;366;974;-663;1132;388;157;27;112;0
2018/10/02/14:20:16.028856;[];0;-655;13921;6705;-4602;242;836;-663;1132;388;225;27;112;0
2018/10/02/14:20:16.041842;[];0;-735;13233;6209;-4742;120;878;-663;1132;388;36;28;112;0
2018/10/02/14:20:16.057836;[];0;113;11729;7793;-4824;92;980;-637;1018;592;121;28;112;0
2018/10/02/14:20:16.069833;[];0;-271;10385;9249;-4814;112;840;-637;1018;592;189;28;112;0
2018/10/02/14:20:16.082829;[];0;-831;9185;9905;-4810;-30;966;-585;939;782;1;29;112;0
2018/10/02/14:20:16.094834;[];0;-351;8177;11185;-4840;-2;890;-585;939;782;69;29;112;0
2018/10/02/14:20:16.110816;[];0;-95;6753;11473;-4890;-36;992;-585;939;782;120;29;112;0
2018/10/02/14:20:16.123830;[];0;945;7041;13201;-4958;-42;1084;-579;813;921;205;29;112;0
2018/10/02/14:20:16.135839;[];0;561;6433;14289;-4922;0;1046;-579;813;921;17;30;112;0
2018/10/02/14:20:16.147835;[];0;593;5713;14625;-5036;116;1060;-566;657;1072;85;30;112;0
2018/10/02/14:20:16.160828;[];0;593;3633;15825;-4986;362;1014;-566;657;1072;153;30;112;0
2018/10/02/14:20:16.176840;[];0;545;2433;14385;-5102;474;816;-566;657;1072;221;30;112;0
2018/10/02/14:20:16.188839;[];0;721;1169;13969;-4964;718;758;-553;483;1203;33;31;112;0
2018/10/02/14:20:16.200836;[];0;433;433;13457;-4994;768;658;-553;483;1203;101;31;112;0
2018/10/02/14:20:16.213829;[];0;-671;-1183;12849;-4862;622;630;-533;273;1256;152;31;112;0
2018/10/02/14:20:16.229838;[];0;-1055;-2239;12497;-4758;520;608;-533;273;1256;237;31;112;0
2018/10/02/14:20:16.241854;[];0;-1071;-3375;12545;-4672;326;674;-533;273;1256;49;32;112;0
2018/10/02/14:20:16.254829;[];0;-511;-4591;12065;-4468;182;876;-572;99;1289;117;32;112;0
2018/10/02/14:20:16.266866;[];0;-207;-6079;13361;-4654;58;606;-572;99;1289;202;32;112;0
2018/10/02/14:20:16.282843;[];0;-319;-7615;14353;-4522;-80;508;-592;-129;1256;14;33;112;0
2018/10/02/14:20:16.299842;[];0;-799;-9631;13393;-4704;-112;532;-592;-129;1256;82;33;112;0
2018/10/02/14:20:16.311838;[];0;-111;-9519;12657;-4772;-242;412;-566;-339;1263;201;33;112;0
2018/10/02/14:20:16.327845;[];0;-431;-10639;13009;-4502;4;500;-566;-339;1263;252;33;112;0
2018/10/02/14:20:16.340838;[];0;97;-12015;11121;-4570;-106;358;-566;-339;1263;47;34;112;0
2018/10/02/14:20:16.352836;[];0;-751;-12623;11393;-4276;-48;462;-598;-519;1151;132;34;112;0
2018/10/02/14:20:16.365010;[];0;-175;-13087;11153;-4210;8;350;-598;-519;1151;200;34;112;0
2018/10/02/14:20:16.381841;[];0;-175;-13503;10689;-3966;26;342;-618;-693;1098;12;35;112;0
2018/10/02/14:20:16.393847;[];0;-271;-14255;9921;-3922;88;440;-618;-693;1098;80;35;112;0
2018/10/02/14:20:16.405842;[];0;-415;-13855;9969;-3992;4;632;-618;-693;1098;148;35;112;0
2018/10/02/14:20:16.418837;[];0;-911;-13263;7537;-3946;60;710;-592;-795;1000;216;35;112;0
2018/10/02/14:20:16.434990;[];0;-735;-13871;7681;-4098;200;582;-592;-795;1000;28;36;112;0
2018/10/02/14:20:16.446841;[];0;113;-14015;5249;-4230;150;648;-631;-933;861;96;36;112;0
2018/10/02/14:20:16.459841;[];0;-575;-14031;7201;-4380;350;518;-631;-933;861;164;36;112;0
2018/10/02/14:20:16.471835;[];0;-799;-15183;3729;-4392;414;224;-631;-933;861;232;36;112;0
2018/10/02/14:20:16.483831;[];0;-1071;-16367;3233;-4184;450;330;-624;-1024;703;44;37;112;0
2018/10/02/14:20:16.499842;[];0;-879;-16191;2433;-3998;366;336;-624;-1024;703;112;37;112;0
2018/10/02/14:20:16.512841;[];0;-703;-17119;1905;-3566;358;288;-663;-1108;546;180;37;112;0
2018/10/02/14:20:16.524964;[];0;-1103;-18607;1969;-3132;418;122;-663;-1108;546;248;37;112;0
2018/10/02/14:20:16.536843;[];0;-1503;-18895;161;-2644;390;84;-663;-1108;546;60;38;112;0
2018/10/02/14:20:16.553835;[];0;-2031;-18383;-1215;-1986;488;-36;-644;-1138;388;145;38;112;0
2018/10/02/14:20:16.565859;[];0;-2367;-18767;-703;-1404;512;-192;-644;-1138;388;213;38;112;0
2018/10/02/14:20:16.577845;[];0;-2719;-18799;-2559;-1064;284;-258;-650;-1162;282;25;39;112;0
2018/10/02/14:20:16.590801;[];0;-2527;-18927;-2447;-542;226;-498;-650;-1162;282;93;39;112;0
2018/10/02/14:20:16.606843;[];0;-2175;-19823;-3711;-258;60;-402;-650;-1162;282;161;39;112;0
2018/10/02/14:20:16.618846;[];0;-1471;-19519;-2287;-8;22;-344;-656;-1156;328;229;39;112;0
2018/10/02/14:20:16.631834;[];0;-1055;-19583;-1919;222;-154;-296;-656;-1156;328;41;40;112;0
2018/10/02/14:20:16.643836;[];0;-863;-19087;-271;420;-230;-286;-637;-1216;335;109;40;112;0
2018/10/02/14:20:16.659840;[];0;-895;-18655;-383;582;-180;106;-637;-1216;335;177;40;112;0
2018/10/02/14:20:16.671839;[];0;-879;-18287;785;750;-70;-36;-637;-1216;335;245;40;112;0
2018/10/02/14:20:16.684930;[];0;-751;-17823;833;928;58;62;-656;-1162;315;57;41;112;0
2018/10/02/14:20:16.696848;[];0;-479;-18223;945;852;110;128;-656;-1162;315;125;41;112;0
2018/10/02/14:20:16.712819;[];0;1;-18623;1793;1026;214;-50;-631;-1162;375;193;41;112;0
2018/10/02/14:20:16.725864;[];0;-303;-19007;1505;1190;374;-46;-631;-1162;375;5;42;112;0
2018/10/02/14:20:16.737845;[];0;-63;-19759;1809;1424;332;112;-631;-1162;375;73;42;112;0
2018/10/02/14:20:16.749840;[];0;-191;-20143;1937;1724;452;-22;-637;-1156;440;141;42;112;0
2018/10/02/14:20:16.762836;[];0;-591;-19615;2721;2090;510;90;-637;-1156;440;226;42;112;0
2018/10/02/14:20:16.778848;[];0;-847;-19791;2273;2442;458;-42;-676;-1138;506;38;43;112;0
2018/10/02/14:20:16.790866;[];0;-1519;-19343;1489;2776;344;100;-676;-1138;506;106;43;112;0
2018/10/02/14:20:16.803840;[];0;-1631;-18703;2145;3002;332;36;-676;-1138;506;174;43;112;0
2018/10/02/14:20:16.815859;[];0;-1871;-17615;1889;3326;288;134;-656;-1060;605;242;43;112;0
2018/10/02/14:20:16.831859;[];0;-1551;-16511;3361;3502;244;-14;-656;-1060;605;54;44;112;0
2018/10/02/14:20:16.844870;[];0;-1359;-15903;3905;3424;82;-66;-682;-987;703;122;44;112;0
2018/10/02/14:20:16.856862;[];0;-1775;-14399;5377;3542;10;-256;-682;-987;703;190;44;112;0
2018/10/02/14:20:16.868850;[];0;-2095;-14319;6977;3702;12;-350;-682;-987;703;2;45;112;0
2018/10/02/14:20:16.884844;[];0;-1967;-13567;6913;3658;0;-422;-682;-927;815;70;45;112;0
2018/10/02/14:20:16.897860;[];0;-1919;-13439;7345;3780;-36;-508;-682;-927;815;138;45;112;0
2018/10/02/14:20:16.909860;[];0;-1887;-12735;7681;3936;-116;-616;-663;-819;921;206;45;112;0
2018/10/02/14:20:16.921841;[];0;-1599;-12831;7217;3822;-64;-544;-663;-819;921;18;46;112;0
2018/10/02/14:20:16.938846;[];0;-479;-12543;8273;3918;-230;-648;-663;-819;921;86;46;112;0
2018/10/02/14:20:16.950848;[];0;17;-11343;9121;3834;-388;-794;-644;-675;1092;154;46;112;0
2018/10/02/14:20:16.962842;[];0;-303;-10303;10369;3736;-598;-822;-644;-675;1092;239;46;112;0
2018/10/02/14:20:16.975848;[];0;-1039;-9823;10545;3802;-742;-780;-592;-573;1111;51;47;112;0
2018/10/02/14:20:16.991847;[];0;-687;-8479;11361;3642;-682;-800;-592;-573;1111;119;47;112;0
2018/10/02/14:20:17.003839;[];0;-783;-7935;11825;3460;-736;-860;-592;-573;1111;187;47;112;0
2018/10/02/14:20:17.016851;[];0;-463;-6719;11857;3372;-822;-790;-546;-429;1236;255;47;112;0
2018/10/02/14:20:17.028849;[];0;-239;-6271;13713;3110;-858;-874;-546;-429;1236;67;48;112;0
2018/10/02/14:20:17.044844;[];0;-127;-5775;12977;2800;-860;-752;-514;-297;1263;135;48;112;0
2018/10/02/14:20:17.056854;[];0;209;-5103;14177;2580;-802;-608;-514;-297;1263;203;48;112;0
2018/10/02/14:20:17.070742;[];0;945;-4959;15105;2310;-818;-556;-514;-297;1263;15;49;112;0
2018/10/02/14:20:17.081844;[];0;1393;-4527;15361;2060;-714;-582;-488;-225;1282;83;49;112;0
2018/10/02/14:20:17.093844;[];0;1073;-3855;16113;1688;-474;-440;-488;-225;1282;151;49;112;0
2018/10/02/14:20:17.110847;[];0;1521;-3791;15537;1404;-318;-498;-482;-141;1348;219;49;112;0
2018/10/02/14:20:17.122845;[];0;2337;-3695;16241;1040;-248;-372;-482;-141;1348;31;50;112;0
2018/10/02/14:20:17.134871;[];0;2673;-4095;16417;962;-82;-432;-482;-141;1348;99;50;112;0
2018/10/02/14:20:17.147845;[];0;2993;-4559;16497;786;64;-216;-469;-129;1302;167;50;112;0
2018/10/02/14:20:17.163843;[];0;3441;-4111;17025;730;300;-158;-469;-129;1302;252;50;112;0
2018/10/02/14:20:17.175854;[];0;3137;-3743;16753;734;268;-182;-449;-57;1302;64;51;112;0
2018/10/02/14:20:17.188851;[];0;2417;-3023;16433;616;448;-94;-449;-57;1302;132;51;112;0
2018/10/02/14:20:17.200852;[];0;2593;-3151;16385;664;536;-8;-449;-57;1302;200;51;112;0
2018/10/02/14:20:17.216855;[];0;2465;-2959;15729;544;582;-2;-488;3;1276;12;52;112;0
2018/10/02/14:20:17.229852;[];0;2273;-3023;15505;480;512;54;-488;3;1276;80;52;112;0
2018/10/02/14:20:17.241848;[];0;2289;-2927;15841;286;462;60;-508;-33;1355;148;52;112;0
2018/10/02/14:20:17.257842;[];0;1873;-2991;15489;300;410;-8;-508;-33;1355;233;52;112;0
2018/10/02/14:20:17.269853;[];0;1409;-3103;15489;208;340;126;-508;-33;1355;45;53;112;0
2018/10/02/14:20:17.282843;[];0;1409;-3279;16049;220;360;2;-527;33;1282;113;53;112;0
2018/10/02/14:20:17.298867;[];0;1201;-3327;15153;260;328;114;-527;33;1282;181;53;112;0
2018/10/02/14:20:17.310849;[];0;1393;-3183;16129;312;218;112;-527;27;1282;249;53;112;0
2018/10/02/14:20:17.323843;[];0;1185;-2799;15105;250;266;38;-527;27;1282;61;54;112;0
2018/10/02/14:20:17.335855;[];0;865;-2927;15185;350;122;4;-527;27;1282;129;54;112;0
2018/10/02/14:20:17.351855;[];0;1105;-2735;15073;430;58;-32;-508;51;1302;197;54;112;0
2018/10/02/14:20:17.364846;[];0;769;-2655;15457;482;-38;-106;-508;51;1302;9;55;112;0
2018/10/02/14:20:17.376866;[];0;801;-2271;15185;470;54;-170;-579;51;1289;77;55;112;0
2018/10/02/14:20:17.388848;[];0;1025;-2351;15617;504;24;-84;-579;51;1289;145;55;112;0
2018/10/02/14:20:17.405875;[];0;1105;-2031;15857;440;-112;-142;-527;69;1302;230;55;112;0
2018/10/02/14:20:17.417857;[];0;897;-1807;15361;386;-44;-30;-527;69;1302;42;56;112;0
2018/10/02/14:20:17.429849;[];0;1185;-1919;16017;314;-48;-194;-527;69;1302;110;56;112;0
2018/10/02/14:20:17.441848;[];0;1393;-2207;15553;296;10;-142;-521;105;1210;178;56;112;0
2018/10/02/14:20:17.458857;[];0;1233;-2159;15665;208;-24;-134;-521;105;1210;246;56;112;0
2018/10/02/14:20:17.470821;[];0;1361;-2143;15713;166;-72;-46;-521;105;1210;58;57;112;0
2018/10/02/14:20:17.482847;[];0;1249;-2095;15825;50;-8;52;-514;147;1289;126;57;112;0
2018/10/02/14:20:17.495850;[];0;1105;-1775;15553;8;-22;162;-514;147;1289;193;57;112;0
2018/10/02/14:20:17.511849;[];0;1169;-1807;16209;28;4;256;-553;123;1282;5;58;112;0
2018/10/02/14:20:17.523850;[];0;1025;-1391;16081;-16;-90;76;-553;123;1282;73;58;112;0
2018/10/02/14:20:17.536854;[];0;929;-1535;15857;-160;74;88;-553;123;1282;141;58;112;0
2018/10/02/14:20:17.548856;[];0;833;-1567;16449;8;114;-46;-521;111;1276;209;58;112;0
2018/10/02/14:20:17.564828;[];0;721;-1615;15649;-86;2;196;-521;111;1276;21;59;112;0
2018/10/02/14:20:17.577862;[];0;897;-1679;16049;-16;-12;160;-559;81;1309;89;59;112;0
2018/10/02/14:20:17.589873;[];0;721;-1759;15281;-54;-46;98;-559;81;1309;157;59;112;0
2018/10/02/14:20:17.601853;[];0;625;-2047;15569;110;-136;62;-514;99;1236;242;59;112;0
2018/10/02/14:20:17.614913;[];0;753;-2143;14753;78;-20;96;-514;99;1236;54;60;112;0
2018/10/02/14:20:17.630855;[];0;721;-2255;15073;28;-284;60;-514;99;1236;122;60;112;0
2018/10/02/14:20:17.642853;[];0;753;-2063;14401;-24;-292;-10;-553;93;1322;190;60;112;0
2018/10/02/14:20:17.654852;[];0;321;-1823;14017;58;-390;70;-553;93;1322;2;61;112;0
2018/10/02/14:20:17.667853;[];0;769;-1311;13521;10;-658;54;-508;117;1296;70;61;112;0
2018/10/02/14:20:17.683849;[];0;641;-1871;13345;-80;-766;50;-508;117;1296;138;61;112;0
2018/10/02/14:20:17.695827;[];0;929;-1423;12929;-50;-1110;202;-508;117;1296;206;61;112;0
2018/10/02/14:20:17.708855;[];0;1201;-2111;12401;-200;-1170;-4;-462;147;1322;18;62;112;0
2018/10/02/14:20:17.720854;[];0;1729;-2111;13121;-62;-1648;88;-462;147;1322;86;62;112;0
2018/10/02/14:20:17.736861;[];0;1553;-2287;13041;-148;-1958;148;-462;147;1322;154;62;112;0
2018/10/02/14:20:17.749857;[];0;1553;-2607;12545;-98;-2236;160;-365;135;1322;222;62;112;0
2018/10/02/14:20:17.761859;[];0;1329;-2095;12753;-160;-2248;154;-365;135;1322;34;63;112;0
2018/10/02/14:20:17.781877;[];0;3313;-1535;11873;-126;-2698;158;-307;75;1355;187;63;112;0
2018/10/02/14:20:17.794925;[];0;3729;-1551;14545;-132;-2718;76;-307;75;1355;238;63;112;0
2018/10/02/14:20:17.806863;[];0;2753;-2111;12609;-54;-2806;90;-177;117;1401;33;64;112;0
2018/10/02/14:20:17.822852;[];0;3361;-2399;11617;-98;-2926;20;-177;117;1401;84;64;112;0
2018/10/02/14:20:17.835864;[];0;4129;-2607;10929;-98;-2860;120;29;111;1368;169;64;112;0
2018/10/02/14:20:17.847880;[];0;9713;-2655;10369;-108;-3176;160;29;111;1368;237;64;112;0
2018/10/02/14:20:17.859889;[];0;9857;-3567;10513;-90;-3222;180;29;111;1368;49;65;112;0
2018/10/02/14:20:17.876887;[];0;10465;-2431;10817;-34;-3502;232;197;117;1309;117;65;112;0
2018/10/02/14:20:17.888859;[];0;10689;-2511;10465;-44;-3526;238;197;117;1309;185;65;112;0
2018/10/02/14:20:17.900867;[];0;11121;-2175;10785;-16;-3516;258;197;117;1309;253;65;112;0
2018/10/02/14:20:17.913858;[];0;12001;-2031;9377;-56;-3680;252;385;123;1256;65;66;112;0
2018/10/02/14:20:17.925866;[];0;12913;-2207;7985;-20;-3720;20;385;123;1256;133;66;112;0
2018/10/02/14:20:17.941877;[];0;14913;-1695;9169;54;-3710;62;579;111;1263;201;66;112;0
2018/10/02/14:20:17.953851;[];0;13921;-2399;7457;60;-3958;-32;579;111;1263;13;67;112;0
2018/10/02/14:20:17.966865;[];0;14257;-1535;7713;-10;-3904;76;579;111;1263;81;67;112;0
2018/10/02/14:20:17.978856;[];0;14145;-1775;7745;60;-3866;-30;754;111;1177;132;67;112;0
2018/10/02/14:20:17.994891;[];0;13729;-1327;7921;108;-3620;-90;754;111;1177;217;67;112;0
2018/10/02/14:20:18.007885;[];0;14529;-1919;8241;124;-3468;-108;909;99;1039;29;68;112;0
2018/10/02/14:20:18.019880;[];0;15217;-2831;7329;358;-3186;-120;909;99;1039;97;68;112;0
2018/10/02/14:20:18.031877;[];0;16977;-2735;6561;548;-2984;-144;1051;141;907;182;68;112;0
2018/10/02/14:20:18.048887;[];0;16737;-2575;3921;632;-2802;-82;1051;141;907;250;68;112;0
2018/10/02/14:20:18.060878;[];0;15777;-3599;4193;722;-2788;-46;1051;141;907;62;69;112;0
2018/10/02/14:20:18.072855;[];0;17409;-3263;913;724;-2912;150;1161;153;802;130;69;112;0
2018/10/02/14:20:18.085888;[];0;18497;-2799;-127;640;-2872;352;1161;153;802;198;69;112;0
2018/10/02/14:20:18.101860;[];0;18641;-2431;1297;638;-2934;280;1161;153;802;10;70;112;0
2018/10/02/14:20:18.113878;[];0;17041;-2495;-2735;614;-2980;332;1207;147;756;78;70;112;0
2018/10/02/14:20:18.125886;[];0;17073;-2399;-1023;712;-3058;320;1207;147;756;146;70;112;0
2018/10/02/14:20:18.138883;[];0;19601;-1983;-1551;824;-2910;206;1304;189;611;214;70;112;0
2018/10/02/14:20:18.155023;[];0;21537;-1391;-3455;896;-2960;398;1304;189;611;26;71;112;0
2018/10/02/14:20:18.166884;[];0;20817;-1807;-1503;844;-2960;268;1304;189;611;94;71;112;0
2018/10/02/14:20:18.179884;[];0;20049;-1023;-2415;784;-3006;266;1349;165;447;162;71;112;0
2018/10/02/14:20:18.191807;[];0;17697;-927;-3007;744;-2978;272;1349;165;447;230;71;112;0
2018/10/02/14:20:18.207877;[];0;17969;-495;-1647;598;-2768;146;1381;201;348;42;72;112;0
2018/10/02/14:20:18.220883;[];0;19473;-543;-3071;458;-2582;224;1381;201;348;110;72;112;0
2018/10/02/14:20:18.232884;[];0;20817;-1215;-2735;430;-2404;18;1427;183;243;195;72;112;0
2018/10/02/14:20:18.244856;[];0;20209;-2191;-2159;328;-2122;124;1427;183;243;7;73;112;0
2018/10/02/14:20:18.257889;[];0;19665;-2255;-3583;130;-1904;196;1427;183;243;75;73;112;0
2018/10/02/14:20:18.273889;[];0;19873;-2399;-2543;18;-1734;240;1414;201;138;143;73;112;0
2018/10/02/14:20:18.285889;[];0;18545;-1903;-2303;-134;-1616;356;1414;201;138;211;73;112;0
2018/10/02/14:20:18.298888;[];0;15713;-1727;-2591;-74;-1062;336;1414;201;138;23;74;112;0
2018/10/02/14:20:18.310883;[];0;16721;-1951;-1967;-100;-760;236;1414;159;6;91;74;112;0
2018/10/02/14:20:18.326890;[];0;17105;-2239;-4719;-84;-380;134;1414;159;6;159;74;112;0
2018/10/02/14:20:18.338888;[];0;17393;-1807;-4175;-38;-136;74;1433;123;13;227;74;112;0
2018/10/02/14:20:18.351885;[];0;17185;-1599;-6463;-142;22;-110;1433;123;13;39;75;112;0
2018/10/02/14:20:18.363859;[];0;15841;-1983;-6527;-54;40;-58;1433;123;13;107;75;112;0
2018/10/02/14:20:18.379865;[];0;16097;-1823;-5151;-178;56;72;1453;147;19;175;75;112;0
2018/10/02/14:20:18.392860;[];0;16417;-1311;-5807;-264;34;98;1453;147;19;243;75;112;0
2018/10/02/14:20:18.404909;[];0;17153;-1023;-5359;-310;272;6;1478;171;-32;55;76;112;0
2018/10/02/14:20:18.416867;[];0;16417;-1487;-4943;-304;500;-176;1478;171;-32;123;76;112;0
2018/10/02/14:20:18.433856;[];0;14737;-1951;-5359;-366;562;-150;1478;171;-32;191;76;112;0
2018/10/02/14:20:18.445889;[];0;14097;-2559;-4719;-334;716;34;1472;141;19;20;77;112;0
2018/10/02/14:20:18.457891;[];0;15649;-2847;-3807;-448;816;8;1472;141;19;88;77;112;0
2018/10/02/14:20:18.470887;[];0;16161;-2783;-6127;-338;1004;-22;1453;171;98;156;77;112;0
2018/10/02/14:20:18.486896;[];0;16273;-2719;-5183;-416;1060;4;1453;171;98;224;77;112;0
2018/10/02/14:20:18.498888;[];0;16737;-1807;-5871;-384;988;6;1472;171;118;36;78;112;0
2018/10/02/14:20:18.510888;[];0;16881;-1247;-5407;-330;948;84;1472;171;118;104;78;112;0
2018/10/02/14:20:18.523886;[];0;16865;-1279;-4623;-430;1022;20;1472;171;118;172;78;112;0
2018/10/02/14:20:18.535893;[];0;16897;-1279;-4879;-440;1222;-16;1446;141;190;240;78;112;0
2018/10/02/14:20:18.551868;[];0;18737;-1423;-3039;-554;1398;-282;1446;141;190;52;79;112;0
2018/10/02/14:20:18.564867;[];0;19297;-1231;-2239;-456;1504;-170;1446;141;190;120;79;112;0
2018/10/02/14:20:18.576889;[];0;18257;-1039;-2367;-510;1752;-278;1440;153;269;188;79;112;0
2018/10/02/14:20:18.588886;[];0;17233;-2255;-1935;-380;1894;-124;1440;153;269;0;80;112;0
2018/10/02/14:20:18.605891;[];0;17265;-2783;-607;-404;2382;-240;1433;159;322;68;80;112;0
2018/10/02/14:20:18.617892;[];0;18785;-3167;1457;-454;2716;-380;1433;159;322;136;80;112;0
2018/10/02/14:20:18.629889;[];0;19857;-3199;1521;-326;3248;-438;1433;159;322;204;80;112;0
2018/10/02/14:20:18.642861;[];0;21505;-1551;2081;-278;3382;-352;1375;123;480;33;81;112;0
2018/10/02/14:20:18.658893;[];0;20129;-879;1009;-358;3620;-316;1375;123;480;101;81;112;0
2018/10/02/14:20:18.670890;[];0;18545;-751;385;-344;3916;-344;1323;177;611;169;81;112;0
2018/10/02/14:20:18.683887;[];0;19361;-687;2097;-470;4050;-392;1323;177;611;237;81;112;0
2018/10/02/14:20:18.695872;[];0;20193;-1695;1937;-402;4248;-520;1181;159;743;49;82;112;0
2018/10/02/14:20:18.711868;[];0;21457;-1887;4705;-346;4438;-436;1181;159;743;117;82;112;0
2018/10/02/14:20:18.723863;[];0;20785;-2047;4753;-284;4488;-418;1181;159;743;185;82;112;0
2018/10/02/14:20:18.736877;[];0;19121;-3247;5473;-180;4734;-496;1071;153;947;253;82;112;0
2018/10/02/14:20:18.748889;[];0;18513;-3231;6289;-62;4990;-182;1071;153;947;65;83;112;0
2018/10/02/14:20:18.764887;[];0;16929;-4335;5505;126;5112;-200;1071;153;947;133;83;112;0
2018/10/02/14:20:18.777877;[];0;16337;-4143;6929;176;5300;-90;812;147;1078;201;83;112;0
2018/10/02/14:20:18.789872;[];0;15713;-3839;7921;144;5576;62;812;147;1078;13;84;112;0
2018/10/02/14:20:18.801863;[];0;14609;-2367;8945;270;5734;162;611;159;1223;81;84;112;0
2018/10/02/14:20:18.818853;[];0;13489;-751;8897;192;5534;274;611;159;1223;149;84;112;0
2018/10/02/14:20:18.830891;[];0;13025;241;9793;212;5526;372;611;159;1223;217;84;112;0
2018/10/02/14:20:18.842874;[];0;12673;753;10961;64;5240;196;288;189;1289;46;85;112;0
2018/10/02/14:20:18.855895;[];0;10625;961;9217;54;5164;268;288;189;1289;114;85;112;0
2018/10/02/14:20:18.867878;[];0;10865;-223;12049;-40;5070;118;48;195;1315;182;85;112;0
2018/10/02/14:20:18.883888;[];0;10193;-911;13185;26;4944;260;48;195;1315;250;85;112;0
2018/10/02/14:20:18.895857;[];0;8401;-1791;14193;250;4966;38;-197;153;1302;62;86;112;0
2018/10/02/14:20:18.908889;[];0;7713;-1567;14305;278;5168;-24;-197;153;1302;130;86;112;0
2018/10/02/14:20:18.920870;[];0;7777;-2783;16689;342;4998;-78;-197;153;1302;198;86;112;0
2018/10/02/14:20:18.936878;[];0;5537;-2207;12401;540;4990;-30;-456;183;1243;10;87;112;0
2018/10/02/14:20:18.949872;[];0;3425;-2447;15105;674;5106;-282;-456;183;1243;78;87;112;0
2018/10/02/14:20:18.961893;[];0;1297;-1615;12785;650;4896;176;-456;183;1243;145;87;112;0
2018/10/02/14:20:18.973868;[];0;161;-1151;11697;670;4892;98;-702;219;1125;213;87;112;0
2018/10/02/14:20:18.990871;[];0;-831;-79;12369;540;4470;210;-702;219;1125;25;88;112;0
2018/10/02/14:20:19.002872;[];0;-2271;433;10609;412;4230;128;-883;279;1085;93;88;112;0
2018/10/02/14:20:19.014890;[];0;-4015;865;11121;400;4008;34;-883;279;1085;161;88;112;0
2018/10/02/14:20:19.027897;[];0;-5055;625;12289;188;3732;118;-883;279;1085;229;88;112;0
2018/10/02/14:20:19.043890;[];0;-5551;353;12273;102;3450;20;-1084;321;894;41;89;112;0
2018/10/02/14:20:19.055897;[];0;-5759;113;13665;-78;3208;50;-1084;321;894;126;89;112;0
2018/10/02/14:20:19.068898;[];0;-7711;-223;10865;-232;3182;-68;-1148;297;776;194;89;112;0
2018/10/02/14:20:19.080894;[];0;-8895;-159;11777;-286;3036;-58;-1148;297;776;6;90;112;0
2018/10/02/14:20:19.096880;[];0;-9151;-527;10913;-260;3050;-48;-1284;297;625;74;90;112;0
2018/10/02/14:20:19.108895;[];0;-9823;-127;9649;-292;3082;-6;-1284;297;625;142;90;112;0
2018/10/02/14:20:19.121893;[];0;-10991;81;12177;-172;3072;20;-1284;297;625;210;90;112;0
2018/10/02/14:20:19.133892;[];0;-10143;-1279;8657;-160;2960;84;-1330;297;493;22;91;112;0
2018/10/02/14:20:19.145900;[];0;-10207;-383;11633;30;3050;46;-1330;297;493;90;91;112;0
2018/10/02/14:20:19.162892;[];0;-11151;-1327;10689;82;2870;-2;-1330;297;493;158;91;112;0
2018/10/02/14:20:19.174894;[];0;-12239;-1167;7745;332;2894;-44;-1368;297;407;226;91;112;0
2018/10/02/14:20:19.186901;[];0;-12367;-959;8593;454;2788;-162;-1368;297;407;38;92;112;0
2018/10/02/14:20:19.199901;[];0;-12847;-431;5937;422;2708;-216;-1394;309;289;106;92;112;0
2018/10/02/14:20:19.215878;[];0;-13119;-703;8001;512;2610;-302;-1394;309;289;174;92;112;0
2018/10/02/14:20:19.227879;[];0;-13615;-959;6561;592;2504;-102;-1394;309;289;242;92;112;0
2018/10/02/14:20:19.240873;[];0;-14831;-1087;5841;654;2434;-128;-1446;297;144;54;93;112;0
2018/10/02/14:20:19.252890;[];0;-15199;-1519;4625;490;2400;-218;-1446;297;144;139;93;112;0
2018/10/02/14:20:19.268884;[];0;-15855;-1727;2977;466;2072;-70;-1440;309;-59;207;93;112;0
2018/10/02/14:20:19.280875;[];0;-16671;-1759;3777;504;1898;-76;-1440;309;-59;19;94;112;0
2018/10/02/14:20:19.293873;[];0;-16207;-799;3121;442;1740;-60;-1472;339;-118;87;94;112;0
2018/10/02/14:20:19.305881;[];0;-16623;-719;2897;396;1326;14;-1472;339;-118;155;94;112;0
2018/10/02/14:20:19.321876;[];0;-16527;-143;2993;296;1078;-126;-1472;339;-118;223;94;112;0
2018/10/02/14:20:19.334882;[];0;-16815;-15;1953;108;772;-78;-1459;297;-151;35;95;112;0
2018/10/02/14:20:19.346889;[];0;-17151;145;1745;26;460;-28;-1459;297;-151;103;95;112;0
2018/10/02/14:20:19.358885;[];0;-16831;289;1681;-156;312;-48;-1459;297;-151;171;95;112;0
2018/10/02/14:20:19.375884;[];0;-16911;81;2033;-112;208;-98;-1472;351;-190;239;95;112;0
2018/10/02/14:20:19.387884;[];0;-16975;321;2241;-154;76;-110;-1472;351;-190;51;96;112;0
2018/10/02/14:20:19.399878;[];0;-16543;33;1281;-110;70;-68;-1440;333;-217;119;96;112;0
2018/10/02/14:20:19.412874;[];0;-16303;-79;3473;-150;-36;-208;-1440;333;-217;187;96;112;0
2018/10/02/14:20:19.428863;[];0;-16639;-111;2737;-60;-88;-350;-1440;333;-217;255;96;112;0
2018/10/02/14:20:19.440897;[];0;-16703;-111;3409;-186;-120;-340;-1459;315;-190;67;97;112;0
2018/10/02/14:20:19.453876;[];0;-17071;145;3457;-144;-302;-436;-1459;315;-190;152;97;112;0
2018/10/02/14:20:19.465899;[];0;-17071;209;1185;-290;-596;-372;-1446;303;-157;220;97;112;0
2018/10/02/14:20:19.477877;[];0;-17423;-415;1521;-398;-630;-290;-1446;303;-157;32;98;112;0
2018/10/02/14:20:19.493872;[];0;-17327;-1087;1057;-562;-1050;-246;-1472;297;-157;100;98;112;0
2018/10/02/14:20:19.506883;[];0;-17375;-1519;401;-660;-1386;-86;-1472;297;-157;168;98;112;0
2018/10/02/14:20:19.518881;[];0;-16255;-2111;1761;-1068;-1600;14;-1472;297;-157;236;98;112;0
2018/10/02/14:20:19.530867;[];0;-16239;-2143;1089;-1190;-2062;80;-1466;303;-118;48;99;112;0
2018/10/02/14:20:19.547884;[];0;-15855;-2655;4001;-1396;-2216;38;-1466;303;-118;116;99;112;0
2018/10/02/14:20:19.559880;[];0;-15759;-3391;2689;-1418;-2674;186;-1466;303;-118;184;99;112;0
2018/10/02/14:20:19.571900;[];0;-14143;-3599;4737;-1540;-2790;238;-1466;291;72;252;99;112;0
2018/10/02/14:20:19.584868;[];0;-12207;-3023;4897;-1596;-3252;286;-1466;291;72;64;100;112;0
2018/10/02/14:20:19.600883;[];0;-11439;-3567;5137;-1636;-3408;182;-1453;291;203;132;100;112;0
2018/10/02/14:20:19.612869;[];0;-10223;-3983;6657;-1518;-3522;194;-1453;291;203;200;100;112;0
2018/10/02/14:20:19.625887;[];0;-10815;-3791;7409;-1530;-3896;158;-1453;291;203;12;101;112;0
2018/10/02/14:20:19.637896;[];0;-10543;-2287;9233;-1316;-3908;148;-1433;273;427;80;101;112;0
2018/10/02/14:20:19.653872;[];0;-9711;-1647;9281;-928;-4052;-166;-1433;273;427;148;101;112;0
2018/10/02/14:20:19.665902;[];0;-8719;-1599;9409;-732;-4068;-272;-1349;243;605;233;101;112;0
2018/10/02/14:20:19.678884;[];0;-6639;-2687;12001;-702;-4204;-422;-1349;243;605;45;102;112;0
2018/10/02/14:20:19.690875;[];0;-5343;-3487;10961;-610;-4362;-462;-1213;159;789;113;102;112;0
2018/10/02/14:20:19.706861;[];0;-4719;-4511;11313;-760;-4312;-512;-1213;159;789;181;102;112;0
2018/10/02/14:20:19.719882;[];0;-3647;-5007;13057;-492;-4404;-398;-1213;159;789;249;102;112;0
2018/10/02/14:20:19.731906;[];0;-3311;-5167;11729;-482;-4360;-338;-1110;153;973;61;103;112;0
2018/10/02/14:20:19.743875;[];0;-2559;-5087;14257;-334;-4518;-280;-1110;153;973;129;103;112;0
2018/10/02/14:20:19.760900;[];0;-799;-4895;14129;-238;-4448;-304;-883;99;1111;214;103;112;0
2018/10/02/14:20:19.772890;[];0;273;-4303;12961;-188;-4526;-232;-883;99;1111;26;104;112;0
2018/10/02/14:20:19.788886;[];0;2017;-4511;15473;-52;-4438;-240;-883;99;1111;94;104;112;0
2018/10/02/14:20:19.801884;[];0;2801;-4735;13665;-74;-4510;-100;-734;99;1210;162;104;112;0
2018/10/02/14:20:19.813874;[];0;2961;-4191;13425;-118;-4504;-116;-734;99;1210;230;104;112;0
2018/10/02/14:20:19.825889;[];0;3457;-3647;15505;-220;-4652;146;-469;105;1315;42;105;112;0
2018/10/02/14:20:19.842879;[];0;3905;-2655;13953;-228;-4512;-104;-469;105;1315;110;105;112;0
2018/10/02/14:20:19.854878;[];0;5137;-2879;16625;-302;-4464;154;-469;105;1315;161;105;112;0
2018/10/02/14:20:19.866905;[];0;7297;-2415;14321;-348;-4374;2;-229;51;1315;246;105;112;0
2018/10/02/14:20:19.878890;[];0;8145;-3119;15569;-342;-4062;-50;-229;51;1315;58;106;112;0
2018/10/02/14:20:19.895902;[];0;9073;-3631;16017;-442;-4040;-190;-22;39;1361;126;106;112;0
2018/10/02/14:20:19.907889;[];0;9009;-5199;14961;-378;-3812;-34;-22;39;1361;211;106;112;0
2018/10/02/14:20:19.919917;[];0;7633;-4687;14897;-500;-3434;-12;-22;39;1361;23;107;112;0
2018/10/02/14:20:19.932878;[];0;6913;-3743;14385;-554;-3228;6;171;15;1361;91;107;112;0
2018/10/02/14:20:19.948866;[];0;8913;-4303;12945;-492;-3018;232;171;15;1361;159;107;112;0
2018/10/02/14:20:19.960883;[];0;11329;-5263;11681;-500;-2906;240;339;-15;1289;227;107;112;0
2018/10/02/14:20:19.973882;[];0;11713;-4639;12193;-428;-2924;198;339;-15;1289;39;108;112;0
2018/10/02/14:20:19.985891;[];0;12193;-6399;11553;-210;-2886;254;339;-15;1289;107;108;112;0
2018/10/02/14:20:19.997883;[];0;11217;-5183;9329;-216;-2594;274;469;-45;1263;175;108;112;0
2018/10/02/14:20:20.015012;[];0;11457;-4239;10289;-42;-2588;196;469;-45;1263;243;108;112;0
2018/10/02/14:20:20.026891;[];0;11345;-2623;7521;-152;-2646;154;624;-3;1250;55;109;112;0
2018/10/02/14:20:20.038892;[];0;11073;-3583;6673;-40;-2446;44;624;-3;1250;123;109;112;0
2018/10/02/14:20:20.050902;[];0;14081;-2959;9345;-70;-2598;-104;624;-3;1250;191;109;112;0
2018/10/02/14:20:20.067887;[];0;13985;-3999;7681;36;-2474;-186;747;-81;1125;3;110;112;0
2018/10/02/14:20:20.079885;[];0;12897;-3679;8961;94;-2210;-288;747;-81;1125;71;110;112;0
2018/10/02/14:20:20.091902;[];0;13249;-3151;9489;52;-2250;-284;812;-21;1092;139;110;112;0
2018/10/02/14:20:20.105127;[];0;11105;-3247;5313;14;-2160;-374;812;-21;1092;224;110;112;0
2018/10/02/14:20:20.120886;[];0;12433;-2495;6305;90;-2038;-554;812;-21;1092;36;111;112;0
2018/10/02/14:20:20.132881;[];0;15553;-2479;4513;30;-2334;-638;928;33;1026;104;111;112;0
2018/10/02/14:20:20.145891;[];0;16401;-4351;2897;38;-2202;-658;928;33;1026;172;111;112;0
2018/10/02/14:20:20.157892;[];0;17169;-4399;5953;-30;-2384;-640;1012;3;953;240;111;112;0
2018/10/02/14:20:20.173881;[];0;15633;-4335;2353;-10;-2374;-772;1012;3;953;52;112;112;0
2018/10/02/14:20:20.186896;[];0;15649;-5055;4657;-104;-2292;-694;1012;3;953;120;112;112;0
2018/10/02/14:20:20.198905;[];0;16081;-4655;3073;-142;-2366;-660;1103;21;901;188;112;112;0
2018/10/02/14:20:20.210880;[];0;17185;-5359;1681;-286;-2464;-582;1103;21;901;0;113;112;0
2018/10/02/14:20:20.227872;[];0;18001;-5183;3073;-164;-2382;-428;1148;81;802;68;113;112;0
2018/10/02/14:20:20.239886;[];0;17217;-4863;2097;-80;-2344;-310;1148;81;802;136;113;112;0
2018/10/02/14:20:20.251885;[];0;16785;-3551;1937;2;-2254;-264;1148;81;802;204;113;112;0
2018/10/02/14:20:20.263920;[];0;16689;-4223;3169;-116;-2080;-238;1226;51;697;16;114;112;0
2018/10/02/14:20:20.276894;[];0;17409;-4527;1073;-142;-1914;-134;1226;51;697;84;114;112;0
2018/10/02/14:20:20.292911;[];0;19729;-5599;2449;-102;-1848;142;1304;81;592;152;114;112;0
2018/10/02/14:20:20.304940;[];0;18689;-5087;3761;-126;-1638;258;1304;81;592;237;114;112;0
2018/10/02/14:20:20.317894;[];0;17105;-4175;3713;-94;-1134;364;1304;81;592;49;115;112;0
2018/10/02/14:20:20.329896;[];0;17121;-2943;4897;-58;-878;388;1310;45;565;117;115;112;0
2018/10/02/14:20:20.345895;[];0;16497;-2063;3265;-90;-388;152;1310;45;565;185;115;112;0
2018/10/02/14:20:20.358909;[];0;17681;-2351;3025;-142;-136;188;1330;27;539;253;115;112;0
2018/10/02/14:20:20.370888;[];0;17841;-2895;929;-72;86;144;1330;27;539;65;116;112;0
2018/10/02/14:20:20.382883;[];0;17009;-2671;-159;-54;284;-12;1330;27;539;133;116;112;0
2018/10/02/14:20:20.399892;[];0;16977;-2895;113;-190;326;-108;1349;27;519;201;116;112;0
2018/10/02/14:20:20.411885;[];0;17505;-2767;-495;-176;146;-142;1349;27;519;12;117;112;0
2018/10/02/14:20:20.423883;[];0;17681;-3839;273;-218;350;-312;1368;33;506;80;117;112;0
2018/10/02/14:20:20.435895;[];0;17841;-4303;385;-128;388;-222;1368;33;506;148;117;112;0
2018/10/02/14:20:20.452887;[];0;17841;-4255;801;-148;478;-300;1368;33;506;216;117;112;0
2018/10/02/14:20:20.465096;[];0;18289;-3951;1841;-50;638;-304;1323;-9;598;28;118;112;0
2018/10/02/14:20:20.476894;[];0;19409;-3135;1825;-84;852;-218;1323;-9;598;96;118;112;0
2018/10/02/14:20:20.489884;[];0;19281;-2767;2657;-178;994;-278;1297;63;605;164;118;112;0
2018/10/02/14:20:20.505897;[];0;19137;-2943;3089;-46;1366;-552;1297;63;605;249;118;112;0
2018/10/02/14:20:20.517900;[];0;19617;-2767;3409;-66;1732;-540;1297;63;605;61;119;112;0
2018/10/02/14:20:20.530890;[];0;20881;-1871;3777;-218;1960;-688;1304;51;631;129;119;112;0
2018/10/02/14:20:20.542885;[];0;21361;-1231;3281;-52;2184;-952;1304;51;631;197;119;112;0
2018/10/02/14:20:20.558875;[];0;20705;-1103;4081;-54;2554;-1110;1239;45;723;9;120;112;0
2018/10/02/14:20:20.571892;[];0;18657;-1599;4945;-214;2916;-1206;1239;45;723;77;120;112;0
2018/10/02/14:20:20.583888;[];0;19569;-1087;6353;-196;3236;-1488;1239;45;723;145;120;112;0
2018/10/02/14:20:20.595902;[];0;19889;-767;6401;-188;3500;-1556;1116;93;888;213;120;112;0
2018/10/02/14:20:20.608908;[];0;19153;-1007;8321;-266;3638;-1434;1116;93;888;25;121;112;0
2018/10/02/14:20:20.624908;[];0;17921;-799;7617;-322;3948;-1656;974;135;947;93;121;112;0
2018/10/02/14:20:20.636898;[];0;16785;-1247;7985;-598;4192;-1530;974;135;947;161;121;112;0
2018/10/02/14:20:20.648896;[];0;16513;-1295;8225;-624;4306;-1464;974;135;947;229;121;112;0
2018/10/02/14:20:20.661893;[];0;14705;-1503;7201;-648;4404;-1190;825;177;1105;41;122;112;0
2018/10/02/14:20:20.677898;[];0;15473;-1551;9969;-640;4616;-1266;825;177;1105;109;122;112;0
2018/10/02/14:20:20.689893;[];0;14913;-1439;8001;-562;4710;-1300;611;189;1190;177;122;112;0
2018/10/02/14:20:20.702894;[];0;14593;-1167;9233;-436;4748;-1142;611;189;1190;245;122;112;0
2018/10/02/14:20:20.714832;[];0;13889;-927;9057;-240;4406;-1014;611;189;1190;74;123;112;0
2018/10/02/14:20:20.730895;[];0;12513;-1311;8545;-234;4292;-928;365;207;1263;142;123;112;0
2018/10/02/14:20:20.743891;[];0;11521;-1087;9713;-70;4230;-854;365;207;1263;210;123;112;0
2018/10/02/14:20:20.755902;[];0;10577;-847;9697;28;3824;-722;132;195;1309;22;124;112;0
2018/10/02/14:20:20.767920;[];0;9937;-223;10801;188;3548;-530;132;195;1309;90;124;112;0
2018/10/02/14:20:20.784887;[];0;9249;-527;11361;316;3284;-522;132;195;1309;158;124;112;0
2018/10/02/14:20:20.796903;[];0;6977;-687;11857;306;3018;-334;-35;171;1289;226;124;112;0
2018/10/02/14:20:20.808899;[];0;6385;625;13489;520;2978;-352;-35;171;1289;38;125;112;0
2018/10/02/14:20:20.820890;[];0;4865;145;13441;520;2898;-308;-223;225;1348;106;125;112;0
2018/10/02/14:20:20.837880;[];0;4241;1201;14161;580;2846;-218;-223;225;1348;174;125;112;0
2018/10/02/14:20:20.849896;[];0;2705;1729;14097;410;2848;-356;-223;225;1348;242;125;112;0
2018/10/02/14:20:20.861894;[];0;1553;1921;14833;276;2796;-554;-372;207;1282;54;126;112;0
2018/10/02/14:20:20.874837;[];0;2385;1345;14145;36;2718;-536;-372;207;1282;122;126;112;0
2018/10/02/14:20:20.886904;[];0;2065;913;14705;10;2556;-390;-540;231;1236;190;126;112;0
2018/10/02/14:20:20.902900;[];0;1281;1073;15185;-32;2522;-270;-540;231;1236;19;127;112;0
2018/10/02/14:20:20.915902;[];0;993;897;14881;34;2610;-394;-540;231;1236;70;127;112;0
2018/10/02/14:20:20.927903;[];0;-703;1473;14817;-62;2546;-270;-644;255;1177;155;127;112;0
2018/10/02/14:20:20.939893;[];0;-1967;1553;14401;-36;2592;-212;-644;255;1177;223;127;112;0
2018/10/02/14:20:20.956903;[];0;-1359;2001;13377;-64;2466;-222;-766;255;1125;35;128;112;0
2018/10/02/14:20:20.968895;[];0;-2191;1393;13729;-302;2400;-152;-766;255;1125;103;128;112;0
2018/10/02/14:20:20.980894;[];0;-3071;977;13713;-196;2210;-92;-766;255;1125;171;128;112;0
2018/10/02/14:20:20.993917;[];0;-3439;513;13457;-276;2304;-2;-889;237;1065;239;128;112;0
2018/10/02/14:20:21.009920;[];0;-3071;225;12545;-352;2042;50;-889;237;1065;51;129;112;0
2018/10/02/14:20:21.021917;[];0;-3231;385;13681;-464;2014;114;-1000;231;1032;119;129;112;0
2018/10/02/14:20:21.033919;[];0;-4623;-1135;13265;-512;1744;162;-1000;231;1032;187;129;112;0
2018/10/02/14:20:21.046927;[];0;-4975;353;13329;-686;1652;204;-1000;231;1032;255;129;112;0
2018/10/02/14:20:21.062918;[];0;-5935;33;12129;-688;1552;490;-1058;189;940;67;130;112;0
2018/10/02/14:20:21.074952;[];0;-6351;-271;12481;-798;1298;380;-1058;189;940;135;130;112;0
2018/10/02/14:20:21.087926;[];0;-7135;-415;11857;-942;978;630;-1110;207;940;203;130;112;0
2018/10/02/14:20:21.099891;[];0;-7951;-687;12369;-936;862;744;-1110;207;940;15;131;112;0
2018/10/02/14:20:21.115918;[];0;-7935;-415;11857;-998;726;634;-1110;207;940;83;131;112;0
2018/10/02/14:20:21.128934;[];0;-6943;-415;12593;-1046;504;642;-1135;195;888;168;131;112;0
2018/10/02/14:20:21.140930;[];0;-6879;-751;13185;-882;384;538;-1135;195;888;236;131;112;0
2018/10/02/14:20:21.152929;[];0;-7775;-591;13393;-944;94;506;-1110;183;907;48;132;112;0
2018/10/02/14:20:21.169893;[];0;-8799;-511;13537;-760;78;408;-1110;183;907;116;132;112;0
2018/10/02/14:20:21.181922;[];0;-9183;-303;13201;-662;26;290;-1110;183;907;184;132;112;0
2018/10/02/14:20:21.193898;[];0;-8799;-671;12721;-814;-6;168;-1116;171;901;252;132;112;0
2018/10/02/14:20:21.205907;[];0;-7679;-1199;13217;-680;-136;132;-1116;171;901;64;133;112;0
2018/10/02/14:20:21.218897;[];0;-6511;-1871;13329;-618;-350;44;-1103;159;881;132;133;112;0
2018/10/02/14:20:21.235025;[];0;-6303;-1535;15089;-456;-460;-50;-1103;159;881;200;133;112;0
2018/10/02/14:20:21.246905;[];0;-5727;-1759;15681;-348;-510;20;-1103;159;881;12;134;112;0
2018/10/02/14:20:21.259893;[];0;-5807;-2015;16401;-214;-416;-90;-1103;129;927;80;134;112;0
2018/10/02/14:20:21.271917;[];0;-5983;-1951;16817;-206;-308;-202;-1103;129;927;148;134;112;0
2018/10/02/14:20:21.287906;[];0;-6879;-2143;17089;-146;-318;-124;-1071;105;901;216;134;112;0
2018/10/02/14:20:21.300905;[];0;-6799;-1855;16065;-180;-52;-196;-1071;105;901;28;135;112;0
2018/10/02/14:20:21.312899;[];0;-6783;-1439;16561;-190;120;-314;-1071;105;901;96;135;112;0
2018/10/02/14:20:21.324894;[];0;-5631;-1279;16081;-200;222;-448;-1135;99;881;181;135;112;0
2018/10/02/14:20:21.341904;[];0;-4447;-1551;16577;-170;352;-298;-1135;99;881;249;135;112;0
2018/10/02/14:20:21.353844;[];0;-4063;-1839;16945;-184;250;-466;-1129;87;934;61;136;112;0
2018/10/02/14:20:21.365909;[];0;-4415;-2191;17217;-48;406;-500;-1129;87;934;129;136;112;0
2018/10/02/14:20:21.377918;[];0;-4719;-2495;17393;-62;516;-658;-1129;87;934;197;136;112;0
2018/10/02/14:20:21.394941;[];0;-5727;-2991;16913;-124;576;-488;-1142;69;934;9;137;112;0
2018/10/02/14:20:21.406913;[];0;-6079;-3487;16929;-202;836;-562;-1142;69;934;77;137;112;0
2018/10/02/14:20:21.418911;[];0;-5567;-3087;16561;-200;964;-512;-1200;63;881;145;137;112;0
2018/10/02/14:20:21.431927;[];0;-5855;-4623;15281;-118;1186;-320;-1200;63;881;213;137;112;0
2018/10/02/14:20:21.447912;[];0;-6895;-4815;16737;-250;1338;-436;-1200;63;881;25;138;112;0
2018/10/02/14:20:21.459926;[];0;-7471;-4463;14049;-258;1506;-338;-1174;39;822;93;138;112;0
2018/10/02/14:20:21.472929;[];0;-7103;-4303;14801;-244;1598;-180;-1174;39;822;161;138;112;0
2018/10/02/14:20:21.484930;[];0;-6719;-4063;14209;-304;1568;-134;-1271;27;776;229;138;112;0
2018/10/02/14:20:21.496937;[];0;-6543;-4591;13521;-140;1554;-16;-1271;27;776;41;139;112;0
2018/10/02/14:20:21.513927;[];0;-6703;-4431;14257;82;1692;136;-1271;27;776;109;139;112;0
2018/10/02/14:20:21.525908;[];0;-8479;-4399;13553;60;1686;54;-1278;39;750;177;139;112;0
2018/10/02/14:20:21.537910;[];0;-9631;-3631;12113;224;1756;10;-1278;39;750;6;140;112;0
2018/10/02/14:20:21.550920;[];0;-9487;-3103;11585;202;1600;-58;-1330;-9;631;74;140;112;0
2018/10/02/14:20:21.566910;[];0;-9375;-2607;10401;182;1602;24;-1330;-9;631;142;140;112;0
2018/10/02/14:20:21.578912;[];0;-8591;-3215;12001;386;1468;44;-1330;-9;631;210;140;112;0
2018/10/02/14:20:21.590906;[];0;-9039;-3727;12369;300;1464;56;-1394;51;532;22;141;112;0
2018/10/02/14:20:21.603899;[];0;-9311;-4143;12417;348;1442;-60;-1394;51;532;90;141;112;0
2018/10/02/14:20:21.619908;[];0;-10911;-3711;9633;336;1422;-8;-1414;39;546;158;141;112;0
2018/10/02/14:20:21.631903;[];0;-10943;-3327;11553;350;1478;126;-1414;39;546;226;141;112;0
2018/10/02/14:20:21.644935;[];0;-10303;-3151;10465;248;1422;270;-1414;39;546;38;142;112;0
2018/10/02/14:20:21.656928;[];0;-10591;-3439;11025;192;1508;172;-1420;63;421;106;142;112;0
2018/10/02/14:20:21.672907;[];0;-10351;-3519;11585;366;1702;118;-1420;63;421;174;142;112;0
2018/10/02/14:20:21.685915;[];0;-11679;-3167;8785;312;1798;130;-1478;93;348;242;142;112;0
2018/10/02/14:20:21.697913;[];0;-12063;-3183;10065;384;1776;162;-1478;93;348;54;143;112;0
2018/10/02/14:20:21.709902;[];0;-11439;-2895;9265;348;1760;182;-1478;93;348;122;143;112;0
2018/10/02/14:20:21.726912;[];0;-11567;-2127;7473;444;1876;178;-1478;63;289;190;143;112;0
2018/10/02/14:20:21.738846;[];0;-11327;-2719;9601;406;1734;154;-1478;63;289;19;144;112;0
2018/10/02/14:20:21.750908;[];0;-12015;-2527;8673;466;1872;260;-1498;87;171;87;144;112;0
2018/10/02/14:20:21.763906;[];0;-12559;-2063;8801;570;1818;240;-1498;87;171;155;144;112;0
2018/10/02/14:20:21.779888;[];0;-13375;-1423;7569;646;1916;100;-1498;87;171;223;144;112;0
2018/10/02/14:20:21.791904;[];0;-13599;-831;7697;662;1922;154;-1537;111;98;35;145;112;0
2018/10/02/14:20:21.803906;[];0;-13743;-1039;6673;750;1848;132;-1537;111;98;103;145;112;0
2018/10/02/14:20:21.816929;[];0;-14127;-895;5201;676;1934;174;-1504;129;19;171;145;112;0
2018/10/02/14:20:21.828942;[];0;-13935;-1711;5265;664;1846;-32;-1504;129;19;239;145;112;0
2018/10/02/14:20:21.844894;[];0;-14367;-2223;4881;708;1784;84;-1504;129;19;51;146;112;0
2018/10/02/14:20:21.857933;[];0;-14559;-2687;5617;750;1722;30;-1459;153;-111;119;146;112;0
2018/10/02/14:20:21.869866;[];0;-14655;-2207;4465;774;1610;-10;-1459;153;-111;186;146;112;0
2018/10/02/14:20:21.881908;[];0;-15039;-2239;4593;832;1650;104;-1466;153;-217;254;146;112;0
2018/10/02/14:20:21.898937;[];0;-15247;-2079;4017;762;1610;-22;-1466;153;-217;66;147;112;0
2018/10/02/14:20:21.910935;[];0;-15727;-1311;3729;694;1484;130;-1466;153;-217;134;147;112;0
2018/10/02/14:20:21.922928;[];0;-15487;-1199;3873;618;1442;-82;-1446;123;-315;202;147;112;0
2018/10/02/14:20:21.935939;[];0;-15919;-1551;3361;592;1464;6;-1446;123;-315;31;148;112;0
2018/10/02/14:20:21.951935;[];0;-16415;-1439;1873;522;1326;-48;-1427;141;-381;99;148;112;0
2018/10/02/14:20:21.963930;[];0;-16607;-1295;1713;376;1412;126;-1427;141;-381;167;148;112;0
2018/10/02/14:20:21.975937;[];0;-16783;-1039;1041;422;1278;-12;-1427;141;-381;235;148;112;0
2018/10/02/14:20:21.988961;[];0;-16895;-671;1009;350;1160;98;-1388;165;-414;47;149;112;0
2018/10/02/14:20:22.004963;[];0;-17119;-943;145;150;1012;186;-1388;165;-414;115;149;112;0
2018/10/02/14:20:22.016940;[];0;-17327;-863;-15;8;986;188;-1394;135;-447;183;149;112;0
2018/10/02/14:20:22.029934;[];0;-17311;-847;657;42;894;86;-1394;135;-447;251;149;112;0
2018/10/02/14:20:22.041932;[];0;-17183;-303;881;-48;920;234;-1394;135;-447;63;150;112;0
2018/10/02/14:20:22.057920;[];0;-17471;-319;1137;-106;782;76;-1407;141;-493;131;150;112;0
2018/10/02/14:20:22.070933;[];0;-17295;-95;1393;26;734;120;-1407;141;-493;199;150;112;0
2018/10/02/14:20:22.082932;[];0;-17087;-255;1409;68;734;4;-1330;195;-519;11;151;112;0
2018/10/02/14:20:22.094877;[];0;-17359;81;1329;-80;718;104;-1330;195;-519;79;151;112;0
2018/10/02/14:20:22.107936;[];0;-17279;97;961;12;800;-50;-1330;195;-519;147;151;112;0
2018/10/02/14:20:22.123931;[];0;-17503;337;673;-74;712;-92;-1330;171;-578;215;151;112;0
2018/10/02/14:20:22.135940;[];0;-17919;385;-559;-60;680;-198;-1330;171;-578;27;152;112;0
2018/10/02/14:20:22.148945;[];0;-17695;465;-879;-276;426;14;-1330;195;-546;112;152;112;0
2018/10/02/14:20:22.160945;[];0;-17823;433;-1055;-218;364;-80;-1330;195;-546;180;152;112;0
2018/10/02/14:20:22.176945;[];0;-18303;417;-2351;-442;284;-28;-1330;195;-546;248;152;112;0
2018/10/02/14:20:22.188900;[];0;-18623;225;-2975;-570;122;-114;-1297;183;-611;60;153;112;0
2018/10/02/14:20:22.201938;[];0;-18687;-95;-3679;-814;-142;-16;-1297;183;-611;128;153;112;0
2018/10/02/14:20:22.213933;[];0;-18879;17;-4271;-966;-246;-222;-1330;201;-611;196;153;112;0
2018/10/02/14:20:22.229938;[];0;-18703;-255;-4111;-988;-548;-190;-1330;201;-611;8;154;112;0
2018/10/02/14:20:22.242935;[];0;-18655;-671;-4543;-1366;-938;6;-1330;201;-611;76;154;112;0
2018/10/02/14:20:22.254992;[];0;-18335;-1327;-4575;-1558;-1394;0;-1330;201;-605;144;154;112;0
2018/10/02/14:20:22.270941;[];0;-17903;-1247;-4751;-1610;-1562;-60;-1330;201;-605;229;154;112;0
2018/10/02/14:20:22.283943;[];0;-17695;-1999;-4655;-1854;-2080;42;-1388;219;-513;41;155;112;0
2018/10/02/14:20:22.295929;[];0;-16975;-1775;-4799;-1914;-2216;78;-1388;219;-513;109;155;112;0
2018/10/02/14:20:22.311918;[];0;-16191;-1839;-3151;-1904;-2556;132;-1388;219;-513;177;155;112;0
2018/10/02/14:20:22.324908;[];0;-15247;-1519;-2399;-1628;-2772;0;-1401;303;-381;245;155;112;0
2018/10/02/14:20:22.336937;[];0;-13823;-1247;-287;-1548;-3048;64;-1401;303;-381;57;156;112;0
2018/10/02/14:20:22.348912;[];0;-12351;-1215;1233;-1644;-3310;48;-1440;285;-243;108;156;112;0
2018/10/02/14:20:22.365921;[];0;-12207;-2175;4049;-1346;-3592;-136;-1440;285;-243;193;156;112;0
2018/10/02/14:20:22.377923;[];0;-11407;-3023;5921;-1082;-3802;-184;-1498;231;-78;22;157;112;0
2018/10/02/14:20:22.389915;[];0;-11311;-3871;6833;-916;-4000;-70;-1498;231;-78;90;157;112;0
2018/10/02/14:20:22.401918;[];0;-11071;-4271;6849;-658;-4010;-28;-1498;231;-78;158;157;112;0
2018/10/02/14:20:22.418923;[];0;-10735;-3359;5681;-514;-4116;-32;-1453;267;164;226;157;112;0
2018/10/02/14:20:22.430918;[];0;-10895;-1535;6209;-352;-4010;-2;-1453;267;164;38;158;112;0
2018/10/02/14:20:22.442886;[];0;-10751;-1423;7425;-336;-4016;-176;-1401;231;381;106;158;112;0
2018/10/02/14:20:22.455939;[];0;-10703;-1567;8945;-258;-3954;-254;-1401;231;381;174;158;112;0
2018/10/02/14:20:22.471936;[];0;-9743;-2223;9409;-232;-3998;-300;-1401;231;381;242;158;112;0
2018/10/02/14:20:22.483933;[];0;-8127;-2303;10465;-284;-3902;-300;-1375;201;546;54;159;112;0
2018/10/02/14:20:22.496939;[];0;-6879;-2575;9713;-282;-3986;-164;-1375;201;546;122;159;112;0
2018/10/02/14:20:22.508949;[];0;-6223;-2991;11601;-186;-3888;-474;-1375;201;546;190;159;112;0
2018/10/02/14:20:22.524912;[];0;-4655;-2783;12897;-312;-3878;-252;-1239;201;736;2;160;112;0
2018/10/02/14:20:22.537926;[];0;-3535;-3647;13681;-270;-3844;-104;-1239;201;736;70;160;112;0
2018/10/02/14:20:22.549912;[];0;-2319;-3631;14913;-112;-3804;-282;-1161;141;855;138;160;112;0
2018/10/02/14:20:22.561914;[];0;-2383;-3903;15553;38;-3644;-86;-1161;141;855;206;160;112;0
2018/10/02/14:20:22.578903;[];0;-3535;-3695;15537;62;-3270;30;-1161;141;855;18;161;112;0
2018/10/02/14:20:22.590917;[];0;-4095;-3151;15377;36;-3052;142;-1058;135;980;103;161;112;0
2018/10/02/14:20:22.602920;[];0;-2959;-2159;15281;46;-2794;210;-1058;135;980;171;161;112;0
2018/10/02/14:20:22.614954;[];0;-911;-1647;16113;-20;-2442;222;-902;129;1052;239;161;112;0
2018/10/02/14:20:22.627916;[];0;-559;-1823;15425;-148;-2334;56;-902;129;1052;51;162;112;0
2018/10/02/14:20:22.643910;[];0;65;-2383;16881;-90;-2108;102;-812;105;1111;119;162;112;0
2018/10/02/14:20:22.655926;[];0;1025;-2431;18161;-168;-1874;110;-812;105;1111;187;162;112;0
2018/10/02/14:20:22.668940;[];0;241;-2735;17649;-130;-1494;-238;-812;105;1111;255;162;112;0
2018/10/02/14:20:22.680927;[];0;-159;-2415;16529;-48;-1350;-56;-760;111;1164;67;163;112;0
2018/10/02/14:20:22.696934;[];0;-431;-2223;16945;2;-954;-148;-760;111;1164;135;163;112;0
2018/10/02/14:20:22.709920;[];0;-239;-1583;14929;140;-1010;-142;-760;111;1164;203;163;112;0
2018/10/02/14:20:22.721917;[];0;1633;-2271;16881;300;-736;-202;-689;105;1223;15;164;112;0
2018/10/02/14:20:22.733916;[];0;1985;-2831;17361;282;-736;-366;-689;105;1223;83;164;112;0
2018/10/02/14:20:22.750922;[];0;1809;-2831;17761;456;-490;-426;-644;117;1171;151;164;112;0
2018/10/02/14:20:22.762916;[];0;1793;-2335;17553;636;-476;-368;-644;117;1171;219;164;112;0
2018/10/02/14:20:22.774944;[];0;961;-2159;16849;700;-350;-416;-644;117;1171;31;165;112;0
2018/10/02/14:20:22.786943;[];0;161;-1711;16417;770;-226;-406;-618;135;1250;99;165;112;0
2018/10/02/14:20:22.803921;[];0;849;-1743;16689;568;-226;-366;-618;135;1250;184;165;112;0
2018/10/02/14:20:22.815926;[];0;1073;-1887;16785;538;-208;-382;-624;135;1217;252;165;112;0
2018/10/02/14:20:22.827928;[];0;1505;-1919;17889;592;-80;-278;-624;135;1217;64;166;112;0
2018/10/02/14:20:22.840939;[];0;1329;-1311;17649;434;-210;-232;-572;129;1236;132;166;112;0
2018/10/02/14:20:22.856907;[];0;1089;-943;18001;324;-140;-16;-572;129;1236;200;166;112;0
2018/10/02/14:20:22.868940;[];0;993;-927;18049;316;0;-280;-572;129;1236;12;167;112;0
2018/10/02/14:20:22.881923;[];0;305;-543;17201;288;-40;62;-598;141;1203;80;167;112;0
2018/10/02/14:20:22.893940;[];0;337;-495;17425;166;70;-264;-598;141;1203;148;167;112;0
2018/10/02/14:20:22.905937;[];0;657;-463;17569;48;56;-102;-598;141;1203;216;167;112;0
2018/10/02/14:20:22.922922;[];0;625;-927;17681;-198;-36;0;-605;165;1190;28;168;112;0
2018/10/02/14:20:22.934923;[];0;1217;-1039;17825;-92;54;-134;-605;165;1190;96;168;112;0
2018/10/02/14:20:22.946929;[];0;1601;-1295;17921;-168;66;-68;-579;153;1184;164;168;112;0
2018/10/02/14:20:22.958919;[];0;1185;-799;18129;42;48;76;-579;153;1184;232;168;112;0
2018/10/02/14:20:22.975930;[];0;1169;-767;17857;-50;114;-128;-579;153;1184;44;169;112;0
2018/10/02/14:20:22.987927;[];0;961;-607;17265;-20;176;56;-611;183;1210;112;169;112;0
2018/10/02/14:20:22.999921;[];0;545;-399;17201;-74;264;-36;-611;183;1210;197;169;112;0
2018/10/02/14:20:23.012930;[];0;305;-767;17281;-140;164;-78;-592;135;1197;9;170;112;0
2018/10/02/14:20:23.028939;[];0;241;-799;16721;-88;230;-114;-592;135;1197;77;170;112;0
2018/10/02/14:20:23.040942;[];0;113;-991;16481;-236;240;-102;-572;141;1197;145;170;112;0
2018/10/02/14:20:23.053920;[];0;-143;-1407;15873;-112;302;-254;-572;141;1197;213;170;112;0
2018/10/02/14:20:23.065928;[];0;33;-1775;16289;-224;242;-128;-572;141;1197;25;171;112;0
2018/10/02/14:20:23.081923;[];0;65;-1807;16129;-156;116;-64;-637;141;1203;93;171;112;0
2018/10/02/14:20:23.095134;[];0;-351;-1951;15841;-98;250;-28;-637;141;1203;161;171;112;0
2018/10/02/14:20:23.106933;[];0;-207;-1439;15825;10;238;-142;-637;141;1203;229;171;112;0
2018/10/02/14:20:23.118926;[];0;-447;-1519;15905;-92;282;8;-637;135;1164;41;172;112;0
2018/10/02/14:20:23.135931;[];0;-239;-1327;15985;28;132;-100;-637;135;1164;109;172;112;0
2018/10/02/14:20:23.147930;[];0;-175;-1647;16097;84;196;-168;-650;93;1171;177;172;112;0
2018/10/02/14:20:23.159923;[];0;-479;-1631;15921;6;238;-294;-650;93;1171;245;172;112;0
2018/10/02/14:20:23.171927;[];0;-431;-1999;16001;110;252;-254;-650;93;1171;57;173;112;0
2018/10/02/14:20:23.188922;[];0;-367;-2015;15841;162;186;-154;-708;141;1236;125;173;112;0
2018/10/02/14:20:23.200952;[];0;-607;-1743;15809;220;120;-160;-708;141;1236;210;173;112;0
2018/10/02/14:20:23.212931;[];0;-879;-1615;15697;286;64;-8;-676;177;1217;22;174;112;0
2018/10/02/14:20:23.225929;[];0;-655;-1343;15697;324;132;-158;-676;177;1217;90;174;112;0
2018/10/02/14:20:23.237925;[];0;-799;-1183;15601;194;28;-104;-702;165;1190;158;174;112;0
2018/10/02/14:20:23.253921;[];0;-623;-1231;15457;134;-74;-120;-702;165;1190;226;174;112;0
2018/10/02/14:20:23.266953;[];0;-895;-1135;15633;130;-64;-108;-702;165;1190;38;175;112;0
2018/10/02/14:20:23.278936;[];0;-527;-959;15729;80;-186;-72;-663;141;1217;106;175;112;0
2018/10/02/14:20:23.290923;[];0;-623;-975;15793;154;-112;-106;-663;141;1217;174;175;112;0
2018/10/02/14:20:23.307936;[];0;-575;-623;15969;74;-182;10;-663;141;1217;242;175;112;0
2018/10/02/14:20:23.319928;[];0;-239;-511;16209;198;-156;-186;-676;171;1210;53;176;112;0
2018/10/02/14:20:23.331925;[];0;-191;689;16609;180;-58;-288;-676;171;1210;121;176;112;0
2018/10/02/14:20:23.343946;[];0;81;1249;16945;220;-104;-554;-663;159;1223;189;176;112;0
2018/10/02/14:20:23.360947;[];0;305;2193;17681;194;-14;-676;-663;159;1223;1;177;112;0
2018/10/02/14:20:23.372943;[];0;609;4097;17825;434;40;-924;-663;159;1223;69;177;112;0
2018/10/02/14:20:23.384937;[];0;513;4033;18609;452;-22;-1276;-689;147;1138;137;177;112;0
2018/10/02/14:20:23.397931;[];0;1249;5009;17969;608;16;-1872;-689;147;1138;222;177;112;0
2018/10/02/14:20:23.413929;[];0;1233;4785;17569;724;-40;-2518;-708;171;1210;34;178;112;0
2018/10/02/14:20:23.425934;[];0;1457;4049;17553;650;-68;-3090;-708;171;1210;102;178;112;0
2018/10/02/14:20:23.438918;[];0;1521;5105;17393;794;-108;-3416;-695;153;1151;170;178;112;0
2018/10/02/14:20:23.450928;[];0;1441;4497;16625;950;-168;-3916;-695;153;1151;238;178;112;0
2018/10/02/14:20:23.466918;[];0;2129;5553;16113;1108;-110;-4382;-695;153;1151;50;179;112;0
2018/10/02/14:20:23.479936;[];0;3825;5089;15425;968;-174;-4756;-708;69;1217;118;179;112;0
2018/10/02/14:20:23.491928;[];0;4513;4113;13825;1004;-268;-5114;-708;69;1217;186;179;112;0
2018/10/02/14:20:23.503930;[];0;3937;2321;14193;894;-264;-5406;-708;69;1217;254;179;112;0
2018/10/02/14:20:23.515938;[];0;2241;113;15009;782;-320;-5644;-721;45;1157;66;180;112;0
2018/10/02/14:20:23.532933;[];0;1521;-831;14577;708;-236;-5644;-721;45;1157;134;180;112;0
2018/10/02/14:20:23.545031;[];0;-415;-2511;14161;640;-388;-5680;-695;-105;1230;202;180;112;0
2018/10/02/14:20:23.556965;[];0;-783;-415;13697;808;-376;-5308;-695;-105;1230;14;181;112;0
2018/10/02/14:20:23.569950;[];0;-127;-575;13345;918;-658;-5050;-695;-105;1230;82;181;112;0
2018/10/02/14:20:23.585956;[];0;-799;-1183;12641;1018;-980;-4680;-637;-165;1236;150;181;112;0
2018/10/02/14:20:23.597957;[];0;1345;-2303;11857;990;-1232;-4284;-637;-165;1236;235;181;112;0
2018/10/02/14:20:23.610953;[];0;2961;-4191;12721;936;-1602;-3930;-566;-183;1276;47;182;112;0
2018/10/02/14:20:23.622929;[];0;2513;-4847;12897;656;-1750;-3454;-566;-183;1276;115;182;112;0
2018/10/02/14:20:23.638941;[];0;1585;-3343;14481;494;-1862;-3012;-482;-267;1289;183;182;112;0
2018/10/02/14:20:23.651931;[];0;2417;-735;16305;344;-1896;-2694;-482;-267;1289;251;182;112;0
2018/10/02/14:20:23.663924;[];0;2273;945;12977;22;-1666;-2550;-482;-267;1289;63;183;112;0
2018/10/02/14:20:23.675937;[];0;5633;1601;21297;-184;-1534;-2474;-339;-297;1296;131;183;112;0
2018/10/02/14:20:23.692949;[];0;5009;1617;12945;-340;-1384;-2452;-339;-297;1296;199;183;112;0
2018/10/02/14:20:23.705004;[];0;4081;-159;17441;-518;-964;-2378;-339;-297;1296;11;184;112;0
2018/10/02/14:20:23.716959;[];0;3201;-1455;16305;-648;-972;-2208;-255;-315;1309;79;184;112;0
2018/10/02/14:20:23.728960;[];0;1553;-2255;15361;-698;-552;-2088;-255;-315;1309;147;184;112;0
2018/10/02/14:20:23.745928;[];0;1425;-1487;19073;-668;-544;-1868;-197;-351;1348;215;184;112;0
2018/10/02/14:20:23.757937;[];0;1665;-303;16961;-464;-316;-1638;-197;-351;1348;27;185;112;0
2018/10/02/14:20:23.769932;[];0;1281;-191;18113;-406;-56;-1266;-197;-351;1348;95;185;112;0
2018/10/02/14:20:23.782930;[];0;625;177;18097;-392;196;-1020;-152;-411;1322;163;185;112;0
2018/10/02/14:20:23.798920;[];0;1377;417;16369;-360;332;-750;-152;-411;1322;231;185;112;0
2018/10/02/14:20:23.810933;[];0;1697;737;16273;-368;406;-604;-139;-417;1342;60;186;112;0
2018/10/02/14:20:23.823933;[];0;1073;561;16753;-310;476;-520;-139;-417;1342;128;186;112;0
2018/10/02/14:20:23.835941;[];0;881;641;15121;-286;482;-252;-145;-453;1243;196;186;112;0
2018/10/02/14:20:23.847934;[];0;1105;1425;16833;-352;500;-226;-145;-453;1243;8;187;112;0
2018/10/02/14:20:23.864937;[];0;673;545;15201;-180;524;-54;-145;-453;1243;76;187;112;0
2018/10/02/14:20:23.876964;[];0;-111;721;15857;-376;570;304;-171;-429;1269;144;187;112;0
2018/10/02/14:20:23.888963;[];0;145;913;15713;-252;638;304;-171;-429;1269;212;187;112;0
2018/10/02/14:20:23.900939;[];0;-479;1201;15377;-314;516;370;-171;-429;1269;24;188;112;0
2018/10/02/14:20:23.917956;[];0;-511;1025;15681;-258;482;566;-236;-453;1269;92;188;112;0
2018/10/02/14:20:23.929933;[];0;-335;961;16241;-326;600;530;-236;-453;1269;160;188;112;0
2018/10/02/14:20:23.941932;[];0;-943;993;16401;-276;556;662;-229;-459;1315;228;188;112;0
2018/10/02/14:20:23.954933;[];0;-991;177;17089;-258;688;692;-229;-459;1315;40;189;112;0
2018/10/02/14:20:23.970945;[];0;-671;-1119;16417;-214;510;876;-229;-459;1315;108;189;112;0
2018/10/02/14:20:23.982939;[];0;-607;-2127;16305;-396;460;1266;-262;-477;1282;176;189;112;0
2018/10/02/14:20:23.995953;[];0;-1295;-1503;16177;-320;354;1624;-262;-477;1282;244;189;112;0
2018/10/02/14:20:24.007958;[];0;-1039;-2703;17121;-416;316;2114;-352;-465;1276;73;190;112;0
2018/10/02/14:20:24.023938;[];0;-719;-2815;16545;-682;308;2552;-352;-465;1276;141;190;112;0
2018/10/02/14:20:24.036953;[];0;113;-2911;17217;-656;412;2824;-385;-513;1243;209;190;112;0
2018/10/02/14:20:24.048958;[];0;-79;-3791;16289;-626;202;3230;-385;-513;1243;21;191;112;0
2018/10/02/14:20:24.060954;[];0;-719;-4223;14401;-554;184;3512;-385;-513;1243;89;191;112;0
2018/10/02/14:20:24.077930;[];0;-511;-4271;16545;-510;100;3756;-475;-429;1256;157;191;112;0
2018/10/02/14:20:24.089940;[];0;-335;-4175;15953;-518;-12;4200;-475;-429;1256;225;191;112;0
2018/10/02/14:20:24.101947;[];0;97;-4079;14753;-344;48;4396;-475;-429;1256;37;192;112;0
2018/10/02/14:20:24.113933;[];0;1969;-4207;16049;-214;-50;4728;-514;-429;1250;105;192;112;0
2018/10/02/14:20:24.126946;[];0;3825;-4927;14161;-200;-254;5000;-514;-429;1250;173;192;112;0
2018/10/02/14:20:24.142936;[];0;5217;-5279;14753;-104;-240;5360;-598;-357;1263;241;192;112;0
2018/10/02/14:20:24.154940;[];0;6609;-4543;14929;-122;-520;5580;-598;-357;1263;53;193;112;0
2018/10/02/14:20:24.167946;[];0;6929;-4015;13329;-200;-480;5944;-598;-357;1263;121;193;112;0
2018/10/02/14:20:24.179934;[];0;7713;-3535;16977;-274;-636;6046;-650;-231;1223;189;193;112;0
2018/10/02/14:20:24.195944;[];0;8561;-3071;12945;-598;-400;6172;-650;-231;1223;1;194;112;0
2018/10/02/14:20:24.208961;[];0;6657;-3135;16321;-922;-310;6092;-631;-165;1276;69;194;112;0
2018/10/02/14:20:24.220970;[];0;7537;161;17089;-860;-578;6210;-631;-165;1276;154;194;112;0
2018/10/02/14:20:24.232955;[];0;6849;193;11057;-916;-656;6116;-637;-39;1243;222;194;112;0
2018/10/02/14:20:24.249941;[];0;6753;-1183;15697;-800;-738;6088;-637;-39;1243;34;195;112;0
2018/10/02/14:20:24.261977;[];0;6673;-1135;13425;-760;-968;6056;-637;-39;1243;102;195;112;0
2018/10/02/14:20:24.273939;[];0;6081;-367;13313;-756;-1126;6126;-540;69;1276;170;195;112;0
2018/10/02/14:20:24.285947;[];0;8209;1601;14929;-724;-1434;5942;-540;69;1276;238;195;112;0
2018/10/02/14:20:24.302966;[];0;8625;577;14113;-780;-1670;5810;-482;99;1302;50;196;112;0
2018/10/02/14:20:24.314969;[];0;8097;-175;13345;-808;-1596;5654;-482;99;1302;118;196;112;0
2018/10/02/14:20:24.326942;[];0;9233;-1359;16737;-786;-1716;5358;-482;99;1302;186;196;112;0
2018/10/02/14:20:24.339941;[];0;6193;-2271;13713;-648;-1668;5208;-359;135;1335;254;196;112;0
2018/10/02/14:20:24.355931;[];0;6705;-1679;19681;-614;-1350;5222;-359;135;1335;66;197;112;0
2018/10/02/14:20:24.367944;[];0;5681;-559;16753;-456;-1136;4980;-359;135;1335;134;197;112;0
2018/10/02/14:20:24.380964;[];0;4593;593;18849;-392;-598;4894;-255;153;1302;202;197;112;0
2018/10/02/14:20:24.392961;[];0;5249;1969;20305;-214;-498;4572;-255;153;1302;14;198;112;0
2018/10/02/14:20:24.408937;[];0;4849;657;17425;-290;-46;4104;-203;153;1328;82;198;112;0
2018/10/02/14:20:24.421944;[];0;4961;-1023;17857;-172;500;3606;-203;153;1328;167;198;112;0
2018/10/02/14:20:24.433936;[];0;4689;-1663;18865;-228;654;3472;-171;231;1368;235;198;112;0
2018/10/02/14:20:24.445948;[];0;3073;-2367;16657;-322;1132;3012;-171;231;1368;47;199;112;0
2018/10/02/14:20:24.457948;[];0;2353;-1679;17713;-102;1338;3298;-171;231;1368;115;199;112;0
2018/10/02/14:20:24.474952;[];0;1713;-4479;14065;-280;1290;3180;-158;213;1302;183;199;112;0
2018/10/02/14:20:24.486947;[];0;1265;-5919;15985;-170;1460;3072;-158;213;1302;251;199;112;0
2018/10/02/14:20:24.498948;[];0;49;-6415;15329;-310;1360;3206;-210;213;1335;63;200;112;0
2018/10/02/14:20:24.511937;[];0;-767;-6815;13377;-354;1404;3002;-210;213;1335;131;200;112;0
2018/10/02/14:20:24.527950;[];0;-1423;-5071;14481;-330;1186;2926;-210;213;1335;199;200;112;0
2018/10/02/14:20:24.539943;[];0;-2511;-2191;12481;-264;1080;2850;-242;249;1296;11;201;112;0
2018/10/02/14:20:24.552952;[];0;-2191;-2319;13841;-218;1180;2560;-242;249;1296;79;201;112;0
2018/10/02/14:20:24.565112;[];0;-3343;273;15345;-14;990;2632;-242;249;1296;147;201;112;0
2018/10/02/14:20:24.580970;[];0;-3663;-3327;14129;108;824;2314;-262;219;1296;215;201;112;0
2018/10/02/14:20:24.593935;[];0;-3007;-3087;16401;-130;802;2196;-262;219;1296;27;202;112;0
2018/10/02/14:20:24.605968;[];0;-2815;-3071;13953;-80;676;2144;-294;261;1315;95;202;112;0
2018/10/02/14:20:24.617952;[];0;-3951;-2719;14193;-142;528;1974;-294;261;1315;180;202;112;0
2018/10/02/14:20:24.635032;[];0;-4783;-4031;15313;-276;420;2020;-281;315;1217;248;202;112;0
2018/10/02/14:20:24.646948;[];0;-5343;-3935;12065;-176;402;1702;-281;315;1217;60;203;112;0
2018/10/02/14:20:24.658950;[];0;-7823;-4799;15857;126;452;1688;-281;315;1217;128;203;112;0
2018/10/02/14:20:24.670941;[];0;-6303;-8047;12593;28;224;1310;-255;303;1296;196;203;112;0
2018/10/02/14:20:24.687931;[];0;-7039;-4047;10465;-60;386;1336;-255;303;1296;8;204;112;0
2018/10/02/14:20:24.699944;[];0;-6015;-3183;15265;10;266;1256;-275;303;1289;76;204;112;0
2018/10/02/14:20:24.711944;[];0;-6447;-3679;13697;-80;202;986;-275;303;1289;144;204;112;0
2018/10/02/14:20:24.725094;[];0;-6847;-4511;14545;-36;102;826;-275;303;1289;212;204;112;0
2018/10/02/14:20:24.736966;[];0;-5807;-4607;13921;72;-74;952;-288;351;1282;24;205;112;0
2018/10/02/14:20:24.752972;[];0;-5679;-4303;13361;76;-172;878;-288;351;1282;92;205;112;0
2018/10/02/14:20:24.765953;[];0;-5567;-2863;15809;242;-248;902;-288;351;1282;160;205;112;0
2018/10/02/14:20:24.781946;[];0;-5551;-4559;14721;446;-232;886;-268;315;1302;244;205;112;0
2018/10/02/14:20:24.793940;[];0;-6335;-4447;13457;386;-134;1084;-268;315;1302;56;206;112;0
2018/10/02/14:20:24.806950;[];0;-6399;-2111;13617;278;-194;1134;-242;369;1269;124;206;112;0
2018/10/02/14:20:24.822948;[];0;-6943;-3551;12817;362;-190;1042;-242;369;1269;192;206;112;0
2018/10/02/14:20:24.835015;[];0;-6159;-1951;14625;186;-324;1044;-184;357;1256;4;207;112;0
2018/10/02/14:20:24.847953;[];0;-5807;-1183;13473;262;-392;1054;-184;357;1256;72;207;112;0
2018/10/02/14:20:24.859948;[];0;-5727;-799;13633;206;-448;762;-184;357;1256;157;207;112;0
2018/10/02/14:20:24.875889;[];0;-5215;65;15585;140;-510;552;-184;393;1302;225;207;112;0
2018/10/02/14:20:24.888966;[];0;-5759;289;15313;364;-570;272;-184;393;1302;37;208;112;0
2018/10/02/14:20:24.900964;[];0;-6143;577;16065;324;-552;336;-126;399;1269;105;208;112;0
2018/10/02/14:20:24.912977;[];0;-5279;465;16145;428;-586;74;-126;399;1269;173;208;112;0
2018/10/02/14:20:24.924976;[];0;-5295;385;15137;436;-524;-382;-126;399;1269;241;208;112;0
2018/10/02/14:20:24.941947;[];0;-5599;593;15969;392;-540;-588;-113;429;1250;53;209;112;0
2018/10/02/14:20:24.953964;[];0;-5295;673;15009;534;-574;-1004;-113;429;1250;121;209;112;0
2018/10/02/14:20:24.965958;[];0;-5231;897;15777;690;-580;-1140;-87;447;1243;189;209;112;0
2018/10/02/14:20:24.978945;[];0;-4047;7025;10753;296;-720;-1372;-87;447;1243;1;210;112;0
2018/10/02/14:20:24.994989;[];0;-4047;4593;15313;690;-586;-1550;-87;447;1243;69;210;112;0
2018/10/02/14:20:25.006959;[];0;-1743;1297;17537;686;-666;-2208;-80;447;1223;137;210;112;0
2018/10/02/14:20:25.019952;[];0;-1503;2321;17649;804;-772;-2546;-80;447;1223;205;210;112;0
2018/10/02/14:20:25.031946;[];0;-1807;1201;17969;840;-696;-3062;-106;477;1210;17;211;112;0
2018/10/02/14:20:25.047956;[];0;-3087;-975;17313;1020;-650;-3454;-106;477;1210;85;211;112;0
2018/10/02/14:20:25.060965;[];0;-4591;-1727;15137;1080;-476;-3768;-106;477;1210;170;211;112;0
2018/10/02/14:20:25.072968;[];0;-4719;-1775;14721;1262;-520;-3916;-158;537;1210;238;211;112;0
2018/10/02/14:20:25.084980;[];0;-4095;-735;15377;1406;-672;-4000;-158;537;1210;50;212;112;0
2018/10/02/14:20:25.101955;[];0;-2095;961;15201;1682;-834;-3896;-210;543;1177;118;212;112;0
2018/10/02/14:20:25.113945;[];0;-1807;3137;17089;1880;-888;-3990;-210;543;1177;186;212;112;0
2018/10/02/14:20:25.125957;[];0;-111;2193;16225;1926;-1106;-4294;-210;543;1177;254;212;112;0
2018/10/02/14:20:25.137956;[];0;401;3409;14017;1756;-1348;-4554;-242;627;1151;66;213;112;0
2018/10/02/14:20:25.154942;[];0;337;4193;15953;1766;-1412;-4860;-242;627;1151;134;213;112;0
2018/10/02/14:20:25.166959;[];0;673;4737;16033;1610;-1456;-5010;-320;645;1105;202;213;112;0
2018/10/02/14:20:25.178960;[];0;-63;4737;15873;1650;-1324;-5294;-320;645;1105;14;214;112;0
2018/10/02/14:20:25.191949;[];0;481;4577;17249;1630;-1322;-5318;-320;645;1105;82;214;112;0
2018/10/02/14:20:25.207946;[];0;657;4609;15809;1442;-1388;-5394;-385;639;1078;150;214;112;0
2018/10/02/14:20:25.219951;[];0;865;4209;15777;1424;-1228;-5438;-385;639;1078;218;214;112;0
2018/10/02/14:20:25.232983;[];0;1137;3953;16289;1180;-1370;-5418;-469;633;1065;30;215;112;0
2018/10/02/14:20:25.244957;[];0;1457;4081;14321;1114;-1256;-5190;-469;633;1065;98;215;112;0
2018/10/02/14:20:25.256973;[];0;3073;3729;14977;1024;-1244;-5242;-469;633;1065;166;215;112;0
2018/10/02/14:20:25.273953;[];0;2817;2945;15057;936;-1264;-5048;-585;573;1098;251;215;112;0
2018/10/02/14:20:25.285960;[];0;2689;3185;14977;906;-1328;-4876;-585;573;1098;63;216;112;0
2018/10/02/14:20:25.297900;[];0;2129;3041;15441;1020;-1272;-4726;-631;513;1105;131;216;112;0
2018/10/02/14:20:25.309952;[];0;1025;3441;15649;966;-1110;-4556;-631;513;1105;199;216;112;0
2018/10/02/14:20:25.326962;[];0;385;4609;16465;854;-900;-4354;-631;513;1105;11;217;112;0
2018/10/02/14:20:25.338958;[];0;993;5201;15521;656;-872;-4224;-637;447;1144;79;217;112;0
2018/10/02/14:20:25.350960;[];0;1985;5425;15425;690;-708;-4154;-637;447;1144;147;217;112;0
2018/10/02/14:20:25.363952;[];0;2017;4433;15233;418;-656;-4098;-689;369;1118;215;217;112;0
2018/10/02/14:20:25.379961;[];0;1601;3665;15345;556;-620;-4052;-689;369;1118;27;218;112;0
2018/10/02/14:20:25.391955;[];0;1521;3793;14209;528;-682;-3972;-689;369;1118;95;218;112;0
2018/10/02/14:20:25.405077;[];0;1745;3969;14161;762;-614;-3914;-747;351;1118;163;218;112;0
2018/10/02/14:20:25.416984;[];0;1985;3649;13969;740;-610;-3892;-747;351;1118;231;218;112;0
2018/10/02/14:20:25.432970;[];0;1473;3361;13793;830;-784;-3892;-779;291;1144;43;219;112;0
2018/10/02/14:20:25.445962;[];0;161;3601;13601;794;-754;-3902;-779;291;1144;111;219;112;0
2018/10/02/14:20:25.457962;[];0;-575;4881;14097;984;-888;-4086;-779;291;1144;179;219;112;0
2018/10/02/14:20:25.469953;[];0;17;6305;14161;994;-952;-4174;-766;231;1138;8;220;112;0
2018/10/02/14:20:25.486942;[];0;1441;6881;14993;1024;-1044;-4104;-766;231;1138;76;220;112;0
2018/10/02/14:20:25.498981;[];0;2001;6033;13505;1012;-1074;-4166;-760;153;1197;144;220;112;0
2018/10/02/14:20:25.510979;[];0;1409;4961;14257;888;-1260;-4224;-760;153;1197;212;220;112;0
2018/10/02/14:20:25.522975;[];0;1313;4129;13713;806;-1182;-4222;-760;153;1197;24;221;112;0
2018/10/02/14:20:25.535985;[];0;1665;3297;14369;652;-1178;-4146;-715;105;1203;92;221;112;0
2018/10/02/14:20:25.551977;[];0;1921;4385;14753;368;-1144;-4150;-715;105;1203;160;221;112;0
2018/10/02/14:20:25.563977;[];0;2817;4913;14689;248;-1022;-4134;-715;27;1217;228;221;112;0
2018/10/02/14:20:25.576989;[];0;2129;4401;15649;42;-1084;-3982;-715;27;1217;40;222;112;0
2018/10/02/14:20:25.588963;[];0;1201;3393;16273;-180;-856;-3978;-715;27;1217;108;222;112;0
2018/10/02/14:20:25.604970;[];0;1169;5489;12977;-244;-734;-3782;-637;-93;1236;159;222;112;0
2018/10/02/14:20:25.617980;[];0;497;6369;14689;-330;-552;-3720;-637;-93;1236;244;222;112;0
2018/10/02/14:20:25.629956;[];0;1553;1537;14865;-320;-512;-3550;-585;-135;1289;56;223;112;0
2018/10/02/14:20:25.641964;[];0;1345;3345;13345;-454;-536;-3152;-585;-135;1289;124;223;112;0
2018/10/02/14:20:25.658966;[];0;-1247;417;13889;-446;-420;-3016;-585;-135;1289;192;223;112;0
2018/10/02/14:20:25.670957;[];0;-3679;-495;16433;-556;-272;-2746;-553;-231;1256;4;224;112;0
2018/10/02/14:20:25.682955;[];0;-3887;1473;15921;-614;-104;-2380;-553;-231;1256;89;224;112;0
2018/10/02/14:20:25.694952;[];0;-5199;2273;14769;-376;76;-1986;-585;-303;1243;157;224;112;0
2018/10/02/14:20:25.711958;[];0;-4351;2001;16241;-270;-148;-1874;-585;-303;1243;225;224;112;0
2018/10/02/14:20:25.723953;[];0;-3983;2337;14817;-362;-84;-1574;-585;-303;1243;37;225;112;0
2018/10/02/14:20:25.735964;[];0;-3727;1697;15025;-196;-130;-1430;-475;-339;1282;105;225;112;0
2018/10/02/14:20:25.748966;[];0;-3711;2177;16577;-174;-160;-1212;-475;-339;1282;173;225;112;0
2018/10/02/14:20:25.765073;[];0;-4655;1505;15937;-220;-58;-998;-469;-375;1263;241;225;112;0
2018/10/02/14:20:25.776996;[];0;-4639;1329;18193;-150;-42;-786;-469;-375;1263;53;226;112;0
2018/10/02/14:20:25.789954;[];0;-5775;2769;15313;-84;-14;-674;-469;-375;1263;121;226;112;0
2018/10/02/14:20:25.801957;[];0;-4719;1345;15553;32;40;-348;-417;-387;1263;189;226;112;0
2018/10/02/14:20:25.817968;[];0;-4447;353;15585;118;148;-140;-417;-387;1263;1;227;112;0
2018/10/02/14:20:25.830983;[];0;-4143;481;15553;194;120;4;-469;-369;1269;69;227;112;0
2018/10/02/14:20:25.842982;[];0;-4207;673;16433;336;150;322;-469;-369;1269;137;227;112;0
2018/10/02/14:20:25.855221;[];0;-3711;1489;15681;334;164;560;-469;-369;1269;205;227;112;0
2018/10/02/14:20:25.866966;[];0;-3663;1745;15681;518;104;756;-469;-339;1256;17;228;112;0
2018/10/02/14:20:25.883957;[];0;-3503;2065;15585;516;162;874;-469;-339;1256;102;228;112;0
2018/10/02/14:20:25.895982;[];0;-3103;2721;16065;466;140;938;-508;-345;1269;170;228;112;0
2018/10/02/14:20:25.907985;[];0;-2895;3841;15793;554;130;1010;-508;-345;1269;238;228;112;0
2018/10/02/14:20:25.920971;[];0;-3375;3729;16017;630;196;1000;-508;-345;1269;50;229;112;0
2018/10/02/14:20:25.936987;[];0;-3519;3345;16289;690;76;1176;-501;-267;1256;118;229;112;0
2018/10/02/14:20:25.948982;[];0;-3727;2753;16305;504;134;1172;-501;-267;1256;186;229;112;0
2018/10/02/14:20:25.961962;[];0;-3855;2737;15953;474;200;1400;-501;-243;1269;254;229;112;0
2018/10/02/14:20:25.973960;[];0;-3535;3777;16353;364;238;1688;-501;-243;1269;66;230;112;0
2018/10/02/14:20:25.989963;[];0;-3071;3793;15889;144;324;2178;-501;-243;1269;134;230;112;0
2018/10/02/14:20:26.002958;[];0;-2319;4129;16577;102;522;2270;-527;-171;1282;202;230;112;0
2018/10/02/14:20:26.014956;[];0;-1807;4065;15473;-124;230;2802;-527;-171;1282;14;231;112;0
2018/10/02/14:20:26.026968;[];0;-2191;3121;15681;-340;224;3242;-585;-159;1269;82;231;112;0
2018/10/02/14:20:26.043959;[];0;-687;2481;16273;-416;326;3608;-585;-159;1269;150;231;112;0
2018/10/02/14:20:26.055970;[];0;-623;2769;15697;-598;292;4064;-585;-159;1269;218;231;112;0
2018/10/02/14:20:26.067968;[];0;-527;3217;16033;-656;236;4516;-579;-87;1276;30;232;112;0
2018/10/02/14:20:26.079960;[];0;-1215;2673;16273;-718;340;4790;-579;-87;1276;115;232;112;0
2018/10/02/14:20:26.096982;[];0;1297;2433;15809;-656;370;5040;-637;-27;1276;183;232;112;0
2018/10/02/14:20:26.108998;[];0;3249;2945;15393;-610;252;5328;-637;-27;1276;251;232;112;0
2018/10/02/14:20:26.120988;[];0;5169;3297;15217;-428;230;5660;-637;-27;1276;63;233;112;0
2018/10/02/14:20:26.133961;[];0;6081;2753;15825;-446;188;6008;-637;45;1276;131;233;112;0
2018/10/02/14:20:26.145992;[];0;6369;3009;16385;-440;268;6256;-637;45;1276;199;233;112;0
2018/10/02/14:20:26.161987;[];0;6913;3793;15185;-558;376;6394;-611;147;1236;11;234;112;0
2018/10/02/14:20:26.174983;[];0;8257;2993;15297;-392;326;6560;-611;147;1236;79;234;112;0
2018/10/02/14:20:26.186992;[];0;7633;4625;15329;-618;456;6682;-611;147;1236;147;234;112;0
2018/10/02/14:20:26.198964;[];0;6417;6481;16337;-694;510;6728;-553;225;1236;215;234;112;0
2018/10/02/14:20:26.215969;[];0;7057;7281;15825;-626;594;6828;-553;225;1236;27;235;112;0
2018/10/02/14:20:26.227970;[];0;7665;6897;15457;-750;564;6696;-533;333;1236;95;235;112;0
2018/10/02/14:20:26.239965;[];0;8449;4817;13985;-884;556;6546;-533;333;1236;162;235;112;0
2018/10/02/14:20:26.251972;[];0;8721;3073;12897;-902;534;6274;-533;333;1236;230;235;112;0
2018/10/02/14:20:26.268998;[];0;9233;1489;13297;-978;324;6286;-449;405;1223;42;236;112;0
2018/10/02/14:20:26.280934;[];0;9393;1281;13921;-972;234;6330;-449;405;1223;127;236;112;0
2018/10/02/14:20:26.292997;[];0;9617;-111;16577;-1098;244;6390;-320;417;1250;195;236;112;0
2018/10/02/14:20:26.305974;[];0;9857;1121;14769;-804;-24;6504;-320;417;1250;7;237;112;0
2018/10/02/14:20:26.321971;[];0;9457;705;14849;-682;38;6604;-320;417;1250;75;237;112;0
2018/10/02/14:20:26.333963;[];0;9105;1233;15361;-592;38;6642;-216;459;1250;143;237;112;0
2018/10/02/14:20:26.346973;[];0;8705;2225;16081;-564;-26;6590;-216;459;1250;211;237;112;0
2018/10/02/14:20:26.358970;[];0;8337;2913;16945;-510;106;6584;-106;441;1223;23;238;112;0
2018/10/02/14:20:26.375005;[];0;7905;4625;18753;-676;194;6322;-106;441;1223;91;238;112;0
2018/10/02/14:20:26.387973;[];0;7537;3569;15393;-704;392;5988;-106;441;1223;159;238;112;0
2018/10/02/14:20:26.399971;[];0;7649;2273;18337;-698;608;5600;9;435;1256;227;238;112;0
2018/10/02/14:20:26.411992;[];0;7265;305;17201;-688;716;5102;9;435;1256;39;239;112;0
2018/10/02/14:20:26.428962;[];0;6401;-287;15681;-588;964;4622;67;405;1243;107;239;112;0
2018/10/02/14:20:26.440984;[];0;5489;-623;18257;-496;1022;4354;67;405;1243;175;239;112;0
2018/10/02/14:20:26.452991;[];0;2929;-735;16785;-232;1292;4174;67;405;1243;243;239;112;0
2018/10/02/14:20:26.465011;[];0;1185;-783;16401;18;1450;4004;113;369;1243;55;240;112;0
2018/10/02/14:20:26.477970;[];0;1649;625;16609;258;1360;3830;113;369;1243;123;240;112;0
2018/10/02/14:20:26.493963;[];0;369;801;13665;538;1358;3464;93;393;1315;208;240;112;0
2018/10/02/14:20:26.505971;[];0;-639;529;12833;642;1342;3130;93;393;1315;20;241;112;0
2018/10/02/14:20:26.519013;[];0;-1663;1329;13377;642;1190;2738;93;393;1315;88;241;112;0
2018/10/02/14:20:26.530966;[];0;-3119;433;11521;718;998;2296;93;417;1263;156;241;112;0
2018/10/02/14:20:26.546962;[];0;-2911;897;13121;738;866;1778;93;417;1263;224;241;112;0
2018/10/02/14:20:26.559969;[];0;-3135;1649;12529;680;870;1484;35;471;1269;36;242;112;0
2018/10/02/14:20:26.571970;[];0;-3775;1873;12785;796;646;1180;35;471;1269;104;242;112;0
2018/10/02/14:20:26.583963;[];0;-4223;2465;13553;914;370;1004;35;471;1269;172;242;112;0
2018/10/02/14:20:26.600988;[];0;-5519;1537;12033;770;80;668;48;477;1230;240;242;112;0
2018/10/02/14:20:26.612996;[];0;-7519;1953;13089;740;-142;546;48;477;1230;52;243;112;0
2018/10/02/14:20:26.624976;[];0;-7871;1873;12673;596;-212;180;61;555;1217;120;243;112;0
2018/10/02/14:20:26.636991;[];0;-7119;2529;13729;394;-546;-44;61;555;1217;188;243;112;0
2018/10/02/14:20:26.653986;[];0;-4463;2385;13265;438;-594;-298;61;555;1217;0;244;112;0
2018/10/02/14:20:26.665974;[];0;-3567;2129;12977;424;-812;-298;106;519;1263;68;244;112;0
2018/10/02/14:20:26.677981;[];0;-1007;1889;14033;302;-1018;-476;106;519;1263;153;244;112;0
2018/10/02/14:20:26.690969;[];0;209;1889;15121;388;-1160;-424;132;543;1203;221;244;112;0
2018/10/02/14:20:26.706954;[];0;1233;1425;15265;172;-1234;-472;132;543;1203;33;245;112;0
2018/10/02/14:20:26.718987;[];0;1713;785;16881;228;-1238;-504;132;543;1203;101;245;112;0
2018/10/02/14:20:26.731973;[];0;1617;513;16865;152;-1190;-548;177;579;1230;169;245;112;0
2018/10/02/14:20:26.743966;[];0;1713;-63;18049;-12;-990;-438;177;579;1230;254;245;112;0
2018/10/02/14:20:26.759988;[];0;1921;-847;18737;-134;-536;-400;203;537;1203;100;246;112;0
2018/10/02/14:20:26.772929;[];0;1985;-751;18689;-154;-350;-444;203;537;1203;151;246;112;0
2018/10/02/14:20:26.785073;[];0;1537;-927;19057;-204;38;-492;223;543;1164;219;246;112;0
2018/10/02/14:20:26.801001;[];0;1537;-703;19233;-374;-20;-568;223;543;1164;14;247;112;0
2018/10/02/14:20:26.813992;[];0;1585;-159;19105;-376;326;-436;223;543;1164;82;247;112;0
2018/10/02/14:20:26.825978;[];0;1233;-63;18305;-332;438;-758;229;525;1197;150;247;112;0
2018/10/02/14:20:26.837977;[];0;609;-799;17153;-392;488;-914;229;525;1197;218;247;112;0
2018/10/02/14:20:26.855106;[];0;-143;-1263;16913;-320;518;-1140;229;525;1197;30;248;112;0
2018/10/02/14:20:26.866996;[];0;-63;-543;16209;-356;476;-1324;152;519;1230;98;248;112;0
2018/10/02/14:20:26.878974;[];0;513;193;16545;-398;354;-1710;152;519;1230;166;248;112;0
2018/10/02/14:20:26.890969;[];0;689;1553;17201;-252;260;-1932;80;513;1250;234;248;112;0
2018/10/02/14:20:26.903968;[];0;833;2033;16961;-268;76;-2112;80;513;1250;46;249;112;0
2018/10/02/14:20:26.919979;[];0;369;497;16593;-98;-24;-2426;80;513;1250;114;249;112;0
2018/10/02/14:20:26.931971;[];0;-463;-1183;14945;32;12;-2626;48;555;1223;182;249;112;0
2018/10/02/14:20:26.944932;[];0;-927;-1071;14529;68;-124;-2938;48;555;1223;250;249;112;0
2018/10/02/14:20:26.957005;[];0;-671;-1135;15185;162;-152;-3074;3;549;1210;62;250;112;0
2018/10/02/14:20:26.972961;[];0;-1151;-303;15633;258;-244;-3182;3;549;1210;130;250;112;0
2018/10/02/14:20:26.985980;[];0;-543;289;16257;328;-468;-3474;3;549;1210;198;250;112;0
2018/10/02/14:20:26.997980;[];0;-415;1921;16401;440;-560;-3724;-106;543;1236;10;251;112;0
2018/10/02/14:20:27.009975;[];0;161;2113;15809;426;-650;-3996;-106;543;1236;95;251;112;0
2018/10/02/14:20:27.026981;[];0;1137;1937;15905;628;-636;-4396;-132;567;1230;163;251;112;0
2018/10/02/14:20:27.046981;[];0;1473;1057;16353;614;-690;-4426;-132;567;1230;248;251;112;0
2018/10/02/14:20:27.058983;[];0;2561;417;15937;770;-764;-4776;-184;543;1217;128;252;112;0
2018/10/02/14:20:27.071975;[];0;2897;993;16465;802;-722;-4938;-184;543;1217;179;252;112;0
2018/10/02/14:20:27.087979;[];0;2817;1169;16033;910;-676;-5082;-262;567;1184;230;252;112;0
2018/10/02/14:20:27.099976;[];0;2481;2129;17473;896;-566;-5070;-262;567;1184;42;253;112;0
2018/10/02/14:20:27.116995;[];0;2177;3585;16993;968;-612;-5224;-378;555;1203;144;253;112;0
2018/10/02/14:20:27.128992;[];0;2865;3521;16033;996;-592;-5322;-378;555;1203;229;253;112;0
2018/10/02/14:20:27.145012;[];0;4225;3825;14417;994;-636;-5506;-449;531;1184;58;254;112;0
2018/10/02/14:20:27.173977;[];0;4785;3329;14657;986;-718;-5592;-449;531;1184;211;254;112;0
2018/10/02/14:20:27.185979;[];0;4753;4145;14097;924;-866;-5452;-514;489;1190;6;255;112;0
2018/10/02/14:20:27.202974;[];0;4609;3089;14161;780;-898;-5434;-514;489;1190;57;255;112;0
2018/10/02/14:20:27.214997;[];0;4417;3249;16033;796;-890;-5392;-514;489;1190;142;255;112;0
2018/10/02/14:20:27.226994;[];0;3425;4737;15281;716;-1108;-5100;-618;417;1203;193;255;112;0
2018/10/02/14:20:27.240002;[];0;2881;4705;16353;556;-962;-5076;-618;417;1203;5;0;113;0
2018/10/02/14:20:27.251970;[];0;2881;3809;15313;542;-848;-4954;-644;351;1223;73;0;113;0
2018/10/02/14:20:27.268000;[];0;2913;3297;14721;258;-844;-4842;-644;351;1223;124;0;113;0
2018/10/02/14:20:27.285143;[];0;2081;2209;14769;-34;-784;-4626;-644;351;1223;226;0;113;0
2018/10/02/14:20:27.296997;[];0;2449;2241;14289;146;-760;-4690;-663;243;1263;38;1;113;0
2018/10/02/14:20:27.309000;[];0;2561;1441;14705;-4;-728;-4450;-663;243;1263;106;1;113;0
2018/10/02/14:20:27.321013;[];0;2161;1297;14065;-34;-666;-4398;-682;141;1263;174;1;113;0
2018/10/02/14:20:27.337996;[];0;2225;1953;14209;-22;-790;-4194;-682;141;1263;242;1;113;0
2018/10/02/14:20:27.349997;[];0;2417;2353;13665;-66;-914;-4050;-682;141;1263;54;2;113;0
2018/10/02/14:20:27.361983;[];0;1569;2305;13633;-18;-1080;-3936;-682;87;1263;122;2;113;0
2018/10/02/14:20:27.374978;[];0;1409;4257;14241;-128;-1104;-3538;-682;87;1263;190;2;113;0
2018/10/02/14:20:27.391000;[];0;497;4945;14817;-352;-1438;-3334;-624;-3;1309;2;3;113;0
2018/10/02/14:20:27.402997;[];0;-159;5073;14657;-590;-1146;-3272;-624;-3;1309;70;3;113;0
2018/10/02/14:20:27.415987;[];0;1137;4657;15457;-612;-1260;-3122;-624;-3;1309;138;3;113;0
2018/10/02/14:20:27.428006;[];0;1713;3489;13985;-750;-1212;-3262;-553;-93;1355;206;3;113;0
2018/10/02/14:20:27.443958;[];0;2497;1313;14097;-860;-1108;-3210;-553;-93;1355;18;4;113;0
2018/10/02/14:20:27.457001;[];0;4097;1505;14721;-778;-1022;-3240;-475;-189;1348;103;4;113;0
2018/10/02/14:20:27.469007;[];0;3937;1889;14081;-690;-1044;-3268;-475;-189;1348;171;4;113;0
2018/10/02/14:20:27.480990;[];0;3313;1841;14721;-546;-1046;-3040;-475;-189;1348;239;4;113;0
2018/10/02/14:20:27.517999;[];0;1921;801;16257;-618;-528;-1962;-313;-315;1407;221;5;113;0
2018/10/02/14:20:27.533980;[];0;2161;497;16209;-592;-576;-1868;-313;-315;1407;16;6;113;0
2018/10/02/14:20:27.550981;[];0;1601;-47;16081;-816;-296;-1298;-281;-375;1381;135;6;113;0
2018/10/02/14:20:27.566988;[];0;1777;-623;16913;-876;-166;-980;-281;-375;1381;186;6;113;0
2018/10/02/14:20:27.578990;[];0;1809;-367;16737;-824;-16;-590;-281;-375;1381;237;6;113;0
2018/10/02/14:20:27.591985;[];0;1425;129;16833;-992;88;-680;-249;-441;1342;32;7;113;0
2018/10/02/14:20:27.603976;[];0;737;449;16689;-706;368;-490;-249;-441;1342;117;7;113;0
2018/10/02/14:20:27.619985;[];0;193;513;16417;-492;512;-336;-255;-447;1309;185;7;113;0
2018/10/02/14:20:27.632992;[];0;-399;401;16865;-564;738;-260;-255;-447;1309;253;7;113;0
2018/10/02/14:20:27.645005;[];0;-479;1473;16081;-208;728;-294;-255;-447;1309;65;8;113;0
2018/10/02/14:20:27.656999;[];0;-47;1809;16289;-214;830;-218;-275;-453;1328;133;8;113;0
2018/10/02/14:20:27.674002;[];0;305;2033;15857;-124;730;-202;-275;-453;1328;201;8;113;0
2018/10/02/14:20:27.685984;[];0;177;1697;15457;-34;762;-50;-294;-483;1328;12;9;113;0
2018/10/02/14:20:27.697988;[];0;-271;849;15281;50;878;-148;-294;-483;1328;80;9;113;0
2018/10/02/14:20:27.710987;[];0;-607;97;14849;-54;736;22;-294;-483;1328;148;9;113;0
2018/10/02/14:20:27.726988;[];0;-1535;33;14657;90;762;92;-378;-471;1342;216;9;113;0
2018/10/02/14:20:27.738986;[];0;-2271;369;15377;24;678;284;-378;-471;1342;28;10;113;0
2018/10/02/14:20:27.750989;[];0;-2367;145;15105;172;686;286;-385;-459;1309;96;10;113;0
2018/10/02/14:20:27.763983;[];0;-2239;129;15809;148;542;604;-385;-459;1309;164;10;113;0
2018/10/02/14:20:27.779963;[];0;-1759;369;15521;48;488;806;-385;-459;1309;232;10;113;0
2018/10/02/14:20:27.791984;[];0;-1407;209;15793;18;520;994;-456;-489;1315;44;11;113;0
2018/10/02/14:20:27.805007;[];0;-1087;-271;16001;-104;338;1408;-456;-489;1315;129;11;113;0
2018/10/02/14:20:27.817009;[];0;-1567;-575;15505;-38;262;1706;-436;-471;1302;197;11;113;0
2018/10/02/14:20:27.828939;[];0;-1791;-911;16257;-116;336;2074;-436;-471;1302;9;12;113;0
2018/10/02/14:20:27.845995;[];0;-2351;-1711;15985;-152;200;2588;-436;-471;1302;77;12;113;0
2018/10/02/14:20:27.873968;[];0;-2847;-1695;15681;-176;238;3028;-540;-441;1335;145;12;113;0
2018/10/02/14:20:27.890977;[];0;-1887;-2447;16849;-162;204;3836;-585;-381;1250;59;13;113;0
2018/10/02/14:20:27.902989;[];0;-1359;-767;14705;-74;260;4312;-585;-381;1250;144;13;113;0
2018/10/02/14:20:27.915015;[];0;-639;-1135;15121;56;246;4780;-637;-315;1282;195;13;113;0
2018/10/02/14:20:27.927993;[];0;433;-1023;15553;182;284;4940;-637;-315;1282;246;13;113;0
2018/10/02/14:20:27.939983;[];0;3041;-1391;15377;22;168;5174;-637;-315;1282;75;14;113;0
2018/10/02/14:20:27.956012;[];0;3841;-1247;15377;-20;54;5412;-708;-195;1269;143;14;113;0
2018/10/02/14:20:27.969010;[];0;5041;-927;15393;36;96;5814;-708;-195;1269;211;14;113;0
2018/10/02/14:20:27.980995;[];0;5169;113;15745;-68;58;6188;-747;-63;1276;23;15;113;0
2018/10/02/14:20:27.992990;[];0;6257;289;15953;-62;32;6270;-747;-63;1276;91;15;113;0
2018/10/02/14:20:28.009995;[];0;6385;241;14961;-234;76;6344;-747;-63;1276;176;15;113;0
2018/10/02/14:20:28.058999;[];0;5953;3409;15457;-226;122;6128;-682;201;1256;175;16;113;0
2018/10/02/14:20:28.136017;[];0;6465;2033;16049;-728;-158;5902;-540;387;1296;208;17;113;0
2018/10/02/14:20:28.189998;[];0;5825;273;15905;-824;126;5766;-268;501;1256;121;19;113;0
2018/10/02/14:20:28.209995;[];0;5985;1649;15985;-814;30;5588;-203;507;1289;206;19;113;0
2018/10/02/14:20:28.222013;[];0;5905;1537;16497;-864;96;5352;-203;507;1289;18;20;113;0
2018/10/02/14:20:28.242994;[];0;5073;161;17841;-758;20;4824;-80;459;1269;120;20;113;0
2018/10/02/14:20:28.254987;[];0;5089;833;18065;-544;8;4686;-80;459;1269;188;20;113;0
2018/10/02/14:20:28.268008;[];0;4033;-63;16337;-524;14;4436;-80;459;1269;239;20;113;0
2018/10/02/14:20:28.279992;[];0;3809;-799;17537;-344;200;4180;-80;459;1269;34;21;113;0
2018/10/02/14:20:28.296000;[];0;2481;-1055;15969;-56;202;3932;35;483;1328;119;21;113;0
2018/10/02/14:20:28.307995;[];0;2017;-447;17665;184;462;3554;35;483;1328;187;21;113;0
2018/10/02/14:20:28.321008;[];0;1361;49;17313;352;440;3398;80;429;1335;255;21;113;0
2018/10/02/14:20:28.333002;[];0;305;721;14801;540;546;3010;80;429;1335;67;22;113;0
2018/10/02/14:20:28.348988;[];0;193;753;16145;816;698;2772;119;477;1282;135;22;113;0
2018/10/02/14:20:28.361997;[];0;-1007;1153;13521;908;614;2562;119;477;1282;203;22;113;0
2018/10/02/14:20:28.373991;[];0;-1887;721;14145;900;748;2162;119;477;1282;15;23;113;0
2018/10/02/14:20:28.385999;[];0;-2127;2529;16673;834;614;2002;106;471;1250;83;23;113;0
2018/10/02/14:20:28.398995;[];0;-3647;2801;13185;662;494;1408;106;471;1250;151;23;113;0
2018/10/02/14:20:28.415075;[];0;-3279;2417;15873;448;480;902;87;537;1282;219;23;113;0
2018/10/02/14:20:28.426999;[];0;-3023;3217;14241;360;272;326;87;537;1282;31;24;113;0
2018/10/02/14:20:28.440029;[];0;-3647;3121;13841;366;100;14;87;537;1282;99;24;113;0
2018/10/02/14:20:28.451990;[];0;-2383;2849;16033;290;36;-90;113;579;1302;167;24;113;0
2018/10/02/14:20:28.467996;[];0;-2063;2929;13745;386;-132;-232;113;579;1302;235;24;113;0
2018/10/02/14:20:28.481011;[];0;-1359;2113;15121;302;-274;-352;113;579;1302;47;25;113;0
2018/10/02/14:20:28.493014;[];0;-671;1185;15793;286;-276;-422;126;597;1230;132;25;113;0
2018/10/02/14:20:28.505049;[];0;-1199;257;14609;228;-336;-468;126;597;1230;200;25;113;0
2018/10/02/14:20:28.521016;[];0;-1039;-703;16785;108;-338;-452;113;585;1210;12;26;113;0
2018/10/02/14:20:28.533987;[];0;-1375;-1295;15857;22;-240;-394;113;585;1210;80;26;113;0
2018/10/02/14:20:28.546000;[];0;-799;-1167;15793;126;-250;-254;100;591;1243;148;26;113;0
2018/10/02/14:20:28.558000;[];0;-639;-1263;16929;-70;-180;-152;100;591;1243;216;26;113;0
2018/10/02/14:20:28.575095;[];0;-863;-991;15761;-8;-76;-244;100;591;1243;28;27;113;0
2018/10/02/14:20:28.587024;[];0;-431;-1087;17057;-168;16;-158;158;603;1230;96;27;113;0
2018/10/02/14:20:28.599020;[];0;-351;-1119;16209;-232;0;-114;158;603;1230;164;27;113;0
2018/10/02/14:20:28.612019;[];0;-495;-1871;16353;-270;76;-316;119;585;1243;232;27;113;0
2018/10/02/14:20:28.628003;[];0;-575;-1823;16689;-250;58;-202;119;585;1243;44;28;113;0
2018/10/02/14:20:28.640021;[];0;-591;-1663;16049;-204;132;52;119;585;1243;95;28;113;0
2018/10/02/14:20:28.653034;[];0;-367;-1535;16353;-50;170;-76;139;561;1223;180;28;113;0
2018/10/02/14:20:28.665076;[];0;-511;-1519;15841;10;214;42;139;561;1223;248;28;113;0
2018/10/02/14:20:28.677022;[];0;-751;-1551;15617;100;128;-110;139;561;1223;60;29;113;0
2018/10/02/14:20:28.693002;[];0;-1055;-1119;15985;32;136;32;93;573;1269;128;29;113;0
2018/10/02/14:20:28.706002;[];0;-1439;-671;16001;138;138;-58;93;573;1269;213;29;113;0
2018/10/02/14:20:28.717998;[];0;-1663;-191;15569;212;136;-278;87;567;1210;25;30;113;0
2018/10/02/14:20:28.729997;[];0;-1311;273;15713;72;186;-500;87;567;1210;93;30;113;0
2018/10/02/14:20:28.747005;[];0;-1311;673;15553;90;134;-498;80;573;1203;161;30;113;0
2018/10/02/14:20:28.759000;[];0;-1279;897;15969;54;64;-636;80;573;1203;229;30;113;0
2018/10/02/14:20:28.770998;[];0;-1615;609;15953;-206;44;-824;80;573;1203;41;31;113;0
2018/10/02/14:20:28.783996;[];0;-1375;449;15681;-134;-48;-1004;106;591;1256;109;31;113;0
2018/10/02/14:20:28.799999;[];0;-1055;113;16369;-362;-20;-1374;106;591;1256;177;31;113;0
2018/10/02/14:20:28.812006;[];0;-1119;241;15713;-342;-112;-1486;35;579;1302;245;31;113;0
2018/10/02/14:20:28.825092;[];0;-751;465;16177;-200;-18;-1646;35;579;1302;57;32;113;0
2018/10/02/14:20:28.837021;[];0;-831;113;15905;-196;38;-1782;35;579;1302;125;32;113;0
2018/10/02/14:20:28.853016;[];0;-687;-479;15649;-84;-62;-2026;-9;579;1256;193;32;113;0
2018/10/02/14:20:28.866006;[];0;-591;-991;15649;-102;-36;-2332;-9;579;1256;5;33;113;0
2018/10/02/14:20:28.878017;[];0;-927;-895;15441;108;30;-2398;-29;573;1256;73;33;113;0
2018/10/02/14:20:28.889997;[];0;-799;-399;15025;36;-2;-2614;-29;573;1256;141;33;113;0
2018/10/02/14:20:28.906008;[];0;-1023;-607;15201;192;-148;-2688;-29;573;1256;226;33;113;0
2018/10/02/14:20:28.919006;[];0;-1359;-1023;15409;206;-248;-2926;-74;579;1230;38;34;113;0
2018/10/02/14:20:28.931003;[];0;-1327;-1407;14657;316;-374;-2780;-74;579;1230;106;34;113;0
2018/10/02/14:20:28.942999;[];0;-783;-1615;14641;314;-264;-2838;-165;531;1263;174;34;113;0
2018/10/02/14:20:28.959998;[];0;-159;-2479;14081;318;-358;-2898;-165;531;1263;242;34;113;0
2018/10/02/14:20:28.971997;[];0;993;-1919;14769;320;-556;-2784;-165;531;1263;54;35;113;0
2018/10/02/14:20:28.983994;[];0;1681;-1999;14321;436;-512;-2746;-197;549;1230;122;35;113;0
2018/10/02/14:20:28.997023;[];0;2001;-1215;15265;464;-492;-2736;-197;549;1230;190;35;113;0
2018/10/02/14:20:29.009016;[];0;1585;-1167;15873;394;-498;-2766;-249;531;1269;2;36;113;0
2018/10/02/14:20:29.024963;[];0;1233;-1071;15681;394;-548;-2608;-249;531;1269;70;36;113;0
2018/10/02/14:20:29.038007;[];0;561;-911;16449;588;-416;-2584;-249;531;1269;138;36;113;0
2018/10/02/14:20:29.050001;[];0;1345;-495;16625;470;-474;-2410;-300;573;1256;206;36;113;0
2018/10/02/14:20:29.061996;[];0;1985;-623;15825;500;-386;-2254;-300;573;1256;18;37;113;0
2018/10/02/14:20:29.077975;[];0;2801;-223;16529;408;-150;-2416;-313;525;1269;86;37;113;0
2018/10/02/14:20:29.091002;[];0;3105;-223;16065;286;-162;-2448;-313;525;1269;154;37;113;0
2018/10/02/14:20:29.103000;[];0;2977;-111;15073;198;-50;-2486;-313;525;1269;239;37;113;0
2018/10/02/14:20:29.115059;[];0;2897;-495;15393;166;-24;-2494;-391;531;1243;51;38;113;0
2018/10/02/14:20:29.132027;[];0;2817;-383;14977;-36;-126;-2462;-391;531;1243;119;38;113;0
2018/10/02/14:20:29.143999;[];0;2401;33;14897;-46;-84;-2318;-443;513;1203;186;38;113;0
2018/10/02/14:20:29.156027;[];0;1777;449;15681;16;-22;-2414;-443;513;1203;254;38;113;0
2018/10/02/14:20:29.169028;[];0;849;257;15617;-206;-118;-2314;-443;513;1203;66;39;113;0
2018/10/02/14:20:29.185077;[];0;849;-783;15105;-62;-48;-2298;-456;495;1230;134;39;113;0
2018/10/02/14:20:29.197025;[];0;1089;-1839;15233;-204;-120;-2214;-456;495;1230;202;39;113;0
2018/10/02/14:20:29.210010;[];0;1089;-2559;14225;-102;-118;-2010;-514;423;1210;14;40;113;0
2018/10/02/14:20:29.222001;[];0;2049;-2591;14481;-54;-164;-1910;-514;423;1210;82;40;113;0
2018/10/02/14:20:29.237992;[];0;1569;-2207;15345;36;-242;-1784;-514;423;1210;150;40;113;0
2018/10/02/14:20:29.251004;[];0;1473;-1199;15441;70;-196;-1496;-527;417;1250;218;40;113;0
2018/10/02/14:20:29.263031;[];0;897;-911;16673;194;-180;-1284;-527;417;1250;47;41;113;0
2018/10/02/14:20:29.275208;[];0;689;-911;16193;192;-196;-1140;-521;369;1309;98;41;113;0
2018/10/02/14:20:29.287014;[];0;401;-927;16369;222;-230;-1004;-521;369;1309;149;41;113;0
2018/10/02/14:20:29.304003;[];0;609;-1007;16289;48;-80;-1044;-521;369;1309;217;41;113;0
2018/10/02/14:20:29.316013;[];0;705;-655;15905;12;16;-986;-540;321;1230;63;42;113;0
2018/10/02/14:20:29.328014;[];0;833;-383;16337;-88;36;-770;-540;321;1230;131;42;113;0
2018/10/02/14:20:29.340959;[];0;689;49;16417;-142;106;-694;-572;321;1217;199;42;113;0
2018/10/02/14:20:29.357038;[];0;913;561;15889;-180;132;-604;-572;321;1217;250;42;113;0
2018/10/02/14:20:29.369025;[];0;1361;225;16449;-258;130;-566;-598;303;1243;130;43;113;0
2018/10/02/14:20:29.386011;[];0;1681;369;16849;-142;164;-526;-598;303;1243;215;43;113;0
2018/10/02/14:20:29.402028;[];0;1057;273;16673;-360;162;-470;-592;309;1223;44;44;113;0
2018/10/02/14:20:29.414002;[];0;929;97;16721;-354;196;-558;-592;309;1223;95;44;113;0
2018/10/02/14:20:29.431007;[];0;577;-271;16273;-260;178;-526;-592;309;1223;146;44;113;0
2018/10/02/14:20:29.443024;[];0;977;-79;16369;-306;314;-472;-618;267;1230;197;44;113;0
2018/10/02/14:20:29.455060;[];0;689;753;16417;-328;322;-484;-618;267;1230;26;45;113;0
2018/10/02/14:20:29.468004;[];0;625;545;16321;-332;376;-504;-618;255;1217;128;45;113;0
2018/10/02/14:20:29.484001;[];0;161;769;16113;-312;374;-574;-618;255;1217;179;45;113;0
2018/10/02/14:20:29.496015;[];0;97;-79;15953;-340;318;-708;-618;255;1217;230;45;113;0
2018/10/02/14:20:29.508957;[];0;33;-815;15649;-380;318;-790;-682;201;1223;42;46;113;0
2018/10/02/14:20:29.521024;[];0;-143;-1519;15457;-334;230;-556;-682;201;1223;110;46;113;0
2018/10/02/14:20:29.537030;[];0;-207;-1551;15985;-238;50;-592;-682;201;1223;178;46;113;0
2018/10/02/14:20:29.549029;[];0;-655;-1839;15873;-148;138;-578;-689;177;1203;246;46;113;0
2018/10/02/14:20:29.562007;[];0;-831;-1167;15841;-164;100;-526;-689;177;1203;58;47;113;0
2018/10/02/14:20:29.574005;[];0;-895;-1263;15889;-164;-16;-456;-689;177;1203;109;47;113;0
2018/10/02/14:20:29.590008;[];0;-783;-815;16049;-96;-158;-368;-676;171;1276;194;47;113;0
2018/10/02/14:20:29.603007;[];0;-639;-1407;16225;-100;-120;-386;-676;171;1276;6;48;113;0
2018/10/02/14:20:29.615057;[];0;-255;-1487;16321;-130;-52;-280;-631;141;1256;74;48;113;0
2018/10/02/14:20:29.627015;[];0;-223;-1903;16193;-106;-26;-380;-631;141;1256;142;48;113;0
2018/10/02/14:20:29.644006;[];0;-239;-1823;15953;-112;16;-450;-644;123;1250;210;48;113;0
2018/10/02/14:20:29.656010;[];0;1;-1327;16273;60;-80;-468;-644;123;1250;39;49;113;0
2018/10/02/14:20:29.668015;[];0;-239;-1071;16529;100;94;-426;-644;123;1250;90;49;113;0
2018/10/02/14:20:29.681027;[];0;-383;-63;16321;50;74;-324;-708;123;1243;192;49;113;0
2018/10/02/14:20:29.697031;[];0;-159;-15;16593;-52;-48;-386;-708;123;1243;243;49;113;0
2018/10/02/14:20:29.709053;[];0;1;-287;16369;-6;142;-604;-669;129;1171;55;50;113;0
2018/10/02/14:20:29.722034;[];0;449;-575;16145;-104;138;-448;-669;129;1171;123;50;113;0
2018/10/02/14:20:29.734029;[];0;737;-847;16449;-68;76;-550;-669;129;1171;191;50;113;0
2018/10/02/14:20:29.746036;[];0;433;-495;15937;-86;104;-660;-663;117;1250;3;51;113;0
2018/10/02/14:20:29.762034;[];0;721;-1247;16673;-52;114;-750;-663;117;1250;71;51;113;0
2018/10/02/14:20:29.775110;[];0;-143;-1231;16081;-52;106;-828;-728;69;1217;173;51;113;0
2018/10/02/14:20:29.791009;[];0;-207;-863;15713;6;104;-730;-728;69;1217;224;51;113;0
2018/10/02/14:20:29.803013;[];0;-15;-1391;16321;62;50;-788;-728;69;1217;36;52;113;0
2018/10/02/14:20:29.816019;[];0;49;-1743;15553;-24;102;-888;-689;81;1243;104;52;113;0
2018/10/02/14:20:29.832014;[];0;65;-2127;15409;-26;102;-652;-689;81;1243;172;52;113;0
2018/10/02/14:20:29.844006;[];0;-31;-2559;15393;-8;-4;-676;-695;45;1223;240;52;113;0
2018/10/02/14:20:29.857035;[];0;-447;-2895;15105;-16;-182;-634;-695;45;1223;52;53;113;0
2018/10/02/14:20:29.869033;[];0;-575;-2815;15585;182;-120;-632;-695;45;1223;120;53;113;0
2018/10/02/14:20:29.885003;[];0;-671;-2703;15441;108;-234;-624;-702;33;1236;171;53;113;0
2018/10/02/14:20:29.898022;[];0;-271;-1775;16017;108;-168;-342;-702;33;1236;17;54;113;0
2018/10/02/14:20:29.910036;[];0;-111;-1631;16193;214;-324;-284;-715;21;1250;85;54;113;0
2018/10/02/14:20:29.922011;[];0;113;-1535;16321;134;-276;-174;-715;21;1250;153;54;113;0
2018/10/02/14:20:29.935202;[];0;17;-1615;16545;258;-8;-62;-715;21;1250;221;54;113;0
2018/10/02/14:20:29.951042;[];0;33;-1503;16465;56;-24;-30;-676;63;1203;33;55;113;0
2018/10/02/14:20:29.963033;[];0;257;-1295;16177;216;24;72;-676;63;1203;101;55;113;0
2018/10/02/14:20:29.975036;[];0;113;-1039;16369;124;0;88;-715;57;1230;169;55;113;0
2018/10/02/14:20:29.988021;[];0;353;-671;16289;88;-48;152;-715;57;1230;15;56;113;0
2018/10/02/14:20:30.004012;[];0;209;-319;15937;82;2;42;-656;69;1203;66;56;113;0
2018/10/02/14:20:30.016024;[];0;305;-95;16113;76;-12;90;-656;69;1203;117;56;113;0
2018/10/02/14:20:30.029035;[];0;337;-335;15521;-196;-6;182;-656;69;1203;185;56;113;0
2018/10/02/14:20:30.041044;[];0;97;-527;15713;-114;-86;102;-721;75;1263;253;56;113;0
2018/10/02/14:20:30.057050;[];0;417;-527;16097;-120;-32;6;-721;75;1263;65;57;113;0
2018/10/02/14:20:30.070038;[];0;241;-559;16065;-26;-24;160;-721;75;1263;133;57;113;0
2018/10/02/14:20:30.082017;[];0;193;-511;16321;-142;56;-4;-715;39;1243;201;57;113;0
2018/10/02/14:20:30.094012;[];0;177;-399;16225;-20;28;-22;-715;39;1243;30;58;113;0
2018/10/02/14:20:30.111042;[];0;17;-511;16001;-128;100;-30;-721;57;1203;98;58;113;0
2018/10/02/14:20:30.123035;[];0;225;-767;15921;-98;42;156;-721;57;1203;166;58;113;0
2018/10/02/14:20:30.135012;[];0;-95;-1295;16113;-174;60;-18;-663;69;1276;234;58;113;0
2018/10/02/14:20:30.147019;[];0;-111;-1439;15601;-106;56;-60;-663;69;1276;46;59;113;0
2018/10/02/14:20:30.164017;[];0;-175;-1759;15345;-72;-34;-152;-663;69;1276;114;59;113;0
2018/10/02/14:20:30.176044;[];0;-255;-1471;15617;-30;-6;-44;-695;45;1243;182;59;113;0
2018/10/02/14:20:30.188021;[];0;-415;-1375;15425;32;-56;6;-695;45;1243;250;59;113;0
2018/10/02/14:20:30.201049;[];0;-111;-831;15665;-34;-164;20;-695;45;1243;62;60;113;0
2018/10/02/14:20:30.217041;[];0;-143;-1231;15793;100;-216;-64;-721;21;1250;130;60;113;0
2018/10/02/14:20:30.229051;[];0;65;-1151;15985;112;-136;-58;-721;21;1250;198;60;113;0
2018/10/02/14:20:30.242040;[];0;465;-1135;15873;100;0;-16;-728;39;1230;10;61;113;0
2018/10/02/14:20:30.254036;[];0;337;-1055;16065;162;-36;-154;-728;39;1230;78;61;113;0
2018/10/02/14:20:30.266048;[];0;449;-959;15953;136;-88;-22;-728;39;1230;146;61;113;0
2018/10/02/14:20:30.283035;[];0;465;-879;15841;70;34;0;-695;15;1230;214;61;113;0
2018/10/02/14:20:30.295081;[];0;353;-783;16017;82;0;50;-695;15;1230;26;62;113;0
2018/10/02/14:20:30.307044;[];0;161;-751;16001;64;-4;-8;-689;69;1256;128;62;113;0
2018/10/02/14:20:30.320018;[];0;81;-879;16097;-8;-72;-92;-689;69;1256;179;62;113;0
2018/10/02/14:20:30.336043;[];0;305;-687;16065;24;72;26;-663;45;1236;247;62;113;0
2018/10/02/14:20:30.348043;[];0;161;-639;15937;24;-86;14;-663;45;1236;42;63;113;0
2018/10/02/14:20:30.360010;[];0;193;-815;15873;-32;14;-58;-663;45;1236;127;63;113;0
2018/10/02/14:20:30.373047;[];0;193;-879;16097;-86;-30;14;-702;75;1223;195;63;113;0
2018/10/02/14:20:30.389040;[];0;113;-751;16081;62;46;0;-702;75;1223;7;64;113;0
2018/10/02/14:20:30.401038;[];0;1;-1039;16049;32;-12;-80;-702;75;1223;75;64;113;0
2018/10/02/14:20:30.414018;[];0;49;-799;15745;-58;32;-74;-663;51;1250;143;64;113;0
2018/10/02/14:20:30.426025;[];0;81;-1007;15825;92;-14;-24;-663;51;1250;211;64;113;0
2018/10/02/14:20:30.442019;[];0;81;-1087;15649;-82;-36;62;-689;45;1250;23;65;113;0
2018/10/02/14:20:30.455027;[];0;113;-943;15937;-122;36;44;-689;45;1250;91;65;113;0
2018/10/02/14:20:30.467023;[];0;161;-1103;16081;-86;60;72;-689;45;1250;159;65;113;0
2018/10/02/14:20:30.479027;[];0;113;-543;15793;18;-48;-82;-689;75;1250;227;65;113;0
2018/10/02/14:20:30.496005;[];0;113;-911;15921;-36;-48;182;-689;75;1250;39;66;113;0
2018/10/02/14:20:30.508027;[];0;273;-895;16033;-44;-38;28;-695;51;1223;124;66;113;0
2018/10/02/14:20:30.520023;[];0;481;-1071;15937;-106;-8;-14;-695;51;1223;209;66;113;0
2018/10/02/14:20:30.532020;[];0;417;-1167;16001;-26;-26;56;-695;33;1236;4;67;113;0
2018/10/02/14:20:30.545167;[];0;289;-1183;15969;52;-70;-56;-695;33;1236;72;67;113;0
2018/10/02/14:20:30.561042;[];0;289;-1231;15857;18;74;-44;-695;33;1236;140;67;113;0
2018/10/02/14:20:30.573040;[];0;209;-1199;15761;-26;58;56;-708;33;1256;208;67;113;0
2018/10/02/14:20:30.586027;[];0;1;-1295;15649;-26;20;82;-708;33;1256;20;68;113;0
2018/10/02/14:20:30.598020;[];0;-127;-1167;15761;-66;94;-30;-708;33;1256;87;68;113;0
2018/10/02/14:20:30.614021;[];0;-127;-1247;15681;92;-34;-38;-669;57;1282;155;68;113;0
2018/10/02/14:20:30.627031;[];0;1;-975;15713;112;2;52;-669;57;1282;223;68;113;0
2018/10/02/14:20:30.639029;[];0;225;-799;15857;54;12;-32;-695;45;1223;35;69;113;0
2018/10/02/14:20:30.651031;[];0;65;-527;15857;28;-132;28;-695;45;1223;103;69;113;0
2018/10/02/14:20:30.668031;[];0;209;-799;16001;-52;-10;54;-695;45;1223;171;69;113;0
2018/10/02/14:20:30.680025;[];0;193;-1215;15905;-96;-110;-24;-682;57;1230;239;69;113;0
2018/10/02/14:20:30.692021;[];0;353;-1055;16177;-6;64;6;-682;57;1230;51;70;113;0
2018/10/02/14:20:30.705081;[];0;257;-879;16257;16;-38;50;-721;3;1217;136;70;113;0
2018/10/02/14:20:30.721054;[];0;177;-815;15793;-60;22;80;-721;3;1217;204;70;113;0
2018/10/02/14:20:30.733049;[];0;225;-927;15761;-44;6;14;-676;57;1243;16;71;113;0
2018/10/02/14:20:30.745032;[];0;17;-991;15745;-8;-10;10;-676;57;1243;84;71;113;0
2018/10/02/14:20:30.758051;[];0;65;-911;15697;-70;-74;84;-676;57;1243;135;71;113;0
2018/10/02/14:20:30.774019;[];0;-31;-1135;15649;-44;-124;168;-702;33;1250;220;71;113;0
2018/10/02/14:20:30.786049;[];0;33;-1055;15873;-16;28;-6;-702;33;1250;32;72;113;0
2018/10/02/14:20:30.799028;[];0;-95;-879;15569;-26;-2;28;-702;33;1250;100;72;113;0
2018/10/02/14:20:30.811025;[];0;49;-1055;15825;-42;-112;48;-663;33;1230;168;72;113;0
2018/10/02/14:20:30.826953;[];0;161;-991;15873;-80;-88;-66;-663;33;1230;236;72;113;0
2018/10/02/14:20:30.840030;[];0;161;-1023;15441;30;-160;-80;-644;27;1276;48;73;113;0
2018/10/02/14:20:30.852026;[];0;161;-975;15825;-2;-24;28;-644;27;1276;116;73;113;0
2018/10/02/14:20:30.864036;[];0;81;-1087;15857;34;-116;-24;-644;27;1276;184;73;113;0
2018/10/02/14:20:30.877049;[];0;113;-1087;15857;144;26;0;-663;21;1269;252;73;113;0
2018/10/02/14:20:30.893387;[];0;145;-1215;15889;18;-112;-12;-663;21;1269;64;74;113;0
2018/10/02/14:20:30.905137;[];0;385;-1055;15953;138;-106;-72;-663;57;1250;149;74;113;0
2018/10/02/14:20:30.917054;[];0;497;-751;16017;58;18;-172;-663;57;1250;217;74;113;0
2018/10/02/14:20:30.930022;[];0;497;-767;15809;0;62;18;-644;45;1217;29;75;113;0
2018/10/02/14:20:30.946033;[];0;321;-607;16081;190;-56;-72;-644;45;1217;97;75;113;0
2018/10/02/14:20:30.958035;[];0;385;-415;16065;10;-48;-78;-644;45;1217;165;75;113;0
2018/10/02/14:20:30.971025;[];0;321;-591;15937;80;-62;-134;-695;33;1263;233;75;113;0
2018/10/02/14:20:30.983023;[];0;353;-783;16017;76;-30;-36;-695;33;1263;45;76;113;0
2018/10/02/14:20:30.999032;[];0;289;-831;16033;-12;-108;-114;-695;33;1263;113;76;113;0
2018/10/02/14:20:31.012032;[];0;337;-959;16065;-40;-164;-64;-695;39;1296;181;76;113;0
2018/10/02/14:20:31.024026;[];0;417;-959;16065;20;-12;-54;-695;39;1296;249;76;113;0
2018/10/02/14:20:31.036035;[];0;449;-671;16129;56;18;-80;-631;45;1223;61;77;113;0
2018/10/02/14:20:31.053056;[];0;369;-847;16049;-20;-52;26;-631;45;1223;129;77;113;0
2018/10/02/14:20:31.065111;[];0;465;-1007;16145;-42;6;138;-631;45;1223;197;77;113;0
2018/10/02/14:20:31.077051;[];0;433;-1103;16209;12;18;4;-663;39;1263;9;78;113;0
2018/10/02/14:20:31.090038;[];0;497;-847;15793;18;-78;84;-663;39;1263;77;78;113;0
2018/10/02/14:20:31.106016;[];0;305;-847;16001;56;46;4;-644;39;1243;145;78;113;0
2018/10/02/14:20:31.118036;[];0;577;-607;16065;44;10;-38;-644;39;1243;230;78;113;0
2018/10/02/14:20:31.130028;[];0;385;-607;15777;-78;26;32;-663;51;1263;42;79;113;0
2018/10/02/14:20:31.143029;[];0;449;-943;16081;-74;22;-66;-663;51;1263;93;79;113;0
2018/10/02/14:20:31.155074;[];0;545;-1087;15953;-16;0;-26;-663;51;1263;178;79;113;0
2018/10/02/14:20:31.171031;[];0;417;-911;15777;76;24;-26;-682;27;1243;246;79;113;0
2018/10/02/14:20:31.184047;[];0;369;-991;15745;-138;-28;-16;-682;27;1243;58;80;113;0
2018/10/02/14:20:31.196038;[];0;321;-751;15857;-42;-60;102;-682;27;1243;126;80;113;0
2018/10/02/14:20:31.208029;[];0;433;-911;15633;-80;36;-36;-656;39;1197;194;80;113;0
2018/10/02/14:20:31.225094;[];0;401;-1055;15921;-68;-70;20;-656;39;1197;6;81;113;0
2018/10/02/14:20:31.237054;[];0;353;-1455;15729;-66;-76;14;-631;3;1256;74;81;113;0
2018/10/02/14:20:31.249048;[];0;273;-1311;15873;-116;54;-44;-631;3;1256;142;81;113;0
2018/10/02/14:20:31.262071;[];0;465;-927;15873;54;14;-76;-631;3;1256;210;81;113;0
2018/10/02/14:20:31.278036;[];0;289;-799;15777;-8;-4;-50;-644;33;1263;22;82;113;0
2018/10/02/14:20:31.290031;[];0;273;-927;15825;-24;0;84;-644;33;1263;90;82;113;0
2018/10/02/14:20:31.302032;[];0;193;-991;15809;90;-48;-56;-676;33;1256;158;82;113;0
2018/10/02/14:20:31.315115;[];0;321;-1071;15953;22;-96;-50;-676;33;1256;226;82;113;0
2018/10/02/14:20:31.331034;[];0;369;-911;15825;-12;22;-16;-708;39;1236;55;83;113;0
2018/10/02/14:20:31.343035;[];0;465;-911;16049;32;90;24;-708;39;1236;123;83;113;0
2018/10/02/14:20:31.356037;[];0;449;-863;15761;80;-34;-28;-708;39;1236;191;83;113;0
2018/10/02/14:20:31.368037;[];0;337;-847;15889;40;-94;-50;-669;39;1263;3;84;113;0
2018/10/02/14:20:31.384027;[];0;241;-703;15873;-72;8;70;-669;39;1263;71;84;113;0
2018/10/02/14:20:31.397055;[];0;353;-847;15969;100;-20;-34;-669;39;1263;139;84;113;0
2018/10/02/14:20:31.409032;[];0;433;-799;16017;2;40;94;-663;27;1263;207;84;113;0
2018/10/02/14:20:31.421049;[];0;305;-799;16001;-22;-42;28;-663;27;1263;19;85;113;0
2018/10/02/14:20:31.438018;[];0;385;-783;15777;-6;-38;42;-637;51;1243;87;85;113;0
2018/10/02/14:20:31.450036;[];0;289;-767;15825;-46;-2;140;-637;51;1243;155;85;113;0
2018/10/02/14:20:31.462030;[];0;113;-831;15889;0;86;-52;-637;51;1243;223;85;113;0
2018/10/02/14:20:31.475230;[];0;49;-847;16097;54;22;18;-676;63;1217;35;86;113;0
2018/10/02/14:20:31.487038;[];0;65;-927;15745;92;-70;46;-676;63;1217;103;86;113;0
2018/10/02/14:20:31.503034;[];0;305;-879;15489;36;2;84;-663;51;1263;171;86;113;0
2018/10/02/14:20:31.515071;[];0;337;-687;16033;28;-74;56;-663;51;1263;239;86;113;0
2018/10/02/14:20:31.528042;[];0;305;-335;15825;-16;-74;64;-669;51;1236;68;87;113;0
2018/10/02/14:20:31.540029;[];0;337;-447;15969;-98;-80;46;-669;51;1236;136;87;113;0
2018/10/02/14:20:31.556039;[];0;321;-655;15905;20;-28;154;-669;51;1236;204;87;113;0
2018/10/02/14:20:31.569053;[];0;385;-639;15921;120;-24;-4;-682;45;1243;16;88;113;0
2018/10/02/14:20:31.581050;[];0;657;-927;15921;36;70;4;-682;45;1243;84;88;113;0
2018/10/02/14:20:31.593070;[];0;609;-783;15969;38;-12;10;-656;21;1210;152;88;113;0
2018/10/02/14:20:31.610032;[];0;369;-719;16129;52;6;-78;-656;21;1210;220;88;113;0
2018/10/02/14:20:31.622034;[];0;433;-399;16081;8;84;-64;-656;21;1210;32;89;113;0
2018/10/02/14:20:31.634029;[];0;577;-607;16081;-86;24;10;-637;51;1217;100;89;113;0
2018/10/02/14:20:31.647043;[];0;225;-735;16321;28;22;-96;-637;51;1217;168;89;113;0
2018/10/02/14:20:31.663037;[];0;401;-559;16161;34;-54;-140;-637;51;1217;236;89;113;0
2018/10/02/14:20:31.675102;[];0;385;-895;16049;-72;-62;-80;-663;57;1256;48;90;113;0
2018/10/02/14:20:31.687043;[];0;433;-975;15905;58;-98;38;-663;57;1256;116;90;113;0
2018/10/02/14:20:31.700054;[];0;305;-895;15553;-40;-36;62;-695;33;1250;184;90;113;0
2018/10/02/14:20:31.716055;[];0;353;-751;15953;10;-102;90;-695;33;1250;252;90;113;0
