time,.header.seq,.header.stamp.secs,.header.stamp.nsecs,.header.frame_id,.child_frame_id,.transform.translation.x,.transform.translation.y,.transform.translation.z,.transform.rotation.x,.transform.rotation.y,.transform.rotation.z,.transform.rotation.w
2018/10/02/14:07:46.858665,67658,1538482066,842976468,/world,vicon/IMUframe/IMUframe,-0.266593003765,-0.0210423115751,1.48889849752,-0.0149296895316,-0.00106567158663,0.0417209705457,0.9990171817
2018/10/02/14:07:46.868487,67659,1538482066,852899367,/world,vicon/IMUframe/IMUframe,-0.266618852646,-0.0210582008326,1.48901751735,-0.0151578393002,-0.000943190049466,0.0416248717117,0.999017877896
2018/10/02/14:07:46.878807,67660,1538482066,862828483,/world,vicon/IMUframe/IMUframe,-0.266642225095,-0.0210911899446,1.48911806916,-0.015377447813,-0.000859978663469,0.0414699897349,0.99902103806
2018/10/02/14:07:46.888903,67661,1538482066,872919976,/world,vicon/IMUframe/IMUframe,-0.26665703409,-0.0211105649419,1.48922130815,-0.015493046545,-0.000799864995876,0.0413361164426,0.999024850142
2018/10/02/14:07:46.898918,67662,1538482066,882908661,/world,vicon/IMUframe/IMUframe,-0.266680010064,-0.0211504323651,1.48932622459,-0.0155589222306,-0.000764787626619,0.0412049900601,0.999029270759
2018/10/02/14:07:46.909140,67663,1538482066,893136366,/world,vicon/IMUframe/IMUframe,-0.266685941558,-0.0211995947177,1.48939842804,-0.0155588474114,-0.000777912001911,0.0410609532654,0.999035192191
2018/10/02/14:07:46.918533,67664,1538482066,902852588,/world,vicon/IMUframe/IMUframe,-0.266698084054,-0.021220452436,1.48947829154,-0.0155085845949,-0.000797596873707,0.0409637976507,0.999039946611
2018/10/02/14:07:46.928464,67665,1538482066,912838046,/world,vicon/IMUframe/IMUframe,-0.266705088022,-0.0212511092686,1.48955690437,-0.0154917476657,-0.000846407325203,0.0409021959217,0.999042691639
2018/10/02/14:07:46.938993,67666,1538482066,923030127,/world,vicon/IMUframe/IMUframe,-0.266712396005,-0.0212935202226,1.4896320542,-0.0154330630544,-0.000860778860888,0.0409303622985,0.999042434067
2018/10/02/14:07:46.949274,67667,1538482066,932970015,/world,vicon/IMUframe/IMUframe,-0.266735698137,-0.0213166648107,1.48970924122,-0.0154606697026,-0.000882578364551,0.0408920173514,0.999043558442
2018/10/02/14:07:46.958701,67668,1538482066,942881938,/world,vicon/IMUframe/IMUframe,-0.266717519849,-0.0212369620723,1.48981466988,-0.0154133063252,-0.000898965330143,0.0406313108143,0.99905491262
2018/10/02/14:07:46.968616,67669,1538482066,952828163,/world,vicon/IMUframe/IMUframe,-0.26676324375,-0.02124595682,1.48989673829,-0.015538042467,-0.000943865660502,0.0406697878449,0.999051373409
2018/10/02/14:07:46.979075,67670,1538482066,962986256,/world,vicon/IMUframe/IMUframe,-0.266803560387,-0.0212560079636,1.48998271315,-0.0157059320498,-0.000985225584261,0.0407859319302,0.999043973399
2018/10/02/14:07:46.989004,67671,1538482066,972909537,/world,vicon/IMUframe/IMUframe,-0.266855683013,-0.0212430460628,1.49004979061,-0.0158991412295,-0.0010657746557,0.0408147000089,0.999039659721
2018/10/02/14:07:46.999030,67672,1538482066,982893530,/world,vicon/IMUframe/IMUframe,-0.266964766787,-0.021340892805,1.49008732661,-0.0161891516763,-0.00115772537762,0.0412631911479,0.999016476389
2018/10/02/14:07:47.008695,67673,1538482066,992871906,/world,vicon/IMUframe/IMUframe,-0.267032543793,-0.0213257080728,1.49014186324,-0.016331682633,-0.00117835511396,0.0413438757514,0.999010796518
2018/10/02/14:07:47.019240,67674,1538482067,2990402,/world,vicon/IMUframe/IMUframe,-0.267091208729,-0.0213123929553,1.49018936228,-0.0164645264498,-0.00119826814522,0.0412833750356,0.999011094267
2018/10/02/14:07:47.028851,67675,1538482067,12963099,/world,vicon/IMUframe/IMUframe,-0.267165466085,-0.0213080441653,1.4902411213,-0.0165341599045,-0.00119915423399,0.0412989617252,0.999009298929
2018/10/02/14:07:47.039112,67676,1538482067,23006545,/world,vicon/IMUframe/IMUframe,-0.267226826377,-0.0212928001472,1.49028213966,-0.0165825380033,-0.00120025583513,0.041231333851,0.99901128919
2018/10/02/14:07:47.049012,67677,1538482067,32843904,/world,vicon/IMUframe/IMUframe,-0.267290123568,-0.0212836245513,1.49029930877,-0.0166041309873,-0.00117053378708,0.0411713142848,0.999013441133
2018/10/02/14:07:47.058885,67678,1538482067,42843746,/world,vicon/IMUframe/IMUframe,-0.267352039312,-0.0212632462873,1.49031394397,-0.0166172792572,-0.0011548241144,0.0410780921627,0.99901707831
2018/10/02/14:07:47.069448,67679,1538482067,53209651,/world,vicon/IMUframe/IMUframe,-0.267424833087,-0.0212387123093,1.49031603813,-0.0165792473323,-0.00112510201709,0.0410345172919,0.999019534891
2018/10/02/14:07:47.079155,67680,1538482067,62930581,/world,vicon/IMUframe/IMUframe,-0.267502627915,-0.0212188022854,1.49030570903,-0.016568809361,-0.00111141379721,0.0409761475643,0.999022119198
2018/10/02/14:07:47.089027,67681,1538482067,72895758,/world,vicon/IMUframe/IMUframe,-0.267576402819,-0.0212375066163,1.4902979166,-0.0165591334682,-0.00113915377506,0.0409828852683,0.999021972002
2018/10/02/14:07:47.098876,67682,1538482067,82855853,/world,vicon/IMUframe/IMUframe,-0.267627586179,-0.0211120624538,1.49032038363,-0.0164640272817,-0.00118092141575,0.0405584609945,0.999040816219
2018/10/02/14:07:47.109111,67683,1538482067,92968327,/world,vicon/IMUframe/IMUframe,-0.267748955446,-0.0212055842671,1.49028134615,-0.0165856698495,-0.00136296486708,0.0408201569426,0.999027913859
2018/10/02/14:07:47.119211,67684,1538482067,102933960,/world,vicon/IMUframe/IMUframe,-0.267815188993,-0.0212017664185,1.49026579056,-0.0166366537157,-0.00154647411495,0.0407851255722,0.999028229683
2018/10/02/14:07:47.129169,67685,1538482067,112904043,/world,vicon/IMUframe/IMUframe,-0.267891403861,-0.0212141084452,1.49024138976,-0.0166823463667,-0.00169952572703,0.0407516388896,0.999028585607
2018/10/02/14:07:47.138987,67686,1538482067,122890155,/world,vicon/IMUframe/IMUframe,-0.267950152982,-0.0212065753282,1.49021099913,-0.016736169477,-0.00188096613714,0.0407905950757,0.999025770414
2018/10/02/14:07:47.148932,67687,1538482067,132853847,/world,vicon/IMUframe/IMUframe,-0.26801526111,-0.0212106781049,1.49018329476,-0.0167803125011,-0.00199313322866,0.0408356128092,0.999022973339
2018/10/02/14:07:47.159294,67688,1538482067,143059040,/world,vicon/IMUframe/IMUframe,-0.268058331901,-0.0212150463972,1.49012782882,-0.016790489222,-0.00204545943657,0.0408851003943,0.999020672525
2018/10/02/14:07:47.169126,67689,1538482067,152941251,/world,vicon/IMUframe/IMUframe,-0.268085059589,-0.0212157526059,1.49008736078,-0.0167890789372,-0.00207314320463,0.0409525697632,0.999017875684
2018/10/02/14:07:47.179012,67690,1538482067,162916456,/world,vicon/IMUframe/IMUframe,-0.268120570488,-0.0212264982209,1.49004562049,-0.0167748314292,-0.00205413731384,0.0410073815279,0.999015905885
2018/10/02/14:07:47.189008,67691,1538482067,172869410,/world,vicon/IMUframe/IMUframe,-0.268128599602,-0.0212433834359,1.48999836126,-0.0166945707884,-0.00203700452066,0.0410537248922,0.999015382059
2018/10/02/14:07:47.199298,67692,1538482067,182953123,/world,vicon/IMUframe/IMUframe,-0.268115849276,-0.021265674489,1.48995167281,-0.016545624553,-0.00202652588672,0.0410969788003,0.99901610289
2018/10/02/14:07:47.209105,67693,1538482067,192960731,/world,vicon/IMUframe/IMUframe,-0.2681142723,-0.0212586571681,1.48991214655,-0.0163970958352,-0.00199636278157,0.0411528190534,0.999016313815
2018/10/02/14:07:47.219083,67694,1538482067,202927541,/world,vicon/IMUframe/IMUframe,-0.268090511356,-0.0212712102172,1.4898701274,-0.0162448277733,-0.00201679472084,0.0412427865291,0.999015050272
2018/10/02/14:07:47.229033,67695,1538482067,212856864,/world,vicon/IMUframe/IMUframe,-0.268064051946,-0.0212820183198,1.48982658471,-0.0161507422117,-0.00210225147204,0.0413815868337,0.999010659771
2018/10/02/14:07:47.238556,67696,1538482067,222931192,/world,vicon/IMUframe/IMUframe,-0.268032512702,-0.0212880003703,1.48978311027,-0.0161075729605,-0.00219656818737,0.0415379749295,0.999004663563
2018/10/02/14:07:47.250667,67697,1538482067,232988181,/world,vicon/IMUframe/IMUframe,-0.268006496995,-0.0212933276129,1.48974591376,-0.0161210797143,-0.00235508653529,0.0416703912188,0.998998569995
2018/10/02/14:07:47.259071,67698,1538482067,242885778,/world,vicon/IMUframe/IMUframe,-0.267976710714,-0.0213083568642,1.48971183396,-0.0161696266928,-0.00252063069683,0.0417980340292,0.99899204899
2018/10/02/14:07:47.269022,67699,1538482067,252843415,/world,vicon/IMUframe/IMUframe,-0.267908907802,-0.0213264132749,1.48966308498,-0.0161420547089,-0.00270938470719,0.0419382193064,0.998986125562
2018/10/02/14:07:47.278657,67700,1538482067,262826349,/world,vicon/IMUframe/IMUframe,-0.267858186685,-0.0213163395133,1.48963609059,-0.0160932313696,-0.00283658479725,0.0420434067255,0.9989821388
2018/10/02/14:07:47.289356,67701,1538482067,273044737,/world,vicon/IMUframe/IMUframe,-0.267798845414,-0.0212934864794,1.48962143757,-0.0159657233119,-0.00294355027551,0.0421733989062,0.99897839597
2018/10/02/14:07:47.298912,67702,1538482067,282959783,/world,vicon/IMUframe/IMUframe,-0.267738016767,-0.0213004296636,1.48959967385,-0.0158346302639,-0.00294510321499,0.0422864266121,0.998975699893
2018/10/02/14:07:47.308841,67703,1538482067,292878523,/world,vicon/IMUframe/IMUframe,-0.267695516798,-0.0212803779204,1.4895898351,-0.0156679391489,-0.0028952459366,0.0424959100088,0.998969584555
2018/10/02/14:07:47.318720,67704,1538482067,302888448,/world,vicon/IMUframe/IMUframe,-0.267635271216,-0.021280039779,1.48958576042,-0.0155594852865,-0.00285909848843,0.0426731448344,0.998963828516
2018/10/02/14:07:47.328888,67705,1538482067,312955042,/world,vicon/IMUframe/IMUframe,-0.267606549488,-0.0212607253422,1.48957380684,-0.0155626060521,-0.00280335575862,0.0428232918031,0.998957512694
2018/10/02/14:07:47.338917,67706,1538482067,322965460,/world,vicon/IMUframe/IMUframe,-0.267566351526,-0.0212456933312,1.48957727259,-0.0156052717291,-0.00280144343175,0.0429355191087,0.998952035189
2018/10/02/14:07:47.348798,67707,1538482067,332860376,/world,vicon/IMUframe/IMUframe,-0.267531990267,-0.0212184759296,1.48957407069,-0.0156985661599,-0.00283319304957,0.0430176575199,0.998946950133
2018/10/02/14:07:47.358739,67708,1538482067,342893866,/world,vicon/IMUframe/IMUframe,-0.267523725063,-0.0211734899869,1.48957316025,-0.0158060674897,-0.00291415199097,0.043087169035,0.998942026252
2018/10/02/14:07:47.368591,67709,1538482067,352974091,/world,vicon/IMUframe/IMUframe,-0.26751462878,-0.0211010305944,1.48955585439,-0.0159179663344,-0.00303757191008,0.0430441905846,0.998941734618
2018/10/02/14:07:47.378863,67710,1538482067,362916185,/world,vicon/IMUframe/IMUframe,-0.267542756393,-0.0210093620635,1.48953475643,-0.0160230995732,-0.0031431431017,0.0429693866266,0.998942947692
2018/10/02/14:07:47.388595,67711,1538482067,373031532,/world,vicon/IMUframe/IMUframe,-0.267571667733,-0.020953084217,1.48953596488,-0.0161806237743,-0.00323518089146,0.0428984666561,0.998943162836
2018/10/02/14:07:47.398771,67712,1538482067,382886827,/world,vicon/IMUframe/IMUframe,-0.267611534378,-0.020881994206,1.48952489492,-0.0163204433634,-0.00331348807772,0.042711646948,0.998948636888
2018/10/02/14:07:47.408811,67713,1538482067,392867587,/world,vicon/IMUframe/IMUframe,-0.267635719179,-0.0208303656766,1.48950434579,-0.0163842753872,-0.00339779463705,0.0425667941755,0.998953491683
2018/10/02/14:07:47.419034,67714,1538482067,402993080,/world,vicon/IMUframe/IMUframe,-0.267671774451,-0.0207649738981,1.48948098779,-0.0164113450961,-0.00347108581411,0.0423630133981,0.998961457921
2018/10/02/14:07:47.428743,67715,1538482067,412914900,/world,vicon/IMUframe/IMUframe,-0.267686612176,-0.0207185081594,1.48946201727,-0.0163509264066,-0.00350652414831,0.0421896389004,0.998969662134
2018/10/02/14:07:47.438489,67716,1538482067,422878635,/world,vicon/IMUframe/IMUframe,-0.267723515216,-0.0206676503553,1.48944481227,-0.0162455114023,-0.00351670951937,0.0420594400684,0.998976836375
2018/10/02/14:07:47.448498,67717,1538482067,432882333,/world,vicon/IMUframe/IMUframe,-0.267713858934,-0.0205077255241,1.48946146638,-0.0160386366686,-0.00343526156144,0.0415862910696,0.999000271024
2018/10/02/14:07:47.458705,67718,1538482067,442972095,/world,vicon/IMUframe/IMUframe,-0.267754093151,-0.0204887269675,1.48945655225,-0.015979602929,-0.00339656790948,0.0415283111304,0.99900376125
2018/10/02/14:07:47.468742,67719,1538482067,452925722,/world,vicon/IMUframe/IMUframe,-0.267827750279,-0.0205963740166,1.48943412959,-0.0160437382479,-0.00338175400956,0.0419463734145,0.99898531719
2018/10/02/14:07:47.478715,67720,1538482067,462910085,/world,vicon/IMUframe/IMUframe,-0.267855166206,-0.0206023689877,1.48944559973,-0.0160394427917,-0.00332813284126,0.0420229340254,0.998982348604
2018/10/02/14:07:47.488545,67721,1538482067,472853260,/world,vicon/IMUframe/IMUframe,-0.267889757016,-0.0206244818346,1.48945002512,-0.0160564940601,-0.00328695796227,0.0421397353936,0.998977290836
2018/10/02/14:07:47.498866,67722,1538482067,483012737,/world,vicon/IMUframe/IMUframe,-0.267915541873,-0.0206359640282,1.48945677559,-0.0160359797583,-0.00327989519524,0.0422369407725,0.998973538426
2018/10/02/14:07:47.509236,67723,1538482067,492920342,/world,vicon/IMUframe/IMUframe,-0.267937313425,-0.0206330856153,1.48947007704,-0.0159784384175,-0.00328739141783,0.0423424553125,0.998969969039
2018/10/02/14:07:47.519040,67724,1538482067,502881479,/world,vicon/IMUframe/IMUframe,-0.267958565689,-0.0206401036131,1.48948358237,-0.0158978425114,-0.00330179131675,0.0424032086191,0.998968630477
2018/10/02/14:07:47.528739,67725,1538482067,512885027,/world,vicon/IMUframe/IMUframe,-0.267974957721,-0.020631151724,1.48949107131,-0.0157797695064,-0.00329055343751,0.0424366818424,0.998969118225
2018/10/02/14:07:47.538812,67726,1538482067,522832505,/world,vicon/IMUframe/IMUframe,-0.267976376981,-0.0206071058844,1.48957295006,-0.0155922343775,-0.00330043414403,0.0424530835896,0.99897133345
2018/10/02/14:07:47.549004,67727,1538482067,532894688,/world,vicon/IMUframe/IMUframe,-0.268000784351,-0.0205948731634,1.48958099342,-0.0155148919198,-0.00324368023984,0.0424279252429,0.998973792362
2018/10/02/14:07:47.558963,67728,1538482067,542883169,/world,vicon/IMUframe/IMUframe,-0.268021828225,-0.0205869125315,1.48954415457,-0.0155085136536,-0.00317277774691,0.0424160676655,0.998974622645
2018/10/02/14:07:47.568587,67729,1538482067,552905192,/world,vicon/IMUframe/IMUframe,-0.268009186593,-0.0205531865179,1.48957873373,-0.0154585730482,-0.00311717064888,0.0423489635105,0.998978418714
2018/10/02/14:07:47.578586,67730,1538482067,562868472,/world,vicon/IMUframe/IMUframe,-0.267988917606,-0.0204965269783,1.48962289316,-0.0154516455462,-0.00304007610082,0.0422970303728,0.998980963687
2018/10/02/14:07:47.588847,67731,1538482067,573107846,/world,vicon/IMUframe/IMUframe,-0.267949952507,-0.0204451678087,1.48968499935,-0.0154983833125,-0.00292605900473,0.0422086645315,0.998984317661
2018/10/02/14:07:47.598653,67732,1538482067,582900172,/world,vicon/IMUframe/IMUframe,-0.267935760861,-0.0203836547875,1.48976247531,-0.0155638546434,-0.00272023552634,0.0421812701757,0.998985038523
2018/10/02/14:07:47.608458,67733,1538482067,592876246,/world,vicon/IMUframe/IMUframe,-0.267897124754,-0.0203376400841,1.48984604477,-0.0157238120367,-0.00251936895708,0.0421134808036,0.998985920446
2018/10/02/14:07:47.618749,67734,1538482067,602874460,/world,vicon/IMUframe/IMUframe,-0.267880680688,-0.0202606162327,1.48994865524,-0.0158744619263,-0.00229783281952,0.0420082486258,0.998988502672
2018/10/02/14:07:47.628783,67735,1538482067,612979685,/world,vicon/IMUframe/IMUframe,-0.267872341967,-0.0201900383268,1.49004323486,-0.0160725205385,-0.00205789500574,0.0419196086832,0.998989582308
2018/10/02/14:07:47.638954,67736,1538482067,622890171,/world,vicon/IMUframe/IMUframe,-0.267864711687,-0.0201297823988,1.49014819966,-0.0162658701872,-0.00177536548082,0.0417785538735,0.998992903869
2018/10/02/14:07:47.648982,67737,1538482067,632915311,/world,vicon/IMUframe/IMUframe,-0.267879608875,-0.020058230224,1.49027287153,-0.0164699398305,-0.00146299673394,0.0415958328538,0.998997691395
2018/10/02/14:07:47.658827,67738,1538482067,642814804,/world,vicon/IMUframe/IMUframe,-0.267874475979,-0.0200030172448,1.49037610682,-0.0167109045991,-0.00115455421552,0.0414318322799,0.999000908881
2018/10/02/14:07:47.668655,67739,1538482067,652816149,/world,vicon/IMUframe/IMUframe,-0.267882337061,-0.019947387117,1.49049613914,-0.0168945794735,-0.000873253352204,0.0412847122754,0.99900419576
2018/10/02/14:07:47.681146,67740,1538482067,662924535,/world,vicon/IMUframe/IMUframe,-0.26787206369,-0.0199210599563,1.4905808445,-0.0170763921494,-0.000696251670786,0.0411718206581,0.999005902509
2018/10/02/14:07:47.688861,67741,1538482067,672918305,/world,vicon/IMUframe/IMUframe,-0.26788377703,-0.0198800058624,1.49066690765,-0.0172319515321,-0.000546605215485,0.0410534431713,0.999008196099
2018/10/02/14:07:47.698910,67742,1538482067,682849813,/world,vicon/IMUframe/IMUframe,-0.267889912514,-0.0198708295741,1.49074080847,-0.0173660706998,-0.000480677441389,0.0409852683936,0.999008706825
2018/10/02/14:07:47.708730,67743,1538482067,692836252,/world,vicon/IMUframe/IMUframe,-0.267897714223,-0.0198565459092,1.4908154968,-0.0175034785461,-0.000428023979505,0.040910323805,0.999009404581
2018/10/02/14:07:47.719049,67744,1538482067,702912840,/world,vicon/IMUframe/IMUframe,-0.267889846211,-0.0198651070878,1.49087876032,-0.0175646936246,-0.000430815852087,0.04096041237,0.999006276534
2018/10/02/14:07:47.728972,67745,1538482067,712879404,/world,vicon/IMUframe/IMUframe,-0.267880187844,-0.0198753325373,1.49094856766,-0.0176156095008,-0.000495556275187,0.0410064226215,0.999003462471
2018/10/02/14:07:47.738899,67746,1538482067,722895073,/world,vicon/IMUframe/IMUframe,-0.267864263835,-0.0199050408596,1.49098945815,-0.0176544241324,-0.000552374340028,0.0411392417973,0.998997286771
2018/10/02/14:07:47.749042,67747,1538482067,732860588,/world,vicon/IMUframe/IMUframe,-0.267852179185,-0.0199599272995,1.49103953241,-0.0176575420214,-0.000666741415791,0.0412750733802,0.998991559015
2018/10/02/14:07:47.758935,67748,1538482067,742853149,/world,vicon/IMUframe/IMUframe,-0.267844934553,-0.0200031021994,1.49109674949,-0.0176556307033,-0.000791918584809,0.0414633120551,0.998983706235
2018/10/02/14:07:47.769863,67749,1538482067,753139594,/world,vicon/IMUframe/IMUframe,-0.267850894721,-0.0200730944407,1.49112586762,-0.0176517943353,-0.000909869828457,0.0416274652204,0.998976846795
2018/10/02/14:07:47.778899,67750,1538482067,762881518,/world,vicon/IMUframe/IMUframe,-0.267856747072,-0.0201263095587,1.49114094993,-0.0176146750724,-0.0010482247658,0.0417732083279,0.998971282627
2018/10/02/14:07:47.788782,67751,1538482067,772874154,/world,vicon/IMUframe/IMUframe,-0.267874028473,-0.0201774654044,1.4911485849,-0.0175724891466,-0.00117087983868,0.0418232645817,0.998969794941
2018/10/02/14:07:47.798643,67752,1538482067,782831040,/world,vicon/IMUframe/IMUframe,-0.267885763122,-0.0202452617865,1.49113954789,-0.0174909724329,-0.00130167766031,0.0418486985649,0.998969998522
2018/10/02/14:07:47.808848,67753,1538482067,792944663,/world,vicon/IMUframe/IMUframe,-0.2678934859,-0.0203184286982,1.49113858184,-0.0173590978504,-0.00146100737845,0.041846770025,0.998972159281
2018/10/02/14:07:47.818895,67754,1538482067,802941702,/world,vicon/IMUframe/IMUframe,-0.267908510667,-0.020360379073,1.49110786778,-0.0172058659526,-0.00160407498565,0.0418204054611,0.998975694803
2018/10/02/14:07:47.828748,67755,1538482067,812910265,/world,vicon/IMUframe/IMUframe,-0.267925924754,-0.0204166467782,1.49107652864,-0.0170464896987,-0.00175156233334,0.0417596670088,0.998980720249
2018/10/02/14:07:47.838626,67756,1538482067,822883475,/world,vicon/IMUframe/IMUframe,-0.267938510415,-0.0204886918621,1.49105722713,-0.0169885123673,-0.00185869046546,0.0417039282544,0.998983842755
2018/10/02/14:07:47.848650,67757,1538482067,832845092,/world,vicon/IMUframe/IMUframe,-0.267938741164,-0.0205730229768,1.49102892685,-0.0169385490151,-0.00198273348206,0.0417124438631,0.998984097147
2018/10/02/14:07:47.859002,67758,1538482067,842980433,/world,vicon/IMUframe/IMUframe,-0.267920390117,-0.0206782900331,1.49102182039,-0.0169383410654,-0.00205434794774,0.0417508944971,0.998982349727
2018/10/02/14:07:47.869194,67759,1538482067,852961142,/world,vicon/IMUframe/IMUframe,-0.267918985038,-0.0207545185288,1.49103356711,-0.0169927433907,-0.0020427440091,0.0417676867605,0.998980747668
2018/10/02/14:07:47.878825,67760,1538482067,862865106,/world,vicon/IMUframe/IMUframe,-0.267916441269,-0.0208667026883,1.49102818524,-0.0170746899401,-0.00191728399626,0.0418284780386,0.998977055498
2018/10/02/14:07:47.889045,67761,1538482067,872874784,/world,vicon/IMUframe/IMUframe,-0.267917930928,-0.0209805007952,1.49102981325,-0.0171999243095,-0.00171957112684,0.0419262485615,0.998971168433
2018/10/02/14:07:47.899134,67762,1538482067,883087399,/world,vicon/IMUframe/IMUframe,-0.267918681854,-0.0210936413653,1.49103788078,-0.0173239771071,-0.00149865450106,0.0419729260768,0.998967420554
2018/10/02/14:07:47.908765,67763,1538482067,892960172,/world,vicon/IMUframe/IMUframe,-0.267914979853,-0.0212063558636,1.49106478025,-0.0174314949437,-0.00123987490552,0.0420645383189,0.998962051487
2018/10/02/14:07:47.918443,67764,1538482067,902873502,/world,vicon/IMUframe/IMUframe,-0.267932385621,-0.0213234254624,1.49109078503,-0.0175709745684,-0.000984065128728,0.0421205262494,0.9989575335
2018/10/02/14:07:47.928550,67765,1538482067,912844341,/world,vicon/IMUframe/IMUframe,-0.267934708843,-0.0214389726411,1.49110457826,-0.0176118288942,-0.000818703579069,0.0421625332383,0.998955191186
2018/10/02/14:07:47.938985,67766,1538482067,922935006,/world,vicon/IMUframe/IMUframe,-0.267951638015,-0.0215174647923,1.49111727244,-0.0176488575345,-0.000704673204094,0.0421404367451,0.998955556997
2018/10/02/14:07:47.948879,67767,1538482067,932911348,/world,vicon/IMUframe/IMUframe,-0.267959624383,-0.021594694423,1.49113286737,-0.0176082274805,-0.000723119618199,0.0421136965967,0.998957388472
2018/10/02/14:07:47.958631,67768,1538482067,942858611,/world,vicon/IMUframe/IMUframe,-0.267986956361,-0.0216478634345,1.49113693724,-0.0175878720946,-0.000739404376121,0.0420566401652,0.998960138872
2018/10/02/14:07:47.968878,67769,1538482067,952854809,/world,vicon/IMUframe/IMUframe,-0.268016535599,-0.0217025585852,1.49116329206,-0.0175383615096,-0.000778818057544,0.042059468157,0.998960860323
2018/10/02/14:07:47.978452,67770,1538482067,962861462,/world,vicon/IMUframe/IMUframe,-0.268072623511,-0.0217301615767,1.49120152031,-0.0175508176823,-0.000818148755793,0.0419847138446,0.998963754715
2018/10/02/14:07:47.989290,67771,1538482067,972988615,/world,vicon/IMUframe/IMUframe,-0.26813402043,-0.0217699564061,1.49123366176,-0.0176503230162,-0.000873172799504,0.0419495936841,0.99896343039
2018/10/02/14:07:47.998944,67772,1538482067,982889392,/world,vicon/IMUframe/IMUframe,-0.268182121054,-0.0218143120488,1.49129575009,-0.017804345945,-0.000924591199284,0.0419053287503,0.998962508715
2018/10/02/14:07:48.008826,67773,1538482067,992889105,/world,vicon/IMUframe/IMUframe,-0.268251725051,-0.0218586132984,1.49135448795,-0.0180295295314,-0.000949201962066,0.0419378185809,0.998957083389
2018/10/02/14:07:48.018892,67774,1538482068,2837770,/world,vicon/IMUframe/IMUframe,-0.268308026909,-0.0218988395645,1.49142268574,-0.0182754343126,-0.000969191845113,0.0419505701893,0.998952060326
2018/10/02/14:07:48.028802,67775,1538482068,12924572,/world,vicon/IMUframe/IMUframe,-0.268353565538,-0.0219437120618,1.49150644492,-0.0185293482517,-0.000950622605671,0.0419899505763,0.998945746085
2018/10/02/14:07:48.038759,67776,1538482068,22870786,/world,vicon/IMUframe/IMUframe,-0.268349517088,-0.0218818148149,1.49161623026,-0.0186598097929,-0.000851847567736,0.041697642613,0.998955650895
2018/10/02/14:07:48.048652,67777,1538482068,32972215,/world,vicon/IMUframe/IMUframe,-0.268378358315,-0.0219394305696,1.49168914639,-0.0188959812813,-0.000731892247093,0.0417890023838,0.998947488863
2018/10/02/14:07:48.058896,67778,1538482068,42886730,/world,vicon/IMUframe/IMUframe,-0.268467423445,-0.022088727074,1.49175294498,-0.0192283664811,-0.000612867080092,0.0421888961924,0.998924417238
2018/10/02/14:07:48.068670,67779,1538482068,52880955,/world,vicon/IMUframe/IMUframe,-0.268473230179,-0.0220340531292,1.49186914171,-0.0192575591307,-0.000374513140271,0.0418339645555,0.998938899816
2018/10/02/14:07:48.079104,67780,1538482068,62969007,/world,vicon/IMUframe/IMUframe,-0.268554505299,-0.0221883166214,1.49192280046,-0.019432847933,-0.000237504466766,0.0422280640716,0.99891896499
2018/10/02/14:07:48.088799,67781,1538482068,72875317,/world,vicon/IMUframe/IMUframe,-0.268585329141,-0.0221218542197,1.49203212763,-0.0194075898688,-2.75798525429e-05,0.0418486582295,0.998935450617
2018/10/02/14:07:48.098594,67782,1538482068,82849418,/world,vicon/IMUframe/IMUframe,-0.268676552926,-0.0222741087724,1.49207698391,-0.019547070048,3.07807235488e-05,0.0422400557369,0.998916257149
2018/10/02/14:07:48.108477,67783,1538482068,92851126,/world,vicon/IMUframe/IMUframe,-0.268750932164,-0.022308175588,1.49214785469,-0.0196250594769,7.44121768536e-05,0.0422410815688,0.998914682308
2018/10/02/14:07:48.118522,67784,1538482068,102926436,/world,vicon/IMUframe/IMUframe,-0.26883914785,-0.0223240461933,1.49221548375,-0.0197130042568,1.63563511279e-05,0.0422740719017,0.998911557667
2018/10/02/14:07:48.128683,67785,1538482068,112935150,/world,vicon/IMUframe/IMUframe,-0.268922171818,-0.0223638165189,1.49224130942,-0.0198569420901,-9.42393179551e-05,0.0423481344841,0.998905565344
2018/10/02/14:07:48.138478,67786,1538482068,123033861,/world,vicon/IMUframe/IMUframe,-0.268994769366,-0.0223889422796,1.49227100827,-0.0200216401232,-0.000256188785666,0.0424377658208,0.998898445452
2018/10/02/14:07:48.148477,67787,1538482068,132866292,/world,vicon/IMUframe/IMUframe,-0.269057612643,-0.0224181484846,1.49226847141,-0.0202006607334,-0.000510879716774,0.0424838755437,0.998892783349
2018/10/02/14:07:48.158302,67788,1538482068,142799328,/world,vicon/IMUframe/IMUframe,-0.269105896625,-0.0224656938913,1.49225131451,-0.0202899632388,-0.000770642097556,0.0425763826373,0.998886868041
2018/10/02/14:07:48.167389,67789,1538482068,152954054,/world,vicon/IMUframe/IMUframe,-0.269164821086,-0.0224974352839,1.4922051425,-0.0203722644161,-0.00104153367905,0.0425603439385,0.998885630678
2018/10/02/14:07:48.177332,67790,1538482068,162865024,/world,vicon/IMUframe/IMUframe,-0.269208673271,-0.0225366722466,1.49215392715,-0.0203301327039,-0.00125189574733,0.0425644334802,0.998886073316
2018/10/02/14:07:48.187355,67791,1538482068,172869916,/world,vicon/IMUframe/IMUframe,-0.26925443028,-0.0225825665503,1.49208373005,-0.0202211737254,-0.00140303874665,0.0425553162418,0.998888472591
2018/10/02/14:07:48.196993,67792,1538482068,182842175,/world,vicon/IMUframe/IMUframe,-0.26928360396,-0.0226547008067,1.49201286388,-0.0200349387352,-0.00147383372056,0.0425666669138,0.998891639725
2018/10/02/14:07:48.207317,67793,1538482068,193022848,/world,vicon/IMUframe/IMUframe,-0.269307263819,-0.0227149153503,1.49191266912,-0.019787090206,-0.00147680450775,0.0425595656996,0.9988968783
2018/10/02/14:07:48.217325,67794,1538482068,202849960,/world,vicon/IMUframe/IMUframe,-0.269346382075,-0.0227712570659,1.49182329976,-0.019538684071,-0.00146987190697,0.0425807220261,0.99890087667
2018/10/02/14:07:48.227411,67795,1538482068,212850116,/world,vicon/IMUframe/IMUframe,-0.269377476787,-0.0228401600139,1.49171551814,-0.0192764897628,-0.0014328378174,0.0425677172361,0.998906578899
2018/10/02/14:07:48.237276,67796,1538482068,222875634,/world,vicon/IMUframe/IMUframe,-0.269405003607,-0.0229071956427,1.49157552827,-0.0190564016436,-0.00143090018093,0.0425733768568,0.998910563396
2018/10/02/14:07:48.247108,67797,1538482068,232860731,/world,vicon/IMUframe/IMUframe,-0.269417043532,-0.0229640001511,1.4914428756,-0.0188612402445,-0.00150373625067,0.0425612309007,0.998914678047
2018/10/02/14:07:48.257591,67798,1538482068,242878242,/world,vicon/IMUframe/IMUframe,-0.269432890017,-0.0230227416149,1.49130740043,-0.0187447506779,-0.00154217246849,0.0426157226235,0.998914488939
2018/10/02/14:07:48.267233,67799,1538482068,252884140,/world,vicon/IMUframe/IMUframe,-0.269452816192,-0.0230905775538,1.49114720376,-0.0186282852807,-0.00165710304959,0.0426065644004,0.998916874253
2018/10/02/14:07:48.277397,67800,1538482068,262933786,/world,vicon/IMUframe/IMUframe,-0.269466588652,-0.0231452271565,1.49099807173,-0.0185527902662,-0.00177151721069,0.0426265748346,0.998917229213
2018/10/02/14:07:48.287344,67801,1538482068,272865969,/world,vicon/IMUframe/IMUframe,-0.269493038435,-0.0231970246396,1.49083537118,-0.0185108792443,-0.00188518091749,0.0426739968726,0.998915773944
2018/10/02/14:07:48.297268,67802,1538482068,282912518,/world,vicon/IMUframe/IMUframe,-0.269509820088,-0.0232456025394,1.490679219,-0.0184620787109,-0.00199669531197,0.0427294837753,0.998914088435
2018/10/02/14:07:48.307482,67803,1538482068,292970310,/world,vicon/IMUframe/IMUframe,-0.269533118336,-0.0232778511839,1.49052833103,-0.018430928123,-0.00208554613417,0.0427371671477,0.998914153434
2018/10/02/14:07:48.318067,67804,1538482068,302972801,/world,vicon/IMUframe/IMUframe,-0.269563820665,-0.0233012405358,1.4903846832,-0.0183388074475,-0.0021441748054,0.0427186429167,0.998916517134
2018/10/02/14:07:48.327125,67805,1538482068,312931788,/world,vicon/IMUframe/IMUframe,-0.269594671631,-0.0233431472842,1.49024624711,-0.0182070222477,-0.00219780566444,0.0427223745269,0.998918651696
2018/10/02/14:07:48.337146,67806,1538482068,322814956,/world,vicon/IMUframe/IMUframe,-0.26959765561,-0.0233998979286,1.49010797562,-0.0180476277456,-0.00222366450838,0.0426955947594,0.998922631958
2018/10/02/14:07:48.347610,67807,1538482068,332969790,/world,vicon/IMUframe/IMUframe,-0.269597398499,-0.0234565893768,1.48997829573,-0.0178463477304,-0.00225228914089,0.0426265443097,0.998929133015
2018/10/02/14:07:48.357749,67808,1538482068,342982112,/world,vicon/IMUframe/IMUframe,-0.269596149461,-0.0235099031124,1.48986178607,-0.0175730138425,-0.00220705150593,0.0425356427471,0.998937954632
2018/10/02/14:07:48.367804,67809,1538482068,352883693,/world,vicon/IMUframe/IMUframe,-0.26958699438,-0.0235424557713,1.48974508374,-0.0172288235682,-0.00214995194903,0.0424442557522,0.998947961857
2018/10/02/14:07:48.377837,67810,1538482068,362916211,/world,vicon/IMUframe/IMUframe,-0.26958964811,-0.0235772549994,1.48963403397,-0.0169299817663,-0.00207493880407,0.0424349045448,0.998953627163
2018/10/02/14:07:48.388089,67811,1538482068,372959949,/world,vicon/IMUframe/IMUframe,-0.269588663285,-0.0236334502023,1.48955564926,-0.0167268264535,-0.00199963350653,0.042436874755,0.998957119402
2018/10/02/14:07:48.398367,67812,1538482068,383029928,/world,vicon/IMUframe/IMUframe,-0.269594259477,-0.0236675688527,1.48949251053,-0.0166322281179,-0.00189178830185,0.0424446730651,0.998958577646
2018/10/02/14:07:48.407938,67813,1538482068,392937620,/world,vicon/IMUframe/IMUframe,-0.269611089165,-0.0237491205791,1.4894375527,-0.0166941929105,-0.00181301140558,0.0424825311888,0.998956080845
2018/10/02/14:07:48.417893,67814,1538482068,402951390,/world,vicon/IMUframe/IMUframe,-0.26962914863,-0.0238322142629,1.4894128179,-0.0167757581101,-0.00178962801805,0.0425360050688,0.998952481074
2018/10/02/14:07:48.427885,67815,1538482068,412917223,/world,vicon/IMUframe/IMUframe,-0.269640953567,-0.0238930075985,1.4893962859,-0.0168841685699,-0.00179902093232,0.0425958584476,0.998948087349
2018/10/02/14:07:48.438064,67816,1538482068,422949250,/world,vicon/IMUframe/IMUframe,-0.269640429721,-0.0239540758557,1.48937939351,-0.0169332713124,-0.00184443811297,0.0426316383435,0.998945647061
2018/10/02/14:07:48.448044,67817,1538482068,432960999,/world,vicon/IMUframe/IMUframe,-0.269641071269,-0.0239908426326,1.4893715882,-0.0169032672302,-0.00189640125008,0.0425716027019,0.99894861823
2018/10/02/14:07:48.458340,67818,1538482068,442970406,/world,vicon/IMUframe/IMUframe,-0.269634696756,-0.0240304263668,1.48936805435,-0.0168155487491,-0.00194036526884,0.0425375318097,0.998951465633
2018/10/02/14:07:48.468297,67819,1538482068,452970152,/world,vicon/IMUframe/IMUframe,-0.269642452418,-0.0240400522588,1.48937277132,-0.0166219918567,-0.00199320238542,0.0423665313763,0.998961867916
2018/10/02/14:07:48.478374,67820,1538482068,462983465,/world,vicon/IMUframe/IMUframe,-0.269631308873,-0.0240584473779,1.48937682493,-0.0164322467174,-0.00204808701398,0.0421540814678,0.998973883554
2018/10/02/14:07:48.488694,67821,1538482068,473040122,/world,vicon/IMUframe/IMUframe,-0.269614234097,-0.0240848018144,1.48937591679,-0.0162459614923,-0.00206650068144,0.0420020668485,0.998983295501
2018/10/02/14:07:48.498605,67822,1538482068,483091301,/world,vicon/IMUframe/IMUframe,-0.269568148566,-0.0241242217951,1.48939739086,-0.01613940121,-0.00212595800272,0.041889958259,0.998989605265
2018/10/02/14:07:48.508131,67823,1538482068,492959170,/world,vicon/IMUframe/IMUframe,-0.269523522203,-0.0241715861754,1.48942801917,-0.0160297389081,-0.0021985598847,0.0418483734689,0.998992956653
2018/10/02/14:07:48.517926,67824,1538482068,502939382,/world,vicon/IMUframe/IMUframe,-0.269453400345,-0.0242309186236,1.48947073435,-0.0159884919066,-0.00228215754072,0.0418848641899,0.998991900886
2018/10/02/14:07:48.528478,67825,1538482068,513106422,/world,vicon/IMUframe/IMUframe,-0.269379890126,-0.0242844416155,1.48953010026,-0.0160128862407,-0.00232886397847,0.0419681825039,0.998987905595
2018/10/02/14:07:48.537846,67826,1538482068,523016783,/world,vicon/IMUframe/IMUframe,-0.269279889254,-0.0243605801082,1.48958480239,-0.0160538581341,-0.00235197097185,0.0421684124322,0.998978761969
2018/10/02/14:07:48.547932,67827,1538482068,532937376,/world,vicon/IMUframe/IMUframe,-0.269184703398,-0.0244635179836,1.48965279604,-0.0161132023825,-0.00230619254409,0.0423918239096,0.998968457686
2018/10/02/14:07:48.558057,67828,1538482068,542945725,/world,vicon/IMUframe/IMUframe,-0.269099837761,-0.0245698132056,1.4897373071,-0.0161966793047,-0.00220605896518,0.0426179909025,0.998957710684
2018/10/02/14:07:48.568691,67829,1538482068,553039091,/world,vicon/IMUframe/IMUframe,-0.26902431838,-0.0247054471175,1.48980505562,-0.0162677850108,-0.00203345764487,0.0427547324038,0.998951078421
2018/10/02/14:07:48.578134,67830,1538482068,563001846,/world,vicon/IMUframe/IMUframe,-0.268930054146,-0.0248540845608,1.48986992025,-0.0163058162554,-0.00184357451632,0.0428708293259,0.998945851176
2018/10/02/14:07:48.588443,67831,1538482068,573038016,/world,vicon/IMUframe/IMUframe,-0.268830614707,-0.0249960907926,1.489914438,-0.0162336194582,-0.00165270187965,0.0428712018311,0.998947345073
2018/10/02/14:07:48.597762,67832,1538482068,582895676,/world,vicon/IMUframe/IMUframe,-0.268736662768,-0.0251232209966,1.4899314482,-0.0160792721507,-0.00151486311669,0.04279611747,0.998953279451
2018/10/02/14:07:48.607798,67833,1538482068,592915956,/world,vicon/IMUframe/IMUframe,-0.268663478961,-0.025244051959,1.48994870049,-0.0158763557476,-0.0013851321494,0.0425952888277,0.998965296748
2018/10/02/14:07:48.618158,67834,1538482068,603010072,/world,vicon/IMUframe/IMUframe,-0.268564154497,-0.0253378619599,1.48994548869,-0.0155591933707,-0.00129557154663,0.0423611032495,0.998980365136
2018/10/02/14:07:48.628193,67835,1538482068,612981344,/world,vicon/IMUframe/IMUframe,-0.268493110562,-0.0254357407795,1.48992819138,-0.015333936842,-0.00119458857914,0.0420324499751,0.998997856098
2018/10/02/14:07:48.638192,67836,1538482068,623009231,/world,vicon/IMUframe/IMUframe,-0.268416371831,-0.025549845217,1.48992173484,-0.0150815213924,-0.00112973396923,0.0417474660043,0.999013723878
2018/10/02/14:07:48.648310,67837,1538482068,632956540,/world,vicon/IMUframe/IMUframe,-0.268344415151,-0.0256767372462,1.48991649301,-0.0149037502501,-0.00109192234593,0.0415096616676,0.999026342957
2018/10/02/14:07:48.658127,67838,1538482068,642952910,/world,vicon/IMUframe/IMUframe,-0.268275610273,-0.0258119346661,1.48992069088,-0.0148160037601,-0.00107745597191,0.0413125174961,0.999035835703
2018/10/02/14:07:48.668276,67839,1538482068,652984369,/world,vicon/IMUframe/IMUframe,-0.268198118278,-0.0259654074446,1.48993939383,-0.0148403412034,-0.00113197838321,0.0411755738452,0.999041067733
2018/10/02/14:07:48.678345,67840,1538482068,663040327,/world,vicon/IMUframe/IMUframe,-0.268101684081,-0.0261463660068,1.48995469265,-0.014880354431,-0.00116704989,0.0411723241574,0.999040566128
2018/10/02/14:07:48.688133,67841,1538482068,672953154,/world,vicon/IMUframe/IMUframe,-0.26799855692,-0.0263399686493,1.48997330342,-0.0149035449364,-0.00120945666843,0.0412024221824,0.999038929156
2018/10/02/14:07:48.698241,67842,1538482068,682935326,/world,vicon/IMUframe/IMUframe,-0.267890857307,-0.0265402385072,1.48999478847,-0.0149030223702,-0.0012583767818,0.041224226982,0.999037977017
2018/10/02/14:07:48.708829,67843,1538482068,693131626,/world,vicon/IMUframe/IMUframe,-0.267798677208,-0.0267485230776,1.49000808899,-0.0148211625666,-0.00125373885681,0.0412421799428,0.999038459656
2018/10/02/14:07:48.718558,67844,1538482068,703000527,/world,vicon/IMUframe/IMUframe,-0.267709303877,-0.0269723203185,1.49001767555,-0.0147105074379,-0.00126262922103,0.0412356887449,0.999040351894
2018/10/02/14:07:48.728194,67845,1538482068,712885549,/world,vicon/IMUframe/IMUframe,-0.267628520011,-0.0272019486037,1.49002931012,-0.0144953250497,-0.00126902601302,0.0412548651657,0.999042697398
2018/10/02/14:07:48.738919,67846,1538482068,722855681,/world,vicon/IMUframe/IMUframe,-0.267539914239,-0.0274601025124,1.49003175435,-0.014273893545,-0.00136165888613,0.0411949298782,0.999048236874
2018/10/02/14:07:48.748984,67847,1538482068,732871594,/world,vicon/IMUframe/IMUframe,-0.267434056162,-0.027742555101,1.49005048611,-0.014003227371,-0.00147454365843,0.0411379643344,0.9990542544
2018/10/02/14:07:48.759114,67848,1538482068,742946238,/world,vicon/IMUframe/IMUframe,-0.267328695435,-0.0280749049483,1.49005463517,-0.013783534756,-0.00163337011827,0.0410091916032,0.99906235665
2018/10/02/14:07:48.768663,67849,1538482068,752881960,/world,vicon/IMUframe/IMUframe,-0.26722462835,-0.0284007912401,1.49004895252,-0.0135554205402,-0.00184983839392,0.0408707638297,0.999070772936
2018/10/02/14:07:48.778566,67850,1538482068,762880646,/world,vicon/IMUframe/IMUframe,-0.267113157787,-0.0289613849593,1.49004088676,-0.0134361140037,-0.00197864935397,0.0407127267418,0.999078590336
2018/10/02/14:07:48.788580,67851,1538482068,772925286,/world,vicon/IMUframe/IMUframe,-0.266964659559,-0.0292912290015,1.49002741399,-0.0130832985004,-0.0021942339083,0.040786241194,0.999079824222
2018/10/02/14:07:48.798311,67852,1538482068,783009832,/world,vicon/IMUframe/IMUframe,-0.266768810839,-0.0296682479353,1.48998127508,-0.0127227800824,-0.00235330668872,0.0409791449931,0.999076224565
2018/10/02/14:07:48.808706,67853,1538482068,793032195,/world,vicon/IMUframe/IMUframe,-0.26654812889,-0.0300609696119,1.48996115087,-0.0123593173044,-0.00245118690526,0.0411719147728,0.999072626185
2018/10/02/14:07:48.818336,67854,1538482068,802938137,/world,vicon/IMUframe/IMUframe,-0.266299994805,-0.0304510544115,1.48992779432,-0.0119808371695,-0.00245239980186,0.0413737203407,0.999068896794
2018/10/02/14:07:48.828530,67855,1538482068,812954509,/world,vicon/IMUframe/IMUframe,-0.266043863699,-0.0308387398322,1.48988806673,-0.0115813272567,-0.00241704593375,0.0416558678388,0.999061969761
2018/10/02/14:07:48.838835,67856,1538482068,823042667,/world,vicon/IMUframe/IMUframe,-0.265720692865,-0.0311085314354,1.48985598486,-0.0110391699803,-0.00215896109743,0.0416231545634,0.999070061916
2018/10/02/14:07:48.848635,67857,1538482068,832936164,/world,vicon/IMUframe/IMUframe,-0.265425931576,-0.0315780273512,1.4897338717,-0.0106959210563,-0.00203568638889,0.042313103984,0.999045071298
2018/10/02/14:07:48.858743,67858,1538482068,842950517,/world,vicon/IMUframe/IMUframe,-0.265069510696,-0.0319341568381,1.48965998665,-0.0101910648697,-0.00184596250524,0.0426361287993,0.99903698387
2018/10/02/14:07:48.868612,67859,1538482068,852936991,/world,vicon/IMUframe/IMUframe,-0.264753668299,-0.0322411752961,1.48955455372,-0.00960011434398,-0.00161801523496,0.0430328182208,0.999026224074
2018/10/02/14:07:48.879019,67860,1538482068,863008176,/world,vicon/IMUframe/IMUframe,-0.264395674507,-0.032562600021,1.48949597021,-0.00902509262088,-0.00145916673635,0.0433035267147,0.999020131484
2018/10/02/14:07:48.888970,67861,1538482068,873031390,/world,vicon/IMUframe/IMUframe,-0.264148648609,-0.03276833773,1.48938187047,-0.00842728443633,-0.00123946372584,0.0436402081878,0.999010999357
2018/10/02/14:07:48.898754,67862,1538482068,882933536,/world,vicon/IMUframe/IMUframe,-0.263933533267,-0.0329179748859,1.48925771196,-0.00793658250486,-0.00106942053966,0.0439227719694,0.999002831378
2018/10/02/14:07:48.908758,67863,1538482068,893161237,/world,vicon/IMUframe/IMUframe,-0.263781231463,-0.0330217811857,1.48914214276,-0.00750275409376,-0.000927978007568,0.0441923503287,0.998994436276
2018/10/02/14:07:48.918391,67864,1538482068,902876296,/world,vicon/IMUframe/IMUframe,-0.263714770174,-0.0330164860455,1.48904924413,-0.00719083946979,-0.000819906410946,0.0443969139784,0.998987754485
2018/10/02/14:07:48.928763,67865,1538482068,913215317,/world,vicon/IMUframe/IMUframe,-0.263731522712,-0.0329190823834,1.48896104274,-0.00690108837646,-0.000751709815191,0.0446430797594,0.998978881329
2018/10/02/14:07:48.938476,67866,1538482068,922939944,/world,vicon/IMUframe/IMUframe,-0.263866420541,-0.0326971254794,1.48890743534,-0.00668279377421,-0.000757327164995,0.0447444053459,0.998975827992
2018/10/02/14:07:48.948521,67867,1538482068,932957453,/world,vicon/IMUframe/IMUframe,-0.264117050467,-0.0323694847848,1.48889653622,-0.00660693638962,-0.000746853249304,0.0447635101482,0.998975484565
2018/10/02/14:07:48.958456,67868,1538482068,942842380,/world,vicon/IMUframe/IMUframe,-0.264470354329,-0.0319554232731,1.48891430504,-0.00667837916874,-0.000756299439132,0.0447022807597,0.998977744175
2018/10/02/14:07:48.968817,67869,1538482068,952984461,/world,vicon/IMUframe/IMUframe,-0.265086126194,-0.0312977571828,1.48893554857,-0.00684582221818,-0.0006367572325,0.0446595378441,0.998978605846
2018/10/02/14:07:48.978412,67870,1538482068,962987323,/world,vicon/IMUframe/IMUframe,-0.265778196181,-0.0306018747606,1.48903729188,-0.00714782764928,-0.000490703160334,0.0445325592744,0.998982241551
2018/10/02/14:07:48.988289,67871,1538482068,972950169,/world,vicon/IMUframe/IMUframe,-0.266650256299,-0.0297610299999,1.48919269178,-0.00759531810102,-0.000299498522583,0.0443509633935,0.998987093755
2018/10/02/14:07:48.998212,67872,1538482068,982919096,/world,vicon/IMUframe/IMUframe,-0.267689282404,-0.0287805298372,1.48938913002,-0.00813749202464,-0.000139408425143,0.044100646226,0.998993941319
2018/10/02/14:07:49.008900,67873,1538482068,992864725,/world,vicon/IMUframe/IMUframe,-0.26893969977,-0.0273942787703,1.48963842656,-0.00863705821675,4.07768482661e-05,0.0439438152754,0.998996666992
2018/10/02/14:07:49.018544,67874,1538482069,2984489,/world,vicon/IMUframe/IMUframe,-0.270380636267,-0.0260582155601,1.48994910861,-0.00939190537867,0.000232148698114,0.0436837899313,0.999001233592
2018/10/02/14:07:49.028604,67875,1538482069,12949667,/world,vicon/IMUframe/IMUframe,-0.27198898711,-0.0245964877033,1.49030701131,-0.0103070520197,0.000268954336114,0.043356771018,0.999006447802
2018/10/02/14:07:49.038613,67876,1538482069,22919592,/world,vicon/IMUframe/IMUframe,-0.27378782261,-0.0229578353621,1.49070911903,-0.0112905427645,0.000284153832087,0.0428662432489,0.999016980882
2018/10/02/14:07:49.048489,67877,1538482069,32913669,/world,vicon/IMUframe/IMUframe,-0.275809448031,-0.0211470878388,1.49114851695,-0.0124535563047,0.000237780459432,0.0423398221334,0.999025621222
2018/10/02/14:07:49.058756,67878,1538482069,43023141,/world,vicon/IMUframe/IMUframe,-0.277986990284,-0.0191449325761,1.49162330719,-0.0135934286625,0.000233301689423,0.0418529781183,0.999031277033
2018/10/02/14:07:49.068894,67879,1538482069,52978372,/world,vicon/IMUframe/IMUframe,-0.28035483725,-0.0169547007865,1.49211273942,-0.0147812045199,0.000248078304485,0.0414689438967,0.999030420529
2018/10/02/14:07:49.078570,67880,1538482069,62973012,/world,vicon/IMUframe/IMUframe,-0.282935832505,-0.0145598729783,1.49267068422,-0.0157858296522,0.000237968870189,0.0411409593217,0.999028614415
2018/10/02/14:07:49.088770,67881,1538482069,72894488,/world,vicon/IMUframe/IMUframe,-0.285714671387,-0.0120986458418,1.4930972309,-0.0170459346195,0.000429481012457,0.0407438694306,0.999024118209
2018/10/02/14:07:49.098745,67882,1538482069,82996998,/world,vicon/IMUframe/IMUframe,-0.28862786837,-0.0094032048444,1.49359102959,-0.0181812484727,0.00041839888695,0.0405510957326,0.999011949769
2018/10/02/14:07:49.108717,67883,1538482069,92939566,/world,vicon/IMUframe/IMUframe,-0.291738951293,-0.00644532263562,1.49400838373,-0.0192572820232,0.000352117045887,0.0404909462445,0.998994252423
2018/10/02/14:07:49.118900,67884,1538482069,102995595,/world,vicon/IMUframe/IMUframe,-0.295110793116,-0.00318354647213,1.49430878958,-0.0201667990793,0.000321457587471,0.0406624960816,0.998969348024
2018/10/02/14:07:49.128979,67885,1538482069,112943593,/world,vicon/IMUframe/IMUframe,-0.298699686201,0.000443059970205,1.49434183713,-0.0206841597539,0.000359609681409,0.041182196202,0.998937466978
2018/10/02/14:07:49.138657,67886,1538482069,122855156,/world,vicon/IMUframe/IMUframe,-0.302404334167,0.00417532911719,1.49454611465,-0.0210408894111,0.00031777209117,0.0415964803581,0.998912865477
2018/10/02/14:07:49.149144,67887,1538482069,133114652,/world,vicon/IMUframe/IMUframe,-0.306490867312,0.00800205043668,1.4945128761,-0.021449208379,0.000630364593698,0.0420961750355,0.99888309934
2018/10/02/14:07:49.158973,67888,1538482069,143064981,/world,vicon/IMUframe/IMUframe,-0.310536661648,0.0121022304527,1.49439283182,-0.0214721337778,0.000857478688218,0.0423056123825,0.998873589281
2018/10/02/14:07:49.168612,67889,1538482069,152951007,/world,vicon/IMUframe/IMUframe,-0.31508280358,0.0169998443869,1.49425453732,-0.0208722716638,0.00130727844511,0.0423788319624,0.998882712785
2018/10/02/14:07:49.178531,67890,1538482069,162922002,/world,vicon/IMUframe/IMUframe,-0.319798785419,0.0218714096502,1.49399438799,-0.019959239803,0.00190569410968,0.0424987281602,0.998895317429
2018/10/02/14:07:49.188670,67891,1538482069,172996559,/world,vicon/IMUframe/IMUframe,-0.324693007864,0.0265747860128,1.4934890645,-0.0192504743455,0.00242122633555,0.0423936561175,0.998912576165
2018/10/02/14:07:49.198833,67892,1538482069,182988888,/world,vicon/IMUframe/IMUframe,-0.329885896117,0.0317555593714,1.49296425334,-0.0184766682902,0.00258823331373,0.0415928785307,0.998960432766
2018/10/02/14:07:49.208833,67893,1538482069,192984721,/world,vicon/IMUframe/IMUframe,-0.335261615367,0.0371126430151,1.4923366406,-0.0172692133814,0.00267693142414,0.0405865630719,0.999023192526
2018/10/02/14:07:49.218808,67894,1538482069,202925242,/world,vicon/IMUframe/IMUframe,-0.340678701989,0.0426422923349,1.49167847465,-0.0160614130052,0.00253796525927,0.0391760444778,0.99910000865
2018/10/02/14:07:49.228583,67895,1538482069,212935397,/world,vicon/IMUframe/IMUframe,-0.346174251904,0.0483395208947,1.49082444938,-0.0148578708724,0.0020299807039,0.037429112699,0.999186761509
2018/10/02/14:07:49.238885,67896,1538482069,223078177,/world,vicon/IMUframe/IMUframe,-0.351635063764,0.0539318988302,1.48987588315,-0.0139185034475,0.00162290241408,0.036111442503,0.999249520976
2018/10/02/14:07:49.249161,67897,1538482069,233040754,/world,vicon/IMUframe/IMUframe,-0.357079016174,0.0597695238136,1.48892030858,-0.0131721019906,0.00123408808289,0.0343814418818,0.99932121423
2018/10/02/14:07:49.258848,67898,1538482069,242970120,/world,vicon/IMUframe/IMUframe,-0.362551135951,0.0656291703704,1.48798187241,-0.0130473831336,0.000743903923905,0.0330573623891,0.999368011892
2018/10/02/14:07:49.268765,67899,1538482069,252933897,/world,vicon/IMUframe/IMUframe,-0.36789244791,0.0714037271495,1.4870427159,-0.0130552521145,0.000429982202666,0.0319956135259,0.999402649698
2018/10/02/14:07:49.279447,67900,1538482069,263153129,/world,vicon/IMUframe/IMUframe,-0.372994947811,0.077177145786,1.48615436297,-0.0132667820668,0.00036418947757,0.0301616928075,0.999456918605
2018/10/02/14:07:49.288821,67901,1538482069,272954905,/world,vicon/IMUframe/IMUframe,-0.377980079625,0.0825326364132,1.48531129342,-0.0140109991271,0.000465471850377,0.0294452250341,0.999468085515
2018/10/02/14:07:49.298527,67902,1538482069,282853792,/world,vicon/IMUframe/IMUframe,-0.382701488027,0.0877853541775,1.48457897066,-0.0147446407237,0.00089899345726,0.0285858097659,0.999482185364
2018/10/02/14:07:49.308396,67903,1538482069,292859221,/world,vicon/IMUframe/IMUframe,-0.38722440895,0.0930069339974,1.48387811517,-0.0156873117116,0.00186854202131,0.0271012625392,0.999507848079
2018/10/02/14:07:49.318468,67904,1538482069,303006498,/world,vicon/IMUframe/IMUframe,-0.391700631566,0.0978589848352,1.48315360537,-0.0166152918115,0.00300266758924,0.0262793637605,0.999512036499
2018/10/02/14:07:49.328414,67905,1538482069,312957107,/world,vicon/IMUframe/IMUframe,-0.395784150325,0.102456532224,1.4826805122,-0.0169588956435,0.0041329584756,0.0250888661329,0.999532822527
2018/10/02/14:07:49.338315,67906,1538482069,322972314,/world,vicon/IMUframe/IMUframe,-0.399830371307,0.10704423136,1.48214629121,-0.0170703491677,0.00546421900395,0.0230867891145,0.999572781571
2018/10/02/14:07:49.348050,67907,1538482069,332933065,/world,vicon/IMUframe/IMUframe,-0.403578112301,0.111479657964,1.48163220894,-0.0164704631752,0.00673632144044,0.0205276550093,0.999630912485
2018/10/02/14:07:49.358406,67908,1538482069,342990076,/world,vicon/IMUframe/IMUframe,-0.407191257593,0.11558545876,1.48114928328,-0.0152087438304,0.00784098521632,0.0183698626967,0.999684830937
2018/10/02/14:07:49.368803,67909,1538482069,353063886,/world,vicon/IMUframe/IMUframe,-0.410604372003,0.119433507781,1.48082549292,-0.013611687143,0.00855647666251,0.0153885504355,0.999752319925
2018/10/02/14:07:49.378345,67910,1538482069,362969806,/world,vicon/IMUframe/IMUframe,-0.413546696313,0.123393191107,1.48062516113,-0.0121007185581,0.00914667398554,0.011899385178,0.999814140527
2018/10/02/14:07:49.388199,67911,1538482069,372965757,/world,vicon/IMUframe/IMUframe,-0.416338050229,0.127011442072,1.48050052084,-0.0103140497605,0.00934860147816,0.00776071903845,0.999872989568
2018/10/02/14:07:49.398623,67912,1538482069,382909662,/world,vicon/IMUframe/IMUframe,-0.418690274683,0.130192566399,1.48034557335,-0.00887544689525,0.00912877970549,0.00358871654131,0.999912502641
2018/10/02/14:07:49.408354,67913,1538482069,393010823,/world,vicon/IMUframe/IMUframe,-0.420835729052,0.132979927444,1.48031108384,-0.00768968623101,0.00873045582757,-0.000658387563113,0.999932104891
2018/10/02/14:07:49.418346,67914,1538482069,402953740,/world,vicon/IMUframe/IMUframe,-0.422692825984,0.135558172322,1.4803979078,-0.00683093699212,0.00819687314199,-0.00480356615063,0.999931535318
2018/10/02/14:07:49.428440,67915,1538482069,412980925,/world,vicon/IMUframe/IMUframe,-0.424042219525,0.137792462196,1.4804936918,-0.00642896919759,0.0075530115719,-0.00896051320647,0.999910660796
2018/10/02/14:07:49.438136,67916,1538482069,422917126,/world,vicon/IMUframe/IMUframe,-0.424983791747,0.139577059235,1.48073195152,-0.00644346711889,0.0069218663664,-0.0129618053685,0.999871272264
2018/10/02/14:07:49.448054,67917,1538482069,432901015,/world,vicon/IMUframe/IMUframe,-0.425463386212,0.140987480756,1.48108037693,-0.00684850273135,0.00632456928535,-0.0166632784456,0.999817699876
2018/10/02/14:07:49.458225,67918,1538482069,442996612,/world,vicon/IMUframe/IMUframe,-0.425569099472,0.141962735995,1.48157348075,-0.00734332133631,0.00592569737314,-0.0199856879101,0.999755737178
2018/10/02/14:07:49.468416,67919,1538482069,452976949,/world,vicon/IMUframe/IMUframe,-0.425270212575,0.142563687428,1.48215351898,-0.0078710235884,0.00583065093471,-0.0227004998328,0.999694322183
2018/10/02/14:07:49.478219,67920,1538482069,462957660,/world,vicon/IMUframe/IMUframe,-0.424490664398,0.142770194269,1.48288243553,-0.0084522860285,0.00595153756115,-0.0248370432773,0.999638064173
2018/10/02/14:07:49.488380,67921,1538482069,472898822,/world,vicon/IMUframe/IMUframe,-0.423300337019,0.142387758123,1.48373767966,-0.00910610544029,0.00635315602151,-0.0262771897173,0.999593029964
2018/10/02/14:07:49.498301,67922,1538482069,482997942,/world,vicon/IMUframe/IMUframe,-0.421632205128,0.141713672693,1.48470078243,-0.00972223377157,0.00691746830552,-0.0272611254593,0.999557130854
2018/10/02/14:07:49.508559,67923,1538482069,493033895,/world,vicon/IMUframe/IMUframe,-0.419423810694,0.140630255375,1.48569556564,-0.0104675400296,0.00755139252108,-0.0277310312026,0.999532089022
2018/10/02/14:07:49.518662,67924,1538482069,503056024,/world,vicon/IMUframe/IMUframe,-0.416772387678,0.139160080737,1.48676042458,-0.0111432831627,0.00830528941779,-0.0274719430554,0.999525958519
2018/10/02/14:07:49.528709,67925,1538482069,512885251,/world,vicon/IMUframe/IMUframe,-0.413650177729,0.13723704194,1.4879725889,-0.0119562950567,0.00913666319903,-0.0266647480622,0.999531169902
2018/10/02/14:07:49.538340,67926,1538482069,522907762,/world,vicon/IMUframe/IMUframe,-0.410192113348,0.134790800452,1.48915671081,-0.0130705996779,0.0100733965218,-0.0252859412611,0.999544049695
2018/10/02/14:07:49.548393,67927,1538482069,532971740,/world,vicon/IMUframe/IMUframe,-0.406153521249,0.131959825878,1.49035321826,-0.0142062785295,0.0109181832464,-0.0233852814056,0.999565957573
2018/10/02/14:07:49.558677,67928,1538482069,542922954,/world,vicon/IMUframe/IMUframe,-0.401655444564,0.128720243786,1.4915660019,-0.0153536320497,0.0116630837501,-0.0208469412025,0.999596740442
2018/10/02/14:07:49.568426,67929,1538482069,552952313,/world,vicon/IMUframe/IMUframe,-0.396661250552,0.124732877993,1.49279802416,-0.0163186698399,0.0123080110313,-0.017397500801,0.999639705516
2018/10/02/14:07:49.578297,67930,1538482069,562905730,/world,vicon/IMUframe/IMUframe,-0.391167233178,0.120874104741,1.49397994481,-0.0169649391617,0.0127622857035,-0.0143407801458,0.999671774598
2018/10/02/14:07:49.588707,67931,1538482069,573349427,/world,vicon/IMUframe/IMUframe,-0.385369410749,0.116504493083,1.49510131651,-0.0178138498381,0.0131773896441,-0.0102739441795,0.999701690119
2018/10/02/14:07:49.598469,67932,1538482069,582991287,/world,vicon/IMUframe/IMUframe,-0.379220984425,0.111594576374,1.49621886624,-0.018204975988,0.01365818155,-0.00544950774307,0.999726130393
2018/10/02/14:07:49.608181,67933,1538482069,592940294,/world,vicon/IMUframe/IMUframe,-0.372609089133,0.106633850055,1.49739042235,-0.0180101211827,0.0140408706539,-0.00132972869119,0.999738326417
2018/10/02/14:07:49.618262,67934,1538482069,602905621,/world,vicon/IMUframe/IMUframe,-0.36579072147,0.101109871144,1.49855691152,-0.0177209222257,0.014486596917,0.00392212246827,0.999730325828
2018/10/02/14:07:49.628964,67935,1538482069,613065601,/world,vicon/IMUframe/IMUframe,-0.358587847051,0.0953610548979,1.4997781376,-0.0171750062502,0.0148781693415,0.00868207983316,0.999704096584
2018/10/02/14:07:49.638848,67936,1538482069,622995681,/world,vicon/IMUframe/IMUframe,-0.350953671719,0.0893571551538,1.50113432351,-0.0165105118902,0.0152476480353,0.0130720779993,0.999661959366
2018/10/02/14:07:49.648817,67937,1538482069,633042816,/world,vicon/IMUframe/IMUframe,-0.343084962077,0.0828000651914,1.50249838512,-0.0161674841279,0.0154655915423,0.0182548080107,0.999583008019
2018/10/02/14:07:49.658904,67938,1538482069,642912464,/world,vicon/IMUframe/IMUframe,-0.334939183632,0.076258873809,1.50395473133,-0.0157846546738,0.0157603738265,0.0229621643259,0.999487465806
2018/10/02/14:07:49.668578,67939,1538482069,652941572,/world,vicon/IMUframe/IMUframe,-0.326489644196,0.069259190532,1.50535712027,-0.0155445554809,0.0161112864281,0.0286297286663,0.99933934771
2018/10/02/14:07:49.679013,67940,1538482069,662970598,/world,vicon/IMUframe/IMUframe,-0.317692328996,0.0621813482736,1.50684953844,-0.0155007727091,0.0165667830437,0.033732019313,0.999173367649
2018/10/02/14:07:49.688699,67941,1538482069,672998228,/world,vicon/IMUframe/IMUframe,-0.308720962679,0.0547465321529,1.50799065583,-0.0163891490379,0.0166726842714,0.0393308953555,0.998952700614
2018/10/02/14:07:49.698620,67942,1538482069,682920339,/world,vicon/IMUframe/IMUframe,-0.299384603922,0.0470823640579,1.50952025024,-0.0162814242475,0.0176317131537,0.044642929918,0.998714697361
2018/10/02/14:07:49.709224,67943,1538482069,692873401,/world,vicon/IMUframe/IMUframe,-0.289739164311,0.039361716259,1.51070307097,-0.0169640402695,0.0178798056735,0.0494440406609,0.99847274411
2018/10/02/14:07:49.719558,67944,1538482069,703043555,/world,vicon/IMUframe/IMUframe,-0.279962241115,0.0316901698977,1.51200163217,-0.0169301882678,0.0183903818732,0.0538404550644,0.998236629251
2018/10/02/14:07:49.728763,67945,1538482069,713003861,/world,vicon/IMUframe/IMUframe,-0.270201815346,0.0237541243005,1.5130427618,-0.017349992936,0.0187098777079,0.0587992610477,0.997943668311
2018/10/02/14:07:49.738687,67946,1538482069,722874977,/world,vicon/IMUframe/IMUframe,-0.26006497191,0.0159162703018,1.51389686647,-0.0178171831702,0.0187119997425,0.0625656395499,0.997706344471
2018/10/02/14:07:49.748589,67947,1538482069,732842830,/world,vicon/IMUframe/IMUframe,-0.24984769023,0.00762772583216,1.51504790393,-0.0184420737482,0.0183046747295,0.0660711029517,0.997476535139
2018/10/02/14:07:49.758880,67948,1538482069,742968109,/world,vicon/IMUframe/IMUframe,-0.24000716027,-0.000260532277031,1.51566114815,-0.0191933129217,0.0177898169068,0.0688837819277,0.997281386441
2018/10/02/14:07:49.768752,67949,1538482069,752930429,/world,vicon/IMUframe/IMUframe,-0.229841977401,-0.00819721792369,1.51648568748,-0.0195797199657,0.0170174670159,0.0724318821807,0.997035938583
2018/10/02/14:07:49.779102,67950,1538482069,762905004,/world,vicon/IMUframe/IMUframe,-0.22000436355,-0.0165554901993,1.5173286547,-0.0202748948324,0.0163764411377,0.0749643905797,0.996845565251
2018/10/02/14:07:49.788759,67951,1538482069,772868236,/world,vicon/IMUframe/IMUframe,-0.209943363373,-0.024623361781,1.51818842223,-0.0213182141203,0.0149828270567,0.0769211177717,0.996696639044
2018/10/02/14:07:49.798704,67952,1538482069,782869050,/world,vicon/IMUframe/IMUframe,-0.200468424133,-0.0324328950682,1.51912251914,-0.0216154696955,0.0140394055984,0.078983528098,0.996542657817
2018/10/02/14:07:49.809172,67953,1538482069,792941439,/world,vicon/IMUframe/IMUframe,-0.191347024685,-0.0398497946709,1.51956163102,-0.0220693367226,0.0130878488655,0.0807585185845,0.996403389328
2018/10/02/14:07:49.818752,67954,1538482069,802923661,/world,vicon/IMUframe/IMUframe,-0.182208547573,-0.048046100373,1.5204029731,-0.0228493782241,0.0116066637056,0.0823329372033,0.996275302677
2018/10/02/14:07:49.828621,67955,1538482069,812867424,/world,vicon/IMUframe/IMUframe,-0.173466732203,-0.0561271699883,1.52109111,-0.0233624977867,0.00947654734994,0.0835047112595,0.99618841187
2018/10/02/14:07:49.838488,67956,1538482069,822843047,/world,vicon/IMUframe/IMUframe,-0.1649629036,-0.0636183629301,1.52160116096,-0.023629871087,0.00703428542062,0.0846714356109,0.996103858045
2018/10/02/14:07:49.848521,67957,1538482069,832993787,/world,vicon/IMUframe/IMUframe,-0.156078463983,-0.0712827733813,1.52240826661,-0.0239174312635,0.0041474168739,0.0870365714669,0.995909328525
2018/10/02/14:07:49.858859,67958,1538482069,842893145,/world,vicon/IMUframe/IMUframe,-0.148167955653,-0.0780523594432,1.52246004242,-0.0232578984195,0.00199267867885,0.0873199666997,0.995906784196
2018/10/02/14:07:49.868564,67959,1538482069,852967459,/world,vicon/IMUframe/IMUframe,-0.140132830879,-0.0847117763156,1.52299061139,-0.0228920329786,-0.000223226600352,0.0893678685196,0.995735551777
2018/10/02/14:07:49.878356,67960,1538482069,862897502,/world,vicon/IMUframe/IMUframe,-0.13229689061,-0.0909805772131,1.52351760257,-0.021880567729,-0.00144041467454,0.0922513766577,0.995494273949
2018/10/02/14:07:49.888772,67961,1538482069,873007393,/world,vicon/IMUframe/IMUframe,-0.124604885451,-0.0969636316531,1.52403223261,-0.0199874325381,-0.00113556106747,0.0962245134999,0.995158307026
2018/10/02/14:07:49.898422,67962,1538482069,882986776,/world,vicon/IMUframe/IMUframe,-0.117438961518,-0.102523985665,1.52456094986,-0.0188614545081,-0.000332263619334,0.0995694183609,0.994851780951
2018/10/02/14:07:49.908731,67963,1538482069,892964526,/world,vicon/IMUframe/IMUframe,-0.110590491949,-0.107865003396,1.52509514161,-0.0177971293627,0.00201024978179,0.102912203719,0.994529184794
2018/10/02/14:07:49.918668,67964,1538482069,902947976,/world,vicon/IMUframe/IMUframe,-0.104172261824,-0.112856811668,1.52565117558,-0.0166521713276,0.00472981896032,0.106255380509,0.994188175405
2018/10/02/14:07:49.928280,67965,1538482069,912842326,/world,vicon/IMUframe/IMUframe,-0.0977919493223,-0.117301899358,1.52635115756,-0.0155064806614,0.00769139495052,0.108940521583,0.993897557225
2018/10/02/14:07:49.938804,67966,1538482069,922947825,/world,vicon/IMUframe/IMUframe,-0.0913877426875,-0.121629656449,1.5273003183,-0.0143843451032,0.0107412484019,0.112720018811,0.993464601059
2018/10/02/14:07:49.948762,67967,1538482069,933000150,/world,vicon/IMUframe/IMUframe,-0.0859741774825,-0.125243973983,1.52780018484,-0.0129402404191,0.0144077042286,0.11519804381,0.993153753927
2018/10/02/14:07:49.958417,67968,1538482069,942871333,/world,vicon/IMUframe/IMUframe,-0.0809844283684,-0.128368059997,1.52823583065,-0.0111461149096,0.0181207904403,0.117361855477,0.992861317584
2018/10/02/14:07:49.968727,67969,1538482069,952847260,/world,vicon/IMUframe/IMUframe,-0.0767453464625,-0.130974564548,1.528645809,-0.00918156097494,0.0216470087239,0.119648531957,0.992537825351
2018/10/02/14:07:49.978765,67970,1538482069,963041454,/world,vicon/IMUframe/IMUframe,-0.0728852116898,-0.133312677038,1.5291474295,-0.00777841467112,0.0251490613135,0.121958614965,0.992186029541
2018/10/02/14:07:49.988725,67971,1538482069,972921506,/world,vicon/IMUframe/IMUframe,-0.0697103415372,-0.135066918021,1.52968085525,-0.00597285825066,0.0279481817192,0.124806614849,0.991769395068
2018/10/02/14:07:49.998829,67972,1538482069,983041783,/world,vicon/IMUframe/IMUframe,-0.0671313968421,-0.136270509678,1.5303830376,-0.00428021214117,0.0301191638798,0.127568357408,0.991363117097
2018/10/02/14:07:50.008301,67973,1538482069,992865864,/world,vicon/IMUframe/IMUframe,-0.0652772629995,-0.136954798238,1.53110380336,-0.00280958535029,0.0317453780193,0.130076010072,0.990991709758
2018/10/02/14:07:50.018842,67974,1538482070,2901315,/world,vicon/IMUframe/IMUframe,-0.0641619545101,-0.137126719272,1.53188904625,-0.00123378310081,0.0320408566106,0.132305240136,0.9906902567
2018/10/02/14:07:50.029177,67975,1538482070,13027156,/world,vicon/IMUframe/IMUframe,-0.0639785210912,-0.136696172088,1.53326688964,0.000453757292863,0.0335175034759,0.13442117272,0.990357167586
2018/10/02/14:07:50.038694,67976,1538482070,22903965,/world,vicon/IMUframe/IMUframe,-0.0642647022629,-0.135940855302,1.53410126136,0.00176740680474,0.0316005809373,0.136114738396,0.990187385069
2018/10/02/14:07:50.048905,67977,1538482070,32907416,/world,vicon/IMUframe/IMUframe,-0.0647050764921,-0.135062459353,1.53500231313,1.76608237211e-06,0.0268970225282,0.136949986969,0.990212730299
2018/10/02/14:07:50.058855,67978,1538482070,42890011,/world,vicon/IMUframe/IMUframe,-0.0663650943283,-0.133495335366,1.53594016871,0.000391173374624,0.0241351345848,0.138180648007,0.990112847497
2018/10/02/14:07:50.068907,67979,1538482070,53078802,/world,vicon/IMUframe/IMUframe,-0.0690918262249,-0.131159323988,1.53696642914,0.00205270749046,0.0239423433635,0.139745691064,0.989895798766
2018/10/02/14:07:50.078999,67980,1538482070,62972904,/world,vicon/IMUframe/IMUframe,-0.0721287163399,-0.128734676521,1.53794893112,0.00108443151085,0.0218603164826,0.140698870625,0.989810475988
2018/10/02/14:07:50.088758,67981,1538482070,72888042,/world,vicon/IMUframe/IMUframe,-0.0757396317688,-0.126070939303,1.5390261513,-0.000123812803902,0.0199364929874,0.141274723206,0.989769656789
2018/10/02/14:07:50.098728,67982,1538482070,82910286,/world,vicon/IMUframe/IMUframe,-0.0800629355238,-0.12302985873,1.54008034992,-0.00203146085595,0.0182223853791,0.14111436155,0.989823496792
2018/10/02/14:07:50.109009,67983,1538482070,93058261,/world,vicon/IMUframe/IMUframe,-0.0848846688797,-0.11976305134,1.54119743248,-0.00378528522992,0.0169287155666,0.141596451524,0.989772466338
2018/10/02/14:07:50.118499,67984,1538482070,102927472,/world,vicon/IMUframe/IMUframe,-0.0906557357216,-0.116006460942,1.5419233661,-0.00664512216199,0.0155172291093,0.141546891332,0.989787621415
2018/10/02/14:07:50.128617,67985,1538482070,112900407,/world,vicon/IMUframe/IMUframe,-0.0969018793514,-0.112257314576,1.54271171379,-0.00933816120349,0.014736424947,0.140484294994,0.989929189076
2018/10/02/14:07:50.138552,67986,1538482070,122893726,/world,vicon/IMUframe/IMUframe,-0.102954729393,-0.108173819715,1.54311999717,-0.0123507950675,0.010629811398,0.140267408081,0.989979554941
2018/10/02/14:07:50.148730,67987,1538482070,132955943,/world,vicon/IMUframe/IMUframe,-0.110200826656,-0.103664411916,1.54350383293,-0.0145666375807,0.00918568626818,0.138343735321,0.990234541477
2018/10/02/14:07:50.158502,67988,1538482070,142881682,/world,vicon/IMUframe/IMUframe,-0.117842724715,-0.0989101152987,1.54370910244,-0.016355528402,0.0071390880583,0.137570012845,0.990331268656
2018/10/02/14:07:50.168723,67989,1538482070,152883824,/world,vicon/IMUframe/IMUframe,-0.126573240901,-0.0938497059232,1.54342352381,-0.0180979093083,0.0060603828342,0.136214511228,0.990495504467
2018/10/02/14:07:50.178637,67990,1538482070,162843874,/world,vicon/IMUframe/IMUframe,-0.135321772044,-0.088696047931,1.54338750474,-0.0186409993941,0.00460916903473,0.135852977154,0.990542900283
2018/10/02/14:07:50.188401,67991,1538482070,172834005,/world,vicon/IMUframe/IMUframe,-0.144337564603,-0.0831964011581,1.54327711194,-0.0187730144697,0.0024594657649,0.134076640518,0.990790078384
2018/10/02/14:07:50.198603,67992,1538482070,182926868,/world,vicon/IMUframe/IMUframe,-0.15408587926,-0.0775102755019,1.54276396471,-0.0190937045783,0.000964074276293,0.131881226273,0.991081148627
2018/10/02/14:07:50.208793,67993,1538482070,193015012,/world,vicon/IMUframe/IMUframe,-0.164142203158,-0.071414425519,1.54219508422,-0.0195118613098,-0.000981307886654,0.130191568822,0.991296363209
2018/10/02/14:07:50.218519,67994,1538482070,202912229,/world,vicon/IMUframe/IMUframe,-0.174603089087,-0.0649883952922,1.54108085783,-0.0181598098473,-0.00301346107344,0.127650929594,0.991648314945
2018/10/02/14:07:50.228586,67995,1538482070,212832994,/world,vicon/IMUframe/IMUframe,-0.185340646956,-0.0586974535181,1.54022504614,-0.0175504561294,-0.00476978301858,0.125988260871,0.991865005322
2018/10/02/14:07:50.238884,67996,1538482070,223037495,/world,vicon/IMUframe/IMUframe,-0.196241700139,-0.0525729926946,1.53895901543,-0.0169960789917,-0.00612968805676,0.124284317893,0.992082138005
2018/10/02/14:07:50.248858,67997,1538482070,232939165,/world,vicon/IMUframe/IMUframe,-0.207461532521,-0.0460959080251,1.53767140182,-0.0163709065589,-0.00750915830777,0.122296321135,0.992330194944
2018/10/02/14:07:50.258645,67998,1538482070,242883766,/world,vicon/IMUframe/IMUframe,-0.218877352816,-0.0393142125267,1.5359673288,-0.0149513115404,-0.00864798468748,0.12077455019,0.992529686544
2018/10/02/14:07:50.268989,67999,1538482070,252869862,/world,vicon/IMUframe/IMUframe,-0.230176944523,-0.0324239222151,1.5344317464,-0.0132878612541,-0.0104278075226,0.118364863422,0.992826496766
2018/10/02/14:07:50.278717,68000,1538482070,262852447,/world,vicon/IMUframe/IMUframe,-0.241697732906,-0.0254299139729,1.53255127918,-0.0115037997834,-0.0119156198471,0.115639527256,0.993153150491
2018/10/02/14:07:50.288766,68001,1538482070,273013327,/world,vicon/IMUframe/IMUframe,-0.253342922838,-0.0181404449774,1.53056190263,-0.00944075780491,-0.0135458664229,0.1128040792,0.993480055819
2018/10/02/14:07:50.298790,68002,1538482070,282948210,/world,vicon/IMUframe/IMUframe,-0.264918536759,-0.0104236551478,1.5286989217,-0.0074999348414,-0.0158246288256,0.109444154994,0.993838673547
2018/10/02/14:07:50.308535,68003,1538482070,292858706,/world,vicon/IMUframe/IMUframe,-0.276433567361,-0.00277947632249,1.52677939544,-0.00624296737945,-0.0175834862158,0.105611850883,0.99423235882
2018/10/02/14:07:50.318555,68004,1538482070,302838994,/world,vicon/IMUframe/IMUframe,-0.288071871036,0.00498240912112,1.52458512521,-0.00502246499438,-0.0190857491411,0.102025897998,0.994585956649
2018/10/02/14:07:50.328590,68005,1538482070,312939171,/world,vicon/IMUframe/IMUframe,-0.299407006451,0.0126969851657,1.52243628845,-0.00453738109902,-0.0205326779012,0.0974511286247,0.995018139956
2018/10/02/14:07:50.338633,68006,1538482070,322904505,/world,vicon/IMUframe/IMUframe,-0.311077663175,0.0204605705644,1.5202231135,-0.00415572064704,-0.0209532372196,0.0932366613065,0.995414796366
2018/10/02/14:07:50.348510,68007,1538482070,332917657,/world,vicon/IMUframe/IMUframe,-0.322205282292,0.0281721560548,1.51813015878,-0.00365840044986,-0.0215183707839,0.0880017017068,0.995881155722
2018/10/02/14:07:50.358573,68008,1538482070,342905933,/world,vicon/IMUframe/IMUframe,-0.333209787375,0.0358373585385,1.51606011426,-0.00283920721318,-0.021233935741,0.0826368806288,0.99634943912
2018/10/02/14:07:50.368833,68009,1538482070,352926184,/world,vicon/IMUframe/IMUframe,-0.34416065623,0.0436815574436,1.51411508081,-0.00172817309192,-0.0211672278837,0.0772549344864,0.996785150862
2018/10/02/14:07:50.378941,68010,1538482070,363137421,/world,vicon/IMUframe/IMUframe,-0.354908451169,0.0511927186833,1.51190037909,-0.000218287816357,-0.0204189583343,0.0713691691583,0.997240923842
2018/10/02/14:07:50.388939,68011,1538482070,373064904,/world,vicon/IMUframe/IMUframe,-0.365447319907,0.058725385722,1.50992765542,0.0010238581194,-0.0197449539494,0.0653164819887,0.997668705377
2018/10/02/14:07:50.399016,68012,1538482070,382892474,/world,vicon/IMUframe/IMUframe,-0.375721081725,0.0665323910474,1.50766768238,0.00286478992701,-0.0195473646082,0.0585537314116,0.99808875059
2018/10/02/14:07:50.408694,68013,1538482070,392873851,/world,vicon/IMUframe/IMUframe,-0.385638676197,0.0738701451913,1.50549945516,0.0045375813357,-0.0194240058864,0.0515366471242,0.9984718786
2018/10/02/14:07:50.418856,68014,1538482070,403021164,/world,vicon/IMUframe/IMUframe,-0.395155015683,0.0810090730051,1.5032605689,0.00640170881041,-0.0193004617019,0.0447202404313,0.998792576263
2018/10/02/14:07:50.428953,68015,1538482070,412928023,/world,vicon/IMUframe/IMUframe,-0.404284631894,0.0880032647011,1.50101987149,0.00831874207791,-0.0192960764249,0.0373591241259,0.999080955583
2018/10/02/14:07:50.438993,68016,1538482070,422910288,/world,vicon/IMUframe/IMUframe,-0.413032036698,0.0947873210362,1.49883802772,0.0110161659773,-0.0198036776886,0.0295997655926,0.999304914585
2018/10/02/14:07:50.448860,68017,1538482070,432885881,/world,vicon/IMUframe/IMUframe,-0.421290682065,0.101069822631,1.49670736588,0.0137092739837,-0.0202947358901,0.0225588695125,0.999445484711
2018/10/02/14:07:50.459193,68018,1538482070,443003698,/world,vicon/IMUframe/IMUframe,-0.429214239595,0.10728705693,1.4945646415,0.0168246516851,-0.0207854763563,0.0151688664107,0.999527288552
2018/10/02/14:07:50.469174,68019,1538482070,452931671,/world,vicon/IMUframe/IMUframe,-0.436488440437,0.112868919475,1.49267859237,0.0201434504262,-0.0218155221094,0.00832402060211,0.999524404445
2018/10/02/14:07:50.478841,68020,1538482070,462900225,/world,vicon/IMUframe/IMUframe,-0.443346064871,0.118060002084,1.49079256696,0.023941266016,-0.0231192508294,0.00161642808552,0.999444697411
2018/10/02/14:07:50.488821,68021,1538482070,472896587,/world,vicon/IMUframe/IMUframe,-0.449572296921,0.12295203675,1.48893229213,0.027921354459,-0.0249088568967,-0.00498220699834,0.999287308249
2018/10/02/14:07:50.498743,68022,1538482070,482898568,/world,vicon/IMUframe/IMUframe,-0.455418144194,0.127404866454,1.48724116485,0.0321141781945,-0.0265267084913,-0.0109703561951,0.999071901607
2018/10/02/14:07:50.509206,68023,1538482070,492987453,/world,vicon/IMUframe/IMUframe,-0.460474192159,0.131539648997,1.48552697678,0.0360997380167,-0.0291732255043,-0.0176156471596,0.998766950196
2018/10/02/14:07:50.518898,68024,1538482070,502989051,/world,vicon/IMUframe/IMUframe,-0.464767782617,0.135090414957,1.48401688445,0.0397990984854,-0.0323294520958,-0.0238394231545,0.998399980063
2018/10/02/14:07:50.528893,68025,1538482070,512895128,/world,vicon/IMUframe/IMUframe,-0.468615573644,0.138274360334,1.48281219766,0.0432287506544,-0.0346973383582,-0.02931866924,0.998031956133
2018/10/02/14:07:50.538809,68026,1538482070,522856275,/world,vicon/IMUframe/IMUframe,-0.471887025767,0.14076997928,1.48168653529,0.0461309019261,-0.0373030158367,-0.0342765588574,0.997650009978
2018/10/02/14:07:50.549233,68027,1538482070,533102717,/world,vicon/IMUframe/IMUframe,-0.474472993934,0.142746102741,1.48089988033,0.0484020877571,-0.0397099442951,-0.0386166279086,0.997290887492
2018/10/02/14:07:50.558939,68028,1538482070,542941375,/world,vicon/IMUframe/IMUframe,-0.47640978095,0.144098934303,1.48041103875,0.0500559847574,-0.0417404567093,-0.0420774600489,0.996986268722
2018/10/02/14:07:50.568799,68029,1538482070,552880573,/world,vicon/IMUframe/IMUframe,-0.47785186662,0.144946128617,1.48020426261,0.0510350017668,-0.0435644928348,-0.0448551432425,0.996737467783
2018/10/02/14:07:50.578545,68030,1538482070,562873647,/world,vicon/IMUframe/IMUframe,-0.478632233945,0.144959694668,1.48032300829,0.0511540061469,-0.0452687881939,-0.0474455836689,0.996535459008
2018/10/02/14:07:50.588663,68031,1538482070,572913583,/world,vicon/IMUframe/IMUframe,-0.478727273425,0.144441542111,1.48058597783,0.0506195941505,-0.0467305272281,-0.0491958662017,0.99641039801
2018/10/02/14:07:50.598677,68032,1538482070,582932054,/world,vicon/IMUframe/IMUframe,-0.478115065084,0.143272325434,1.48104186379,0.0495946491552,-0.0480797094091,-0.0499006518663,0.996362703669
2018/10/02/14:07:50.608312,68033,1538482070,592857293,/world,vicon/IMUframe/IMUframe,-0.476802321282,0.141463541219,1.48167052909,0.0481586570147,-0.0490808496827,-0.0496124700045,0.996398723789
2018/10/02/14:07:50.618524,68034,1538482070,602854082,/world,vicon/IMUframe/IMUframe,-0.474642679375,0.139024362307,1.48239944997,0.0464062205711,-0.0497183485186,-0.0484056482245,0.996509629523
2018/10/02/14:07:50.628620,68035,1538482070,612979983,/world,vicon/IMUframe/IMUframe,-0.471950562192,0.136069656472,1.48341762129,0.0447617771847,-0.0499086976037,-0.046447363127,0.996668524468
2018/10/02/14:07:50.638570,68036,1538482070,622922518,/world,vicon/IMUframe/IMUframe,-0.468590285748,0.132483583942,1.4845876993,0.0428983617463,-0.0494840987971,-0.0442702119927,0.996870705185
2018/10/02/14:07:50.648727,68037,1538482070,632993654,/world,vicon/IMUframe/IMUframe,-0.464584309372,0.128477364712,1.48588676272,0.0413321868929,-0.0481941247325,-0.0411707074232,0.997132864526
2018/10/02/14:07:50.658585,68038,1538482070,642967769,/world,vicon/IMUframe/IMUframe,-0.460000030215,0.123955433393,1.48740542468,0.0401155917648,-0.0460461427429,-0.0373431606273,0.997434699813
2018/10/02/14:07:50.668486,68039,1538482070,652976747,/world,vicon/IMUframe/IMUframe,-0.454629711277,0.118865584825,1.4889978941,0.0390861905892,-0.0439575392724,-0.033047633078,0.997721333036
2018/10/02/14:07:50.678566,68040,1538482070,662963013,/world,vicon/IMUframe/IMUframe,-0.448840702092,0.113512477274,1.49059549163,0.0382087970046,-0.0417155386152,-0.0287902896375,0.997983477264
2018/10/02/14:07:50.688626,68041,1538482070,673060077,/world,vicon/IMUframe/IMUframe,-0.442615671875,0.107788429285,1.49236339631,0.0374947147781,-0.038946489711,-0.0239902712606,0.998249359723
2018/10/02/14:07:50.698577,68042,1538482070,682926689,/world,vicon/IMUframe/IMUframe,-0.435942157411,0.101757950428,1.49422599704,0.0369259692831,-0.0360697703532,-0.0186378556317,0.998492901726
2018/10/02/14:07:50.708797,68043,1538482070,692932361,/world,vicon/IMUframe/IMUframe,-0.428628798871,0.0953129522183,1.49628963198,0.0363735668897,-0.0335640788943,-0.0133687778644,0.998684981372
2018/10/02/14:07:50.718655,68044,1538482070,702913583,/world,vicon/IMUframe/IMUframe,-0.420843715955,0.0887191716806,1.49832372308,0.0359733370148,-0.0312601516054,-0.00781076804481,0.998833176185
2018/10/02/14:07:50.728805,68045,1538482070,712965515,/world,vicon/IMUframe/IMUframe,-0.412677702826,0.0817029996827,1.50051661736,0.0348592518964,-0.0292058310478,-0.00188327991751,0.998963615577
2018/10/02/14:07:50.738902,68046,1538482070,722940359,/world,vicon/IMUframe/IMUframe,-0.404144650896,0.0744643315234,1.502706989,0.0337598134797,-0.027168868599,0.00444352992417,0.999050740761
2018/10/02/14:07:50.748503,68047,1538482070,732871856,/world,vicon/IMUframe/IMUframe,-0.395234123884,0.0669390644085,1.50496681551,0.032429248204,-0.0250873248794,0.0111464804308,0.999096955238
2018/10/02/14:07:50.758651,68048,1538482070,742858100,/world,vicon/IMUframe/IMUframe,-0.385967086995,0.0592687784783,1.50721230166,0.0308651416977,-0.0229975401401,0.0179765903056,0.999097241702
2018/10/02/14:07:50.768702,68049,1538482070,752940011,/world,vicon/IMUframe/IMUframe,-0.376440501879,0.0513945995961,1.50939826688,0.0296302318447,-0.0209470111362,0.0248343516701,0.999032795789
2018/10/02/14:07:50.778574,68050,1538482070,762925256,/world,vicon/IMUframe/IMUframe,-0.366568196348,0.0432265574045,1.51182006108,0.02806232853,-0.0190758456708,0.031826310404,0.998917265741
2018/10/02/14:07:50.788540,68051,1538482070,772923172,/world,vicon/IMUframe/IMUframe,-0.356597625485,0.0354019153906,1.51402926704,0.0264353371312,-0.0170037015381,0.0381736226582,0.998776662532
2018/10/02/14:07:50.798634,68052,1538482070,782898163,/world,vicon/IMUframe/IMUframe,-0.346503599552,0.0274085273697,1.51618411707,0.0248495983869,-0.0146615767905,0.0447191333051,0.998582863233
2018/10/02/14:07:50.808703,68053,1538482070,792982766,/world,vicon/IMUframe/IMUframe,-0.336005281342,0.0190763077056,1.51838403884,0.0238759909431,-0.0125571106267,0.0514304099666,0.998312160078
2018/10/02/14:07:50.818791,68054,1538482070,802941333,/world,vicon/IMUframe/IMUframe,-0.325584976834,0.0106620368337,1.52063833079,0.0220283501242,-0.0106833489293,0.0567065778407,0.998090668164
2018/10/02/14:07:50.829370,68055,1538482070,812961293,/world,vicon/IMUframe/IMUframe,-0.314989749735,0.00274725445803,1.52262262022,0.021067334244,-0.00919185071171,0.0617877365789,0.997824610298
2018/10/02/14:07:50.838729,68056,1538482070,822884598,/world,vicon/IMUframe/IMUframe,-0.304227368044,-0.00538386602766,1.52452856314,0.0200675366341,-0.00810939094707,0.0661138899681,0.997577307934
2018/10/02/14:07:50.848647,68057,1538482070,832893345,/world,vicon/IMUframe/IMUframe,-0.293582257522,-0.0127949338237,1.5262390576,0.0202347121504,-0.00707479493874,0.0711724362213,0.997233667714
2018/10/02/14:07:50.859227,68058,1538482070,843098525,/world,vicon/IMUframe/IMUframe,-0.282621434461,-0.020428266025,1.52800636796,0.020095478248,-0.00652516572518,0.0751856824919,0.99694568915
2018/10/02/14:07:50.869270,68059,1538482070,853040965,/world,vicon/IMUframe/IMUframe,-0.271961714499,-0.0276809142527,1.52940840483,0.0196325445683,-0.00596321055531,0.07917546636,0.996649511534
2018/10/02/14:07:50.878821,68060,1538482070,862884703,/world,vicon/IMUframe/IMUframe,-0.260999746919,-0.035180730413,1.53104266003,0.0189185549764,-0.00539784247153,0.082816380007,0.996370613164
2018/10/02/14:07:50.888858,68061,1538482070,872893686,/world,vicon/IMUframe/IMUframe,-0.250274137041,-0.0426450892178,1.53235131004,0.0179895092102,-0.00497348745534,0.0862799840756,0.99609608288
2018/10/02/14:07:50.898773,68062,1538482070,882973468,/world,vicon/IMUframe/IMUframe,-0.239624247072,-0.0498123399794,1.53349886543,0.0163688838663,-0.00477139360829,0.0897520298425,0.995818189522
2018/10/02/14:07:50.908984,68063,1538482070,893096543,/world,vicon/IMUframe/IMUframe,-0.228865805462,-0.0565433155388,1.53468594774,0.0155162252683,-0.00527737946071,0.0927398969032,0.995555476878
2018/10/02/14:07:50.918739,68064,1538482070,902896390,/world,vicon/IMUframe/IMUframe,-0.21808728634,-0.063334773105,1.53528712266,0.0140713670551,-0.00574058510516,0.0952591314055,0.995336495963
2018/10/02/14:07:50.929018,68065,1538482070,912881567,/world,vicon/IMUframe/IMUframe,-0.207616305319,-0.0699574355185,1.5357166712,0.0127397068001,-0.0061723757196,0.0976917597813,0.995116034299
2018/10/02/14:07:50.938937,68066,1538482070,922867612,/world,vicon/IMUframe/IMUframe,-0.197218301001,-0.0766822802833,1.5359571814,0.0118292959457,-0.00642260567347,0.100536008428,0.994842363846
2018/10/02/14:07:50.951188,68067,1538482070,932996669,/world,vicon/IMUframe/IMUframe,-0.186458585917,-0.0830118292939,1.53633882841,0.0117852546441,-0.00726336326133,0.102615700214,0.994624737977
2018/10/02/14:07:50.959264,68068,1538482070,942940541,/world,vicon/IMUframe/IMUframe,-0.176245308244,-0.0888143933436,1.53640411582,0.0115569578809,-0.00766442639111,0.105270240133,0.994346956467
2018/10/02/14:07:50.968872,68069,1538482070,952888349,/world,vicon/IMUframe/IMUframe,-0.166224028672,-0.0946124820167,1.53629424882,0.0108798845311,-0.00792441243326,0.108289676097,0.994028258075
2018/10/02/14:07:50.978971,68070,1538482070,962873248,/world,vicon/IMUframe/IMUframe,-0.15642532218,-0.0999967393544,1.53616598866,0.0100456149782,-0.00867452539612,0.110641047022,0.993771803254
2018/10/02/14:07:50.988814,68071,1538482070,972920049,/world,vicon/IMUframe/IMUframe,-0.146498729045,-0.105587592974,1.53608277369,0.00968745180312,-0.00939688800669,0.114853617029,0.993290742144
2018/10/02/14:07:50.998731,68072,1538482070,982921573,/world,vicon/IMUframe/IMUframe,-0.13713692185,-0.110717520733,1.53564591459,0.00946934593145,-0.0110624963382,0.118748857278,0.992817536891
2018/10/02/14:07:51.008791,68073,1538482070,992943380,/world,vicon/IMUframe/IMUframe,-0.127954072606,-0.115927198915,1.53544297554,0.00876373509308,-0.0114442374403,0.122506790945,0.992362994347
2018/10/02/14:07:51.018715,68074,1538482071,2858415,/world,vicon/IMUframe/IMUframe,-0.119274059415,-0.120766919274,1.53499720256,0.00789786940884,-0.0113263133204,0.126361479697,0.991888156364
2018/10/02/14:07:51.028581,68075,1538482071,12844572,/world,vicon/IMUframe/IMUframe,-0.110825683529,-0.125459849484,1.53456864249,0.00740653412539,-0.0108525621235,0.129785274042,0.991455065946
2018/10/02/14:07:51.038815,68076,1538482071,22939964,/world,vicon/IMUframe/IMUframe,-0.102152780419,-0.130005434159,1.53434669315,0.00735328274981,-0.0100705476363,0.133786527305,0.990931722378
2018/10/02/14:07:51.048709,68077,1538482071,32908685,/world,vicon/IMUframe/IMUframe,-0.0944392517979,-0.13417892116,1.53386513964,0.00795130310043,-0.00810503932087,0.136040396491,0.990638226417
2018/10/02/14:07:51.058815,68078,1538482071,42894656,/world,vicon/IMUframe/IMUframe,-0.0874786676932,-0.138022247336,1.53315993044,0.00911024914256,-0.00508892493454,0.137401812257,0.990460422325
2018/10/02/14:07:51.068583,68079,1538482071,52861408,/world,vicon/IMUframe/IMUframe,-0.0810149216847,-0.141186842329,1.53236900272,0.0115771414802,-0.00151839917762,0.139374538223,0.99017089553
2018/10/02/14:07:51.078719,68080,1538482071,62948871,/world,vicon/IMUframe/IMUframe,-0.0750073233633,-0.144089282539,1.53171096927,0.0141727906739,0.00228035071861,0.140622935041,0.989959151756
2018/10/02/14:07:51.089020,68081,1538482071,72907046,/world,vicon/IMUframe/IMUframe,-0.0694487587288,-0.146481619123,1.53080724302,0.017723436641,0.00608656333466,0.142291910144,0.989647334078
2018/10/02/14:07:51.099471,68082,1538482071,82941895,/world,vicon/IMUframe/IMUframe,-0.0648416367873,-0.148290397704,1.53061890234,0.021493116752,0.0117819253582,0.143299044118,0.989375872013
2018/10/02/14:07:51.108466,68083,1538482071,92862027,/world,vicon/IMUframe/IMUframe,-0.0606010301208,-0.149594979454,1.52984093612,0.0254126742408,0.0154642493451,0.144097863838,0.989116200766
2018/10/02/14:07:51.118557,68084,1538482071,102875498,/world,vicon/IMUframe/IMUframe,-0.0573029525207,-0.150663224192,1.52972890033,0.0259370259079,0.0178586871482,0.139432817409,0.989730684282
2018/10/02/14:07:51.128702,68085,1538482071,113131874,/world,vicon/IMUframe/IMUframe,-0.0544148565255,-0.151265748937,1.52942573563,0.0283857183216,0.0211450367241,0.139337052051,0.989612209071
2018/10/02/14:07:51.138505,68086,1538482071,122929894,/world,vicon/IMUframe/IMUframe,-0.0513679794849,-0.151703313524,1.52844813715,0.0321497931473,0.0224779606142,0.145972968899,0.988510508006
2018/10/02/14:07:51.148535,68087,1538482071,132872226,/world,vicon/IMUframe/IMUframe,-0.0499810953289,-0.151491810599,1.52856617831,0.033401854106,0.0241778851398,0.145141468385,0.988551313877
2018/10/02/14:07:51.158421,68088,1538482071,142850125,/world,vicon/IMUframe/IMUframe,-0.0493552776134,-0.150906244205,1.52885850956,0.0339886945159,0.0254217010239,0.145165141447,0.988496629974
2018/10/02/14:07:51.168713,68089,1538482071,152972104,/world,vicon/IMUframe/IMUframe,-0.0493998277124,-0.149815787024,1.52922562692,0.0341126282705,0.0259014346633,0.145358416621,0.988451503612
2018/10/02/14:07:51.178797,68090,1538482071,162912861,/world,vicon/IMUframe/IMUframe,-0.0501151159467,-0.148343754662,1.52981139986,0.033304219275,0.0254592251188,0.145482144426,0.988472357979
2018/10/02/14:07:51.189008,68091,1538482071,172961803,/world,vicon/IMUframe/IMUframe,-0.051394224527,-0.146401573954,1.53061898214,0.0318311681632,0.0247808820632,0.145844642605,0.988484711486
2018/10/02/14:07:51.198904,68092,1538482071,182870101,/world,vicon/IMUframe/IMUframe,-0.0535585274961,-0.143753396529,1.53149211222,0.030362784701,0.0237630117308,0.145191991375,0.988651964151
2018/10/02/14:07:51.209152,68093,1538482071,193014336,/world,vicon/IMUframe/IMUframe,-0.05615879726,-0.141214049053,1.53304055266,0.0258566801914,0.022842341172,0.145176341232,0.988804070322
2018/10/02/14:07:51.218957,68094,1538482071,203112745,/world,vicon/IMUframe/IMUframe,-0.0592998608708,-0.138213489007,1.53450431467,0.0225617921005,0.0219751435382,0.14701500416,0.988632716005
2018/10/02/14:07:51.228784,68095,1538482071,212973080,/world,vicon/IMUframe/IMUframe,-0.0634060608018,-0.134792617436,1.53623652198,0.0190331623547,0.0218880355802,0.148613279093,0.988469901366
2018/10/02/14:07:51.238642,68096,1538482071,222886472,/world,vicon/IMUframe/IMUframe,-0.0680456683566,-0.130999386049,1.53792737245,0.0150359061898,0.021210800454,0.149977700493,0.988347465633
2018/10/02/14:07:51.248779,68097,1538482071,232875716,/world,vicon/IMUframe/IMUframe,-0.0736510848932,-0.126974404348,1.54005521402,0.0108651728057,0.0219410230614,0.151793987568,0.988108862861
2018/10/02/14:07:51.259630,68098,1538482071,243559399,/world,vicon/IMUframe/IMUframe,-0.0796748539986,-0.122473810034,1.54176898471,0.00706023361263,0.0210109376704,0.152725628636,0.988020028115
2018/10/02/14:07:51.268797,68099,1538482071,253017753,/world,vicon/IMUframe/IMUframe,-0.0863433535956,-0.117599843635,1.54345149402,0.0036368319357,0.0200175233682,0.15353895675,0.987933125759
2018/10/02/14:07:51.278853,68100,1538482071,262969156,/world,vicon/IMUframe/IMUframe,-0.0937600159707,-0.112265914678,1.54484850138,-0.000168477787888,0.01839194497,0.154193046261,0.987869532104
2018/10/02/14:07:51.288583,68101,1538482071,272935070,/world,vicon/IMUframe/IMUframe,-0.10176609424,-0.106362931393,1.54617857763,-0.00430072877976,0.014921141675,0.151691470492,0.988305904588
2018/10/02/14:07:51.299009,68102,1538482071,283027230,/world,vicon/IMUframe/IMUframe,-0.110615453127,-0.100601350776,1.54745503965,-0.00682448589774,0.0140376903224,0.151844875941,0.988281085164
2018/10/02/14:07:51.308768,68103,1538482071,292971681,/world,vicon/IMUframe/IMUframe,-0.118571928787,-0.0945752543718,1.54783648418,-0.00744476853292,0.0100932121962,0.156946993747,0.987527388806
2018/10/02/14:07:51.319128,68104,1538482071,302906627,/world,vicon/IMUframe/IMUframe,-0.128275870603,-0.0881960844562,1.54850982528,-0.00948423765101,0.00796545663263,0.156246549069,0.987640428821
2018/10/02/14:07:51.328673,68105,1538482071,312925540,/world,vicon/IMUframe/IMUframe,-0.138406498652,-0.0820081381865,1.54856102307,-0.0108409705731,0.00510899212998,0.155439679967,0.987772685109
2018/10/02/14:07:51.338779,68106,1538482071,322907435,/world,vicon/IMUframe/IMUframe,-0.148908530125,-0.0747767187814,1.548537515,-0.011495448391,0.00269461239232,0.155036573726,0.987838172242
2018/10/02/14:07:51.349317,68107,1538482071,333022538,/world,vicon/IMUframe/IMUframe,-0.159330105081,-0.0681930557104,1.5487842763,-0.012199616482,-0.00019787058504,0.154628251926,0.987897380253
2018/10/02/14:07:51.358880,68108,1538482071,342943233,/world,vicon/IMUframe/IMUframe,-0.170352323651,-0.0617532810051,1.54838019137,-0.012587581186,-0.00269025966724,0.153391335345,0.988081683639
2018/10/02/14:07:51.369459,68109,1538482071,352958425,/world,vicon/IMUframe/IMUframe,-0.181660575262,-0.0549285224067,1.54748271069,-0.0113154317505,-0.00506818994101,0.152610759392,0.98820859669
2018/10/02/14:07:51.378778,68110,1538482071,362875456,/world,vicon/IMUframe/IMUframe,-0.192924365236,-0.0477351451775,1.54635504539,-0.00858702357829,-0.00780079676381,0.152262632354,0.988271977436
2018/10/02/14:07:51.389495,68111,1538482071,372986318,/world,vicon/IMUframe/IMUframe,-0.204758503462,-0.0404817682376,1.54478204374,-0.00654042969708,-0.010096986077,0.153281443579,0.988109342485
2018/10/02/14:07:51.399081,68112,1538482071,382935239,/world,vicon/IMUframe/IMUframe,-0.21617789056,-0.0331159266544,1.54307630669,-0.00218976019321,-0.0133879110793,0.153287221744,0.988088556981
2018/10/02/14:07:51.408587,68113,1538482071,392956470,/world,vicon/IMUframe/IMUframe,-0.227959775192,-0.0258328698281,1.54131515753,0.00118861780027,-0.01708815025,0.150859578189,0.988406783656
2018/10/02/14:07:51.418722,68114,1538482071,402888635,/world,vicon/IMUframe/IMUframe,-0.239793141253,-0.0185563491581,1.53948774836,0.00491997661577,-0.0210169313947,0.148131661295,0.988732063477
2018/10/02/14:07:51.428529,68115,1538482071,412942995,/world,vicon/IMUframe/IMUframe,-0.251715168801,-0.0111682519292,1.53753509624,0.00818870156336,-0.0248977356278,0.145937734709,0.988946523082
2018/10/02/14:07:51.438747,68116,1538482071,422994860,/world,vicon/IMUframe/IMUframe,-0.263342467498,-0.00391848373684,1.53551020475,0.0104903976629,-0.0288217833622,0.14388617196,0.989118812822
2018/10/02/14:07:51.448796,68117,1538482071,432946748,/world,vicon/IMUframe/IMUframe,-0.275468013503,0.00370910662558,1.53337968123,0.0126868914741,-0.0325397414354,0.140770152489,0.989426082222
2018/10/02/14:07:51.458582,68118,1538482071,442902696,/world,vicon/IMUframe/IMUframe,-0.287050877199,0.0110943051417,1.53131606125,0.0143102200472,-0.0360988611128,0.13858278687,0.989589258739
2018/10/02/14:07:51.468445,68119,1538482071,452877025,/world,vicon/IMUframe/IMUframe,-0.29887259647,0.0187571186032,1.52915830167,0.015947108807,-0.0394736663509,0.13371377024,0.990105119184
2018/10/02/14:07:51.478712,68120,1538482071,463008645,/world,vicon/IMUframe/IMUframe,-0.310422122828,0.0263670804669,1.52703123495,0.0168844888682,-0.0424265387149,0.129747931094,0.990495016255
2018/10/02/14:07:51.488740,68121,1538482071,473084369,/world,vicon/IMUframe/IMUframe,-0.321900306573,0.034088620181,1.52482913079,0.017933689264,-0.045246397298,0.12545054952,0.990905296154
2018/10/02/14:07:51.498914,68122,1538482071,482913110,/world,vicon/IMUframe/IMUframe,-0.33302248974,0.0416963268214,1.52257582115,0.0183714118235,-0.0478879199395,0.119798132472,0.991472463464
2018/10/02/14:07:51.509033,68123,1538482071,492936658,/world,vicon/IMUframe/IMUframe,-0.344038771633,0.0493153168554,1.52034788926,0.0188772260876,-0.0501074392338,0.11373383639,0.992067290726
2018/10/02/14:07:51.519365,68124,1538482071,503100960,/world,vicon/IMUframe/IMUframe,-0.354992445422,0.0567875371025,1.51820901471,0.0192771718445,-0.0517647582135,0.107035979171,0.992719547312
2018/10/02/14:07:51.528968,68125,1538482071,512963527,/world,vicon/IMUframe/IMUframe,-0.365829145809,0.0640421701728,1.51608169218,0.0197317335313,-0.0541212846051,0.0997573847683,0.993342845864
2018/10/02/14:07:51.538724,68126,1538482071,522904839,/world,vicon/IMUframe/IMUframe,-0.376343986334,0.0712172641116,1.5141531784,0.01994809864,-0.0551681952968,0.0920560931746,0.994024254884
2018/10/02/14:07:51.548634,68127,1538482071,532860923,/world,vicon/IMUframe/IMUframe,-0.386563887413,0.0782693058587,1.51229682685,0.0197942702855,-0.0561384433047,0.0839041614215,0.994694301654
2018/10/02/14:07:51.558669,68128,1538482071,542991290,/world,vicon/IMUframe/IMUframe,-0.396472762465,0.0852045815386,1.51033421334,0.0203617889399,-0.0572149248067,0.0752547903739,0.995313300653
2018/10/02/14:07:51.568909,68129,1538482071,552963771,/world,vicon/IMUframe/IMUframe,-0.406036943278,0.0920246232254,1.50831802658,0.0210439897226,-0.0583718763255,0.0662429203317,0.995872356307
2018/10/02/14:07:51.578753,68130,1538482071,563036009,/world,vicon/IMUframe/IMUframe,-0.415256544671,0.0989283726076,1.50626719166,0.0219293514222,-0.0594871198873,0.0568884098799,0.996365442463
2018/10/02/14:07:51.588937,68131,1538482071,572867325,/world,vicon/IMUframe/IMUframe,-0.42416983516,0.105337377233,1.5042106537,0.0227454568577,-0.0603416081006,0.0476640626097,0.996779650504
2018/10/02/14:07:51.598619,68132,1538482071,582898077,/world,vicon/IMUframe/IMUframe,-0.43242381467,0.111696032768,1.50223836892,0.0239852186539,-0.0611399592208,0.0371853175674,0.997147866081
2018/10/02/14:07:51.609026,68133,1538482071,592987334,/world,vicon/IMUframe/IMUframe,-0.440152235894,0.117377040159,1.50051208332,0.02479706285,-0.0614566507463,0.0281459645379,0.997404627237
2018/10/02/14:07:51.618915,68134,1538482071,602964890,/world,vicon/IMUframe/IMUframe,-0.447622618521,0.12272427098,1.49889056693,0.0261014992938,-0.060825922365,0.0199754493468,0.997607087147
2018/10/02/14:07:51.628511,68135,1538482071,612864511,/world,vicon/IMUframe/IMUframe,-0.454404908963,0.127319050734,1.49747211905,0.0271670573781,-0.0601339047902,0.0125770094286,0.997741290777
2018/10/02/14:07:51.638517,68136,1538482071,622899320,/world,vicon/IMUframe/IMUframe,-0.460477070018,0.131980286274,1.49609081097,0.0285482815924,-0.0601118790816,0.00370137909352,0.99777645663
2018/10/02/14:07:51.648878,68137,1538482071,633259672,/world,vicon/IMUframe/IMUframe,-0.466030367515,0.135572987576,1.49504780569,0.0298666326754,-0.0594237577853,-0.00296325346891,0.997781549435
2018/10/02/14:07:51.658634,68138,1538482071,642964779,/world,vicon/IMUframe/IMUframe,-0.470930836208,0.138877816103,1.49398798216,0.0314637353592,-0.0597663620289,-0.00939421266236,0.997672172658
2018/10/02/14:07:51.668615,68139,1538482071,652951065,/world,vicon/IMUframe/IMUframe,-0.475096402274,0.141615661563,1.49306687067,0.0326079232375,-0.0605121713841,-0.0154240330721,0.997515463369
2018/10/02/14:07:51.678472,68140,1538482071,662893347,/world,vicon/IMUframe/IMUframe,-0.47874084159,0.144084126531,1.49214038153,0.0348312881047,-0.0627485944396,-0.0213277663541,0.997193322103
2018/10/02/14:07:51.688818,68141,1538482071,673006792,/world,vicon/IMUframe/IMUframe,-0.48168110594,0.146040647187,1.49143265114,0.0365397909777,-0.0653789821866,-0.0269134753583,0.996828017869
2018/10/02/14:07:51.698873,68142,1538482071,682947062,/world,vicon/IMUframe/IMUframe,-0.483765981394,0.147353376032,1.49076160348,0.0383645201854,-0.0687802136452,-0.031457830444,0.99639743612
2018/10/02/14:07:51.708709,68143,1538482071,692955212,/world,vicon/IMUframe/IMUframe,-0.485089023416,0.1479729048,1.49060803961,0.0399587587765,-0.0719715287671,-0.0351297615933,0.995986594535
2018/10/02/14:07:51.718358,68144,1538482071,702912642,/world,vicon/IMUframe/IMUframe,-0.485786736801,0.148055824118,1.49067543052,0.0410327305998,-0.0753308712248,-0.0379444973446,0.995591176127
2018/10/02/14:07:51.728416,68145,1538482071,712906162,/world,vicon/IMUframe/IMUframe,-0.485812304477,0.147440580768,1.49107551012,0.0415645792247,-0.0784202656828,-0.0396027666896,0.995265928561
2018/10/02/14:07:51.738700,68146,1538482071,723056876,/world,vicon/IMUframe/IMUframe,-0.48516594092,0.146179976976,1.49184771644,0.0414262786953,-0.0810698290357,-0.0402211172739,0.995034576273
2018/10/02/14:07:51.748817,68147,1538482071,733043343,/world,vicon/IMUframe/IMUframe,-0.483849643313,0.144271268852,1.49297240895,0.0407269011767,-0.0830888425433,-0.0396893337314,0.994918248176
2018/10/02/14:07:51.758488,68148,1538482071,742923060,/world,vicon/IMUframe/IMUframe,-0.48169397866,0.141587107353,1.49440791504,0.0394270924677,-0.0845043206767,-0.0383502006723,0.994903908061
2018/10/02/14:07:51.768514,68149,1538482071,752858102,/world,vicon/IMUframe/IMUframe,-0.478787107894,0.138299684587,1.49628394782,0.0377353642372,-0.0854968583766,-0.0360997756651,0.994968911922
2018/10/02/14:07:51.779075,68150,1538482071,763108017,/world,vicon/IMUframe/IMUframe,-0.475154758935,0.134381378954,1.49840684099,0.0355088050495,-0.0856927669129,-0.0331787114473,0.995135693044
2018/10/02/14:07:51.788682,68151,1538482071,772977425,/world,vicon/IMUframe/IMUframe,-0.470791329851,0.129972174126,1.50065331805,0.0331804843928,-0.0851795626065,-0.0288943434897,0.995393698234
2018/10/02/14:07:51.798875,68152,1538482071,782906644,/world,vicon/IMUframe/IMUframe,-0.465553472731,0.12477602743,1.50314186517,0.0308155489299,-0.0836028477432,-0.023533953686,0.995744504789
2018/10/02/14:07:51.808511,68153,1538482071,792876536,/world,vicon/IMUframe/IMUframe,-0.459818897592,0.11908799303,1.50600771496,0.0282450645471,-0.0810550118866,-0.0179630398955,0.996147394001
2018/10/02/14:07:51.818609,68154,1538482071,802909075,/world,vicon/IMUframe/IMUframe,-0.453263473375,0.113169034501,1.50884115306,0.0260375320161,-0.0789057510437,-0.0126799521469,0.996461312943
2018/10/02/14:07:51.828998,68155,1538482071,812947176,/world,vicon/IMUframe/IMUframe,-0.445851320033,0.106689114862,1.51175743915,0.0239433709692,-0.0761862161292,-0.0070151677131,0.996781401753
2018/10/02/14:07:51.839037,68156,1538482071,822932537,/world,vicon/IMUframe/IMUframe,-0.438039162719,0.0999297185006,1.51470269095,0.0224471335118,-0.0730417046054,-0.00114429540713,0.997075586991
2018/10/02/14:07:51.849133,68157,1538482071,832913197,/world,vicon/IMUframe/IMUframe,-0.4294834082,0.0926254645138,1.51815610758,0.0207576304632,-0.0700065973803,0.00466555066299,0.997319622658
2018/10/02/14:07:51.858853,68158,1538482071,843018113,/world,vicon/IMUframe/IMUframe,-0.420747809796,0.0850303914921,1.52155784995,0.0193482179797,-0.0665095153515,0.0108100876844,0.997539609656
2018/10/02/14:07:51.868888,68159,1538482071,852995764,/world,vicon/IMUframe/IMUframe,-0.411455338727,0.0770437169979,1.52504071733,0.0177095239476,-0.0629032797325,0.0167349825229,0.997722150962
2018/10/02/14:07:51.878933,68160,1538482071,863013481,/world,vicon/IMUframe/IMUframe,-0.401669396245,0.068717047616,1.52860683263,0.0159676112893,-0.0593037505683,0.0227641242651,0.997852642029
2018/10/02/14:07:51.888636,68161,1538482071,872889031,/world,vicon/IMUframe/IMUframe,-0.391445772372,0.0601469746057,1.53215198655,0.0139989397018,-0.055746848743,0.0285409721295,0.997938741333
2018/10/02/14:07:51.898639,68162,1538482071,882895821,/world,vicon/IMUframe/IMUframe,-0.380695956821,0.0513038821264,1.53566966117,0.0119127609622,-0.0524260325524,0.0342328799897,0.997966786604
2018/10/02/14:07:51.909296,68163,1538482071,893115774,/world,vicon/IMUframe/IMUframe,-0.36943243615,0.0419833825941,1.53926257031,0.00931302968928,-0.0494184986405,0.0394461569634,0.997955449993
2018/10/02/14:07:51.918846,68164,1538482071,902964678,/world,vicon/IMUframe/IMUframe,-0.35767077615,0.0325141041317,1.54263772277,0.0071306624152,-0.0463112470323,0.0447261669169,0.997899790583
2018/10/02/14:07:51.929165,68165,1538482071,912903572,/world,vicon/IMUframe/IMUframe,-0.345337080426,0.023141345424,1.54588788425,0.0052082738523,-0.0428311895831,0.0507580060591,0.997778526479
2018/10/02/14:07:51.938875,68166,1538482071,922930083,/world,vicon/IMUframe/IMUframe,-0.332736255659,0.0131890196602,1.54919155419,0.00306973433722,-0.0389172940994,0.0566372764829,0.997631314597
2018/10/02/14:07:51.948976,68167,1538482071,933005052,/world,vicon/IMUframe/IMUframe,-0.319496881152,0.00299573564375,1.55221126305,0.0012803762051,-0.0348055982422,0.0623606921142,0.997445775492
2018/10/02/14:07:51.959169,68168,1538482071,942939884,/world,vicon/IMUframe/IMUframe,-0.30604068611,-0.00707878703672,1.55509308989,-0.000641244969146,-0.0305398029831,0.0676648899191,0.997240378199
2018/10/02/14:07:51.968994,68169,1538482071,952990238,/world,vicon/IMUframe/IMUframe,-0.292168333776,-0.0173705095642,1.55785299426,-0.00234877057733,-0.0260694685074,0.0730547876936,0.996984385075
2018/10/02/14:07:51.978638,68170,1538482071,962925840,/world,vicon/IMUframe/IMUframe,-0.278078471106,-0.027497950604,1.56022294436,-0.00398047466953,-0.0214529706289,0.0787399829782,0.996656380581
2018/10/02/14:07:51.989005,68171,1538482071,972873306,/world,vicon/IMUframe/IMUframe,-0.26360166531,-0.0380553974623,1.56232115539,-0.00526411032269,-0.0164389485255,0.0850952394086,0.996223293416
2018/10/02/14:07:51.999086,68172,1538482071,983040944,/world,vicon/IMUframe/IMUframe,-0.24938525241,-0.0482209512094,1.56406614791,-0.00652709252887,-0.0116212071022,0.0920220590957,0.995667758466
2018/10/02/14:07:52.009265,68173,1538482071,992963406,/world,vicon/IMUframe/IMUframe,-0.235751922619,-0.0580161771757,1.56563846424,-0.00698534052997,-0.0056727140763,0.099802750806,0.994966550324
2018/10/02/14:07:52.018828,68174,1538482072,2931969,/world,vicon/IMUframe/IMUframe,-0.220829851366,-0.0676166811065,1.56680196677,-0.00697841219053,-0.00408054499927,0.105668591225,0.994368543219
2018/10/02/14:07:52.028849,68175,1538482072,12905548,/world,vicon/IMUframe/IMUframe,-0.207048891274,-0.0768073912268,1.56751920596,-0.0072098540834,-0.00126547846001,0.112058052037,0.993674700061
2018/10/02/14:07:52.039200,68176,1538482072,22983257,/world,vicon/IMUframe/IMUframe,-0.193305495801,-0.0854192561125,1.56813018562,-0.00657798518392,0.000113823796685,0.117562763523,0.993043661572
2018/10/02/14:07:52.048962,68177,1538482072,32950371,/world,vicon/IMUframe/IMUframe,-0.180202056602,-0.0938480019918,1.56813661015,-0.00654441982324,0.00101774097025,0.122501744128,0.992446198773
2018/10/02/14:07:52.058898,68178,1538482072,42957978,/world,vicon/IMUframe/IMUframe,-0.167357854362,-0.102170948762,1.56821663346,-0.00595408387957,0.000838501009126,0.126384110981,0.991963155713
2018/10/02/14:07:52.068521,68179,1538482072,52887722,/world,vicon/IMUframe/IMUframe,-0.155180143807,-0.109922655317,1.56791087645,-0.005567971983,-0.000136425623711,0.129702654004,0.991537291593
2018/10/02/14:07:52.078766,68180,1538482072,62896280,/world,vicon/IMUframe/IMUframe,-0.142960016481,-0.117079546563,1.56788141138,-0.00438390296426,-0.00184943088339,0.131539678391,0.991299487546
2018/10/02/14:07:52.089060,68181,1538482072,73054746,/world,vicon/IMUframe/IMUframe,-0.131519123951,-0.124105464472,1.56724678374,-0.00377363615617,-0.0033677281556,0.133898982768,0.990982078794
2018/10/02/14:07:52.098902,68182,1538482072,82953429,/world,vicon/IMUframe/IMUframe,-0.120602250461,-0.130488350286,1.56667561347,-0.00227931874121,-0.00465816571629,0.135938555096,0.990703697094
2018/10/02/14:07:52.108806,68183,1538482072,92945916,/world,vicon/IMUframe/IMUframe,-0.110115111799,-0.13646037057,1.56581477167,0.000120941940218,-0.00510255011038,0.136670240812,0.990603449737
2018/10/02/14:07:52.118672,68184,1538482072,102885973,/world,vicon/IMUframe/IMUframe,-0.0999552565301,-0.141932361691,1.56494574774,0.00261210353518,-0.00508393260859,0.138224991849,0.990384360828
2018/10/02/14:07:52.128955,68185,1538482072,112911928,/world,vicon/IMUframe/IMUframe,-0.0902550465737,-0.146898792985,1.56411538136,0.00579060127252,-0.00512714536498,0.140469904843,0.990054739472
2018/10/02/14:07:52.139165,68186,1538482072,122948642,/world,vicon/IMUframe/IMUframe,-0.0807591695615,-0.151821910597,1.56345922955,0.00740323607706,-0.00470679240775,0.143367785656,0.989630595847
2018/10/02/14:07:52.148953,68187,1538482072,132937138,/world,vicon/IMUframe/IMUframe,-0.0731014849117,-0.155419895596,1.56313704895,0.0108393989375,-0.00293230528893,0.141118360888,0.989929046567
2018/10/02/14:07:52.159018,68188,1538482072,142909597,/world,vicon/IMUframe/IMUframe,-0.0639545843126,-0.159143438386,1.56166684334,0.0174104602437,-0.00351161385818,0.150483524035,0.988452959648
2018/10/02/14:07:52.168778,68189,1538482072,152880400,/world,vicon/IMUframe/IMUframe,-0.05645403529,-0.161862928353,1.5611215211,0.0211806625608,-0.00226347047034,0.155910878102,0.987541419042
2018/10/02/14:07:52.179232,68190,1538482072,163091462,/world,vicon/IMUframe/IMUframe,-0.0495655084024,-0.164311601037,1.56075088609,0.0246898992749,-0.00140724253778,0.160534689631,0.986720346384
2018/10/02/14:07:52.188865,68191,1538482072,172928348,/world,vicon/IMUframe/IMUframe,-0.0436592612512,-0.166338495868,1.56099345977,0.0276925089651,0.00130706027554,0.165758239232,0.985776659628
2018/10/02/14:07:52.198514,68192,1538482072,182931095,/world,vicon/IMUframe/IMUframe,-0.0379566371504,-0.167865393452,1.56096720419,0.0306665200239,0.00209904051687,0.171463201529,0.984710886047
2018/10/02/14:07:52.208396,68193,1538482072,192868087,/world,vicon/IMUframe/IMUframe,-0.0329487537668,-0.168912861929,1.5612425387,0.0328398747151,0.00262104413757,0.176415354911,0.98376434948
2018/10/02/14:07:52.218812,68194,1538482072,203014210,/world,vicon/IMUframe/IMUframe,-0.0281872928692,-0.169360108364,1.56125855365,0.0350272902144,0.000833495736535,0.181082969644,0.982843503479
2018/10/02/14:07:52.228803,68195,1538482072,212962844,/world,vicon/IMUframe/IMUframe,-0.0245475063472,-0.169287545667,1.56192303697,0.036495111144,0.00105692110954,0.185890959964,0.981891817251
2018/10/02/14:07:52.238566,68196,1538482072,222961728,/world,vicon/IMUframe/IMUframe,-0.0216216239685,-0.168628663011,1.56285087923,0.0375496899137,0.00114989757306,0.190506130462,0.980966927465
2018/10/02/14:07:52.248677,68197,1538482072,232925825,/world,vicon/IMUframe/IMUframe,-0.0194783918818,-0.16754715631,1.56404736763,0.0377946222436,0.00134070649107,0.19457623845,0.980158077285
2018/10/02/14:07:52.258846,68198,1538482072,242889871,/world,vicon/IMUframe/IMUframe,-0.0180667654153,-0.16601656232,1.56547873011,0.0373333904384,0.00154454725312,0.198045894575,0.979480298921
2018/10/02/14:07:52.268794,68199,1538482072,252994051,/world,vicon/IMUframe/IMUframe,-0.0173788148667,-0.164156718186,1.56713099154,0.03602594574,0.00179645336735,0.200937238316,0.978939799092
2018/10/02/14:07:52.278604,68200,1538482072,262972542,/world,vicon/IMUframe/IMUframe,-0.0174940744113,-0.16172784933,1.56899729326,0.0335837051861,0.00214215123467,0.203449628491,0.97850692108
2018/10/02/14:07:52.288492,68201,1538482072,272893952,/world,vicon/IMUframe/IMUframe,-0.0183393464879,-0.159084403717,1.57104419323,0.0302383681471,0.00249956371725,0.205063886336,0.978278179146
2018/10/02/14:07:52.298614,68202,1538482072,283031746,/world,vicon/IMUframe/IMUframe,-0.0200085581647,-0.155829382551,1.57320012937,0.0267802999597,0.00317889973751,0.207389479581,0.977886656975
2018/10/02/14:07:52.309004,68203,1538482072,293119861,/world,vicon/IMUframe/IMUframe,-0.0223160380983,-0.152565795053,1.57547013946,0.0224784785709,0.00382985680929,0.208472757143,0.977762322718
2018/10/02/14:07:52.319385,68204,1538482072,303021826,/world,vicon/IMUframe/IMUframe,-0.025801709787,-0.148993179301,1.57822604204,0.017748957612,0.00682318267426,0.209310375515,0.977664352108
2018/10/02/14:07:52.328853,68205,1538482072,312912519,/world,vicon/IMUframe/IMUframe,-0.0295812583426,-0.145159652196,1.58059333181,0.0129637233314,0.00771526263167,0.209674616362,0.977654832675
2018/10/02/14:07:52.338758,68206,1538482072,322905945,/world,vicon/IMUframe/IMUframe,-0.0341088081515,-0.141140002068,1.58284166424,0.00800138535174,0.0082897884668,0.209754194551,0.977686266196
2018/10/02/14:07:52.348974,68207,1538482072,332933254,/world,vicon/IMUframe/IMUframe,-0.0391788866185,-0.137009455404,1.58518175691,0.00336007566287,0.00857003352,0.209558687888,0.977752740087
2018/10/02/14:07:52.359086,68208,1538482072,342979934,/world,vicon/IMUframe/IMUframe,-0.0448380189145,-0.132639357839,1.58721671514,-0.000439914051977,0.00902568401597,0.210047562314,0.977649408055
2018/10/02/14:07:52.369036,68209,1538482072,352930264,/world,vicon/IMUframe/IMUframe,-0.0510843315083,-0.128050133608,1.58927179314,-0.00413365824412,0.00800787673071,0.209887371591,0.977684037932
2018/10/02/14:07:52.378936,68210,1538482072,362924395,/world,vicon/IMUframe/IMUframe,-0.0579167287522,-0.123394426731,1.59100024603,-0.00708166859466,0.00778227307819,0.209554585714,0.977740334548
2018/10/02/14:07:52.388864,68211,1538482072,372865655,/world,vicon/IMUframe/IMUframe,-0.0647829897492,-0.118427672477,1.59220042692,-0.00952163929392,0.00472783512614,0.209062266445,0.977844545267
2018/10/02/14:07:52.398794,68212,1538482072,382957948,/world,vicon/IMUframe/IMUframe,-0.0725455240995,-0.113610408015,1.59344619096,-0.0110202380901,0.00325353332833,0.207729902501,0.978118733324
2018/10/02/14:07:52.409013,68213,1538482072,392981599,/world,vicon/IMUframe/IMUframe,-0.0806803297502,-0.108408612446,1.59441483981,-0.0113438336323,0.00182097924099,0.206465579248,0.97838640938
2018/10/02/14:07:52.418871,68214,1538482072,402918102,/world,vicon/IMUframe/IMUframe,-0.0891259698079,-0.103728512905,1.59516488216,-0.0109320826167,0.000507743438113,0.205802028235,0.978532450632
2018/10/02/14:07:52.428655,68215,1538482072,412860352,/world,vicon/IMUframe/IMUframe,-0.0980289196218,-0.0987176694127,1.595660229,-0.00927733793172,-0.001410793418,0.204597361086,0.978801236462
2018/10/02/14:07:52.439179,68216,1538482072,423077684,/world,vicon/IMUframe/IMUframe,-0.107122750611,-0.0938375003055,1.59574507277,-0.00675724276228,-0.00316806399109,0.203820120665,0.978979908605
2018/10/02/14:07:52.448727,68217,1538482072,432969473,/world,vicon/IMUframe/IMUframe,-0.116606203177,-0.0885535489241,1.59559239732,-0.0036547358364,-0.00475875631202,0.201690204872,0.979430987055
2018/10/02/14:07:52.458742,68218,1538482072,442910079,/world,vicon/IMUframe/IMUframe,-0.126181329123,-0.0833605734494,1.59546863166,-0.000413754504626,-0.0057922783666,0.20113115428,0.979547108156
2018/10/02/14:07:52.468744,68219,1538482072,452927466,/world,vicon/IMUframe/IMUframe,-0.136008185923,-0.0780629895311,1.59493948916,0.00334855424941,-0.00733488672641,0.20008758747,0.979744836149
2018/10/02/14:07:52.478810,68220,1538482072,463014497,/world,vicon/IMUframe/IMUframe,-0.145994309964,-0.0726404476519,1.59430035695,0.00732794137774,-0.00887822904823,0.199047712507,0.979922183885
2018/10/02/14:07:52.489052,68221,1538482072,472952643,/world,vicon/IMUframe/IMUframe,-0.156102030166,-0.0672444005709,1.59338337322,0.011034051394,-0.0104323658664,0.198092148423,0.980065771357
2018/10/02/14:07:52.498655,68222,1538482072,482903742,/world,vicon/IMUframe/IMUframe,-0.166524199419,-0.0615270526888,1.59227865996,0.0142647915424,-0.0119527165877,0.197125010371,0.980201703005
2018/10/02/14:07:52.508888,68223,1538482072,492901342,/world,vicon/IMUframe/IMUframe,-0.177224895619,-0.0560849939352,1.59118874858,0.0164788078526,-0.0134945138075,0.19533371969,0.980505525196
2018/10/02/14:07:52.518863,68224,1538482072,502981717,/world,vicon/IMUframe/IMUframe,-0.187504644343,-0.0502672139656,1.59018366095,0.0184286300744,-0.0154308899857,0.194862385338,0.980536039117
2018/10/02/14:07:52.528877,68225,1538482072,512945356,/world,vicon/IMUframe/IMUframe,-0.198144019648,-0.0445899607049,1.58870522477,0.0204737658909,-0.0166571182155,0.194311704069,0.980584686289
2018/10/02/14:07:52.539039,68226,1538482072,522938769,/world,vicon/IMUframe/IMUframe,-0.208871638009,-0.0383401244517,1.58730996643,0.0218839729089,-0.0181201331132,0.194180380275,0.980554298559
2018/10/02/14:07:52.548886,68227,1538482072,532891251,/world,vicon/IMUframe/IMUframe,-0.219343904718,-0.0321392109895,1.58580874677,0.0239078029741,-0.0194867277726,0.193236231965,0.980667345767
2018/10/02/14:07:52.558391,68228,1538482072,542898051,/world,vicon/IMUframe/IMUframe,-0.229909990224,-0.0260910185541,1.58436224011,0.0245423816891,-0.0208409794402,0.19025013099,0.981207527863
2018/10/02/14:07:52.568792,68229,1538482072,552982122,/world,vicon/IMUframe/IMUframe,-0.240526860924,-0.0196873645257,1.58264793453,0.0253979820979,-0.0217800413097,0.187457717864,0.981702692427
2018/10/02/14:07:52.578953,68230,1538482072,562964382,/world,vicon/IMUframe/IMUframe,-0.251027479927,-0.0132903995462,1.58086788095,0.0261261584714,-0.0222236827732,0.184706725338,0.982194969129
2018/10/02/14:07:52.588979,68231,1538482072,572919135,/world,vicon/IMUframe/IMUframe,-0.261416439445,-0.00683878086342,1.57895652084,0.0263009524257,-0.0221809263452,0.181757176022,0.982741367488
2018/10/02/14:07:52.598742,68232,1538482072,582892939,/world,vicon/IMUframe/IMUframe,-0.271684650673,-0.000275138687566,1.57692504165,0.0265746516793,-0.0218262604362,0.178294141304,0.983376124085
2018/10/02/14:07:52.609123,68233,1538482072,592970723,/world,vicon/IMUframe/IMUframe,-0.282179594447,0.00622322756573,1.57479369989,0.0270330267865,-0.0204878917604,0.174448693717,0.98408186398
2018/10/02/14:07:52.619051,68234,1538482072,602953636,/world,vicon/IMUframe/IMUframe,-0.292388454545,0.0127514794448,1.57259871904,0.0279125822029,-0.0188758034036,0.170302908157,0.984815470672
2018/10/02/14:07:52.628651,68235,1538482072,612886756,/world,vicon/IMUframe/IMUframe,-0.302475884862,0.0191626900363,1.57048681163,0.0288158430253,-0.0167599349371,0.166234249704,0.985522666404
2018/10/02/14:07:52.638666,68236,1538482072,622928556,/world,vicon/IMUframe/IMUframe,-0.312004406315,0.0254508121015,1.56847948277,0.0290612675683,-0.0149632919651,0.163786205012,0.985954168138
2018/10/02/14:07:52.648910,68237,1538482072,632898755,/world,vicon/IMUframe/IMUframe,-0.322078392448,0.0316481621853,1.56623565515,0.0302635646738,-0.0131178841633,0.156011865819,0.987204302813
2018/10/02/14:07:52.658893,68238,1538482072,642929728,/world,vicon/IMUframe/IMUframe,-0.331718903778,0.0376448580191,1.56391130676,0.0310278995357,-0.0112526054211,0.150784067372,0.988015593677
2018/10/02/14:07:52.668884,68239,1538482072,652920512,/world,vicon/IMUframe/IMUframe,-0.341235243416,0.0436452255274,1.56156927094,0.0317097873679,-0.0103345365883,0.144616478824,0.988925558771
2018/10/02/14:07:52.678656,68240,1538482072,662913630,/world,vicon/IMUframe/IMUframe,-0.350281022847,0.04954419624,1.55918945057,0.0314751107207,-0.0100185352371,0.138067111063,0.989871920604
2018/10/02/14:07:52.688579,68241,1538482072,672869265,/world,vicon/IMUframe/IMUframe,-0.358954548801,0.054810662477,1.55697956114,0.0317194863154,-0.00964270186946,0.131353160793,0.990781126
2018/10/02/14:07:52.698658,68242,1538482072,682929372,/world,vicon/IMUframe/IMUframe,-0.36718398838,0.0595908957749,1.55481426685,0.0314685711867,-0.00985308332912,0.123813825034,0.991757421201
2018/10/02/14:07:52.708641,68243,1538482072,692975855,/world,vicon/IMUframe/IMUframe,-0.374732875332,0.0640058416807,1.55276394389,0.0314171901714,-0.010454762498,0.116146488542,0.992680034705
2018/10/02/14:07:52.718810,68244,1538482072,702970060,/world,vicon/IMUframe/IMUframe,-0.381594865133,0.0679050540967,1.55091247058,0.031790963931,-0.0112161295157,0.108314045679,0.993544966551
2018/10/02/14:07:52.728616,68245,1538482072,712960401,/world,vicon/IMUframe/IMUframe,-0.387925895463,0.0714829785975,1.54912734762,0.0325501418084,-0.0116802701521,0.101167254118,0.994268196339
2018/10/02/14:07:52.738579,68246,1538482072,722871254,/world,vicon/IMUframe/IMUframe,-0.393487828527,0.0745051559241,1.54760223308,0.0339186426593,-0.012050158409,0.0941980392161,0.994902532297
2018/10/02/14:07:52.748996,68247,1538482072,733039436,/world,vicon/IMUframe/IMUframe,-0.398419045439,0.0772189218575,1.54629652679,0.0357855112505,-0.0120900040891,0.0881115841684,0.995394182081
2018/10/02/14:07:52.759054,68248,1538482072,742986800,/world,vicon/IMUframe/IMUframe,-0.402828453912,0.079627957596,1.54523938488,0.0376367339909,-0.0114677313259,0.0827268062307,0.995795281634
2018/10/02/14:07:52.768675,68249,1538482072,752943239,/world,vicon/IMUframe/IMUframe,-0.406667856828,0.0816079361351,1.54421875153,0.0399952999137,-0.011049781158,0.0780359763435,0.996086675304
2018/10/02/14:07:52.778793,68250,1538482072,762907821,/world,vicon/IMUframe/IMUframe,-0.409794299168,0.0831967708926,1.54334580202,0.0420856540571,-0.0103219997289,0.0741047688554,0.996308555256
2018/10/02/14:07:52.788868,68251,1538482072,772903122,/world,vicon/IMUframe/IMUframe,-0.412442284865,0.08435632092,1.54255827058,0.0440113998109,-0.00955463484291,0.0708779444821,0.996467772999
2018/10/02/14:07:52.799153,68252,1538482072,782947994,/world,vicon/IMUframe/IMUframe,-0.414609397248,0.0855290599071,1.54199166514,0.0449434488576,-0.00801476489954,0.0679732694586,0.996642104563
2018/10/02/14:07:52.808846,68253,1538482072,792913746,/world,vicon/IMUframe/IMUframe,-0.416427827007,0.0860957117749,1.54150973837,0.0454515656194,-0.00645469119257,0.0655834147521,0.996790503493
2018/10/02/14:07:52.818672,68254,1538482072,802914242,/world,vicon/IMUframe/IMUframe,-0.417919603055,0.0864691787398,1.54112912674,0.045686890334,-0.00477013845321,0.0637846029636,0.996905952563
2018/10/02/14:07:52.829025,68255,1538482072,813018551,/world,vicon/IMUframe/IMUframe,-0.419132684914,0.0866115472947,1.5407565381,0.0455793237878,-0.00331341822797,0.0624193583375,0.997003194683
2018/10/02/14:07:52.839021,68256,1538482072,823027091,/world,vicon/IMUframe/IMUframe,-0.420073779577,0.0866327143085,1.54053961131,0.0450853449297,-0.0017139224936,0.0615913199744,0.997081181974
2018/10/02/14:07:52.848753,68257,1538482072,833000240,/world,vicon/IMUframe/IMUframe,-0.420872017117,0.0868060376595,1.54036867148,0.0445046728335,-0.000634100246612,0.0601016991762,0.997199437309
2018/10/02/14:07:52.858794,68258,1538482072,842918368,/world,vicon/IMUframe/IMUframe,-0.421560229076,0.0863966475566,1.54022657328,0.0436588770226,0.000447345024299,0.060886856452,0.997189296498
2018/10/02/14:07:52.868777,68259,1538482072,852891621,/world,vicon/IMUframe/IMUframe,-0.422127176844,0.0862739569536,1.54009086814,0.0428146476762,0.000763846859692,0.0603500656677,0.997258337672
2018/10/02/14:07:52.878819,68260,1538482072,863031917,/world,vicon/IMUframe/IMUframe,-0.422407740893,0.0859561946397,1.53999463332,0.0418606103961,0.000722346895677,0.0603175110649,0.997300839953
2018/10/02/14:07:52.888476,68261,1538482072,872918936,/world,vicon/IMUframe/IMUframe,-0.422500369504,0.0856999154982,1.53996211636,0.0404527413952,0.00044451857511,0.060373421494,0.997355717933
2018/10/02/14:07:52.898521,68262,1538482072,882886632,/world,vicon/IMUframe/IMUframe,-0.422498506233,0.0854598928158,1.53995443848,0.038986460986,-0.000181716254292,0.0604500743683,0.99740955046
2018/10/02/14:07:52.908555,68263,1538482072,893140998,/world,vicon/IMUframe/IMUframe,-0.422340290061,0.0852077162959,1.54000726494,0.0370753159089,-0.000972614637672,0.0605509799654,0.997475841209
2018/10/02/14:07:52.918598,68264,1538482072,902981115,/world,vicon/IMUframe/IMUframe,-0.421994797433,0.0849701831081,1.54004441227,0.0351460858224,-0.00175520710027,0.0607502005315,0.997532498235
2018/10/02/14:07:52.928406,68265,1538482072,912940086,/world,vicon/IMUframe/IMUframe,-0.421563016902,0.0846884603215,1.54006017223,0.0334965199835,-0.00284362294981,0.0608982780993,0.997577714608
2018/10/02/14:07:52.938614,68266,1538482072,923016650,/world,vicon/IMUframe/IMUframe,-0.420740921357,0.0844175847646,1.54009175312,0.0318851403925,-0.00379609476773,0.0605452946719,0.997648833398
2018/10/02/14:07:52.948435,68267,1538482072,932936240,/world,vicon/IMUframe/IMUframe,-0.420089104577,0.0839984037019,1.54014506376,0.0305382082479,-0.00454922712655,0.0614200396484,0.997634352405
2018/10/02/14:07:52.958424,68268,1538482072,942948772,/world,vicon/IMUframe/IMUframe,-0.419359813631,0.0837550356555,1.54030001295,0.029501841191,-0.00512419559135,0.0620804477859,0.997621873251
2018/10/02/14:07:52.968758,68269,1538482072,952920147,/world,vicon/IMUframe/IMUframe,-0.418397690477,0.0833971220055,1.54046479017,0.0283593107163,-0.00538163345963,0.0628945505656,0.997602657888
2018/10/02/14:07:52.978804,68270,1538482072,962913339,/world,vicon/IMUframe/IMUframe,-0.417323383068,0.082931859299,1.54064102931,0.0273238236069,-0.00541942583998,0.0639799789499,0.997562329271
2018/10/02/14:07:52.988770,68271,1538482072,972915185,/world,vicon/IMUframe/IMUframe,-0.416034880601,0.082399720529,1.54082078482,0.0257977965629,-0.004998373201,0.0648662868,0.997547921052
2018/10/02/14:07:52.998645,68272,1538482072,982891964,/world,vicon/IMUframe/IMUframe,-0.414846810035,0.0819433698099,1.54102500282,0.0249677928577,-0.00477222777671,0.0663296363995,0.9974739167
2018/10/02/14:07:53.008772,68273,1538482072,992918333,/world,vicon/IMUframe/IMUframe,-0.413553440538,0.0811422086217,1.54128520192,0.0240222102351,-0.00445545179278,0.0681664126034,0.99737476535
2018/10/02/14:07:53.018946,68274,1538482073,2981081,/world,vicon/IMUframe/IMUframe,-0.412286084766,0.0806441403197,1.54152717572,0.0232268675961,-0.00431504542687,0.069758537341,0.997284131766
2018/10/02/14:07:53.028831,68275,1538482073,12928049,/world,vicon/IMUframe/IMUframe,-0.411014566301,0.0801419166624,1.54173672248,0.0224856831887,-0.00429039300915,0.0712799208602,0.997193641908
2018/10/02/14:07:53.038933,68276,1538482073,22875822,/world,vicon/IMUframe/IMUframe,-0.409754591289,0.07962146508,1.54193125101,0.0217713821766,-0.00456093219216,0.0726621469755,0.997108528302
2018/10/02/14:07:53.048526,68277,1538482073,32861456,/world,vicon/IMUframe/IMUframe,-0.408536468701,0.0791719842864,1.54208790204,0.0212357436783,-0.00491485210874,0.0739677986573,0.997022393019
2018/10/02/14:07:53.058780,68278,1538482073,42937523,/world,vicon/IMUframe/IMUframe,-0.407286154093,0.0786891827236,1.5422041738,0.0208372096169,-0.00544031321885,0.0754084458409,0.996920147245
2018/10/02/14:07:53.068498,68279,1538482073,52924983,/world,vicon/IMUframe/IMUframe,-0.406098163282,0.0782786579124,1.54232736361,0.0206750007262,-0.006141478493,0.0766149086858,0.996827458668
2018/10/02/14:07:53.078685,68280,1538482073,62926111,/world,vicon/IMUframe/IMUframe,-0.404985348189,0.0779419905424,1.54247039111,0.0208461735384,-0.00699627220645,0.0778135853094,0.9967254061
2018/10/02/14:07:53.088470,68281,1538482073,72911516,/world,vicon/IMUframe/IMUframe,-0.403941897899,0.0776440241904,1.54254530159,0.0210710647108,-0.00781376204461,0.0789014934413,0.99662907327
2018/10/02/14:07:53.098609,68282,1538482073,82955712,/world,vicon/IMUframe/IMUframe,-0.402902632993,0.0774251266071,1.54257176734,0.0212374782706,-0.00873193377656,0.0797388348512,0.996551273676
2018/10/02/14:07:53.108754,68283,1538482073,92984967,/world,vicon/IMUframe/IMUframe,-0.401862475613,0.0772501433399,1.54262980319,0.0215421256608,-0.00969490491195,0.0806280970532,0.996464277135
2018/10/02/14:07:53.118601,68284,1538482073,103078275,/world,vicon/IMUframe/IMUframe,-0.400838100033,0.0771253811957,1.5426790579,0.0216779435457,-0.0107283388977,0.0814129051813,0.996386927041
2018/10/02/14:07:53.128633,68285,1538482073,112900797,/world,vicon/IMUframe/IMUframe,-0.399837939924,0.077081179688,1.54273894615,0.0216054380209,-0.0117610777512,0.0820193540607,0.996327108764
2018/10/02/14:07:53.138256,68286,1538482073,122914105,/world,vicon/IMUframe/IMUframe,-0.398900859034,0.0771182991692,1.54278133448,0.0214402330793,-0.0126832519849,0.0827223647975,0.996261241787
2018/10/02/14:07:53.149309,68287,1538482073,133212447,/world,vicon/IMUframe/IMUframe,-0.397948086344,0.0772617614259,1.54286736135,0.0213048374508,-0.0136040318673,0.0833772363413,0.996197405477
2018/10/02/14:07:53.158891,68288,1538482073,142977045,/world,vicon/IMUframe/IMUframe,-0.397012476393,0.0774614358132,1.54291437708,0.0208390229501,-0.0143451326743,0.0839207962017,0.996151219573
2018/10/02/14:07:53.168686,68289,1538482073,152946548,/world,vicon/IMUframe/IMUframe,-0.396081532177,0.0777351361688,1.54295693341,0.0201875856972,-0.014987271838,0.0844584683002,0.99610973803
2018/10/02/14:07:53.178598,68290,1538482073,162864347,/world,vicon/IMUframe/IMUframe,-0.395141484802,0.0780676278187,1.54300739937,0.0192895687699,-0.0155244320104,0.0849093352391,0.996080975291
2018/10/02/14:07:53.188936,68291,1538482073,172957288,/world,vicon/IMUframe/IMUframe,-0.394181988577,0.0785178954086,1.54301978633,0.0184083250318,-0.01585705111,0.0853269375271,0.996056725911
2018/10/02/14:07:53.198617,68292,1538482073,182944718,/world,vicon/IMUframe/IMUframe,-0.393230705775,0.079030093994,1.54296356269,0.0173851126746,-0.0159983774558,0.0857218740535,0.996038940044
2018/10/02/14:07:53.208370,68293,1538482073,192944866,/world,vicon/IMUframe/IMUframe,-0.392230356284,0.0796488539524,1.54294784712,0.016423157541,-0.0160950646546,0.0860321954573,0.996026952514
2018/10/02/14:07:53.218513,68294,1538482073,202919095,/world,vicon/IMUframe/IMUframe,-0.391075550671,0.0804220519255,1.54292491063,0.015571825317,-0.016282549649,0.0862306218163,0.996020419818
2018/10/02/14:07:53.228356,68295,1538482073,212936815,/world,vicon/IMUframe/IMUframe,-0.389915666607,0.0812515771242,1.54281038927,0.0147639927835,-0.0163060112183,0.0864683773305,0.996011725954
2018/10/02/14:07:53.238273,68296,1538482073,223025242,/world,vicon/IMUframe/IMUframe,-0.388667817933,0.0821787721794,1.54262332275,0.0139491697802,-0.0161377944911,0.086760581587,0.996000800067
2018/10/02/14:07:53.248718,68297,1538482073,233006196,/world,vicon/IMUframe/IMUframe,-0.387272711399,0.0832040755604,1.54246998225,0.0134382978817,-0.0159922763301,0.0870926041128,0.995981193375
2018/10/02/14:07:53.258456,68298,1538482073,242937268,/world,vicon/IMUframe/IMUframe,-0.38593531171,0.0842359489535,1.5422340156,0.0127862873765,-0.0153550911695,0.0876303192568,0.995952639023
2018/10/02/14:07:53.268761,68299,1538482073,253054781,/world,vicon/IMUframe/IMUframe,-0.384482105402,0.0853093435503,1.54206337622,0.0123928543976,-0.0145053479055,0.0883988702399,0.995902430855
2018/10/02/14:07:53.278790,68300,1538482073,263044229,/world,vicon/IMUframe/IMUframe,-0.382990060094,0.0863720944081,1.54190297201,0.0119693995315,-0.0134246648939,0.0893537971211,0.995837542367
2018/10/02/14:07:53.288676,68301,1538482073,272999143,/world,vicon/IMUframe/IMUframe,-0.381463862911,0.0874216158024,1.54174631039,0.0114839999991,-0.0120576603389,0.090519723022,0.995755447043
2018/10/02/14:07:53.298723,68302,1538482073,282945613,/world,vicon/IMUframe/IMUframe,-0.379962172313,0.0884208905563,1.54165856504,0.0109556769972,-0.010445107428,0.0919572996013,0.995647893546
2018/10/02/14:07:53.308511,68303,1538482073,292932732,/world,vicon/IMUframe/IMUframe,-0.378532662523,0.0893761929645,1.54160749541,0.010264615173,-0.00882834288011,0.0935335638434,0.995524068254
2018/10/02/14:07:53.318857,68304,1538482073,302994442,/world,vicon/IMUframe/IMUframe,-0.377199994801,0.0901772098217,1.54167000204,0.00940497634307,-0.00713143680649,0.0953271132249,0.995376024683
2018/10/02/14:07:53.328731,68305,1538482073,313030152,/world,vicon/IMUframe/IMUframe,-0.375973655667,0.0908320867592,1.54171429074,0.00850585909519,-0.00587242049342,0.0971328087819,0.995217756321
2018/10/02/14:07:53.338965,68306,1538482073,322958119,/world,vicon/IMUframe/IMUframe,-0.374969640353,0.0912327662412,1.54200994719,0.00709669991544,-0.00463638828218,0.098823266968,0.995068893424
2018/10/02/14:07:53.348660,68307,1538482073,332904190,/world,vicon/IMUframe/IMUframe,-0.37417880928,0.0914289816695,1.54245311353,0.00560503094878,-0.0037431687907,0.100473480738,0.994916907075
2018/10/02/14:07:53.358511,68308,1538482073,342891362,/world,vicon/IMUframe/IMUframe,-0.373632933899,0.0913344746869,1.54310963383,0.00386461461128,-0.0029741657738,0.102115690243,0.994760576671
2018/10/02/14:07:53.368947,68309,1538482073,353021547,/world,vicon/IMUframe/IMUframe,-0.373394156571,0.0909405413138,1.54402158795,0.00205634663329,-0.00236235552063,0.103590292558,0.994615122549
2018/10/02/14:07:53.378830,68310,1538482073,362988896,/world,vicon/IMUframe/IMUframe,-0.373458159248,0.0902171318511,1.54524445645,0.000152690201967,-0.00170267329779,0.10498593066,0.994472237899
2018/10/02/14:07:53.388820,68311,1538482073,372914331,/world,vicon/IMUframe/IMUframe,-0.373929518519,0.08903453213,1.54680846178,-0.0017955634431,-0.000898801316511,0.10647081518,0.994313800378
2018/10/02/14:07:53.398816,68312,1538482073,382870420,/world,vicon/IMUframe/IMUframe,-0.374681637354,0.0875709377839,1.54863091525,-0.003766577919,-2.31812338255e-05,0.107849651198,0.994160080213
2018/10/02/14:07:53.409176,68313,1538482073,393018555,/world,vicon/IMUframe/IMUframe,-0.375877908901,0.0856998059771,1.55075635274,-0.0057403628089,0.00105117538655,0.109103479385,0.994013266537
2018/10/02/14:07:53.418998,68314,1538482073,402967777,/world,vicon/IMUframe/IMUframe,-0.377311185444,0.0834108252824,1.55311091557,-0.00776665954671,0.00209734503836,0.11023070172,0.99387346908
2018/10/02/14:07:53.429028,68315,1538482073,412923097,/world,vicon/IMUframe/IMUframe,-0.379199133096,0.0806325884689,1.55581430598,-0.0095796684103,0.00326033343473,0.111253208655,0.99374057165
2018/10/02/14:07:53.438983,68316,1538482073,423023395,/world,vicon/IMUframe/IMUframe,-0.381538359327,0.0773824553771,1.55871282839,-0.0112351871004,0.00437355263949,0.112020139006,0.993632794882
2018/10/02/14:07:53.449075,68317,1538482073,433018268,/world,vicon/IMUframe/IMUframe,-0.384155803143,0.073855183911,1.56170682661,-0.0125908154464,0.00522938074411,0.112139628079,0.993598927514
2018/10/02/14:07:53.458981,68318,1538482073,443170337,/world,vicon/IMUframe/IMUframe,-0.387176853684,0.0699069827347,1.56489019891,-0.0134704302301,0.00600313679919,0.111753587338,0.993626512114
2018/10/02/14:07:53.469028,68319,1538482073,452928158,/world,vicon/IMUframe/IMUframe,-0.390550641419,0.0654858095615,1.56814648776,-0.0138880030988,0.00649297684545,0.111186569304,0.993681292683
2018/10/02/14:07:53.478788,68320,1538482073,462941569,/world,vicon/IMUframe/IMUframe,-0.394287058768,0.0606269043371,1.57151516179,-0.0140787176423,0.00668165822976,0.110376627235,0.993767651573
2018/10/02/14:07:53.488835,68321,1538482073,472903341,/world,vicon/IMUframe/IMUframe,-0.398300196504,0.0554088842747,1.57502606751,-0.0139009140149,0.00697679606984,0.109048900787,0.993914697619
2018/10/02/14:07:53.499146,68322,1538482073,482983293,/world,vicon/IMUframe/IMUframe,-0.40270896273,0.0496974835355,1.57868771894,-0.0138646027701,0.00744267165942,0.107273634578,0.994104997851
2018/10/02/14:07:53.509244,68323,1538482073,492998238,/world,vicon/IMUframe/IMUframe,-0.407524262025,0.0433974432215,1.58257772756,-0.0137734939764,0.00795400039209,0.105099980606,0.994334460239
2018/10/02/14:07:53.518697,68324,1538482073,502898091,/world,vicon/IMUframe/IMUframe,-0.412445638829,0.0373020329814,1.58631194943,-0.0130558766902,0.008738503296,0.103329479353,0.994523102467
2018/10/02/14:07:53.528867,68325,1538482073,512876225,/world,vicon/IMUframe/IMUframe,-0.41772154279,0.0304628662851,1.59027176711,-0.0129645425718,0.0096700178018,0.100870358658,0.994768104704
2018/10/02/14:07:53.539159,68326,1538482073,523081096,/world,vicon/IMUframe/IMUframe,-0.423379161432,0.023034079402,1.59430777054,-0.0121177367832,0.0100189952037,0.0979610407327,0.995066035341
2018/10/02/14:07:53.548983,68327,1538482073,532951040,/world,vicon/IMUframe/IMUframe,-0.429321441349,0.0154730628347,1.5983165326,-0.0121466329998,0.0109969619735,0.0951848152726,0.995324759601
2018/10/02/14:07:53.558940,68328,1538482073,542920813,/world,vicon/IMUframe/IMUframe,-0.435570923629,0.00765811836779,1.60237984115,-0.011944829698,0.0118194122946,0.0919860067055,0.995618499781
2018/10/02/14:07:53.568718,68329,1538482073,552900185,/world,vicon/IMUframe/IMUframe,-0.442128024855,-0.000380454272518,1.60645571455,-0.0120216093319,0.0122539286537,0.0879481853129,0.99597712767
2018/10/02/14:07:53.579091,68330,1538482073,562923563,/world,vicon/IMUframe/IMUframe,-0.448895115098,-0.00871034944645,1.61041008223,-0.0112739746912,0.0126729821912,0.0842949145055,0.996296472143
2018/10/02/14:07:53.588935,68331,1538482073,572942222,/world,vicon/IMUframe/IMUframe,-0.456026126336,-0.0171366634502,1.61428123993,-0.00997084056325,0.0129927013946,0.0808577068101,0.99659109132
2018/10/02/14:07:53.598850,68332,1538482073,583030433,/world,vicon/IMUframe/IMUframe,-0.463562230424,-0.0258138710945,1.61820305013,-0.00870257358302,0.0125295793457,0.0768195077906,0.996928301372
2018/10/02/14:07:53.608578,68333,1538482073,592910085,/world,vicon/IMUframe/IMUframe,-0.471305582447,-0.0345542899069,1.62193978992,-0.00850266046603,0.0121045465072,0.072564934636,0.997253987197
2018/10/02/14:07:53.618649,68334,1538482073,602905587,/world,vicon/IMUframe/IMUframe,-0.479146448483,-0.0434864651718,1.62556465275,-0.00852458094786,0.0109527447155,0.0683591903141,0.99756422851
2018/10/02/14:07:53.628731,68335,1538482073,613005158,/world,vicon/IMUframe/IMUframe,-0.487051206313,-0.0523095429685,1.62897683503,-0.00932407728469,0.00968894269652,0.0641284496363,0.997851054977
2018/10/02/14:07:53.638904,68336,1538482073,622990293,/world,vicon/IMUframe/IMUframe,-0.494855819187,-0.0612826937753,1.63223186114,-0.00961667352025,0.00809501759718,0.0605197387883,0.998087847585
2018/10/02/14:07:53.648797,68337,1538482073,632919956,/world,vicon/IMUframe/IMUframe,-0.502585844664,-0.0702782109579,1.63532591294,-0.00999913854322,0.00675196155154,0.0572539968469,0.998286736408
2018/10/02/14:07:53.658514,68338,1538482073,642872798,/world,vicon/IMUframe/IMUframe,-0.510266342529,-0.0794808501031,1.63820625049,-0.0106856038039,0.00626891970606,0.0548001037478,0.998420486141
2018/10/02/14:07:53.669197,68339,1538482073,653127590,/world,vicon/IMUframe/IMUframe,-0.51768753462,-0.0882726322724,1.64073874511,-0.0111594166614,0.0060050518285,0.053424100805,0.998491498324
2018/10/02/14:07:53.679026,68340,1538482073,663001778,/world,vicon/IMUframe/IMUframe,-0.524941871866,-0.0972736414322,1.64284033479,-0.0122218078498,0.00598032825023,0.0531788999526,0.99849229726
2018/10/02/14:07:53.688802,68341,1538482073,672929591,/world,vicon/IMUframe/IMUframe,-0.532010756202,-0.106203228253,1.64497179082,-0.0108625425236,0.00547177337447,0.0529926506093,0.998520827949
2018/10/02/14:07:53.698848,68342,1538482073,682881151,/world,vicon/IMUframe/IMUframe,-0.538787938735,-0.114657276686,1.64633045601,-0.00962166034728,0.00399352753076,0.0517440234244,0.998606044158
2018/10/02/14:07:53.708910,68343,1538482073,693089538,/world,vicon/IMUframe/IMUframe,-0.545455736652,-0.122614676996,1.64719183361,-0.00713179553766,0.00106001048352,0.0505527230253,0.998695366999
2018/10/02/14:07:53.719015,68344,1538482073,702941857,/world,vicon/IMUframe/IMUframe,-0.551413930867,-0.13030935703,1.64743752843,-0.00420839551495,-0.00315365689777,0.0487627117148,0.998796546751
2018/10/02/14:07:53.728891,68345,1538482073,713006957,/world,vicon/IMUframe/IMUframe,-0.557088611474,-0.137536525259,1.64765153394,-0.000758084666776,-0.00819028534792,0.0473319353943,0.998845349604
2018/10/02/14:07:53.738497,68346,1538482073,722927350,/world,vicon/IMUframe/IMUframe,-0.562439754832,-0.144557166993,1.64751923886,0.00252684457283,-0.0139145250636,0.0469381950332,0.998797680662
2018/10/02/14:07:53.748748,68347,1538482073,732871326,/world,vicon/IMUframe/IMUframe,-0.567154930116,-0.151097844026,1.64745618105,0.00613578245242,-0.0197497051848,0.0467367811424,0.998693133353
2018/10/02/14:07:53.758927,68348,1538482073,742941739,/world,vicon/IMUframe/IMUframe,-0.571694965764,-0.157316836186,1.64688457826,0.00928376007091,-0.02523923029,0.0477508117509,0.998497197307
2018/10/02/14:07:53.768816,68349,1538482073,753034354,/world,vicon/IMUframe/IMUframe,-0.575579707736,-0.162918014796,1.64622111455,0.0134237724676,-0.0306713939744,0.0492579119749,0.998224787326
2018/10/02/14:07:53.778870,68350,1538482073,762957433,/world,vicon/IMUframe/IMUframe,-0.578893499528,-0.168287848896,1.64531207227,0.0177013127479,-0.0357492599768,0.0508854542333,0.997907472908
2018/10/02/14:07:53.788825,68351,1538482073,772920865,/world,vicon/IMUframe/IMUframe,-0.581753916417,-0.172920882479,1.64419999746,0.0228738342115,-0.0404371396291,0.0524059175514,0.997544608152
2018/10/02/14:07:53.799486,68352,1538482073,783258497,/world,vicon/IMUframe/IMUframe,-0.584106730819,-0.177066338901,1.64312872899,0.0284938187499,-0.0446914555088,0.0539991608563,0.997133324448
2018/10/02/14:07:53.808870,68353,1538482073,792983689,/world,vicon/IMUframe/IMUframe,-0.58596273865,-0.180394434651,1.64194929254,0.034095907823,-0.0482265874259,0.0552713095616,0.996723004487
2018/10/02/14:07:53.819081,68354,1538482073,802935028,/world,vicon/IMUframe/IMUframe,-0.58731675288,-0.182959183915,1.64085554414,0.0400069380932,-0.0518531474545,0.0565186610485,0.996251141508
2018/10/02/14:07:53.828802,68355,1538482073,812900787,/world,vicon/IMUframe/IMUframe,-0.588022328873,-0.184975724501,1.6400584317,0.0464549663508,-0.0545806508489,0.0576179965949,0.995762549568
2018/10/02/14:07:53.838824,68356,1538482073,822996998,/world,vicon/IMUframe/IMUframe,-0.588317395384,-0.186225346472,1.63940667852,0.0519730794514,-0.0565597006735,0.0587195100662,0.995314934284
2018/10/02/14:07:53.848689,68357,1538482073,833069410,/world,vicon/IMUframe/IMUframe,-0.587880962228,-0.186780141578,1.63912777013,0.0570259037432,-0.0587627173465,0.0592583622354,0.994878603578
2018/10/02/14:07:53.858725,68358,1538482073,842929533,/world,vicon/IMUframe/IMUframe,-0.587351588098,-0.186390535195,1.63848425006,0.0603364587819,-0.0596526818965,0.0599716977952,0.994587585257
2018/10/02/14:07:53.868498,68359,1538482073,852966233,/world,vicon/IMUframe/IMUframe,-0.585930177481,-0.185601091816,1.638624471,0.0632247823201,-0.060132216158,0.0605752713799,0.994342687396
2018/10/02/14:07:53.878712,68360,1538482073,862878428,/world,vicon/IMUframe/IMUframe,-0.583759092313,-0.184298942723,1.63934785292,0.0657653712038,-0.0597265045076,0.0613423442969,0.994155308494
2018/10/02/14:07:53.889051,68361,1538482073,873219201,/world,vicon/IMUframe/IMUframe,-0.581199376262,-0.181993654159,1.64010868098,0.0660425056726,-0.0578940786345,0.0621496261941,0.994195195657
2018/10/02/14:07:53.899008,68362,1538482073,882976908,/world,vicon/IMUframe/IMUframe,-0.578217203223,-0.17896491235,1.64095375496,0.0652802015355,-0.0556096902731,0.0631261787967,0.994314408618
2018/10/02/14:07:53.908998,68363,1538482073,892923354,/world,vicon/IMUframe/IMUframe,-0.574816238361,-0.175553953762,1.64205236742,0.0620338743868,-0.0518639911532,0.0652189425581,0.994589570819
2018/10/02/14:07:53.918009,68364,1538482073,902927111,/world,vicon/IMUframe/IMUframe,-0.57083177884,-0.171439036858,1.6436678017,0.0574544262793,-0.0470423584122,0.066764601435,0.995001755481
2018/10/02/14:07:53.928392,68365,1538482073,912957923,/world,vicon/IMUframe/IMUframe,-0.566579151823,-0.167177564261,1.64545950196,0.0514052860897,-0.0410228919984,0.069265565654,0.995427998556
2018/10/02/14:07:53.938191,68366,1538482073,923007311,/world,vicon/IMUframe/IMUframe,-0.562011925282,-0.162223410834,1.6474119926,0.0443970314664,-0.0346272446083,0.0725413050614,0.995774882485
2018/10/02/14:07:53.948120,68367,1538482073,932906171,/world,vicon/IMUframe/IMUframe,-0.556957779107,-0.156393006904,1.6493060682,0.0377789813645,-0.0281207955396,0.0746111856796,0.996099965062
2018/10/02/14:07:53.957773,68368,1538482073,942990670,/world,vicon/IMUframe/IMUframe,-0.551753737362,-0.150639782364,1.65112259067,0.031156630561,-0.0223986145109,0.0771183270163,0.996283257953
2018/10/02/14:07:53.968468,68369,1538482073,953011119,/world,vicon/IMUframe/IMUframe,-0.546006020433,-0.143763298438,1.65312190798,0.0245730165074,-0.0164688074775,0.0779804241799,0.99651592997
2018/10/02/14:07:53.978037,68370,1538482073,963053220,/world,vicon/IMUframe/IMUframe,-0.540285258007,-0.136936838123,1.6548260824,0.0187284890601,-0.0120523824967,0.0790905510192,0.996618617382
2018/10/02/14:07:53.988246,68371,1538482073,972981898,/world,vicon/IMUframe/IMUframe,-0.534217254661,-0.129400652183,1.65647545054,0.0141541772034,-0.00807293801295,0.0787049667617,0.99676477423
2018/10/02/14:07:53.998290,68372,1538482073,983047787,/world,vicon/IMUframe/IMUframe,-0.527772659437,-0.121651576497,1.65768731423,0.0104562884179,-0.00514782215883,0.0777098875568,0.996907889093
2018/10/02/14:07:54.008214,68373,1538482073,993023377,/world,vicon/IMUframe/IMUframe,-0.521070503307,-0.11339294167,1.65870054616,0.00669754133795,-0.00240694330686,0.0769341381129,0.997010776249
2018/10/02/14:07:54.019201,68374,1538482074,3130559,/world,vicon/IMUframe/IMUframe,-0.514194292188,-0.10513902877,1.65956791046,0.00437985293593,6.58786243222e-05,0.0752745744967,0.997153223423
2018/10/02/14:07:54.028747,68375,1538482074,13017422,/world,vicon/IMUframe/IMUframe,-0.507082622941,-0.096731196772,1.66022017279,0.00237536865577,0.00255545558171,0.0736420098359,0.997278637923
2018/10/02/14:07:54.039028,68376,1538482074,22995828,/world,vicon/IMUframe/IMUframe,-0.499552331153,-0.088232944735,1.66058749265,0.000767314798969,0.0043848783804,0.0719088692815,0.997401272602
2018/10/02/14:07:54.048854,68377,1538482074,33119343,/world,vicon/IMUframe/IMUframe,-0.491965463654,-0.0797643987541,1.66069578395,-0.000389672040867,0.00647701258387,0.0708121275086,0.99746856545
2018/10/02/14:07:54.058861,68378,1538482074,43024578,/world,vicon/IMUframe/IMUframe,-0.484135881947,-0.0712369960915,1.66044654546,-0.0010602217062,0.00810405697613,0.0698893427413,0.997521267924
2018/10/02/14:07:54.069082,68379,1538482074,53119675,/world,vicon/IMUframe/IMUframe,-0.476015544303,-0.0625188590616,1.66008586789,-0.00148319608387,0.00908229673119,0.0697114893241,0.997524746696
2018/10/02/14:07:54.078569,68380,1538482074,62962843,/world,vicon/IMUframe/IMUframe,-0.467685392627,-0.0540026194256,1.65937521425,-0.0026556285456,0.00954850799828,0.0701411588924,0.997487840257
2018/10/02/14:07:54.088631,68381,1538482074,73031179,/world,vicon/IMUframe/IMUframe,-0.459032550083,-0.0454571043886,1.65835019679,-0.00431501420398,0.00942601663324,0.0715205820232,0.997385250147
2018/10/02/14:07:54.098687,68382,1538482074,82999698,/world,vicon/IMUframe/IMUframe,-0.450056546302,-0.0370565398679,1.65711044477,-0.00659128362737,0.00883411550064,0.0732442361931,0.997253124963
2018/10/02/14:07:54.108535,68383,1538482074,93014310,/world,vicon/IMUframe/IMUframe,-0.44088882079,-0.0289764204282,1.65566747162,-0.00792358545278,0.00769970009712,0.0755305171311,0.997082279651
2018/10/02/14:07:54.121138,68384,1538482074,105766150,/world,vicon/IMUframe/IMUframe,-0.431622136959,-0.0204465789256,1.65403791411,-0.0100460415908,0.0072840323713,0.0786007913294,0.996828939951
2018/10/02/14:07:54.128673,68385,1538482074,113015768,/world,vicon/IMUframe/IMUframe,-0.422192719891,-0.0118903505515,1.65239518678,-0.0122274717598,0.00624822688541,0.0818651947657,0.996548813898
2018/10/02/14:07:54.138171,68386,1538482074,122995165,/world,vicon/IMUframe/IMUframe,-0.412591501947,-0.0034591024419,1.65032634448,-0.0136411082951,0.00527525338321,0.085865931485,0.996199344347
2018/10/02/14:07:54.148085,68387,1538482074,132866760,/world,vicon/IMUframe/IMUframe,-0.402910013208,0.00486820784098,1.64806634269,-0.0152795335649,0.00402024141254,0.0900000317002,0.995816432786
2018/10/02/14:07:54.158591,68388,1538482074,143179457,/world,vicon/IMUframe/IMUframe,-0.393187153969,0.0131179360002,1.64562094079,-0.0166200611094,0.00263944869649,0.0942815176617,0.995403336496
2018/10/02/14:07:54.168514,68389,1538482074,152961461,/world,vicon/IMUframe/IMUframe,-0.383489338996,0.0211672922711,1.64283453713,-0.0169626325059,0.00118311267573,0.099433572355,0.994898906438
2018/10/02/14:07:54.178614,68390,1538482074,162993809,/world,vicon/IMUframe/IMUframe,-0.373842565096,0.0292766672301,1.64001663495,-0.0176748752972,2.3994183002e-05,0.103854111923,0.994435478874
2018/10/02/14:07:54.188372,68391,1538482074,173008850,/world,vicon/IMUframe/IMUframe,-0.363982742826,0.0372358680578,1.63708066509,-0.0182426374527,-0.00122999400037,0.108723104541,0.993903908752
2018/10/02/14:07:54.198572,68392,1538482074,182937078,/world,vicon/IMUframe/IMUframe,-0.354148860886,0.0450555672138,1.63399464008,-0.018331153035,-0.00248778409179,0.113018247697,0.993420684024
2018/10/02/14:07:54.208672,68393,1538482074,193090853,/world,vicon/IMUframe/IMUframe,-0.344392299887,0.0526148847177,1.63079639057,-0.0184197772738,-0.00311442680324,0.118141558243,0.99282102333
2018/10/02/14:07:54.218817,68394,1538482074,203082536,/world,vicon/IMUframe/IMUframe,-0.334759156845,0.0604808953273,1.62735064144,-0.0180011986646,-0.00397532079405,0.123221715102,0.992207923068
2018/10/02/14:07:54.228457,68395,1538482074,212995780,/world,vicon/IMUframe/IMUframe,-0.325114914875,0.0679226997727,1.62399792711,-0.0175433892575,-0.00477768651972,0.128416725819,0.991553603057
2018/10/02/14:07:54.238223,68396,1538482074,222968037,/world,vicon/IMUframe/IMUframe,-0.315588664106,0.0754120069744,1.62066400159,-0.017815688276,-0.00569387089226,0.133755062268,0.990837910257
2018/10/02/14:07:54.248639,68397,1538482074,233094768,/world,vicon/IMUframe/IMUframe,-0.306398107404,0.082514447519,1.61698466166,-0.0182595302831,-0.00666137916744,0.13934644037,0.990052920372
2018/10/02/14:07:54.258306,68398,1538482074,243007204,/world,vicon/IMUframe/IMUframe,-0.297342173401,0.0894291680565,1.61336226637,-0.0183029061339,-0.00776207895847,0.144874889161,0.989250231361
2018/10/02/14:07:54.268222,68399,1538482074,252982304,/world,vicon/IMUframe/IMUframe,-0.28840769575,0.0963888154636,1.60964040734,-0.0180007602698,-0.00888665789473,0.150041436537,0.988475880972
2018/10/02/14:07:54.278187,68400,1538482074,262951739,/world,vicon/IMUframe/IMUframe,-0.279494824386,0.103240573357,1.60581155386,-0.0172709084688,-0.0101339328081,0.155281097208,0.987667352896
2018/10/02/14:07:54.288346,68401,1538482074,273053195,/world,vicon/IMUframe/IMUframe,-0.270670297317,0.109933537266,1.60206314554,-0.0168366410755,-0.0113556519921,0.160023840379,0.986904223922
2018/10/02/14:07:54.298352,68402,1538482074,283036161,/world,vicon/IMUframe/IMUframe,-0.261864841569,0.115844391105,1.59821254716,-0.0171474382133,-0.0123810606298,0.166854678601,0.985754630184
2018/10/02/14:07:54.308687,68403,1538482074,293034101,/world,vicon/IMUframe/IMUframe,-0.253640019112,0.121711865903,1.59431640827,-0.017221576831,-0.0126291006677,0.172507322265,0.98477669899
2018/10/02/14:07:54.318517,68404,1538482074,302967461,/world,vicon/IMUframe/IMUframe,-0.245498631291,0.127630625958,1.59067542148,-0.0171273653129,-0.012294093598,0.178999234423,0.983623293083
2018/10/02/14:07:54.328251,68405,1538482074,312963977,/world,vicon/IMUframe/IMUframe,-0.237737483624,0.132507057671,1.58686333055,-0.0167928188475,-0.0108310992467,0.185780549603,0.982388047522
2018/10/02/14:07:54.338295,68406,1538482074,323033430,/world,vicon/IMUframe/IMUframe,-0.230716784157,0.137051800505,1.58357186419,-0.015440444833,-0.00860130949662,0.193511717147,0.980938747051
2018/10/02/14:07:54.348471,68407,1538482074,333013706,/world,vicon/IMUframe/IMUframe,-0.224238754394,0.140701958056,1.58037439277,-0.0129974410756,-0.00629417824117,0.200233003591,0.979641870338
2018/10/02/14:07:54.358184,68408,1538482074,342988084,/world,vicon/IMUframe/IMUframe,-0.218509898705,0.144132745608,1.57719641007,-0.0109109063046,-0.00387066027632,0.20676007339,0.978323178793
2018/10/02/14:07:54.368122,68409,1538482074,352960739,/world,vicon/IMUframe/IMUframe,-0.2136000759,0.147001485139,1.57398600584,-0.00857109875755,-0.00195828332715,0.213169680043,0.97697563373
2018/10/02/14:07:54.378459,68410,1538482074,363139976,/world,vicon/IMUframe/IMUframe,-0.20928427091,0.149387848279,1.57100771614,-0.00565591068239,-0.000937371121724,0.219534503753,0.975587891311
2018/10/02/14:07:54.388420,68411,1538482074,373060631,/world,vicon/IMUframe/IMUframe,-0.205684248409,0.15124668196,1.56829529673,-0.00236335630523,-0.00094373970426,0.22506052076,0.97434146268
2018/10/02/14:07:54.398303,68412,1538482074,382891866,/world,vicon/IMUframe/IMUframe,-0.203095018395,0.15236035096,1.56601640446,0.00140591023123,-0.00231414969274,0.229878049813,0.973215675142
2018/10/02/14:07:54.408108,68413,1538482074,392961225,/world,vicon/IMUframe/IMUframe,-0.201163142478,0.15289406273,1.56405056892,0.00473230416844,-0.00384439326965,0.234341032297,0.972135333439
2018/10/02/14:07:54.418216,68414,1538482074,402951620,/world,vicon/IMUframe/IMUframe,-0.200035518923,0.152964943964,1.56234579254,0.00742796670178,-0.00551653156186,0.237302144417,0.971391828999
2018/10/02/14:07:54.428391,68415,1538482074,413072200,/world,vicon/IMUframe/IMUframe,-0.199592291525,0.1526122454,1.56118290821,0.00957835982411,-0.00786522393464,0.239092502233,0.970917694067
2018/10/02/14:07:54.438381,68416,1538482074,423008533,/world,vicon/IMUframe/IMUframe,-0.199758057598,0.151832149988,1.56042709978,0.0109314092346,-0.0106073880829,0.239201811303,0.970850390678
2018/10/02/14:07:54.448431,68417,1538482074,433023072,/world,vicon/IMUframe/IMUframe,-0.20052636493,0.150702168356,1.56005113331,0.012095088592,-0.0127432239495,0.238647823738,0.970947236105
2018/10/02/14:07:54.458453,68418,1538482074,442959654,/world,vicon/IMUframe/IMUframe,-0.201895951447,0.149109169034,1.56003962225,0.013055639176,-0.0150111907369,0.23661966987,0.971398654657
2018/10/02/14:07:54.468532,68419,1538482074,453128912,/world,vicon/IMUframe/IMUframe,-0.203846541637,0.147242932875,1.56038634498,0.0136475212806,-0.016490359821,0.232689173931,0.972315566846
2018/10/02/14:07:54.478310,68420,1538482074,463022652,/world,vicon/IMUframe/IMUframe,-0.206150869358,0.144695026778,1.56108400145,0.0141192594415,-0.0170896952802,0.229301170797,0.973103058211
2018/10/02/14:07:54.488147,68421,1538482074,472978889,/world,vicon/IMUframe/IMUframe,-0.208996522815,0.14182270121,1.56199346297,0.0138645254297,-0.0168560915864,0.225038821542,0.974105320748
2018/10/02/14:07:54.498177,68422,1538482074,482974250,/world,vicon/IMUframe/IMUframe,-0.212086145817,0.138635643308,1.56324570856,0.0130848243765,-0.0160887241574,0.220146572415,0.97524634169
2018/10/02/14:07:54.508321,68423,1538482074,493048185,/world,vicon/IMUframe/IMUframe,-0.215586175965,0.135046126443,1.5648303953,0.011970671061,-0.0148598895045,0.215124714896,0.976400145309
2018/10/02/14:07:54.518384,68424,1538482074,503094982,/world,vicon/IMUframe/IMUframe,-0.219551477545,0.131202910822,1.5665027512,0.0103408054614,-0.0132502036371,0.21047458416,0.977454832342
2018/10/02/14:07:54.528151,68425,1538482074,512995728,/world,vicon/IMUframe/IMUframe,-0.22358438931,0.127033451477,1.56840349755,0.00814602562873,-0.0118817244498,0.205823009982,0.978483191196
2018/10/02/14:07:54.537911,68426,1538482074,522891608,/world,vicon/IMUframe/IMUframe,-0.227983479088,0.122786579939,1.57035712571,0.00585124623332,-0.0107430865,0.200601134144,0.979596617996
2018/10/02/14:07:54.548053,68427,1538482074,532971200,/world,vicon/IMUframe/IMUframe,-0.2327776901,0.117759200034,1.57257521884,0.00284290620641,-0.00976661578162,0.196405859516,0.980469922766
2018/10/02/14:07:54.559052,68428,1538482074,543080618,/world,vicon/IMUframe/IMUframe,-0.238065479813,0.112460433597,1.57477245502,6.03947836752e-05,-0.00905904903496,0.191709350178,0.981409932208
2018/10/02/14:07:54.568555,68429,1538482074,553070981,/world,vicon/IMUframe/IMUframe,-0.243491395481,0.107292700738,1.57696565515,-0.00238141571479,-0.00894448923293,0.186329946302,0.982443624888
2018/10/02/14:07:54.578779,68430,1538482074,563005521,/world,vicon/IMUframe/IMUframe,-0.249463153199,0.101374416831,1.57902250686,-0.00492323940405,-0.00877799117588,0.182588771541,0.98313785864
2018/10/02/14:07:54.589114,68431,1538482074,572892339,/world,vicon/IMUframe/IMUframe,-0.255896784113,0.0959139473416,1.58141565293,-0.00679106158218,-0.00898188362225,0.176962585434,0.984153164201
2018/10/02/14:07:54.599003,68432,1538482074,583102500,/world,vicon/IMUframe/IMUframe,-0.262045744929,0.0896790302626,1.58385715246,-0.00938824838237,-0.00919676728834,0.172597619516,0.984904737526
2018/10/02/14:07:54.608713,68433,1538482074,592963319,/world,vicon/IMUframe/IMUframe,-0.268448465528,0.0832528264648,1.58629397504,-0.0114775911217,-0.00896628460223,0.168245174451,0.985637576352
2018/10/02/14:07:54.618360,68434,1538482074,603065124,/world,vicon/IMUframe/IMUframe,-0.275170221913,0.0763883226273,1.58885307564,-0.0135266401411,-0.00805791247604,0.164675787634,0.986222076928
2018/10/02/14:07:54.628466,68435,1538482074,612909830,/world,vicon/IMUframe/IMUframe,-0.282128700584,0.0694415905612,1.59148992383,-0.0153154873422,-0.00655643453779,0.161226668743,0.986776778354
2018/10/02/14:07:54.638438,68436,1538482074,623053583,/world,vicon/IMUframe/IMUframe,-0.289734998907,0.0621856359978,1.59398351725,-0.0167457166792,-0.00426881983378,0.158279373327,0.987243130201
2018/10/02/14:07:54.648466,68437,1538482074,633027217,/world,vicon/IMUframe/IMUframe,-0.297681776211,0.0548117766471,1.59661711962,-0.017531800771,-0.00248850819542,0.153445478449,0.987998445562
2018/10/02/14:07:54.658778,68438,1538482074,643266833,/world,vicon/IMUframe/IMUframe,-0.305901385862,0.0474340674706,1.59919832651,-0.0179931192603,-0.000717625474112,0.148594326582,0.988734271066
2018/10/02/14:07:54.668666,68439,1538482074,652976933,/world,vicon/IMUframe/IMUframe,-0.314241286965,0.0399358612585,1.60179517569,-0.0182339670175,0.000434527426642,0.142459897445,0.989632513235
2018/10/02/14:07:54.678281,68440,1538482074,663016021,/world,vicon/IMUframe/IMUframe,-0.32297390778,0.0322126670812,1.60442056889,-0.0182966440325,0.00122911415944,0.135377522944,0.990624372998
2018/10/02/14:07:54.689129,68441,1538482074,673113819,/world,vicon/IMUframe/IMUframe,-0.331935252349,0.0243325046439,1.60690661651,-0.0171509403769,0.00213069900848,0.12799263782,0.991624520688
2018/10/02/14:07:54.699373,68442,1538482074,683143968,/world,vicon/IMUframe/IMUframe,-0.340803771302,0.0168179957107,1.60938124694,-0.0167605223554,0.00223642926914,0.120703673175,0.992544561497
2018/10/02/14:07:54.709038,68443,1538482074,692970779,/world,vicon/IMUframe/IMUframe,-0.349770305786,0.00894785337531,1.61181506651,-0.0167960859788,0.00259063090562,0.112370147956,0.993521076765
2018/10/02/14:07:54.718599,68444,1538482074,702948471,/world,vicon/IMUframe/IMUframe,-0.358822907061,0.000903163768488,1.61427646356,-0.0168739412969,0.00320552575886,0.104883193831,0.994336215956
2018/10/02/14:07:54.728648,68445,1538482074,712971647,/world,vicon/IMUframe/IMUframe,-0.367813222573,-0.00722023762306,1.6166630467,-0.0172622168539,0.0040663760338,0.098057552343,0.995022711743
2018/10/02/14:07:54.738461,68446,1538482074,723009361,/world,vicon/IMUframe/IMUframe,-0.376815034362,-0.0155215303053,1.61900274919,-0.0180603258235,0.0051742602405,0.092248088104,0.995558808862
2018/10/02/14:07:54.748565,68447,1538482074,732912254,/world,vicon/IMUframe/IMUframe,-0.385931548151,-0.0239131550089,1.62120242648,-0.0194326313923,0.00662621742251,0.0874542052105,0.995956940872
2018/10/02/14:07:54.758399,68448,1538482074,742954621,/world,vicon/IMUframe/IMUframe,-0.39478344598,-0.0323818292525,1.62340125926,-0.0213175040998,0.00792250257863,0.0830150227368,0.996288765355
2018/10/02/14:07:54.768655,68449,1538482074,753083491,/world,vicon/IMUframe/IMUframe,-0.403641601754,-0.041169606399,1.62512455412,-0.0219278558117,0.00829366984618,0.0790223524268,0.996597136258
2018/10/02/14:07:54.778713,68450,1538482074,763086232,/world,vicon/IMUframe/IMUframe,-0.412260709324,-0.0498049559931,1.62673098422,-0.0229641703261,0.00888048117033,0.0755678473724,0.996836638762
2018/10/02/14:07:54.789092,68451,1538482074,773043583,/world,vicon/IMUframe/IMUframe,-0.420936815995,-0.0580718700533,1.62826969178,-0.0243352108934,0.00893202393503,0.0717398990569,0.997086457306
2018/10/02/14:07:54.798907,68452,1538482074,783015852,/world,vicon/IMUframe/IMUframe,-0.42922795266,-0.0663191417714,1.62936916358,-0.0238940609542,0.0085487542934,0.0686845733608,0.997315608037
2018/10/02/14:07:54.808694,68453,1538482074,792944150,/world,vicon/IMUframe/IMUframe,-0.437276796917,-0.0741211607299,1.63011079471,-0.0221652400869,0.00805360012957,0.0667505455493,0.997490955511
2018/10/02/14:07:54.818923,68454,1538482074,803112272,/world,vicon/IMUframe/IMUframe,-0.445156231646,-0.0819609533579,1.63084757115,-0.0200143212683,0.0070609693247,0.0650281887793,0.997657708997
2018/10/02/14:07:54.828519,68455,1538482074,813058618,/world,vicon/IMUframe/IMUframe,-0.452987271166,-0.0896534827075,1.63139208525,-0.0172250465752,0.00611000842175,0.0640637961724,0.997778430107
2018/10/02/14:07:54.838696,68456,1538482074,823023469,/world,vicon/IMUframe/IMUframe,-0.460602950859,-0.0970808565323,1.63183985676,-0.0142371207653,0.00508605815161,0.0634036764178,0.997873443991
2018/10/02/14:07:54.848639,68457,1538482074,832987891,/world,vicon/IMUframe/IMUframe,-0.46799077094,-0.104067292778,1.63209829138,-0.0106205504001,0.00395309658168,0.0626448100931,0.997971545038
2018/10/02/14:07:54.858802,68458,1538482074,843071215,/world,vicon/IMUframe/IMUframe,-0.475410955612,-0.111217704855,1.63196610388,-0.00742445589194,0.00344178497311,0.0621418417391,0.998033778525
2018/10/02/14:07:54.868509,68459,1538482074,852952704,/world,vicon/IMUframe/IMUframe,-0.482488379242,-0.117637173335,1.63187714114,-0.00361711626481,0.00205663458479,0.0612927296914,0.998111160148
2018/10/02/14:07:54.878440,68460,1538482074,862979740,/world,vicon/IMUframe/IMUframe,-0.489191387629,-0.123965000282,1.63160196743,0.000474896812214,0.000274176568814,0.0598175893406,0.998209174124
2018/10/02/14:07:54.888489,68461,1538482074,872941173,/world,vicon/IMUframe/IMUframe,-0.495497547923,-0.129103149616,1.63126370063,0.00474253050225,-0.00229833912327,0.0580544564664,0.998299507225
2018/10/02/14:07:54.898360,68462,1538482074,883057427,/world,vicon/IMUframe/IMUframe,-0.501233432015,-0.133865374168,1.63060695528,0.00827720556006,-0.00581051565316,0.0559629221166,0.998381629
2018/10/02/14:07:54.908958,68463,1538482074,893594756,/world,vicon/IMUframe/IMUframe,-0.506369386574,-0.138348820191,1.62972746631,0.0117034698349,-0.00998087354724,0.053636654956,0.998442046492
2018/10/02/14:07:54.918573,68464,1538482074,903042979,/world,vicon/IMUframe/IMUframe,-0.510801575502,-0.142290327907,1.62881408057,0.0152882930455,-0.0146571127171,0.0514512274433,0.99845090432
2018/10/02/14:07:54.928120,68465,1538482074,912935497,/world,vicon/IMUframe/IMUframe,-0.514485020726,-0.14560640239,1.62785365823,0.0190949880858,-0.0191707407986,0.0489984073094,0.998432281233
2018/10/02/14:07:54.938405,68466,1538482074,922982116,/world,vicon/IMUframe/IMUframe,-0.517557809439,-0.148592431531,1.62695286594,0.0229684579644,-0.0228642301101,0.0474957524177,0.998345546603
2018/10/02/14:07:54.948572,68467,1538482074,933111250,/world,vicon/IMUframe/IMUframe,-0.519899844593,-0.151014986801,1.62613109259,0.0268387185193,-0.025576447762,0.0464977722643,0.998230176704
2018/10/02/14:07:54.958790,68468,1538482074,943059923,/world,vicon/IMUframe/IMUframe,-0.52221564017,-0.152717603531,1.62587222931,0.031380842022,-0.0252420376464,0.0464203085072,0.998109832257
2018/10/02/14:07:54.968380,68469,1538482074,952999101,/world,vicon/IMUframe/IMUframe,-0.52318593738,-0.154113307035,1.6250781159,0.0350002314594,-0.0277299226502,0.0458872668518,0.997948091801
2018/10/02/14:07:54.978464,68470,1538482074,963033399,/world,vicon/IMUframe/IMUframe,-0.52398759968,-0.154934715252,1.62486180625,0.0386790473666,-0.0277903769624,0.0456696176918,0.997820581198
2018/10/02/14:07:54.988555,68471,1538482074,973067090,/world,vicon/IMUframe/IMUframe,-0.524182012675,-0.155181807662,1.62486485037,0.0417162336135,-0.0273989387701,0.0456092059105,0.997711809263
2018/10/02/14:07:54.998928,68472,1538482074,983019184,/world,vicon/IMUframe/IMUframe,-0.524170179422,-0.154812185966,1.62541634514,0.0447849031143,-0.0251494622133,0.0455598829411,0.997640272879
2018/10/02/14:07:55.008394,68473,1538482074,993044010,/world,vicon/IMUframe/IMUframe,-0.523090126395,-0.153981173715,1.62599532096,0.0462555097713,-0.0246832768803,0.0453738653673,0.997593291878
2018/10/02/14:07:55.018387,68474,1538482075,2958930,/world,vicon/IMUframe/IMUframe,-0.521608064436,-0.152513601814,1.62673042131,0.046778759943,-0.0242614026178,0.0450647977331,0.997593251765
2018/10/02/14:07:55.028462,68475,1538482075,13096767,/world,vicon/IMUframe/IMUframe,-0.519715816855,-0.150382560901,1.62751539929,0.0456545418482,-0.0237228358029,0.0450309660225,0.997659812746
2018/10/02/14:07:55.038719,68476,1538482075,23063806,/world,vicon/IMUframe/IMUframe,-0.517064734861,-0.147871973668,1.62854021648,0.0440356243273,-0.0235753027493,0.0454047511119,0.997719137567
2018/10/02/14:07:55.048570,68477,1538482075,33044018,/world,vicon/IMUframe/IMUframe,-0.513770961596,-0.144629849891,1.63005350364,0.0418702934628,-0.0225322342598,0.0454132884152,0.99783606378
2018/10/02/14:07:55.058269,68478,1538482075,42993810,/world,vicon/IMUframe/IMUframe,-0.509926978443,-0.141025483877,1.63154998794,0.0384894049308,-0.0216051784,0.0460870671375,0.997961804989
2018/10/02/14:07:55.068291,68479,1538482075,52965106,/world,vicon/IMUframe/IMUframe,-0.505297197299,-0.137288226049,1.63280716667,0.0339554205562,-0.0220442178718,0.0473138632783,0.99805935706
2018/10/02/14:07:55.078284,68480,1538482075,63078764,/world,vicon/IMUframe/IMUframe,-0.500190530283,-0.132711480148,1.63439027902,0.0296121862524,-0.0210246232496,0.0480579520604,0.998184109714
2018/10/02/14:07:55.088579,68481,1538482075,73076660,/world,vicon/IMUframe/IMUframe,-0.494482336632,-0.128431617778,1.63600733593,0.0251812575602,-0.0199189117464,0.0485122794661,0.998306415868
2018/10/02/14:07:55.098349,68482,1538482075,82997055,/world,vicon/IMUframe/IMUframe,-0.488304470221,-0.123442313824,1.63758052074,0.0209192953562,-0.0188012795574,0.0489988836495,0.998402726544
2018/10/02/14:07:55.108180,68483,1538482075,92981877,/world,vicon/IMUframe/IMUframe,-0.48140078287,-0.117991117065,1.63943860309,0.0164284234442,-0.0175848611535,0.0506379511871,0.998427101726
2018/10/02/14:07:55.118660,68484,1538482075,103072907,/world,vicon/IMUframe/IMUframe,-0.474525797828,-0.112128448176,1.64084292308,0.0127695753431,-0.0155550629488,0.049426945109,0.998574962163
2018/10/02/14:07:55.128422,68485,1538482075,113033133,/world,vicon/IMUframe/IMUframe,-0.466918426508,-0.106378688809,1.64223943575,0.00914593360205,-0.0131669401623,0.0493466607496,0.998653038176
2018/10/02/14:07:55.138353,68486,1538482075,122989666,/world,vicon/IMUframe/IMUframe,-0.459080950588,-0.100217993171,1.64358234032,0.00544833754153,-0.0101757532109,0.0493400372469,0.998715340019
2018/10/02/14:07:55.148413,68487,1538482075,132980435,/world,vicon/IMUframe/IMUframe,-0.450905699699,-0.0938744916633,1.64476789594,0.00235562149551,-0.0072701374949,0.0490594873361,0.998766620813
2018/10/02/14:07:55.158702,68488,1538482075,143192366,/world,vicon/IMUframe/IMUframe,-0.442353887967,-0.0872182998119,1.64577494865,-0.000442754611242,-0.00484092192645,0.0485898201005,0.998806987774
2018/10/02/14:07:55.168799,68489,1538482075,153025933,/world,vicon/IMUframe/IMUframe,-0.433625367363,-0.0804407182352,1.64650538705,-0.00307835266461,-0.00283260498512,0.0481877463586,0.998829535604
2018/10/02/14:07:55.178713,68490,1538482075,163228423,/world,vicon/IMUframe/IMUframe,-0.424412281641,-0.0733841257379,1.64691667338,-0.00505192810666,-0.0018090576183,0.0475515936645,0.998854369402
2018/10/02/14:07:55.188354,68491,1538482075,173024623,/world,vicon/IMUframe/IMUframe,-0.414769335121,-0.0660562468196,1.64704068332,-0.00637274182627,-0.0019081251798,0.0468212371483,0.998881133555
2018/10/02/14:07:55.198399,68492,1538482075,182976373,/world,vicon/IMUframe/IMUframe,-0.405253675143,-0.0588459493461,1.64666431689,-0.00766056630987,-0.00269549020316,0.0473199417312,0.998846771618
2018/10/02/14:07:55.208783,68493,1538482075,193306243,/world,vicon/IMUframe/IMUframe,-0.395424175806,-0.0511155495246,1.64597969363,-0.00884099730851,-0.00387926353655,0.047170982154,0.99884017066
2018/10/02/14:07:55.218756,68494,1538482075,203152035,/world,vicon/IMUframe/IMUframe,-0.385422622804,-0.0437115647065,1.64479781844,-0.00956045600309,-0.00581746806663,0.0487451107145,0.998748551402
2018/10/02/14:07:55.228559,68495,1538482075,213004554,/world,vicon/IMUframe/IMUframe,-0.375325461277,-0.0358774417523,1.64336018127,-0.00973949010606,-0.00860086527183,0.0501452975806,0.998657407012
2018/10/02/14:07:55.238029,68496,1538482075,222969438,/world,vicon/IMUframe/IMUframe,-0.365147584431,-0.0280129417734,1.64159183405,-0.00971104828095,-0.0116541609855,0.0521014061878,0.998526574281
2018/10/02/14:07:55.248251,68497,1538482075,233066473,/world,vicon/IMUframe/IMUframe,-0.354556782961,-0.0201813372732,1.63976292407,-0.00912338575849,-0.0151597973617,0.0545856057616,0.998352320586
2018/10/02/14:07:55.258334,68498,1538482075,243050785,/world,vicon/IMUframe/IMUframe,-0.343926137569,-0.0122294523977,1.63758811543,-0.00851061833854,-0.0182989790714,0.0579061073678,0.998118028827
2018/10/02/14:07:55.268598,68499,1538482075,253002448,/world,vicon/IMUframe/IMUframe,-0.333003450856,-0.0043819349969,1.63541473129,-0.00775486828637,-0.0208477037962,0.0622531322194,0.997812498816
2018/10/02/14:07:55.278095,68500,1538482075,262989897,/world,vicon/IMUframe/IMUframe,-0.321573072497,0.00371087650454,1.63298717672,-0.0067809548578,-0.023248356846,0.0669517346576,0.997462278877
2018/10/02/14:07:55.288650,68501,1538482075,272997644,/world,vicon/IMUframe/IMUframe,-0.310218446019,0.0115487518479,1.63042836252,-0.00628530112028,-0.0241977569815,0.0731314157962,0.997008906465
2018/10/02/14:07:55.298232,68502,1538482075,283007709,/world,vicon/IMUframe/IMUframe,-0.298923473334,0.0195397962144,1.62771868392,-0.00563786966982,-0.0241212981588,0.0796419194613,0.996515700862
2018/10/02/14:07:55.308308,68503,1538482075,293070983,/world,vicon/IMUframe/IMUframe,-0.287376585087,0.0276788489575,1.62483331871,-0.00533552132601,-0.0234325859433,0.086791211092,0.995936610335
2018/10/02/14:07:55.318497,68504,1538482075,302969233,/world,vicon/IMUframe/IMUframe,-0.275847218089,0.0355538530666,1.62179988947,-0.00487928121162,-0.0231585438254,0.0939932929331,0.995291482605
2018/10/02/14:07:55.328446,68505,1538482075,312972694,/world,vicon/IMUframe/IMUframe,-0.264787647019,0.0437360142553,1.61866686451,-0.00483203719077,-0.0213924648196,0.101825959727,0.994560449541
2018/10/02/14:07:55.338917,68506,1538482075,323284435,/world,vicon/IMUframe/IMUframe,-0.252973878813,0.0517230188288,1.61575927682,-0.00403453979036,-0.0213204699052,0.108531049949,0.993856212562
2018/10/02/14:07:55.348522,68507,1538482075,333051423,/world,vicon/IMUframe/IMUframe,-0.241838282478,0.0595282243271,1.61234720335,-0.00466820501953,-0.0204564763757,0.116174746539,0.993007134266
2018/10/02/14:07:55.358381,68508,1538482075,343032518,/world,vicon/IMUframe/IMUframe,-0.23066240839,0.0673725620714,1.60904669388,-0.00507790078418,-0.0200891208989,0.123315767693,0.992151129407
2018/10/02/14:07:55.368510,68509,1538482075,353020481,/world,vicon/IMUframe/IMUframe,-0.219765072307,0.0749704128497,1.60572831206,-0.00601507024965,-0.019166767917,0.130719684985,0.99121582811
2018/10/02/14:07:55.379123,68510,1538482075,363216169,/world,vicon/IMUframe/IMUframe,-0.209236152355,0.082711941073,1.60250109458,-0.00665720806912,-0.0175958612106,0.137762621925,0.990286588443
2018/10/02/14:07:55.388625,68511,1538482075,373072377,/world,vicon/IMUframe/IMUframe,-0.199228818518,0.0897520757216,1.59930913239,-0.00697109050151,-0.0151596997917,0.144881427257,0.989308323747
2018/10/02/14:07:55.398641,68512,1538482075,383007990,/world,vicon/IMUframe/IMUframe,-0.189537851023,0.0962124772364,1.59642304551,-0.0068933559251,-0.0119047552066,0.151578647695,0.988349468564
2018/10/02/14:07:55.408523,68513,1538482075,393047267,/world,vicon/IMUframe/IMUframe,-0.180537651445,0.102879198791,1.59341718337,-0.00629345765884,-0.00859360719874,0.157837757062,0.98740760821
2018/10/02/14:07:55.418777,68514,1538482075,403121939,/world,vicon/IMUframe/IMUframe,-0.172065779968,0.109239585656,1.59035833994,-0.00520571356046,-0.00559896114451,0.163852713382,0.9864551893
2018/10/02/14:07:55.428807,68515,1538482075,413022738,/world,vicon/IMUframe/IMUframe,-0.164394821634,0.115290431969,1.58760609839,-0.00312731715401,-0.00434338872919,0.169903460027,0.985446177694
2018/10/02/14:07:55.438657,68516,1538482075,423053126,/world,vicon/IMUframe/IMUframe,-0.157105805572,0.121086259474,1.58477555633,-0.00273285235888,-0.00240039534628,0.175335915777,0.984501948327
2018/10/02/14:07:55.448673,68517,1538482075,432957211,/world,vicon/IMUframe/IMUframe,-0.150390266198,0.126453374572,1.58219978776,-0.00238842106059,-0.00243208323751,0.180121827243,0.983638402954
2018/10/02/14:07:55.458404,68518,1538482075,443027151,/world,vicon/IMUframe/IMUframe,-0.144282706057,0.131467463917,1.57970105723,-0.00189986751331,-0.00325496805185,0.185121839614,0.982708349504
2018/10/02/14:07:55.468789,68519,1538482075,453020291,/world,vicon/IMUframe/IMUframe,-0.138794767317,0.135987668581,1.57745692385,-0.0016070183991,-0.00470275194296,0.189736659579,0.981822438951
2018/10/02/14:07:55.478676,68520,1538482075,463060246,/world,vicon/IMUframe/IMUframe,-0.133852824258,0.139916005183,1.57596333417,-0.00584444565687,-0.00596043772438,0.192886702748,0.981185525546
2018/10/02/14:07:55.488695,68521,1538482075,473034681,/world,vicon/IMUframe/IMUframe,-0.129627005654,0.143680147999,1.5740189508,-0.00481767307423,-0.00747574993546,0.197014076053,0.980360319998
2018/10/02/14:07:55.498823,68522,1538482075,482933376,/world,vicon/IMUframe/IMUframe,-0.125853517974,0.146893781067,1.5723212255,-0.0036609908228,-0.00875111127846,0.201538093346,0.979434741128
2018/10/02/14:07:55.509022,68523,1538482075,493155428,/world,vicon/IMUframe/IMUframe,-0.122686216908,0.149707469865,1.5708845957,-0.00190085331343,-0.00955240099939,0.205929010931,0.978518462191
2018/10/02/14:07:55.519558,68524,1538482075,503018634,/world,vicon/IMUframe/IMUframe,-0.120828445031,0.152153956983,1.57004135108,-4.45695123069e-05,-0.00762673766427,0.209329481261,0.977815421826
2018/10/02/14:07:55.528648,68525,1538482075,513054666,/world,vicon/IMUframe/IMUframe,-0.118227336271,0.15396718292,1.56900985353,0.0015035743976,-0.0100803071548,0.214178963815,0.976741264681
2018/10/02/14:07:55.538719,68526,1538482075,522883833,/world,vicon/IMUframe/IMUframe,-0.117074726817,0.155446900999,1.56846600659,0.00355157050022,-0.00989263757766,0.217497612442,0.976004257496
2018/10/02/14:07:55.548429,68527,1538482075,533034283,/world,vicon/IMUframe/IMUframe,-0.116321020723,0.156262711029,1.56832512623,0.00418175381032,-0.010024025781,0.220905143208,0.975234817645
2018/10/02/14:07:55.558612,68528,1538482075,543014302,/world,vicon/IMUframe/IMUframe,-0.116243109237,0.156588923457,1.56843520225,0.00450686402581,-0.0102830902525,0.223461073937,0.974648190203
2018/10/02/14:07:55.568317,68529,1538482075,553055459,/world,vicon/IMUframe/IMUframe,-0.11687967778,0.156417353245,1.56889464827,0.00406337930067,-0.0106224477165,0.225178240068,0.974251206185
2018/10/02/14:07:55.578745,68530,1538482075,563011105,/world,vicon/IMUframe/IMUframe,-0.118255571075,0.155688007899,1.56963278763,0.00305811934816,-0.0109147239111,0.225896174457,0.974085435203
2018/10/02/14:07:55.588387,68531,1538482075,573046420,/world,vicon/IMUframe/IMUframe,-0.120216428465,0.154505819517,1.57062357166,0.00186261641489,-0.0111772093731,0.225824044015,0.974102202952
2018/10/02/14:07:55.598777,68532,1538482075,583015183,/world,vicon/IMUframe/IMUframe,-0.122820273002,0.152855817803,1.57178004658,0.00047865208948,-0.0111535402028,0.224837369074,0.974332349304
2018/10/02/14:07:55.608776,68533,1538482075,593008032,/world,vicon/IMUframe/IMUframe,-0.125980359801,0.150815405704,1.57308029801,-0.000952378709678,-0.010895997137,0.223090346511,0.974736409249
2018/10/02/14:07:55.618634,68534,1538482075,602970715,/world,vicon/IMUframe/IMUframe,-0.129820421439,0.148435893971,1.57455377997,-0.00270649548433,-0.0104775056735,0.220097208112,0.975417918504
2018/10/02/14:07:55.628434,68535,1538482075,612911325,/world,vicon/IMUframe/IMUframe,-0.134285879373,0.145660305089,1.57611824161,-0.00469346832628,-0.00995729887656,0.21596817182,0.976338349301
2018/10/02/14:07:55.638459,68536,1538482075,622996872,/world,vicon/IMUframe/IMUframe,-0.139225080745,0.142568333953,1.57773531118,-0.00690518932161,-0.00990712861204,0.21084479896,0.977444953905
2018/10/02/14:07:55.648195,68537,1538482075,633031272,/world,vicon/IMUframe/IMUframe,-0.144757577778,0.139158934512,1.57936195321,-0.00900316847066,-0.00959826196485,0.20542513705,0.978584349657
2018/10/02/14:07:55.657985,68538,1538482075,642997313,/world,vicon/IMUframe/IMUframe,-0.150623682387,0.135634035747,1.58089180577,-0.0110087488817,-0.00943350260471,0.199656692796,0.97975865472
2018/10/02/14:07:55.668068,68539,1538482075,653007390,/world,vicon/IMUframe/IMUframe,-0.15712766151,0.13132157839,1.58261539912,-0.0138941341622,-0.00908022234903,0.19240328566,0.98117555935
2018/10/02/14:07:55.678263,68540,1538482075,663040188,/world,vicon/IMUframe/IMUframe,-0.164148865649,0.126782583539,1.58433422819,-0.0167068398667,-0.00864926258255,0.184680323444,0.982618567854
2018/10/02/14:07:55.688359,68541,1538482075,673046547,/world,vicon/IMUframe/IMUframe,-0.171504777792,0.121829781973,1.58618183927,-0.0192270620177,-0.00881258528189,0.17757831802,0.983879362217
2018/10/02/14:07:55.699099,68542,1538482075,683105895,/world,vicon/IMUframe/IMUframe,-0.179284576735,0.116561597093,1.58783786117,-0.021469710496,-0.00809750223048,0.170299422992,0.985125163884
2018/10/02/14:07:55.708984,68543,1538482075,693023900,/world,vicon/IMUframe/IMUframe,-0.187643351716,0.111111545635,1.58946065103,-0.0236026797488,-0.00766593155104,0.162252435998,0.986437171854
2018/10/02/14:07:55.718576,68544,1538482075,702954741,/world,vicon/IMUframe/IMUframe,-0.196326556858,0.104840746713,1.59129264767,-0.0258680985791,-0.00694742268438,0.155520021837,0.98746954262
2018/10/02/14:07:55.729317,68545,1538482075,713297373,/world,vicon/IMUframe/IMUframe,-0.205769361967,0.0986181101232,1.59311803459,-0.0272226052054,-0.00649880076546,0.148542846806,0.988509847203
2018/10/02/14:07:55.738617,68546,1538482075,723071221,/world,vicon/IMUframe/IMUframe,-0.215140743586,0.0921717817345,1.59490160729,-0.029020516323,-0.00654470126397,0.141835546035,0.989443103164
2018/10/02/14:07:55.749083,68547,1538482075,732987974,/world,vicon/IMUframe/IMUframe,-0.224918336644,0.0850175107082,1.59662944621,-0.029973203929,-0.00720003083664,0.134417616408,0.990445188287
2018/10/02/14:07:55.758723,68548,1538482075,742997705,/world,vicon/IMUframe/IMUframe,-0.234966278928,0.0779035050871,1.59805255598,-0.0286555314941,-0.00766808123909,0.12914941293,0.991181360895
2018/10/02/14:07:55.768938,68549,1538482075,753121435,/world,vicon/IMUframe/IMUframe,-0.245868003965,0.0704166210899,1.5995330408,-0.0305815225709,-0.00764522955738,0.122160142999,0.992009687657
2018/10/02/14:07:55.778631,68550,1538482075,763121650,/world,vicon/IMUframe/IMUframe,-0.25664421182,0.0627688827289,1.60132996737,-0.0321543373853,-0.00853898104312,0.115527360627,0.992747003691
2018/10/02/14:07:55.788553,68551,1538482075,773055506,/world,vicon/IMUframe/IMUframe,-0.267491958142,0.0548515312875,1.60313408156,-0.03384035151,-0.00913435431952,0.109515118263,0.993366917636
2018/10/02/14:07:55.798296,68552,1538482075,782973822,/world,vicon/IMUframe/IMUframe,-0.278358056719,0.0465907158442,1.60499645927,-0.0357313240963,-0.00942769022869,0.103800752816,0.993911361667
2018/10/02/14:07:55.808275,68553,1538482075,792969958,/world,vicon/IMUframe/IMUframe,-0.289419124815,0.0375681879143,1.60678848258,-0.0378752179496,-0.00961459890737,0.0977247567054,0.994446026328
2018/10/02/14:07:55.818479,68554,1538482075,803238426,/world,vicon/IMUframe/IMUframe,-0.300403371687,0.0290711246477,1.60848627162,-0.0400126635656,-0.00859616209573,0.0946231376239,0.994671581266
2018/10/02/14:07:55.828494,68555,1538482075,813044234,/world,vicon/IMUframe/IMUframe,-0.311996840401,0.0201035363338,1.61015352103,-0.0405968039971,-0.00702704818336,0.0899535810068,0.995093399316
2018/10/02/14:07:55.838639,68556,1538482075,823005692,/world,vicon/IMUframe/IMUframe,-0.323558136652,0.0107920738069,1.61164456203,-0.0394822810902,-0.00601643974074,0.0852233625428,0.995561113347
2018/10/02/14:07:55.848647,68557,1538482075,832997686,/world,vicon/IMUframe/IMUframe,-0.335160015585,0.00148459190263,1.61328621278,-0.0391324267733,-0.0046054195565,0.0806050321522,0.995967003508
2018/10/02/14:07:55.859149,68558,1538482075,843102943,/world,vicon/IMUframe/IMUframe,-0.347055026225,-0.00792463638761,1.61475502751,-0.0385514409285,-0.00338833535602,0.0765032089583,0.996318003754
2018/10/02/14:07:55.869127,68559,1538482075,853057757,/world,vicon/IMUframe/IMUframe,-0.358963240554,-0.0176304476583,1.61627164355,-0.0378279787091,-0.00215878323397,0.0719735279071,0.996686608199
2018/10/02/14:07:55.878806,68560,1538482075,863000130,/world,vicon/IMUframe/IMUframe,-0.370918730893,-0.0273868336884,1.61767644276,-0.037258593762,-0.00106156293992,0.0673073433261,0.997035802672
2018/10/02/14:07:55.889045,68561,1538482075,872963691,/world,vicon/IMUframe/IMUframe,-0.382824864072,-0.0372806531619,1.61903995005,-0.0366193087147,-0.000502026746704,0.0623314813848,0.997383356903
2018/10/02/14:07:55.899662,68562,1538482075,883076708,/world,vicon/IMUframe/IMUframe,-0.394681964116,-0.0471259198428,1.62002137644,-0.0358109049296,-0.000278996855921,0.0571071250397,0.997725552203
2018/10/02/14:07:55.909431,68563,1538482075,893007156,/world,vicon/IMUframe/IMUframe,-0.406160357498,-0.0568816946339,1.62114237588,-0.0347777460503,-0.000266901548703,0.0521588309645,0.998033012227
2018/10/02/14:07:55.919424,68564,1538482075,903046610,/world,vicon/IMUframe/IMUframe,-0.417488836965,-0.066671582779,1.6220782906,-0.0334094212578,-0.000492597164519,0.0468530365794,0.998342807297
2018/10/02/14:07:55.928892,68565,1538482075,912954264,/world,vicon/IMUframe/IMUframe,-0.428382732242,-0.0764685015421,1.62290921322,-0.0304815883536,-0.00106580120861,0.0421708418033,0.998644760133
2018/10/02/14:07:55.938950,68566,1538482075,922921771,/world,vicon/IMUframe/IMUframe,-0.438827018755,-0.0858848944723,1.6235930701,-0.0270980590055,-0.00137091504,0.0378435184341,0.998915253614
2018/10/02/14:07:55.949286,68567,1538482075,932990604,/world,vicon/IMUframe/IMUframe,-0.449384948651,-0.0951916867853,1.62418562689,-0.023285283775,-0.00148120871323,0.0342627355551,0.999140463865
2018/10/02/14:07:55.959091,68568,1538482075,943039425,/world,vicon/IMUframe/IMUframe,-0.45931172739,-0.104086189544,1.6248444821,-0.0184025510151,-0.00218358713105,0.0307634124948,0.999354887172
2018/10/02/14:07:55.969194,68569,1538482075,952948711,/world,vicon/IMUframe/IMUframe,-0.468894172235,-0.113019578007,1.62545363879,-0.0136660150883,-0.00314675078728,0.0284306204809,0.999497392598
2018/10/02/14:07:55.978776,68570,1538482075,962954725,/world,vicon/IMUframe/IMUframe,-0.47808952992,-0.121068124065,1.6262016908,-0.00777027651625,-0.00402011400976,0.0254382433978,0.999638113148
2018/10/02/14:07:55.989578,68571,1538482075,973195269,/world,vicon/IMUframe/IMUframe,-0.486609476591,-0.129208825607,1.6265249681,-0.0022359993112,-0.005551437231,0.0237729965992,0.999699468083
2018/10/02/14:07:55.998684,68572,1538482075,983046053,/world,vicon/IMUframe/IMUframe,-0.494803591922,-0.136419365535,1.62689498054,0.00486462730738,-0.00657228442638,0.0207415695492,0.999751432993
2018/10/02/14:07:56.008648,68573,1538482075,992919826,/world,vicon/IMUframe/IMUframe,-0.50230265327,-0.143125715396,1.62723276475,0.0123535651284,-0.00746688201636,0.0172206227322,0.999747510752
2018/10/02/14:07:56.018685,68574,1538482076,3024284,/world,vicon/IMUframe/IMUframe,-0.508974226011,-0.14915634184,1.62744478423,0.0194332623749,-0.00880353665167,0.014787200227,0.99966303561
2018/10/02/14:07:56.028564,68575,1538482076,13129386,/world,vicon/IMUframe/IMUframe,-0.515010093555,-0.154498631161,1.62726704984,0.0257657575584,-0.0105988146944,0.0116017279347,0.999544491643
2018/10/02/14:07:56.038592,68576,1538482076,23135920,/world,vicon/IMUframe/IMUframe,-0.520161133029,-0.159291874904,1.62701889918,0.0310108340808,-0.0134881161058,0.00886942025399,0.999388679282
2018/10/02/14:07:56.048733,68577,1538482076,33031443,/world,vicon/IMUframe/IMUframe,-0.524725308697,-0.163545793511,1.62669534019,0.0348781816674,-0.0168243007266,0.00718135068621,0.999224140797
2018/10/02/14:07:56.058544,68578,1538482076,43022398,/world,vicon/IMUframe/IMUframe,-0.528291382313,-0.167163321375,1.62653864033,0.0380919631872,-0.0209580536015,0.00419797802624,0.999045614229
2018/10/02/14:07:56.068333,68579,1538482076,53017686,/world,vicon/IMUframe/IMUframe,-0.530971584063,-0.169847587126,1.62633793615,0.0401165946119,-0.0252779154908,0.00434044750928,0.998865779943
2018/10/02/14:07:56.078754,68580,1538482076,63117574,/world,vicon/IMUframe/IMUframe,-0.532850973926,-0.171953700876,1.62627836056,0.0414213822798,-0.0285486136178,0.00442123661141,0.998724035166
2018/10/02/14:07:56.088836,68581,1538482076,73196330,/world,vicon/IMUframe/IMUframe,-0.534024357278,-0.173368676998,1.62631702607,0.042600191934,-0.0312354320807,0.00471752975834,0.99859266788
2018/10/02/14:07:56.098296,68582,1538482076,83046786,/world,vicon/IMUframe/IMUframe,-0.534473736219,-0.174050246052,1.62646858225,0.0437177982061,-0.0331385608568,0.00537650386082,0.998479685878
2018/10/02/14:07:56.108460,68583,1538482076,92907722,/world,vicon/IMUframe/IMUframe,-0.534204008433,-0.174018353054,1.62677326562,0.0445269968125,-0.0344141467531,0.00637414325797,0.998394903511
2018/10/02/14:07:56.118836,68584,1538482076,103181867,/world,vicon/IMUframe/IMUframe,-0.533320502857,-0.173328175032,1.62714557259,0.0446132514626,-0.0349913758186,0.00787216748905,0.998360300889
2018/10/02/14:07:56.128823,68585,1538482076,113145821,/world,vicon/IMUframe/IMUframe,-0.531754089428,-0.172007905815,1.62774478067,0.0443025693928,-0.0353560025656,0.00944309843123,0.998347666557
2018/10/02/14:07:56.138459,68586,1538482076,123044376,/world,vicon/IMUframe/IMUframe,-0.529778585927,-0.16971234508,1.62854684746,0.0435072856373,-0.0353963549977,0.0115042881841,0.998359587274
2018/10/02/14:07:56.148501,68587,1538482076,132996072,/world,vicon/IMUframe/IMUframe,-0.527219974132,-0.166996258442,1.62939060012,0.0424601275987,-0.0351942794215,0.0136596089825,0.998384652998
2018/10/02/14:07:56.158745,68588,1538482076,143123022,/world,vicon/IMUframe/IMUframe,-0.524030967964,-0.163355196408,1.63037300288,0.0405916667302,-0.0345017410394,0.0157791618367,0.998455289189
2018/10/02/14:07:56.168800,68589,1538482076,153099315,/world,vicon/IMUframe/IMUframe,-0.520182762701,-0.15871632101,1.63166332275,0.0383419614973,-0.0345691098862,0.017737504552,0.998509014262
2018/10/02/14:07:56.178713,68590,1538482076,163050725,/world,vicon/IMUframe/IMUframe,-0.515857928988,-0.153639267383,1.63250352389,0.0353972396634,-0.0351011419826,0.0192895936518,0.998570406548
2018/10/02/14:07:56.188731,68591,1538482076,173030323,/world,vicon/IMUframe/IMUframe,-0.511051608567,-0.148469793266,1.63361054661,0.0319954357787,-0.0359505454815,0.020746301816,0.99862577642
2018/10/02/14:07:56.198544,68592,1538482076,182985874,/world,vicon/IMUframe/IMUframe,-0.505604950796,-0.142655936151,1.63454858064,0.0279156186033,-0.037168122119,0.0220596165316,0.99867543389
2018/10/02/14:07:56.208711,68593,1538482076,193026993,/world,vicon/IMUframe/IMUframe,-0.49950161475,-0.13640635161,1.63535322792,0.0236160247484,-0.038558494662,0.023629635812,0.998697735141
2018/10/02/14:07:56.218769,68594,1538482076,203003609,/world,vicon/IMUframe/IMUframe,-0.492858852007,-0.130007624101,1.63591548189,0.0190788740237,-0.0397187197511,0.0253623054462,0.998706750418
2018/10/02/14:07:56.228462,68595,1538482076,212979858,/world,vicon/IMUframe/IMUframe,-0.485862978612,-0.122721700533,1.63623587695,0.0147653059555,-0.0408195460919,0.0267705909882,0.998698696232
2018/10/02/14:07:56.238614,68596,1538482076,222965871,/world,vicon/IMUframe/IMUframe,-0.478301644114,-0.115632442703,1.63653995321,0.0109237985253,-0.0413716479497,0.0289244940719,0.998665324828
2018/10/02/14:07:56.248397,68597,1538482076,233129617,/world,vicon/IMUframe/IMUframe,-0.469972379991,-0.107751818469,1.63661584371,0.007996086672,-0.0416399303641,0.0313047315303,0.998610130422
2018/10/02/14:07:56.259070,68598,1538482076,243094736,/world,vicon/IMUframe/IMUframe,-0.461304406417,-0.100109843329,1.63643766545,0.0048507332103,-0.0411871813397,0.0340970914984,0.998557697297
2018/10/02/14:07:56.268677,68599,1538482076,253039397,/world,vicon/IMUframe/IMUframe,-0.452110983703,-0.0921384797785,1.63599627086,0.002401145684,-0.0402390519364,0.0369641952587,0.998503230574
2018/10/02/14:07:56.278735,68600,1538482076,262996994,/world,vicon/IMUframe/IMUframe,-0.44254166097,-0.083964121068,1.63533344116,0.000322292122821,-0.0388276121589,0.0400068398643,0.998444673192
2018/10/02/14:07:56.288901,68601,1538482076,273091903,/world,vicon/IMUframe/IMUframe,-0.43279484024,-0.0758468220292,1.63445231217,-0.00149759540302,-0.0369789893967,0.0432349067193,0.998379213722
2018/10/02/14:07:56.298847,68602,1538482076,283012534,/world,vicon/IMUframe/IMUframe,-0.422762964398,-0.067518769112,1.63335489194,-0.0033809259694,-0.0350918652191,0.0464648317392,0.998297625834
2018/10/02/14:07:56.308710,68603,1538482076,292967495,/world,vicon/IMUframe/IMUframe,-0.412359543309,-0.059274157258,1.63198387788,-0.00457957164111,-0.0334421656814,0.0503246640206,0.998162350156
2018/10/02/14:07:56.319039,68604,1538482076,302983891,/world,vicon/IMUframe/IMUframe,-0.401734779407,-0.0510839734613,1.63035193468,-0.00548797786469,-0.03235283476,0.0545860479141,0.997969708736
2018/10/02/14:07:56.329050,68605,1538482076,312983203,/world,vicon/IMUframe/IMUframe,-0.390969392526,-0.0425753982699,1.62850147818,-0.00634329263032,-0.031612572627,0.0582706649971,0.997780004556
2018/10/02/14:07:56.338789,68606,1538482076,323072020,/world,vicon/IMUframe/IMUframe,-0.379936496704,-0.0341579134622,1.62645801161,-0.00698084236151,-0.0312303851395,0.0616175342056,0.997586693156
2018/10/02/14:07:56.349107,68607,1538482076,333023652,/world,vicon/IMUframe/IMUframe,-0.368680378871,-0.025720607992,1.62420661642,-0.00733946816424,-0.0311660914061,0.065854080002,0.997315420066
2018/10/02/14:07:56.358844,68608,1538482076,342976245,/world,vicon/IMUframe/IMUframe,-0.357251748829,-0.0172855364393,1.62190578342,-0.00783020199975,-0.0310906322048,0.0703674920467,0.997005755544
2018/10/02/14:07:56.368945,68609,1538482076,352910134,/world,vicon/IMUframe/IMUframe,-0.345695031574,-0.00910764252819,1.6195902754,-0.00836696609618,-0.030847287142,0.0751893756253,0.996656910149
2018/10/02/14:07:56.378977,68610,1538482076,363051859,/world,vicon/IMUframe/IMUframe,-0.333987517759,-0.000721408905591,1.61712915115,-0.00905487602697,-0.030469139589,0.0801893050984,0.996272711711
2018/10/02/14:07:56.388607,68611,1538482076,372970309,/world,vicon/IMUframe/IMUframe,-0.322373554641,0.00731212556144,1.61467818425,-0.00970880809222,-0.0294594605298,0.0863344199204,0.995783233022
2018/10/02/14:07:56.398472,68612,1538482076,382971503,/world,vicon/IMUframe/IMUframe,-0.310646486254,0.0153198246911,1.61217916715,-0.0106063505703,-0.0274678323965,0.0932873357716,0.995203746223
2018/10/02/14:07:56.408546,68613,1538482076,393015982,/world,vicon/IMUframe/IMUframe,-0.298694773064,0.0232798332784,1.60975209153,-0.0110856812281,-0.0252525866792,0.100646624209,0.994539929602
2018/10/02/14:07:56.418540,68614,1538482076,402993766,/world,vicon/IMUframe/IMUframe,-0.287157923957,0.030766962695,1.60732616498,-0.0114594549329,-0.0222896836236,0.107845542399,0.993851694108
2018/10/02/14:07:56.428905,68615,1538482076,413111495,/world,vicon/IMUframe/IMUframe,-0.275839136675,0.0387612856384,1.60482369536,-0.0122425843764,-0.01883040245,0.115863567872,0.99301116243
2018/10/02/14:07:56.438825,68616,1538482076,422988713,/world,vicon/IMUframe/IMUframe,-0.264541649071,0.0462081618659,1.60212463627,-0.0127110256758,-0.0161538233604,0.123885024943,0.99208365797
2018/10/02/14:07:56.448761,68617,1538482076,432943113,/world,vicon/IMUframe/IMUframe,-0.253229916421,0.0534154313796,1.59930717069,-0.0132357290058,-0.0145489167671,0.131681193807,0.991096971893
2018/10/02/14:07:56.458717,68618,1538482076,442918122,/world,vicon/IMUframe/IMUframe,-0.242137426597,0.060523011984,1.59656104426,-0.0138123904722,-0.0133037553418,0.139953072336,0.989972406437
2018/10/02/14:07:56.469027,68619,1538482076,453065357,/world,vicon/IMUframe/IMUframe,-0.231356218566,0.067552692747,1.59389031125,-0.014003233936,-0.0123333639797,0.147864353407,0.988831598688
2018/10/02/14:07:56.478783,68620,1538482076,462975004,/world,vicon/IMUframe/IMUframe,-0.22043121424,0.0740551372091,1.59132079296,-0.0143769669777,-0.0119475637974,0.157254317073,0.987381202121
2018/10/02/14:07:56.488780,68621,1538482076,472949382,/world,vicon/IMUframe/IMUframe,-0.2104996182,0.0808490703583,1.58863370931,-0.0138356321017,-0.0113560941205,0.165824998266,0.985992740521
2018/10/02/14:07:56.498820,68622,1538482076,482919702,/world,vicon/IMUframe/IMUframe,-0.200443985504,0.0868890961119,1.58609019639,-0.0130312271987,-0.0108038738272,0.174596855439,0.984494490334
2018/10/02/14:07:56.509207,68623,1538482076,493020134,/world,vicon/IMUframe/IMUframe,-0.190990530304,0.0927047348104,1.58369825936,-0.0115832249199,-0.00985756458085,0.184022686937,0.982804308097
2018/10/02/14:07:56.519021,68624,1538482076,502980814,/world,vicon/IMUframe/IMUframe,-0.182068116285,0.0983360774517,1.58147396289,-0.0101624780712,-0.00844492227431,0.193038486497,0.98110221183
2018/10/02/14:07:56.529232,68625,1538482076,513002447,/world,vicon/IMUframe/IMUframe,-0.173783284221,0.103737260237,1.57938330917,-0.00804853006269,-0.00676517106961,0.201913971309,0.979346824069
2018/10/02/14:07:56.539109,68626,1538482076,522923051,/world,vicon/IMUframe/IMUframe,-0.166201394092,0.108499178879,1.57760352277,-0.00476124586643,-0.00536714790024,0.210857002073,0.977490587647
2018/10/02/14:07:56.549447,68627,1538482076,532989209,/world,vicon/IMUframe/IMUframe,-0.159263043163,0.112995933324,1.57590658173,-0.00205214595746,-0.00411089198889,0.21892132824,0.975731695347
2018/10/02/14:07:56.559090,68628,1538482076,543036330,/world,vicon/IMUframe/IMUframe,-0.153069709207,0.116952296261,1.57449533764,0.000873073085639,-0.00409147978871,0.226553948642,0.973989633359
2018/10/02/14:07:56.569020,68629,1538482076,553033671,/world,vicon/IMUframe/IMUframe,-0.147536445665,0.12079943892,1.57314057832,0.00290999886869,-0.00357451796999,0.233679241721,0.972302816368
2018/10/02/14:07:56.578575,68630,1538482076,562948921,/world,vicon/IMUframe/IMUframe,-0.142626647205,0.123957328031,1.572100266,0.00552196109166,-0.00457715959171,0.240162443271,0.970706216318
2018/10/02/14:07:56.588835,68631,1538482076,572905662,/world,vicon/IMUframe/IMUframe,-0.138445271367,0.126766865704,1.57130162832,0.00813818984298,-0.00635267784753,0.246213716173,0.969160574579
2018/10/02/14:07:56.599274,68632,1538482076,583122768,/world,vicon/IMUframe/IMUframe,-0.134882232529,0.128948832087,1.57076908457,0.0103348764887,-0.00854605319236,0.251787095798,0.967689730075
2018/10/02/14:07:56.609477,68633,1538482076,593024567,/world,vicon/IMUframe/IMUframe,-0.13205151639,0.130627245274,1.57044422035,0.0118838857372,-0.010718690126,0.256814162587,0.966328292474
2018/10/02/14:07:56.618890,68634,1538482076,602961070,/world,vicon/IMUframe/IMUframe,-0.12980789805,0.131854959223,1.57031951956,0.0133169091564,-0.0129267897063,0.260937314009,0.965177328886
2018/10/02/14:07:56.628962,68635,1538482076,612954220,/world,vicon/IMUframe/IMUframe,-0.12827632614,0.132555602276,1.57041628971,0.0149498416069,-0.0146548867278,0.264812293277,0.964072707766
2018/10/02/14:07:56.638954,68636,1538482076,622972100,/world,vicon/IMUframe/IMUframe,-0.127436621042,0.132663848625,1.57070739709,0.0166235053499,-0.0158629340345,0.267550873859,0.963269721465
2018/10/02/14:07:56.649083,68637,1538482076,632997250,/world,vicon/IMUframe/IMUframe,-0.127321487359,0.132270184195,1.57125320369,0.0177134352752,-0.0162904143223,0.269327165744,0.962748011893
2018/10/02/14:07:56.659116,68638,1538482076,642953004,/world,vicon/IMUframe/IMUframe,-0.127838183544,0.131315633819,1.5720307359,0.0182815854626,-0.0159860509655,0.269990261525,0.962556745594
2018/10/02/14:07:56.668890,68639,1538482076,652935089,/world,vicon/IMUframe/IMUframe,-0.128898806146,0.130073197515,1.57293789952,0.0189018720674,-0.0152299487259,0.270378689364,0.962447989364
2018/10/02/14:07:56.679195,68640,1538482076,662977799,/world,vicon/IMUframe/IMUframe,-0.130632029773,0.128081586337,1.57394534218,0.0185685973427,-0.0142257512832,0.270268675876,0.962500741835
2018/10/02/14:07:56.689352,68641,1538482076,673025564,/world,vicon/IMUframe/IMUframe,-0.132957926763,0.12601751348,1.57496401928,0.0176245802264,-0.0135193845492,0.268288191753,0.963082575161
2018/10/02/14:07:56.699028,68642,1538482076,682983084,/world,vicon/IMUframe/IMUframe,-0.135789420358,0.123552350202,1.57597462231,0.0167034325354,-0.0129409766078,0.266333226141,0.96364938599
2018/10/02/14:07:56.708883,68643,1538482076,692969472,/world,vicon/IMUframe/IMUframe,-0.13924067756,0.120355353904,1.57707301915,0.0156737462014,-0.0126342668733,0.263517915175,0.964444408643
2018/10/02/14:07:56.718993,68644,1538482076,702926057,/world,vicon/IMUframe/IMUframe,-0.143199519459,0.117108116923,1.57812296883,0.0143532842528,-0.0127380496202,0.260103361129,0.965390059433
2018/10/02/14:07:56.729407,68645,1538482076,713129243,/world,vicon/IMUframe/IMUframe,-0.147592964035,0.113400310753,1.57926365145,0.0128641013891,-0.0131232872624,0.25582799391,0.966547635535
2018/10/02/14:07:56.741485,68646,1538482076,725282451,/world,vicon/IMUframe/IMUframe,-0.152349376921,0.109542753737,1.58034578062,0.0110217718877,-0.0134776915013,0.250670087388,0.967915998248
2018/10/02/14:07:56.748879,68647,1538482076,732941192,/world,vicon/IMUframe/IMUframe,-0.157697479745,0.10543221322,1.58149032192,0.00923418649276,-0.0134735880612,0.244752793146,0.969447916328
2018/10/02/14:07:56.758799,68648,1538482076,742925450,/world,vicon/IMUframe/IMUframe,-0.163388413286,0.100998181214,1.58272712022,0.007472228143,-0.0131247431666,0.238033544509,0.971139505227
2018/10/02/14:07:56.769123,68649,1538482076,753015355,/world,vicon/IMUframe/IMUframe,-0.169402222654,0.0961794128843,1.58402271518,0.00572038456722,-0.0120863891321,0.230731269119,0.972925628118
2018/10/02/14:07:56.779062,68650,1538482076,762998357,/world,vicon/IMUframe/IMUframe,-0.175688649156,0.0910965957753,1.58544704936,0.00402202347148,-0.0103084925024,0.223070365553,0.974739539734
2018/10/02/14:07:56.788747,68651,1538482076,773072306,/world,vicon/IMUframe/IMUframe,-0.182196892695,0.0857935783207,1.58701366485,0.00210757655365,-0.00797667540345,0.214861044928,0.976609779873
2018/10/02/14:07:56.798694,68652,1538482076,782957310,/world,vicon/IMUframe/IMUframe,-0.188763363166,0.0803806454974,1.58857239151,0.000720339976308,-0.00528363925184,0.20721380663,0.978281147017
2018/10/02/14:07:56.808590,68653,1538482076,793012075,/world,vicon/IMUframe/IMUframe,-0.195448083451,0.0747954497391,1.59034072851,-0.00035943655132,-0.0024173183319,0.199534064711,0.979887842764
2018/10/02/14:07:56.819084,68654,1538482076,803067792,/world,vicon/IMUframe/IMUframe,-0.202390818549,0.0683546699281,1.59227139292,-0.00177204623439,0.000694104937005,0.191775073149,0.981437058292
2018/10/02/14:07:56.829046,68655,1538482076,813094575,/world,vicon/IMUframe/IMUframe,-0.20956690111,0.0623515029213,1.59464422919,-0.00290030129152,0.00577036964775,0.184946290997,0.982727409068
2018/10/02/14:07:56.838672,68656,1538482076,822929320,/world,vicon/IMUframe/IMUframe,-0.216477008957,0.055867682934,1.59653337509,-0.00451218163732,0.00860307292091,0.179279196297,0.98375027173
2018/10/02/14:07:56.848656,68657,1538482076,832909841,/world,vicon/IMUframe/IMUframe,-0.223905958902,0.048972248929,1.59869643069,-0.0059978029815,0.0122715789718,0.175113615766,0.984453481015
2018/10/02/14:07:56.858618,68658,1538482076,843037777,/world,vicon/IMUframe/IMUframe,-0.230968838011,0.0421270985373,1.60060020392,-0.0082281060433,0.0131945119083,0.169220777774,0.985455494427
2018/10/02/14:07:56.868911,68659,1538482076,853025860,/world,vicon/IMUframe/IMUframe,-0.238389017519,0.0349991713971,1.60264404476,-0.0101805943396,0.0151546655179,0.164284199185,0.986244084145
2018/10/02/14:07:56.878748,68660,1538482076,863172814,/world,vicon/IMUframe/IMUframe,-0.245956627678,0.027708506141,1.60471330565,-0.0119905351537,0.0165628991315,0.159252297369,0.987026141104
2018/10/02/14:07:56.888961,68661,1538482076,872913568,/world,vicon/IMUframe/IMUframe,-0.253697472914,0.0201579130675,1.60666038285,-0.0136607070487,0.0172817221048,0.154353910158,0.987770012494
2018/10/02/14:07:56.899424,68662,1538482076,883108354,/world,vicon/IMUframe/IMUframe,-0.261557445153,0.0123560615136,1.60851266928,-0.0152888161509,0.0176659277725,0.149147215609,0.988538959866
2018/10/02/14:07:56.909168,68663,1538482076,892975832,/world,vicon/IMUframe/IMUframe,-0.26948466023,0.00451558620305,1.61023507214,-0.0162161104558,0.0174702304277,0.144589384192,0.989204599054
2018/10/02/14:07:56.919060,68664,1538482076,902996531,/world,vicon/IMUframe/IMUframe,-0.277370722704,-0.0034328340471,1.61197417262,-0.0165532993519,0.0169328560331,0.140631963027,0.989778721555
2018/10/02/14:07:56.929002,68665,1538482076,912949287,/world,vicon/IMUframe/IMUframe,-0.285451464825,-0.01159195331,1.61389824163,-0.0162383509595,0.0168382704487,0.135988392287,0.990434220819
2018/10/02/14:07:56.938986,68666,1538482076,922922786,/world,vicon/IMUframe/IMUframe,-0.29355846135,-0.0194541283886,1.61544644494,-0.014786365611,0.0159817975541,0.130203642709,0.991248181317
2018/10/02/14:07:56.949420,68667,1538482076,933246210,/world,vicon/IMUframe/IMUframe,-0.30135199623,-0.0275351732183,1.6166325127,-0.0137359597427,0.0136389798184,0.126437095793,0.991785744224
2018/10/02/14:07:56.958885,68668,1538482076,943022140,/world,vicon/IMUframe/IMUframe,-0.309442690011,-0.035674671243,1.61815273616,-0.011338398759,0.0125258291799,0.12218000004,0.992364142796
2018/10/02/14:07:56.968436,68669,1538482076,952987531,/world,vicon/IMUframe/IMUframe,-0.317497005304,-0.0436196983661,1.61965615141,-0.00998527561301,0.011609047366,0.118169784325,0.99287533274
2018/10/02/14:07:56.978636,68670,1538482076,962914356,/world,vicon/IMUframe/IMUframe,-0.325635944946,-0.0516632560117,1.62101206391,-0.00938158384308,0.0106955242734,0.113941523061,0.993385585243
2018/10/02/14:07:56.988938,68671,1538482076,973015005,/world,vicon/IMUframe/IMUframe,-0.333573822661,-0.0597725270417,1.62227756449,-0.0087432650787,0.00947172746445,0.109499937863,0.993903217271
2018/10/02/14:07:56.998788,68672,1538482076,983003929,/world,vicon/IMUframe/IMUframe,-0.341445603878,-0.0676269279366,1.62355039396,-0.00931958941316,0.00835710200036,0.105162177378,0.994376297258
2018/10/02/14:07:57.008822,68673,1538482076,992993589,/world,vicon/IMUframe/IMUframe,-0.348984656567,-0.0757107032346,1.624501105,-0.00871961187738,0.00647209387005,0.100892479564,0.994838071214
2018/10/02/14:07:57.018545,68674,1538482077,2915446,/world,vicon/IMUframe/IMUframe,-0.356179900113,-0.0834234151177,1.62548787001,-0.00904153044541,0.00469775413201,0.0972652756156,0.995206334381
2018/10/02/14:07:57.028415,68675,1538482077,12895055,/world,vicon/IMUframe/IMUframe,-0.36328244191,-0.0907962527304,1.62642914493,-0.00959726471975,0.00295826036894,0.0948114652401,0.995444587742
2018/10/02/14:07:57.039325,68676,1538482077,23105881,/world,vicon/IMUframe/IMUframe,-0.369790299374,-0.0983526947374,1.62741429736,-0.00934352895558,0.000267072305926,0.0933011251992,0.995594057423
2018/10/02/14:07:57.048900,68677,1538482077,33018341,/world,vicon/IMUframe/IMUframe,-0.376321760237,-0.105598683365,1.62845490364,-0.00954885021209,-0.00230244851951,0.0922846984045,0.995684213308
2018/10/02/14:07:57.058906,68678,1538482077,42948148,/world,vicon/IMUframe/IMUframe,-0.382639901859,-0.112669821035,1.62954706217,-0.00985831891518,-0.00400643000375,0.0933807956122,0.995573598022
2018/10/02/14:07:57.069030,68679,1538482077,52910089,/world,vicon/IMUframe/IMUframe,-0.388801781432,-0.119489651102,1.6305584959,-0.0106315209142,-0.00543475430641,0.093471239551,0.995550381239
2018/10/02/14:07:57.079141,68680,1538482077,63098471,/world,vicon/IMUframe/IMUframe,-0.394915688122,-0.126266770417,1.63144585867,-0.0112432023494,-0.00622375391183,0.0936214756416,0.995524924141
2018/10/02/14:07:57.088969,68681,1538482077,73117243,/world,vicon/IMUframe/IMUframe,-0.40101335893,-0.133042912693,1.63215452051,-0.0121782836838,-0.0064021703236,0.0932407438778,0.995548524836
2018/10/02/14:07:57.098749,68682,1538482077,82966484,/world,vicon/IMUframe/IMUframe,-0.406794544984,-0.139461778615,1.63266350246,-0.0123608891239,-0.00661119066326,0.0926149244921,0.995603322784
2018/10/02/14:07:57.108818,68683,1538482077,92931346,/world,vicon/IMUframe/IMUframe,-0.412364984785,-0.145677748194,1.63293105603,-0.0122699906176,-0.00670364088257,0.0918216647332,0.99567730235
2018/10/02/14:07:57.119189,68684,1538482077,103000058,/world,vicon/IMUframe/IMUframe,-0.417628702396,-0.151323778991,1.63302048464,-0.0120378118668,-0.00703825568443,0.0903509632109,0.995812360583
2018/10/02/14:07:57.129049,68685,1538482077,112932270,/world,vicon/IMUframe/IMUframe,-0.422602053343,-0.156368260392,1.63305714919,-0.0114073502241,-0.00824737218178,0.0885366772905,0.995973448435
2018/10/02/14:07:57.138875,68686,1538482077,122950359,/world,vicon/IMUframe/IMUframe,-0.427424493172,-0.161580646044,1.63277585991,-0.0105905848392,-0.0092341338041,0.0865292823617,0.996150216373
2018/10/02/14:07:57.148614,68687,1538482077,132933411,/world,vicon/IMUframe/IMUframe,-0.431912384349,-0.166368738439,1.63244194581,-0.00914315129269,-0.0106584313893,0.0842542404613,0.996345333501
2018/10/02/14:07:57.158695,68688,1538482077,142906636,/world,vicon/IMUframe/IMUframe,-0.436197651995,-0.1707017678,1.63197533542,-0.00731440182505,-0.0124324004469,0.0818061111984,0.996543875158
2018/10/02/14:07:57.169539,68689,1538482077,153404886,/world,vicon/IMUframe/IMUframe,-0.44038102506,-0.174844529401,1.63145929568,-0.00549236669943,-0.0142489614017,0.0788782271478,0.996767287931
2018/10/02/14:07:57.178814,68690,1538482077,162993856,/world,vicon/IMUframe/IMUframe,-0.444389651147,-0.178271920692,1.63068008285,-0.00317305438181,-0.0157294944089,0.0761042830578,0.996970738202
2018/10/02/14:07:57.188748,68691,1538482077,172929140,/world,vicon/IMUframe/IMUframe,-0.448166918854,-0.181526366038,1.62978484803,-0.00149480965267,-0.0173032592151,0.0731066263255,0.997172895717
2018/10/02/14:07:57.198905,68692,1538482077,182920223,/world,vicon/IMUframe/IMUframe,-0.451769542176,-0.184422146222,1.62883424335,0.000931758741202,-0.0182195657064,0.069601369035,0.997408055251
2018/10/02/14:07:57.209482,68693,1538482077,193087660,/world,vicon/IMUframe/IMUframe,-0.455006682693,-0.187113991467,1.62795364764,0.00291162907908,-0.0186287423535,0.0663633646476,0.997617359616
2018/10/02/14:07:57.218868,68694,1538482077,202983982,/world,vicon/IMUframe/IMUframe,-0.457851103518,-0.189305394562,1.6270133477,0.00512365013933,-0.0189021575983,0.0633831626425,0.997797089263
2018/10/02/14:07:57.228849,68695,1538482077,212927858,/world,vicon/IMUframe/IMUframe,-0.460452612342,-0.19139991418,1.62621621717,0.0076448327356,-0.0185568392072,0.0611058215317,0.997929495919
2018/10/02/14:07:57.238602,68696,1538482077,222927995,/world,vicon/IMUframe/IMUframe,-0.462878346347,-0.193126078143,1.62539478044,0.010171090907,-0.0176287750355,0.0593218951427,0.998031406298
2018/10/02/14:07:57.248943,68697,1538482077,233047306,/world,vicon/IMUframe/IMUframe,-0.464993081548,-0.194548993435,1.6246498579,0.0125125076297,-0.016608674764,0.0579834778752,0.998100949488
2018/10/02/14:07:57.258801,68698,1538482077,242991897,/world,vicon/IMUframe/IMUframe,-0.466951718029,-0.195459715076,1.62395572541,0.0144171493615,-0.0155986106632,0.0565065692854,0.998176255366
2018/10/02/14:07:57.268975,68699,1538482077,253004493,/world,vicon/IMUframe/IMUframe,-0.468589813579,-0.19652941167,1.62336328726,0.0156938624575,-0.0148744250897,0.0562164526086,0.998184434168
2018/10/02/14:07:57.278679,68700,1538482077,262945279,/world,vicon/IMUframe/IMUframe,-0.469931537034,-0.197329532431,1.62287879091,0.016234232663,-0.014458325065,0.056241013087,0.998180522237
2018/10/02/14:07:57.288697,68701,1538482077,272922078,/world,vicon/IMUframe/IMUframe,-0.471127928879,-0.197827771871,1.62244996905,0.0162739439447,-0.0143122895632,0.0562652639426,0.998180613511
2018/10/02/14:07:57.298956,68702,1538482077,283110032,/world,vicon/IMUframe/IMUframe,-0.472134653473,-0.198138494035,1.62210000944,0.0156781458328,-0.0141652329022,0.0565632682679,0.998175404728
2018/10/02/14:07:57.308675,68703,1538482077,293038527,/world,vicon/IMUframe/IMUframe,-0.472967679345,-0.198304878633,1.62185017552,0.0147302269447,-0.013918517165,0.0568659930478,0.998176113784
2018/10/02/14:07:57.318482,68704,1538482077,303003380,/world,vicon/IMUframe/IMUframe,-0.473617055837,-0.198329096812,1.62167417655,0.0137201638389,-0.0134311171927,0.0572912539529,0.998172868002
2018/10/02/14:07:57.328626,68705,1538482077,312986348,/world,vicon/IMUframe/IMUframe,-0.474151432252,-0.198207499501,1.62157749831,0.0125089112905,-0.0127058162494,0.0577740859419,0.998170448553
2018/10/02/14:07:57.338819,68706,1538482077,323080803,/world,vicon/IMUframe/IMUframe,-0.474531239584,-0.197988994771,1.62152934331,0.0112012733466,-0.0117134106641,0.0582815240571,0.998168618741
2018/10/02/14:07:57.348885,68707,1538482077,332988871,/world,vicon/IMUframe/IMUframe,-0.474846979784,-0.197643040833,1.62151909978,0.0100441540717,-0.0105374543513,0.0587058456596,0.998169174394
2018/10/02/14:07:57.358754,68708,1538482077,342947467,/world,vicon/IMUframe/IMUframe,-0.475121549157,-0.197239857833,1.62154666202,0.00900570873059,-0.00923689045594,0.0589194663274,0.998179379447
2018/10/02/14:07:57.368660,68709,1538482077,352925121,/world,vicon/IMUframe/IMUframe,-0.475374301871,-0.196832201961,1.62156369792,0.00832892057824,-0.00826073101658,0.0589536531204,0.998191793289
2018/10/02/14:07:57.378969,68710,1538482077,362971190,/world,vicon/IMUframe/IMUframe,-0.475622543953,-0.19641087263,1.62160706645,0.0072770890688,-0.00728512201969,0.0593436950381,0.998184500396
2018/10/02/14:07:57.389107,68711,1538482077,373016553,/world,vicon/IMUframe/IMUframe,-0.475759031233,-0.195862655932,1.62172599239,0.00609342227203,-0.00659731861858,0.0591481138019,0.998208818948
2018/10/02/14:07:57.399062,68712,1538482077,383222120,/world,vicon/IMUframe/IMUframe,-0.475849038982,-0.195241390349,1.62185423204,0.00480874922053,-0.00630421295864,0.0589276150087,0.998230769421
2018/10/02/14:07:57.408845,68713,1538482077,392995297,/world,vicon/IMUframe/IMUframe,-0.475861629415,-0.194634166893,1.62199201877,0.00337857358653,-0.0062328807497,0.0586732323862,0.998252066484
2018/10/02/14:07:57.418465,68714,1538482077,402907278,/world,vicon/IMUframe/IMUframe,-0.47588542777,-0.193939685395,1.62215723101,0.00189127667321,-0.00615518086408,0.058560673072,0.998263083756
2018/10/02/14:07:57.428840,68715,1538482077,413062994,/world,vicon/IMUframe/IMUframe,-0.475769391416,-0.193175806773,1.62237185313,0.000780339013263,-0.0060484326729,0.0579790259805,0.998299173635
2018/10/02/14:07:57.438829,68716,1538482077,423044462,/world,vicon/IMUframe/IMUframe,-0.475649075796,-0.19256593088,1.62257214327,-0.000418548441264,-0.00585362791,0.0578753428902,0.998306568416
2018/10/02/14:07:57.448578,68717,1538482077,432982835,/world,vicon/IMUframe/IMUframe,-0.475508539814,-0.192156848895,1.62275551694,-0.00146747274886,-0.0055645904385,0.0580644044279,0.998296252019
2018/10/02/14:07:57.458846,68718,1538482077,442917271,/world,vicon/IMUframe/IMUframe,-0.475311789628,-0.191566126152,1.6229505463,-0.00206675025239,-0.00517186912462,0.0578616169224,0.99830907719
2018/10/02/14:07:57.469139,68719,1538482077,453235750,/world,vicon/IMUframe/IMUframe,-0.475036589315,-0.191068078613,1.62311852672,-0.00238093460753,-0.00476187014114,0.0579390312843,0.998305927257
2018/10/02/14:07:57.479036,68720,1538482077,462972905,/world,vicon/IMUframe/IMUframe,-0.474766038803,-0.190530370047,1.62324740972,-0.00222852225134,-0.004381283644,0.0579263183095,0.998308759698
2018/10/02/14:07:57.488882,68721,1538482077,473076384,/world,vicon/IMUframe/IMUframe,-0.474385727081,-0.189938891589,1.62337682686,-0.00164219783975,-0.00416533709989,0.0573246856139,0.998345548181
2018/10/02/14:07:57.498798,68722,1538482077,482911094,/world,vicon/IMUframe/IMUframe,-0.473997727932,-0.189476877527,1.62346181515,-0.0011892412911,-0.00415930836852,0.0572289737012,0.998351706779
2018/10/02/14:07:57.508866,68723,1538482077,493056050,/world,vicon/IMUframe/IMUframe,-0.473543537089,-0.189100785568,1.62350087585,-0.000593952833655,-0.00439058643771,0.0571985829742,0.998352989717
2018/10/02/14:07:57.518794,68724,1538482077,502976570,/world,vicon/IMUframe/IMUframe,-0.472966462999,-0.188671078817,1.62346208444,-4.31374589338e-05,-0.00481739681573,0.0571485935485,0.998354059982
2018/10/02/14:07:57.528891,68725,1538482077,513055072,/world,vicon/IMUframe/IMUframe,-0.472410049057,-0.188159338016,1.62330635875,0.000397969136901,-0.00509078906474,0.0574572409194,0.998334909213
2018/10/02/14:07:57.538896,68726,1538482077,522913584,/world,vicon/IMUframe/IMUframe,-0.471845403412,-0.187855992797,1.62325330306,0.000960506874846,-0.00535273864579,0.0578409647665,0.998310997841
2018/10/02/14:07:57.548729,68727,1538482077,532948693,/world,vicon/IMUframe/IMUframe,-0.471294694236,-0.187612859819,1.62321119778,0.00142933688591,-0.00553671130068,0.0584149656023,0.998276010739
2018/10/02/14:07:57.559184,68728,1538482077,542982288,/world,vicon/IMUframe/IMUframe,-0.470724800967,-0.187401418944,1.62317245278,0.00174459620221,-0.00559309634768,0.059213104017,0.998228171297
2018/10/02/14:07:57.569059,68729,1538482077,553033243,/world,vicon/IMUframe/IMUframe,-0.470166286697,-0.187266194785,1.62311315132,0.00197199863987,-0.00568687576352,0.0601525307418,0.998171049325
2018/10/02/14:07:57.578803,68730,1538482077,562951082,/world,vicon/IMUframe/IMUframe,-0.469601763118,-0.187128430721,1.62307334498,0.00207852841839,-0.00578927696353,0.061102312668,0.998112554464
2018/10/02/14:07:57.588482,68731,1538482077,572914658,/world,vicon/IMUframe/IMUframe,-0.468989734405,-0.186856358906,1.62293435712,0.00231822371472,-0.0059855180883,0.0619526888118,0.998058447067
2018/10/02/14:07:57.599257,68732,1538482077,583156134,/world,vicon/IMUframe/IMUframe,-0.468411090148,-0.186647188475,1.62283229532,0.00252182692722,-0.00603730812466,0.0628433540479,0.998001955986
2018/10/02/14:07:57.608788,68733,1538482077,593016183,/world,vicon/IMUframe/IMUframe,-0.46788917801,-0.186472601717,1.62266520092,0.00306351027681,-0.00638329555673,0.0635271590688,0.997954993225
2018/10/02/14:07:57.618817,68734,1538482077,602933038,/world,vicon/IMUframe/IMUframe,-0.467343161529,-0.186294698257,1.62244766787,0.00364760415774,-0.00693067963542,0.0641744363436,0.997907962882
2018/10/02/14:07:57.628595,68735,1538482077,613035777,/world,vicon/IMUframe/IMUframe,-0.466795283281,-0.186130390177,1.62216420998,0.00412463925513,-0.00769540070816,0.0645695182661,0.997875014954
2018/10/02/14:07:57.638907,68736,1538482077,622950742,/world,vicon/IMUframe/IMUframe,-0.466272379666,-0.185968347867,1.62186042373,0.00450257754373,-0.00864649140658,0.0647517060548,0.997853787659
2018/10/02/14:07:57.649037,68737,1538482077,633183832,/world,vicon/IMUframe/IMUframe,-0.465726549286,-0.185828321883,1.62156125166,0.00479917819516,-0.00974163214264,0.0647887661384,0.997839909141
2018/10/02/14:07:57.658844,68738,1538482077,642981783,/world,vicon/IMUframe/IMUframe,-0.465231977607,-0.185656296446,1.62123629641,0.00507061668207,-0.0108107719651,0.064858776633,0.997823007928
2018/10/02/14:07:57.668726,68739,1538482077,652948110,/world,vicon/IMUframe/IMUframe,-0.464736476527,-0.185499614864,1.62090348064,0.00529722670516,-0.0117837091236,0.0649149077948,0.997807164904
2018/10/02/14:07:57.679181,68740,1538482077,663111064,/world,vicon/IMUframe/IMUframe,-0.464284453658,-0.185357644553,1.62055200624,0.00533961618076,-0.012666731844,0.0649192094362,0.997795840165
2018/10/02/14:07:57.688792,68741,1538482077,673002823,/world,vicon/IMUframe/IMUframe,-0.463850000303,-0.185196665478,1.62016633041,0.00528217115778,-0.0134336470944,0.0648349635251,0.997791593119
2018/10/02/14:07:57.698633,68742,1538482077,682985991,/world,vicon/IMUframe/IMUframe,-0.46339834451,-0.185050682741,1.61977338927,0.00513227993125,-0.0140695729716,0.0648041414339,0.997785613282
2018/10/02/14:07:57.708687,68743,1538482077,692970474,/world,vicon/IMUframe/IMUframe,-0.462925055144,-0.184906132412,1.61934909302,0.00499556058597,-0.0146873511629,0.0648165481803,0.99777659883
2018/10/02/14:07:57.718627,68744,1538482077,703023882,/world,vicon/IMUframe/IMUframe,-0.462455526474,-0.184769837412,1.61895880851,0.00495737112871,-0.0151551365886,0.0648347290862,0.99776861256
2018/10/02/14:07:57.729057,68745,1538482077,713034653,/world,vicon/IMUframe/IMUframe,-0.46187376381,-0.184721321626,1.6185817168,0.0049609510299,-0.0156618114859,0.0647768896284,0.997764526928
2018/10/02/14:07:57.738789,68746,1538482077,723010215,/world,vicon/IMUframe/IMUframe,-0.46132376211,-0.184569640405,1.61820680413,0.00486855842832,-0.0159395320756,0.0649363749325,0.997750217072
2018/10/02/14:07:57.748642,68747,1538482077,732934377,/world,vicon/IMUframe/IMUframe,-0.46073465971,-0.184429937233,1.61784705451,0.00474500770418,-0.0161164351296,0.0652302887786,0.997728798245
2018/10/02/14:07:57.758539,68748,1538482077,742970844,/world,vicon/IMUframe/IMUframe,-0.460158153992,-0.184448416467,1.61752207759,0.00486415599617,-0.0163366645538,0.0656011232522,0.997700328759
2018/10/02/14:07:57.769018,68749,1538482077,753090082,/world,vicon/IMUframe/IMUframe,-0.459539117644,-0.184456114289,1.61729048585,0.00461338304215,-0.0161274511677,0.066087673881,0.997672812788
2018/10/02/14:07:57.778791,68750,1538482077,763023597,/world,vicon/IMUframe/IMUframe,-0.45893285496,-0.184556957048,1.61716595812,0.00441866580745,-0.015834306879,0.0666334021491,0.997642090048
2018/10/02/14:07:57.788756,68751,1538482077,773042550,/world,vicon/IMUframe/IMUframe,-0.458351912892,-0.184572480947,1.6170723859,0.00452002074265,-0.0156304546911,0.067075603518,0.997615217261
2018/10/02/14:07:57.798613,68752,1538482077,782935834,/world,vicon/IMUframe/IMUframe,-0.457746590623,-0.184644731163,1.61712784812,0.00492137010926,-0.0154056254029,0.0676879822639,0.997575452725
2018/10/02/14:07:57.809390,68753,1538482077,793145594,/world,vicon/IMUframe/IMUframe,-0.457000374436,-0.185067181422,1.61737959881,0.00558371256116,-0.0154401163479,0.0690109111869,0.99748078633
2018/10/02/14:07:57.819176,68754,1538482077,803058227,/world,vicon/IMUframe/IMUframe,-0.456414639994,-0.185185882797,1.6178152638,0.00665060751197,-0.0156054142517,0.0698907486201,0.99741040887
2018/10/02/14:07:57.828821,68755,1538482077,813010828,/world,vicon/IMUframe/IMUframe,-0.455804747723,-0.185362760223,1.61852309825,0.00790620986515,-0.0160499429401,0.0707878229358,0.997330925672
2018/10/02/14:07:57.838718,68756,1538482077,822916465,/world,vicon/IMUframe/IMUframe,-0.455076657649,-0.185706354237,1.61969753629,0.00967981772782,-0.016853163376,0.0715788329987,0.997245577919
2018/10/02/14:07:57.848855,68757,1538482077,833047205,/world,vicon/IMUframe/IMUframe,-0.454429484644,-0.185922106606,1.62124912199,0.0117223568358,-0.0176770734446,0.0725933316758,0.997136056725
2018/10/02/14:07:57.858941,68758,1538482077,842992899,/world,vicon/IMUframe/IMUframe,-0.453831556781,-0.186121753694,1.62329749401,0.0141002660291,-0.0184725450499,0.0737426860231,0.997006501401
2018/10/02/14:07:57.868776,68759,1538482077,852978265,/world,vicon/IMUframe/IMUframe,-0.453189839971,-0.186083402374,1.62600435388,0.0170330905113,-0.0193576547898,0.0749360046943,0.99685492938
2018/10/02/14:07:57.878473,68760,1538482077,862923210,/world,vicon/IMUframe/IMUframe,-0.452605361684,-0.186070233453,1.62928910003,0.0198394291748,-0.0199544965556,0.0761963693435,0.996695705025
2018/10/02/14:07:57.888784,68761,1538482077,872966439,/world,vicon/IMUframe/IMUframe,-0.451981658585,-0.186058332407,1.63328063249,0.0222336507917,-0.0201508643248,0.0776793148974,0.99652673395
2018/10/02/14:07:57.898951,68762,1538482077,883095120,/world,vicon/IMUframe/IMUframe,-0.451460002971,-0.18566174918,1.63784787668,0.0240569841823,-0.02039167813,0.0792156683642,0.996358529276
2018/10/02/14:07:57.908759,68763,1538482077,893001774,/world,vicon/IMUframe/IMUframe,-0.450651740983,-0.185027385089,1.64330495091,0.0240173436219,-0.0203602115803,0.0817403263001,0.996156186572
2018/10/02/14:07:57.918756,68764,1538482077,902939323,/world,vicon/IMUframe/IMUframe,-0.450330879185,-0.184059918251,1.64889085912,0.0243872941743,-0.0199857330645,0.0814923429706,0.996175099264
2018/10/02/14:07:57.928956,68765,1538482077,912931127,/world,vicon/IMUframe/IMUframe,-0.449781544823,-0.183275940669,1.65503726937,0.023118908576,-0.019439031257,0.081812932405,0.996189883617
2018/10/02/14:07:57.939270,68766,1538482077,923029822,/world,vicon/IMUframe/IMUframe,-0.448767136063,-0.181858415066,1.66175000143,0.0191095292673,-0.0192830410766,0.0857409098875,0.995947532047
2018/10/02/14:07:57.949123,68767,1538482077,933154670,/world,vicon/IMUframe/IMUframe,-0.448423908375,-0.180600152433,1.66858499475,0.015239078727,-0.0186644638979,0.0845104082613,0.996131215836
2018/10/02/14:07:57.958884,68768,1538482077,942938118,/world,vicon/IMUframe/IMUframe,-0.447835835703,-0.179086103126,1.67558301111,0.0102315840303,-0.0179073493715,0.0849173295896,0.99617452721
2018/10/02/14:07:57.968740,68769,1538482077,952908660,/world,vicon/IMUframe/IMUframe,-0.447226923633,-0.177404774628,1.68273622842,0.0045478033696,-0.0171669900033,0.0855722687012,0.996173679018
2018/10/02/14:07:57.979340,68770,1538482077,963178531,/world,vicon/IMUframe/IMUframe,-0.446587194998,-0.175657669344,1.68975285812,-0.00173364205367,-0.0164131827846,0.0867502302728,0.996093368848
2018/10/02/14:07:57.989282,68771,1538482077,973040182,/world,vicon/IMUframe/IMUframe,-0.446386357166,-0.173315541386,1.69641123082,-0.00776201101029,-0.0155997640315,0.0855004740077,0.996185759531
2018/10/02/14:07:57.998936,68772,1538482077,982952093,/world,vicon/IMUframe/IMUframe,-0.445979391489,-0.17139349975,1.70296243428,-0.0143349116246,-0.0148451896593,0.0859931988549,0.996081974741
2018/10/02/14:07:58.008834,68773,1538482077,992926913,/world,vicon/IMUframe/IMUframe,-0.445525400943,-0.169454886827,1.70920531302,-0.0207921433173,-0.0141160347256,0.0863906643162,0.995944314437
2018/10/02/14:07:58.019361,68774,1538482078,3011984,/world,vicon/IMUframe/IMUframe,-0.445263179777,-0.167687370652,1.7148432461,-0.027049279355,-0.0136451429156,0.0866409735748,0.995778835013
2018/10/02/14:07:58.029408,68775,1538482078,13021056,/world,vicon/IMUframe/IMUframe,-0.44498857217,-0.166280940033,1.71980293116,-0.0330884262029,-0.0132331056065,0.0867565183614,0.995591958329
2018/10/02/14:07:58.039131,68776,1538482078,22967447,/world,vicon/IMUframe/IMUframe,-0.444715937964,-0.164430069616,1.72423003471,-0.0384940436851,-0.0132380069076,0.0863271848362,0.995434870261
2018/10/02/14:07:58.049116,68777,1538482078,32944080,/world,vicon/IMUframe/IMUframe,-0.444577155116,-0.162869022052,1.72793459728,-0.0436980763466,-0.0131857400476,0.08596644762,0.995251920001
2018/10/02/14:07:58.059075,68778,1538482078,43011039,/world,vicon/IMUframe/IMUframe,-0.44429161262,-0.161528806396,1.73084757561,-0.0482952167773,-0.0133476014028,0.0850696804191,0.995114346719
2018/10/02/14:07:58.069260,68779,1538482078,53069455,/world,vicon/IMUframe/IMUframe,-0.44427718482,-0.16048154618,1.73292867734,-0.0524339486151,-0.0135765552574,0.0848222488555,0.994922883584
2018/10/02/14:07:58.078882,68780,1538482078,62978591,/world,vicon/IMUframe/IMUframe,-0.444238114806,-0.159513404492,1.73423657172,-0.0558922170336,-0.0138194275843,0.0843273574729,0.994773331105
2018/10/02/14:07:58.089003,68781,1538482078,72969321,/world,vicon/IMUframe/IMUframe,-0.444336898001,-0.158674664837,1.73463004328,-0.0586819616122,-0.0139361610654,0.0840909447704,0.994631049085
2018/10/02/14:07:58.098948,68782,1538482078,82935406,/world,vicon/IMUframe/IMUframe,-0.444305533557,-0.15821944285,1.734264525,-0.0608464051196,-0.0141497917409,0.0838602042259,0.994517453102
2018/10/02/14:07:58.109063,68783,1538482078,93108748,/world,vicon/IMUframe/IMUframe,-0.444190340234,-0.158058492177,1.73307883359,-0.0623696782585,-0.0143386078706,0.0835628853818,0.994445409133
2018/10/02/14:07:58.119063,68784,1538482078,102978329,/world,vicon/IMUframe/IMUframe,-0.444049807963,-0.157857365421,1.73115748341,-0.0639174291365,-0.0144845994193,0.0843570031266,0.994277956437
2018/10/02/14:07:58.128911,68785,1538482078,112961536,/world,vicon/IMUframe/IMUframe,-0.444067086888,-0.157916074822,1.7281099497,-0.0638339277641,-0.0143517662114,0.0836170022515,0.994347752754
2018/10/02/14:07:58.138891,68786,1538482078,122938525,/world,vicon/IMUframe/IMUframe,-0.444000039264,-0.157773039621,1.72412102619,-0.0639724336584,-0.0139183709121,0.0838612157542,0.994324445629
2018/10/02/14:07:58.148843,68787,1538482078,132919438,/world,vicon/IMUframe/IMUframe,-0.443676690446,-0.158486170182,1.7195163259,-0.0639280987788,-0.0135197054356,0.0838644513971,0.994332524633
2018/10/02/14:07:58.159292,68788,1538482078,143025077,/world,vicon/IMUframe/IMUframe,-0.443589348754,-0.159549538357,1.71395464924,-0.0635731159268,-0.0125360031009,0.0840308838715,0.994354121082
2018/10/02/14:07:58.168891,68789,1538482078,152999563,/world,vicon/IMUframe/IMUframe,-0.443323661373,-0.160516848075,1.70782286436,-0.0630852653686,-0.0116520698987,0.0841060979209,0.994389583037
2018/10/02/14:07:58.178871,68790,1538482078,162954230,/world,vicon/IMUframe/IMUframe,-0.44305780313,-0.161607393883,1.70086350129,-0.0622893538917,-0.0105459246999,0.0839777354085,0.994462950451
2018/10/02/14:07:58.188880,68791,1538482078,172925110,/world,vicon/IMUframe/IMUframe,-0.442623671816,-0.162359163851,1.69313446482,-0.0614072569829,-0.00971260222532,0.08399342964,0.994524970991
2018/10/02/14:07:58.199393,68792,1538482078,183256739,/world,vicon/IMUframe/IMUframe,-0.442315832647,-0.163190169625,1.68470041364,-0.0601698538935,-0.00817406771698,0.0830770425715,0.994691398524
2018/10/02/14:07:58.209813,68793,1538482078,193059753,/world,vicon/IMUframe/IMUframe,-0.442086357556,-0.164798135402,1.67552701554,-0.0590323376899,-0.00586664563845,0.0837313582456,0.994720978577
2018/10/02/14:07:58.219616,68794,1538482078,203006404,/world,vicon/IMUframe/IMUframe,-0.441784175346,-0.165639071521,1.66552988486,-0.0572992675056,-0.00407722881078,0.0834742948996,0.994852859593
2018/10/02/14:07:58.229495,68795,1538482078,212979213,/world,vicon/IMUframe/IMUframe,-0.441216981972,-0.166989432396,1.65520148038,-0.0551944559966,-0.00190092984046,0.0837579189621,0.994954556502
2018/10/02/14:07:58.240049,68796,1538482078,223302393,/world,vicon/IMUframe/IMUframe,-0.44094939886,-0.168039221066,1.64415820964,-0.053671648445,0.00149751241884,0.0840856587378,0.995010911299
2018/10/02/14:07:58.249945,68797,1538482078,233093498,/world,vicon/IMUframe/IMUframe,-0.44015432627,-0.169486045668,1.63166232865,-0.0515694667203,0.00293393176153,0.0848871418389,0.995050830509
2018/10/02/14:07:58.259891,68798,1538482078,243037151,/world,vicon/IMUframe/IMUframe,-0.440003177557,-0.170705974171,1.61923935948,-0.0496763312385,0.00641048423779,0.0856991003731,0.995061220228
2018/10/02/14:07:58.269593,68799,1538482078,252979505,/world,vicon/IMUframe/IMUframe,-0.439588022265,-0.171656360678,1.6058706401,-0.0483102198501,0.0076412632698,0.0865168594378,0.995049027328
2018/10/02/14:07:58.279243,68800,1538482078,262981177,/world,vicon/IMUframe/IMUframe,-0.438932270638,-0.172279633909,1.59172268198,-0.0462470590785,0.00790409823574,0.0861655507127,0.995175478309
2018/10/02/14:07:58.289275,68801,1538482078,273037425,/world,vicon/IMUframe/IMUframe,-0.438436084917,-0.172949437427,1.57692621816,-0.0437386501261,0.00831364485995,0.0866670228474,0.995242001196
2018/10/02/14:07:58.299403,68802,1538482078,283067764,/world,vicon/IMUframe/IMUframe,-0.438347489561,-0.173546512519,1.56184300756,-0.0410880316061,0.0100668542985,0.0872655495363,0.995286469298
2018/10/02/14:07:58.309301,68803,1538482078,292981148,/world,vicon/IMUframe/IMUframe,-0.437591222723,-0.174322492424,1.54560642463,-0.0383706503033,0.00813828821647,0.0873978722237,0.995400961116
2018/10/02/14:07:58.319115,68804,1538482078,302966743,/world,vicon/IMUframe/IMUframe,-0.437263125569,-0.174906954816,1.52951549115,-0.0357603055207,0.00866487506178,0.0876339978167,0.995472954387
2018/10/02/14:07:58.330010,68805,1538482078,313210770,/world,vicon/IMUframe/IMUframe,-0.436839513535,-0.174745106287,1.51274408265,-0.0324634385487,0.00758695286035,0.0872826094554,0.995625586951
2018/10/02/14:07:58.339430,68806,1538482078,323017758,/world,vicon/IMUframe/IMUframe,-0.436407936599,-0.17466699229,1.49548139725,-0.0294733497357,0.00650785659826,0.0863924524527,0.995803852984
2018/10/02/14:07:58.349191,68807,1538482078,332994873,/world,vicon/IMUframe/IMUframe,-0.435477550834,-0.174667471274,1.47756223943,-0.0255510012691,0.00370624025113,0.0864484595382,0.9959217208
2018/10/02/14:07:58.359260,68808,1538482078,342969550,/world,vicon/IMUframe/IMUframe,-0.435140121927,-0.174186637857,1.45997640948,-0.0203433913552,0.00288831396151,0.0862732742619,0.996059599732
2018/10/02/14:07:58.369331,68809,1538482078,353065342,/world,vicon/IMUframe/IMUframe,-0.434275618913,-0.173571269516,1.44137004897,-0.0154850175473,0.000242363720667,0.0857167366204,0.996199175142
2018/10/02/14:07:58.379158,68810,1538482078,363010744,/world,vicon/IMUframe/IMUframe,-0.43390781004,-0.172655304417,1.42299933734,-0.00912283962324,-0.000423027095884,0.085585166714,0.996289001286
2018/10/02/14:07:58.389225,68811,1538482078,373011263,/world,vicon/IMUframe/IMUframe,-0.433198999492,-0.171706587277,1.40446112582,-0.00271495101131,-0.00202755913402,0.0852899157557,0.99635041442
2018/10/02/14:07:58.399021,68812,1538482078,382968860,/world,vicon/IMUframe/IMUframe,-0.432376698124,-0.17057795392,1.38583675218,0.00460183041632,-0.00334266953567,0.0849711242345,0.996367180192
2018/10/02/14:07:58.409093,68813,1538482078,392958708,/world,vicon/IMUframe/IMUframe,-0.431467148041,-0.169239470557,1.36717569647,0.0127213041442,-0.00488631727097,0.0850200802898,0.996286042395
2018/10/02/14:07:58.419137,68814,1538482078,403021557,/world,vicon/IMUframe/IMUframe,-0.430163576639,-0.16804939047,1.34850083905,0.0188905236151,-0.00678458368161,0.0852223053818,0.996159764399
2018/10/02/14:07:58.429027,68815,1538482078,413052589,/world,vicon/IMUframe/IMUframe,-0.428926404598,-0.166111611163,1.33015727514,0.0278739301836,-0.00807213725457,0.0865824796004,0.995821951376
2018/10/02/14:07:58.439121,68816,1538482078,422960027,/world,vicon/IMUframe/IMUframe,-0.428106054178,-0.163239816788,1.31170331045,0.0407810411105,-0.00618060526967,0.0876418988911,0.995297746588
2018/10/02/14:07:58.448583,68817,1538482078,432939324,/world,vicon/IMUframe/IMUframe,-0.42649593774,-0.160397497047,1.29366280048,0.0503363978489,-0.00710225901263,0.0894007781157,0.994697595172
2018/10/02/14:07:58.459501,68818,1538482078,443182563,/world,vicon/IMUframe/IMUframe,-0.425065004391,-0.157507371776,1.27569119921,0.0593163741685,-0.00750655865878,0.0917367314548,0.993986715925
2018/10/02/14:07:58.469337,68819,1538482078,453082136,/world,vicon/IMUframe/IMUframe,-0.423156485061,-0.154728105766,1.25824127074,0.0677430759278,-0.00800805540067,0.0954016107034,0.993098826597
2018/10/02/14:07:58.478965,68820,1538482078,462943613,/world,vicon/IMUframe/IMUframe,-0.421172135559,-0.151589672615,1.2410702261,0.0752650771284,-0.00892453151865,0.0982838961037,0.992268006472
2018/10/02/14:07:58.488586,68821,1538482078,472940507,/world,vicon/IMUframe/IMUframe,-0.419411138513,-0.148435116884,1.22476338922,0.0822069267439,-0.00883379377525,0.100919777797,0.991453066833
2018/10/02/14:07:58.498792,68822,1538482078,482995712,/world,vicon/IMUframe/IMUframe,-0.417833687546,-0.14454916694,1.2089965494,0.0895770198508,-0.0084134684165,0.103560407513,0.990545512866
2018/10/02/14:07:58.508787,68823,1538482078,493012005,/world,vicon/IMUframe/IMUframe,-0.416281135545,-0.140730073778,1.19400944432,0.0957895020724,-0.00788281005982,0.105376142816,0.989776793587
2018/10/02/14:07:58.518765,68824,1538482078,502976970,/world,vicon/IMUframe/IMUframe,-0.414777840378,-0.136673407039,1.1797063369,0.101351791087,-0.00702131706205,0.106357898106,0.989124114083
2018/10/02/14:07:58.528670,68825,1538482078,512993749,/world,vicon/IMUframe/IMUframe,-0.41340132194,-0.132450837638,1.16619577569,0.106278498783,-0.00616328999216,0.106841748065,0.988560435898
2018/10/02/14:07:58.538847,68826,1538482078,523002771,/world,vicon/IMUframe/IMUframe,-0.412178689666,-0.12832616386,1.15335494138,0.110331237381,-0.00576805990062,0.10628051258,0.98817923485
2018/10/02/14:07:58.549065,68827,1538482078,533102181,/world,vicon/IMUframe/IMUframe,-0.411062697092,-0.12414867544,1.14136642874,0.113540130908,-0.00536928831028,0.105179261428,0.987935793654
2018/10/02/14:07:58.558977,68828,1538482078,543003592,/world,vicon/IMUframe/IMUframe,-0.410276248171,-0.119932454096,1.13011446646,0.116158641294,-0.00533799476568,0.103573643167,0.98780118258
2018/10/02/14:07:58.568698,68829,1538482078,552948451,/world,vicon/IMUframe/IMUframe,-0.409413530216,-0.115849278004,1.11979949562,0.118543499808,-0.00554780210425,0.101288337531,0.987753680441
2018/10/02/14:07:58.578657,68830,1538482078,562930963,/world,vicon/IMUframe/IMUframe,-0.408513628675,-0.111781186505,1.11029961694,0.120773426656,-0.00595449357856,0.0990938661654,0.987703765867
2018/10/02/14:07:58.588772,68831,1538482078,573047965,/world,vicon/IMUframe/IMUframe,-0.407820827109,-0.107782581408,1.10176938472,0.12284188287,-0.00673846481778,0.096620605443,0.987688677423
2018/10/02/14:07:58.598797,68832,1538482078,583233832,/world,vicon/IMUframe/IMUframe,-0.407279764287,-0.104039383664,1.09417342404,0.124553832982,-0.00755156817588,0.0937155017824,0.987748308646
2018/10/02/14:07:58.608539,68833,1538482078,592951044,/world,vicon/IMUframe/IMUframe,-0.406495480597,-0.100653061,1.08748570895,0.126297882157,-0.00910208138294,0.0914057673296,0.987730217608
2018/10/02/14:07:58.618673,68834,1538482078,603018140,/world,vicon/IMUframe/IMUframe,-0.405786988098,-0.0976362343187,1.08175898144,0.127905187431,-0.0106496342099,0.0887748335274,0.987747881421
2018/10/02/14:07:58.628970,68835,1538482078,613115494,/world,vicon/IMUframe/IMUframe,-0.4052257056,-0.0949264082933,1.076954997,0.129378655434,-0.0120904299704,0.0871229483938,0.987686477018
2018/10/02/14:07:58.638859,68836,1538482078,623006378,/world,vicon/IMUframe/IMUframe,-0.404662107098,-0.092721143073,1.07311120238,0.130586102469,-0.0135495661634,0.0859993456368,0.987607103887
2018/10/02/14:07:58.648772,68837,1538482078,632947992,/world,vicon/IMUframe/IMUframe,-0.404046542252,-0.090951267896,1.07014883807,0.131291992364,-0.0147143602223,0.0857515748516,0.987518388565
2018/10/02/14:07:58.658733,68838,1538482078,642936731,/world,vicon/IMUframe/IMUframe,-0.40358636253,-0.0898540687845,1.06833726409,0.131854330765,-0.0155831835956,0.0860250941737,0.987406341391
2018/10/02/14:07:58.668819,68839,1538482078,653012071,/world,vicon/IMUframe/IMUframe,-0.403193275995,-0.089284645144,1.06749915395,0.131928276664,-0.0161527687701,0.086659099095,0.987331868432
2018/10/02/14:07:58.678833,68840,1538482078,663030287,/world,vicon/IMUframe/IMUframe,-0.402738816501,-0.0890994170533,1.0676635657,0.131627589721,-0.0165959387578,0.0881582547266,0.987231925418
2018/10/02/14:07:58.688831,68841,1538482078,673002096,/world,vicon/IMUframe/IMUframe,-0.402458126496,-0.0894663641616,1.06882012279,0.130520932386,-0.0169253261237,0.0887169017818,0.987323215002
2018/10/02/14:07:58.698583,68842,1538482078,682959623,/world,vicon/IMUframe/IMUframe,-0.402154686497,-0.0901723209048,1.07101165324,0.129284438923,-0.017349588076,0.0895028699588,0.987407596646
2018/10/02/14:07:58.708727,68843,1538482078,692942940,/world,vicon/IMUframe/IMUframe,-0.402080227966,-0.091326207877,1.07425066113,0.127694625028,-0.0177383002049,0.0901939499418,0.98754467587
2018/10/02/14:07:58.718753,68844,1538482078,702986020,/world,vicon/IMUframe/IMUframe,-0.401983094271,-0.0930049779595,1.07845399926,0.12579096265,-0.0181517797497,0.090775533535,0.987728175724
2018/10/02/14:07:58.728848,68845,1538482078,712993152,/world,vicon/IMUframe/IMUframe,-0.402011154998,-0.0951575877878,1.08365526469,0.123295280486,-0.0183070533545,0.09128275845,0.987993210309
2018/10/02/14:07:58.738694,68846,1538482078,722944658,/world,vicon/IMUframe/IMUframe,-0.402123523872,-0.0978476981944,1.08987448675,0.12062319489,-0.0184478969437,0.092049955418,0.988249222444
2018/10/02/14:07:58.748819,68847,1538482078,732951607,/world,vicon/IMUframe/IMUframe,-0.402401868051,-0.100789191042,1.09699827142,0.117962876908,-0.0181415463055,0.0923847133901,0.988544742893
2018/10/02/14:07:58.758633,68848,1538482078,742933885,/world,vicon/IMUframe/IMUframe,-0.403006966227,-0.104081042203,1.10516342223,0.115120157281,-0.0173040268775,0.0923109547302,0.988901717906
2018/10/02/14:07:58.768660,68849,1538482078,753030203,/world,vicon/IMUframe/IMUframe,-0.403245224624,-0.107640387835,1.11427910385,0.111428779956,-0.0167615901112,0.0929393607098,0.989274962447
2018/10/02/14:07:58.778717,68850,1538482078,763005348,/world,vicon/IMUframe/IMUframe,-0.403671275921,-0.111461175667,1.12433028132,0.107932004444,-0.01669479782,0.0937189874145,0.989590176558
2018/10/02/14:07:58.788851,68851,1538482078,772973996,/world,vicon/IMUframe/IMUframe,-0.404036665668,-0.115503806527,1.13536169215,0.103784440052,-0.016457276747,0.0946911528597,0.989945217482
2018/10/02/14:07:58.798986,68852,1538482078,782949998,/world,vicon/IMUframe/IMUframe,-0.404317034695,-0.119866089819,1.14724902609,0.0991051077454,-0.0158334672838,0.0957685995335,0.990331184138
2018/10/02/14:07:58.809144,68853,1538482078,793051272,/world,vicon/IMUframe/IMUframe,-0.4049469255,-0.124319434393,1.16000741138,0.0938687942832,-0.0154785267341,0.097350997119,0.990692610263
2018/10/02/14:07:58.819092,68854,1538482078,803037466,/world,vicon/IMUframe/IMUframe,-0.405634977844,-0.128881013342,1.17364941359,0.0879310900121,-0.0154706442103,0.0985526710904,0.991118637499
2018/10/02/14:07:58.828938,68855,1538482078,812980652,/world,vicon/IMUframe/IMUframe,-0.4062292374,-0.133223885637,1.18792771799,0.0824936786499,-0.0156721468015,0.100497961047,0.991387581435
2018/10/02/14:07:58.838839,68856,1538482078,822930112,/world,vicon/IMUframe/IMUframe,-0.406990439873,-0.137630282587,1.20311179789,0.0767917439858,-0.0161478662176,0.102010823069,0.991683450729
2018/10/02/14:07:58.848748,68857,1538482078,832938486,/world,vicon/IMUframe/IMUframe,-0.407615486916,-0.142118067119,1.21908819754,0.0705576078727,-0.0165709624888,0.103126872476,0.992024130426
2018/10/02/14:07:58.858806,68858,1538482078,843008877,/world,vicon/IMUframe/IMUframe,-0.408628527289,-0.146111088758,1.23571271204,0.0655843268937,-0.0170803028968,0.104661015786,0.992196064845
2018/10/02/14:07:58.869023,68859,1538482078,853114901,/world,vicon/IMUframe/IMUframe,-0.409387209108,-0.150012034992,1.25282993574,0.0604221646692,-0.0178969046237,0.105729422401,0.992396166891
2018/10/02/14:07:58.878747,68860,1538482078,862962163,/world,vicon/IMUframe/IMUframe,-0.410278844329,-0.153649641893,1.27040599069,0.0553955688034,-0.0184797983965,0.105920492333,0.99265838903
2018/10/02/14:07:58.888612,68861,1538482078,872939834,/world,vicon/IMUframe/IMUframe,-0.411134790058,-0.157114507293,1.28850986085,0.0504059667296,-0.0188568793086,0.106199395999,0.992887377758
2018/10/02/14:07:58.899293,68862,1538482078,883101366,/world,vicon/IMUframe/IMUframe,-0.4119791186,-0.160291152381,1.30676488702,0.0465515491778,-0.0191618609832,0.107283767248,0.992953155812
2018/10/02/14:07:58.909008,68863,1538482078,893001030,/world,vicon/IMUframe/IMUframe,-0.412800072963,-0.162868282322,1.32557787544,0.0422593077534,-0.0194736457533,0.106628986383,0.993209538462
2018/10/02/14:07:58.918880,68864,1538482078,902981014,/world,vicon/IMUframe/IMUframe,-0.413725591988,-0.165891396692,1.34470792012,0.0382938183855,-0.0185030815405,0.107430030426,0.993302576263
2018/10/02/14:07:58.929251,68865,1538482078,913035666,/world,vicon/IMUframe/IMUframe,-0.414343124383,-0.167472283802,1.36443431328,0.0341484054171,-0.0172395070967,0.107327809036,0.993487507325
2018/10/02/14:07:58.939237,68866,1538482078,923016916,/world,vicon/IMUframe/IMUframe,-0.414775875871,-0.16929546824,1.38366396633,0.0295252540294,-0.0156963626445,0.108307276487,0.993554939313
2018/10/02/14:07:58.949163,68867,1538482078,933058139,/world,vicon/IMUframe/IMUframe,-0.415012484599,-0.1702714309,1.40327672148,0.0246884338705,-0.0139689106,0.109506133838,0.993581278719
2018/10/02/14:07:58.959270,68868,1538482078,942991721,/world,vicon/IMUframe/IMUframe,-0.415256117631,-0.171348641462,1.42293097663,0.0185062928045,-0.0113125531206,0.110841773844,0.993601350864
2018/10/02/14:07:58.969478,68869,1538482078,952952687,/world,vicon/IMUframe/IMUframe,-0.415203564147,-0.172180105313,1.4427640303,0.0128356265536,-0.00884225939271,0.112664349343,0.993510848218
2018/10/02/14:07:58.978973,68870,1538482078,962950534,/world,vicon/IMUframe/IMUframe,-0.415202905404,-0.172460181569,1.46239001737,0.0058378160771,-0.00575076150587,0.114706264266,0.993365653515
2018/10/02/14:07:58.989225,68871,1538482078,973158346,/world,vicon/IMUframe/IMUframe,-0.415057754529,-0.172708499608,1.4821760261,-0.00469124610508,-0.00357778988884,0.115946471521,0.993237940964
2018/10/02/14:07:58.998984,68872,1538482078,983044426,/world,vicon/IMUframe/IMUframe,-0.415277725315,-0.172558402032,1.5017064195,-0.0142082765226,0.0013014305588,0.117547227503,0.992964793164
2018/10/02/14:07:59.009143,68873,1538482078,992986971,/world,vicon/IMUframe/IMUframe,-0.414736334172,-0.171566399274,1.52026368151,-0.0179199920164,0.00291090665089,0.120120328495,0.992593324172
2018/10/02/14:07:59.019316,68874,1538482079,2950264,/world,vicon/IMUframe/IMUframe,-0.414543284152,-0.171012530843,1.53906814739,-0.0261098709367,0.00653034859225,0.120446315365,0.992354933631
2018/10/02/14:07:59.029556,68875,1538482079,13255635,/world,vicon/IMUframe/IMUframe,-0.414764895615,-0.169824637501,1.55755462331,-0.0330446938448,0.0103563987019,0.120842317478,0.992067501494
2018/10/02/14:07:59.039166,68876,1538482079,23052161,/world,vicon/IMUframe/IMUframe,-0.414497649477,-0.168357008327,1.57552705544,-0.0389550930992,0.0131142437735,0.119738818269,0.991954198908
2018/10/02/14:07:59.049063,68877,1538482079,33019259,/world,vicon/IMUframe/IMUframe,-0.413998300226,-0.166781999896,1.59314234636,-0.044585474488,0.0145538636949,0.117960290804,0.991910122093
2018/10/02/14:07:59.059029,68878,1538482079,42952093,/world,vicon/IMUframe/IMUframe,-0.413393302345,-0.165096498667,1.60987606561,-0.0499030415503,0.0155031022531,0.115587381868,0.991921820214
2018/10/02/14:07:59.069166,68879,1538482079,53050502,/world,vicon/IMUframe/IMUframe,-0.413060504161,-0.163892632966,1.62608641998,-0.0541196962106,0.0177249172653,0.112829623018,0.991981029032
2018/10/02/14:07:59.079066,68880,1538482079,63010665,/world,vicon/IMUframe/IMUframe,-0.412740224796,-0.161181630915,1.64220562211,-0.058248282338,0.0200111688797,0.110601153171,0.991954674187
2018/10/02/14:07:59.089077,68881,1538482079,72982678,/world,vicon/IMUframe/IMUframe,-0.412245837095,-0.159585430142,1.65790459612,-0.0629631293706,0.0223705529192,0.107779190469,0.991926836417
2018/10/02/14:07:59.099245,68882,1538482079,82983403,/world,vicon/IMUframe/IMUframe,-0.411963290488,-0.157627021209,1.67288772061,-0.0674298641372,0.0252714157861,0.105031197559,0.991858365144
2018/10/02/14:07:59.109234,68883,1538482079,92992783,/world,vicon/IMUframe/IMUframe,-0.411568961272,-0.155816724336,1.68714934151,-0.0705191675735,0.0278425291842,0.103265817604,0.991760057417
2018/10/02/14:07:59.119648,68884,1538482079,103035194,/world,vicon/IMUframe/IMUframe,-0.411210914399,-0.153542615191,1.70125328602,-0.0743357274616,0.0309654203913,0.101422382433,0.991578964432
2018/10/02/14:07:59.129040,68885,1538482079,113075806,/world,vicon/IMUframe/IMUframe,-0.410962295721,-0.151745168517,1.71451977616,-0.0776779752279,0.0334895965874,0.0996429922516,0.991421128068
2018/10/02/14:07:59.139077,68886,1538482079,122973967,/world,vicon/IMUframe/IMUframe,-0.41073670584,-0.149691803537,1.7270290042,-0.08019736488,0.0347078901839,0.0972098524208,0.991420188224
2018/10/02/14:07:59.148766,68887,1538482079,132969781,/world,vicon/IMUframe/IMUframe,-0.410784038091,-0.14768730851,1.73883857264,-0.0830440202167,0.0356397873055,0.0948532229281,0.99138103793
2018/10/02/14:07:59.159618,68888,1538482079,143119737,/world,vicon/IMUframe/IMUframe,-0.410801410394,-0.145480056246,1.75031402891,-0.085555213321,0.0351978502403,0.0924393239211,0.991411311316
2018/10/02/14:07:59.169112,68889,1538482079,152982969,/world,vicon/IMUframe/IMUframe,-0.41092210132,-0.143338133035,1.76067303785,-0.0874190386418,0.0343046188384,0.0899917406628,0.991505215025
2018/10/02/14:07:59.179157,68890,1538482079,163013566,/world,vicon/IMUframe/IMUframe,-0.411145355173,-0.141121291332,1.77031376504,-0.0898562777309,0.0326546335021,0.0877566027819,0.991543394376
2018/10/02/14:07:59.189114,68891,1538482079,172948657,/world,vicon/IMUframe/IMUframe,-0.411332943202,-0.138909150864,1.77926613505,-0.0918399586212,0.030308537305,0.0854886716143,0.991634257976
2018/10/02/14:07:59.199348,68892,1538482079,183072650,/world,vicon/IMUframe/IMUframe,-0.411749215111,-0.136986422141,1.78746139662,-0.0941618893108,0.0276219904799,0.0836199468267,0.99165430909
2018/10/02/14:07:59.208961,68893,1538482079,193041220,/world,vicon/IMUframe/IMUframe,-0.412155776868,-0.135058828507,1.794987544,-0.0962666625607,0.024343513512,0.0819922845168,0.991674033294
2018/10/02/14:07:59.218990,68894,1538482079,203033997,/world,vicon/IMUframe/IMUframe,-0.412599999658,-0.133162560598,1.80170685882,-0.0979758497363,0.0206188745327,0.0804716080658,0.991715642297
2018/10/02/14:07:59.229274,68895,1538482079,212976776,/world,vicon/IMUframe/IMUframe,-0.412867746796,-0.131535193046,1.80778933687,-0.100349709705,0.0165009605591,0.0803272674975,0.991567034627
2018/10/02/14:07:59.238663,68896,1538482079,222977942,/world,vicon/IMUframe/IMUframe,-0.413266414311,-0.129889267878,1.8130682984,-0.101784641453,0.0119837631532,0.0795932899735,0.991544847385
2018/10/02/14:07:59.248945,68897,1538482079,233138653,/world,vicon/IMUframe/IMUframe,-0.413582311147,-0.12827222229,1.81776113711,-0.103273914178,0.00779851171505,0.0792113892688,0.991463180191
2018/10/02/14:07:59.259145,68898,1538482079,243161961,/world,vicon/IMUframe/IMUframe,-0.413810528803,-0.126796058235,1.82182453746,-0.104809381165,0.00399433499849,0.0794022957112,0.991309393854
2018/10/02/14:07:59.268681,68899,1538482079,253002760,/world,vicon/IMUframe/IMUframe,-0.413995016642,-0.125397795691,1.82528536868,-0.106185279221,0.000663898863461,0.0797740969641,0.991140928006
2018/10/02/14:07:59.278616,68900,1538482079,262999549,/world,vicon/IMUframe/IMUframe,-0.414164709056,-0.124089841223,1.82813021765,-0.10730145218,-0.00199859806016,0.0801966432542,0.990984814403
2018/10/02/14:07:59.288897,68901,1538482079,273043114,/world,vicon/IMUframe/IMUframe,-0.414376963526,-0.122954936398,1.83038135768,-0.108456660197,-0.0037446014399,0.0808395575491,0.990801744424
2018/10/02/14:07:59.299043,68902,1538482079,283037304,/world,vicon/IMUframe/IMUframe,-0.414638246153,-0.12187977371,1.83205217306,-0.109619241452,-0.00469323891563,0.0813147162708,0.990630865827
2018/10/02/14:07:59.308726,68903,1538482079,293036913,/world,vicon/IMUframe/IMUframe,-0.414906587648,-0.120995947002,1.83314575592,-0.110808235178,-0.00494452338037,0.0818528017291,0.990453030464
2018/10/02/14:07:59.318827,68904,1538482079,303003211,/world,vicon/IMUframe/IMUframe,-0.415181671137,-0.120264140569,1.83363943246,-0.112019938023,-0.00458616269607,0.0823107158197,0.990280488881
2018/10/02/14:07:59.328778,68905,1538482079,313038721,/world,vicon/IMUframe/IMUframe,-0.415534735712,-0.119589542287,1.8334642678,-0.113049727212,-0.0038882341151,0.0824386291868,0.990155802503
2018/10/02/14:07:59.338604,68906,1538482079,323016384,/world,vicon/IMUframe/IMUframe,-0.415903266142,-0.119085240591,1.8326633606,-0.114036849001,-0.00302981476408,0.0823034003322,0.990056850684
2018/10/02/14:07:59.348891,68907,1538482079,333009279,/world,vicon/IMUframe/IMUframe,-0.416274470038,-0.118656859948,1.83121508613,-0.114865505002,-0.00217914572876,0.0819440183901,0.989993103478
2018/10/02/14:07:59.358542,68908,1538482079,343001481,/world,vicon/IMUframe/IMUframe,-0.416623450466,-0.118414577596,1.82903438494,-0.115669730673,-0.00147033242358,0.0810947002397,0.989970707204
2018/10/02/14:07:59.368703,68909,1538482079,352944719,/world,vicon/IMUframe/IMUframe,-0.416908729514,-0.118337452421,1.82616291864,-0.116307208586,-0.000837791721559,0.0799398910843,0.989990679325
2018/10/02/14:07:59.379084,68910,1538482079,363137087,/world,vicon/IMUframe/IMUframe,-0.417165292259,-0.118397902022,1.82264980108,-0.11685048201,0.000117694243706,0.0786877914112,0.990027364513
2018/10/02/14:07:59.389112,68911,1538482079,373058679,/world,vicon/IMUframe/IMUframe,-0.417413455036,-0.1186773354,1.81843817566,-0.116723832381,0.000811421693777,0.0774730278157,0.990137777539
2018/10/02/14:07:59.398948,68912,1538482079,382965112,/world,vicon/IMUframe/IMUframe,-0.417696837932,-0.119164271027,1.81363568726,-0.116843009891,0.00214097766514,0.0763139418315,0.990211749848
2018/10/02/14:07:59.408772,68913,1538482079,392945010,/world,vicon/IMUframe/IMUframe,-0.417982616091,-0.119916695792,1.80825786533,-0.116656465572,0.00357675210435,0.0752260339702,0.990312839308
2018/10/02/14:07:59.419037,68914,1538482079,403081696,/world,vicon/IMUframe/IMUframe,-0.418342425315,-0.120848402029,1.80215779797,-0.116366214959,0.00494428004112,0.0748417142444,0.990370221644
2018/10/02/14:07:59.428952,68915,1538482079,413030321,/world,vicon/IMUframe/IMUframe,-0.418662055511,-0.121970537321,1.79560654253,-0.115752114675,0.00651915279605,0.074143324172,0.990485596097
2018/10/02/14:07:59.438732,68916,1538482079,422992383,/world,vicon/IMUframe/IMUframe,-0.418990286896,-0.123466514004,1.78841049682,-0.114446601961,0.0080123190737,0.0743446378889,0.990611252137
2018/10/02/14:07:59.448702,68917,1538482079,432949519,/world,vicon/IMUframe/IMUframe,-0.419455089994,-0.124932826995,1.7806008869,-0.111813064819,0.0094906451775,0.0735497438321,0.990958223828
2018/10/02/14:07:59.459077,68918,1538482079,443134390,/world,vicon/IMUframe/IMUframe,-0.419927440123,-0.126663433647,1.77221479262,-0.109487412739,0.0111778710021,0.0737640919494,0.991184352374
2018/10/02/14:07:59.468842,68919,1538482079,453071304,/world,vicon/IMUframe/IMUframe,-0.420268493429,-0.128389990859,1.76330029827,-0.106464325579,0.0124189643516,0.0738212345645,0.991494600102
2018/10/02/14:07:59.478826,68920,1538482079,463048220,/world,vicon/IMUframe/IMUframe,-0.420611202342,-0.130189485229,1.75380348463,-0.103009408091,0.0133508520225,0.0740134950153,0.991833060122
2018/10/02/14:07:59.489166,68921,1538482079,472968870,/world,vicon/IMUframe/IMUframe,-0.420957255711,-0.13209208185,1.74368254244,-0.0992286075982,0.0140501745146,0.074260906887,0.992190301171
2018/10/02/14:07:59.498823,68922,1538482079,482991761,/world,vicon/IMUframe/IMUframe,-0.421226081849,-0.133664945798,1.73307239173,-0.0948477205895,0.0137432136565,0.0748132910921,0.992581485548
2018/10/02/14:07:59.509137,68923,1538482079,493039326,/world,vicon/IMUframe/IMUframe,-0.421367670662,-0.135561388166,1.72203894014,-0.0904259952329,0.0128122128159,0.0756476069623,0.992943314671
2018/10/02/14:07:59.519057,68924,1538482079,502987018,/world,vicon/IMUframe/IMUframe,-0.421308675878,-0.137436956766,1.71075272149,-0.085592332593,0.0111517653627,0.076761879938,0.993306198772
2018/10/02/14:07:59.528800,68925,1538482079,512960753,/world,vicon/IMUframe/IMUframe,-0.421334084582,-0.139061003586,1.69882031394,-0.0812592055843,0.00987451976402,0.0781134238145,0.993578244723
2018/10/02/14:07:59.539073,68926,1538482079,522942720,/world,vicon/IMUframe/IMUframe,-0.421346683185,-0.140839889084,1.68655687852,-0.0766942940101,0.0083513118085,0.0803411823555,0.993777407308
2018/10/02/14:07:59.549677,68927,1538482079,533138396,/world,vicon/IMUframe/IMUframe,-0.421285794765,-0.142778233199,1.67396055251,-0.0726963345686,0.00650823482508,0.0827617033163,0.993893045697
2018/10/02/14:07:59.559101,68928,1538482079,543025875,/world,vicon/IMUframe/IMUframe,-0.42132948282,-0.144383906548,1.66134533438,-0.0687639508148,0.00489626903176,0.0850180178872,0.993991691239
2018/10/02/14:07:59.568986,68929,1538482079,553001939,/world,vicon/IMUframe/IMUframe,-0.421581334249,-0.145815397339,1.64859526303,-0.0652481968716,0.00382696835564,0.0874201158436,0.994025025069
2018/10/02/14:07:59.579572,68930,1538482079,562959207,/world,vicon/IMUframe/IMUframe,-0.421736710929,-0.147282178332,1.63586132139,-0.0613731488128,0.00323506302491,0.0910824612057,0.993945097192
2018/10/02/14:07:59.589904,68931,1538482079,573222778,/world,vicon/IMUframe/IMUframe,-0.421841679695,-0.148377029679,1.62204621497,-0.0571588106136,0.000364495780332,0.0925067101179,0.99407004084
2018/10/02/14:07:59.599165,68932,1538482079,583031678,/world,vicon/IMUframe/IMUframe,-0.422002633195,-0.149757173161,1.60846530997,-0.0523090604688,-0.00206057464832,0.0940222285795,0.994192806632
2018/10/02/14:07:59.609208,68933,1538482079,592997807,/world,vicon/IMUframe/IMUframe,-0.42197695443,-0.150941324644,1.59495396258,-0.0474466416058,-0.00416332572671,0.095004194372,0.994336807109
2018/10/02/14:07:59.619179,68934,1538482079,602948033,/world,vicon/IMUframe/IMUframe,-0.422069078199,-0.151674690751,1.58123351275,-0.0426899144847,-0.00588350919679,0.0956978391201,0.994477188833
2018/10/02/14:07:59.629443,68935,1538482079,613019607,/world,vicon/IMUframe/IMUframe,-0.422426080293,-0.152273970933,1.56773892835,-0.0376214519074,-0.0057696504008,0.0960764724725,0.994645991762
2018/10/02/14:07:59.639122,68936,1538482079,623053000,/world,vicon/IMUframe/IMUframe,-0.422498660675,-0.152623323569,1.55406060952,-0.032883504416,-0.00695427166786,0.0958246594664,0.994830612658
2018/10/02/14:07:59.649237,68937,1538482079,633057385,/world,vicon/IMUframe/IMUframe,-0.422692796514,-0.152549688204,1.54009314951,-0.0279427549757,-0.00831431313984,0.0952424978743,0.995027105782
2018/10/02/14:07:59.659338,68938,1538482079,642978633,/world,vicon/IMUframe/IMUframe,-0.42274751287,-0.152478216714,1.526111354,-0.0229357035356,-0.0100870696709,0.094078125941,0.995249471614
2018/10/02/14:07:59.668825,68939,1538482079,652950136,/world,vicon/IMUframe/IMUframe,-0.422747467416,-0.151688343709,1.51196841955,-0.0174409989478,-0.0121808274749,0.0926034449717,0.995475786233
2018/10/02/14:07:59.679449,68940,1538482079,663221228,/world,vicon/IMUframe/IMUframe,-0.422505115928,-0.150940227047,1.49795590046,-0.0123297317422,-0.0139585993075,0.091106307177,0.995667000565
2018/10/02/14:07:59.689273,68941,1538482079,672996727,/world,vicon/IMUframe/IMUframe,-0.422120837713,-0.150328201979,1.48345984945,-0.00760993089825,-0.0172682516023,0.0901302035154,0.995751195255
2018/10/02/14:07:59.699062,68942,1538482079,682988101,/world,vicon/IMUframe/IMUframe,-0.421800069051,-0.149220678082,1.46933802221,-0.00259812459029,-0.0188379104928,0.0887686100439,0.995870732951
2018/10/02/14:07:59.708989,68943,1538482079,692954946,/world,vicon/IMUframe/IMUframe,-0.421248134968,-0.148114997089,1.45519074555,0.00189274564863,-0.019908606997,0.0871461386253,0.995994786836
2018/10/02/14:07:59.719060,68944,1538482079,703017658,/world,vicon/IMUframe/IMUframe,-0.420786526155,-0.146872850955,1.44122984719,0.00660546384844,-0.020340220564,0.0863447403803,0.99603575693
2018/10/02/14:07:59.729296,68945,1538482079,713047952,/world,vicon/IMUframe/IMUframe,-0.420238086195,-0.145504400413,1.42739918577,0.0120095851614,-0.0202229426039,0.0862206810485,0.995998391874
2018/10/02/14:07:59.739241,68946,1538482079,722981235,/world,vicon/IMUframe/IMUframe,-0.419708870354,-0.14412958416,1.41375881819,0.0174102353452,-0.0195644024216,0.0863776879064,0.995918175803
2018/10/02/14:07:59.748935,68947,1538482079,732980466,/world,vicon/IMUframe/IMUframe,-0.419085828524,-0.142758359907,1.40025642516,0.0227775373352,-0.0186925172721,0.0871126787836,0.995762599612
2018/10/02/14:07:59.759008,68948,1538482079,743036866,/world,vicon/IMUframe/IMUframe,-0.418497384256,-0.140998513502,1.38680153993,0.0284027329671,-0.0178938924777,0.0880353109802,0.995551544317
2018/10/02/14:07:59.769043,68949,1538482079,753070796,/world,vicon/IMUframe/IMUframe,-0.417934209167,-0.139192270734,1.37353257259,0.0346168954657,-0.0166626078236,0.0891022627503,0.995281274224
2018/10/02/14:07:59.778857,68950,1538482079,763006215,/world,vicon/IMUframe/IMUframe,-0.417075438166,-0.137072709072,1.3601986317,0.0411932678889,-0.0170963455915,0.0900969397956,0.994933852619
2018/10/02/14:07:59.788973,68951,1538482079,772942159,/world,vicon/IMUframe/IMUframe,-0.416197809191,-0.134876642038,1.34697290615,0.047848637873,-0.0175651121139,0.0907148845707,0.994571658759
2018/10/02/14:07:59.798726,68952,1538482079,782927853,/world,vicon/IMUframe/IMUframe,-0.414979135048,-0.132676146734,1.3339305476,0.0545791835357,-0.0191031078072,0.0903308921037,0.994231619859
2018/10/02/14:07:59.809688,68953,1538482079,793194705,/world,vicon/IMUframe/IMUframe,-0.413897632111,-0.129840848329,1.32096046203,0.0629394672067,-0.020494596471,0.0905258358629,0.99369193819
2018/10/02/14:07:59.819366,68954,1538482079,803103039,/world,vicon/IMUframe/IMUframe,-0.412942262348,-0.127167672487,1.30850539834,0.0691391447697,-0.0220684659488,0.0897949617676,0.993312451504
2018/10/02/14:07:59.829039,68955,1538482079,812988033,/world,vicon/IMUframe/IMUframe,-0.412118223024,-0.124461908131,1.29618457803,0.0770850373671,-0.0234775013355,0.0889838381247,0.992768140352
2018/10/02/14:07:59.839083,68956,1538482079,822986066,/world,vicon/IMUframe/IMUframe,-0.411317587413,-0.121847951174,1.28452055484,0.0860427571385,-0.0246111256413,0.0876334110135,0.99212465029
2018/10/02/14:07:59.849484,68957,1538482079,833183646,/world,vicon/IMUframe/IMUframe,-0.410600965247,-0.11920730706,1.27321265115,0.0946983408692,-0.0253609647767,0.0866917810336,0.991399808757
2018/10/02/14:07:59.859482,68958,1538482079,843063680,/world,vicon/IMUframe/IMUframe,-0.410048323431,-0.116387645584,1.26223169121,0.104663734125,-0.0268394961492,0.084656092484,0.990534446756
2018/10/02/14:07:59.869303,68959,1538482079,853015029,/world,vicon/IMUframe/IMUframe,-0.409687057124,-0.113689677901,1.25178959633,0.113888958306,-0.0284331664179,0.0814589205757,0.989740018632
2018/10/02/14:07:59.879041,68960,1538482079,862971287,/world,vicon/IMUframe/IMUframe,-0.40930215221,-0.111119550796,1.24200576991,0.123205037338,-0.0309189725348,0.0787850125727,0.988765623242
2018/10/02/14:07:59.889616,68961,1538482079,873091722,/world,vicon/IMUframe/IMUframe,-0.409280888255,-0.108411306681,1.23321650338,0.132425232833,-0.0324143895356,0.0756161193373,0.98777278134
2018/10/02/14:07:59.899056,68962,1538482079,883045771,/world,vicon/IMUframe/IMUframe,-0.408646367553,-0.106034360282,1.22427668271,0.140458907659,-0.0372775033106,0.0734926620851,0.986651160049
2018/10/02/14:07:59.908849,68963,1538482079,893033823,/world,vicon/IMUframe/IMUframe,-0.408276034927,-0.103944099906,1.21657091625,0.148232078115,-0.0408331651612,0.0712133408787,0.985539732188
2018/10/02/14:07:59.918863,68964,1538482079,902957855,/world,vicon/IMUframe/IMUframe,-0.408107644596,-0.102021799084,1.209754479,0.155479036224,-0.0444853776665,0.0696208625944,0.984378106197
2018/10/02/14:07:59.929048,68965,1538482079,912985228,/world,vicon/IMUframe/IMUframe,-0.407804915221,-0.100485352405,1.20387074435,0.162472351095,-0.0481711709437,0.0688740235311,0.983126971608
2018/10/02/14:07:59.939509,68966,1538482079,923008850,/world,vicon/IMUframe/IMUframe,-0.407798564494,-0.0990126801619,1.19930818904,0.169084658226,-0.050663485192,0.0675037225162,0.981981077754
2018/10/02/14:07:59.949100,68967,1538482079,933047450,/world,vicon/IMUframe/IMUframe,-0.407426861978,-0.0979347773023,1.19531270956,0.174337440551,-0.0544740495648,0.0671276676718,0.980883739787
2018/10/02/14:07:59.958924,68968,1538482079,942987583,/world,vicon/IMUframe/IMUframe,-0.407181528685,-0.0970662108519,1.1922576839,0.179017053269,-0.0577376087879,0.0672514095966,0.979845146479
2018/10/02/14:07:59.968773,68969,1538482079,952959068,/world,vicon/IMUframe/IMUframe,-0.406853860504,-0.0966427884597,1.19031400857,0.182663138912,-0.0604222762708,0.068043926815,0.978955234031
2018/10/02/14:07:59.979536,68970,1538482079,963219956,/world,vicon/IMUframe/IMUframe,-0.406544727991,-0.0966493423484,1.18936220688,0.185316332478,-0.0626301214079,0.0695520358954,0.978211551308
2018/10/02/14:07:59.989017,68971,1538482079,973068641,/world,vicon/IMUframe/IMUframe,-0.406193915249,-0.0967797875314,1.18949907332,0.187151475429,-0.0644898781839,0.0705461486255,0.977669996354
2018/10/02/14:07:59.999360,68972,1538482079,983020700,/world,vicon/IMUframe/IMUframe,-0.405847094413,-0.0971744397341,1.19070178978,0.188159506167,-0.0659532266209,0.0714462593971,0.977313462588
2018/10/02/14:08:00.008897,68973,1538482079,992991954,/world,vicon/IMUframe/IMUframe,-0.405673079823,-0.0977594077817,1.1928966257,0.188115288765,-0.0666827225683,0.072385413224,0.977203358875
2018/10/02/14:08:00.017726,68974,1538482080,3049321,/world,vicon/IMUframe/IMUframe,-0.405475338864,-0.0986719694827,1.19617330354,0.18692930922,-0.0668392337422,0.0735022209837,0.977336878306
2018/10/02/14:08:00.027644,68975,1538482080,13047342,/world,vicon/IMUframe/IMUframe,-0.405335772988,-0.0997928054338,1.20035559299,0.184782989909,-0.0665504222599,0.0744285774536,0.977694571324
2018/10/02/14:08:00.037605,68976,1538482080,22992579,/world,vicon/IMUframe/IMUframe,-0.405192126521,-0.10110894539,1.20552124035,0.181384738842,-0.0658856349694,0.0753410224336,0.978305877504
2018/10/02/14:08:00.047159,68977,1538482080,33016826,/world,vicon/IMUframe/IMUframe,-0.405068569158,-0.102474873628,1.21161304243,0.176865307604,-0.0650439933404,0.0756186781816,0.979167890306
2018/10/02/14:08:00.057013,68978,1538482080,43003518,/world,vicon/IMUframe/IMUframe,-0.405026422267,-0.104235490099,1.21858348547,0.171196631018,-0.063833770105,0.0767885731859,0.980163495724
2018/10/02/14:08:00.067679,68979,1538482080,53052891,/world,vicon/IMUframe/IMUframe,-0.405145322067,-0.105960546936,1.22634134168,0.164148627807,-0.0622559303224,0.077490124561,0.981414646174
2018/10/02/14:08:00.077376,68980,1538482080,63028457,/world,vicon/IMUframe/IMUframe,-0.405201685964,-0.10775044219,1.2349340345,0.156713830106,-0.0604573555933,0.0784061049571,0.982668899637
2018/10/02/14:08:00.087010,68981,1538482080,72896195,/world,vicon/IMUframe/IMUframe,-0.404942498762,-0.109680922229,1.24386933713,0.148038480521,-0.0597216475759,0.079715851843,0.983952903375
2018/10/02/14:08:00.097027,68982,1538482080,82864229,/world,vicon/IMUframe/IMUframe,-0.405019836921,-0.111398792478,1.25388271705,0.139337214281,-0.0573163924201,0.0800776338477,0.985336259575
2018/10/02/14:08:00.107496,68983,1538482080,93111762,/world,vicon/IMUframe/IMUframe,-0.404891669295,-0.113210987884,1.26451161415,0.130049004911,-0.0551518080579,0.0810435502887,0.986649622382
2018/10/02/14:08:00.117297,68984,1538482080,102997010,/world,vicon/IMUframe/IMUframe,-0.405073783488,-0.11491687876,1.27572500534,0.12102641875,-0.0526439939961,0.0812736135952,0.987914882768
2018/10/02/14:08:00.127102,68985,1538482080,112913068,/world,vicon/IMUframe/IMUframe,-0.405435814039,-0.116687839695,1.28721826059,0.111493725519,-0.0503688729893,0.0807167804101,0.98920014515
2018/10/02/14:08:00.136993,68986,1538482080,122895772,/world,vicon/IMUframe/IMUframe,-0.405569023681,-0.118268613228,1.2993652405,0.102068683743,-0.0479924205054,0.0803909433857,0.990361553976
2018/10/02/14:08:00.147233,68987,1538482080,133030518,/world,vicon/IMUframe/IMUframe,-0.405709947922,-0.119829031598,1.3117816074,0.0931477374008,-0.0462223683813,0.0800437728997,0.991352604323
2018/10/02/14:08:00.156985,68988,1538482080,142957774,/world,vicon/IMUframe/IMUframe,-0.405921484523,-0.121227161295,1.32449293946,0.0842778420012,-0.0446691961231,0.0797052254023,0.992244418129
2018/10/02/14:08:00.166997,68989,1538482080,152937483,/world,vicon/IMUframe/IMUframe,-0.406024029732,-0.122828555834,1.33756300109,0.0754590609345,-0.043217511771,0.0792335431647,0.993056001662
2018/10/02/14:08:00.177073,68990,1538482080,162904980,/world,vicon/IMUframe/IMUframe,-0.406382065575,-0.124136575305,1.35105726372,0.0670063640443,-0.0415860620959,0.0791053185552,0.993741966102
2018/10/02/14:08:00.186952,68991,1538482080,172938278,/world,vicon/IMUframe/IMUframe,-0.406629846285,-0.125093136037,1.36470283172,0.0595164681813,-0.0402412633676,0.0793365611405,0.994255571171
2018/10/02/14:08:00.197270,68992,1538482080,183075753,/world,vicon/IMUframe/IMUframe,-0.40666841923,-0.126204989039,1.37863836067,0.0517020600441,-0.0393743480417,0.0791886916675,0.994739015428
2018/10/02/14:08:00.207114,68993,1538482080,192960120,/world,vicon/IMUframe/IMUframe,-0.406886451796,-0.127479930143,1.39278213405,0.0441527125781,-0.0383241849466,0.0794729304184,0.995121021862
2018/10/02/14:08:00.217050,68994,1538482080,203049285,/world,vicon/IMUframe/IMUframe,-0.407117937721,-0.128664465073,1.40711719706,0.0365907481871,-0.0374608656976,0.0793012872465,0.99547431234
2018/10/02/14:08:00.227068,68995,1538482080,212945497,/world,vicon/IMUframe/IMUframe,-0.407483638191,-0.129798240484,1.42157003635,0.0295055264707,-0.0366414065738,0.08023984268,0.995664802471
2018/10/02/14:08:00.237421,68996,1538482080,223144914,/world,vicon/IMUframe/IMUframe,-0.407608744379,-0.130738848715,1.43604715137,0.0232924562691,-0.0363031769852,0.0806691557477,0.995807224383
2018/10/02/14:08:00.247232,68997,1538482080,233002818,/world,vicon/IMUframe/IMUframe,-0.407800103316,-0.131464523392,1.45053660092,0.0179884457514,-0.0356638155254,0.0813290665628,0.995886585417
2018/10/02/14:08:00.256999,68998,1538482080,242908750,/world,vicon/IMUframe/IMUframe,-0.408116096923,-0.132239151865,1.46516628344,0.0126992732236,-0.034880512579,0.0821758403321,0.995926307298
2018/10/02/14:08:00.266992,68999,1538482080,252889199,/world,vicon/IMUframe/IMUframe,-0.4081409907,-0.133125527288,1.47975613925,0.00778787811882,-0.0348029478254,0.0830390271711,0.995907939392
2018/10/02/14:08:00.277517,69000,1538482080,263139845,/world,vicon/IMUframe/IMUframe,-0.408046990896,-0.133565091218,1.49465908706,0.0033882994752,-0.0344969044393,0.0838514295634,0.995875203412
2018/10/02/14:08:00.287093,69001,1538482080,272927121,/world,vicon/IMUframe/IMUframe,-0.408311475219,-0.134183317581,1.50925482893,-0.00158860527384,-0.0334627981392,0.0854179309064,0.995781850886
2018/10/02/14:08:00.297145,69002,1538482080,282937278,/world,vicon/IMUframe/IMUframe,-0.408388671983,-0.134792376246,1.52363510622,-0.00659880740952,-0.0327537892788,0.0871675006837,0.995633201462
2018/10/02/14:08:00.307225,69003,1538482080,292897490,/world,vicon/IMUframe/IMUframe,-0.408434165443,-0.134975592612,1.53812694518,-0.0110491757155,-0.0322466335036,0.0875077039177,0.995580469926
2018/10/02/14:08:00.317426,69004,1538482080,303062858,/world,vicon/IMUframe/IMUframe,-0.40844283625,-0.135424176937,1.55253892544,-0.0156209290581,-0.0317524171653,0.0890737174398,0.995396224345
2018/10/02/14:08:00.327165,69005,1538482080,312974026,/world,vicon/IMUframe/IMUframe,-0.408432343776,-0.135923271352,1.56672951948,-0.0185339758337,-0.0315166065099,0.0906057026601,0.995215455014
2018/10/02/14:08:00.337149,69006,1538482080,322920724,/world,vicon/IMUframe/IMUframe,-0.408217336669,-0.135715193815,1.58100028944,-0.0215807257822,-0.0312767224878,0.0909493181133,0.9951302731
2018/10/02/14:08:00.347065,69007,1538482080,332890424,/world,vicon/IMUframe/IMUframe,-0.40839602326,-0.135376005155,1.59490331306,-0.0242035907809,-0.0299948010809,0.0919554444443,0.995016931684
2018/10/02/14:08:00.357013,69008,1538482080,342879913,/world,vicon/IMUframe/IMUframe,-0.408512986184,-0.135715025151,1.60874721084,-0.0285395217782,-0.028226576967,0.0934430210457,0.994815137534
2018/10/02/14:08:00.367876,69009,1538482080,353667259,/world,vicon/IMUframe/IMUframe,-0.408552073232,-0.135504028743,1.62229992905,-0.0320570092746,-0.0268242209839,0.0944498944841,0.994651711282
2018/10/02/14:08:00.377049,69010,1538482080,362926349,/world,vicon/IMUframe/IMUframe,-0.408530257016,-0.135368744339,1.6358514873,-0.0355235360149,-0.0254379929376,0.0949113340431,0.994526432818
2018/10/02/14:08:00.387136,69011,1538482080,372915853,/world,vicon/IMUframe/IMUframe,-0.408357467598,-0.135216229521,1.64912400948,-0.0424338405508,-0.0258301628472,0.0937217622645,0.994358287109
2018/10/02/14:08:00.397081,69012,1538482080,382890712,/world,vicon/IMUframe/IMUframe,-0.408435230344,-0.134606817492,1.66197228241,-0.0461526099184,-0.0248446833768,0.0940034892962,0.994191139724
2018/10/02/14:08:00.407205,69013,1538482080,392883355,/world,vicon/IMUframe/IMUframe,-0.408659052185,-0.133983302098,1.67460156755,-0.0497112326095,-0.0241761961821,0.0932349526007,0.994108418888
2018/10/02/14:08:00.419801,69014,1538482080,405445962,/world,vicon/IMUframe/IMUframe,-0.408543943589,-0.133336335522,1.68637153015,-0.0510344241962,-0.0237248642922,0.0944256158238,0.993939847998
2018/10/02/14:08:00.427276,69015,1538482080,413014947,/world,vicon/IMUframe/IMUframe,-0.409333882483,-0.131972510844,1.69794922657,-0.0540822176012,-0.0231175515998,0.0910464394367,0.994108262924
2018/10/02/14:08:00.436983,69016,1538482080,422886649,/world,vicon/IMUframe/IMUframe,-0.409451804273,-0.13110312047,1.7093188346,-0.0576879430069,-0.0225464962891,0.0898243004181,0.994029854577
2018/10/02/14:08:00.446847,69017,1538482080,432913371,/world,vicon/IMUframe/IMUframe,-0.409468266128,-0.130229934429,1.72049186443,-0.0625725927861,-0.0222622769639,0.0890374792304,0.993811545993
2018/10/02/14:08:00.457414,69018,1538482080,443065127,/world,vicon/IMUframe/IMUframe,-0.409986264842,-0.12908904861,1.73090370703,-0.0670981864434,-0.0210377343163,0.0869270957166,0.993729805904
2018/10/02/14:08:00.467007,69019,1538482080,452942706,/world,vicon/IMUframe/IMUframe,-0.41038226579,-0.128142107105,1.74087723452,-0.0721423863187,-0.0202635984051,0.0864906843781,0.993430533149
2018/10/02/14:08:00.476878,69020,1538482080,462924466,/world,vicon/IMUframe/IMUframe,-0.41075533777,-0.127257221026,1.75035981447,-0.0770451378137,-0.0187414573389,0.0855914129727,0.993170133734
2018/10/02/14:08:00.486856,69021,1538482080,472930870,/world,vicon/IMUframe/IMUframe,-0.410926499024,-0.126374078353,1.75946784457,-0.0820439031341,-0.017574709681,0.0852214931772,0.992822856626
2018/10/02/14:08:00.497017,69022,1538482080,482921074,/world,vicon/IMUframe/IMUframe,-0.411055743016,-0.125754282691,1.76796310075,-0.0861841318994,-0.0162362639498,0.0845637628975,0.992551081379
2018/10/02/14:08:00.510024,69023,1538482080,495827549,/world,vicon/IMUframe/IMUframe,-0.411270428442,-0.124802527155,1.77586504519,-0.0902071313332,-0.0141827550899,0.0837428379049,0.99229464375
2018/10/02/14:08:00.517289,69024,1538482080,503054675,/world,vicon/IMUframe/IMUframe,-0.411426471925,-0.12392535109,1.78317519231,-0.0934685571239,-0.0123093230819,0.0827274699984,0.992102955898
2018/10/02/14:08:00.526932,69025,1538482080,512913327,/world,vicon/IMUframe/IMUframe,-0.411628668872,-0.123026677218,1.78980966497,-0.0960105679858,-0.0103720639256,0.0812579839825,0.992003795942
2018/10/02/14:08:00.536942,69026,1538482080,522928183,/world,vicon/IMUframe/IMUframe,-0.411816641365,-0.122065067544,1.79580982008,-0.0978643640714,-0.00832392904661,0.0791886432797,0.992009292913
2018/10/02/14:08:00.547301,69027,1538482080,533094423,/world,vicon/IMUframe/IMUframe,-0.411999290627,-0.121476054505,1.80123174297,-0.0996937350762,-0.00621912256696,0.0782848714686,0.991914290955
2018/10/02/14:08:00.557109,69028,1538482080,543035303,/world,vicon/IMUframe/IMUframe,-0.412191781784,-0.120848862149,1.80603683269,-0.100826049221,-0.00405720830847,0.0767178036161,0.991933478348
2018/10/02/14:08:00.566980,69029,1538482080,552920208,/world,vicon/IMUframe/IMUframe,-0.41251849767,-0.120406144975,1.81021019038,-0.101158242599,-0.00187984637445,0.0746516917601,0.992063808961
2018/10/02/14:08:00.576842,69030,1538482080,562870535,/world,vicon/IMUframe/IMUframe,-0.412883369584,-0.120000585872,1.81371169393,-0.100929266621,0.00029291350126,0.0729148787803,0.992218029363
2018/10/02/14:08:00.586924,69031,1538482080,572875662,/world,vicon/IMUframe/IMUframe,-0.413134208143,-0.119858183733,1.81653513102,-0.100346116864,0.00221490934664,0.0715256891329,0.992375849566
2018/10/02/14:08:00.596960,69032,1538482080,582966602,/world,vicon/IMUframe/IMUframe,-0.413440550454,-0.119566389212,1.81886231436,-0.0995409234375,0.00420058113588,0.0702602913392,0.992540906532
2018/10/02/14:08:00.606973,69033,1538482080,592975664,/world,vicon/IMUframe/IMUframe,-0.413673692552,-0.119351955852,1.82065054129,-0.0986210006849,0.00596623428024,0.069065393116,0.992707546937
2018/10/02/14:08:00.617046,69034,1538482080,602889262,/world,vicon/IMUframe/IMUframe,-0.413972116699,-0.119468274977,1.82181530513,-0.0978815475517,0.00714113202606,0.0689272592299,0.992782574292
2018/10/02/14:08:00.626984,69035,1538482080,612886246,/world,vicon/IMUframe/IMUframe,-0.414176708593,-0.119234360935,1.82239329003,-0.0970083898925,0.00805244325537,0.0682073443524,0.992911017476
2018/10/02/14:08:00.637218,69036,1538482080,622986455,/world,vicon/IMUframe/IMUframe,-0.41441913753,-0.119757324172,1.8224306672,-0.0961241341355,0.00847268511358,0.0683688463933,0.992982409354
2018/10/02/14:08:00.647050,69037,1538482080,632983023,/world,vicon/IMUframe/IMUframe,-0.414725659057,-0.120178687844,1.82179835212,-0.0951690694564,0.00829740980911,0.0688543572762,0.993042334794
2018/10/02/14:08:00.657109,69038,1538482080,642964373,/world,vicon/IMUframe/IMUframe,-0.41491340327,-0.120273556458,1.82057969026,-0.0940270050374,0.00774945343031,0.0688430578265,0.993156332953
2018/10/02/14:08:00.667114,69039,1538482080,652946820,/world,vicon/IMUframe/IMUframe,-0.41526880133,-0.121109026358,1.81881700844,-0.0927771537595,0.00681434229842,0.0693805049864,0.9932433287
2018/10/02/14:08:00.677015,69040,1538482080,662939702,/world,vicon/IMUframe/IMUframe,-0.415449459302,-0.121260845554,1.81637882021,-0.0910773952824,0.00532977842344,0.0693575392557,0.99341131123
2018/10/02/14:08:00.687214,69041,1538482080,673031595,/world,vicon/IMUframe/IMUframe,-0.415841163545,-0.121872618195,1.81344933316,-0.0892543996782,0.00373618441106,0.0701358364904,0.993529394383
2018/10/02/14:08:00.696829,69042,1538482080,683036021,/world,vicon/IMUframe/IMUframe,-0.416028261279,-0.122346618999,1.80996934559,-0.0867931160074,0.00211384979248,0.0703142509059,0.993739600083
2018/10/02/14:08:00.706967,69043,1538482080,693019666,/world,vicon/IMUframe/IMUframe,-0.416141833914,-0.123292709328,1.80613404824,-0.0858247652226,0.000306791332888,0.0721248327042,0.993696142722
2018/10/02/14:08:00.717170,69044,1538482080,702990653,/world,vicon/IMUframe/IMUframe,-0.416219036038,-0.124163177581,1.80171713789,-0.0841435401935,-0.0014269817696,0.0733885280902,0.99374642254
2018/10/02/14:08:00.727412,69045,1538482080,713242611,/world,vicon/IMUframe/IMUframe,-0.416333178723,-0.125098201039,1.79685316777,-0.0822961926218,-0.00306429707577,0.074644483737,0.993803877941
2018/10/02/14:08:00.739217,69046,1538482080,723113932,/world,vicon/IMUframe/IMUframe,-0.416478516992,-0.126314626551,1.79161819921,-0.0803669850824,-0.00459601632201,0.0759932392499,0.993853637077
2018/10/02/14:08:00.748960,69047,1538482080,733146293,/world,vicon/IMUframe/IMUframe,-0.416595454897,-0.127338610058,1.78588365034,-0.07842202392,-0.00587863805133,0.0772134669005,0.993908199135
2018/10/02/14:08:00.758695,69048,1538482080,742968568,/world,vicon/IMUframe/IMUframe,-0.416828873899,-0.128306159735,1.77963365433,-0.0764434505264,-0.00699916942371,0.0785319146955,0.993951783978
2018/10/02/14:08:00.768610,69049,1538482080,753020017,/world,vicon/IMUframe/IMUframe,-0.416985383353,-0.129314158285,1.77311641774,-0.0742432867481,-0.00813509809214,0.0797649330548,0.994011725286
2018/10/02/14:08:00.778183,69050,1538482080,763028961,/world,vicon/IMUframe/IMUframe,-0.417253931784,-0.13030900313,1.7661164231,-0.0721304727575,-0.0089999919829,0.0809092692708,0.994067344394
2018/10/02/14:08:00.788360,69051,1538482080,772933951,/world,vicon/IMUframe/IMUframe,-0.4174686487,-0.131385533815,1.75872278499,-0.070060497543,-0.00970719179024,0.0818846209215,0.994128867888
2018/10/02/14:08:00.799054,69052,1538482080,783028305,/world,vicon/IMUframe/IMUframe,-0.417650016173,-0.132157026995,1.75098723874,-0.067695652051,-0.0105278741386,0.0825718656576,0.994227513983
2018/10/02/14:08:00.809317,69053,1538482080,793111789,/world,vicon/IMUframe/IMUframe,-0.417666117632,-0.133057646959,1.74291883073,-0.0655655232648,-0.0111864298748,0.0829113830344,0.994334817106
2018/10/02/14:08:00.819341,69054,1538482080,803043894,/world,vicon/IMUframe/IMUframe,-0.417554188939,-0.133326115963,1.73435042963,-0.0636614838432,-0.0113925817669,0.0831411918667,0.994437009956
2018/10/02/14:08:00.829202,69055,1538482080,813011099,/world,vicon/IMUframe/IMUframe,-0.417403885669,-0.134495000587,1.72566545984,-0.0617739518772,-0.0113931289614,0.083375103847,0.994536458628
2018/10/02/14:08:00.838995,69056,1538482080,823015622,/world,vicon/IMUframe/IMUframe,-0.417138096127,-0.135383845249,1.71669007806,-0.0597671183317,-0.0107670048088,0.0834781740289,0.994657407168
2018/10/02/14:08:00.849291,69057,1538482080,833035366,/world,vicon/IMUframe/IMUframe,-0.416933548802,-0.135958359627,1.70734899496,-0.0577813791236,-0.00920597816232,0.0834318398881,0.994794295463
2018/10/02/14:08:00.859229,69058,1538482080,843021683,/world,vicon/IMUframe/IMUframe,-0.416624310992,-0.136677699601,1.69767350933,-0.055380651911,-0.0071888563469,0.0837323614009,0.994922205699
2018/10/02/14:08:00.869319,69059,1538482080,853039851,/world,vicon/IMUframe/IMUframe,-0.416585106065,-0.137198545878,1.68777541287,-0.0531232332199,-0.00452097256936,0.0838060361216,0.995054788044
2018/10/02/14:08:00.879514,69060,1538482080,862954689,/world,vicon/IMUframe/IMUframe,-0.416498919545,-0.137543993164,1.67755630264,-0.051580896627,-0.00170115383691,0.0839749479424,0.995130506666
2018/10/02/14:08:00.889410,69061,1538482080,872985969,/world,vicon/IMUframe/IMUframe,-0.416345187958,-0.138089450016,1.66706004148,-0.0502196287906,0.00141714495248,0.0838499173549,0.995211119283
2018/10/02/14:08:00.899767,69062,1538482080,883163010,/world,vicon/IMUframe/IMUframe,-0.41604619756,-0.138586837221,1.6565706099,-0.0492919207017,0.00397986120587,0.0830503067465,0.995317594443
2018/10/02/14:08:00.909086,69063,1538482080,893073616,/world,vicon/IMUframe/IMUframe,-0.415373730512,-0.138961499301,1.64598787884,-0.0490384048651,0.00694106443335,0.0847013296254,0.995174728996
2018/10/02/14:08:00.919273,69064,1538482080,903029736,/world,vicon/IMUframe/IMUframe,-0.414906615314,-0.139296318292,1.63484182926,-0.0487389891874,0.00921790845018,0.0846421776686,0.995175985872
2018/10/02/14:08:00.929362,69065,1538482080,912967892,/world,vicon/IMUframe/IMUframe,-0.414556385978,-0.139234040268,1.62338412684,-0.0474353647868,0.0109717396165,0.0826363612161,0.995389742213
2018/10/02/14:08:00.938633,69066,1538482080,923061221,/world,vicon/IMUframe/IMUframe,-0.413977079444,-0.13886464937,1.61187275979,-0.0469810421236,0.0130941324315,0.0821462650405,0.995426198428
2018/10/02/14:08:00.948223,69067,1538482080,933055660,/world,vicon/IMUframe/IMUframe,-0.413416182891,-0.139036345027,1.60045803826,-0.0464274765946,0.014708993232,0.0826812661032,0.995385323968
2018/10/02/14:08:00.958730,69068,1538482080,943009552,/world,vicon/IMUframe/IMUframe,-0.412935497002,-0.138988044383,1.58885562311,-0.0466725503607,0.017011134541,0.0824711975418,0.995354608127
2018/10/02/14:08:00.968629,69069,1538482080,953002614,/world,vicon/IMUframe/IMUframe,-0.412492140164,-0.138927283073,1.57718181449,-0.0464513024529,0.0193726313979,0.0825979760119,0.995311283977
2018/10/02/14:08:00.978200,69070,1538482080,963037268,/world,vicon/IMUframe/IMUframe,-0.412032060784,-0.138351068214,1.56551000756,-0.046258156361,0.0207078874383,0.0828556689541,0.995271975135
2018/10/02/14:08:00.988719,69071,1538482080,973023307,/world,vicon/IMUframe/IMUframe,-0.411589444684,-0.138265389129,1.55370515145,-0.0464476288738,0.0218088122395,0.0832782636444,0.995204363076
2018/10/02/14:08:00.998582,69072,1538482080,983162382,/world,vicon/IMUframe/IMUframe,-0.410911601081,-0.137984744111,1.5418577099,-0.047476175764,0.0222244186993,0.0848828099557,0.995011053467
2018/10/02/14:08:01.008317,69073,1538482080,992942227,/world,vicon/IMUframe/IMUframe,-0.410489699397,-0.137395112809,1.5298069642,-0.0466535985513,0.0226400778965,0.0853312795276,0.995002231831
2018/10/02/14:08:01.018298,69074,1538482081,3040876,/world,vicon/IMUframe/IMUframe,-0.409884602109,-0.136459832733,1.51737840285,-0.0446148576548,0.0216846309787,0.0847648499552,0.995165419148
2018/10/02/14:08:01.028675,69075,1538482081,13058936,/world,vicon/IMUframe/IMUframe,-0.409236649388,-0.135748289148,1.50524975988,-0.0428618063251,0.0209419341978,0.0850440776258,0.99523454814
2018/10/02/14:08:01.038050,69076,1538482081,23125105,/world,vicon/IMUframe/IMUframe,-0.408499614893,-0.135000753215,1.49330224214,-0.0400649442531,0.0199004008835,0.0852463040876,0.995355133571
2018/10/02/14:08:01.048739,69077,1538482081,32993854,/world,vicon/IMUframe/IMUframe,-0.408378830051,-0.133902369726,1.48161032694,-0.036464843602,0.0202980049879,0.0855361130086,0.995460636864
2018/10/02/14:08:01.058552,69078,1538482081,43045812,/world,vicon/IMUframe/IMUframe,-0.407812030817,-0.132878893332,1.46994781471,-0.0323427012832,0.0193997826588,0.0860006465623,0.995580979578
2018/10/02/14:08:01.069286,69079,1538482081,53429413,/world,vicon/IMUframe/IMUframe,-0.407157689483,-0.13173016183,1.45835432457,-0.0278289208847,0.0182615399395,0.0865392504093,0.995692234307
2018/10/02/14:08:01.078395,69080,1538482081,63061364,/world,vicon/IMUframe/IMUframe,-0.406726622795,-0.130666227452,1.44649442706,-0.0234007290111,0.0163686708689,0.0874429103963,0.995760116653
2018/10/02/14:08:01.088499,69081,1538482081,73113172,/world,vicon/IMUframe/IMUframe,-0.406256870301,-0.129386303848,1.43506707969,-0.0185564046542,0.0152419103537,0.0881086731711,0.995821372399
2018/10/02/14:08:01.098518,69082,1538482081,83053054,/world,vicon/IMUframe/IMUframe,-0.405783555378,-0.12793652276,1.4238618023,-0.0137316564619,0.0141505068319,0.0883185644272,0.995897101083
2018/10/02/14:08:01.108938,69083,1538482081,93099369,/world,vicon/IMUframe/IMUframe,-0.405062892641,-0.126843488975,1.41264043143,-0.00980671643164,0.0112877002686,0.0882039669978,0.995990198918
2018/10/02/14:08:01.117903,69084,1538482081,103099069,/world,vicon/IMUframe/IMUframe,-0.404570198219,-0.125353225743,1.40176004155,-0.00558281972987,0.00931319023262,0.0883794755798,0.996027692842
2018/10/02/14:08:01.128327,69085,1538482081,113075532,/world,vicon/IMUframe/IMUframe,-0.404115401345,-0.123923377387,1.39113707415,-0.00170229065194,0.00723647872704,0.0879707486066,0.996095318216
2018/10/02/14:08:01.137780,69086,1538482081,123012926,/world,vicon/IMUframe/IMUframe,-0.403693962177,-0.12256212641,1.38076157537,0.00149456709676,0.00453086768518,0.0879207581923,0.996116046345
2018/10/02/14:08:01.147920,69087,1538482081,133082973,/world,vicon/IMUframe/IMUframe,-0.403182968954,-0.121059012941,1.37063913854,0.00486852308134,0.00215074076824,0.0877619717832,0.996127254976
2018/10/02/14:08:01.158902,69088,1538482081,143431497,/world,vicon/IMUframe/IMUframe,-0.402832226355,-0.119105435324,1.36084224457,0.00828597009485,-0.000133177482646,0.0875128058576,0.996128924273
2018/10/02/14:08:01.168684,69089,1538482081,152979807,/world,vicon/IMUframe/IMUframe,-0.402205043434,-0.117433502734,1.351476516,0.0118888978754,-0.00259536000592,0.086930987583,0.996140011048
2018/10/02/14:08:01.178590,69090,1538482081,163122072,/world,vicon/IMUframe/IMUframe,-0.401544416072,-0.11593763197,1.34225322631,0.0153015054945,-0.00548085387092,0.0864346903834,0.996124926136
2018/10/02/14:08:01.188444,69091,1538482081,173051974,/world,vicon/IMUframe/IMUframe,-0.400919062516,-0.114399698573,1.3335576351,0.0191145622716,-0.00713181770771,0.0859262326622,0.996092592697
2018/10/02/14:08:01.198778,69092,1538482081,183199967,/world,vicon/IMUframe/IMUframe,-0.400088795724,-0.112605203285,1.32498761393,0.0229073135378,-0.00871388388049,0.0853128156386,0.996052732892
2018/10/02/14:08:01.208682,69093,1538482081,193006959,/world,vicon/IMUframe/IMUframe,-0.399180303999,-0.110816824065,1.31703958171,0.0279416862129,-0.00917480314945,0.0853934305843,0.995913172506
2018/10/02/14:08:01.219186,69094,1538482081,203064221,/world,vicon/IMUframe/IMUframe,-0.398510865126,-0.109102095144,1.30946981194,0.032992203034,-0.00907357750313,0.0857526999989,0.995728707617
2018/10/02/14:08:01.229250,69095,1538482081,212947796,/world,vicon/IMUframe/IMUframe,-0.397848385762,-0.107530864384,1.30233553268,0.0377787509852,-0.00875051172078,0.086114082024,0.995530290547
2018/10/02/14:08:01.239219,69096,1538482081,223105807,/world,vicon/IMUframe/IMUframe,-0.397175316212,-0.106207853636,1.29551722779,0.0433308181577,-0.00854436832585,0.0867215614111,0.995253136018
2018/10/02/14:08:01.249020,69097,1538482081,233033898,/world,vicon/IMUframe/IMUframe,-0.396446932814,-0.104742304762,1.28917223591,0.0482670029474,-0.00829354145875,0.0874772134269,0.994961934311
2018/10/02/14:08:01.258657,69098,1538482081,243038671,/world,vicon/IMUframe/IMUframe,-0.395839630537,-0.103642424526,1.28302777633,0.052474894815,-0.00788338104078,0.0882608384736,0.994682995788
2018/10/02/14:08:01.268699,69099,1538482081,253018681,/world,vicon/IMUframe/IMUframe,-0.395219368912,-0.102370643744,1.27744924896,0.0567272283362,-0.0081879553639,0.0890934977617,0.994372831291
2018/10/02/14:08:01.278681,69100,1538482081,262944109,/world,vicon/IMUframe/IMUframe,-0.394614607509,-0.101309029449,1.27212582346,0.061134579613,-0.00850229545375,0.0899557908854,0.99403130224
2018/10/02/14:08:01.288963,69101,1538482081,273045128,/world,vicon/IMUframe/IMUframe,-0.394173858633,-0.100183211089,1.26707956013,0.0656636967262,-0.0092163701376,0.090365329251,0.993698870243
2018/10/02/14:08:01.298440,69102,1538482081,283012619,/world,vicon/IMUframe/IMUframe,-0.393762605916,-0.0993276634849,1.26254248305,0.0697398354967,-0.0101704033006,0.0903789374914,0.993410572674
2018/10/02/14:08:01.308881,69103,1538482081,292980700,/world,vicon/IMUframe/IMUframe,-0.393405423991,-0.0984495886183,1.25830915355,0.0739995366808,-0.0111441599409,0.0901869101461,0.993109358283
2018/10/02/14:08:01.318608,69104,1538482081,302985109,/world,vicon/IMUframe/IMUframe,-0.393046474716,-0.0975761227572,1.25454585372,0.0783593557007,-0.0122411328043,0.0896746438524,0.992808352247
2018/10/02/14:08:01.329129,69105,1538482081,313126699,/world,vicon/IMUframe/IMUframe,-0.392744921778,-0.0967178187239,1.25102144287,0.0823772481635,-0.0132958700934,0.0891723796887,0.992514733152
2018/10/02/14:08:01.339103,69106,1538482081,323198798,/world,vicon/IMUframe/IMUframe,-0.392274439907,-0.0959392245927,1.24804598697,0.0865651935542,-0.0145120450542,0.088736415272,0.992180284232
2018/10/02/14:08:01.349166,69107,1538482081,332993221,/world,vicon/IMUframe/IMUframe,-0.392020244722,-0.095204859903,1.24524794158,0.0898356561477,-0.0155594696816,0.0886067511342,0.991885225942
2018/10/02/14:08:01.358791,69108,1538482081,342938005,/world,vicon/IMUframe/IMUframe,-0.391608967331,-0.0945187720163,1.24279519726,0.0927853615967,-0.0165145404338,0.0887017807215,0.991589703821
2018/10/02/14:08:01.369052,69109,1538482081,353018384,/world,vicon/IMUframe/IMUframe,-0.39133704688,-0.0940169664748,1.24083359378,0.0953015369297,-0.0173100306093,0.0890288845337,0.991308144634
2018/10/02/14:08:01.379044,69110,1538482081,363013109,/world,vicon/IMUframe/IMUframe,-0.391024477556,-0.0936367677225,1.23921642961,0.097254746566,-0.0179057406129,0.0895786233766,0.991058307547
2018/10/02/14:08:01.389257,69111,1538482081,372991100,/world,vicon/IMUframe/IMUframe,-0.39079285749,-0.0931448189832,1.23791557532,0.0989392338059,-0.0184068540969,0.0907612525561,0.990774752792
2018/10/02/14:08:01.398822,69112,1538482081,382991060,/world,vicon/IMUframe/IMUframe,-0.390734830168,-0.0927051316094,1.23691737981,0.100041602099,-0.018743463327,0.0917315641555,0.990568362391
2018/10/02/14:08:01.409017,69113,1538482081,392940921,/world,vicon/IMUframe/IMUframe,-0.390547908905,-0.0923991917056,1.23626172786,0.100581033908,-0.0191427565231,0.0923506178101,0.990448572052
2018/10/02/14:08:01.418901,69114,1538482081,403042965,/world,vicon/IMUframe/IMUframe,-0.390397006166,-0.0919544218241,1.23580987866,0.101178475537,-0.0195843684762,0.0934081061212,0.990279907052
2018/10/02/14:08:01.429062,69115,1538482081,413020926,/world,vicon/IMUframe/IMUframe,-0.390402952857,-0.0915002802544,1.23563230228,0.100894141347,-0.0200295613866,0.093941302855,0.99024957487
2018/10/02/14:08:01.438903,69116,1538482081,422961062,/world,vicon/IMUframe/IMUframe,-0.39043314296,-0.0911513353279,1.23572952534,0.100132972467,-0.0204101971899,0.0941493245948,0.990299306449
2018/10/02/14:08:01.448760,69117,1538482081,432966146,/world,vicon/IMUframe/IMUframe,-0.390498114873,-0.0907736126332,1.23602254077,0.0992310045981,-0.0207555472226,0.0942407868215,0.99037421669
2018/10/02/14:08:01.458969,69118,1538482081,443096596,/world,vicon/IMUframe/IMUframe,-0.390622150923,-0.0904035669098,1.23652996153,0.0979575140247,-0.0210860704746,0.0939895954994,0.990517874153
2018/10/02/14:08:01.469109,69119,1538482081,453020056,/world,vicon/IMUframe/IMUframe,-0.390788509317,-0.0900724356594,1.23721422697,0.0964962137148,-0.0213609979014,0.0935345988952,0.99069847447
2018/10/02/14:08:01.478909,69120,1538482081,462977484,/world,vicon/IMUframe/IMUframe,-0.391026950841,-0.0897918472109,1.2380145348,0.0945263255967,-0.0216711480148,0.092489100858,0.990979768378
2018/10/02/14:08:01.488899,69121,1538482081,472970683,/world,vicon/IMUframe/IMUframe,-0.391159151645,-0.0894764814699,1.23903905954,0.0928307614738,-0.0220277701855,0.0915578214324,0.991218640058
2018/10/02/14:08:01.498834,69122,1538482081,483063734,/world,vicon/IMUframe/IMUframe,-0.391484265484,-0.0892331767694,1.23999778058,0.0907770154227,-0.022016999777,0.0903139273813,0.991523161461
2018/10/02/14:08:01.509089,69123,1538482081,493013090,/world,vicon/IMUframe/IMUframe,-0.391725452991,-0.0889404004837,1.24112644929,0.0890225514814,-0.0221216284528,0.0896050788503,0.991744195207
2018/10/02/14:08:01.518706,69124,1538482081,503016312,/world,vicon/IMUframe/IMUframe,-0.391930892334,-0.0886307141734,1.24233337396,0.0870648487937,-0.022228641584,0.088899157894,0.991979102262
2018/10/02/14:08:01.528815,69125,1538482081,512967797,/world,vicon/IMUframe/IMUframe,-0.392257768551,-0.0883239716026,1.2434204712,0.0849312189316,-0.0220678355768,0.0882668561519,0.992224098069
2018/10/02/14:08:01.538958,69126,1538482081,522939265,/world,vicon/IMUframe/IMUframe,-0.392516734629,-0.0881079434305,1.2446416087,0.0830602367933,-0.0219672056449,0.0877148405167,0.992433648005
2018/10/02/14:08:01.548964,69127,1538482081,533064150,/world,vicon/IMUframe/IMUframe,-0.392770767549,-0.0879172546801,1.24596246755,0.0811923164855,-0.0218977925413,0.0870348768211,0.992649598117
2018/10/02/14:08:01.558908,69128,1538482081,543039894,/world,vicon/IMUframe/IMUframe,-0.393024436892,-0.0877514907904,1.24720311045,0.0793029320815,-0.0219075423912,0.0864722993888,0.99285127083
2018/10/02/14:08:01.568736,69129,1538482081,552969277,/world,vicon/IMUframe/IMUframe,-0.393324863152,-0.0875959067814,1.24841975821,0.0775772938364,-0.0217320318098,0.0860193135514,0.993030795077
2018/10/02/14:08:01.578530,69130,1538482081,562942496,/world,vicon/IMUframe/IMUframe,-0.393499096961,-0.0874382074299,1.24977612064,0.076219563318,-0.0217140427886,0.085452037097,0.993185293825
2018/10/02/14:08:01.588908,69131,1538482081,573120520,/world,vicon/IMUframe/IMUframe,-0.393729619125,-0.0872819983968,1.25101734202,0.0748839657021,-0.0215376014042,0.085053210833,0.993324959282
2018/10/02/14:08:01.598673,69132,1538482081,583016515,/world,vicon/IMUframe/IMUframe,-0.393928943474,-0.0871388106441,1.25236487614,0.0736995891426,-0.0212265628863,0.0848661770056,0.993436226231
2018/10/02/14:08:01.608596,69133,1538482081,593000935,/world,vicon/IMUframe/IMUframe,-0.39407143071,-0.0870149472427,1.2537898422,0.0725339403438,-0.0209112144932,0.0846595190673,0.993546332306
2018/10/02/14:08:01.618711,69134,1538482081,603008084,/world,vicon/IMUframe/IMUframe,-0.394285690664,-0.0869164879939,1.25509168982,0.0711015616176,-0.0204057885884,0.0847113527022,0.993655955777
2018/10/02/14:08:01.628621,69135,1538482081,613035154,/world,vicon/IMUframe/IMUframe,-0.394432642738,-0.0868408591971,1.25648158347,0.0698057479676,-0.0198848398299,0.0848165034293,0.993749420851
2018/10/02/14:08:01.638725,69136,1538482081,623048911,/world,vicon/IMUframe/IMUframe,-0.394520904912,-0.0867958497644,1.25794741581,0.0685479919339,-0.0194635986124,0.0849442343699,0.993834401788
2018/10/02/14:08:01.649292,69137,1538482081,633037730,/world,vicon/IMUframe/IMUframe,-0.394701187841,-0.0867097548819,1.25935324264,0.0672380016632,-0.018881644874,0.0851450588923,0.993917931001
2018/10/02/14:08:01.658981,69138,1538482081,642962215,/world,vicon/IMUframe/IMUframe,-0.39484455064,-0.0866381581292,1.26075656947,0.0660622248014,-0.0182998377776,0.0853258506061,0.993992151684
2018/10/02/14:08:01.668517,69139,1538482081,652973649,/world,vicon/IMUframe/IMUframe,-0.395018231656,-0.0865450075069,1.26216193424,0.0647808165411,-0.0176624056238,0.0852505264747,0.994094478896
2018/10/02/14:08:01.678363,69140,1538482081,663003889,/world,vicon/IMUframe/IMUframe,-0.395136966203,-0.0864413021706,1.26355509891,0.0638514512819,-0.0170946322584,0.0852600382188,0.994163714687
2018/10/02/14:08:01.688445,69141,1538482081,673089491,/world,vicon/IMUframe/IMUframe,-0.395243461197,-0.0863126707672,1.2649556169,0.0627681230309,-0.0165362261571,0.0852136043609,0.994246125256
2018/10/02/14:08:01.698441,69142,1538482081,683065960,/world,vicon/IMUframe/IMUframe,-0.395319406269,-0.0861902545108,1.2663233841,0.0616603067999,-0.0160678628313,0.0850799885901,0.994334564365
2018/10/02/14:08:01.708414,69143,1538482081,693040725,/world,vicon/IMUframe/IMUframe,-0.395385606672,-0.0860652358394,1.26770515025,0.060361821693,-0.0155642640341,0.0848923932524,0.994438276483
2018/10/02/14:08:01.719464,69144,1538482081,703152393,/world,vicon/IMUframe/IMUframe,-0.395452963337,-0.085887529287,1.26915171106,0.0586903262658,-0.0151886491034,0.0847237700723,0.994558511766
2018/10/02/14:08:01.729119,69145,1538482081,713116937,/world,vicon/IMUframe/IMUframe,-0.395536358249,-0.0857429819553,1.270555289,0.0570144539712,-0.0147452244984,0.0845200615631,0.994679993559
2018/10/02/14:08:01.738892,69146,1538482081,723147302,/world,vicon/IMUframe/IMUframe,-0.395657551421,-0.085583102689,1.27196001086,0.0551993222575,-0.0143042810508,0.0842558580658,0.994811224679
2018/10/02/14:08:01.748718,69147,1538482081,732988272,/world,vicon/IMUframe/IMUframe,-0.395787381513,-0.0854323347219,1.27335336541,0.0534214364583,-0.013951566526,0.0839372610755,0.994940219371
2018/10/02/14:08:01.758572,69148,1538482081,742966729,/world,vicon/IMUframe/IMUframe,-0.395907340955,-0.0853556100141,1.27467050181,0.0516277989007,-0.013624758487,0.0835543944702,0.995071655461
2018/10/02/14:08:01.769305,69149,1538482081,753234201,/world,vicon/IMUframe/IMUframe,-0.396000095647,-0.0851244987465,1.2760334441,0.0499975403529,-0.0135197733365,0.0831232143865,0.995192440143
2018/10/02/14:08:01.778733,69150,1538482081,763033427,/world,vicon/IMUframe/IMUframe,-0.39604354142,-0.0849580337524,1.27731792484,0.0483831368274,-0.0131915965256,0.082726511019,0.995309689607
2018/10/02/14:08:01.788760,69151,1538482081,773008992,/world,vicon/IMUframe/IMUframe,-0.396153309298,-0.0846799684932,1.27870138443,0.0466875415601,-0.0128699553205,0.0823952224151,0.995422355102
2018/10/02/14:08:01.798537,69152,1538482081,782948840,/world,vicon/IMUframe/IMUframe,-0.396212188929,-0.0845189756519,1.28010807673,0.0452630924256,-0.0127004333234,0.0820424409858,0.995519457035
2018/10/02/14:08:01.808890,69153,1538482081,793045651,/world,vicon/IMUframe/IMUframe,-0.396273513552,-0.0843891356658,1.28157045502,0.0438171724829,-0.0125711894808,0.0817726034132,0.995607986068
2018/10/02/14:08:01.819036,69154,1538482081,802993638,/world,vicon/IMUframe/IMUframe,-0.396337845528,-0.0845295588126,1.28308506044,0.0418208091506,-0.0123965394359,0.0815904952687,0.99571097052
2018/10/02/14:08:01.828747,69155,1538482081,813006747,/world,vicon/IMUframe/IMUframe,-0.396396841197,-0.0844859934901,1.2847052016,0.0404127374846,-0.0124055448481,0.0815794143774,0.995769909294
2018/10/02/14:08:01.839274,69156,1538482081,822966955,/world,vicon/IMUframe/IMUframe,-0.396425698592,-0.0844453504852,1.28642626694,0.0390414375531,-0.0126224788008,0.081611432135,0.995819267401
2018/10/02/14:08:01.848777,69157,1538482081,832949811,/world,vicon/IMUframe/IMUframe,-0.396472934358,-0.0845417936908,1.2882558125,0.0378140390669,-0.0130243282777,0.0815247864938,0.995868552827
2018/10/02/14:08:01.859157,69158,1538482081,843089689,/world,vicon/IMUframe/IMUframe,-0.396574078027,-0.0847763329197,1.29008386616,0.0365338488738,-0.0135012592456,0.0814306288288,0.995917690662
2018/10/02/14:08:01.869095,69159,1538482081,853017054,/world,vicon/IMUframe/IMUframe,-0.396679829342,-0.0849988835058,1.29202474796,0.0352666623259,-0.0142158923709,0.081332345982,0.995961455293
2018/10/02/14:08:01.879213,69160,1538482081,863038677,/world,vicon/IMUframe/IMUframe,-0.396709202805,-0.0853063463319,1.29423965158,0.0342084464438,-0.015231613866,0.0811654075341,0.995996966236
2018/10/02/14:08:01.888903,69161,1538482081,872971553,/world,vicon/IMUframe/IMUframe,-0.396737148128,-0.0858334487507,1.29664454895,0.0331258684999,-0.0162789506412,0.0807962336117,0.996047007543
2018/10/02/14:08:01.899322,69162,1538482081,882986052,/world,vicon/IMUframe/IMUframe,-0.396876879111,-0.0863355062402,1.29927356549,0.0322478881903,-0.0172631164636,0.0808363110174,0.99605599709
2018/10/02/14:08:01.909054,69163,1538482081,893021748,/world,vicon/IMUframe/IMUframe,-0.39696579144,-0.0869036863332,1.30213732362,0.0315458890589,-0.0182779494975,0.0809657671079,0.996049857187
2018/10/02/14:08:01.918932,69164,1538482081,903082945,/world,vicon/IMUframe/IMUframe,-0.397091252365,-0.0875271685042,1.30524429801,0.0309274612286,-0.0193340573203,0.080815704353,0.996061498252
2018/10/02/14:08:01.928941,69165,1538482081,912981492,/world,vicon/IMUframe/IMUframe,-0.397259291313,-0.0883878609742,1.30867382298,0.030274301191,-0.0202180793465,0.0806978078129,0.996073571464
2018/10/02/14:08:01.938594,69166,1538482081,922943689,/world,vicon/IMUframe/IMUframe,-0.397257765549,-0.0893437017431,1.31237264912,0.0297726165211,-0.021202390012,0.0805133065247,0.996083157892
2018/10/02/14:08:01.949170,69167,1538482081,933095979,/world,vicon/IMUframe/IMUframe,-0.397374082361,-0.0902654629907,1.3163513256,0.0298175993079,-0.0218550307515,0.0804301543915,0.996074424261
2018/10/02/14:08:01.958913,69168,1538482081,943074159,/world,vicon/IMUframe/IMUframe,-0.397558021101,-0.0912247803906,1.32062795872,0.0299715622965,-0.0223720344321,0.0802573741865,0.996072262146
2018/10/02/14:08:01.968742,69169,1538482081,952975362,/world,vicon/IMUframe/IMUframe,-0.397622867757,-0.0923042623327,1.32521508973,0.0302074729801,-0.0228981759701,0.0800210060713,0.99607219653
2018/10/02/14:08:01.978673,69170,1538482081,962953659,/world,vicon/IMUframe/IMUframe,-0.397951957503,-0.0932185112176,1.32999733377,0.0306941985881,-0.0232328954052,0.080053504209,0.996046954319
2018/10/02/14:08:01.989224,69171,1538482081,973095973,/world,vicon/IMUframe/IMUframe,-0.39829360769,-0.0942261824106,1.3348454568,0.0307494718444,-0.0234333043841,0.0798932625197,0.996053420671
2018/10/02/14:08:01.998919,69172,1538482081,983024209,/world,vicon/IMUframe/IMUframe,-0.39858564105,-0.0953686121959,1.34015195249,0.0310830703611,-0.0229380578909,0.0798088378369,0.996061362387
2018/10/02/14:08:02.008841,69173,1538482081,993000089,/world,vicon/IMUframe/IMUframe,-0.398973435666,-0.0964839651845,1.34538940452,0.03141526446,-0.0229515933134,0.0796481847337,0.996063488033
2018/10/02/14:08:02.018868,69174,1538482082,2942553,/world,vicon/IMUframe/IMUframe,-0.39909417356,-0.0979082546151,1.35095942683,0.0316076395526,-0.0226348864045,0.078838163682,0.996129089519
2018/10/02/14:08:02.028846,69175,1538482082,12941208,/world,vicon/IMUframe/IMUframe,-0.39957085128,-0.0991177285812,1.35599999254,0.0319200603059,-0.0225093001953,0.0784138862418,0.996155461562
2018/10/02/14:08:02.041179,69176,1538482082,25041076,/world,vicon/IMUframe/IMUframe,-0.399891756409,-0.100278974901,1.36117196221,0.032707888661,-0.0224787740725,0.0780095642832,0.996162339489
2018/10/02/14:08:02.049324,69177,1538482082,33026255,/world,vicon/IMUframe/IMUframe,-0.399917703971,-0.101509664277,1.36626782608,0.0339193241803,-0.0227249897412,0.0770887297553,0.996187925059
2018/10/02/14:08:02.059085,69178,1538482082,42975080,/world,vicon/IMUframe/IMUframe,-0.400266415678,-0.102468795078,1.37128282473,0.0350244265397,-0.0226215497511,0.0764846436369,0.996198601846
2018/10/02/14:08:02.068814,69179,1538482082,52993653,/world,vicon/IMUframe/IMUframe,-0.400431801408,-0.103557062447,1.37621793884,0.0364189305093,-0.0224580283383,0.0760410516634,0.996186256142
2018/10/02/14:08:02.079332,69180,1538482082,63214833,/world,vicon/IMUframe/IMUframe,-0.400470506066,-0.104714224855,1.38105899428,0.0380932503396,-0.022391133792,0.0756674297189,0.996153593321
2018/10/02/14:08:02.089258,69181,1538482082,73067636,/world,vicon/IMUframe/IMUframe,-0.400442565083,-0.105918510073,1.38579968427,0.0400788434904,-0.0222084260498,0.0753809168389,0.996101495578
2018/10/02/14:08:02.098832,69182,1538482082,82995032,/world,vicon/IMUframe/IMUframe,-0.40034037547,-0.1071707858,1.39054698366,0.042605929909,-0.0222516780769,0.0752825185411,0.996003082305
2018/10/02/14:08:02.108849,69183,1538482082,92972076,/world,vicon/IMUframe/IMUframe,-0.400145105367,-0.108500471744,1.39528914531,0.0456080426615,-0.0223930495142,0.0752567200485,0.995868908976
2018/10/02/14:08:02.118714,69184,1538482082,102963409,/world,vicon/IMUframe/IMUframe,-0.399909836846,-0.109617813023,1.39983185932,0.048860670772,-0.0224266874135,0.0751875454372,0.995719092694
2018/10/02/14:08:02.128621,69185,1538482082,113015311,/world,vicon/IMUframe/IMUframe,-0.399514022452,-0.111087253267,1.40443100623,0.0520124710477,-0.0227657826959,0.0756483697071,0.995516823642
2018/10/02/14:08:02.139184,69186,1538482082,123025095,/world,vicon/IMUframe/IMUframe,-0.399108493516,-0.112251788469,1.40908525151,0.0551775604398,-0.0231627833775,0.0760177901369,0.995309106696
2018/10/02/14:08:02.148884,69187,1538482082,132998131,/world,vicon/IMUframe/IMUframe,-0.398694023024,-0.113221337787,1.4136069013,0.0583316536155,-0.0235550864957,0.0760984206646,0.995113866077
2018/10/02/14:08:02.158962,69188,1538482082,142940802,/world,vicon/IMUframe/IMUframe,-0.398228019181,-0.113902551363,1.41817854817,0.0618641544718,-0.0241234976085,0.0771831149957,0.994803322277
2018/10/02/14:08:02.169098,69189,1538482082,153002401,/world,vicon/IMUframe/IMUframe,-0.397629796566,-0.114947178354,1.42271812433,0.0639920261549,-0.0247318989366,0.0777197235561,0.994611983808
2018/10/02/14:08:02.178768,69190,1538482082,162988656,/world,vicon/IMUframe/IMUframe,-0.397089110943,-0.11590974579,1.42730153005,0.0653560594413,-0.025352592227,0.0786822972133,0.994431962312
2018/10/02/14:08:02.188806,69191,1538482082,173004109,/world,vicon/IMUframe/IMUframe,-0.396437271862,-0.116632196843,1.43180301551,0.0660130954906,-0.0262389097041,0.079181830497,0.994325916669
2018/10/02/14:08:02.198781,69192,1538482082,182976336,/world,vicon/IMUframe/IMUframe,-0.395800706292,-0.11719836404,1.43631480962,0.066185466235,-0.0271845236052,0.0797834271465,0.994240961985
2018/10/02/14:08:02.209011,69193,1538482082,192951739,/world,vicon/IMUframe/IMUframe,-0.395162475595,-0.117705289254,1.44081266177,0.0654413524458,-0.0279737932146,0.080468989038,0.994213074792
2018/10/02/14:08:02.219301,69194,1538482082,203172627,/world,vicon/IMUframe/IMUframe,-0.394598681985,-0.118117205811,1.44519193837,0.0640549866982,-0.0284678087713,0.0812082894935,0.994229227221
2018/10/02/14:08:02.229185,69195,1538482082,213115441,/world,vicon/IMUframe/IMUframe,-0.393959174848,-0.118325170384,1.44956258944,0.0620858701978,-0.0286161733459,0.0813887197492,0.994335122402
2018/10/02/14:08:02.238641,69196,1538482082,222997740,/world,vicon/IMUframe/IMUframe,-0.393382613235,-0.118559549824,1.45374289637,0.0594696202896,-0.0285316818656,0.0816711652589,0.994474297384
2018/10/02/14:08:02.248713,69197,1538482082,232974551,/world,vicon/IMUframe/IMUframe,-0.392863019261,-0.118677933388,1.45792830913,0.0565896461366,-0.0278016262317,0.0816938209053,0.994661148912
2018/10/02/14:08:02.259382,69198,1538482082,243242063,/world,vicon/IMUframe/IMUframe,-0.392566843736,-0.118816721081,1.46203204769,0.0532149505805,-0.0265007172404,0.0819391960271,0.99486272881
2018/10/02/14:08:02.269152,69199,1538482082,253133264,/world,vicon/IMUframe/IMUframe,-0.392246233094,-0.118875363055,1.46566011264,0.049523473488,-0.0255613891993,0.0815730660918,0.995107971953
2018/10/02/14:08:02.279069,69200,1538482082,263010556,/world,vicon/IMUframe/IMUframe,-0.391920013766,-0.118763193596,1.46909011661,0.0457245792138,-0.024317566714,0.0807054694143,0.995391654582
2018/10/02/14:08:02.288955,69201,1538482082,272988208,/world,vicon/IMUframe/IMUframe,-0.391619613493,-0.118610312179,1.47233063498,0.041880803313,-0.0227010707152,0.0795005095818,0.995695901708
2018/10/02/14:08:02.299187,69202,1538482082,283071093,/world,vicon/IMUframe/IMUframe,-0.391397961175,-0.118361445484,1.47542777439,0.0380689045595,-0.0209855436967,0.0777517604761,0.99602461275
2018/10/02/14:08:02.309195,69203,1538482082,293084030,/world,vicon/IMUframe/IMUframe,-0.391116841627,-0.11801305543,1.47832151111,0.0345218167343,-0.0192894518549,0.0758109919388,0.996337721216
2018/10/02/14:08:02.318990,69204,1538482082,303008150,/world,vicon/IMUframe/IMUframe,-0.390890507538,-0.117706517973,1.48105828998,0.0311015753923,-0.0175923675448,0.0736660251248,0.996642622686
2018/10/02/14:08:02.329284,69205,1538482082,313006911,/world,vicon/IMUframe/IMUframe,-0.390755700282,-0.117354896689,1.48339490598,0.0276366357929,-0.0157228603791,0.0714971254094,0.996933884007
2018/10/02/14:08:02.338854,69206,1538482082,322984653,/world,vicon/IMUframe/IMUframe,-0.390609783904,-0.117093889612,1.48568429073,0.0245374535129,-0.0140192353096,0.0693240629911,0.997193837078
2018/10/02/14:08:02.349042,69207,1538482082,333070009,/world,vicon/IMUframe/IMUframe,-0.390555347683,-0.116815751882,1.48772081211,0.0216316785463,-0.0123734993183,0.0670941276746,0.997435383887
2018/10/02/14:08:02.359166,69208,1538482082,343045626,/world,vicon/IMUframe/IMUframe,-0.390427074873,-0.116540326077,1.48959923622,0.0191707009867,-0.0109063139277,0.0648769852774,0.997649494222
2018/10/02/14:08:02.369005,69209,1538482082,352988501,/world,vicon/IMUframe/IMUframe,-0.390283772003,-0.116340726785,1.49131423718,0.0170813755835,-0.00960712653378,0.0628240827984,0.997832182458
2018/10/02/14:08:02.379031,69210,1538482082,363020890,/world,vicon/IMUframe/IMUframe,-0.390136725948,-0.116110189228,1.49284634447,0.0154575691862,-0.00862701278278,0.0610869780647,0.997975460278
2018/10/02/14:08:02.389591,69211,1538482082,373182225,/world,vicon/IMUframe/IMUframe,-0.389980769513,-0.115896264633,1.49419733558,0.014292390708,-0.00788702413709,0.0596245364804,0.998087389494
2018/10/02/14:08:02.399531,69212,1538482082,383111516,/world,vicon/IMUframe/IMUframe,-0.389763848006,-0.11571243424,1.49542278626,0.0136202161289,-0.00759983740781,0.058528004677,0.998163916826
2018/10/02/14:08:02.409237,69213,1538482082,393058287,/world,vicon/IMUframe/IMUframe,-0.389565901189,-0.115502536315,1.49657115945,0.0132673394328,-0.00762850407072,0.057704399333,0.998216402354
2018/10/02/14:08:02.418766,69214,1538482082,402988187,/world,vicon/IMUframe/IMUframe,-0.389290899674,-0.115307992343,1.49756888094,0.0133138972041,-0.0080427948715,0.057309313828,0.998235290971
2018/10/02/14:08:02.428997,69215,1538482082,413320634,/world,vicon/IMUframe/IMUframe,-0.388953829224,-0.115157215626,1.49854288358,0.0136348039944,-0.00871783060911,0.057284478762,0.998226717756
2018/10/02/14:08:02.438925,69216,1538482082,423043788,/world,vicon/IMUframe/IMUframe,-0.388597108491,-0.114977857742,1.49941398452,0.0143018790208,-0.00959506256745,0.0575964321984,0.998191385471
2018/10/02/14:08:02.448937,69217,1538482082,433004233,/world,vicon/IMUframe/IMUframe,-0.388191775167,-0.114820780587,1.50023862244,0.0150975016906,-0.010681607773,0.0582027034194,0.99813346503
2018/10/02/14:08:02.458842,69218,1538482082,442977193,/world,vicon/IMUframe/IMUframe,-0.387745126579,-0.114662777589,1.50099784816,0.0160583915438,-0.0118470428984,0.0590004577159,0.998058476055
2018/10/02/14:08:02.469002,69219,1538482082,453040294,/world,vicon/IMUframe/IMUframe,-0.387262720847,-0.114468799799,1.50174136979,0.0171107532599,-0.0129408048422,0.0599673025065,0.997969779263
2018/10/02/14:08:02.479021,69220,1538482082,463104089,/world,vicon/IMUframe/IMUframe,-0.386755849035,-0.114308843517,1.50248194833,0.0181757699986,-0.013904781542,0.0610952736896,0.997869563604
2018/10/02/14:08:02.489127,69221,1538482082,473019474,/world,vicon/IMUframe/IMUframe,-0.38626382598,-0.114067772033,1.50316840596,0.0191880438043,-0.0147089753522,0.0622921125543,0.997765081436
2018/10/02/14:08:02.498800,69222,1538482082,482980047,/world,vicon/IMUframe/IMUframe,-0.385764583916,-0.113811679962,1.50387327093,0.0199251240967,-0.0153104962292,0.0635753044199,0.997660643106
2018/10/02/14:08:02.508964,69223,1538482082,492950746,/world,vicon/IMUframe/IMUframe,-0.385111977329,-0.11370171241,1.50454554827,0.0202715934923,-0.0157727437632,0.0647258133271,0.997572479643
2018/10/02/14:08:02.519408,69224,1538482082,503396448,/world,vicon/IMUframe/IMUframe,-0.384603543703,-0.113551441966,1.50532386158,0.0203275145344,-0.0159922660763,0.066052853418,0.997480857026
2018/10/02/14:08:02.529133,69225,1538482082,513026565,/world,vicon/IMUframe/IMUframe,-0.384195100264,-0.113315373511,1.50607841914,0.0201330984572,-0.0160619959805,0.0670536685256,0.997416901887
2018/10/02/14:08:02.538598,69226,1538482082,523031063,/world,vicon/IMUframe/IMUframe,-0.383743274419,-0.113119719448,1.50685410605,0.0197548517976,-0.0160005137022,0.0679891191241,0.997362125345
2018/10/02/14:08:02.548718,69227,1538482082,532966639,/world,vicon/IMUframe/IMUframe,-0.383358484928,-0.112897334793,1.50759249828,0.0192334445603,-0.0157858991287,0.0686139960874,0.997332943174
2018/10/02/14:08:02.558803,69228,1538482082,543140204,/world,vicon/IMUframe/IMUframe,-0.3829776758,-0.112606796744,1.50827344728,0.0185923165402,-0.0156325965078,0.0689684173699,0.997323069571
2018/10/02/14:08:02.568788,69229,1538482082,553035842,/world,vicon/IMUframe/IMUframe,-0.382606980664,-0.112301283265,1.50896169247,0.017984919119,-0.0153228273892,0.0690948975112,0.997330260637
2018/10/02/14:08:02.578902,69230,1538482082,563044923,/world,vicon/IMUframe/IMUframe,-0.382258852176,-0.112026361108,1.50961546037,0.017343414246,-0.0149807806987,0.0691334622576,0.997344146515
2018/10/02/14:08:02.588897,69231,1538482082,573056962,/world,vicon/IMUframe/IMUframe,-0.382110381367,-0.11161399365,1.51029011893,0.0167469794344,-0.0146292304121,0.0688277530939,0.99738070199
2018/10/02/14:08:02.599149,69232,1538482082,583023478,/world,vicon/IMUframe/IMUframe,-0.381883206444,-0.111245173638,1.5109164306,0.0160772169249,-0.0142275501559,0.0683889104089,0.997427720111
2018/10/02/14:08:02.608996,69233,1538482082,593060693,/world,vicon/IMUframe/IMUframe,-0.381648512746,-0.110872540424,1.51149504231,0.0153869464998,-0.0139879301445,0.0677596055036,0.997484945024
2018/10/02/14:08:02.619080,69234,1538482082,603001791,/world,vicon/IMUframe/IMUframe,-0.381412117515,-0.110567392021,1.51208006479,0.0145570837421,-0.0138938861084,0.0670808079545,0.997544593713
2018/10/02/14:08:02.628932,69235,1538482082,612961941,/world,vicon/IMUframe/IMUframe,-0.381183799148,-0.110206142892,1.51265491527,0.0137726228195,-0.0139034112448,0.0663424809358,0.997604974546
2018/10/02/14:08:02.638794,69236,1538482082,622979496,/world,vicon/IMUframe/IMUframe,-0.380926816809,-0.109875726864,1.51326670914,0.0127193392974,-0.0139617905617,0.0660068273931,0.99764040894
2018/10/02/14:08:02.649391,69237,1538482082,633375954,/world,vicon/IMUframe/IMUframe,-0.380701759043,-0.109548720282,1.51383518798,0.0119120405812,-0.0140040490787,0.0654343054906,0.997687496947
2018/10/02/14:08:02.659199,69238,1538482082,643046169,/world,vicon/IMUframe/IMUframe,-0.380534547049,-0.109225424564,1.51440633605,0.011088105211,-0.0141210230789,0.0646263498315,0.997748007033
2018/10/02/14:08:02.669047,69239,1538482082,652997033,/world,vicon/IMUframe/IMUframe,-0.380252982008,-0.10888372507,1.51497224097,0.0103992926176,-0.0142655275092,0.0642431531844,0.997778114967
2018/10/02/14:08:02.679134,69240,1538482082,662966006,/world,vicon/IMUframe/IMUframe,-0.380024931656,-0.108617763244,1.51548218464,0.0096612824853,-0.0143893906267,0.0639357430877,0.997803500602
2018/10/02/14:08:02.689398,69241,1538482082,673059725,/world,vicon/IMUframe/IMUframe,-0.379793247937,-0.108351513045,1.51595598434,0.00902792940958,-0.0146078643873,0.063666566208,0.997823468924
2018/10/02/14:08:02.699242,69242,1538482082,683046265,/world,vicon/IMUframe/IMUframe,-0.379568769293,-0.108121124811,1.51641678698,0.00845052458912,-0.0147984768907,0.0636327136282,0.997827876676
2018/10/02/14:08:02.709353,69243,1538482082,693036425,/world,vicon/IMUframe/IMUframe,-0.379316780936,-0.107932160022,1.51686575682,0.00787524233943,-0.0149374369281,0.0637360880709,0.997823914633
2018/10/02/14:08:02.718932,69244,1538482082,703003524,/world,vicon/IMUframe/IMUframe,-0.379010706612,-0.107779591577,1.51723236726,0.00757967835711,-0.0150982164925,0.0641532510023,0.997797049866
2018/10/02/14:08:02.729153,69245,1538482082,713317772,/world,vicon/IMUframe/IMUframe,-0.378719510652,-0.107633949737,1.517590786,0.00728424491022,-0.0153447140945,0.0643353982934,0.997783762171
2018/10/02/14:08:02.738759,69246,1538482082,723074865,/world,vicon/IMUframe/IMUframe,-0.378374065397,-0.10753874846,1.51792717089,0.00714232261248,-0.0154885533993,0.0647567748632,0.997755306701
2018/10/02/14:08:02.748991,69247,1538482082,732981735,/world,vicon/IMUframe/IMUframe,-0.378033861044,-0.107402446012,1.51822583921,0.00717152638501,-0.0156161422085,0.0650764929398,0.997732306472
2018/10/02/14:08:02.758825,69248,1538482082,742995569,/world,vicon/IMUframe/IMUframe,-0.377651909879,-0.107203364872,1.51851320172,0.00740638554168,-0.0156256326086,0.0654295753147,0.997707349744
2018/10/02/14:08:02.769365,69249,1538482082,752961757,/world,vicon/IMUframe/IMUframe,-0.377272286147,-0.107009774039,1.51871726695,0.00790987055884,-0.0153943374291,0.0661806547799,0.997657541071
2018/10/02/14:08:02.779372,69250,1538482082,763208176,/world,vicon/IMUframe/IMUframe,-0.376882428455,-0.106851946797,1.51895216994,0.00830030893218,-0.0149831017006,0.0662376824954,0.997656845289
2018/10/02/14:08:02.789007,69251,1538482082,773062731,/world,vicon/IMUframe/IMUframe,-0.376605664377,-0.106921993606,1.51912875811,0.00840878815095,-0.0145043365553,0.0669844975586,0.997613148264
2018/10/02/14:08:02.798852,69252,1538482082,782998700,/world,vicon/IMUframe/IMUframe,-0.376287186595,-0.10686845004,1.51929911745,0.00861559779395,-0.0138636420725,0.0672764019216,0.997600850364
2018/10/02/14:08:02.808785,69253,1538482082,792974144,/world,vicon/IMUframe/IMUframe,-0.376002267774,-0.106811704354,1.51945650347,0.00871004670052,-0.0131704359893,0.0674520072566,0.997597564862
2018/10/02/14:08:02.818851,69254,1538482082,803034862,/world,vicon/IMUframe/IMUframe,-0.375662392174,-0.106713258665,1.51965181026,0.00879858274607,-0.0124477272968,0.0671697336042,0.997625112913
2018/10/02/14:08:02.829014,69255,1538482082,813026439,/world,vicon/IMUframe/IMUframe,-0.3754485474,-0.106816834878,1.51977170991,0.00872053632217,-0.0116856425324,0.0675027654074,0.997612537345
2018/10/02/14:08:02.838952,69256,1538482082,823003130,/world,vicon/IMUframe/IMUframe,-0.375175766435,-0.106821397255,1.51989411483,0.00874171559259,-0.0109992328173,0.0673048816433,0.997633525997
2018/10/02/14:08:02.848921,69257,1538482082,833004118,/world,vicon/IMUframe/IMUframe,-0.37490516816,-0.10679718742,1.52000828974,0.0088722987485,-0.0102712724004,0.0671275112105,0.997652083903
2018/10/02/14:08:02.858828,69258,1538482082,842996875,/world,vicon/IMUframe/IMUframe,-0.374646138656,-0.106758526824,1.52007324744,0.00901902732662,-0.0096413586451,0.0668945825349,0.997672699926
2018/10/02/14:08:02.869148,69259,1538482082,853024855,/world,vicon/IMUframe/IMUframe,-0.374358666166,-0.106805928782,1.52017815394,0.00915084164936,-0.0089733203426,0.0668708238172,0.997679324503
2018/10/02/14:08:02.879003,69260,1538482082,863218718,/world,vicon/IMUframe/IMUframe,-0.374151249964,-0.106772978001,1.52026006096,0.0092121396413,-0.00846908314505,0.0666457827414,0.997698226297
2018/10/02/14:08:02.888829,69261,1538482082,872987447,/world,vicon/IMUframe/IMUframe,-0.373942787616,-0.10676180372,1.52031737298,0.00922943888892,-0.00807897299255,0.0665862610616,0.997705275866
2018/10/02/14:08:02.899025,69262,1538482082,882973256,/world,vicon/IMUframe/IMUframe,-0.373786520854,-0.106643748747,1.52033656393,0.00927496326376,-0.00789944987295,0.0663894369699,0.997719407653
2018/10/02/14:08:02.909341,69263,1538482082,893164212,/world,vicon/IMUframe/IMUframe,-0.373592950998,-0.10660951025,1.52037455317,0.00922333009418,-0.00773632631573,0.0664625110676,0.997716299386
2018/10/02/14:08:02.919321,69264,1538482082,903133378,/world,vicon/IMUframe/IMUframe,-0.373383862377,-0.106550237308,1.52040213045,0.00916102416468,-0.00767168573626,0.0666386074207,0.997705626362
2018/10/02/14:08:02.929079,69265,1538482082,913002895,/world,vicon/IMUframe/IMUframe,-0.373211179952,-0.106501063219,1.52044826355,0.00898757724965,-0.00764420394664,0.0667989895722,0.997696689677
2018/10/02/14:08:02.939011,69266,1538482082,922963157,/world,vicon/IMUframe/IMUframe,-0.373039116375,-0.106444292651,1.52048111626,0.00875644968668,-0.00770651348789,0.067027737197,0.997682923922
2018/10/02/14:08:02.949041,69267,1538482082,932992890,/world,vicon/IMUframe/IMUframe,-0.372904997723,-0.106384315286,1.52050309717,0.008459464163,-0.00775022220583,0.0673577303722,0.997662922876
2018/10/02/14:08:02.958948,69268,1538482082,943009927,/world,vicon/IMUframe/IMUframe,-0.372812038044,-0.106329851013,1.52052982359,0.00807665086767,-0.00786133185555,0.0675702319576,0.997650856224
2018/10/02/14:08:02.968983,69269,1538482082,952996782,/world,vicon/IMUframe/IMUframe,-0.372732012715,-0.106268372779,1.52054178236,0.00767387893373,-0.00806436790946,0.0677509803735,0.997640156675
2018/10/02/14:08:02.978930,69270,1538482082,962966310,/world,vicon/IMUframe/IMUframe,-0.372663965409,-0.106244265756,1.5205715828,0.00723827742856,-0.00830197854336,0.0678870876589,0.997632210698
2018/10/02/14:08:02.989070,69271,1538482082,973019317,/world,vicon/IMUframe/IMUframe,-0.372601348353,-0.106229676143,1.52059905112,0.00682504668531,-0.00858028743563,0.0680342393314,0.997622744169
2018/10/02/14:08:02.999036,69272,1538482082,983228346,/world,vicon/IMUframe/IMUframe,-0.372552997732,-0.106218769175,1.52060922355,0.00646696677102,-0.00886867671989,0.0681243102951,0.997616461001
2018/10/02/14:08:03.008986,69273,1538482082,993056692,/world,vicon/IMUframe/IMUframe,-0.372515736835,-0.106199199781,1.52061848132,0.00624384043549,-0.00912295889023,0.0682018096977,0.997610294269
2018/10/02/14:08:03.018932,69274,1538482083,2987291,/world,vicon/IMUframe/IMUframe,-0.372491086019,-0.10615076336,1.52060710455,0.00613866047367,-0.00937287371423,0.0681195349537,0.997614251624
2018/10/02/14:08:03.028759,69275,1538482083,12971556,/world,vicon/IMUframe/IMUframe,-0.372456883102,-0.106122846306,1.52058205751,0.00612403167095,-0.00962372226087,0.0680643516119,0.997615719727
2018/10/02/14:08:03.039078,69276,1538482083,23091659,/world,vicon/IMUframe/IMUframe,-0.37242318009,-0.106090987221,1.52054648976,0.00622115956648,-0.00980549842331,0.0679775947379,0.997619264042
2018/10/02/14:08:03.049268,69277,1538482083,33146594,/world,vicon/IMUframe/IMUframe,-0.372374890382,-0.106023344802,1.52049888997,0.00640011466717,-0.00999315958276,0.0679053992252,0.997621186648
2018/10/02/14:08:03.059147,69278,1538482083,43014770,/world,vicon/IMUframe/IMUframe,-0.372346339626,-0.105959917657,1.52044321746,0.00659850992871,-0.0100985667858,0.0678345646182,0.997623651714
2018/10/02/14:08:03.069022,69279,1538482083,52974484,/world,vicon/IMUframe/IMUframe,-0.372329112782,-0.105882431746,1.52039853709,0.00674398723688,-0.0101685287113,0.0677607521521,0.997626984463
2018/10/02/14:08:03.078896,69280,1538482083,63119512,/world,vicon/IMUframe/IMUframe,-0.372314355529,-0.10580894878,1.52032950791,0.00679187100639,-0.0102377309925,0.0677260960473,0.997628305165
2018/10/02/14:08:03.088947,69281,1538482083,73049256,/world,vicon/IMUframe/IMUframe,-0.372282184311,-0.105787574286,1.52028782394,0.00672749057154,-0.0102232595043,0.0678452253344,0.99762079531
2018/10/02/14:08:03.098955,69282,1538482083,83018117,/world,vicon/IMUframe/IMUframe,-0.372219911384,-0.105733964989,1.52023931966,0.00666471802467,-0.0102394485379,0.0680581785764,0.997606545466
2018/10/02/14:08:03.108764,69283,1538482083,92976620,/world,vicon/IMUframe/IMUframe,-0.372172690981,-0.105705761032,1.52018722004,0.00650632679628,-0.0101856019863,0.0682415291977,0.997595616929
2018/10/02/14:08:03.118968,69284,1538482083,103054868,/world,vicon/IMUframe/IMUframe,-0.372104259198,-0.10569491109,1.52015149061,0.00634624438555,-0.0100747821306,0.0684981956069,0.997580182815
2018/10/02/14:08:03.128720,69285,1538482083,112972993,/world,vicon/IMUframe/IMUframe,-0.372065963584,-0.105674718507,1.52011560533,0.00616186252471,-0.00987752603287,0.0687313007723,0.997567278044
2018/10/02/14:08:03.139239,69286,1538482083,123038976,/world,vicon/IMUframe/IMUframe,-0.37205410485,-0.105652606683,1.52006875002,0.00598650119933,-0.00968812812794,0.0688897893967,0.997559270867
2018/10/02/14:08:03.148948,69287,1538482083,133000614,/world,vicon/IMUframe/IMUframe,-0.37205408643,-0.105646564656,1.5200150858,0.00580590230634,-0.00948671233886,0.0690025894895,0.997554477926
2018/10/02/14:08:03.158909,69288,1538482083,143000210,/world,vicon/IMUframe/IMUframe,-0.372088019451,-0.105628441416,1.51993329103,0.00564005416107,-0.00930960768533,0.068947760878,0.997560889001
2018/10/02/14:08:03.169502,69289,1538482083,153213696,/world,vicon/IMUframe/IMUframe,-0.372139387509,-0.10559940371,1.51984350106,0.00554615405565,-0.00916399507013,0.0688046175733,0.997572646964
2018/10/02/14:08:03.179093,69290,1538482083,163041971,/world,vicon/IMUframe/IMUframe,-0.372218511478,-0.105566039392,1.51974159785,0.00554833771113,-0.00907635206169,0.0685334454682,0.997592102331
2018/10/02/14:08:03.189107,69291,1538482083,173054096,/world,vicon/IMUframe/IMUframe,-0.372300672669,-0.10553035767,1.51961327339,0.00561325573623,-0.00903138022992,0.0682212201136,0.997613547752
2018/10/02/14:08:03.198851,69292,1538482083,182961250,/world,vicon/IMUframe/IMUframe,-0.372406668809,-0.105491271794,1.51946435236,0.00576291632611,-0.00905089327369,0.0679145665245,0.997633440588
2018/10/02/14:08:03.208750,69293,1538482083,192958358,/world,vicon/IMUframe/IMUframe,-0.372537344914,-0.105423835771,1.51931660883,0.00598298958686,-0.00910588844593,0.0675685952362,0.997655136592
2018/10/02/14:08:03.218994,69294,1538482083,203121116,/world,vicon/IMUframe/IMUframe,-0.372690303917,-0.105371743344,1.51913908133,0.00627832250521,-0.00920129330028,0.0673166509919,0.997669478017
2018/10/02/14:08:03.229048,69295,1538482083,213086479,/world,vicon/IMUframe/IMUframe,-0.372818421081,-0.105398095141,1.51897778771,0.00654428728922,-0.00934320530398,0.0673040579657,0.997667299554
2018/10/02/14:08:03.238792,69296,1538482083,223035809,/world,vicon/IMUframe/IMUframe,-0.372953531602,-0.105403111256,1.51880099568,0.00674748975287,-0.00960780595687,0.0672915727209,0.997664275038
2018/10/02/14:08:03.248630,69297,1538482083,232962827,/world,vicon/IMUframe/IMUframe,-0.373088162087,-0.1054000489,1.51862566461,0.00697983131926,-0.00993341992584,0.0673630303163,0.997654665338
2018/10/02/14:08:03.258921,69298,1538482083,243094340,/world,vicon/IMUframe/IMUframe,-0.373195745647,-0.105417298715,1.51846115487,0.0072572791569,-0.0102599184878,0.0676155794717,0.997632296683
2018/10/02/14:08:03.269021,69299,1538482083,253064639,/world,vicon/IMUframe/IMUframe,-0.373312019363,-0.105422632239,1.5182804791,0.00755183244609,-0.0106239744955,0.0679206177319,0.997605578713
2018/10/02/14:08:03.278672,69300,1538482083,263042438,/world,vicon/IMUframe/IMUframe,-0.373435677626,-0.10538644016,1.51808383319,0.00788882388664,-0.0110500250334,0.0681801843913,0.99758063627
2018/10/02/14:08:03.288790,69301,1538482083,272993986,/world,vicon/IMUframe/IMUframe,-0.373580586079,-0.105370234554,1.51791719129,0.00814107634119,-0.0114543015132,0.0684427444068,0.997556069898
2018/10/02/14:08:03.298949,69302,1538482083,283112977,/world,vicon/IMUframe/IMUframe,-0.373699820254,-0.105206723508,1.51773172696,0.0084579006569,-0.0119390396494,0.0681422457643,0.997568322267
2018/10/02/14:08:03.309177,69303,1538482083,293113909,/world,vicon/IMUframe/IMUframe,-0.373923353343,-0.105308890038,1.5175334775,0.00851806949403,-0.012359918461,0.0686359396204,0.997528838029
2018/10/02/14:08:03.318774,69304,1538482083,303019055,/world,vicon/IMUframe/IMUframe,-0.374123211893,-0.105241163246,1.51736087915,0.00868387337707,-0.012800300088,0.0685234606532,0.997529587532
2018/10/02/14:08:03.328732,69305,1538482083,313011568,/world,vicon/IMUframe/IMUframe,-0.374297479436,-0.105152537482,1.51716090291,0.00882672600627,-0.0133294093685,0.0683690341923,0.997531999947
2018/10/02/14:08:03.338908,69306,1538482083,323002486,/world,vicon/IMUframe/IMUframe,-0.374482580399,-0.105068052489,1.51697595425,0.0089107144231,-0.0138233162473,0.0681752576794,0.997537793438
2018/10/02/14:08:03.349248,69307,1538482083,333095698,/world,vicon/IMUframe/IMUframe,-0.374603118942,-0.104872919194,1.5168422757,0.00910867688754,-0.0141693497044,0.06754388618,0.997574099992
2018/10/02/14:08:03.359131,69308,1538482083,343089313,/world,vicon/IMUframe/IMUframe,-0.374777534551,-0.104769823765,1.51668708344,0.00914256758075,-0.0144653931515,0.0672763647189,0.997587618512
2018/10/02/14:08:03.369145,69309,1538482083,352994675,/world,vicon/IMUframe/IMUframe,-0.37497138438,-0.104790534101,1.51651361906,0.00899808415854,-0.0147416121352,0.0674681017227,0.997571939563
2018/10/02/14:08:03.378714,69310,1538482083,362976401,/world,vicon/IMUframe/IMUframe,-0.375150707917,-0.104676075856,1.51636573087,0.00889022485647,-0.014872158689,0.0671724355985,0.997590921517
2018/10/02/14:08:03.389444,69311,1538482083,373197848,/world,vicon/IMUframe/IMUframe,-0.375277765054,-0.104634915154,1.51625906718,0.00876368197383,-0.014901421951,0.0670131591487,0.997602316559
2018/10/02/14:08:03.398971,69312,1538482083,383075657,/world,vicon/IMUframe/IMUframe,-0.375382488893,-0.104594561661,1.51615509848,0.00869477667439,-0.0147950469108,0.0669922762977,0.997605905336
2018/10/02/14:08:03.409107,69313,1538482083,392998944,/world,vicon/IMUframe/IMUframe,-0.375462401795,-0.104571992476,1.51605966457,0.00870643984879,-0.0145967544914,0.0669820217584,0.99760941326
2018/10/02/14:08:03.419062,69314,1538482083,403023645,/world,vicon/IMUframe/IMUframe,-0.375514389561,-0.104533201154,1.5159693575,0.00882593625349,-0.0142980754228,0.0669809171487,0.997612762863
2018/10/02/14:08:03.429013,69315,1538482083,413019325,/world,vicon/IMUframe/IMUframe,-0.375554061892,-0.104508507005,1.51589351142,0.00903400839729,-0.0138888294569,0.0670534394867,0.997611809955
2018/10/02/14:08:03.439078,69316,1538482083,423035529,/world,vicon/IMUframe/IMUframe,-0.375533806395,-0.104347090402,1.51583005867,0.00936190911783,-0.0134345741227,0.0666188311517,0.99764412403
2018/10/02/14:08:03.449037,69317,1538482083,433015700,/world,vicon/IMUframe/IMUframe,-0.375558922394,-0.104298976236,1.51574283921,0.00960515507873,-0.0129192537037,0.0666046426936,0.997649565454
2018/10/02/14:08:03.458980,69318,1538482083,442969126,/world,vicon/IMUframe/IMUframe,-0.375632352976,-0.104367745928,1.51563520157,0.00976063367045,-0.0124507033696,0.0669778077483,0.997629030895
2018/10/02/14:08:03.468755,69319,1538482083,452947103,/world,vicon/IMUframe/IMUframe,-0.375657605558,-0.104307621946,1.51552691962,0.00993927523653,-0.0120050508567,0.0669306286822,0.997635895759
2018/10/02/14:08:03.478887,69320,1538482083,463071678,/world,vicon/IMUframe/IMUframe,-0.375649060132,-0.104291935671,1.51545054258,0.0100205566926,-0.0116866729832,0.0669322674965,0.9976387531
2018/10/02/14:08:03.488945,69321,1538482083,473110869,/world,vicon/IMUframe/IMUframe,-0.375680352695,-0.10422998507,1.51536374465,0.0100264524236,-0.0114465909921,0.0668836633911,0.997644737057
2018/10/02/14:08:03.498652,69322,1538482083,482987329,/world,vicon/IMUframe/IMUframe,-0.375689823765,-0.104185831786,1.51525950061,0.00998826838388,-0.0113083925659,0.066818917489,0.99765103469
2018/10/02/14:08:03.508521,69323,1538482083,492975385,/world,vicon/IMUframe/IMUframe,-0.375692554867,-0.104148850606,1.51516088677,0.0099528536578,-0.0112048708055,0.0668233854841,0.997652257416
2018/10/02/14:08:03.518996,69324,1538482083,503122519,/world,vicon/IMUframe/IMUframe,-0.375710168127,-0.104093248525,1.51503777235,0.00988292756665,-0.0111393252719,0.0667736842646,0.997657014342
2018/10/02/14:08:03.529081,69325,1538482083,513088186,/world,vicon/IMUframe/IMUframe,-0.375723659512,-0.104063162198,1.51491984858,0.00983171251353,-0.0110684060252,0.0667798358159,0.997657897952
2018/10/02/14:08:03.538964,69326,1538482083,523038010,/world,vicon/IMUframe/IMUframe,-0.375736796729,-0.104011418149,1.51481296943,0.00983321839486,-0.0109661273936,0.0667438758379,0.997661418971
2018/10/02/14:08:03.548800,69327,1538482083,532962062,/world,vicon/IMUframe/IMUframe,-0.375768927654,-0.103970607171,1.51469819783,0.0098642415715,-0.0108246891481,0.0666934836526,0.997666027326
2018/10/02/14:08:03.558915,69328,1538482083,542962311,/world,vicon/IMUframe/IMUframe,-0.375795018894,-0.103944170542,1.5145902695,0.0099434548527,-0.0107023865453,0.0666948770716,0.997666467313
2018/10/02/14:08:03.569141,69329,1538482083,553037677,/world,vicon/IMUframe/IMUframe,-0.375837063558,-0.103880775054,1.51446455426,0.0100648601104,-0.0106803823098,0.0666754451542,0.997666784572
2018/10/02/14:08:03.579224,69330,1538482083,563058579,/world,vicon/IMUframe/IMUframe,-0.375851132648,-0.103837617461,1.51431613401,0.010212602255,-0.010729178348,0.0666477127426,0.997666612588
2018/10/02/14:08:03.588939,69331,1538482083,572994098,/world,vicon/IMUframe/IMUframe,-0.375881144154,-0.103803772088,1.51415981538,0.0103632037328,-0.0108877986973,0.0666151597871,0.997665515258
2018/10/02/14:08:03.598904,69332,1538482083,582999217,/world,vicon/IMUframe/IMUframe,-0.375890806957,-0.103776480379,1.5140247512,0.0105695534272,-0.0110809334983,0.0665697238679,0.997664256811
2018/10/02/14:08:03.608833,69333,1538482083,592993512,/world,vicon/IMUframe/IMUframe,-0.375885697638,-0.103765357489,1.5138734823,0.0107999462932,-0.0113133070535,0.0666093244933,0.99765653816
2018/10/02/14:08:03.618846,69334,1538482083,603013183,/world,vicon/IMUframe/IMUframe,-0.375876890411,-0.103713200392,1.5137309089,0.0110643757415,-0.0115966080153,0.0666398396046,0.997648349896
2018/10/02/14:08:03.628762,69335,1538482083,613016541,/world,vicon/IMUframe/IMUframe,-0.375869630379,-0.103693229368,1.51360627149,0.0113122536174,-0.0117756238131,0.0667031029789,0.997639245246
2018/10/02/14:08:03.638565,69336,1538482083,622976948,/world,vicon/IMUframe/IMUframe,-0.375863886582,-0.103651774535,1.5134970942,0.0115272135545,-0.0118875616993,0.0667113699052,0.997634904336
2018/10/02/14:08:03.648516,69337,1538482083,632956465,/world,vicon/IMUframe/IMUframe,-0.375851898417,-0.103598562253,1.51340552696,0.0116809755215,-0.0119378984269,0.0667034779787,0.997633042465
2018/10/02/14:08:03.658792,69338,1538482083,643081135,/world,vicon/IMUframe/IMUframe,-0.375830810272,-0.103568282975,1.51333193152,0.0117111561433,-0.0118925585191,0.0667527334161,0.997629935625
2018/10/02/14:08:03.669029,69339,1538482083,653120111,/world,vicon/IMUframe/IMUframe,-0.375818574913,-0.103525185799,1.51327157034,0.01162615879,-0.0118392504814,0.0667731081646,0.997630200328
2018/10/02/14:08:03.678960,69340,1538482083,663021631,/world,vicon/IMUframe/IMUframe,-0.375784478846,-0.103465194592,1.51322954736,0.0115302504501,-0.0117793681116,0.066759448117,0.997632936454
2018/10/02/14:08:03.688941,69341,1538482083,672989033,/world,vicon/IMUframe/IMUframe,-0.375763436573,-0.103427771166,1.51321269804,0.0113454293817,-0.0116740777372,0.0668295615931,0.997631598757
2018/10/02/14:08:03.698811,69342,1538482083,683076974,/world,vicon/IMUframe/IMUframe,-0.375738890574,-0.103357201585,1.51318967937,0.0111346181732,-0.0115828583114,0.0668592113347,0.997633050541
2018/10/02/14:08:03.708615,69343,1538482083,692993467,/world,vicon/IMUframe/IMUframe,-0.375702347224,-0.103285669774,1.51317131642,0.0109428967617,-0.0115332758035,0.066897296624,0.997633193245
2018/10/02/14:08:03.718737,69344,1538482083,703053548,/world,vicon/IMUframe/IMUframe,-0.375658807598,-0.103239547183,1.51316113138,0.0107585557514,-0.0114699705156,0.0669570718793,0.997631917984
2018/10/02/14:08:03.728681,69345,1538482083,712962987,/world,vicon/IMUframe/IMUframe,-0.375635687066,-0.10318630909,1.51316222035,0.0106293429113,-0.0114024900184,0.0669643781159,0.99763358622
2018/10/02/14:08:03.738598,69346,1538482083,722970574,/world,vicon/IMUframe/IMUframe,-0.375620871068,-0.103100293182,1.51317143205,0.0104900933477,-0.0113860072228,0.0669029046323,0.997639372786
2018/10/02/14:08:03.751920,69347,1538482083,736251683,/world,vicon/IMUframe/IMUframe,-0.375611015457,-0.10304826823,1.51316829777,0.0103884919672,-0.0113762971155,0.0668521847985,0.99764394675
2018/10/02/14:08:03.758684,69348,1538482083,743021102,/world,vicon/IMUframe/IMUframe,-0.375610051756,-0.102992645653,1.5131780537,0.0102771268231,-0.0113717993412,0.0667561749814,0.997651580436
2018/10/02/14:08:03.768735,69349,1538482083,753009726,/world,vicon/IMUframe/IMUframe,-0.375621887891,-0.102935653941,1.5131770102,0.010194733699,-0.0113980929242,0.0666564578026,0.997658793133
2018/10/02/14:08:03.778735,69350,1538482083,762985578,/world,vicon/IMUframe/IMUframe,-0.375649879839,-0.102880427373,1.51316581293,0.0101287719848,-0.0114593332736,0.0664993122913,0.997669250365
2018/10/02/14:08:03.788767,69351,1538482083,773009408,/world,vicon/IMUframe/IMUframe,-0.375668036586,-0.102854720653,1.51315512801,0.0100700055889,-0.0115800960898,0.0664194680942,0.997673769636
2018/10/02/14:08:03.798624,69352,1538482083,783025846,/world,vicon/IMUframe/IMUframe,-0.375669284859,-0.102824918367,1.51312767346,0.0100443423124,-0.01175379988,0.0663554224364,0.997676258758
2018/10/02/14:08:03.808807,69353,1538482083,793308423,/world,vicon/IMUframe/IMUframe,-0.375614390694,-0.102726353108,1.51312645426,0.0101081032892,-0.0119828642461,0.0660156382061,0.997695430843
2018/10/02/14:08:03.818516,69354,1538482083,803011949,/world,vicon/IMUframe/IMUframe,-0.375590194539,-0.102712062643,1.51308987596,0.0101627839608,-0.0123001419965,0.0661005540837,0.997685391834
2018/10/02/14:08:03.828528,69355,1538482083,812999310,/world,vicon/IMUframe/IMUframe,-0.375612604489,-0.102812219937,1.51302232797,0.0101264590921,-0.0125936483671,0.0666082449003,0.997648333111
2018/10/02/14:08:03.838727,69356,1538482083,823091221,/world,vicon/IMUframe/IMUframe,-0.375598776203,-0.102786305159,1.51298220061,0.0102333360962,-0.0129426929733,0.0667080130807,0.997636109271
2018/10/02/14:08:03.848725,69357,1538482083,833092723,/world,vicon/IMUframe/IMUframe,-0.375589484257,-0.1027651782,1.51293799629,0.0103618687074,-0.0132721879797,0.0668012751904,0.997624212986
2018/10/02/14:08:03.858596,69358,1538482083,843031872,/world,vicon/IMUframe/IMUframe,-0.375590825204,-0.102753024707,1.51288825665,0.0105032757529,-0.0135052108825,0.0669512932887,0.997609550277
2018/10/02/14:08:03.868622,69359,1538482083,852977361,/world,vicon/IMUframe/IMUframe,-0.375567798554,-0.102761173132,1.51287163822,0.0106167574063,-0.0136279163265,0.0671433893358,0.997593769842
2018/10/02/14:08:03.878760,69360,1538482083,863089534,/world,vicon/IMUframe/IMUframe,-0.375580757222,-0.102729097973,1.51285275489,0.0106877937466,-0.0137233476341,0.0672040215069,0.997587620356
2018/10/02/14:08:03.889038,69361,1538482083,873056187,/world,vicon/IMUframe/IMUframe,-0.375572009383,-0.102733660099,1.51284670638,0.0107273205911,-0.0136980417354,0.0673405061982,0.997578340017
2018/10/02/14:08:03.898988,69362,1538482083,883011641,/world,vicon/IMUframe/IMUframe,-0.375562360836,-0.102706617463,1.51285085632,0.0107691373219,-0.0136438600353,0.0674351878967,0.99757223608
2018/10/02/14:08:03.908933,69363,1538482083,893024694,/world,vicon/IMUframe/IMUframe,-0.375553669278,-0.102682690678,1.51284931029,0.0107625656435,-0.0135833259898,0.0674770479267,0.997570302504
2018/10/02/14:08:03.918833,69364,1538482083,902962054,/world,vicon/IMUframe/IMUframe,-0.375538594733,-0.102637145973,1.51284356504,0.0107310104757,-0.013547113865,0.0674897909477,0.997570272832
2018/10/02/14:08:03.929082,69365,1538482083,913123432,/world,vicon/IMUframe/IMUframe,-0.375556481971,-0.102569772138,1.51284557633,0.0106745978094,-0.0135412846176,0.0673694533493,0.997579091264
2018/10/02/14:08:03.938943,69366,1538482083,923096419,/world,vicon/IMUframe/IMUframe,-0.375566294696,-0.102505316827,1.51283954354,0.0105546903855,-0.0135170835295,0.0672194367166,0.99759081506
2018/10/02/14:08:03.948941,69367,1538482083,933037831,/world,vicon/IMUframe/IMUframe,-0.375564229057,-0.102459589087,1.51284194717,0.0103965097406,-0.0135378671326,0.067144656699,0.997597230257
2018/10/02/14:08:03.958906,69368,1538482083,943015291,/world,vicon/IMUframe/IMUframe,-0.375571487801,-0.1024282756,1.51286029643,0.0101602575181,-0.0135338034146,0.0670381408096,0.997606883
2018/10/02/14:08:03.969118,69369,1538482083,953109320,/world,vicon/IMUframe/IMUframe,-0.375583854765,-0.102376098203,1.51287597222,0.0099496867786,-0.013541587182,0.0669388444854,0.997615567365
2018/10/02/14:08:03.978890,69370,1538482083,963076240,/world,vicon/IMUframe/IMUframe,-0.375582912892,-0.102339357905,1.51290738055,0.00976957760796,-0.0135244593659,0.0669390958901,0.997617562894
2018/10/02/14:08:03.988719,69371,1538482083,973033746,/world,vicon/IMUframe/IMUframe,-0.375574140723,-0.102298677225,1.51294089629,0.00963069193428,-0.0135029613112,0.0670210150597,0.997613704471
2018/10/02/14:08:03.998625,69372,1538482083,982974392,/world,vicon/IMUframe/IMUframe,-0.375566859333,-0.102243687087,1.51296785117,0.00953696312479,-0.0135245341338,0.0669954254249,0.997616031489
2018/10/02/14:08:04.008649,69373,1538482083,993044194,/world,vicon/IMUframe/IMUframe,-0.375560938451,-0.10216208004,1.5130015029,0.00946279509828,-0.013591134515,0.0669242419301,0.99762061046
2018/10/02/14:08:04.018717,69374,1538482084,3070675,/world,vicon/IMUframe/IMUframe,-0.375563961055,-0.102090762928,1.51304815704,0.00936410061409,-0.0136647649702,0.0668401352958,0.997626174542
2018/10/02/14:08:04.028661,69375,1538482084,13095897,/world,vicon/IMUframe/IMUframe,-0.375559808247,-0.102025189239,1.51309254147,0.00931318076373,-0.013676061072,0.066787524612,0.997630019884
2018/10/02/14:08:04.038501,69376,1538482084,23057567,/world,vicon/IMUframe/IMUframe,-0.37556854071,-0.10195340737,1.5131493971,0.00924830845292,-0.0136729662926,0.0666880871293,0.997637317776
2018/10/02/14:08:04.048620,69377,1538482084,32981289,/world,vicon/IMUframe/IMUframe,-0.375572851118,-0.101891026023,1.51320768496,0.00915708002953,-0.0136041945813,0.0666588708806,0.997641052036
2018/10/02/14:08:04.058899,69378,1538482084,43143048,/world,vicon/IMUframe/IMUframe,-0.375566185346,-0.101826698959,1.51328058904,0.00907576689247,-0.0135196525177,0.0665829273662,0.997648015702
2018/10/02/14:08:04.068806,69379,1538482084,53034404,/world,vicon/IMUframe/IMUframe,-0.375533476569,-0.101789297224,1.51336431986,0.00899634492368,-0.0133524843292,0.066640459296,0.997647145099
2018/10/02/14:08:04.078842,69380,1538482084,63034477,/world,vicon/IMUframe/IMUframe,-0.375525833141,-0.10170326749,1.51342454488,0.00900286356004,-0.0131855826717,0.0665736002836,0.997653769903
2018/10/02/14:08:04.089069,69381,1538482084,73001102,/world,vicon/IMUframe/IMUframe,-0.375549436684,-0.101641118713,1.51349620116,0.00897333930194,-0.013009332748,0.0664944977869,0.997661625105
2018/10/02/14:08:04.099230,69382,1538482084,83091719,/world,vicon/IMUframe/IMUframe,-0.375573195998,-0.101595010754,1.51356761912,0.00899601427733,-0.0127978793574,0.0665154430052,0.99766275958
2018/10/02/14:08:04.109244,69383,1538482084,93097321,/world,vicon/IMUframe/IMUframe,-0.375613249392,-0.101545067067,1.5136420563,0.00898910008001,-0.0126804203902,0.0664477394077,0.997668833304
2018/10/02/14:08:04.119392,69384,1538482084,103033827,/world,vicon/IMUframe/IMUframe,-0.375656315978,-0.101500617659,1.51372425337,0.00899210565724,-0.0126082979735,0.0664714078654,0.99766814362
2018/10/02/14:08:04.128891,69385,1538482084,112965518,/world,vicon/IMUframe/IMUframe,-0.375703562934,-0.101454822706,1.5137892063,0.00898089083921,-0.0125947635335,0.06650482705,0.997666188417
2018/10/02/14:08:04.138611,69386,1538482084,122973160,/world,vicon/IMUframe/IMUframe,-0.37575253658,-0.101424841618,1.51384871287,0.00893733166045,-0.0126387773295,0.0665340325002,0.997664075694
2018/10/02/14:08:04.148981,69387,1538482084,133092318,/world,vicon/IMUframe/IMUframe,-0.375821897241,-0.101365727957,1.5138958781,0.00892185518459,-0.0127272933157,0.0665284079267,0.997663464022
2018/10/02/14:08:04.158789,69388,1538482084,143083447,/world,vicon/IMUframe/IMUframe,-0.375883392672,-0.101322137559,1.5139467893,0.00890469670673,-0.0128038492884,0.0665533342281,0.997660975243
2018/10/02/14:08:04.168688,69389,1538482084,153003083,/world,vicon/IMUframe/IMUframe,-0.37595092497,-0.101296577727,1.51399051856,0.00888840240107,-0.0128190804224,0.0665528309012,0.997660958532
2018/10/02/14:08:04.178741,69390,1538482084,163039075,/world,vicon/IMUframe/IMUframe,-0.376023106352,-0.101248168036,1.51402146673,0.00891793432694,-0.0128613366107,0.0664891535159,0.997664396946
2018/10/02/14:08:04.188777,69391,1538482084,173145781,/world,vicon/IMUframe/IMUframe,-0.376089556025,-0.101214333038,1.51405858208,0.0089630519678,-0.0128574058303,0.066426973711,0.997668185309
2018/10/02/14:08:04.198888,69392,1538482084,183032162,/world,vicon/IMUframe/IMUframe,-0.376150581883,-0.101214362163,1.51411082003,0.00899543002118,-0.012852556674,0.0663681486728,0.997671871342
2018/10/02/14:08:04.208776,69393,1538482084,193074552,/world,vicon/IMUframe/IMUframe,-0.37621152635,-0.10114839672,1.51413257417,0.00911423985428,-0.012866828509,0.066222642877,0.997680277908
2018/10/02/14:08:04.218613,69394,1538482084,203023075,/world,vicon/IMUframe/IMUframe,-0.376261730931,-0.101107692979,1.51415240107,0.00929432098456,-0.0128799451838,0.0660961431041,0.997686835874
2018/10/02/14:08:04.228806,69395,1538482084,213104045,/world,vicon/IMUframe/IMUframe,-0.376310519767,-0.101066398405,1.5141829134,0.00947813191489,-0.0128593348894,0.0659807931553,0.997693007621
2018/10/02/14:08:04.238782,69396,1538482084,223158053,/world,vicon/IMUframe/IMUframe,-0.37634929171,-0.101024141872,1.51422931473,0.0096636296009,-0.0127736874048,0.0658197853542,0.997702963326
2018/10/02/14:08:04.248777,69397,1538482084,233047656,/world,vicon/IMUframe/IMUframe,-0.376398261983,-0.100988455113,1.51427420207,0.00975749920563,-0.012642884441,0.0657051189789,0.997711273877
2018/10/02/14:08:04.258860,69398,1538482084,242991923,/world,vicon/IMUframe/IMUframe,-0.376439974451,-0.100941063283,1.51433509622,0.0097721653905,-0.0125024735432,0.0656043680139,0.997719529646
2018/10/02/14:08:04.268810,69399,1538482084,253008176,/world,vicon/IMUframe/IMUframe,-0.376484872784,-0.100894484092,1.51439450643,0.00973321112566,-0.0123207228463,0.0656163184593,0.997721385529
2018/10/02/14:08:04.278979,69400,1538482084,263081566,/world,vicon/IMUframe/IMUframe,-0.376526484644,-0.100874500725,1.51446697734,0.00955040046902,-0.0121277591947,0.0657126824691,0.997719174252
2018/10/02/14:08:04.289091,69401,1538482084,273060668,/world,vicon/IMUframe/IMUframe,-0.376561583281,-0.100852904496,1.5145409257,0.00927595874539,-0.0120055532004,0.0658831937149,0.997711996554
2018/10/02/14:08:04.299127,69402,1538482084,283004371,/world,vicon/IMUframe/IMUframe,-0.376577382853,-0.100854994684,1.51460585294,0.00897684181057,-0.0119020421669,0.0660938257975,0.997702041641
2018/10/02/14:08:04.309064,69403,1538482084,292968132,/world,vicon/IMUframe/IMUframe,-0.376604621941,-0.100833329623,1.51464529788,0.00869892476445,-0.0119367606394,0.0662015898916,0.997696943941
2018/10/02/14:08:04.319361,69404,1538482084,303085815,/world,vicon/IMUframe/IMUframe,-0.376653638631,-0.10075993098,1.51466901617,0.0084856099882,-0.0120462050825,0.0661452746796,0.997701200763
2018/10/02/14:08:04.329235,69405,1538482084,313064690,/world,vicon/IMUframe/IMUframe,-0.376686096924,-0.100712059105,1.51465929012,0.00833081797111,-0.0121391785497,0.0660250198555,0.997709343732
2018/10/02/14:08:04.338799,69406,1538482084,323021168,/world,vicon/IMUframe/IMUframe,-0.376728755645,-0.100628431344,1.51464610601,0.00834352393876,-0.0122374156986,0.065815180502,0.997721901775
2018/10/02/14:08:04.348743,69407,1538482084,332979179,/world,vicon/IMUframe/IMUframe,-0.376763546864,-0.100564572157,1.51461353614,0.00843741053711,-0.0122396109712,0.0656306155878,0.997733243069
2018/10/02/14:08:04.358977,69408,1538482084,343035916,/world,vicon/IMUframe/IMUframe,-0.376786951559,-0.100504262353,1.51456997164,0.00860451060665,-0.0122172513122,0.0654224512251,0.997745761225
2018/10/02/14:08:04.368966,69409,1538482084,353086487,/world,vicon/IMUframe/IMUframe,-0.376823114836,-0.100417848064,1.51453057994,0.00875571970264,-0.0122127764327,0.0652137027402,0.99775816631
2018/10/02/14:08:04.378908,69410,1538482084,363010680,/world,vicon/IMUframe/IMUframe,-0.376836004136,-0.100373046169,1.51448323375,0.0088597990775,-0.0121997258979,0.0650877998284,0.997765628272
2018/10/02/14:08:04.388895,69411,1538482084,373015670,/world,vicon/IMUframe/IMUframe,-0.376846736546,-0.100302427681,1.51443791226,0.00887562267852,-0.012237383894,0.0649530769383,0.997773805807
2018/10/02/14:08:04.399222,69412,1538482084,382963759,/world,vicon/IMUframe/IMUframe,-0.376837612933,-0.100261947199,1.51440104101,0.00879556227622,-0.0122487647541,0.0649041589688,0.997777558374
2018/10/02/14:08:04.408892,69413,1538482084,393088360,/world,vicon/IMUframe/IMUframe,-0.376836462493,-0.100195171969,1.51436547315,0.00868097414549,-0.0122359733332,0.0648994777405,0.997779023348
2018/10/02/14:08:04.418998,69414,1538482084,403222727,/world,vicon/IMUframe/IMUframe,-0.376841318048,-0.100140878051,1.51432419405,0.00849206981885,-0.0122315073784,0.064919935183,0.997779372904
2018/10/02/14:08:04.428901,69415,1538482084,413135063,/world,vicon/IMUframe/IMUframe,-0.376846420736,-0.100111799904,1.5142944541,0.00827274265919,-0.012149369764,0.0650187349381,0.997775785761
2018/10/02/14:08:04.438703,69416,1538482084,422994611,/world,vicon/IMUframe/IMUframe,-0.376805348926,-0.100084828303,1.51429060664,0.00815983781667,-0.0121431786185,0.0650662717375,0.997773692047
2018/10/02/14:08:04.448734,69417,1538482084,432999995,/world,vicon/IMUframe/IMUframe,-0.376858003658,-0.100057102622,1.51417325348,0.007898753666,-0.0120027141157,0.0651638124984,0.997771127105
2018/10/02/14:08:04.459504,69418,1538482084,443218227,/world,vicon/IMUframe/IMUframe,-0.376830378102,-0.100011135794,1.51410492288,0.00784186807573,-0.011930709916,0.0651922149254,0.997770584042
2018/10/02/14:08:04.468893,69419,1538482084,453071477,/world,vicon/IMUframe/IMUframe,-0.376814311008,-0.0999720294447,1.51402533393,0.00787212969739,-0.0118783089031,0.0651862447029,0.997771361011
2018/10/02/14:08:04.478817,69420,1538482084,463006516,/world,vicon/IMUframe/IMUframe,-0.376782105797,-0.0999310193217,1.51396408337,0.007992219564,-0.0117854529693,0.0651941578866,0.997770990409
2018/10/02/14:08:04.488688,69421,1538482084,473056397,/world,vicon/IMUframe/IMUframe,-0.376757031412,-0.0998898628769,1.51388221843,0.00815607506069,-0.0116863233887,0.0652116052767,0.997769690271
2018/10/02/14:08:04.498632,69422,1538482084,482996378,/world,vicon/IMUframe/IMUframe,-0.376725976643,-0.099866350423,1.51382505302,0.00834965849745,-0.0115770266009,0.0652716043962,0.99776544003
2018/10/02/14:08:04.508873,69423,1538482084,493128474,/world,vicon/IMUframe/IMUframe,-0.376698501574,-0.0998198164568,1.51377746291,0.00852103712733,-0.0114836532369,0.0652366344733,0.997767357232
2018/10/02/14:08:04.519051,69424,1538482084,503143433,/world,vicon/IMUframe/IMUframe,-0.37667323922,-0.0998026983571,1.51372448311,0.00865890692771,-0.0114025055789,0.0652733395005,0.997764700392
2018/10/02/14:08:04.528771,69425,1538482084,513035985,/world,vicon/IMUframe/IMUframe,-0.376639152654,-0.0997815556626,1.51368741961,0.0087505955246,-0.0113418960033,0.0653018346633,0.997762726735
2018/10/02/14:08:04.538750,69426,1538482084,523036718,/world,vicon/IMUframe/IMUframe,-0.37661160694,-0.0997612093783,1.51365002501,0.00875334976851,-0.0113075395187,0.0652978837134,0.997763351101
2018/10/02/14:08:04.549261,69427,1538482084,533190598,/world,vicon/IMUframe/IMUframe,-0.376571084385,-0.0997404062624,1.51360289329,0.00877528499853,-0.011278257288,0.0653182194732,0.997762158779
2018/10/02/14:08:04.559012,69428,1538482084,543070010,/world,vicon/IMUframe/IMUframe,-0.376537141186,-0.0997159939227,1.51357508974,0.0087296279839,-0.0112223398334,0.0653982474013,0.997757947561
2018/10/02/14:08:04.568616,69429,1538482084,553028493,/world,vicon/IMUframe/IMUframe,-0.376439066164,-0.099605977287,1.51357444032,0.0087334071545,-0.0111718110418,0.0650928614642,0.997778451172
2018/10/02/14:08:04.578650,69430,1538482084,563043537,/world,vicon/IMUframe/IMUframe,-0.376410677949,-0.0996688336686,1.51350966592,0.00851195724814,-0.0111307431938,0.0655453588529,0.997751200988
2018/10/02/14:08:04.588883,69431,1538482084,573133094,/world,vicon/IMUframe/IMUframe,-0.376323208814,-0.0995151212102,1.51352249543,0.00835543415885,-0.0110477591681,0.065055489884,0.997785506496
2018/10/02/14:08:04.598781,69432,1538482084,583167862,/world,vicon/IMUframe/IMUframe,-0.376251209091,-0.0995128828318,1.51351067588,0.00815137220069,-0.010836124711,0.0651804808984,0.997781358035
2018/10/02/14:08:04.608844,69433,1538482084,593085536,/world,vicon/IMUframe/IMUframe,-0.376207558963,-0.0996255732314,1.51347333915,0.00796584805499,-0.0105898736445,0.0657156326834,0.997750397375
2018/10/02/14:08:04.618792,69434,1538482084,603034403,/world,vicon/IMUframe/IMUframe,-0.37609762054,-0.0995157589675,1.51351399996,0.00795575045983,-0.0102824007271,0.0653632422351,0.9977768412
2018/10/02/14:08:04.628786,69435,1538482084,613001410,/world,vicon/IMUframe/IMUframe,-0.376032955182,-0.0994997701053,1.51349977496,0.00791008633393,-0.0099745219628,0.0653128164254,0.997783631584
2018/10/02/14:08:04.638858,69436,1538482084,623092523,/world,vicon/IMUframe/IMUframe,-0.375974939191,-0.0994967363284,1.51350434945,0.00790204786295,-0.00969177887655,0.0652635155243,0.997789707605
2018/10/02/14:08:04.649162,69437,1538482084,633251036,/world,vicon/IMUframe/IMUframe,-0.375956366915,-0.099606778396,1.51348225904,0.0078134777761,-0.00946952904092,0.0655751583896,0.997772106338
2018/10/02/14:08:04.658726,69438,1538482084,643034513,/world,vicon/IMUframe/IMUframe,-0.375889832708,-0.0996028383602,1.51346866391,0.00783928716081,-0.00933006320322,0.0655138184122,0.997777247232
2018/10/02/14:08:04.668885,69439,1538482084,652973280,/world,vicon/IMUframe/IMUframe,-0.375820176782,-0.0996038034825,1.51346641536,0.00785302061798,-0.00924318343711,0.0654760148699,0.997780429305
2018/10/02/14:08:04.679319,69440,1538482084,663148900,/world,vicon/IMUframe/IMUframe,-0.375727745094,-0.0995997741113,1.51342245973,0.00793138917529,-0.00920892410185,0.0654921876833,0.997779064791
2018/10/02/14:08:04.689103,69441,1538482084,673084502,/world,vicon/IMUframe/IMUframe,-0.37562454304,-0.0996003208947,1.51338302304,0.00803942955931,-0.00921031672157,0.0655481574185,0.99777451195
2018/10/02/14:08:04.698745,69442,1538482084,683026315,/world,vicon/IMUframe/IMUframe,-0.375522632606,-0.0995911162195,1.51335391358,0.00808405937681,-0.00921235620142,0.0656078115908,0.99777021179
2018/10/02/14:08:04.708766,69443,1538482084,692973019,/world,vicon/IMUframe/IMUframe,-0.375433392212,-0.0995934565589,1.51331519146,0.00813008394416,-0.00916167032995,0.0657800655356,0.997758963132
2018/10/02/14:08:04.719025,69444,1538482084,703141927,/world,vicon/IMUframe/IMUframe,-0.375369779819,-0.0995813292995,1.5132733924,0.00810684811107,-0.00914681371524,0.0658191223698,0.997756712803
2018/10/02/14:08:04.729093,69445,1538482084,713126179,/world,vicon/IMUframe/IMUframe,-0.375312694613,-0.0995950250556,1.51324127552,0.00803184536013,-0.00914156192416,0.0659472403489,0.99774890769
2018/10/02/14:08:04.739052,69446,1538482084,723078736,/world,vicon/IMUframe/IMUframe,-0.375248179773,-0.0995957973435,1.51319972271,0.00792031016209,-0.00916661398274,0.0660013588212,0.997745990976
2018/10/02/14:08:04.748767,69447,1538482084,733011623,/world,vicon/IMUframe/IMUframe,-0.37518257822,-0.0995862438946,1.51316245481,0.00787450056718,-0.00920608387937,0.0660498633171,0.997742780388
2018/10/02/14:08:04.758878,69448,1538482084,743006331,/world,vicon/IMUframe/IMUframe,-0.37513902223,-0.0995712591683,1.51312859792,0.00781967805966,-0.00927175060804,0.0660848730016,0.997740285263
2018/10/02/14:08:04.769186,69449,1538482084,753043873,/world,vicon/IMUframe/IMUframe,-0.375073738043,-0.0995617320402,1.51309318944,0.00780735563885,-0.00927800083397,0.0661680351087,0.997734811976
2018/10/02/14:08:04.779170,69450,1538482084,763193231,/world,vicon/IMUframe/IMUframe,-0.375032598398,-0.0995310243058,1.51306359443,0.00779234182456,-0.00927158677402,0.0661152256206,0.9977384898
2018/10/02/14:08:04.788892,69451,1538482084,772998486,/world,vicon/IMUframe/IMUframe,-0.374991311406,-0.0995111456405,1.51303787968,0.00770028835085,-0.00918869338855,0.0660633535921,0.997743407287
2018/10/02/14:08:04.798537,69452,1538482084,782979601,/world,vicon/IMUframe/IMUframe,-0.374960103361,-0.0994909932872,1.51300971457,0.00761936279143,-0.00909121916049,0.0660252202871,0.997747445665
2018/10/02/14:08:04.808883,69453,1538482084,793086389,/world,vicon/IMUframe/IMUframe,-0.374927834403,-0.0994872892278,1.51302370969,0.00748002709231,-0.00892387648921,0.0660006196131,0.997751638352
2018/10/02/14:08:04.818810,69454,1538482084,803095843,/world,vicon/IMUframe/IMUframe,-0.374880058823,-0.0994932727096,1.51301810323,0.00736088018933,-0.00874027293336,0.0660194444854,0.997752904291
2018/10/02/14:08:04.828693,69455,1538482084,813051102,/world,vicon/IMUframe/IMUframe,-0.374833379398,-0.0994796402485,1.51300850893,0.00725306771585,-0.00862256438932,0.0659827860476,0.997757142965
2018/10/02/14:08:04.838652,69456,1538482084,823013861,/world,vicon/IMUframe/IMUframe,-0.374766049305,-0.0994554117377,1.51302713739,0.00717346327164,-0.00857621787785,0.0659852479848,0.997757955097
2018/10/02/14:08:04.849059,69457,1538482084,833082622,/world,vicon/IMUframe/IMUframe,-0.374704040734,-0.0994319222622,1.51304199129,0.00713153036708,-0.00851269662607,0.065991201185,0.997758405947
2018/10/02/14:08:04.858959,69458,1538482084,843119803,/world,vicon/IMUframe/IMUframe,-0.37464105079,-0.0993771669437,1.51306651475,0.00713326058981,-0.00850768413783,0.0660141500259,0.997756918242
2018/10/02/14:08:04.868806,69459,1538482084,853040959,/world,vicon/IMUframe/IMUframe,-0.37458041587,-0.0993449745777,1.51310216729,0.0070828127813,-0.00852281057466,0.0660902525783,0.997752110485
2018/10/02/14:08:04.878729,69460,1538482084,862996792,/world,vicon/IMUframe/IMUframe,-0.374538024505,-0.0992964960439,1.51312548057,0.00703009464969,-0.00850656863098,0.0661423832588,0.997749167475
2018/10/02/14:08:04.888679,69461,1538482084,872968669,/world,vicon/IMUframe/IMUframe,-0.37449433238,-0.099269312784,1.51315788702,0.00693625273281,-0.00852500379022,0.0661703336645,0.997747813654
2018/10/02/14:08:04.898824,69462,1538482084,883051629,/world,vicon/IMUframe/IMUframe,-0.37446204499,-0.0992469169554,1.51319733576,0.00686786958922,-0.00855367212839,0.0662123653231,0.997745252927
2018/10/02/14:08:04.908837,69463,1538482084,893046272,/world,vicon/IMUframe/IMUframe,-0.37442035791,-0.0992156856692,1.51325517179,0.00679686729793,-0.00859880199354,0.0662759466071,0.997741129803
2018/10/02/14:08:04.918603,69464,1538482084,903071627,/world,vicon/IMUframe/IMUframe,-0.374299586108,-0.0990767933399,1.51339219072,0.00695956559228,-0.00873943919085,0.0658381323622,0.997767772067
2018/10/02/14:08:04.928670,69465,1538482084,912982616,/world,vicon/IMUframe/IMUframe,-0.374337829022,-0.0991153581318,1.51335498726,0.00677237186435,-0.00882819046852,0.0662550000125,0.997740684249
2018/10/02/14:08:04.939500,69466,1538482084,923367747,/world,vicon/IMUframe/IMUframe,-0.374308468045,-0.0990593538611,1.51341225232,0.0068089961221,-0.00892009376342,0.066217319469,0.997742119037
2018/10/02/14:08:04.949199,69467,1538482084,933063015,/world,vicon/IMUframe/IMUframe,-0.374248817408,-0.0989965772424,1.51350205301,0.00684191939954,-0.00901972021871,0.0661863784967,0.997743051135
2018/10/02/14:08:04.958929,69468,1538482084,943048402,/world,vicon/IMUframe/IMUframe,-0.374217426448,-0.0989170664189,1.51357438144,0.00684816633599,-0.00901510311635,0.0661212381467,0.997747369027
2018/10/02/14:08:04.968743,69469,1538482084,952971141,/world,vicon/IMUframe/IMUframe,-0.374160054052,-0.0988509058321,1.51366003678,0.00677893898834,-0.00895988328332,0.0660494295816,0.997753095375
2018/10/02/14:08:04.979190,69470,1538482084,963150504,/world,vicon/IMUframe/IMUframe,-0.374109395174,-0.0987758690876,1.51378516006,0.00664916612141,-0.00882244180529,0.0659956591452,0.997758751445
2018/10/02/14:08:04.988855,69471,1538482084,973066106,/world,vicon/IMUframe/IMUframe,-0.374062347838,-0.0987146030424,1.51389777355,0.0064876584152,-0.00864042982382,0.0660130593406,0.997760256403
2018/10/02/14:08:04.999134,69472,1538482084,983003023,/world,vicon/IMUframe/IMUframe,-0.374029854833,-0.0986311650527,1.51402110711,0.00629925937338,-0.0084374216423,0.0659988993934,0.997764137723
2018/10/02/14:08:05.008839,69473,1538482084,992998999,/world,vicon/IMUframe/IMUframe,-0.373997039558,-0.0985698213174,1.51415843466,0.00603566323155,-0.00826496874839,0.066037489252,0.997764657158
2018/10/02/14:08:05.019124,69474,1538482085,2982216,/world,vicon/IMUframe/IMUframe,-0.373946021778,-0.0985054662692,1.51428175574,0.0057885342197,-0.00809143129381,0.0661245304363,0.997761779227
2018/10/02/14:08:05.029087,69475,1538482085,13110996,/world,vicon/IMUframe/IMUframe,-0.373937472842,-0.0983835275303,1.51439597446,0.00556459916931,-0.00802494266162,0.0660320580238,0.997769714335
2018/10/02/14:08:05.039049,69476,1538482085,23039221,/world,vicon/IMUframe/IMUframe,-0.373912292432,-0.0983011704728,1.5145016916,0.00540228869814,-0.00794608172895,0.0660186392928,0.997772125451
2018/10/02/14:08:05.048895,69477,1538482085,33007220,/world,vicon/IMUframe/IMUframe,-0.373894829238,-0.0982186982614,1.51460911196,0.00521757048138,-0.00788403754063,0.0659493958257,0.997778179808
2018/10/02/14:08:05.059033,69478,1538482085,42981318,/world,vicon/IMUframe/IMUframe,-0.373912885495,-0.0981093950449,1.51470243986,0.00499539807997,-0.00788151331186,0.065743763381,0.997792907032
2018/10/02/14:08:05.069468,69479,1538482085,53218302,/world,vicon/IMUframe/IMUframe,-0.37391353266,-0.098011822713,1.51476684994,0.00481039834722,-0.00789411817014,0.0654954471882,0.997810046734
2018/10/02/14:08:05.078863,69480,1538482085,63027692,/world,vicon/IMUframe/IMUframe,-0.373921931671,-0.0979239100702,1.51485134097,0.00467573068139,-0.0078754042574,0.0653049732109,0.997823319042
2018/10/02/14:08:05.088838,69481,1538482085,72995069,/world,vicon/IMUframe/IMUframe,-0.373953943514,-0.0978115529522,1.51491499933,0.00461407588683,-0.00791873659176,0.0651157864009,0.997835626882
2018/10/02/14:08:05.098672,69482,1538482085,83041069,/world,vicon/IMUframe/IMUframe,-0.373925228477,-0.0976276772182,1.51500721424,0.0046171751358,-0.00787768598467,0.064661340903,0.997865489307
2018/10/02/14:08:05.108835,69483,1538482085,93079543,/world,vicon/IMUframe/IMUframe,-0.373983288119,-0.0976399456245,1.51503260108,0.00449164039976,-0.00794298419967,0.0649755634531,0.997845133436
2018/10/02/14:08:05.118691,69484,1538482085,103102039,/world,vicon/IMUframe/IMUframe,-0.373988104514,-0.0975617896725,1.51508311584,0.00447289943186,-0.0079853447718,0.0649377742788,0.997847339482
2018/10/02/14:08:05.128971,69485,1538482085,113081575,/world,vicon/IMUframe/IMUframe,-0.37396810684,-0.0974883185415,1.51511038552,0.00452651436146,-0.00804268286534,0.0649759196502,0.997844154057
2018/10/02/14:08:05.138947,69486,1538482085,123030028,/world,vicon/IMUframe/IMUframe,-0.373945794713,-0.0974371076047,1.51513594183,0.00458989061842,-0.00804279231001,0.0650648139569,0.997838071222
2018/10/02/14:08:05.148834,69487,1538482085,132967442,/world,vicon/IMUframe/IMUframe,-0.373901235087,-0.0973679481614,1.51515371218,0.00469289319748,-0.00798587046818,0.0651250461249,0.997834119979
2018/10/02/14:08:05.158860,69488,1538482085,143079649,/world,vicon/IMUframe/IMUframe,-0.373841373567,-0.0973060627418,1.51513470407,0.00485581942931,-0.0078568341968,0.0652311094312,0.997827436753
2018/10/02/14:08:05.168799,69489,1538482085,153058695,/world,vicon/IMUframe/IMUframe,-0.373741616177,-0.0972515124911,1.51511030448,0.00505065729511,-0.00771788842896,0.0654794775185,0.997811286308
2018/10/02/14:08:05.178802,69490,1538482085,163018164,/world,vicon/IMUframe/IMUframe,-0.373654903145,-0.097195892495,1.5150747528,0.00517061611227,-0.00749727613026,0.0657058309772,0.997797474117
2018/10/02/14:08:05.188823,69491,1538482085,173023274,/world,vicon/IMUframe/IMUframe,-0.373559582168,-0.0971436204519,1.51500315559,0.00531295848679,-0.00733774387168,0.0659981319371,0.997778621022
2018/10/02/14:08:05.199056,69492,1538482085,183100063,/world,vicon/IMUframe/IMUframe,-0.37345906253,-0.0971056172858,1.51491798477,0.00535437986353,-0.00719604730694,0.0662395950396,0.997763430663
2018/10/02/14:08:05.208780,69493,1538482085,193042655,/world,vicon/IMUframe/IMUframe,-0.373376845906,-0.0970820124015,1.51482212997,0.0053938436758,-0.00706643641838,0.0665403130065,0.997744134872
2018/10/02/14:08:05.218806,69494,1538482085,203024683,/world,vicon/IMUframe/IMUframe,-0.373317420864,-0.0970193493703,1.51469319165,0.00536898236934,-0.00704258376272,0.0666426395066,0.997737608112
2018/10/02/14:08:05.229032,69495,1538482085,213078884,/world,vicon/IMUframe/IMUframe,-0.373261287111,-0.0969928521151,1.51455581209,0.00533781019547,-0.0070969395371,0.0667006149894,0.997733516121
