2018/10/02/14:20:54.849375;[];0;993;-1167;16097;-62;-12;28;-592;-99;1256;156;49;115;0
2018/10/02/14:20:54.861350;[];0;849;-991;16113;-12;140;-8;-592;-99;1256;241;49;115;0
2018/10/02/14:20:54.873348;[];0;625;-1167;16225;-88;44;172;-585;-75;1223;53;50;115;0
2018/10/02/14:20:54.890337;[];0;705;-911;16097;64;94;134;-585;-75;1223;138;50;115;0
2018/10/02/14:20:54.902332;[];0;497;-847;15937;54;242;-156;-611;-69;1263;206;50;115;0
2018/10/02/14:20:54.914333;[];0;689;-559;15729;-4;212;132;-611;-69;1263;18;51;115;0
2018/10/02/14:20:54.927338;[];0;497;-335;15793;24;30;118;-611;-69;1263;86;51;115;0
2018/10/02/14:20:54.943313;[];0;449;-431;15425;68;170;-88;-605;-45;1256;154;51;115;0
2018/10/02/14:20:54.955287;[];0;529;-495;15361;12;40;-38;-605;-45;1256;222;51;115;0
2018/10/02/14:20:54.968363;[];0;321;-623;15297;-14;96;6;-592;-69;1269;34;52;115;0
2018/10/02/14:20:54.980328;[];0;513;-575;15313;-4;-46;-96;-592;-69;1269;102;52;115;0
2018/10/02/14:20:54.992260;[];0;337;-735;15153;158;-8;-70;-592;-69;1269;170;52;115;0
2018/10/02/14:20:55.009353;[];0;545;-575;15201;162;164;-164;-572;-57;1250;238;52;115;0
2018/10/02/14:20:55.021341;[];0;337;-543;15201;20;58;-86;-572;-57;1250;50;53;115;0
2018/10/02/14:20:55.033335;[];0;417;-319;15137;104;58;-50;-572;-57;1250;118;53;115;0
2018/10/02/14:20:55.045282;[];0;353;-319;15761;172;16;-46;-650;-57;1282;186;53;115;0
2018/10/02/14:20:55.062361;[];0;353;-543;15649;148;-4;-30;-650;-57;1282;15;54;115;0
2018/10/02/14:20:55.074356;[];0;209;-271;15761;108;0;140;-592;-27;1230;66;54;115;0
2018/10/02/14:20:55.086348;[];0;145;-127;15521;94;4;-58;-592;-27;1230;134;54;115;0
2018/10/02/14:20:55.099360;[];0;65;-175;16033;-8;-98;84;-618;-69;1296;219;54;115;0
2018/10/02/14:20:55.115386;[];0;1;-271;16081;108;114;-18;-618;-69;1296;31;55;115;0
2018/10/02/14:20:55.127346;[];0;-15;-95;16097;30;50;32;-618;-69;1296;99;55;115;0
2018/10/02/14:20:55.140365;[];0;97;-111;16033;14;20;90;-598;-51;1269;167;55;115;0
2018/10/02/14:20:55.152359;[];0;97;-15;16337;-80;60;2;-598;-51;1269;235;55;115;0
2018/10/02/14:20:55.168344;[];0;81;-495;16257;-52;28;40;-605;-51;1263;47;56;115;0
2018/10/02/14:20:55.181356;[];0;-79;-591;16081;36;12;80;-605;-51;1263;115;56;115;0
2018/10/02/14:20:55.193340;[];0;81;-239;16193;-8;-28;-42;-605;-51;1263;183;56;115;0
2018/10/02/14:20:55.205329;[];0;65;-207;15697;-170;-2;-40;-598;-45;1230;251;56;115;0
2018/10/02/14:20:55.222364;[];0;337;-415;16081;-158;12;128;-598;-45;1230;63;57;115;0
2018/10/02/14:20:55.234339;[];0;289;-335;15873;-32;-20;6;-598;-45;1230;131;57;115;0
2018/10/02/14:20:55.246350;[];0;545;-303;16081;-32;42;-16;-585;-51;1282;199;57;115;0
2018/10/02/14:20:55.258292;[];0;353;-575;16273;-2;-20;-114;-585;-51;1282;11;58;115;0
2018/10/02/14:20:55.275435;[];0;465;-479;15969;116;-6;-12;-579;-57;1236;79;58;115;0
2018/10/02/14:20:55.287363;[];0;401;-703;15921;-30;-92;122;-579;-57;1236;147;58;115;0
2018/10/02/14:20:55.299360;[];0;449;-527;15649;-62;104;28;-618;-45;1243;232;58;115;0
2018/10/02/14:20:55.312336;[];0;561;-495;15809;2;-52;0;-618;-45;1243;44;59;115;0
2018/10/02/14:20:55.324332;[];0;721;-543;15713;-130;-92;-36;-618;-45;1243;112;59;115;0
2018/10/02/14:20:55.340362;[];0;721;-751;15585;-84;50;-50;-624;-45;1223;179;59;115;0
2018/10/02/14:20:55.353362;[];0;737;-751;15473;-52;76;10;-624;-45;1223;247;59;115;0
2018/10/02/14:20:55.365573;[];0;657;-1263;15473;-48;-6;90;-611;-45;1276;59;60;115;0
2018/10/02/14:20:55.377351;[];0;881;-1087;15825;-48;-10;-14;-611;-45;1276;127;60;115;0
2018/10/02/14:20:55.394352;[];0;801;-847;15537;-4;140;146;-611;-45;1276;195;60;115;0
2018/10/02/14:20:55.406352;[];0;609;-975;15377;-2;64;-2;-592;-57;1289;7;61;115;0
2018/10/02/14:20:55.418348;[];0;673;-1311;15537;46;-34;144;-592;-57;1289;75;61;115;0
2018/10/02/14:20:55.430343;[];0;625;-1135;15857;44;50;48;-592;-57;1289;143;61;115;0
2018/10/02/14:20:55.447350;[];0;545;-943;16113;76;-232;58;-618;-75;1250;211;61;115;0
2018/10/02/14:20:55.459311;[];0;625;-767;15713;66;-62;230;-618;-75;1250;23;62;115;0
2018/10/02/14:20:55.471344;[];0;545;-591;15633;36;6;176;-631;-33;1197;91;62;115;0
2018/10/02/14:20:55.484339;[];0;817;-303;15841;226;-28;76;-631;-33;1197;159;62;115;0
2018/10/02/14:20:55.500345;[];0;897;-63;16113;100;0;176;-605;-51;1256;244;62;115;0
2018/10/02/14:20:55.512345;[];0;1009;-239;15985;-56;-74;158;-605;-51;1256;56;63;115;0
2018/10/02/14:20:55.525340;[];0;977;-111;16001;10;-4;58;-605;-51;1256;124;63;115;0
2018/10/02/14:20:55.537363;[];0;1009;-431;15873;-26;-86;40;-592;-27;1256;192;63;115;0
2018/10/02/14:20:55.553323;[];0;753;-415;15857;-56;-72;112;-592;-27;1256;4;64;115;0
2018/10/02/14:20:55.566351;[];0;929;-559;15985;-88;4;134;-611;-33;1269;72;64;115;0
2018/10/02/14:20:55.578353;[];0;849;-303;15873;-30;-46;96;-611;-33;1269;140;64;115;0
2018/10/02/14:20:55.590349;[];0;1057;-223;15729;-32;30;88;-611;-33;1269;208;64;115;0
2018/10/02/14:20:55.602339;[];0;993;-463;15569;-134;14;-44;-618;-21;1282;20;65;115;0
2018/10/02/14:20:55.619355;[];0;1025;-399;15553;-80;-36;-36;-618;-21;1282;88;65;115;0
2018/10/02/14:20:55.631367;[];0;913;-447;15953;-66;-50;32;-618;-21;1282;156;65;115;0
2018/10/02/14:20:55.643363;[];0;1121;-623;16081;20;40;42;-585;-45;1223;224;65;115;0
2018/10/02/14:20:55.656351;[];0;1265;-783;15825;-4;0;2;-585;-45;1223;36;66;115;0
2018/10/02/14:20:55.672345;[];0;945;-671;15857;94;86;-20;-624;-57;1236;104;66;115;0
2018/10/02/14:20:55.684341;[];0;1169;-671;15761;-10;20;-22;-624;-57;1236;189;66;115;0
2018/10/02/14:20:55.697364;[];0;1185;-431;16081;104;0;-76;-624;-57;1236;240;66;115;0
2018/10/02/14:20:55.709355;[];0;1297;-383;15921;76;34;34;-598;-45;1263;69;67;115;0
2018/10/02/14:20:55.725328;[];0;1297;-351;16033;28;2;-102;-598;-45;1263;137;67;115;0
2018/10/02/14:20:55.738352;[];0;1233;-367;16257;74;-4;98;-572;-33;1289;205;67;115;0
2018/10/02/14:20:55.750348;[];0;1393;-431;16321;-90;-10;82;-572;-33;1289;17;68;115;0
2018/10/02/14:20:55.762346;[];0;1313;-271;16113;46;30;94;-598;-57;1256;85;68;115;0
2018/10/02/14:20:55.779366;[];0;1425;-351;16145;20;36;46;-598;-57;1256;153;68;115;0
2018/10/02/14:20:55.791318;[];0;1345;-319;16097;-110;2;62;-598;-57;1256;221;68;115;0
2018/10/02/14:20:55.803343;[];0;1329;-559;16161;-74;-10;42;-559;-57;1236;33;69;115;0
2018/10/02/14:20:55.815374;[];0;1217;-639;15969;-124;-30;106;-559;-57;1236;101;69;115;0
2018/10/02/14:20:55.832369;[];0;1057;-287;15793;-72;14;206;-559;-57;1236;169;69;115;0
2018/10/02/14:20:55.844366;[];0;993;-783;15825;-160;66;-32;-624;-45;1309;237;69;115;0
2018/10/02/14:20:55.856354;[];0;833;-751;15457;-30;122;-26;-624;-45;1309;49;70;115;0
2018/10/02/14:20:55.869379;[];0;801;-703;15489;-88;54;-44;-605;-69;1236;117;70;115;0
2018/10/02/14:20:55.885564;[];0;673;-943;15265;-54;92;72;-605;-69;1236;185;70;115;0
2018/10/02/14:20:55.897355;[];0;657;-911;15393;-30;64;-4;-605;-69;1236;253;70;115;0
2018/10/02/14:20:55.910357;[];0;817;-1023;15265;-18;116;6;-624;-51;1250;82;71;115;0
2018/10/02/14:20:55.922371;[];0;497;-1215;15441;84;-40;-78;-624;-51;1250;150;71;115;0
2018/10/02/14:20:55.934343;[];0;561;-1103;15265;-32;12;-20;-598;-87;1276;218;71;115;0
2018/10/02/14:20:55.951371;[];0;513;-831;15425;72;-4;32;-598;-87;1276;30;72;115;0
2018/10/02/14:20:55.963373;[];0;481;-959;15425;-40;28;20;-598;-51;1263;98;72;115;0
2018/10/02/14:20:55.975354;[];0;241;-911;15489;-52;-52;-14;-598;-51;1263;166;72;115;0
2018/10/02/14:20:55.987358;[];0;257;-911;15521;86;-12;6;-598;-51;1263;234;72;115;0
2018/10/02/14:20:56.004341;[];0;433;-639;15393;118;14;-174;-579;-39;1276;46;73;115;0
2018/10/02/14:20:56.016353;[];0;657;-783;15393;34;-48;-142;-579;-39;1276;114;73;115;0
2018/10/02/14:20:56.028355;[];0;673;-671;15521;18;-42;98;-579;-39;1276;182;73;115;0
2018/10/02/14:20:56.041351;[];0;577;-863;15681;36;-34;-86;-579;-75;1309;250;73;115;0
2018/10/02/14:20:56.057358;[];0;881;-1039;15761;32;60;-136;-579;-75;1309;62;74;115;0
2018/10/02/14:20:56.069367;[];0;1281;-1279;15793;-50;-100;-22;-624;-75;1256;130;74;115;0
2018/10/02/14:20:56.082351;[];0;1409;-1487;15713;-60;54;-62;-624;-75;1256;198;74;115;0
2018/10/02/14:20:56.094349;[];0;1905;-2127;16113;-32;-56;-134;-624;-75;1256;10;75;115;0
2018/10/02/14:20:56.110358;[];0;1825;-2511;15921;-104;24;-156;-637;-69;1302;78;75;115;0
2018/10/02/14:20:56.123352;[];0;2449;-2767;15793;-122;12;-78;-637;-69;1302;163;75;115;0
2018/10/02/14:20:56.135504;[];0;2801;-3151;15905;-82;-6;-152;-572;-69;1269;231;75;115;0
2018/10/02/14:20:56.147357;[];0;3425;-3743;16225;-36;-74;-86;-572;-69;1269;43;76;115;0
2018/10/02/14:20:56.164338;[];0;3425;-3487;16001;-78;-2;-130;-611;-69;1289;111;76;115;0
2018/10/02/14:20:56.176356;[];0;3809;-3855;16833;-62;10;-292;-611;-69;1289;179;76;115;0
2018/10/02/14:20:56.188361;[];0;4097;-3903;16193;24;-20;-58;-611;-69;1289;247;76;115;0
2018/10/02/14:20:56.200374;[];0;4449;-4047;16625;-14;66;-228;-624;-93;1256;59;77;115;0
2018/10/02/14:20:56.213129;[];0;4625;-4319;16833;10;-22;-282;-624;-93;1256;127;77;115;0
2018/10/02/14:20:56.229371;[];0;4673;-4479;16321;82;70;-382;-585;-63;1236;195;77;115;0
2018/10/02/14:20:56.241357;[];0;4897;-4799;16897;-10;32;-236;-585;-63;1236;7;78;115;0
2018/10/02/14:20:56.254348;[];0;5057;-4879;16769;146;-36;-170;-585;-63;1236;75;78;115;0
2018/10/02/14:20:56.266378;[];0;5329;-4927;16817;90;42;-100;-624;-87;1276;143;78;115;0
2018/10/02/14:20:56.282372;[];0;5537;-5071;17073;34;100;-268;-624;-87;1276;211;78;115;0
2018/10/02/14:20:56.295506;[];0;5905;-5263;16513;-18;150;-238;-624;-87;1276;23;79;115;0
2018/10/02/14:20:56.307359;[];0;6161;-4911;16449;12;28;-88;-605;-105;1276;91;79;115;0
2018/10/02/14:20:56.319363;[];0;6577;-4783;16353;-60;-46;68;-605;-105;1276;176;79;115;0
2018/10/02/14:20:56.336359;[];0;6801;-4703;16161;28;-92;14;-592;-45;1276;244;79;115;0
2018/10/02/14:20:56.348320;[];0;6545;-4447;16641;-32;-114;188;-592;-45;1276;56;80;115;0
2018/10/02/14:20:56.360351;[];0;6273;-4735;16817;-64;150;206;-598;-75;1236;124;80;115;0
2018/10/02/14:20:56.372373;[];0;5969;-4431;16337;30;254;156;-598;-75;1236;192;80;115;0
2018/10/02/14:20:56.389369;[];0;5265;-4287;16465;14;234;290;-598;-75;1236;4;81;115;0
2018/10/02/14:20:56.401362;[];0;4801;-3695;15345;136;332;194;-598;-63;1243;72;81;115;0
2018/10/02/14:20:56.413374;[];0;4545;-2847;15025;68;270;308;-598;-63;1243;140;81;115;0
2018/10/02/14:20:56.426360;[];0;4193;-2255;14145;144;256;384;-618;-51;1171;208;81;115;0
2018/10/02/14:20:56.442358;[];0;4049;-1583;13409;164;236;408;-618;-51;1171;20;82;115;0
2018/10/02/14:20:56.454352;[];0;4225;-1615;14385;40;60;336;-618;-51;1171;88;82;115;0
2018/10/02/14:20:56.467360;[];0;3585;-1567;14657;68;-60;288;-644;-27;1203;156;82;115;0
2018/10/02/14:20:56.479365;[];0;2769;-815;15617;128;-162;206;-644;-27;1203;224;82;115;0
2018/10/02/14:20:56.495296;[];0;1409;-1055;16769;122;-124;420;-644;-27;1203;36;83;115;0
2018/10/02/14:20:56.508361;[];0;865;-1295;16145;98;-78;390;-656;-9;1203;104;83;115;0
2018/10/02/14:20:56.520356;[];0;737;-623;15057;-18;-42;520;-656;-9;1203;189;83;115;0
2018/10/02/14:20:56.532354;[];0;1249;65;14817;36;-72;506;-631;15;1177;1;84;115;0
2018/10/02/14:20:56.545352;[];0;1057;1185;13697;-50;-148;386;-631;15;1177;69;84;115;0
2018/10/02/14:20:56.561359;[];0;417;2241;14481;-80;-106;404;-656;27;1151;137;84;115;0
2018/10/02/14:20:56.573360;[];0;-367;2881;14337;-96;-180;156;-656;27;1151;205;84;115;0
2018/10/02/14:20:56.585371;[];0;-1167;2929;15665;46;-260;216;-656;27;1151;17;85;115;0
2018/10/02/14:20:56.598362;[];0;-2767;2769;16577;146;-172;242;-650;33;1118;85;85;115;0
2018/10/02/14:20:56.614355;[];0;-4111;3057;17665;230;-124;528;-650;33;1118;153;85;115;0
2018/10/02/14:20:56.626366;[];0;-4079;3201;17425;468;16;690;-637;51;1131;221;85;115;0
2018/10/02/14:20:56.639365;[];0;-4607;4753;17633;512;122;748;-637;51;1131;33;86;115;0
2018/10/02/14:20:56.651387;[];0;-4943;5233;16817;432;-44;854;-637;51;1131;101;86;115;0
2018/10/02/14:20:56.667364;[];0;-5407;6273;16609;350;120;928;-624;93;1046;169;86;115;0
2018/10/02/14:20:56.680379;[];0;-5423;6833;16193;172;8;944;-624;93;1046;237;86;115;0
2018/10/02/14:20:56.692360;[];0;-5759;7169;15889;288;82;758;-624;93;1046;49;87;115;0
2018/10/02/14:20:56.704355;[];0;-5903;7057;16497;30;28;706;-637;111;1072;117;87;115;0
2018/10/02/14:20:56.721362;[];0;-6063;7377;16065;14;80;706;-637;111;1072;185;87;115;0
2018/10/02/14:20:56.733360;[];0;-6671;7041;16817;-2;168;572;-702;153;1151;14;88;115;0
2018/10/02/14:20:56.745575;[];0;-6319;6625;16705;54;106;362;-702;153;1151;82;88;115;0
2018/10/02/14:20:56.757365;[];0;-6687;6433;16577;56;98;480;-631;153;1039;150;88;115;0
2018/10/02/14:20:56.774336;[];0;-6911;6513;16609;-52;170;608;-631;153;1039;218;88;115;0
2018/10/02/14:20:56.786383;[];0;-7023;6753;15377;-70;188;472;-631;153;1039;30;89;115;0
2018/10/02/14:20:56.798380;[];0;-6847;6593;15505;-28;378;404;-631;141;1046;97;89;115;0
2018/10/02/14:20:56.811359;[];0;-6559;6785;14369;-230;342;364;-631;141;1046;165;89;115;0
2018/10/02/14:20:56.823356;[];0;-6607;6721;15249;-110;200;390;-669;147;1039;233;89;115;0
2018/10/02/14:20:56.839379;[];0;-6879;6481;15297;-76;246;166;-669;147;1039;45;90;115;0
2018/10/02/14:20:56.852361;[];0;-7423;6609;14881;-194;218;2;-669;147;1039;113;90;115;0
2018/10/02/14:20:56.864354;[];0;-7359;6593;14737;-190;194;102;-676;171;1052;181;90;115;0
2018/10/02/14:20:56.876370;[];0;-6735;5425;14161;-294;180;-108;-676;171;1052;249;90;115;0
2018/10/02/14:20:56.893363;[];0;-6015;6193;13793;-270;-8;-44;-676;171;1052;61;91;115;0
2018/10/02/14:20:56.905583;[];0;-5567;6561;14433;-276;-146;-146;-676;165;1092;129;91;115;0
2018/10/02/14:20:56.917370;[];0;-5567;6193;14577;-232;-204;-232;-676;165;1092;197;91;115;0
2018/10/02/14:20:56.930359;[];0;-5359;5217;14897;-246;-300;-200;-669;129;1092;26;92;115;0
2018/10/02/14:20:56.946368;[];0;-5215;4497;16049;-256;-238;-218;-669;129;1092;94;92;115;0
2018/10/02/14:20:56.958382;[];0;-5855;3969;15953;-220;-172;-228;-663;99;1144;162;92;115;0
2018/10/02/14:20:56.970384;[];0;-5791;4337;16913;-326;-104;-208;-663;99;1144;230;92;115;0
2018/10/02/14:20:56.983381;[];0;-5759;4481;17233;-242;-114;-86;-663;99;1144;42;93;115;0
2018/10/02/14:20:56.999386;[];0;-5087;4353;16337;-334;-34;-318;-676;129;1131;110;93;115;0
2018/10/02/14:20:57.011381;[];0;-4367;4641;16177;-180;42;-300;-676;129;1131;178;93;115;0
2018/10/02/14:20:57.024359;[];0;-3855;4497;15137;-50;64;-464;-663;75;1144;246;93;115;0
2018/10/02/14:20:57.036384;[];0;-2927;4785;14865;-34;10;-602;-663;75;1144;58;94;115;0
2018/10/02/14:20:57.052374;[];0;-3215;5073;15537;80;-126;-706;-663;75;1144;126;94;115;0
2018/10/02/14:20:57.065592;[];0;-2783;4449;15585;124;-166;-654;-650;51;1177;194;94;115;0
2018/10/02/14:20:57.077379;[];0;-1887;4001;16225;96;-218;-876;-650;51;1177;6;95;115;0
2018/10/02/14:20:57.089384;[];0;-1759;3281;15761;174;-220;-990;-650;51;1177;74;95;115;0
2018/10/02/14:20:57.106360;[];0;-1087;2721;16241;24;-170;-912;-624;63;1138;142;95;115;0
2018/10/02/14:20:57.118382;[];0;-559;1569;16001;80;-246;-946;-624;63;1138;210;95;115;0
2018/10/02/14:20:57.130382;[];0;-799;449;17537;86;-54;-946;-611;51;1217;39;96;115;0
2018/10/02/14:20:57.142363;[];0;-767;1633;16529;92;-62;-870;-611;51;1217;107;96;115;0
2018/10/02/14:20:57.155487;[];0;-1087;2433;16017;144;-12;-944;-631;3;1250;175;96;115;0
2018/10/02/14:20:57.171370;[];0;-47;3697;15281;192;0;-910;-631;3;1250;243;96;115;0
2018/10/02/14:20:57.183362;[];0;961;4225;14161;206;-234;-900;-631;3;1250;55;97;115;0
2018/10/02/14:20:57.196372;[];0;2385;3937;13985;142;-318;-1224;-618;3;1243;123;97;115;0
2018/10/02/14:20:57.208383;[];0;4001;2945;14337;50;-544;-1164;-618;3;1243;191;97;115;0
2018/10/02/14:20:57.224383;[];0;4321;1409;15409;38;-572;-1422;-598;-39;1250;3;98;115;0
2018/10/02/14:20:57.237373;[];0;4129;-127;16897;-16;-578;-1520;-598;-39;1250;71;98;115;0
2018/10/02/14:20:57.249393;[];0;3713;-2015;17489;-80;-308;-1430;-598;-39;1250;139;98;115;0
2018/10/02/14:20:57.261410;[];0;3793;-2047;17409;-76;-124;-1338;-553;-51;1335;207;98;115;0
2018/10/02/14:20:57.278373;[];0;4433;-1407;16097;-22;-24;-1094;-553;-51;1335;19;99;115;0
2018/10/02/14:20:57.290370;[];0;6193;-847;15889;-64;122;-1108;-553;-51;1335;87;99;115;0
2018/10/02/14:20:57.302375;[];0;7681;-543;13809;122;66;-1052;-533;-93;1355;155;99;115;0
2018/10/02/14:20:57.315526;[];0;8033;-1263;14417;10;130;-1154;-533;-93;1355;223;99;115;0
2018/10/02/14:20:57.331331;[];0;7761;-2751;14593;-120;-48;-1324;-508;-105;1381;35;100;115;0
2018/10/02/14:20:57.343372;[];0;7825;-4895;14033;-206;-8;-1254;-508;-105;1381;120;100;115;0
2018/10/02/14:20:57.360398;[];0;7633;-5039;14753;-220;80;-1264;-501;-147;1394;188;100;115;0
2018/10/02/14:20:57.372369;[];0;8193;-4767;15089;-86;224;-1112;-501;-147;1394;17;101;115;0
2018/10/02/14:20:57.384365;[];0;8417;-3791;14161;-78;294;-1124;-501;-147;1394;85;101;115;0
2018/10/02/14:20:57.396372;[];0;8449;-3087;15585;-16;68;-820;-495;-189;1381;153;101;115;0
2018/10/02/14:20:57.413371;[];0;9201;-2527;15025;108;-50;-692;-495;-189;1381;221;101;115;0
2018/10/02/14:20:57.425391;[];0;8897;-3167;15201;84;-88;-664;-469;-201;1407;33;102;115;0
2018/10/02/14:20:57.437373;[];0;8785;-3519;15457;142;-162;-766;-469;-201;1407;101;102;115;0
2018/10/02/14:20:57.450369;[];0;8609;-3839;14481;76;-248;-756;-469;-201;1407;152;102;115;0
2018/10/02/14:20:57.466377;[];0;8769;-4047;14689;76;-192;-480;-482;-219;1407;237;102;115;0
2018/10/02/14:20:57.478378;[];0;9297;-3791;15297;-32;-144;-548;-482;-219;1407;49;103;115;0
2018/10/02/14:20:57.491368;[];0;9505;-4511;15889;-268;-214;-470;-462;-249;1407;117;103;115;0
2018/10/02/14:20:57.503371;[];0;9201;-5039;16481;-282;-94;-538;-462;-249;1407;185;103;115;0
2018/10/02/14:20:57.519389;[];0;8593;-5519;16385;-346;-76;-450;-462;-249;1407;253;103;115;0
2018/10/02/14:20:57.532374;[];0;2497;-2207;11761;-224;-34;-220;-417;-261;1394;65;104;115;0
2018/10/02/14:20:57.544368;[];0;8433;-2303;19457;-290;16;-114;-417;-261;1394;133;104;115;0
2018/10/02/14:20:57.556377;[];0;8417;-5327;16913;-76;40;-218;-411;-261;1407;201;104;115;0
2018/10/02/14:20:57.573366;[];0;8561;-4495;16337;-154;114;-200;-411;-261;1407;13;105;115;0
2018/10/02/14:20:57.585312;[];0;7969;-4719;16689;-202;114;-96;-411;-261;1407;98;105;115;0
2018/10/02/14:20:57.597375;[];0;7457;-4703;15473;-140;100;-92;-391;-285;1407;166;105;115;0
2018/10/02/14:20:57.609389;[];0;6753;-4479;16241;-140;158;8;-391;-285;1407;234;105;115;0
2018/10/02/14:20:57.626357;[];0;6769;-4159;16321;-162;236;42;-411;-279;1434;46;106;115;0
2018/10/02/14:20:57.638377;[];0;6561;-4447;15041;-196;110;6;-411;-279;1434;114;106;115;0
2018/10/02/14:20:57.650370;[];0;6161;-3967;15729;-322;14;154;-411;-279;1434;182;106;115;0
2018/10/02/14:20:57.663393;[];0;6529;-3951;15009;-174;90;70;-443;-273;1361;11;107;115;0
2018/10/02/14:20:57.675375;[];0;6193;-4655;14753;-260;112;76;-443;-273;1361;62;107;115;0
2018/10/02/14:20:57.691374;[];0;6465;-5359;14289;-286;-4;122;-430;-309;1401;130;107;115;0
2018/10/02/14:20:57.704378;[];0;7089;-6303;14209;-274;-24;104;-430;-309;1401;198;107;115;0
2018/10/02/14:20:57.716399;[];0;7569;-7103;14785;-274;-100;152;-430;-309;1401;10;108;115;0
2018/10/02/14:20:57.728391;[];0;6417;-6639;11969;-344;-96;106;-436;-273;1421;78;108;115;0
2018/10/02/14:20:57.745381;[];0;7889;-7311;15441;-184;-86;148;-436;-273;1421;146;108;115;0
2018/10/02/14:20:57.757380;[];0;6897;-5487;14369;-104;64;336;-456;-327;1381;214;108;115;0
2018/10/02/14:20:57.769387;[];0;6129;-6895;15377;-94;128;456;-456;-327;1381;26;109;115;0
2018/10/02/14:20:57.781390;[];0;6097;-6127;16913;26;206;390;-456;-327;1381;111;109;115;0
2018/10/02/14:20:57.798378;[];0;6177;-5999;15377;206;250;578;-469;-333;1381;179;109;115;0
2018/10/02/14:20:57.810377;[];0;5937;-5407;14161;144;256;426;-469;-333;1381;247;109;115;0
2018/10/02/14:20:57.822376;[];0;6561;-4975;14641;140;132;560;-475;-315;1348;59;110;115;0
2018/10/02/14:20:57.835372;[];0;6577;-4959;13761;124;62;362;-475;-315;1348;127;110;115;0
2018/10/02/14:20:57.851377;[];0;5857;-5423;15185;90;-108;364;-475;-315;1348;195;110;115;0
2018/10/02/14:20:57.863382;[];0;4849;-4991;15313;92;-120;416;-462;-267;1328;7;111;115;0
2018/10/02/14:20:57.876383;[];0;3985;-5455;16801;268;-132;420;-462;-267;1328;109;111;115;0
2018/10/02/14:20:57.888378;[];0;3425;-4335;15745;280;-18;510;-501;-261;1368;160;111;115;0
2018/10/02/14:20:57.904354;[];0;2257;-4031;16881;220;166;464;-501;-261;1368;211;111;115;0
2018/10/02/14:20:57.917382;[];0;1041;-4047;15841;252;142;532;-501;-261;1368;23;112;115;0
2018/10/02/14:20:57.929382;[];0;689;-2975;14385;234;188;434;-501;-225;1335;91;112;115;0
2018/10/02/14:20:57.941370;[];0;817;-2431;13889;216;134;672;-501;-225;1335;159;112;115;0
2018/10/02/14:20:57.953375;[];0;1137;-2383;13265;76;124;542;-546;-213;1368;227;112;115;0
2018/10/02/14:20:57.970380;[];0;1665;-2319;13761;-26;-124;376;-546;-213;1368;39;113;115;0
2018/10/02/14:20:57.982380;[];0;817;-1311;15633;34;-130;340;-546;-213;1368;124;113;115;0
2018/10/02/14:20:57.994371;[];0;881;-1759;14305;96;-306;454;-559;-177;1328;192;113;115;0
2018/10/02/14:20:58.007384;[];0;49;-927;16465;36;-328;512;-559;-177;1328;4;114;115;0
2018/10/02/14:20:58.023375;[];0;-671;49;16369;28;-398;604;-501;-177;1309;72;114;115;0
2018/10/02/14:20:58.035381;[];0;-1343;1281;16417;54;-214;668;-501;-177;1309;140;114;115;0
2018/10/02/14:20:58.048382;[];0;-991;2161;17393;96;-266;794;-501;-177;1309;208;114;115;0
2018/10/02/14:20:58.060374;[];0;-1407;3921;15601;36;-270;962;-559;-165;1335;20;115;115;0
2018/10/02/14:20:58.076385;[];0;-559;4929;16721;44;-278;960;-559;-165;1335;88;115;115;0
2018/10/02/14:20:58.089389;[];0;1265;4833;15185;-2;-390;832;-533;-153;1328;156;115;115;0
2018/10/02/14:20:58.101399;[];0;977;4545;15121;-144;-306;548;-533;-153;1328;224;115;115;0
2018/10/02/14:20:58.113392;[];0;449;4529;17377;-198;-344;428;-533;-153;1328;36;116;115;0
2018/10/02/14:20:58.130334;[];0;-175;3777;16657;-298;-234;216;-521;-117;1296;104;116;115;0
2018/10/02/14:20:58.142363;[];0;81;3569;18177;-182;72;324;-521;-117;1296;172;116;115;0
2018/10/02/14:20:58.154377;[];0;145;4513;17409;-90;30;476;-533;-129;1276;240;116;115;0
2018/10/02/14:20:58.166386;[];0;817;4913;16417;-102;180;210;-533;-129;1276;52;117;115;0
2018/10/02/14:20:58.183381;[];0;2257;4433;16241;-114;30;86;-533;-129;1276;137;117;115;0
2018/10/02/14:20:58.195367;[];0;2257;3137;15825;-96;22;182;-546;-123;1250;205;117;115;0
2018/10/02/14:20:58.207386;[];0;1345;3153;16369;-66;-6;-88;-546;-123;1250;17;118;115;0
2018/10/02/14:20:58.220381;[];0;737;2689;16945;-52;16;-202;-540;-117;1309;85;118;115;0
2018/10/02/14:20:58.232353;[];0;-95;2513;16977;-16;0;-38;-540;-117;1309;153;118;115;0
2018/10/02/14:20:58.248386;[];0;-159;1889;17473;-90;70;36;-540;-117;1309;221;118;115;0
2018/10/02/14:20:58.261417;[];0;833;897;15329;38;224;-4;-572;-117;1302;32;119;115;0
2018/10/02/14:20:58.273378;[];0;785;689;14865;54;178;294;-572;-117;1302;100;119;115;0
2018/10/02/14:20:58.285328;[];0;-127;785;16017;-102;122;328;-559;-81;1269;168;119;115;0
2018/10/02/14:20:58.302389;[];0;-1167;17;16337;-64;100;372;-559;-81;1269;236;119;115;0
2018/10/02/14:20:58.314376;[];0;-1519;273;16913;36;196;604;-559;-81;1269;48;120;115;0
2018/10/02/14:20:58.326378;[];0;-2671;369;16481;180;216;650;-559;-93;1223;116;120;115;0
2018/10/02/14:20:58.338402;[];0;-2895;257;16257;228;310;678;-559;-93;1223;184;120;115;0
2018/10/02/14:20:58.355483;[];0;-3135;1073;15889;272;358;734;-605;-105;1236;252;120;115;0
2018/10/02/14:20:58.367386;[];0;-3727;2769;15425;402;356;808;-605;-105;1236;64;121;115;0
2018/10/02/14:20:58.379402;[];0;-4175;3969;16113;428;328;658;-605;-105;1236;132;121;115;0
2018/10/02/14:20:58.392316;[];0;-3839;3953;15697;360;132;644;-618;-45;1236;217;121;115;0
2018/10/02/14:20:58.408392;[];0;-3631;4017;15473;262;142;496;-618;-45;1236;29;122;115;0
2018/10/02/14:20:58.420385;[];0;-2895;3457;15473;310;196;272;-611;-39;1223;97;122;115;0
2018/10/02/14:20:58.433385;[];0;-2239;3217;16225;144;54;290;-611;-39;1223;165;122;115;0
2018/10/02/14:20:58.445114;[];0;-2239;2369;16385;-4;84;28;-611;-39;1223;233;122;115;0
2018/10/02/14:20:58.461385;[];0;-2143;1729;17585;62;116;84;-637;-27;1197;45;123;115;0
2018/10/02/14:20:58.474402;[];0;-2351;977;17329;-96;144;98;-637;-27;1197;113;123;115;0
2018/10/02/14:20:58.486390;[];0;-1839;833;16641;-4;238;0;-644;-45;1190;181;123;115;0
2018/10/02/14:20:58.498400;[];0;-1311;1105;16305;-70;184;48;-644;-45;1190;249;123;115;0
2018/10/02/14:20:58.515298;[];0;-623;1345;15937;-118;334;60;-644;-45;1190;61;124;115;0
2018/10/02/14:20:58.527392;[];0;-47;1057;16001;-106;114;-10;-631;-27;1190;129;124;115;0
2018/10/02/14:20:58.539380;[];0;-431;561;15841;-56;84;54;-631;-27;1190;197;124;115;0
2018/10/02/14:20:58.551385;[];0;-319;225;15825;-68;100;-130;-650;-45;1203;9;125;115;0
2018/10/02/14:20:58.564379;[];0;-239;-495;15985;-200;76;-192;-650;-45;1203;77;125;115;0
2018/10/02/14:20:58.580374;[];0;-239;-1039;16129;28;124;-176;-650;-45;1203;145;125;115;0
2018/10/02/14:20:58.592384;[];0;33;-1039;15969;-62;178;-100;-611;-39;1190;230;125;115;0
2018/10/02/14:20:58.605316;[];0;513;-943;15633;26;112;34;-611;-39;1190;42;126;115;0
2018/10/02/14:20:58.617391;[];0;273;-1167;15313;-80;126;-108;-669;-33;1210;110;126;115;0
2018/10/02/14:20:58.633384;[];0;369;-975;15089;20;94;48;-669;-33;1210;178;126;115;0
2018/10/02/14:20:58.646392;[];0;721;-831;14929;84;50;-90;-669;-33;1210;246;126;115;0
2018/10/02/14:20:58.658394;[];0;449;-575;14417;58;112;36;-663;-63;1184;58;127;115;0
2018/10/02/14:20:58.670387;[];0;673;-799;15089;216;38;-104;-663;-63;1184;126;127;115;0
2018/10/02/14:20:58.687343;[];0;721;-1231;15009;20;-108;-120;-715;-45;1177;194;127;115;0
2018/10/02/14:20:58.699388;[];0;769;-1343;15313;94;26;-32;-715;-45;1177;6;128;115;0
2018/10/02/14:20:58.711386;[];0;561;-1599;15361;140;-44;-102;-715;-45;1177;74;128;115;0
2018/10/02/14:20:58.723384;[];0;769;-1295;15361;118;-98;56;-611;-27;1203;142;128;115;0
2018/10/02/14:20:58.740389;[];0;545;-1327;15889;126;-106;-40;-611;-27;1203;210;128;115;0
2018/10/02/14:20:58.752384;[];0;609;-1119;15505;50;-84;198;-695;-15;1190;22;129;115;0
2018/10/02/14:20:58.764383;[];0;801;-639;15009;120;-6;-86;-695;-15;1190;90;129;115;0
2018/10/02/14:20:58.777393;[];0;1057;-95;14833;10;-236;230;-695;-15;1190;158;129;115;0
2018/10/02/14:20:58.793366;[];0;1361;97;14593;36;-174;156;-631;-9;1217;226;129;115;0
2018/10/02/14:20:58.805345;[];0;1025;-527;15457;72;-164;4;-631;-9;1217;55;130;115;0
2018/10/02/14:20:58.818396;[];0;1041;-1743;15873;36;-236;54;-637;-9;1223;123;130;115;0
2018/10/02/14:20:58.830385;[];0;833;-2655;16225;12;-364;-92;-637;-9;1223;191;130;115;0
2018/10/02/14:20:58.842381;[];0;385;-3695;17185;-32;-194;-30;-637;-9;1223;3;131;115;0
2018/10/02/14:20:58.859393;[];0;513;-4191;17393;-6;-148;-128;-592;-39;1250;71;131;115;0
2018/10/02/14:20:58.871408;[];0;-63;-5183;18017;-190;-74;-120;-592;-39;1250;139;131;115;0
2018/10/02/14:20:58.883387;[];0;-143;-6975;17889;-8;-46;-134;-605;-39;1236;207;131;115;0
2018/10/02/14:20:58.895444;[];0;-143;-6671;17505;-116;60;-192;-605;-39;1236;19;132;115;0
2018/10/02/14:20:58.912410;[];0;-191;-7583;17377;-158;126;-230;-605;-39;1236;87;132;115;0
2018/10/02/14:20:58.924394;[];0;97;-8831;17441;-82;198;-282;-618;-45;1230;155;132;115;0
2018/10/02/14:20:58.936406;[];0;753;-5775;12497;60;8;-400;-618;-45;1230;223;132;115;0
2018/10/02/14:20:58.949403;[];0;-511;-9039;17153;-100;200;-316;-644;-75;1256;35;133;115;0
2018/10/02/14:20:58.965655;[];0;241;-8495;16353;64;130;-284;-644;-75;1256;103;133;115;0
2018/10/02/14:20:58.977400;[];0;-15;-10335;15153;120;78;-312;-644;-75;1256;171;133;115;0
2018/10/02/14:20:58.990385;[];0;129;-10287;17857;260;36;-256;-631;-39;1197;239;133;115;0
2018/10/02/14:20:59.002410;[];0;-31;-9855;16257;440;86;-182;-631;-39;1197;68;134;115;0
2018/10/02/14:20:59.018398;[];0;-511;-9295;14689;506;28;-62;-663;-39;1230;136;134;115;0
2018/10/02/14:20:59.031392;[];0;161;-9135;17041;564;-74;-124;-663;-39;1230;204;134;115;0
2018/10/02/14:20:59.043388;[];0;81;-8047;14545;520;-132;80;-663;-39;1230;16;135;115;0
2018/10/02/14:20:59.055463;[];0;545;-7023;16081;564;-68;100;-644;-3;1256;84;135;115;0
2018/10/02/14:20:59.072413;[];0;1281;-5567;16817;494;-260;174;-644;-3;1256;152;135;115;0
2018/10/02/14:20:59.084386;[];0;1297;-5487;16353;486;-58;94;-631;3;1177;220;135;115;0
2018/10/02/14:20:59.096398;[];0;1217;-4831;17745;316;-158;114;-631;3;1177;32;136;115;0
2018/10/02/14:20:59.108397;[];0;401;-4159;16465;206;-224;314;-631;3;1177;100;136;115;0
2018/10/02/14:20:59.125571;[];0;433;-2431;17441;86;-132;360;-592;57;1177;168;136;115;0
2018/10/02/14:20:59.137398;[];0;913;-1247;17569;52;-186;348;-592;57;1177;236;136;115;0
2018/10/02/14:20:59.149400;[];0;1137;-767;17521;58;-88;266;-592;9;1190;48;137;115;0
2018/10/02/14:20:59.162390;[];0;801;193;17489;40;138;82;-592;9;1190;116;137;115;0
2018/10/02/14:20:59.174389;[];0;193;1201;16033;92;122;-92;-592;9;1190;184;137;115;0
2018/10/02/14:20:59.190395;[];0;241;1969;15441;314;262;-274;-624;75;1164;252;137;115;0
2018/10/02/14:20:59.203392;[];0;833;4561;14513;368;356;-218;-624;75;1164;81;138;115;0
2018/10/02/14:20:59.215371;[];0;1617;6817;12737;508;412;-332;-598;99;1157;149;138;115;0
2018/10/02/14:20:59.227401;[];0;2305;8561;13969;454;252;-468;-598;99;1157;217;138;115;0
2018/10/02/14:20:59.244390;[];0;2753;8561;13985;238;268;-408;-598;99;1157;29;139;115;0
2018/10/02/14:20:59.256400;[];0;2305;8929;13073;336;94;-760;-669;87;1184;97;139;115;0
2018/10/02/14:20:59.268404;[];0;2113;7729;15553;232;14;-638;-669;87;1184;165;139;115;0
2018/10/02/14:20:59.280391;[];0;1793;8385;13633;100;132;-478;-669;99;1131;233;139;115;0
2018/10/02/14:20:59.297402;[];0;1393;8081;15025;44;258;-526;-669;99;1131;45;140;115;0
2018/10/02/14:20:59.309403;[];0;1361;7985;14609;-100;116;-380;-669;99;1131;113;140;115;0
2018/10/02/14:20:59.321397;[];0;849;7601;13377;-30;238;-284;-689;87;1157;181;140;115;0
2018/10/02/14:20:59.334394;[];0;1057;7409;14193;-184;2;-152;-689;87;1157;249;140;115;0
2018/10/02/14:20:59.350411;[];0;673;8321;13761;-98;-176;-128;-702;63;1125;61;141;115;0
2018/10/02/14:20:59.362393;[];0;577;8097;13969;28;-238;-58;-702;63;1125;129;141;115;0
2018/10/02/14:20:59.375330;[];0;1041;7985;14113;58;-374;-64;-702;63;1125;197;141;115;0
2018/10/02/14:20:59.387403;[];0;1121;8065;14113;80;-440;-30;-669;99;1157;9;142;115;0
2018/10/02/14:20:59.403373;[];0;1409;8273;14801;32;-608;170;-669;99;1157;77;142;115;0
2018/10/02/14:20:59.416403;[];0;977;7777;15777;-190;-594;208;-676;105;1203;162;142;115;0
2018/10/02/14:20:59.428401;[];0;433;8433;15761;-170;-660;406;-676;105;1203;230;142;115;0
2018/10/02/14:20:59.440395;[];0;257;8993;16785;-124;-482;332;-676;105;1203;42;143;115;0
2018/10/02/14:20:59.452390;[];0;577;9009;16705;-288;-586;574;-611;87;1144;110;143;115;0
2018/10/02/14:20:59.469405;[];0;977;8161;16881;-312;-352;526;-611;87;1144;178;143;115;0
2018/10/02/14:20:59.481397;[];0;961;7473;16945;-438;-294;440;-618;69;1164;246;143;115;0
2018/10/02/14:20:59.493397;[];0;369;8129;17489;-592;-288;524;-618;69;1164;58;144;115;0
2018/10/02/14:20:59.506402;[];0;481;8625;18017;-518;14;300;-618;69;1164;126;144;115;0
2018/10/02/14:20:59.522394;[];0;737;9521;17377;-232;64;444;-566;69;1223;194;144;115;0
2018/10/02/14:20:59.534394;[];0;961;9729;17345;-350;86;490;-566;69;1223;6;145;115;0
2018/10/02/14:20:59.547418;[];0;1777;9057;15537;-322;308;312;-572;57;1190;74;145;115;0
2018/10/02/14:20:59.559394;[];0;1761;8993;14417;-460;258;460;-572;57;1190;142;145;115;0
2018/10/02/14:20:59.575372;[];0;1697;8641;14465;-396;286;398;-572;57;1190;210;145;115;0
2018/10/02/14:20:59.588374;[];0;1713;9201;14721;-218;276;394;-611;57;1190;22;146;115;0
2018/10/02/14:20:59.600399;[];0;1441;8353;14353;-202;314;246;-611;57;1190;90;146;115;0
2018/10/02/14:20:59.612394;[];0;1505;7505;14401;90;230;286;-637;39;1190;175;146;115;0
2018/10/02/14:20:59.629404;[];0;1521;6721;14049;30;252;296;-637;39;1190;243;146;115;0
2018/10/02/14:20:59.641397;[];0;1905;6385;14353;152;250;274;-637;39;1190;55;147;115;0
2018/10/02/14:20:59.653424;[];0;2113;6817;13537;216;280;228;-637;33;1230;123;147;115;0
2018/10/02/14:20:59.665434;[];0;2225;6113;13153;288;200;214;-637;33;1230;191;147;115;0
2018/10/02/14:20:59.682425;[];0;2401;5201;13153;340;194;412;-663;63;1177;3;148;115;0
2018/10/02/14:20:59.694422;[];0;1777;4609;12593;288;166;322;-663;63;1177;71;148;115;0
2018/10/02/14:20:59.706425;[];0;2289;4145;13729;220;154;328;-663;63;1177;138;148;115;0
2018/10/02/14:20:59.719428;[];0;2065;4849;13041;36;56;392;-637;111;1223;206;148;115;0
2018/10/02/14:20:59.735397;[];0;1857;4353;13809;112;82;244;-637;111;1223;18;149;115;0
2018/10/02/14:20:59.747424;[];0;1313;3377;13889;108;74;226;-631;93;1276;86;149;115;0
2018/10/02/14:20:59.760427;[];0;465;2481;12753;-18;186;162;-631;93;1276;171;149;115;0
2018/10/02/14:20:59.772426;[];0;513;1969;14321;8;250;44;-631;93;1276;222;149;115;0
2018/10/02/14:20:59.784422;[];0;657;1473;12785;-106;144;4;-656;111;1223;34;150;115;0
2018/10/02/14:20:59.801423;[];0;1409;1217;14353;-72;140;-96;-656;111;1223;102;150;115;0
2018/10/02/14:20:59.813418;[];0;897;1329;15057;-28;114;-168;-656;81;1315;187;150;115;0
2018/10/02/14:20:59.825331;[];0;865;-255;14017;-214;-6;-292;-656;81;1315;255;150;115;0
2018/10/02/14:20:59.837407;[];0;465;-623;15057;-90;102;-114;-656;81;1315;67;151;115;0
2018/10/02/14:20:59.854397;[];0;577;657;17265;-34;126;-156;-618;27;1302;135;151;115;0
2018/10/02/14:20:59.870392;[];0;305;-1615;14721;34;82;-166;-618;27;1302;220;151;115;0
2018/10/02/14:20:59.883420;[];0;945;-1599;13361;-242;-32;-88;-637;15;1335;32;152;115;0
2018/10/02/14:20:59.895398;[];0;1169;-1807;15217;-156;-174;-136;-637;15;1335;100;152;115;0
2018/10/02/14:20:59.907409;[];0;1041;-2495;13761;-288;-70;-242;-656;3;1269;168;152;115;0
2018/10/02/14:20:59.923399;[];0;3505;1649;19009;-166;-62;-330;-656;3;1269;236;152;115;0
2018/10/02/14:20:59.936406;[];0;801;-3679;19233;-256;-166;-414;-656;3;1269;48;153;115;0
2018/10/02/14:20:59.948406;[];0;561;-4063;16337;-204;6;-480;-656;-75;1302;116;153;115;0
2018/10/02/14:20:59.960399;[];0;1153;-3871;18513;-386;-124;-530;-656;-75;1302;167;153;115;0
2018/10/02/14:20:59.973415;[];0;1089;-6511;18113;-180;-144;-650;-656;-75;1302;252;153;115;0
2018/10/02/14:20:59.989403;[];0;993;-7471;16689;-170;-28;-806;-618;-51;1315;64;154;115;0
2018/10/02/14:21:00.001403;[];0;1249;-8063;18017;-232;60;-876;-618;-51;1315;149;154;115;0
2018/10/02/14:21:00.014396;[];0;1777;-9135;16625;-152;48;-1050;-618;-99;1348;200;154;115;0
2018/10/02/14:21:00.026426;[];0;2513;-9839;17169;-102;-4;-1220;-618;-99;1348;12;155;115;0
2018/10/02/14:21:00.042400;[];0;3441;-10191;18449;-82;-118;-1266;-618;-99;1348;80;155;115;0
2018/10/02/14:21:00.055402;[];0;3137;-12639;17249;-94;-146;-1512;-624;-147;1355;165;155;115;0
2018/10/02/14:21:00.075392;[];0;4177;-15647;20945;-120;-260;-1596;-637;-189;1282;45;156;115;0
2018/10/02/14:21:00.087420;[];0;4577;-16431;19649;-136;48;-1516;-637;-189;1282;96;156;115;0
2018/10/02/14:21:00.100379;[];0;3953;-17343;20705;-90;146;-1666;-637;-189;1282;147;156;115;0
2018/10/02/14:21:00.112401;[];0;3345;-19807;21505;-82;214;-1530;-605;-279;1375;198;156;115;0
2018/10/02/14:21:00.124399;[];0;1425;-21487;20785;-76;338;-1498;-605;-279;1375;27;157;115;0
2018/10/02/14:21:00.141405;[];0;2193;-18767;20545;-6;392;-1120;-585;-285;1322;95;157;115;0
2018/10/02/14:21:00.153407;[];0;3873;-20751;19649;90;560;-820;-585;-285;1322;163;157;115;0
2018/10/02/14:21:00.165583;[];0;3889;-20895;18273;-80;484;-416;-585;-285;1322;231;157;115;0
2018/10/02/14:21:00.177413;[];0;4177;-21231;16497;16;488;-10;-650;-297;1276;43;158;115;0
2018/10/02/14:21:00.194400;[];0;3393;-20431;16353;-126;364;380;-650;-297;1276;111;158;115;0
2018/10/02/14:21:00.206429;[];0;3425;-19759;16417;-66;372;812;-650;-297;1276;179;158;115;0
2018/10/02/14:21:00.218406;[];0;2897;-18671;15105;-32;304;1286;-676;-291;1322;247;158;115;0
2018/10/02/14:21:00.231406;[];0;2001;-17087;15265;20;304;1500;-676;-291;1322;59;159;115;0
2018/10/02/14:21:00.247412;[];0;1713;-15327;14945;60;214;1654;-650;-249;1322;127;159;115;0
2018/10/02/14:21:00.259422;[];0;1249;-13919;13809;122;116;1780;-650;-249;1322;195;159;115;0
2018/10/02/14:21:00.272411;[];0;1457;-13535;14321;272;108;1826;-650;-249;1322;246;159;115;0
2018/10/02/14:21:00.284430;[];0;1345;-12287;14513;260;6;1862;-689;-189;1289;75;160;115;0
2018/10/02/14:21:00.300411;[];0;1265;-10255;13521;268;96;1778;-689;-189;1289;143;160;115;0
2018/10/02/14:21:00.313412;[];0;1745;-8559;14737;322;-108;1540;-689;-105;1256;211;160;115;0
2018/10/02/14:21:00.325526;[];0;2641;-8287;14097;222;78;1364;-689;-105;1256;40;161;115;0
2018/10/02/14:21:00.337413;[];0;2273;-8223;13681;272;-34;1254;-702;-27;1243;108;161;115;0
2018/10/02/14:21:00.354403;[];0;1585;-8047;13409;158;-24;1176;-702;-27;1243;176;161;115;0
2018/10/02/14:21:00.366414;[];0;2289;-8031;13793;18;-146;1154;-702;-27;1243;244;161;115;0
2018/10/02/14:21:00.378417;[];0;2689;-6463;13505;56;-128;1108;-721;-39;1263;56;162;115;0
2018/10/02/14:21:00.390406;[];0;2401;-5071;14001;-40;-254;1088;-721;-39;1263;124;162;115;0
2018/10/02/14:21:00.403407;[];0;1457;-4767;14161;-22;-410;1112;-721;-39;1263;192;162;115;0
2018/10/02/14:21:00.419414;[];0;1249;-3535;14145;-34;-480;1236;-689;33;1243;4;163;115;0
2018/10/02/14:21:00.431411;[];0;817;-1551;14417;34;-520;1246;-689;33;1243;72;163;115;0
2018/10/02/14:21:00.444408;[];0;1393;3377;14561;124;-810;1154;-676;57;1256;140;163;115;0
2018/10/02/14:21:00.456414;[];0;2641;4225;16289;210;-740;1262;-676;57;1256;208;163;115;0
2018/10/02/14:21:00.472409;[];0;2881;5457;16433;246;-862;960;-676;57;1256;20;164;115;0
2018/10/02/14:21:00.485352;[];0;305;4929;14385;126;-686;740;-631;99;1217;88;164;115;0
2018/10/02/14:21:00.497411;[];0;-735;5441;15953;144;-498;314;-631;99;1217;156;164;115;0
2018/10/02/14:21:00.509411;[];0;289;7377;15601;128;-348;34;-592;129;1223;224;164;115;0
2018/10/02/14:21:00.526417;[];0;1185;8305;14625;138;-244;-106;-592;129;1223;36;165;115;0
2018/10/02/14:21:00.538416;[];0;1841;7345;13553;-4;-258;-344;-579;147;1190;121;165;115;0
2018/10/02/14:21:00.550413;[];0;1793;7441;13393;86;-298;-512;-579;147;1190;189;165;115;0
2018/10/02/14:21:00.562409;[];0;1329;6433;14769;108;-310;-586;-579;147;1190;1;166;115;0
2018/10/02/14:21:00.579416;[];0;65;7777;14321;60;-286;-338;-598;123;1223;69;166;115;0
2018/10/02/14:21:00.591412;[];0;417;8465;15649;14;-378;-404;-598;123;1223;137;166;115;0
2018/10/02/14:21:00.603409;[];0;1073;7617;15665;14;-538;-264;-598;123;1223;205;166;115;0
2018/10/02/14:21:00.616419;[];0;945;8449;16817;-4;-504;-240;-546;147;1184;17;167;115;0
2018/10/02/14:21:00.632431;[];0;769;8721;16305;-6;-532;-30;-546;147;1184;85;167;115;0
2018/10/02/14:21:00.644411;[];0;1793;8417;17089;-16;-398;-104;-533;105;1164;153;167;115;0
2018/10/02/14:21:00.657422;[];0;1905;7873;18625;56;-494;-334;-533;105;1164;221;167;115;0
2018/10/02/14:21:00.669415;[];0;1041;7985;17921;184;-212;-330;-533;105;1164;33;168;115;0
2018/10/02/14:21:00.685390;[];0;273;8145;19009;172;-134;-340;-540;129;1118;101;168;115;0
2018/10/02/14:21:00.698452;[];0;1313;9329;16033;136;-8;-360;-540;129;1118;169;168;115;0
2018/10/02/14:21:00.710435;[];0;2305;10769;15969;320;148;-378;-495;153;1125;237;168;115;0
2018/10/02/14:21:00.722433;[];0;3233;11473;15617;474;114;-466;-495;153;1125;49;169;115;0
2018/10/02/14:21:00.734410;[];0;3313;11489;16689;704;136;-470;-521;147;1138;134;169;115;0
2018/10/02/14:21:00.751437;[];0;2689;12753;15825;728;246;-478;-521;147;1138;202;169;115;0
2018/10/02/14:21:00.763417;[];0;2721;14065;17025;872;188;-344;-521;147;1138;14;170;115;0
2018/10/02/14:21:00.775445;[];0;3825;14577;16129;816;134;-130;-546;189;1125;82;170;115;0
2018/10/02/14:21:00.788436;[];0;4017;15153;16145;618;234;-8;-546;189;1125;150;170;115;0
2018/10/02/14:21:00.804410;[];0;3617;15281;13825;528;116;188;-527;219;1098;218;170;115;0
2018/10/02/14:21:00.816419;[];0;3425;15073;14497;276;250;220;-527;219;1098;30;171;115;0
2018/10/02/14:21:00.829422;[];0;3169;14369;13121;-26;184;408;-527;219;1098;98;171;115;0
2018/10/02/14:21:00.841412;[];0;2881;14161;12897;-292;266;434;-527;189;1105;166;171;115;0
2018/10/02/14:21:00.857421;[];0;3537;13137;13761;-478;326;396;-527;189;1105;234;171;115;0
2018/10/02/14:21:00.870440;[];0;3105;12833;13809;-500;370;496;-527;189;1105;46;172;115;0
2018/10/02/14:21:00.882436;[];0;2097;12401;14641;-440;374;562;-559;231;1105;114;172;115;0
2018/10/02/14:21:00.894425;[];0;1313;12417;14081;-344;424;570;-559;231;1105;182;172;115;0
2018/10/02/14:21:00.911434;[];0;673;12273;13729;-318;550;862;-566;249;1118;250;172;115;0
2018/10/02/14:21:00.923431;[];0;737;11761;12865;-386;470;980;-566;249;1118;62;173;115;0
2018/10/02/14:21:00.935491;[];0;1201;11217;11809;-246;412;726;-611;213;1164;147;173;115;0
2018/10/02/14:21:00.947435;[];0;2353;11473;10737;-314;134;800;-611;213;1164;215;173;115;0
2018/10/02/14:21:00.964417;[];0;2497;11361;11521;-242;174;746;-611;213;1164;27;174;115;0
2018/10/02/14:21:00.976443;[];0;2881;10465;12865;-144;32;574;-605;201;1118;95;174;115;0
2018/10/02/14:21:00.988439;[];0;3569;8769;14145;108;116;524;-605;201;1118;163;174;115;0
2018/10/02/14:21:01.001416;[];0;2593;7425;14177;104;314;478;-546;195;1131;231;174;115;0
2018/10/02/14:21:01.013410;[];0;2449;6497;15265;112;304;464;-546;195;1131;43;175;115;0
2018/10/02/14:21:01.029420;[];0;3857;7233;15505;58;480;426;-546;195;1131;111;175;115;0
2018/10/02/14:21:01.042422;[];0;3505;8081;15201;-106;484;490;-624;195;1138;179;175;115;0
2018/10/02/14:21:01.054414;[];0;2401;8433;14033;-80;674;342;-624;195;1138;247;175;115;0
2018/10/02/14:21:01.066423;[];0;1345;6369;14849;72;754;80;-624;195;1138;59;176;115;0
2018/10/02/14:21:01.083379;[];0;513;5473;12721;-212;772;176;-656;225;1144;127;176;115;0
2018/10/02/14:21:01.095552;[];0;1;3793;15329;-282;724;-44;-656;225;1144;195;176;115;0
2018/10/02/14:21:01.107425;[];0;225;2625;13569;-382;572;-182;-656;201;1184;7;177;115;0
2018/10/02/14:21:01.119442;[];0;785;2225;14161;-324;548;-446;-656;201;1184;58;177;115;0
2018/10/02/14:21:01.136424;[];0;273;1057;15665;-442;380;-504;-695;189;1190;160;177;115;0
2018/10/02/14:21:01.148421;[];0;-591;737;15345;-330;360;-576;-695;189;1190;228;177;115;0
2018/10/02/14:21:01.160419;[];0;-1119;-271;14865;-206;376;-644;-695;189;1190;39;178;115;0
2018/10/02/14:21:01.173136;[];0;-639;-895;15873;-148;222;-584;-721;153;1197;107;178;115;0
2018/10/02/14:21:01.189442;[];0;-943;-719;14961;-56;18;-432;-721;153;1197;175;178;115;0
2018/10/02/14:21:01.201420;[];0;-399;-1487;15521;-102;-86;-548;-715;93;1217;243;178;115;0
2018/10/02/14:21:01.214414;[];0;-95;-2447;14129;-116;-286;-496;-715;93;1217;55;179;115;0
2018/10/02/14:21:01.226426;[];0;385;-2687;14129;-258;-312;-510;-715;93;1217;123;179;115;0
2018/10/02/14:21:01.242437;[];0;1169;-2911;15489;-312;-484;-378;-689;39;1243;191;179;115;0
2018/10/02/14:21:01.255575;[];0;481;-4479;15185;-382;-660;-456;-689;39;1243;3;180;115;0
2018/10/02/14:21:01.267442;[];0;849;-4351;16017;-428;-572;-360;-689;39;1243;71;180;115;0
2018/10/02/14:21:01.279421;[];0;545;-5487;17649;-492;-524;-530;-682;33;1263;139;180;115;0
2018/10/02/14:21:01.296410;[];0;-511;-6159;16241;-378;-462;-642;-682;33;1263;207;180;115;0
2018/10/02/14:21:01.308444;[];0;-319;-7423;17345;-252;-568;-738;-663;-39;1269;19;181;115;0
2018/10/02/14:21:01.320422;[];0;289;-7167;16833;-92;-582;-954;-663;-39;1269;104;181;115;0
2018/10/02/14:21:01.332417;[];0;1313;-8367;15265;-62;-506;-1172;-663;-39;1269;155;181;115;0
2018/10/02/14:21:01.345544;[];0;2433;-10191;16049;-192;-622;-1480;-592;-57;1302;240;181;115;0
2018/10/02/14:21:01.361423;[];0;2913;-10543;15793;-108;-552;-1728;-592;-57;1302;52;182;115;0
2018/10/02/14:21:01.373421;[];0;3441;-11279;17873;-118;-546;-1686;-598;-129;1322;120;182;115;0
2018/10/02/14:21:01.386426;[];0;3441;-12783;19841;-152;-374;-1898;-598;-129;1322;188;182;115;0
2018/10/02/14:21:01.398423;[];0;2433;-14863;19137;-174;0;-1976;-566;-189;1309;0;183;115;0
2018/10/02/14:21:01.414418;[];0;3297;-16095;18945;-160;92;-1946;-566;-189;1309;68;183;115;0
2018/10/02/14:21:01.427430;[];0;3457;-15599;17809;-286;242;-1938;-566;-189;1309;136;183;115;0
2018/10/02/14:21:01.439450;[];0;3377;-14463;17409;-252;288;-1712;-572;-231;1289;204;183;115;0
2018/10/02/14:21:01.451424;[];0;3905;-14351;16993;-176;222;-1492;-572;-231;1289;16;184;115;0
2018/10/02/14:21:01.468439;[];0;3505;-14767;16433;-98;170;-1156;-572;-231;1289;84;184;115;0
2018/10/02/14:21:01.480425;[];0;2945;-15247;16673;58;84;-912;-585;-243;1302;152;184;115;0
2018/10/02/14:21:01.492422;[];0;2513;-14863;16513;72;150;-704;-585;-243;1302;220;184;115;0
2018/10/02/14:21:01.504418;[];0;2369;-15407;17745;-2;136;-432;-566;-279;1289;32;185;115;0
2018/10/02/14:21:01.521425;[];0;2593;-15647;16785;-214;184;-250;-566;-279;1289;100;185;115;0
2018/10/02/14:21:01.533422;[];0;2273;-15647;17505;-366;152;14;-585;-279;1322;202;185;115;0
2018/10/02/14:21:01.545423;[];0;2113;-15391;17265;-384;274;110;-585;-279;1322;253;185;115;0
2018/10/02/14:21:01.558430;[];0;1905;-15167;17089;-428;398;214;-585;-279;1322;65;186;115;0
2018/10/02/14:21:01.574399;[];0;1633;-14655;16129;-372;350;442;-585;-267;1296;133;186;115;0
2018/10/02/14:21:01.586452;[];0;1681;-13567;15985;-166;376;578;-585;-267;1296;201;186;115;0
2018/10/02/14:21:01.599441;[];0;1585;-11839;15857;-18;298;706;-559;-291;1289;13;187;115;0
2018/10/02/14:21:01.611426;[];0;1905;-10911;16289;-6;262;644;-559;-291;1289;81;187;115;0
2018/10/02/14:21:01.623442;[];0;1553;-10063;16385;270;174;674;-559;-291;1289;149;187;115;0
2018/10/02/14:21:01.640419;[];0;1489;-10031;16129;252;190;652;-624;-267;1269;217;187;115;0
2018/10/02/14:21:01.652425;[];0;1297;-9231;16561;326;172;782;-624;-267;1269;29;188;115;0
2018/10/02/14:21:01.664419;[];0;1377;-8543;16257;260;242;870;-624;-267;1269;97;188;115;0
2018/10/02/14:21:01.676449;[];0;1425;-8223;16529;220;306;936;-650;-249;1256;165;188;115;0
2018/10/02/14:21:01.693423;[];0;1297;-7535;16353;-2;434;966;-650;-249;1256;233;188;115;0
2018/10/02/14:21:01.705469;[];0;673;-5967;15201;-26;294;1054;-669;-195;1263;45;189;115;0
2018/10/02/14:21:01.717434;[];0;241;-4671;16817;8;344;1084;-669;-195;1263;113;189;115;0
2018/10/02/14:21:01.730422;[];0;-351;-4543;15985;118;258;1152;-669;-195;1263;164;189;115;0
2018/10/02/14:21:01.746453;[];0;-1919;-3631;15649;112;220;1008;-702;-183;1236;10;190;115;0
2018/10/02/14:21:01.758384;[];0;-1567;-2815;14161;-34;194;1094;-702;-183;1236;78;190;115;0
2018/10/02/14:21:01.771448;[];0;-1855;-2319;13169;-98;28;1026;-695;-105;1256;146;190;115;0
2018/10/02/14:21:01.783428;[];0;-1407;-735;13937;-110;0;896;-695;-105;1256;214;190;115;0
2018/10/02/14:21:01.799433;[];0;-927;801;13985;-66;-124;838;-708;-75;1256;26;191;115;0
2018/10/02/14:21:01.812430;[];0;-1727;2001;14833;-48;-394;868;-708;-75;1256;94;191;115;0
2018/10/02/14:21:01.824423;[];0;-2415;3153;15233;-102;-220;898;-708;-75;1256;162;191;115;0
2018/10/02/14:21:01.836433;[];0;-2431;3393;14113;-34;-198;840;-741;-81;1250;230;191;115;0
2018/10/02/14:21:01.853431;[];0;-1711;3873;14225;-40;-236;592;-741;-81;1250;42;192;115;0
2018/10/02/14:21:01.865396;[];0;-351;4945;12737;-16;-212;628;-741;-81;1250;110;192;115;0
2018/10/02/14:21:01.877435;[];0;257;6177;13121;-170;-260;496;-708;-15;1236;178;192;115;0
2018/10/02/14:21:01.889451;[];0;561;6257;13425;-178;-486;584;-708;-15;1236;246;192;115;0
2018/10/02/14:21:01.906432;[];0;177;5185;14321;-98;-530;272;-708;-9;1276;58;193;115;0
2018/10/02/14:21:01.918433;[];0;49;4001;14161;-204;-480;104;-708;-9;1276;126;193;115;0
2018/10/02/14:21:01.930427;[];0;1025;2913;14609;-186;-466;46;-708;-9;1276;194;193;115;0
2018/10/02/14:21:01.943423;[];0;1441;3089;16049;-326;-344;-28;-689;-27;1269;6;194;115;0
2018/10/02/14:21:01.955466;[];0;2593;3921;16065;-152;-346;-44;-689;-27;1269;91;194;115;0
2018/10/02/14:21:01.971451;[];0;2561;3473;16801;-82;-272;-186;-631;-57;1276;159;194;115;0
2018/10/02/14:21:01.984427;[];0;2321;2977;16593;114;-264;-134;-631;-57;1276;227;194;115;0
2018/10/02/14:21:01.996452;[];0;2241;2465;15777;132;-162;-142;-631;-39;1236;39;195;115;0
2018/10/02/14:21:02.008429;[];0;2161;2881;15489;224;-98;-76;-631;-39;1236;107;195;115;0
2018/10/02/14:21:02.025485;[];0;2865;3345;15297;258;-146;-80;-631;-39;1236;175;195;115;0
2018/10/02/14:21:02.037436;[];0;2929;3425;15457;292;-82;8;-650;-33;1263;243;195;115;0
2018/10/02/14:21:02.049435;[];0;2369;2913;15713;180;-154;102;-650;-33;1263;38;196;115;0
2018/10/02/14:21:02.061452;[];0;2577;2257;15489;100;-132;86;-650;-33;1263;123;196;115;0
2018/10/02/14:21:02.078436;[];0;3201;2545;16273;142;-194;122;-663;-15;1243;191;196;115;0
2018/10/02/14:21:02.090426;[];0;3537;2417;15681;172;-176;264;-663;-15;1243;3;197;115;0
2018/10/02/14:21:02.102436;[];0;3281;2609;16161;72;-212;430;-669;-9;1236;71;197;115;0
2018/10/02/14:21:02.115577;[];0;3089;2609;17073;46;-160;392;-669;-9;1236;139;197;115;0
2018/10/02/14:21:02.131503;[];0;2817;2433;16529;140;-28;356;-669;-9;1236;207;197;115;0
2018/10/02/14:21:02.143428;[];0;2577;2625;16865;146;-48;180;-611;-3;1256;19;198;115;0
2018/10/02/14:21:02.156440;[];0;2465;2833;16577;176;-24;142;-611;-3;1256;104;198;115;0
2018/10/02/14:21:02.168439;[];0;2129;2609;16177;102;128;128;-572;9;1250;172;198;115;0
2018/10/02/14:21:02.184412;[];0;1953;2385;16417;64;-24;114;-572;9;1250;240;198;115;0
2018/10/02/14:21:02.197439;[];0;1857;1937;16273;110;36;64;-618;27;1236;52;199;115;0
2018/10/02/14:21:02.209446;[];0;1681;1281;16881;108;58;-30;-618;27;1236;120;199;115;0
2018/10/02/14:21:02.221431;[];0;993;993;16929;8;62;-222;-618;27;1236;188;199;115;0
2018/10/02/14:21:02.234430;[];0;721;769;16641;18;92;-100;-624;15;1236;0;200;115;0
2018/10/02/14:21:02.250433;[];0;817;449;16977;-64;96;-168;-624;15;1236;68;200;115;0
2018/10/02/14:21:02.262471;[];0;1265;113;16273;2;82;-86;-611;51;1276;136;200;115;0
2018/10/02/14:21:02.274431;[];0;1249;289;16241;-124;112;0;-611;51;1276;204;200;115;0
2018/10/02/14:21:02.287439;[];0;673;-15;16689;-2;38;-86;-611;51;1276;16;201;115;0
2018/10/02/14:21:02.303433;[];0;593;-223;16321;-16;74;-28;-624;9;1269;84;201;115;0
2018/10/02/14:21:02.315483;[];0;737;-399;16513;-62;74;-124;-624;9;1269;152;201;115;0
2018/10/02/14:21:02.328443;[];0;945;-303;16177;-44;64;-78;-624;9;1269;220;201;115;0
2018/10/02/14:21:02.340452;[];0;1169;-367;16113;-106;18;-50;-631;9;1236;32;202;115;0
2018/10/02/14:21:02.356436;[];0;913;-703;16481;-124;44;-154;-631;9;1236;83;202;115;0
2018/10/02/14:21:02.373415;[];0;817;-511;16481;-86;72;-232;-669;3;1243;185;202;115;0
2018/10/02/14:21:02.385517;[];0;817;-607;15825;-134;64;-76;-669;3;1243;253;202;115;0
2018/10/02/14:21:02.397439;[];0;1009;-735;15425;36;-28;-104;-605;33;1243;82;203;115;0
2018/10/02/14:21:02.410436;[];0;1265;-703;16097;-102;-36;-34;-605;33;1243;150;203;115;0
2018/10/02/14:21:02.422431;[];0;977;-607;15489;-140;42;-102;-605;33;1243;218;203;115;0
2018/10/02/14:21:02.438443;[];0;1009;-559;16273;-20;-10;-140;-605;-9;1243;30;204;115;0
2018/10/02/14:21:02.451444;[];0;1249;-1215;16129;10;-42;-120;-605;-9;1243;98;204;115;0
2018/10/02/14:21:02.463463;[];0;993;-1455;15825;-102;32;-114;-669;9;1263;166;204;115;0
2018/10/02/14:21:02.475488;[];0;737;-1295;15953;-198;30;-116;-669;9;1263;234;204;115;0
2018/10/02/14:21:02.492438;[];0;689;-1519;15073;-116;74;-160;-669;9;1263;46;205;115;0
2018/10/02/14:21:02.504431;[];0;913;-1935;15473;74;222;-316;-618;3;1256;114;205;115;0
2018/10/02/14:21:02.516442;[];0;433;-2191;15377;-142;60;-102;-618;3;1256;182;205;115;0
2018/10/02/14:21:02.528446;[];0;17;-2287;15105;-50;114;-190;-676;-3;1230;250;205;115;0
2018/10/02/14:21:02.545476;[];0;385;-1839;15153;-36;-18;8;-676;-3;1230;62;206;115;0
2018/10/02/14:21:02.557443;[];0;753;-1871;15345;172;-42;-180;-676;-3;1230;130;206;115;0
2018/10/02/14:21:02.569460;[];0;609;-1615;14721;36;-18;-90;-644;-15;1223;198;206;115;0
2018/10/02/14:21:02.582402;[];0;625;-1567;15121;56;-82;-42;-644;-15;1223;10;207;115;0
2018/10/02/14:21:02.598446;[];0;609;-1487;15265;82;-60;-48;-676;-3;1276;78;207;115;0
2018/10/02/14:21:02.610438;[];0;897;-1391;15665;40;-48;66;-676;-3;1276;163;207;115;0
2018/10/02/14:21:02.623440;[];0;1249;-1215;16001;60;30;-106;-676;-3;1276;230;207;115;0
2018/10/02/14:21:02.635391;[];0;1345;-1295;15889;-82;-2;-30;-631;3;1217;42;208;115;0
2018/10/02/14:21:02.651454;[];0;1409;-1359;16337;-56;-102;62;-631;3;1217;110;208;115;0
2018/10/02/14:21:02.664442;[];0;1025;-1199;15953;12;64;22;-682;-21;1256;178;208;115;0
2018/10/02/14:21:02.676455;[];0;865;-1535;15553;-30;58;64;-682;-21;1256;246;208;115;0
2018/10/02/14:21:02.688442;[];0;785;-1359;16369;-56;12;-62;-682;-21;1256;58;209;115;0
2018/10/02/14:21:02.705626;[];0;673;-1167;15569;-72;-14;26;-676;3;1223;126;209;115;0
2018/10/02/14:21:02.717444;[];0;529;-1071;15617;8;64;-36;-676;3;1223;194;209;115;0
2018/10/02/14:21:02.729445;[];0;865;-1231;15857;-64;14;-30;-656;-21;1296;6;210;115;0
2018/10/02/14:21:02.741433;[];0;753;-1231;15489;16;-72;-142;-656;-21;1296;74;210;115;0
2018/10/02/14:21:02.754441;[];0;1137;-1391;15985;60;-16;-106;-656;-21;1296;142;210;115;0
2018/10/02/14:21:02.770445;[];0;993;-1471;15761;66;-32;62;-656;-15;1256;210;210;115;0
2018/10/02/14:21:02.782440;[];0;1169;-1375;15937;-42;0;-6;-656;-15;1256;22;211;115;0
2018/10/02/14:21:02.795507;[];0;1121;-1119;15905;34;-20;10;-650;-33;1236;90;211;115;0
2018/10/02/14:21:02.807443;[];0;1233;-991;15489;-98;-64;278;-650;-33;1236;175;211;115;0
2018/10/02/14:21:02.823443;[];0;1441;-479;15553;-62;138;90;-650;-33;1236;243;211;115;0
2018/10/02/14:21:02.836447;[];0;1393;-495;15697;-100;-90;126;-631;-21;1217;55;212;115;0
2018/10/02/14:21:02.848409;[];0;881;-607;15841;-94;-6;136;-631;-21;1217;123;212;115;0
2018/10/02/14:21:02.860440;[];0;385;-575;16113;-18;16;78;-663;3;1263;191;212;115;0
2018/10/02/14:21:02.877450;[];0;-463;-831;16353;-28;-42;126;-663;3;1263;3;213;115;0
2018/10/02/14:21:02.889456;[];0;-847;-1071;16737;-72;62;-26;-663;3;1263;71;213;115;0
2018/10/02/14:21:02.901452;[];0;-1663;-1215;17153;-64;132;98;-644;-15;1276;139;213;115;0
2018/10/02/14:21:02.913448;[];0;-2687;-1343;16881;-204;-36;6;-644;-15;1276;207;213;115;0
2018/10/02/14:21:02.930441;[];0;-2927;-1807;17185;-86;-52;50;-624;3;1236;19;214;115;0
2018/10/02/14:21:02.942388;[];0;-3519;-2463;17297;-104;76;0;-624;3;1236;87;214;115;0
2018/10/02/14:21:02.954435;[];0;-3983;-2479;17585;-140;56;112;-624;3;1236;155;214;115;0
2018/10/02/14:21:02.967443;[];0;-4863;-2479;18369;-4;50;0;-637;-39;1289;223;214;115;0
2018/10/02/14:21:02.983418;[];0;-5679;-2799;18161;-98;172;-154;-637;-39;1289;35;215;115;0
2018/10/02/14:21:02.995399;[];0;-6383;-2415;18177;180;226;-114;-644;-3;1276;103;215;115;0
2018/10/02/14:21:03.008450;[];0;-7215;-2687;17041;234;194;34;-644;-3;1276;188;215;115;0
2018/10/02/14:21:03.020441;[];0;-7695;-1727;16401;264;226;-78;-644;-3;1276;0;216;115;0
2018/10/02/14:21:03.032439;[];0;-7679;-1871;16737;342;114;-164;-663;-39;1230;68;216;115;0
2018/10/02/14:21:03.049456;[];0;-8287;-1583;15745;314;126;-170;-663;-39;1230;136;216;115;0
2018/10/02/14:21:03.061442;[];0;-9103;-1567;16657;172;-70;-26;-656;9;1250;204;216;115;0
2018/10/02/14:21:03.073449;[];0;-9199;-1263;16609;262;-198;-226;-656;9;1250;16;217;115;0
2018/10/02/14:21:03.085382;[];0;-9343;-943;16625;296;-140;-184;-656;9;1250;84;217;115;0
2018/10/02/14:21:03.102463;[];0;-9183;-175;16865;150;-226;48;-624;-21;1263;152;217;115;0
2018/10/02/14:21:03.114434;[];0;-8927;-255;16321;126;-366;-134;-624;-21;1263;220;217;115;0
2018/10/02/14:21:03.126450;[];0;-8927;-175;16769;92;-242;-148;-618;3;1276;32;218;115;0
2018/10/02/14:21:03.139453;[];0;-8703;257;16705;234;-354;-314;-618;3;1276;100;218;115;0
2018/10/02/14:21:03.155448;[];0;-7407;289;16545;42;-340;-320;-618;3;1276;168;218;115;0
2018/10/02/14:21:03.167454;[];0;-5759;-143;17713;166;-266;-450;-624;-9;1309;236;218;115;0
2018/10/02/14:21:03.180442;[];0;-4703;145;17697;242;-304;-476;-624;-9;1309;48;219;115;0
2018/10/02/14:21:03.192440;[];0;-4367;1489;17457;360;-268;-512;-592;-3;1322;116;219;115;0
2018/10/02/14:21:03.208453;[];0;-3615;1265;17953;530;-68;-508;-592;-3;1322;184;219;115;0
2018/10/02/14:21:03.221447;[];0;-1887;529;14929;338;-36;-212;-592;-3;1322;13;220;115;0
2018/10/02/14:21:03.233443;[];0;-95;945;14017;266;200;-450;-559;21;1361;81;220;115;0
2018/10/02/14:21:03.245524;[];0;2561;865;13489;290;214;-312;-559;21;1361;149;220;115;0
2018/10/02/14:21:03.262486;[];0;3553;3201;12289;170;126;-212;-598;9;1375;217;220;115;0
2018/10/02/14:21:03.274441;[];0;4449;3169;12369;148;138;-234;-598;9;1375;29;221;115;0
2018/10/02/14:21:03.286462;[];0;5185;1553;10369;210;100;-350;-598;9;1375;97;221;115;0
2018/10/02/14:21:03.298462;[];0;6385;2513;9569;66;-164;-450;-572;57;1315;165;221;115;0
2018/10/02/14:21:03.315472;[];0;7569;2897;10833;100;-348;-528;-572;57;1315;233;221;115;0
2018/10/02/14:21:03.327453;[];0;9585;1489;10321;32;-448;-600;-566;45;1388;45;222;115;0
2018/10/02/14:21:03.339463;[];0;10193;225;10497;110;-648;-650;-566;45;1388;113;222;115;0
2018/10/02/14:21:03.352451;[];0;11441;673;10913;80;-820;-660;-566;45;1388;181;222;115;0
2018/10/02/14:21:03.364442;[];0;13633;609;12369;10;-946;-664;-514;-3;1381;249;222;115;0
2018/10/02/14:21:03.380447;[];0;15105;-223;13649;44;-942;-534;-514;-3;1381;61;223;115;0
2018/10/02/14:21:03.393447;[];0;16577;-303;14321;28;-932;-456;-469;-3;1388;129;223;115;0
2018/10/02/14:21:03.405125;[];0;17521;-95;15953;-42;-890;-356;-469;-3;1388;197;223;115;0
2018/10/02/14:21:03.417450;[];0;18209;-1279;17393;-66;-714;2;-469;-3;1388;26;224;115;0
2018/10/02/14:21:03.434464;[];0;18993;-1439;17169;-12;-578;84;-411;-27;1381;94;224;115;0
2018/10/02/14:21:03.446455;[];0;19841;-2095;17057;-118;-254;184;-411;-27;1381;162;224;115;0
2018/10/02/14:21:03.458450;[];0;19937;-1999;16225;-104;-36;266;-398;-15;1440;230;224;115;0
2018/10/02/14:21:03.470445;[];0;19617;-1423;16673;-180;146;404;-398;-15;1440;42;225;115;0
2018/10/02/14:21:03.487453;[];0;20065;-1711;16849;-26;202;500;-398;-15;1440;110;225;115;0
2018/10/02/14:21:03.499448;[];0;19505;-2031;17057;-76;322;612;-385;-15;1453;178;225;115;0
2018/10/02/14:21:03.511444;[];0;19969;-1951;17457;18;404;608;-385;-15;1453;246;225;115;0
2018/10/02/14:21:03.524453;[];0;21313;-1823;16849;24;586;934;-404;3;1401;58;226;115;0
2018/10/02/14:21:03.540470;[];0;21265;-1631;16689;100;776;770;-404;3;1401;126;226;115;0
2018/10/02/14:21:03.552448;[];0;20209;81;15921;316;970;1130;-404;3;1401;194;226;115;0
2018/10/02/14:21:03.565631;[];0;18817;513;15985;224;1242;1230;-488;21;1394;6;227;115;0
2018/10/02/14:21:03.577454;[];0;17201;657;15873;242;1256;1196;-488;21;1394;74;227;115;0
2018/10/02/14:21:03.593429;[];0;15041;-175;14865;140;1350;1196;-540;33;1375;142;227;115;0
2018/10/02/14:21:03.606458;[];0;12913;593;11665;142;1410;1078;-540;33;1375;210;227;115;0
2018/10/02/14:21:03.618453;[];0;9745;1969;11489;-22;1256;1048;-540;33;1375;39;228;115;0
2018/10/02/14:21:03.630466;[];0;7873;1553;9921;-84;1012;1008;-644;111;1322;107;228;115;0
2018/10/02/14:21:03.642448;[];0;5825;1105;10097;-288;862;830;-644;111;1322;175;228;115;0
2018/10/02/14:21:03.659454;[];0;4513;1569;9153;-214;448;878;-669;123;1315;243;228;115;0
2018/10/02/14:21:03.671448;[];0;3233;401;10321;-392;320;880;-669;123;1315;55;229;115;0
2018/10/02/14:21:03.683450;[];0;1377;481;11057;-218;210;842;-669;123;1315;123;229;115;0
2018/10/02/14:21:03.696456;[];0;-1599;257;10753;-240;198;900;-695;123;1296;191;229;115;0
2018/10/02/14:21:03.712450;[];0;-575;-79;13425;-170;138;1062;-695;123;1296;3;230;115;0
2018/10/02/14:21:03.724444;[];0;-911;-591;13953;-110;12;1186;-689;153;1250;71;230;115;0
2018/10/02/14:21:03.737458;[];0;-1599;-1183;15553;-124;316;1318;-689;153;1250;139;230;115;0
2018/10/02/14:21:03.749459;[];0;-4159;-1679;13905;-278;302;1404;-689;153;1250;207;230;115;0
2018/10/02/14:21:03.765381;[];0;-6223;-303;11617;-282;534;1628;-702;165;1250;19;231;115;0
2018/10/02/14:21:03.778459;[];0;-6799;513;13265;-350;510;1626;-702;165;1250;87;231;115;0
2018/10/02/14:21:03.790452;[];0;-6591;2625;10225;-334;484;1630;-741;183;1197;155;231;115;0
2018/10/02/14:21:03.802425;[];0;-4863;1793;11425;-536;96;1652;-741;183;1197;223;231;115;0
2018/10/02/14:21:03.819472;[];0;-3983;-287;12449;-556;-422;1518;-741;183;1197;52;232;115;0
2018/10/02/14:21:03.831471;[];0;-5055;1;14033;-564;-654;1428;-741;237;1203;120;232;115;0
2018/10/02/14:21:03.843426;[];0;-4479;-303;18097;-342;-592;1486;-741;237;1203;188;232;115;0
2018/10/02/14:21:03.855510;[];0;-6399;1201;19441;-386;-598;1700;-650;171;1171;0;233;115;0
2018/10/02/14:21:03.872455;[];0;-8079;1521;18753;58;-378;1962;-650;171;1171;68;233;115;0
2018/10/02/14:21:03.884470;[];0;-10063;4769;21361;82;-98;1822;-650;171;1171;136;233;115;0
2018/10/02/14:21:03.896423;[];0;-11935;5569;18097;218;-74;1868;-656;231;1157;204;233;115;0
2018/10/02/14:21:03.909454;[];0;-11279;5665;16241;232;-56;1510;-656;231;1157;16;234;115;0
2018/10/02/14:21:03.925434;[];0;-9807;6113;17777;160;-246;1362;-618;309;1171;84;234;115;0
2018/10/02/14:21:03.937479;[];0;-9535;6929;15793;-16;-198;1028;-618;309;1171;169;234;115;0
2018/10/02/14:21:03.950453;[];0;-10159;6737;19009;-60;-246;842;-618;309;1171;220;234;115;0
2018/10/02/14:21:03.962453;[];0;-12127;6833;19057;-6;-270;590;-572;255;1177;32;235;115;0
2018/10/02/14:21:03.974448;[];0;-14463;6113;21041;-150;-80;518;-572;255;1177;83;235;115;0
2018/10/02/14:21:03.991456;[];0;-14655;6017;22241;-134;-136;430;-572;255;1177;151;235;115;0
2018/10/02/14:21:04.003462;[];0;-14383;6961;21297;50;88;128;-566;261;1184;236;235;115;0
2018/10/02/14:21:04.015574;[];0;-14031;7073;21313;136;102;-136;-566;261;1184;31;236;115;0
2018/10/02/14:21:04.032459;[];0;-16287;7281;20785;180;58;-228;-592;315;1138;116;236;115;0
2018/10/02/14:21:04.044453;[];0;-15471;6449;19457;188;76;-798;-592;315;1138;235;236;115;0
2018/10/02/14:21:04.056483;[];0;-14623;7377;19105;234;222;-950;-598;297;1125;30;237;115;0
2018/10/02/14:21:04.072400;[];0;-15007;3425;16801;154;-64;-1262;-598;297;1125;97;237;115;0
2018/10/02/14:21:04.085452;[];0;-13455;7153;18065;144;50;-1404;-624;309;1157;165;237;115;0
2018/10/02/14:21:04.097462;[];0;-13135;6945;18545;8;98;-1572;-624;309;1157;233;237;115;0
2018/10/02/14:21:04.109463;[];0;-12607;5521;17265;-44;-110;-1752;-624;309;1157;45;238;115;0
2018/10/02/14:21:04.126482;[];0;-12111;3857;17249;-80;54;-2252;-637;261;1131;113;238;115;0
2018/10/02/14:21:04.138464;[];0;-10383;2465;17041;-132;14;-2330;-637;261;1131;181;238;115;0
2018/10/02/14:21:04.150458;[];0;-9647;3233;15905;-108;34;-2518;-637;261;1131;249;238;115;0
2018/10/02/14:21:04.163476;[];0;-8943;1425;17521;-52;0;-2424;-592;243;1157;61;239;115;0
2018/10/02/14:21:04.179476;[];0;-8783;1585;15681;-50;118;-2266;-592;243;1157;129;239;115;0
2018/10/02/14:21:04.191457;[];0;-7007;1233;16897;38;62;-2336;-702;171;1190;197;239;115;0
2018/10/02/14:21:04.204456;[];0;-6447;689;16753;82;214;-2214;-702;171;1190;9;240;115;0
2018/10/02/14:21:04.216464;[];0;-6175;-15;13025;-48;158;-2046;-702;171;1190;77;240;115;0
2018/10/02/14:21:04.232423;[];0;-5519;-559;16497;72;184;-2202;-760;123;1223;145;240;115;0
2018/10/02/14:21:04.245571;[];0;-4319;-1455;13649;194;198;-2102;-760;123;1223;196;240;115;0
2018/10/02/14:21:04.257463;[];0;-3359;1457;14321;512;250;-1794;-708;99;1230;25;241;115;0
2018/10/02/14:21:04.269481;[];0;-2031;1457;16385;724;-136;-1606;-708;99;1230;93;241;115;0
2018/10/02/14:21:04.285467;[];0;-239;-303;13521;958;-270;-1300;-708;81;1230;178;241;115;0
2018/10/02/14:21:04.298481;[];0;481;-2527;14689;1066;-190;-1032;-708;81;1230;246;241;115;0
2018/10/02/14:21:04.310462;[];0;497;-3263;15537;924;-260;-930;-708;81;1230;58;242;115;0
2018/10/02/14:21:04.322457;[];0;-959;-1055;11281;846;-124;-594;-728;135;1236;126;242;115;0
2018/10/02/14:21:04.339406;[];0;-15;2161;15329;916;16;-426;-728;135;1236;194;242;115;0
2018/10/02/14:21:04.351446;[];0;1169;4737;11937;824;-86;-282;-728;135;1236;6;243;115;0
2018/10/02/14:21:04.363460;[];0;4753;5009;12433;682;-284;-240;-682;105;1269;74;243;115;0
2018/10/02/14:21:04.376465;[];0;7537;4833;8929;494;-772;-266;-682;105;1269;142;243;115;0
2018/10/02/14:21:04.388469;[];0;7441;3489;8849;244;-872;-464;-618;207;1269;210;243;115;0
2018/10/02/14:21:04.404458;[];0;8129;5457;12033;68;-988;-644;-618;207;1269;22;244;115;0
2018/10/02/14:21:04.417466;[];0;9953;7473;14913;84;-1060;-642;-618;207;1269;90;244;115;0
2018/10/02/14:21:04.429479;[];0;12609;6385;15057;-46;-1010;-596;-605;135;1322;158;244;115;0
2018/10/02/14:21:04.441459;[];0;15857;5681;14865;-174;-1184;-520;-605;135;1322;226;244;115;0
2018/10/02/14:21:04.457462;[];0;16097;3249;11009;-386;-796;-526;-533;129;1375;38;245;115;0
2018/10/02/14:21:04.470462;[];0;15601;1441;14369;-546;-618;-456;-533;129;1375;106;245;115;0
2018/10/02/14:21:04.482461;[];0;15361;2769;16417;-702;-436;-334;-475;69;1394;191;245;115;0
2018/10/02/14:21:04.494455;[];0;14337;3025;16577;-654;-362;-396;-475;69;1394;3;246;115;0
2018/10/02/14:21:04.511463;[];0;14721;2545;12769;-530;-344;-452;-475;69;1394;71;246;115;0
2018/10/02/14:21:04.523463;[];0;16289;2449;13601;-444;-398;-510;-475;81;1401;139;246;115;0
2018/10/02/14:21:04.535397;[];0;17281;2705;14561;-366;-472;-604;-475;81;1401;207;246;115;0
2018/10/02/14:21:04.548470;[];0;17345;1553;15825;-280;-628;-646;-475;81;1401;2;247;115;0
2018/10/02/14:21:04.564457;[];0;18417;-495;17921;-50;-572;-526;-449;27;1394;87;247;115;0
2018/10/02/14:21:04.576470;[];0;18401;-1119;17729;-46;-510;-346;-449;27;1394;155;247;115;0
2018/10/02/14:21:04.589496;[];0;17313;-2623;18545;-196;-226;-150;-411;-9;1355;223;247;115;0
2018/10/02/14:21:04.601460;[];0;16897;-1887;18225;-8;94;-22;-411;-9;1355;35;248;115;0
2018/10/02/14:21:04.617459;[];0;17649;-783;17745;-10;520;24;-411;-9;1355;103;248;115;0
2018/10/02/14:21:04.630464;[];0;17041;-79;17153;-8;628;250;-417;-3;1394;171;248;115;0
2018/10/02/14:21:04.642466;[];0;16465;33;15313;-44;620;496;-417;-3;1394;239;248;115;0
2018/10/02/14:21:04.654466;[];0;16241;545;14449;-64;684;524;-501;-21;1407;51;249;115;0
2018/10/02/14:21:04.666472;[];0;16481;1217;12705;-112;714;622;-501;-21;1407;119;249;115;0
2018/10/02/14:21:04.683467;[];0;15329;1473;12513;-116;670;700;-501;-21;1407;187;249;115;0
2018/10/02/14:21:04.695524;[];0;15617;1233;12353;-164;504;788;-501;9;1381;16;250;115;0
2018/10/02/14:21:04.707468;[];0;14689;1441;11425;-32;326;694;-501;9;1381;84;250;115;0
2018/10/02/14:21:04.720433;[];0;14177;593;11457;94;238;664;-508;39;1348;152;250;115;0
2018/10/02/14:21:04.736471;[];0;12625;833;11073;-12;196;732;-508;39;1348;220;250;115;0
2018/10/02/14:21:04.748471;[];0;10081;257;10881;-44;204;758;-546;51;1348;32;251;115;0
2018/10/02/14:21:04.761468;[];0;8785;833;12113;-34;158;1036;-546;51;1348;100;251;115;0
2018/10/02/14:21:04.773476;[];0;7217;1409;13921;4;416;1016;-546;51;1348;168;251;115;0
2018/10/02/14:21:04.789477;[];0;6529;2609;13121;-146;380;1120;-572;99;1335;236;251;115;0
2018/10/02/14:21:04.802469;[];0;5329;2593;13425;-236;634;1050;-572;99;1335;48;252;115;0
2018/10/02/14:21:04.814464;[];0;2817;881;13041;-326;638;986;-572;99;1335;116;252;115;0
2018/10/02/14:21:04.826474;[];0;769;-271;11697;-534;742;922;-605;57;1282;184;252;115;0
2018/10/02/14:21:04.842466;[];0;-479;-2479;13873;-738;866;888;-605;57;1282;252;252;115;0
2018/10/02/14:21:04.855519;[];0;-975;-3535;12209;-890;902;834;-663;75;1302;64;253;115;0
2018/10/02/14:21:04.871469;[];0;-703;-4479;16145;-1054;896;946;-663;75;1302;115;253;115;0
2018/10/02/14:21:04.883485;[];0;-2511;-2607;16257;-1090;1070;1082;-721;45;1256;217;253;115;0
2018/10/02/14:21:04.896472;[];0;-4623;-2175;14961;-772;1248;1334;-721;45;1256;29;254;115;0
2018/10/02/14:21:04.908410;[];0;-5455;-1663;14449;-722;1486;1348;-721;45;1256;97;254;115;0
2018/10/02/14:21:04.924466;[];0;-6223;-47;14609;-662;1276;1490;-779;57;1177;165;254;115;0
2018/10/02/14:21:04.937475;[];0;-7631;-479;11985;-570;1138;1420;-779;57;1177;250;254;115;0
2018/10/02/14:21:04.949475;[];0;-8543;289;13121;-642;804;1374;-838;51;1171;62;255;115;0
2018/10/02/14:21:04.961464;[];0;-9695;-527;13713;-614;418;1290;-838;51;1171;130;255;115;0
2018/10/02/14:21:04.978473;[];0;-10271;-303;12049;-500;176;1056;-838;51;1171;198;255;115;0
2018/10/02/14:21:04.990471;[];0;-10527;-1663;14257;-438;6;1110;-844;69;1105;10;0;116;0
2018/10/02/14:21:05.002470;[];0;-10591;-1743;13505;-304;-260;1078;-844;69;1105;78;0;116;0
2018/10/02/14:21:05.015402;[];0;-11503;-1087;16577;-88;-366;1116;-818;69;1105;146;0;116;0
2018/10/02/14:21:05.031469;[];0;-13023;-591;17729;82;-460;1060;-818;69;1105;214;0;116;0
2018/10/02/14:21:05.043464;[];0;-13375;-47;17457;418;-398;1188;-818;69;1105;26;1;116;0
2018/10/02/14:21:05.117482;[];0;-10783;2705;19761;82;-510;504;-747;147;1105;212;2;116;0
2018/10/02/14:21:05.133472;[];0;-10191;3601;20657;250;-236;430;-747;147;1105;41;3;116;0
2018/10/02/14:21:05.150464;[];0;-9823;3569;18801;188;-128;208;-721;147;1078;109;3;116;0
2018/10/02/14:21:05.162468;[];0;-9327;3745;18001;212;-114;202;-721;147;1078;160;3;116;0
2018/10/02/14:21:05.178477;[];0;-6223;3297;17281;68;-88;-142;-721;147;1078;211;3;116;0
2018/10/02/14:21:05.191472;[];0;-5167;1457;16657;-62;-176;-462;-682;177;1125;57;4;116;0
2018/10/02/14:21:05.203469;[];0;-5151;1041;17233;-204;-264;-670;-682;177;1125;125;4;116;0
2018/10/02/14:21:05.215465;[];0;-4031;-415;17713;-268;-298;-688;-695;183;1138;210;4;116;0
2018/10/02/14:21:05.232488;[];0;-3855;-1631;18465;-280;-12;-820;-695;183;1138;39;5;116;0
2018/10/02/14:21:05.248477;[];0;-3807;-1535;17745;-98;184;-992;-734;141;1098;124;5;116;0
2018/10/02/14:21:05.268499;[];0;-2431;-1887;16705;-142;30;-950;-734;141;1098;226;5;116;0
2018/10/02/14:21:05.281474;[];0;-2271;-2079;17377;-52;172;-926;-734;135;1125;21;6;116;0
2018/10/02/14:21:05.293472;[];0;-2815;-1935;16849;114;218;-954;-734;135;1125;72;6;116;0
2018/10/02/14:21:05.309489;[];0;-3871;-1487;18481;20;16;-904;-734;135;1125;140;6;116;0
2018/10/02/14:21:05.322496;[];0;-4719;-2111;18273;70;66;-876;-754;117;1164;208;6;116;0
2018/10/02/14:21:05.334471;[];0;-5423;-2735;18849;82;-24;-814;-754;117;1164;20;7;116;0
2018/10/02/14:21:05.346440;[];0;-5535;-2095;17409;86;-46;-740;-747;75;1125;88;7;116;0
2018/10/02/14:21:05.363475;[];0;-4223;-2623;17121;-102;-54;-760;-747;75;1125;156;7;116;0
2018/10/02/14:21:05.375565;[];0;-3087;-2559;17713;-204;-136;-680;-747;75;1125;224;7;116;0
2018/10/02/14:21:05.387482;[];0;-3807;-2383;17345;-142;-258;-750;-766;93;1138;36;8;116;0
2018/10/02/14:21:05.399481;[];0;-3551;-2431;17601;-140;-188;-798;-766;93;1138;104;8;116;0
2018/10/02/14:21:05.416489;[];0;-2767;-2047;17585;-40;-180;-632;-734;57;1131;172;8;116;0
2018/10/02/14:21:05.428481;[];0;-1823;-1983;16097;-78;-138;-736;-734;57;1131;240;8;116;0
2018/10/02/14:21:05.440494;[];0;-863;-2063;16273;54;-20;-508;-734;57;1131;52;9;116;0
2018/10/02/14:21:05.453470;[];0;1169;-655;13921;36;-74;-728;-721;51;1177;120;9;116;0
2018/10/02/14:21:05.469501;[];0;1713;-479;14945;-40;0;-746;-721;51;1177;188;9;116;0
2018/10/02/14:21:05.481500;[];0;2033;-799;12609;-50;46;-582;-766;51;1171;0;10;116;0
2018/10/02/14:21:05.494493;[];0;2913;-1903;12193;-122;24;-772;-766;51;1171;68;10;116;0
2018/10/02/14:21:05.506501;[];0;3569;-2159;11841;-190;114;-884;-766;51;1171;136;10;116;0
2018/10/02/14:21:05.522479;[];0;3361;-1039;11073;-88;128;-848;-747;3;1177;221;10;116;0
2018/10/02/14:21:05.535481;[];0;3745;-47;12273;-88;206;-950;-747;3;1177;32;11;116;0
2018/10/02/14:21:05.547500;[];0;4529;-255;11697;166;178;-734;-728;-3;1151;100;11;116;0
2018/10/02/14:21:05.559494;[];0;4673;-591;12177;272;36;-618;-728;-3;1151;168;11;116;0
2018/10/02/14:21:05.572499;[];0;4289;-1519;13041;198;-48;-632;-728;-3;1151;236;11;116;0
2018/10/02/14:21:05.588507;[];0;3121;-1487;13153;174;62;-388;-747;21;1197;48;12;116;0
2018/10/02/14:21:05.600499;[];0;2273;-2255;14353;164;-12;-216;-747;21;1197;116;12;116;0
2018/10/02/14:21:05.612498;[];0;1153;-2687;13969;82;62;-146;-741;-27;1164;184;12;116;0
2018/10/02/14:21:05.625497;[];0;417;-2239;13921;4;156;-102;-741;-27;1164;252;12;116;0
2018/10/02/14:21:05.641500;[];0;513;-1871;14113;100;94;70;-741;-27;1164;64;13;116;0
2018/10/02/14:21:05.653476;[];0;257;-2143;13729;-126;-102;0;-708;21;1177;132;13;116;0
2018/10/02/14:21:05.666502;[];0;625;-1999;14465;-70;-88;-14;-708;21;1177;200;13;116;0
2018/10/02/14:21:05.678504;[];0;97;-1967;15233;12;-246;-42;-773;9;1151;12;14;116;0
2018/10/02/14:21:05.694496;[];0;-911;-1391;16065;14;-260;52;-773;9;1151;80;14;116;0
2018/10/02/14:21:05.707505;[];0;-1199;-1439;17265;180;-224;48;-773;9;1151;148;14;116;0
2018/10/02/14:21:05.719506;[];0;-879;-1455;16929;220;-112;76;-728;3;1217;216;14;116;0
2018/10/02/14:21:05.731499;[];0;-799;-927;16145;286;-72;-24;-728;3;1217;45;15;116;0
2018/10/02/14:21:05.748486;[];0;-511;-719;15585;112;-98;180;-741;-15;1157;113;15;116;0
2018/10/02/14:21:05.760503;[];0;465;-287;14737;78;-148;-74;-741;-15;1157;181;15;116;0
2018/10/02/14:21:05.772498;[];0;705;-367;15521;-8;-342;-60;-741;-15;1157;249;15;116;0
2018/10/02/14:21:05.785494;[];0;833;-991;16289;158;-186;-156;-747;-3;1171;61;16;116;0
2018/10/02/14:21:05.801501;[];0;961;-1263;17217;64;-184;-176;-747;-3;1171;129;16;116;0
2018/10/02/14:21:05.813499;[];0;945;-1343;17441;64;-168;-296;-747;9;1217;197;16;116;0
2018/10/02/14:21:05.825630;[];0;1169;-1983;17537;24;-178;-182;-747;9;1217;9;17;116;0
2018/10/02/14:21:05.838504;[];0;1233;-2383;16865;92;-42;-178;-747;9;1217;77;17;116;0
2018/10/02/14:21:05.854458;[];0;1297;-1647;16977;96;72;-148;-721;-21;1171;145;17;116;0
2018/10/02/14:21:05.866506;[];0;1313;-991;16001;62;100;-96;-721;-21;1171;213;17;116;0
2018/10/02/14:21:05.879507;[];0;1329;-975;15937;88;54;-58;-721;15;1230;25;18;116;0
2018/10/02/14:21:05.891501;[];0;1361;-1071;15633;6;-76;98;-721;15;1230;93;18;116;0
2018/10/02/14:21:05.903498;[];0;1025;-1023;15249;92;66;42;-721;15;1230;161;18;116;0
2018/10/02/14:21:05.920505;[];0;801;-1599;15489;32;-72;-2;-747;-33;1190;212;18;116;0
2018/10/02/14:21:05.932513;[];0;673;-1535;15841;40;-74;-124;-747;-33;1190;58;19;116;0
2018/10/02/14:21:05.944502;[];0;353;-1887;15441;-44;-52;-78;-721;-21;1269;126;19;116;0
2018/10/02/14:21:05.957510;[];0;401;-1967;15953;-82;-48;20;-721;-21;1269;194;19;116;0
2018/10/02/14:21:05.973499;[];0;449;-1759;15697;-144;-82;-22;-721;-21;1269;6;20;116;0
2018/10/02/14:21:05.985617;[];0;529;-1695;15713;34;-96;14;-702;-15;1197;74;20;116;0
2018/10/02/14:21:05.997524;[];0;465;-1743;16017;-20;-244;20;-702;-15;1197;142;20;116;0
2018/10/02/14:21:06.010504;[];0;561;-1695;15521;-138;-114;-28;-728;-27;1230;210;20;116;0
2018/10/02/14:21:06.026507;[];0;481;-1887;15985;54;-222;18;-728;-27;1230;22;21;116;0
2018/10/02/14:21:06.038508;[];0;177;-1871;16321;-16;-184;58;-728;-27;1230;90;21;116;0
2018/10/02/14:21:06.051503;[];0;545;-1855;16353;10;-70;-30;-721;-9;1210;158;21;116;0
2018/10/02/14:21:06.063501;[];0;449;-1935;16353;-100;-130;0;-721;-9;1210;226;21;116;0
2018/10/02/14:21:06.079507;[];0;97;-1615;16033;-62;-82;92;-689;-3;1236;38;22;116;0
2018/10/02/14:21:06.092511;[];0;241;-1727;15873;-70;-36;140;-689;-3;1236;106;22;116;0
2018/10/02/14:21:06.104503;[];0;97;-1791;15809;54;14;142;-689;-3;1236;174;22;116;0
2018/10/02/14:21:06.116510;[];0;209;-1599;15553;-84;-66;84;-676;-21;1223;242;22;116;0
2018/10/02/14:21:06.133121;[];0;305;-1567;15473;28;30;-40;-676;-21;1223;71;23;116;0
2018/10/02/14:21:06.145587;[];0;209;-1503;15329;16;24;-36;-676;-15;1223;139;23;116;0
2018/10/02/14:21:06.157511;[];0;337;-1791;15329;34;-18;76;-676;-15;1223;207;23;116;0
2018/10/02/14:21:06.170507;[];0;337;-1615;15409;26;-4;-174;-676;-15;1223;19;24;116;0
2018/10/02/14:21:06.182506;[];0;465;-1743;15185;104;-128;0;-734;-21;1217;87;24;116;0
2018/10/02/14:21:06.198511;[];0;417;-1839;15233;-36;-56;-10;-734;-21;1217;155;24;116;0
2018/10/02/14:21:06.210507;[];0;1;-2079;14833;8;80;-106;-669;-15;1217;223;24;116;0
2018/10/02/14:21:06.223504;[];0;97;-1951;14625;48;32;-82;-669;-15;1217;35;25;116;0
2018/10/02/14:21:06.235513;[];0;225;-2047;14561;52;50;-112;-669;-15;1217;103;25;116;0
2018/10/02/14:21:06.251508;[];0;145;-2063;13969;10;-54;-46;-715;-45;1236;171;25;116;0
2018/10/02/14:21:06.264502;[];0;-95;-2415;14369;168;-30;-26;-715;-45;1236;239;25;116;0
2018/10/02/14:21:06.276515;[];0;-255;-2703;14385;44;-74;-94;-682;3;1250;51;26;116;0
2018/10/02/14:21:06.288512;[];0;-623;-2639;14865;0;-118;-30;-682;3;1250;119;26;116;0
2018/10/02/14:21:06.305427;[];0;-1039;-2111;15505;136;-62;-120;-682;3;1250;187;26;116;0
2018/10/02/14:21:06.317513;[];0;-1343;-2063;15521;190;-68;-62;-656;3;1256;255;26;116;0
2018/10/02/14:21:06.329525;[];0;-1151;-2159;16817;184;-240;42;-656;3;1256;67;27;116;0
2018/10/02/14:21:06.342508;[];0;-687;-2543;18785;88;-298;-128;-676;-3;1217;152;27;116;0
2018/10/02/14:21:06.358495;[];0;-639;-2975;21953;112;-484;-58;-676;-3;1217;220;27;116;0
2018/10/02/14:21:06.370481;[];0;-191;-2303;22865;192;-576;-6;-676;-3;1217;32;28;116;0
2018/10/02/14:21:06.382507;[];0;-1471;-2399;26833;242;-492;46;-663;-33;1250;100;28;116;0
2018/10/02/14:21:06.395429;[];0;-95;-2623;28513;206;-422;-16;-663;-33;1250;168;28;116;0
2018/10/02/14:21:06.411510;[];0;625;-2319;32113;234;-554;150;-611;-57;1223;236;28;116;0
2018/10/02/14:21:06.423506;[];0;1185;-1663;32753;212;-460;228;-611;-57;1223;48;29;116;0
2018/10/02/14:21:06.436513;[];0;1329;-1407;32753;242;-424;426;-611;-57;1223;99;29;116;0
2018/10/02/14:21:06.448515;[];0;1201;-495;32753;246;-190;366;-579;-15;1256;201;29;116;0
2018/10/02/14:21:06.464464;[];0;1761;-127;31281;138;-130;334;-579;-15;1256;252;29;116;0
2018/10/02/14:21:06.477519;[];0;2689;369;29121;86;70;188;-624;15;1296;64;30;116;0
2018/10/02/14:21:06.489525;[];0;3633;449;26865;-18;284;40;-624;15;1296;132;30;116;0
2018/10/02/14:21:06.501512;[];0;3665;817;24481;-78;272;-6;-624;15;1296;200;30;116;0
2018/10/02/14:21:06.514483;[];0;3905;-63;23153;-134;196;-72;-598;9;1250;12;31;116;0
2018/10/02/14:21:06.530511;[];0;5057;945;22577;-348;150;-260;-598;9;1250;80;31;116;0
2018/10/02/14:21:06.542511;[];0;5041;721;20385;-416;190;-326;-682;63;1302;165;31;116;0
2018/10/02/14:21:06.555596;[];0;3633;161;19969;-424;354;-152;-682;63;1302;233;31;116;0
2018/10/02/14:21:06.567518;[];0;2625;-191;17809;-360;492;-298;-682;63;1302;45;32;116;0
2018/10/02/14:21:06.583521;[];0;1921;-463;14561;-388;736;-198;-708;63;1322;113;32;116;0
2018/10/02/14:21:06.595510;[];0;1905;-207;11713;-282;820;-282;-708;63;1322;181;32;116;0
2018/10/02/14:21:06.608516;[];0;1697;193;8353;-250;838;-116;-728;99;1348;249;32;116;0
2018/10/02/14:21:06.620512;[];0;1489;65;5809;-152;746;-176;-728;99;1348;61;33;116;0
2018/10/02/14:21:06.636518;[];0;849;209;4033;-86;672;-148;-728;99;1348;129;33;116;0
2018/10/02/14:21:06.649525;[];0;513;-127;1969;-184;538;-38;-734;135;1335;197;33;116;0
2018/10/02/14:21:06.661491;[];0;1025;49;577;-130;380;-40;-734;135;1335;9;34;116;0
2018/10/02/14:21:06.673489;[];0;865;145;737;-212;188;-22;-812;135;1315;77;34;116;0
2018/10/02/14:21:06.690492;[];0;593;161;769;-188;232;-78;-812;135;1315;145;34;116;0
2018/10/02/14:21:06.702492;[];0;161;-175;897;-112;246;-218;-812;135;1315;213;34;116;0
2018/10/02/14:21:06.714486;[];0;145;-159;769;-60;318;-324;-825;129;1342;25;35;116;0
2018/10/02/14:21:06.727497;[];0;369;-879;209;-80;262;-210;-825;129;1342;93;35;116;0
2018/10/02/14:21:06.743468;[];0;-191;-1423;-15;-28;318;-278;-877;135;1328;178;35;116;0
2018/10/02/14:21:06.755422;[];0;-143;-2143;33;-154;264;-152;-877;135;1328;246;35;116;0
2018/10/02/14:21:06.767513;[];0;-495;-2383;353;-74;238;-218;-877;135;1328;58;36;116;0
2018/10/02/14:21:06.780513;[];0;-991;-3391;-399;-226;242;-130;-864;117;1361;126;36;116;0
2018/10/02/14:21:06.792508;[];0;-1455;-3839;-143;-240;342;-218;-864;117;1361;194;36;116;0
2018/10/02/14:21:06.808514;[];0;-1439;-4207;-639;-270;228;-60;-883;135;1328;6;37;116;0
2018/10/02/14:21:06.821518;[];0;-1663;-4767;-431;-164;272;-72;-883;135;1328;74;37;116;0
2018/10/02/14:21:06.833505;[];0;-2463;-4975;225;-240;148;0;-883;135;1328;142;37;116;0
2018/10/02/14:21:06.845566;[];0;-2383;-4991;-47;-32;4;196;-851;81;1309;210;37;116;0
2018/10/02/14:21:06.862515;[];0;-2239;-4703;753;76;-98;246;-851;81;1309;22;38;116;0
2018/10/02/14:21:06.874490;[];0;-2559;-3855;833;202;-260;410;-870;93;1289;90;38;116;0
2018/10/02/14:21:06.886520;[];0;-2431;-4063;913;332;-352;588;-870;93;1289;158;38;116;0
2018/10/02/14:21:06.899526;[];0;-2047;-3135;2049;354;-520;554;-870;93;1289;226;38;116;0
2018/10/02/14:21:06.915680;[];0;-1391;-1663;2865;464;-584;600;-818;99;1282;38;39;116;0
2018/10/02/14:21:06.927522;[];0;-575;-847;5105;388;-810;654;-818;99;1282;106;39;116;0
2018/10/02/14:21:06.940520;[];0;-367;193;4721;484;-848;666;-760;117;1296;174;39;116;0
2018/10/02/14:21:06.952501;[];0;449;-639;6545;334;-826;804;-760;117;1296;3;40;116;0
2018/10/02/14:21:06.968520;[];0;769;-575;7521;138;-1026;720;-760;117;1296;71;40;116;0
2018/10/02/14:21:06.980515;[];0;449;-815;7889;76;-846;318;-689;75;1269;139;40;116;0
2018/10/02/14:21:06.993507;[];0;1153;721;10737;58;-876;390;-689;75;1269;206;40;116;0
2018/10/02/14:21:07.005511;[];0;849;817;10753;128;-794;310;-682;75;1282;18;41;116;0
2018/10/02/14:21:07.021517;[];0;641;-303;10689;184;-684;204;-682;75;1282;86;41;116;0
2018/10/02/14:21:07.034514;[];0;945;97;10929;400;-690;-92;-682;75;1282;154;41;116;0
2018/10/02/14:21:07.046523;[];0;1777;641;12417;402;-656;-142;-592;81;1256;222;41;116;0
2018/10/02/14:21:07.058521;[];0;4305;1457;12961;564;-624;-228;-592;81;1256;34;42;116;0
2018/10/02/14:21:07.075537;[];0;5857;2625;16769;620;-464;-312;-572;51;1296;102;42;116;0
2018/10/02/14:21:07.087522;[];0;8049;3537;16817;638;-520;-106;-572;51;1296;170;42;116;0
2018/10/02/14:21:07.099519;[];0;7153;4065;20673;518;-388;-64;-572;51;1296;238;42;116;0
2018/10/02/14:21:07.112517;[];0;6593;4177;19041;404;-218;246;-475;39;1243;50;43;116;0
2018/10/02/14:21:07.124516;[];0;6657;6289;19809;398;26;270;-475;39;1243;118;43;116;0
2018/10/02/14:21:07.140520;[];0;7553;6305;20209;270;156;488;-501;15;1203;203;43;116;0
2018/10/02/14:21:07.152517;[];0;7521;6769;19409;168;180;494;-501;15;1203;15;44;116;0
2018/10/02/14:21:07.165437;[];0;6097;5889;18545;90;148;214;-501;15;1203;83;44;116;0
2018/10/02/14:21:07.177526;[];0;4721;6241;20785;276;46;-222;-475;39;1217;151;44;116;0
2018/10/02/14:21:07.193515;[];0;4945;5825;21105;386;-194;-424;-475;39;1217;219;44;116;0
2018/10/02/14:21:07.206448;[];0;5057;4113;23681;474;-550;-656;-469;-21;1177;31;45;116;0
2018/10/02/14:21:07.218524;[];0;4929;3009;26641;746;-794;-802;-469;-21;1177;99;45;116;0
2018/10/02/14:21:07.230525;[];0;5041;1329;30081;1120;-1046;-834;-469;-21;1177;167;45;116;0
2018/10/02/14:21:07.247477;[];0;4689;577;31809;1344;-1108;-792;-462;-3;1203;235;45;116;0
2018/10/02/14:21:07.259736;[];0;5569;-687;32753;1296;-1296;-462;-462;-3;1203;47;46;116;0
2018/10/02/14:21:07.271523;[];0;7057;-399;32753;1300;-1420;-142;-398;51;1177;115;46;116;0
2018/10/02/14:21:07.284502;[];0;7521;193;32753;968;-1448;102;-398;51;1177;183;46;116;0
2018/10/02/14:21:07.300515;[];0;6769;-111;32753;578;-1312;384;-398;51;1177;251;46;116;0
2018/10/02/14:21:07.312498;[];0;6017;-1119;32753;296;-1358;728;-262;69;1197;63;47;116;0
2018/10/02/14:21:07.325569;[];0;6545;-2495;32753;170;-832;688;-262;69;1197;131;47;116;0
2018/10/02/14:21:07.337507;[];0;6161;-1711;32753;-218;-684;708;-216;105;1217;199;47;116;0
2018/10/02/14:21:07.353502;[];0;5793;-1263;32753;-268;-480;470;-216;105;1217;28;48;116;0
2018/10/02/14:21:07.365704;[];0;6721;-1359;32753;-284;-64;396;-216;105;1217;96;48;116;0
2018/10/02/14:21:07.382515;[];0;6225;-1295;32753;-332;258;398;-236;87;1230;164;48;116;0
2018/10/02/14:21:07.394494;[];0;6129;-559;32753;-214;574;250;-236;87;1230;249;48;116;0
2018/10/02/14:21:07.406526;[];0;6481;465;32753;-278;774;288;-281;69;1263;61;49;116;0
2018/10/02/14:21:07.419516;[];0;6833;1025;32753;-322;850;276;-281;69;1263;129;49;116;0
2018/10/02/14:21:07.435507;[];0;7169;2241;32753;-324;1078;356;-320;81;1256;197;49;116;0
2018/10/02/14:21:07.447516;[];0;7217;3105;32753;-352;1172;300;-320;81;1256;9;50;116;0
2018/10/02/14:21:07.460502;[];0;7073;4033;32753;-384;1098;356;-320;81;1256;77;50;116;0
2018/10/02/14:21:07.472518;[];0;6593;3745;30897;-304;1116;230;-365;81;1223;145;50;116;0
2018/10/02/14:21:07.488506;[];0;7265;3089;29905;-384;976;266;-365;81;1223;213;50;116;0
2018/10/02/14:21:07.501521;[];0;6369;3265;27345;-536;948;286;-365;81;1223;25;51;116;0
2018/10/02/14:21:07.513505;[];0;5521;3265;25201;-570;1004;254;-404;105;1197;93;51;116;0
2018/10/02/14:21:07.529539;[];0;5969;4433;19985;-620;1136;258;-475;111;1236;229;51;116;0
2018/10/02/14:21:07.542521;[];0;6129;6385;18225;-546;974;72;-475;111;1236;24;52;116;0
2018/10/02/14:21:07.558531;[];0;8033;6257;17969;-614;908;246;-475;111;1236;75;52;116;0
2018/10/02/14:21:07.570526;[];0;8273;5745;13393;-636;674;20;-527;93;1217;160;52;116;0
2018/10/02/14:21:07.583534;[];0;6753;5505;12161;-676;696;-92;-527;93;1217;211;52;116;0
2018/10/02/14:21:07.595556;[];0;5553;4545;11569;-770;634;-70;-527;93;1217;23;53;116;0
2018/10/02/14:21:07.611526;[];0;5137;2385;10081;-786;650;-74;-559;117;1289;91;53;116;0
2018/10/02/14:21:07.623527;[];0;3473;2273;7441;-892;712;-238;-559;117;1289;159;53;116;0
2018/10/02/14:21:07.636530;[];0;4385;2321;8065;-968;730;-112;-598;147;1230;227;53;116;0
2018/10/02/14:21:07.648529;[];0;3265;1217;5969;-1020;700;-152;-598;147;1230;39;54;116;0
2018/10/02/14:21:07.664523;[];0;1953;1697;5377;-902;1062;-70;-598;147;1230;107;54;116;0
2018/10/02/14:21:07.677535;[];0;1681;1553;5249;-890;1086;-40;-669;117;1256;175;54;116;0
2018/10/02/14:21:07.689526;[];0;1665;1313;2705;-950;1098;-92;-669;117;1256;243;54;116;0
2018/10/02/14:21:07.701526;[];0;897;1041;817;-846;1132;-380;-728;147;1276;55;55;116;0
2018/10/02/14:21:07.718511;[];0;65;257;737;-858;1006;-312;-728;147;1276;123;55;116;0
2018/10/02/14:21:07.730526;[];0;-1183;-319;385;-892;1024;-466;-728;147;1276;174;55;116;0
2018/10/02/14:21:07.742525;[];0;-2383;-1391;801;-894;744;-414;-805;99;1256;3;56;116;0
2018/10/02/14:21:07.755523;[];0;-2207;-2175;-31;-750;590;-258;-805;99;1256;71;56;116;0
2018/10/02/14:21:07.767529;[];0;-1983;-1919;449;-536;638;-512;-851;81;1282;139;56;116;0
2018/10/02/14:21:07.783509;[];0;-1119;-2367;-191;-460;288;-388;-851;81;1282;224;56;116;0
2018/10/02/14:21:07.796512;[];0;-1967;-3359;673;-230;140;-418;-851;81;1282;36;57;116;0
2018/10/02/14:21:07.808509;[];0;-2527;-3247;1761;-150;82;-370;-909;45;1296;104;57;116;0
2018/10/02/14:21:07.820500;[];0;-2431;-3935;1793;-18;80;-342;-909;45;1296;172;57;116;0
2018/10/02/14:21:07.836514;[];0;-1823;-4143;1713;120;0;-204;-948;57;1302;240;57;116;0
2018/10/02/14:21:07.849517;[];0;-1103;-4191;2177;-26;-158;-94;-948;57;1302;52;58;116;0
2018/10/02/14:21:07.861507;[];0;-959;-3855;2193;82;-140;-36;-948;57;1302;120;58;116;0
2018/10/02/14:21:07.873501;[];0;-1599;-3695;3297;46;-152;16;-961;45;1296;188;58;116;0
2018/10/02/14:21:07.890510;[];0;-2623;-3567;2193;106;-124;82;-961;45;1296;0;59;116;0
2018/10/02/14:21:07.902504;[];0;-1951;-2991;2241;188;-16;126;-922;45;1328;85;59;116;0
2018/10/02/14:21:07.914500;[];0;-1615;-2831;1809;278;-26;78;-922;45;1328;136;59;116;0
2018/10/02/14:21:07.927512;[];0;-1983;-2783;1585;220;-98;-140;-922;45;1328;204;59;116;0
2018/10/02/14:21:07.943483;[];0;-2271;-3599;1841;308;-242;28;-889;87;1335;16;60;116;0
2018/10/02/14:21:07.955436;[];0;-2159;-3727;2529;228;-310;-46;-889;87;1335;84;60;116;0
2018/10/02/14:21:07.968510;[];0;-2847;-4207;3329;196;-78;58;-896;63;1355;152;60;116;0
2018/10/02/14:21:07.980505;[];0;-2671;-3167;3857;162;-94;-104;-896;63;1355;237;60;116;0
2018/10/02/14:21:07.996511;[];0;-2223;-2527;3601;250;-104;144;-896;63;1355;49;61;116;0
2018/10/02/14:21:08.008534;[];0;-1583;-1711;3041;250;-110;114;-915;75;1328;117;61;116;0
2018/10/02/14:21:08.021521;[];0;-1247;-1295;3457;354;-198;246;-915;75;1328;185;61;116;0
2018/10/02/14:21:08.033503;[];0;-991;-1167;3633;242;-182;162;-889;87;1282;253;61;116;0
2018/10/02/14:21:08.049504;[];0;-975;-927;4673;80;-254;358;-889;87;1282;65;62;116;0
2018/10/02/14:21:08.062506;[];0;-1311;-671;5697;70;-232;322;-889;87;1282;133;62;116;0
2018/10/02/14:21:08.074507;[];0;-1839;-463;6065;12;-260;328;-805;75;1296;201;62;116;0
2018/10/02/14:21:08.086517;[];0;-1839;-383;6081;-56;-68;178;-805;75;1296;13;63;116;0
2018/10/02/14:21:08.099528;[];0;-1887;-639;6513;-88;-246;330;-766;87;1322;81;63;116;0
2018/10/02/14:21:08.115700;[];0;-1263;-463;6145;-232;-72;154;-766;87;1322;166;63;116;0
2018/10/02/14:21:08.127515;[];0;-367;17;6561;-170;-168;-62;-766;87;1322;217;63;116;0
2018/10/02/14:21:08.140514;[];0;449;225;6241;-400;-344;42;-799;39;1250;29;64;116;0
2018/10/02/14:21:08.152505;[];0;609;33;7153;-332;-164;-24;-799;39;1250;97;64;116;0
2018/10/02/14:21:08.168513;[];0;-319;-527;8593;-394;-112;-136;-773;21;1217;165;64;116;0
2018/10/02/14:21:08.181508;[];0;-591;-879;9905;-396;-162;-82;-773;21;1217;233;64;116;0
2018/10/02/14:21:08.193504;[];0;561;-239;11073;-342;-110;-76;-773;21;1217;62;65;116;0
2018/10/02/14:21:08.205504;[];0;2049;609;10033;-354;-104;-32;-728;-39;1190;130;65;116;0
2018/10/02/14:21:08.221510;[];0;4065;1297;9825;-174;-46;-138;-728;-39;1190;198;65;116;0
2018/10/02/14:21:08.234508;[];0;3489;817;13009;-180;-14;-288;-669;-99;1203;10;66;116;0
2018/10/02/14:21:08.246510;[];0;2289;129;13857;-102;-30;-164;-669;-99;1203;78;66;116;0
2018/10/02/14:21:08.259644;[];0;1681;465;14353;-64;12;-292;-669;-99;1203;146;66;116;0
2018/10/02/14:21:08.275509;[];0;1473;593;14273;64;-70;-324;-669;-105;1151;214;66;116;0
2018/10/02/14:21:08.287537;[];0;2001;705;15505;150;-214;-372;-669;-105;1151;26;67;116;0
2018/10/02/14:21:08.299513;[];0;4049;1537;15329;254;-482;-546;-669;-153;1138;94;67;116;0
2018/10/02/14:21:08.312510;[];0;4865;1473;16961;656;-622;-746;-669;-153;1138;162;67;116;0
2018/10/02/14:21:08.328508;[];0;3137;1569;18497;950;-950;-664;-669;-153;1138;230;67;116;0
2018/10/02/14:21:08.340514;[];0;2529;1953;21729;1236;-1234;-918;-618;-177;1177;42;68;116;0
2018/10/02/14:21:08.353513;[];0;3457;337;23265;1676;-1480;-1010;-618;-177;1177;110;68;116;0
2018/10/02/14:21:08.365121;[];0;5233;-1727;27201;1842;-1610;-1044;-540;-177;1190;178;68;116;0
2018/10/02/14:21:08.377517;[];0;5841;-1487;29553;2032;-1868;-710;-540;-177;1190;246;68;116;0
2018/10/02/14:21:08.393510;[];0;5777;-975;28785;2116;-1904;-498;-540;-177;1190;75;69;116;0
2018/10/02/14:21:08.406534;[];0;5329;1025;30577;2110;-1864;-388;-423;-81;1190;143;69;116;0
2018/10/02/14:21:08.418521;[];0;6225;1345;31441;1884;-1892;-108;-423;-81;1190;211;69;116;0
2018/10/02/14:21:08.430507;[];0;7057;1009;31921;1586;-1890;102;-339;-63;1263;23;70;116;0
2018/10/02/14:21:08.447509;[];0;7089;209;32641;1150;-1676;236;-339;-63;1263;90;70;116;0
2018/10/02/14:21:08.459529;[];0;6145;1393;32753;896;-1510;228;-339;-63;1263;158;70;116;0
2018/10/02/14:21:08.471514;[];0;6193;2193;32753;528;-1314;246;-288;-15;1230;226;70;116;0
2018/10/02/14:21:08.484513;[];0;6961;2369;32753;358;-1224;210;-288;-15;1230;38;71;116;0
2018/10/02/14:21:08.500515;[];0;7921;2049;32753;152;-950;70;-203;39;1190;106;71;116;0
2018/10/02/14:21:08.512512;[];0;8177;897;32753;16;-798;-142;-203;39;1190;174;71;116;0
2018/10/02/14:21:08.525631;[];0;7729;-671;32753;34;-624;-320;-203;39;1190;242;71;116;0
2018/10/02/14:21:08.537521;[];0;7377;-1535;32753;-124;-366;-306;-158;3;1210;54;72;116;0
2018/10/02/14:21:08.553507;[];0;7393;-2223;32753;-78;-44;-352;-158;3;1210;122;72;116;0
2018/10/02/14:21:08.566523;[];0;7217;-2831;32753;-270;176;-150;-165;15;1243;190;72;116;0
2018/10/02/14:21:08.578515;[];0;7233;-2767;32753;-314;416;-170;-165;15;1243;2;73;116;0
2018/10/02/14:21:08.590517;[];0;7249;-1263;32753;-388;532;146;-165;15;1243;87;73;116;0
2018/10/02/14:21:08.606521;[];0;7041;-1007;32753;-510;848;122;-197;-9;1243;155;73;116;0
2018/10/02/14:21:08.619535;[];0;6945;-79;32753;-530;850;124;-197;-9;1243;223;73;116;0
2018/10/02/14:21:08.631514;[];0;6593;289;32033;-576;1040;286;-197;9;1236;35;74;116;0
2018/10/02/14:21:08.643512;[];0;6721;-143;31185;-734;892;230;-197;9;1236;103;74;116;0
2018/10/02/14:21:08.660500;[];0;6177;369;31633;-598;1162;336;-197;9;1236;171;74;116;0
2018/10/02/14:21:08.672517;[];0;6001;657;31185;-562;1022;364;-255;-21;1243;239;74;116;0
2018/10/02/14:21:08.684512;[];0;6385;1137;30657;-506;1240;260;-255;-21;1243;51;75;116;0
2018/10/02/14:21:08.697523;[];0;7713;1569;31713;-532;1324;300;-307;-27;1203;119;75;116;0
2018/10/02/14:21:08.709524;[];0;7201;1265;28849;-496;1266;364;-307;-27;1203;187;75;116;0
2018/10/02/14:21:08.725559;[];0;7201;2305;27569;-758;1266;398;-307;-27;1203;238;75;116;0
2018/10/02/14:21:08.738522;[];0;6897;3377;25601;-504;1396;390;-391;-33;1250;67;76;116;0
2018/10/02/14:21:08.750517;[];0;7345;4161;22737;-550;1332;364;-391;-33;1250;135;76;116;0
2018/10/02/14:21:08.762516;[];0;7745;5553;20689;-554;1276;378;-469;-39;1296;203;76;116;0
2018/10/02/14:21:08.778523;[];0;7377;5809;17745;-378;1270;316;-469;-39;1296;15;77;116;0
2018/10/02/14:21:08.791521;[];0;6049;5265;15377;-358;1410;154;-469;-39;1296;83;77;116;0
2018/10/02/14:21:08.803515;[];0;4785;3537;13201;-576;1300;-54;-533;3;1243;168;77;116;0
2018/10/02/14:21:08.815667;[];0;4849;3633;11537;-532;1082;-104;-533;3;1243;236;77;116;0
2018/10/02/14:21:08.832520;[];0;3857;3377;8321;-548;1048;-260;-585;9;1210;48;78;116;0
2018/10/02/14:21:08.844502;[];0;1969;1793;7041;-374;896;-278;-585;9;1210;116;78;116;0
2018/10/02/14:21:08.856535;[];0;1329;1617;5521;-200;786;-442;-585;9;1210;184;78;116;0
2018/10/02/14:21:08.869536;[];0;1505;2129;3969;-160;596;-292;-676;-9;1269;252;78;116;0
2018/10/02/14:21:08.885513;[];0;1297;1905;3041;-108;524;-562;-676;-9;1269;64;79;116;0
2018/10/02/14:21:08.897525;[];0;1425;257;3025;-114;438;-574;-734;81;1250;132;79;116;0
2018/10/02/14:21:08.910546;[];0;1057;-703;2577;-206;218;-400;-734;81;1250;200;79;116;0
2018/10/02/14:21:08.922517;[];0;833;-319;3553;-284;256;-478;-734;81;1250;12;80;116;0
2018/10/02/14:21:08.938522;[];0;849;-79;3089;-466;88;-218;-741;27;1263;80;80;116;0
2018/10/02/14:21:08.951519;[];0;49;-895;3969;-474;250;-176;-741;27;1263;148;80;116;0
2018/10/02/14:21:08.963520;[];0;-1183;-2255;4577;-556;256;-8;-754;3;1230;216;80;116;0
2018/10/02/14:21:08.975561;[];0;-1135;-2383;4081;-512;352;-170;-754;3;1230;28;81;116;0
2018/10/02/14:21:08.987528;[];0;177;-1423;4001;-550;280;-190;-754;3;1230;96;81;116;0
2018/10/02/14:21:09.004515;[];0;897;-783;3217;-342;148;-84;-792;21;1276;181;81;116;0
2018/10/02/14:21:09.016545;[];0;513;-1199;4257;-236;138;-44;-792;21;1276;249;81;116;0
2018/10/02/14:21:09.028529;[];0;257;-1519;5201;-168;124;18;-831;-51;1243;61;82;116;0
2018/10/02/14:21:09.041540;[];0;-511;-2191;4769;-70;26;88;-831;-51;1243;129;82;116;0
2018/10/02/14:21:09.057547;[];0;-1375;-2143;4129;198;44;96;-831;-51;1243;197;82;116;0
2018/10/02/14:21:09.069543;[];0;-1487;-2495;4737;192;48;102;-818;-9;1256;9;83;116;0
2018/10/02/14:21:09.082543;[];0;-1823;-2607;4193;224;114;68;-818;-9;1256;77;83;116;0
2018/10/02/14:21:09.094541;[];0;-1855;-2255;4785;210;-40;38;-870;15;1296;145;83;116;0
2018/10/02/14:21:09.110546;[];0;-1295;-2127;4657;362;-40;-22;-870;15;1296;213;83;116;0
2018/10/02/14:21:09.123543;[];0;-1055;-1935;4993;284;-114;-20;-870;15;1296;25;84;116;0
2018/10/02/14:21:09.135481;[];0;-1487;-2431;5137;314;-114;76;-844;15;1282;93;84;116;0
2018/10/02/14:21:09.147549;[];0;-1519;-1999;5985;332;-90;230;-844;15;1282;161;84;116;0
2018/10/02/14:21:09.163527;[];0;-1199;-2031;6289;262;-214;204;-857;33;1276;229;84;116;0
2018/10/02/14:21:09.176538;[];0;-1407;-2287;6833;198;-224;70;-857;33;1276;41;85;116;0
2018/10/02/14:21:09.188539;[];0;-1487;-2575;7249;180;-364;112;-857;33;1276;109;85;116;0
2018/10/02/14:21:09.200528;[];0;-1743;-2479;7905;36;-418;230;-870;27;1243;194;85;116;0
2018/10/02/14:21:09.217539;[];0;-1631;-2559;8753;88;-316;226;-870;27;1243;6;86;116;0
2018/10/02/14:21:09.229546;[];0;-1663;-2079;9073;76;-414;294;-818;45;1315;74;86;116;0
2018/10/02/14:21:09.241525;[];0;-1327;-1759;8817;14;-320;190;-818;45;1315;142;86;116;0
2018/10/02/14:21:09.254541;[];0;-1055;-1167;9073;40;-412;370;-818;45;1315;210;86;116;0
2018/10/02/14:21:09.270540;[];0;-943;-975;8513;132;-338;362;-766;21;1315;22;87;116;0
2018/10/02/14:21:09.282544;[];0;-559;-863;9377;90;-448;238;-766;21;1315;90;87;116;0
2018/10/02/14:21:09.295544;[];0;-63;-1215;10017;96;-598;314;-747;45;1250;158;87;116;0
2018/10/02/14:21:09.307550;[];0;97;-1071;11345;204;-570;72;-747;45;1250;226;87;116;0
2018/10/02/14:21:09.319541;[];0;513;-543;11617;134;-760;-18;-747;45;1250;38;88;116;0
2018/10/02/14:21:09.336554;[];0;1073;-799;12209;172;-832;110;-695;21;1309;106;88;116;0
2018/10/02/14:21:09.348552;[];0;1073;-1231;13137;84;-720;32;-695;21;1309;174;88;116;0
2018/10/02/14:21:09.360546;[];0;785;-1487;14801;50;-708;200;-663;9;1322;242;88;116;0
2018/10/02/14:21:09.372547;[];0;993;-1903;15841;64;-650;20;-663;9;1322;54;89;116;0
2018/10/02/14:21:09.389545;[];0;945;-1999;15969;32;-614;134;-663;9;1322;122;89;116;0
2018/10/02/14:21:09.401560;[];0;801;-1311;15633;48;-566;212;-637;3;1322;190;89;116;0
2018/10/02/14:21:09.413533;[];0;737;-591;15297;154;-428;62;-637;3;1322;19;90;116;0
2018/10/02/14:21:09.426552;[];0;929;-95;15841;152;-450;84;-572;15;1256;87;90;116;0
2018/10/02/14:21:09.442546;[];0;1969;-47;16497;288;-408;58;-572;15;1256;155;90;116;0
2018/10/02/14:21:09.454546;[];0;2721;-127;17297;374;-408;-264;-572;15;1256;223;90;116;0
2018/10/02/14:21:09.467554;[];0;2945;49;17233;396;-474;-120;-598;45;1296;35;91;116;0
2018/10/02/14:21:09.479547;[];0;2337;-79;18593;524;-450;-392;-598;45;1296;103;91;116;0
2018/10/02/14:21:09.495546;[];0;2417;-63;20401;524;-496;-252;-553;-9;1302;171;91;116;0
2018/10/02/14:21:09.508552;[];0;3009;-239;21329;538;-370;-248;-553;-9;1302;239;91;116;0
2018/10/02/14:21:09.520551;[];0;2769;-95;21297;512;-270;-344;-553;-9;1302;51;92;116;0
2018/10/02/14:21:09.532550;[];0;2865;289;21793;508;-212;-206;-527;-27;1269;119;92;116;0
2018/10/02/14:21:09.548533;[];0;2881;-239;22177;416;-106;-290;-527;-27;1269;187;92;116;0
2018/10/02/14:21:09.561551;[];0;2833;145;22545;264;-52;-306;-462;9;1282;255;92;116;0
2018/10/02/14:21:09.573546;[];0;2993;305;22305;186;-98;-260;-462;9;1282;67;93;116;0
2018/10/02/14:21:09.585558;[];0;3249;385;23249;172;80;-302;-462;9;1282;135;93;116;0
2018/10/02/14:21:09.598527;[];0;2945;321;22769;84;58;-92;-488;-3;1276;203;93;116;0
2018/10/02/14:21:09.614524;[];0;2353;1025;21873;50;198;-294;-488;-3;1276;32;94;116;0
2018/10/02/14:21:09.626534;[];0;2609;1537;21777;154;200;-198;-443;-39;1243;100;94;116;0
2018/10/02/14:21:09.639545;[];0;2833;1457;21441;34;126;-18;-443;-39;1243;168;94;116;0
2018/10/02/14:21:09.651547;[];0;2769;913;21313;-2;78;-158;-443;-39;1243;236;94;116;0
2018/10/02/14:21:09.667534;[];0;2337;497;21409;10;64;-166;-495;-9;1236;48;95;116;0
2018/10/02/14:21:09.680536;[];0;2033;97;20625;-80;-42;-60;-495;-9;1236;116;95;116;0
2018/10/02/14:21:09.692527;[];0;2161;433;20177;28;68;14;-488;-15;1289;184;95;116;0
2018/10/02/14:21:09.704555;[];0;2241;881;19585;10;84;-120;-488;-15;1289;252;95;116;0
2018/10/02/14:21:09.721552;[];0;2513;849;19553;82;48;-106;-488;-15;1289;64;96;116;0
2018/10/02/14:21:09.733526;[];0;2673;833;18929;70;60;-38;-462;-21;1197;132;96;116;0
2018/10/02/14:21:09.745557;[];0;2289;305;18609;-104;-40;-14;-462;-21;1197;200;96;116;0
2018/10/02/14:21:09.757555;[];0;2481;465;18689;-98;0;-226;-482;-9;1302;12;97;116;0
2018/10/02/14:21:09.774549;[];0;2721;401;18193;-50;22;-44;-482;-9;1302;80;97;116;0
2018/10/02/14:21:09.786556;[];0;2593;321;18065;-148;70;26;-482;-9;1302;148;97;116;0
2018/10/02/14:21:09.798557;[];0;2193;257;17681;-222;96;-44;-469;3;1256;216;97;116;0
2018/10/02/14:21:09.811531;[];0;2465;49;17265;-276;228;-98;-469;3;1256;45;98;116;0
2018/10/02/14:21:09.827537;[];0;2481;-111;16465;-360;242;6;-514;3;1263;113;98;116;0
2018/10/02/14:21:09.839550;[];0;2401;33;16465;-340;218;72;-514;3;1263;181;98;116;0
2018/10/02/14:21:09.852531;[];0;2385;-175;16625;-358;230;52;-514;3;1263;249;98;116;0
2018/10/02/14:21:09.864529;[];0;2577;-287;16449;-322;200;-8;-508;-9;1230;61;99;116;0
2018/10/02/14:21:09.880533;[];0;2257;-543;16017;-278;150;10;-508;-9;1230;129;99;116;0
2018/10/02/14:21:09.893548;[];0;1985;-863;15441;-296;184;38;-533;-21;1269;213;99;116;0
2018/10/02/14:21:09.909511;[];0;1841;-1215;15505;8;218;32;-533;-21;1269;25;100;116;0
2018/10/02/14:21:09.921530;[];0;1569;-1055;15329;-12;210;28;-527;-45;1263;93;100;116;0
2018/10/02/14:21:09.933530;[];0;1425;-1199;15233;-18;136;4;-527;-45;1263;161;100;116;0
2018/10/02/14:21:09.946556;[];0;1121;-1007;14849;-66;200;98;-527;-45;1263;229;100;116;0
2018/10/02/14:21:09.962558;[];0;929;-1007;14849;40;20;142;-521;-15;1217;41;101;116;0
2018/10/02/14:21:09.974529;[];0;1137;-831;15201;88;100;28;-521;-15;1217;109;101;116;0
2018/10/02/14:21:09.987549;[];0;1057;-479;15089;20;20;42;-521;-15;1217;177;101;116;0
2018/10/02/14:21:09.999542;[];0;1009;-463;15025;-2;-42;170;-527;-21;1243;245;101;116;0
2018/10/02/14:21:10.015539;[];0;881;-431;15201;-70;-12;16;-527;-21;1243;57;102;116;0
2018/10/02/14:21:10.028538;[];0;785;-511;15169;-56;-58;146;-533;9;1256;125;102;116;0
2018/10/02/14:21:10.040532;[];0;753;-335;16033;-44;144;270;-533;9;1256;193;102;116;0
2018/10/02/14:21:10.052533;[];0;1073;-319;15633;-174;48;122;-559;-33;1243;22;103;116;0
2018/10/02/14:21:10.069525;[];0;865;-399;15729;-158;76;118;-559;-33;1243;90;103;116;0
2018/10/02/14:21:10.081531;[];0;1217;-447;15793;-128;40;86;-559;-33;1243;158;103;116;0
2018/10/02/14:21:10.093528;[];0;817;-575;15729;-104;82;-38;-579;-15;1243;209;103;116;0
2018/10/02/14:21:10.106539;[];0;865;-623;16017;70;160;-62;-579;-15;1243;38;104;116;0
2018/10/02/14:21:10.118536;[];0;865;-751;15761;-12;144;16;-585;-27;1184;106;104;116;0
2018/10/02/14:21:10.134531;[];0;1249;-703;15761;76;178;-86;-585;-27;1184;174;104;116;0
2018/10/02/14:21:10.146562;[];0;929;-975;15681;20;4;36;-585;-27;1184;242;104;116;0
2018/10/02/14:21:10.159552;[];0;737;-879;15937;-6;54;-120;-585;-51;1250;54;105;116;0
2018/10/02/14:21:10.171555;[];0;689;-1119;15633;-16;54;-22;-585;-51;1250;122;105;116;0
2018/10/02/14:21:10.187561;[];0;593;-1103;15345;36;232;-34;-585;-51;1250;190;105;116;0
2018/10/02/14:21:10.200559;[];0;449;-943;15537;54;94;-8;-559;-27;1269;2;106;116;0
2018/10/02/14:21:10.212557;[];0;321;-991;15217;16;88;38;-559;-27;1269;70;106;116;0
2018/10/02/14:21:10.224560;[];0;593;-1007;15281;58;-6;-44;-585;-15;1243;138;106;116;0
2018/10/02/14:21:10.241558;[];0;737;-575;15265;94;42;-156;-585;-15;1243;206;106;116;0
2018/10/02/14:21:10.253557;[];0;1121;-255;15457;122;-42;20;-585;-15;1243;18;107;116;0
2018/10/02/14:21:10.265500;[];0;1089;-575;15777;132;36;-128;-592;-21;1250;103;107;116;0
2018/10/02/14:21:10.278564;[];0;1041;-783;15441;36;76;84;-592;-21;1250;171;107;116;0
2018/10/02/14:21:10.294557;[];0;1073;-1055;15201;62;6;-74;-598;9;1230;239;107;116;0
2018/10/02/14:21:10.306562;[];0;1105;-1215;15521;-26;-6;42;-598;9;1230;51;108;116;0
2018/10/02/14:21:10.318567;[];0;1217;-1199;15313;-68;-22;90;-605;-39;1223;119;108;116;0
2018/10/02/14:21:10.331560;[];0;1009;-1167;15713;-4;-124;6;-605;-39;1223;187;108;116;0
2018/10/02/14:21:10.347564;[];0;849;-1071;15649;-52;26;-24;-605;-39;1223;255;108;116;0
2018/10/02/14:21:10.359554;[];0;689;-959;15217;-24;88;-54;-533;-39;1282;67;109;116;0
2018/10/02/14:21:10.372557;[];0;737;-927;15249;60;164;30;-533;-39;1282;135;109;116;0
2018/10/02/14:21:10.384557;[];0;881;-687;15313;58;0;20;-579;-9;1276;203;109;116;0
2018/10/02/14:21:10.396565;[];0;1105;-415;15313;2;-64;-50;-579;-9;1276;15;110;116;0
2018/10/02/14:21:10.413558;[];0;897;-527;15793;50;8;-66;-579;-9;1276;83;110;116;0
2018/10/02/14:21:10.425566;[];0;545;-623;15713;-44;-58;-52;-572;-33;1217;151;110;116;0
2018/10/02/14:21:10.437563;[];0;625;-687;15809;-2;-30;-58;-572;-33;1217;219;110;116;0
2018/10/02/14:21:10.450560;[];0;705;-559;15745;-70;-76;-20;-572;-33;1217;31;111;116;0
2018/10/02/14:21:10.466563;[];0;993;-383;15761;64;22;-116;-566;-51;1243;116;111;116;0
2018/10/02/14:21:10.478565;[];0;1089;-591;15841;78;-42;58;-566;-51;1243;184;111;116;0
2018/10/02/14:21:10.491561;[];0;961;-431;15825;-26;-30;-4;-540;9;1236;252;111;116;0
2018/10/02/14:21:10.503540;[];0;865;-431;16113;-98;-78;20;-540;9;1236;64;112;116;0
2018/10/02/14:21:10.519558;[];0;897;-495;15953;-80;-104;74;-546;-27;1296;132;112;116;0
2018/10/02/14:21:10.531563;[];0;913;-575;16193;-48;-86;-90;-546;-27;1296;200;112;116;0
2018/10/02/14:21:10.544562;[];0;1009;-463;16097;0;-136;52;-546;-27;1296;12;113;116;0
2018/10/02/14:21:10.556567;[];0;1137;-607;15921;-90;-156;42;-546;-21;1210;80;113;116;0
2018/10/02/14:21:10.572565;[];0;929;-719;16241;24;-36;20;-546;-21;1210;148;113;116;0
2018/10/02/14:21:10.585646;[];0;737;-703;15953;-70;-16;-148;-566;-57;1210;216;113;116;0
2018/10/02/14:21:10.597134;[];0;801;-447;15937;108;60;-136;-566;-57;1210;28;114;116;0
2018/10/02/14:21:10.609557;[];0;977;-447;15969;76;-36;-100;-566;-57;1210;96;114;116;0
2018/10/02/14:21:10.626568;[];0;977;-607;15249;-48;26;4;-585;-27;1236;164;114;116;0
2018/10/02/14:21:10.638568;[];0;1217;-655;16017;-112;14;-120;-585;-27;1236;232;114;116;0
2018/10/02/14:21:10.650578;[];0;945;-879;15617;-62;18;-124;-585;-27;1236;44;115;116;0
2018/10/02/14:21:10.663564;[];0;977;-911;15777;-12;72;22;-540;-39;1263;129;115;116;0
2018/10/02/14:21:10.679546;[];0;1041;-1119;16225;-8;-48;-226;-540;-39;1263;197;115;116;0
2018/10/02/14:21:10.691541;[];0;1041;-895;15665;2;-8;126;-546;-21;1217;9;116;116;0
2018/10/02/14:21:10.703565;[];0;833;-911;15809;96;-110;168;-546;-21;1217;77;116;116;0
2018/10/02/14:21:10.716568;[];0;961;-975;15841;64;0;60;-592;-45;1223;145;116;116;0
2018/10/02/14:21:10.728572;[];0;961;-975;15649;92;-54;32;-592;-45;1223;213;116;116;0
2018/10/02/14:21:10.744562;[];0;881;-783;16001;-32;-134;112;-592;-45;1223;25;117;116;0
2018/10/02/14:21:10.757566;[];0;1201;-623;15713;18;-88;62;-527;-33;1256;93;117;116;0
2018/10/02/14:21:10.769558;[];0;1249;-751;15761;-12;-100;-8;-527;-33;1256;161;117;116;0
2018/10/02/14:21:10.781563;[];0;1457;-783;16193;-90;-148;160;-514;-27;1256;229;117;116;0
2018/10/02/14:21:10.798550;[];0;1281;-639;16081;-66;-98;10;-514;-27;1256;41;118;116;0
2018/10/02/14:21:10.810529;[];0;1409;-751;16449;4;-66;-8;-514;-27;1256;92;118;116;0
2018/10/02/14:21:10.822540;[];0;1313;-623;16385;-52;-174;-66;-521;-39;1250;177;118;116;0
2018/10/02/14:21:10.835549;[];0;1457;-575;16225;-84;-86;90;-521;-39;1250;245;118;116;0
2018/10/02/14:21:10.851542;[];0;1473;-815;16033;-32;24;-8;-521;-39;1250;57;119;116;0
2018/10/02/14:21:10.863545;[];0;1457;-847;16049;-142;-14;-92;-495;-51;1269;125;119;116;0
2018/10/02/14:21:10.876551;[];0;1377;-1135;16097;18;52;156;-495;-51;1269;210;119;116;0
2018/10/02/14:21:10.888484;[];0;1393;-943;15681;36;50;92;-533;-21;1243;22;120;116;0
2018/10/02/14:21:10.904542;[];0;1345;-815;15969;100;-62;74;-533;-21;1243;90;120;116;0
2018/10/02/14:21:10.916552;[];0;1377;-959;15681;96;6;-64;-559;-45;1263;158;120;116;0
2018/10/02/14:21:10.929555;[];0;1489;-703;15697;-46;0;12;-559;-45;1263;226;120;116;0
2018/10/02/14:21:10.941543;[];0;1537;-735;15841;-52;40;-62;-559;-45;1263;38;121;116;0
2018/10/02/14:21:10.957536;[];0;1377;-831;15761;-170;-34;100;-533;-57;1236;106;121;116;0
2018/10/02/14:21:10.970550;[];0;1329;-1023;16177;-46;24;134;-533;-57;1236;174;121;116;0
2018/10/02/14:21:10.982542;[];0;1409;-1023;15921;-50;-48;-32;-482;-9;1263;242;121;116;0
2018/10/02/14:21:10.994492;[];0;1441;-1103;15921;-4;48;-10;-482;-9;1263;54;122;116;0
2018/10/02/14:21:11.007551;[];0;1521;-1055;15905;-2;-48;104;-482;-9;1263;122;122;116;0
2018/10/02/14:21:11.023542;[];0;1457;-1183;15713;-42;50;14;-521;-63;1309;190;122;116;0
2018/10/02/14:21:11.035687;[];0;1393;-783;15825;18;222;-2;-521;-63;1309;2;123;116;0
2018/10/02/14:21:11.048552;[];0;1057;-799;15457;80;114;-36;-521;-63;1309;70;123;116;0
2018/10/02/14:21:11.060542;[];0;1153;-703;15505;66;56;-54;-572;-63;1230;138;123;116;0
2018/10/02/14:21:11.076564;[];0;1185;-719;15425;36;18;46;-572;-63;1230;223;123;116;0
2018/10/02/14:21:11.088547;[];0;1105;-783;15649;-8;0;0;-566;-57;1269;35;124;116;0
2018/10/02/14:21:11.101548;[];0;1009;-927;15857;30;-74;-6;-566;-57;1269;103;124;116;0
2018/10/02/14:21:11.113555;[];0;897;-1023;15729;-44;-42;70;-559;-63;1223;171;124;116;0
2018/10/02/14:21:11.129552;[];0;1233;-895;15665;-54;-16;-108;-559;-63;1223;239;124;116;0
2018/10/02/14:21:11.142540;[];0;1361;-783;15905;64;-36;44;-559;-63;1223;51;125;116;0
2018/10/02/14:21:11.154543;[];0;1201;-831;15793;78;68;76;-546;-51;1276;119;125;116;0
2018/10/02/14:21:11.166554;[];0;977;-815;15713;10;-38;38;-546;-51;1276;187;125;116;0
2018/10/02/14:21:11.183566;[];0;1121;-879;15953;-16;26;34;-533;-57;1243;255;125;116;0
2018/10/02/14:21:11.195479;[];0;1137;-607;16193;-4;18;-30;-533;-57;1243;67;126;116;0
2018/10/02/14:21:11.207543;[];0;1217;-607;15921;8;-18;120;-533;-57;1243;135;126;116;0
2018/10/02/14:21:11.220543;[];0;1041;-591;15761;-34;14;70;-559;-63;1256;203;126;116;0
2018/10/02/14:21:11.236556;[];0;1201;-639;15729;-26;-52;46;-559;-63;1256;15;127;116;0
2018/10/02/14:21:11.248556;[];0;1185;-703;15937;-156;-130;62;-559;-63;1256;83;127;116;0
2018/10/02/14:21:11.260599;[];0;1265;-607;16321;6;-32;-16;-566;-63;1223;151;127;116;0
2018/10/02/14:21:11.273546;[];0;1425;-991;16049;-24;-16;0;-566;-63;1223;236;127;116;0
2018/10/02/14:21:11.289553;[];0;1105;-863;16065;-34;16;34;-546;-51;1276;48;128;116;0
2018/10/02/14:21:11.301552;[];0;1041;-847;16321;-30;32;-46;-546;-51;1276;116;128;116;0
2018/10/02/14:21:11.314551;[];0;1217;-815;15745;26;102;-58;-521;-45;1276;184;128;116;0
2018/10/02/14:21:11.326557;[];0;1361;-719;15777;4;82;-96;-521;-45;1276;252;128;116;0
2018/10/02/14:21:11.338544;[];0;1377;-863;15729;-90;144;26;-521;-45;1276;64;129;116;0
2018/10/02/14:21:11.355573;[];0;1361;-703;15777;-22;30;146;-521;-45;1289;131;129;116;0
2018/10/02/14:21:11.367556;[];0;1233;-1023;15713;-54;0;-140;-521;-45;1289;199;129;116;0
2018/10/02/14:21:11.379568;[];0;1105;-895;15825;-36;-12;32;-533;-51;1263;11;130;116;0
2018/10/02/14:21:11.392547;[];0;1121;-975;15665;-78;-12;-18;-533;-51;1263;79;130;116;0
2018/10/02/14:21:11.408579;[];0;1009;-959;15649;-104;-8;-72;-533;-51;1263;147;130;116;0
2018/10/02/14:21:11.420576;[];0;1073;-1023;15569;-80;24;-144;-521;-21;1230;215;130;116;0
2018/10/02/14:21:11.433571;[];0;1409;-927;15809;8;26;0;-521;-21;1230;27;131;116;0
2018/10/02/14:21:11.445643;[];0;1393;-911;15809;-28;-110;64;-521;-21;1230;95;131;116;0
2018/10/02/14:21:11.461552;[];0;1105;-959;15841;-70;-50;-36;-546;-45;1223;163;131;116;0
2018/10/02/14:21:11.473547;[];0;1217;-911;15745;0;24;76;-546;-45;1223;231;131;116;0
2018/10/02/14:21:11.486559;[];0;1201;-767;15665;94;-50;-2;-540;-51;1217;60;132;116;0
2018/10/02/14:21:11.498558;[];0;1185;-799;15889;50;-60;-92;-540;-51;1217;128;132;116;0
2018/10/02/14:21:11.514551;[];0;1169;-703;15777;-8;48;84;-540;-33;1243;196;132;116;0
2018/10/02/14:21:11.527557;[];0;1169;-847;15761;76;-76;72;-540;-33;1243;8;133;116;0
2018/10/02/14:21:11.539569;[];0;1233;-927;16081;-12;42;-4;-540;-33;1243;76;133;116;0
2018/10/02/14:21:11.551552;[];0;1121;-847;15825;-38;-8;6;-559;-45;1197;144;133;116;0
2018/10/02/14:21:11.568540;[];0;1169;-895;15969;-84;18;58;-559;-45;1197;212;133;116;0
2018/10/02/14:21:11.580556;[];0;1345;-703;15953;-34;-96;-22;-540;-39;1256;24;134;116;0
2018/10/02/14:21:11.592551;[];0;1249;-751;15969;10;14;112;-540;-39;1256;92;134;116;0
2018/10/02/14:21:11.605654;[];0;1249;-687;16065;64;-30;4;-540;-39;1256;160;134;116;0
2018/10/02/14:21:11.617559;[];0;977;-479;16193;98;-12;-72;-533;-33;1263;228;134;116;0
2018/10/02/14:21:11.633549;[];0;945;-479;15985;-56;26;70;-533;-33;1263;40;135;116;0
2018/10/02/14:21:11.646562;[];0;1105;-655;15985;-2;46;30;-533;-33;1263;108;135;116;0
2018/10/02/14:21:11.658545;[];0;1393;-639;15969;76;-40;-18;-559;-27;1243;176;135;116;0
2018/10/02/14:21:11.670553;[];0;1265;-799;15953;-4;20;-42;-559;-27;1243;244;135;116;0
2018/10/02/14:21:11.686560;[];0;1393;-1023;16081;-88;-8;-124;-553;-33;1217;73;136;116;0
2018/10/02/14:21:11.699565;[];0;1233;-1087;16017;-62;-12;42;-553;-33;1217;141;136;116;0
2018/10/02/14:21:11.711555;[];0;1313;-1263;16081;-116;-4;-114;-572;-105;1250;209;136;116;0
2018/10/02/14:21:11.723551;[];0;1393;-975;16049;6;-12;48;-572;-105;1250;21;137;116;0
2018/10/02/14:21:11.740554;[];0;1329;-799;16097;56;72;22;-572;-105;1250;89;137;116;0
2018/10/02/14:21:11.752502;[];0;1457;-879;15745;-8;60;76;-514;-75;1269;157;137;116;0
2018/10/02/14:21:11.764556;[];0;1393;-799;15857;-40;34;98;-514;-75;1269;225;137;116;0
2018/10/02/14:21:11.777565;[];0;1537;-735;15713;-22;-78;-2;-579;-39;1236;37;138;116;0
2018/10/02/14:21:11.793553;[];0;1297;-943;15985;-26;-28;-22;-579;-39;1236;105;138;116;0
2018/10/02/14:21:11.805655;[];0;1313;-1023;15921;28;-12;-30;-579;-39;1236;173;138;116;0
2018/10/02/14:21:11.818563;[];0;1121;-1151;15713;8;-44;-136;-533;-75;1263;241;138;116;0
2018/10/02/14:21:11.830555;[];0;1233;-783;15889;-86;40;34;-533;-75;1263;53;139;116;0
2018/10/02/14:21:11.846581;[];0;1313;-1135;16049;-86;26;-80;-533;-75;1263;121;139;116;0
2018/10/02/14:21:11.858574;[];0;1345;-1167;15889;-90;-86;-48;-540;-39;1250;189;139;116;0
2018/10/02/14:21:11.871557;[];0;1153;-1311;16033;-138;-56;148;-540;-39;1250;1;140;116;0
2018/10/02/14:21:11.883553;[];0;1105;-1135;15665;8;-36;70;-579;-81;1289;86;140;116;0
2018/10/02/14:21:11.899549;[];0;817;-1327;15729;-8;-74;90;-579;-81;1289;154;140;116;0
2018/10/02/14:21:11.912557;[];0;1185;-975;16097;-118;64;-42;-540;-69;1263;222;140;116;0
2018/10/02/14:21:11.924574;[];0;1233;-1087;15249;42;40;4;-540;-69;1263;34;141;116;0
2018/10/02/14:21:11.936565;[];0;1297;-991;15825;12;-42;104;-540;-69;1263;102;141;116;0
2018/10/02/14:21:11.949563;[];0;1121;-1183;15729;-70;42;32;-521;-51;1223;170;141;116;0
2018/10/02/14:21:11.965597;[];0;1169;-1039;15505;72;50;-50;-521;-51;1223;238;141;116;0
2018/10/02/14:21:11.977565;[];0;1201;-1199;15761;-30;28;2;-533;-57;1230;50;142;116;0
2018/10/02/14:21:11.990559;[];0;1297;-783;15361;96;-98;28;-533;-57;1230;118;142;116;0
2018/10/02/14:21:12.002571;[];0;1185;-1263;15825;-18;40;-72;-533;-57;1230;186;142;116;0
2018/10/02/14:21:12.018567;[];0;1345;-1487;15649;-14;10;-50;-559;-51;1276;254;142;116;0
2018/10/02/14:21:12.031562;[];0;1201;-1375;15761;-64;10;-36;-559;-51;1276;66;143;116;0
2018/10/02/14:21:12.043561;[];0;1153;-1311;15745;-4;-152;140;-566;-69;1230;134;143;116;0
2018/10/02/14:21:12.055639;[];0;1313;-1359;15697;-10;58;-22;-566;-69;1230;202;143;116;0
2018/10/02/14:21:12.071561;[];0;1233;-1071;15713;30;42;26;-566;-69;1230;14;144;116;0
2018/10/02/14:21:12.084568;[];0;1073;-1055;16065;54;-30;210;-553;-81;1230;82;144;116;0
2018/10/02/14:21:12.096507;[];0;1217;-895;16177;-60;-58;42;-553;-81;1230;167;144;116;0
2018/10/02/14:21:12.108563;[];0;1361;-1023;16017;16;-24;-16;-540;-33;1256;235;144;116;0
2018/10/02/14:21:12.125499;[];0;1249;-655;16161;112;68;80;-540;-33;1256;47;145;116;0
2018/10/02/14:21:12.137569;[];0;1137;-543;16177;16;78;-14;-540;-33;1256;115;145;116;0
2018/10/02/14:21:12.149565;[];0;1137;-463;16145;-14;-32;112;-527;-63;1250;183;145;116;0
2018/10/02/14:21:12.162559;[];0;1105;-703;16225;-80;-68;6;-527;-63;1250;251;145;116;0
2018/10/02/14:21:12.178549;[];0;1057;-607;16209;126;114;-54;-540;-51;1236;63;146;116;0
2018/10/02/14:21:12.190563;[];0;913;-751;16097;-68;110;52;-540;-51;1236;131;146;116;0
2018/10/02/14:21:12.203560;[];0;1057;-927;15921;48;132;-120;-540;-51;1236;199;146;116;0
2018/10/02/14:21:12.215568;[];0;977;-1039;15969;-78;0;-68;-585;-57;1243;11;147;116;0
2018/10/02/14:21:12.227570;[];0;977;-943;15889;-22;144;-98;-585;-57;1243;79;147;116;0
2018/10/02/14:21:12.243551;[];0;881;-1263;15745;-48;90;-50;-585;-27;1230;147;147;116;0
2018/10/02/14:21:12.256569;[];0;801;-1311;15745;58;88;-16;-585;-27;1230;215;147;116;0
2018/10/02/14:21:12.268579;[];0;801;-1199;15585;-10;28;-92;-585;-27;1230;27;148;116;0
2018/10/02/14:21:12.280579;[];0;913;-1071;15553;-66;38;64;-546;-39;1223;95;148;116;0
2018/10/02/14:21:12.297570;[];0;1073;-1119;15681;32;-84;-8;-546;-39;1223;180;148;116;0
2018/10/02/14:21:12.309566;[];0;865;-1023;15393;74;0;52;-527;-27;1269;248;148;116;0
2018/10/02/14:21:12.321560;[];0;865;-1039;15617;-32;86;38;-527;-27;1269;60;149;116;0
2018/10/02/14:21:12.334580;[];0;897;-1039;15537;-126;-8;-32;-527;-27;1269;128;149;116;0
2018/10/02/14:21:12.350564;[];0;945;-1055;15569;70;-34;-54;-540;-21;1223;196;149;116;0
2018/10/02/14:21:12.362563;[];0;1169;-1119;15745;52;14;-92;-540;-21;1223;8;150;116;0
2018/10/02/14:21:12.375649;[];0;1249;-991;15537;-42;14;-22;-521;-51;1263;76;150;116;0
2018/10/02/14:21:12.391563;[];0;1201;-943;15857;-30;-48;66;-521;-51;1263;161;150;116;0
2018/10/02/14:21:12.403563;[];0;1073;-879;15777;136;80;-86;-521;-51;1263;229;150;116;0
2018/10/02/14:21:12.420545;[];0;1105;-831;15649;12;-32;98;-559;-63;1217;41;151;116;0
2018/10/02/14:21:12.432563;[];0;1073;-991;16017;118;-48;42;-559;-63;1217;109;151;116;0
2018/10/02/14:21:12.444557;[];0;1377;-895;15761;-76;-38;24;-592;-27;1223;177;151;116;0
2018/10/02/14:21:12.456581;[];0;1041;-991;15969;6;-38;-30;-592;-27;1223;245;151;116;0
2018/10/02/14:21:12.469584;[];0;769;-735;15905;134;48;-56;-592;-27;1223;57;152;116;0
2018/10/02/14:21:12.485574;[];0;769;-1215;15729;-14;14;-48;-592;-33;1269;125;152;116;0
2018/10/02/14:21:12.497575;[];0;737;-1071;15665;-88;-78;42;-592;-33;1269;193;152;116;0
2018/10/02/14:21:12.510563;[];0;577;-959;15745;20;-124;-8;-533;-39;1243;5;153;116;0
2018/10/02/14:21:12.522560;[];0;705;-943;15825;46;-6;-50;-533;-39;1243;73;153;116;0
2018/10/02/14:21:12.538589;[];0;801;-815;15697;-68;2;42;-533;-39;1243;158;153;116;0
