time,.header.seq,.header.stamp.secs,.header.stamp.nsecs,.header.frame_id,.child_frame_id,.transform.translation.x,.transform.translation.y,.transform.translation.z,.transform.rotation.x,.transform.rotation.y,.transform.rotation.z,.transform.rotation.w
2018/10/02/14:06:07.887845,57761,1538481967,872071676,/world,vicon/IMUframe/IMUframe,-0.150096367986,0.0956949550624,1.46673626354,-0.0193449964011,0.00619209706004,0.0444917513249,0.998803240439
2018/10/02/14:06:07.897785,57762,1538481967,882001030,/world,vicon/IMUframe/IMUframe,-0.150025120599,0.095644980371,1.46679490875,-0.0195210472342,0.00618212463602,0.0446272304205,0.998793832758
2018/10/02/14:06:07.907495,57763,1538481967,891983118,/world,vicon/IMUframe/IMUframe,-0.14993140441,0.0955898893905,1.46683844252,-0.0196984401041,0.00615352224129,0.0448576616049,0.998780203957
2018/10/02/14:06:07.917646,57764,1538481967,902045929,/world,vicon/IMUframe/IMUframe,-0.149843685694,0.0954999427558,1.46682970274,-0.0199092864873,0.00604327724212,0.0450677249033,0.998767239793
2018/10/02/14:06:07.927510,57765,1538481967,912032078,/world,vicon/IMUframe/IMUframe,-0.149711161411,0.0954192155003,1.46684950148,-0.0200368354695,0.00603149825078,0.0453541439289,0.998751794933
2018/10/02/14:06:07.937629,57766,1538481967,922024235,/world,vicon/IMUframe/IMUframe,-0.149570369378,0.095348048162,1.46686571962,-0.0201548838176,0.00603569782989,0.0455677653384,0.998739670671
2018/10/02/14:06:07.947847,57767,1538481967,932049709,/world,vicon/IMUframe/IMUframe,-0.149408923616,0.0952877279275,1.46687965322,-0.0201310382161,0.00608241130004,0.0457619169547,0.998730991073
2018/10/02/14:06:07.957784,57768,1538481967,941985356,/world,vicon/IMUframe/IMUframe,-0.149250939493,0.0952548962398,1.46687444978,-0.0199708626087,0.00621128962227,0.04594443134,0.998725034109
2018/10/02/14:06:07.967691,57769,1538481967,952042995,/world,vicon/IMUframe/IMUframe,-0.149090448847,0.0951976706757,1.4668730852,-0.0196629594527,0.00642835818863,0.0462119199606,0.998717428851
2018/10/02/14:06:07.977743,57770,1538481967,962024734,/world,vicon/IMUframe/IMUframe,-0.148945844188,0.0951848911742,1.46685062508,-0.0192248268322,0.00664709993038,0.0463669500375,0.998717341413
2018/10/02/14:06:07.987497,57771,1538481967,972007533,/world,vicon/IMUframe/IMUframe,-0.148810613293,0.095150438872,1.46680843336,-0.0187375728503,0.00691683437774,0.0465285004605,0.998717256991
2018/10/02/14:06:07.997550,57772,1538481967,981991416,/world,vicon/IMUframe/IMUframe,-0.14868338326,0.0951522674748,1.46676615155,-0.0182576860531,0.00713878553361,0.0465744991278,0.998722439255
2018/10/02/14:06:08.007501,57773,1538481967,991980579,/world,vicon/IMUframe/IMUframe,-0.148551019301,0.095122671262,1.46670485069,-0.0176742616459,0.00736536464832,0.0466182522254,0.998729247814
2018/10/02/14:06:08.018002,57774,1538481968,2006206,/world,vicon/IMUframe/IMUframe,-0.14845417983,0.0951455208556,1.46657096992,-0.0169345557143,0.00760151094214,0.0465919367335,0.99874152276
2018/10/02/14:06:08.028336,57775,1538481968,12156836,/world,vicon/IMUframe/IMUframe,-0.148356017176,0.095141240793,1.4664422588,-0.0161379201882,0.0078775761047,0.0465311410041,0.998755407617
2018/10/02/14:06:08.038461,57776,1538481968,22042792,/world,vicon/IMUframe/IMUframe,-0.148255650705,0.0951049691159,1.46627164615,-0.0151764185453,0.00825759061982,0.0466121175766,0.998763635207
2018/10/02/14:06:08.047887,57777,1538481968,32018919,/world,vicon/IMUframe/IMUframe,-0.148190792701,0.0950959886639,1.46607034154,-0.0139598366951,0.00876392704001,0.0466489388417,0.998775346636
2018/10/02/14:06:08.058079,57778,1538481968,42084918,/world,vicon/IMUframe/IMUframe,-0.148136094279,0.09505366203,1.46586301421,-0.0125607852886,0.0094373383827,0.0467617470444,0.998782510024
2018/10/02/14:06:08.068203,57779,1538481968,52113950,/world,vicon/IMUframe/IMUframe,-0.148115189833,0.0950106732017,1.46562869059,-0.0108307788246,0.0103380744082,0.0468268896812,0.998790799342
2018/10/02/14:06:08.078070,57780,1538481968,62100953,/world,vicon/IMUframe/IMUframe,-0.148108512881,0.0949649676746,1.46537207915,-0.00886822876507,0.0114193929742,0.0468184411938,0.998798771298
2018/10/02/14:06:08.088097,57781,1538481968,72018430,/world,vicon/IMUframe/IMUframe,-0.148079355916,0.0949481661188,1.46509122725,-0.00667672298887,0.0125601978087,0.0467944037012,0.998803257195
2018/10/02/14:06:08.098074,57782,1538481968,82068950,/world,vicon/IMUframe/IMUframe,-0.148017955173,0.0949412202012,1.46483898324,-0.00426095596587,0.013951136436,0.0468564626321,0.998795115104
2018/10/02/14:06:08.108219,57783,1538481968,92129584,/world,vicon/IMUframe/IMUframe,-0.148005935739,0.0948887510925,1.4646091216,-0.00159552577477,0.0156841427387,0.0468483876897,0.998777598134
2018/10/02/14:06:08.117996,57784,1538481968,102087674,/world,vicon/IMUframe/IMUframe,-0.148018684321,0.0948283902993,1.46427607785,0.00122976294262,0.0174912692874,0.0467821907725,0.99875120516
2018/10/02/14:06:08.127965,57785,1538481968,112024615,/world,vicon/IMUframe/IMUframe,-0.148062321674,0.0947705682238,1.46390841968,0.00422128643589,0.0195905082585,0.046535517055,0.998715594341
2018/10/02/14:06:08.137861,57786,1538481968,122006803,/world,vicon/IMUframe/IMUframe,-0.148100821976,0.0946552997102,1.46357102361,0.00736125218394,0.0220626927438,0.0464094451877,0.998651697516
2018/10/02/14:06:08.148222,57787,1538481968,132063345,/world,vicon/IMUframe/IMUframe,-0.148213394882,0.0945087832351,1.46316651982,0.0106921530884,0.0247989150418,0.0463444359178,0.998560406252
2018/10/02/14:06:08.158095,57788,1538481968,142104375,/world,vicon/IMUframe/IMUframe,-0.148467001094,0.0943770224072,1.4627974674,0.0139244868028,0.0276697397043,0.0458053076607,0.998470013552
2018/10/02/14:06:08.168043,57789,1538481968,152094205,/world,vicon/IMUframe/IMUframe,-0.148688738843,0.0941168263301,1.46240796762,0.017135877206,0.0303413753038,0.0454003212366,0.998360943491
2018/10/02/14:06:08.178185,57790,1538481968,162053016,/world,vicon/IMUframe/IMUframe,-0.148912155022,0.0938417404222,1.46199175541,0.020049865547,0.0327076641161,0.0448439210491,0.998257098319
2018/10/02/14:06:08.188152,57791,1538481968,172206444,/world,vicon/IMUframe/IMUframe,-0.149160143487,0.0936297207232,1.4615243884,0.0227416580863,0.0347136267067,0.044056478948,0.998166723434
2018/10/02/14:06:08.198414,57792,1538481968,182136543,/world,vicon/IMUframe/IMUframe,-0.149412263684,0.0934044712888,1.46101800304,0.0250189951469,0.0363569121805,0.0433163106587,0.998086129575
2018/10/02/14:06:08.208081,57793,1538481968,192085293,/world,vicon/IMUframe/IMUframe,-0.14972518797,0.0931376768609,1.46051662733,0.0268034884073,0.0377744448047,0.0423760815255,0.998027520684
2018/10/02/14:06:08.218066,57794,1538481968,202076978,/world,vicon/IMUframe/IMUframe,-0.150049908315,0.0928107711034,1.45996246812,0.0279756814754,0.0387059979681,0.0413385686685,0.998003171191
2018/10/02/14:06:08.227992,57795,1538481968,212022821,/world,vicon/IMUframe/IMUframe,-0.150188176597,0.0925158374001,1.45945382434,0.0288022467976,0.0388345608788,0.0400763770097,0.998026147687
2018/10/02/14:06:08.238380,57796,1538481968,222180705,/world,vicon/IMUframe/IMUframe,-0.150497320361,0.0922007537168,1.45883019274,0.0291719350912,0.0387169890048,0.0390738029354,0.998059733127
2018/10/02/14:06:08.248159,57797,1538481968,232075711,/world,vicon/IMUframe/IMUframe,-0.150830822461,0.0919221347224,1.45827653653,0.0293249937596,0.0382887145249,0.0382761568927,0.998102677531
2018/10/02/14:06:08.258222,57798,1538481968,242123680,/world,vicon/IMUframe/IMUframe,-0.151187607971,0.0916548930806,1.45770388292,0.0293737437135,0.0376887986255,0.0376228933284,0.998148914509
2018/10/02/14:06:08.267725,57799,1538481968,251996898,/world,vicon/IMUframe/IMUframe,-0.151584371953,0.0913622014292,1.45714019281,0.0291671623328,0.0369690138833,0.0371236540707,0.99820058253
2018/10/02/14:06:08.278463,57800,1538481968,262296815,/world,vicon/IMUframe/IMUframe,-0.15211217454,0.0909833541989,1.45653915916,0.028697783787,0.0362253220035,0.0369961977322,0.998246184368
2018/10/02/14:06:08.288136,57801,1538481968,272077630,/world,vicon/IMUframe/IMUframe,-0.15246541225,0.0906571499893,1.45604088369,0.028298106081,0.035219031278,0.0367471247083,0.998302802688
2018/10/02/14:06:08.297910,57802,1538481968,282047185,/world,vicon/IMUframe/IMUframe,-0.15284403633,0.0902853282051,1.45558311495,0.0278097054019,0.0343211891693,0.0367787127736,0.998346634464
2018/10/02/14:06:08.307878,57803,1538481968,291998093,/world,vicon/IMUframe/IMUframe,-0.153260203209,0.0899266826982,1.4551805845,0.0273093928854,0.0336352907854,0.0368493230822,0.998381185551
2018/10/02/14:06:08.318152,57804,1538481968,302134808,/world,vicon/IMUframe/IMUframe,-0.153581940294,0.0895095129044,1.45481321731,0.0267686969983,0.0328661223483,0.0368515783326,0.99842136197
2018/10/02/14:06:08.328412,57805,1538481968,312205671,/world,vicon/IMUframe/IMUframe,-0.154068622223,0.089307235136,1.45438336851,0.0262102893705,0.0320968332675,0.036854556379,0.998461093733
2018/10/02/14:06:08.338247,57806,1538481968,322072806,/world,vicon/IMUframe/IMUframe,-0.154520949434,0.0893283128427,1.45392899279,0.0256736238227,0.0308909398233,0.0367255042525,0.99851782769
2018/10/02/14:06:08.348254,57807,1538481968,332088695,/world,vicon/IMUframe/IMUframe,-0.154936287087,0.0891088380343,1.45357812671,0.024973239935,0.0298043221653,0.0365533724302,0.998574929903
2018/10/02/14:06:08.358315,57808,1538481968,342107596,/world,vicon/IMUframe/IMUframe,-0.15535741867,0.0889974765669,1.4532400018,0.0242028076423,0.0284611317389,0.0362659112906,0.998643565924
2018/10/02/14:06:08.368140,57809,1538481968,352139150,/world,vicon/IMUframe/IMUframe,-0.155787700998,0.0889185007228,1.45292581215,0.0232620906662,0.0269355853847,0.0360100855447,0.998717489141
2018/10/02/14:06:08.378090,57810,1538481968,362062594,/world,vicon/IMUframe/IMUframe,-0.156163683207,0.0887982641648,1.45252082597,0.0219348947611,0.0253562437264,0.0357047039386,0.998799827499
2018/10/02/14:06:08.388150,57811,1538481968,372090370,/world,vicon/IMUframe/IMUframe,-0.156651333696,0.0888692948154,1.45225459891,0.0205985618469,0.0237011221595,0.0359035594082,0.998861797488
2018/10/02/14:06:08.397665,57812,1538481968,382009304,/world,vicon/IMUframe/IMUframe,-0.15690384162,0.0887007702162,1.45210646716,0.0191734101899,0.0220866163237,0.0365323534512,0.998904374238
2018/10/02/14:06:08.407646,57813,1538481968,392085323,/world,vicon/IMUframe/IMUframe,-0.15723178485,0.0887291252795,1.45184582711,0.0173996028268,0.0201982834813,0.0370075911091,0.998959319175
2018/10/02/14:06:08.417601,57814,1538481968,402063281,/world,vicon/IMUframe/IMUframe,-0.157557303857,0.088746668578,1.45160264087,0.0154249320081,0.0182998738531,0.0372553036956,0.999019133168
2018/10/02/14:06:08.427528,57815,1538481968,412055008,/world,vicon/IMUframe/IMUframe,-0.157749846217,0.0886583739273,1.45131333653,0.0134803299318,0.0161756641504,0.0380419897015,0.999054270605
2018/10/02/14:06:08.436893,57816,1538481968,422012393,/world,vicon/IMUframe/IMUframe,-0.157936692934,0.0886145263555,1.45114473806,0.0117997419263,0.0143931695173,0.0386505139337,0.999079446558
2018/10/02/14:06:08.447397,57817,1538481968,432120530,/world,vicon/IMUframe/IMUframe,-0.158119521718,0.0886382868194,1.45099740874,0.0101994677426,0.0127520604466,0.0393291594893,0.999092875075
2018/10/02/14:06:08.457557,57818,1538481968,442151477,/world,vicon/IMUframe/IMUframe,-0.158329333103,0.0885112952098,1.45086239596,0.00856894605034,0.011299333215,0.0394459650059,0.99912107078
2018/10/02/14:06:08.467335,57819,1538481968,452104153,/world,vicon/IMUframe/IMUframe,-0.158415047713,0.0884801624599,1.45075193783,0.0072755966809,0.0100204062185,0.0399704613614,0.999124126108
2018/10/02/14:06:08.477349,57820,1538481968,462081961,/world,vicon/IMUframe/IMUframe,-0.158379949977,0.0883987512554,1.45073414276,0.00630282747058,0.00914944837258,0.040872061376,0.99910261563
2018/10/02/14:06:08.487680,57821,1538481968,472239529,/world,vicon/IMUframe/IMUframe,-0.158391226825,0.0884369063982,1.45067948822,0.0054744800442,0.00828540647934,0.0413483106537,0.999095440543
2018/10/02/14:06:08.497445,57822,1538481968,482168550,/world,vicon/IMUframe/IMUframe,-0.158334878561,0.0884451106389,1.45063798403,0.00458047378105,0.00749855722306,0.0418899599821,0.999083591174
2018/10/02/14:06:08.507529,57823,1538481968,492161583,/world,vicon/IMUframe/IMUframe,-0.158211120775,0.0884175454964,1.45060802752,0.00371834753191,0.00677413824675,0.0424052856289,0.999070606461
2018/10/02/14:06:08.517466,57824,1538481968,502134329,/world,vicon/IMUframe/IMUframe,-0.158060964771,0.0883716989762,1.45061612315,0.00300646055432,0.00622801936532,0.0428980319678,0.99905551989
2018/10/02/14:06:08.527617,57825,1538481968,512209967,/world,vicon/IMUframe/IMUframe,-0.157855478258,0.0883177744092,1.45067364942,0.00232199830358,0.00573647843143,0.0434821816907,0.999035034928
2018/10/02/14:06:08.537593,57826,1538481968,522192431,/world,vicon/IMUframe/IMUframe,-0.157603548669,0.0882900263607,1.45074302673,0.00175014913622,0.00525110357462,0.0440008738921,0.999016159021
2018/10/02/14:06:08.547380,57827,1538481968,532134996,/world,vicon/IMUframe/IMUframe,-0.157315365052,0.088259602432,1.45082921871,0.00114098919486,0.00476019632777,0.0444913636636,0.998997776391
2018/10/02/14:06:08.557428,57828,1538481968,542134635,/world,vicon/IMUframe/IMUframe,-0.157018542924,0.0882539125153,1.45094435736,0.000579460803186,0.00436593120032,0.0448307975946,0.998984886
2018/10/02/14:06:08.567703,57829,1538481968,552216723,/world,vicon/IMUframe/IMUframe,-0.156683202228,0.0882538922757,1.45108275798,1.46657822023e-05,0.0040062660732,0.04518980875,0.998970385348
2018/10/02/14:06:08.577444,57830,1538481968,562130224,/world,vicon/IMUframe/IMUframe,-0.156342914274,0.0882924474297,1.45127180386,-0.000495692074915,0.00367661547743,0.0453420955481,0.998964629584
2018/10/02/14:06:08.587553,57831,1538481968,572172672,/world,vicon/IMUframe/IMUframe,-0.155973344684,0.0883666982077,1.45147876443,-0.000907976282141,0.00338720129541,0.045480070423,0.998959091075
2018/10/02/14:06:08.597419,57832,1538481968,582117329,/world,vicon/IMUframe/IMUframe,-0.155606622187,0.088488218088,1.4516931186,-0.00135759750363,0.00321440748464,0.0455273343881,0.998956999243
2018/10/02/14:06:08.607281,57833,1538481968,592156824,/world,vicon/IMUframe/IMUframe,-0.155279318847,0.0886156243919,1.45195169536,-0.00196182308034,0.00308236404265,0.0455216569228,0.998956670248
2018/10/02/14:06:08.617778,57834,1538481968,602276379,/world,vicon/IMUframe/IMUframe,-0.154910597632,0.0887597907492,1.4522480589,-0.00273839057455,0.00285227544724,0.0454914792183,0.998956901503
2018/10/02/14:06:08.627833,57835,1538481968,612182432,/world,vicon/IMUframe/IMUframe,-0.154528984191,0.0889224374653,1.45257221183,-0.00358515634925,0.00256339823269,0.045490085132,0.998955067958
2018/10/02/14:06:08.637778,57836,1538481968,622149317,/world,vicon/IMUframe/IMUframe,-0.154209860276,0.0891777768942,1.45294008788,-0.00470720380331,0.00226716221583,0.0453071410355,0.998959441208
2018/10/02/14:06:08.647585,57837,1538481968,632083994,/world,vicon/IMUframe/IMUframe,-0.153906939441,0.0894058466147,1.45330104863,-0.0059070923435,0.00209789229715,0.0453845128852,0.998949924219
2018/10/02/14:06:08.657755,57838,1538481968,642162721,/world,vicon/IMUframe/IMUframe,-0.153619934027,0.0896413823573,1.4537071559,-0.00724367108481,0.00180635210405,0.0454218394965,0.998939999609
2018/10/02/14:06:08.667925,57839,1538481968,652183967,/world,vicon/IMUframe/IMUframe,-0.153495536518,0.0899937339347,1.4540086716,-0.00859680313411,0.000715397741014,0.0452999999504,0.998936180738
2018/10/02/14:06:08.677660,57840,1538481968,662170098,/world,vicon/IMUframe/IMUframe,-0.153362211919,0.0903045434147,1.45433963265,-0.00979011325506,-0.000651208914617,0.0454140576268,0.998920063358
2018/10/02/14:06:08.687366,57841,1538481968,672087718,/world,vicon/IMUframe/IMUframe,-0.153262119848,0.0905991141684,1.45460876856,-0.0110471457401,-0.00252995965889,0.0455601238445,0.998897309532
2018/10/02/14:06:08.697467,57842,1538481968,682171516,/world,vicon/IMUframe/IMUframe,-0.153249195614,0.0908796357345,1.45485919938,-0.0122749711052,-0.00465974609645,0.0456649327669,0.998870525026
2018/10/02/14:06:08.707591,57843,1538481968,692195305,/world,vicon/IMUframe/IMUframe,-0.153316727998,0.0911055645801,1.45512911077,-0.0133314714798,-0.00674551078985,0.045888875908,0.998834811678
2018/10/02/14:06:08.717609,57844,1538481968,702182825,/world,vicon/IMUframe/IMUframe,-0.153487788961,0.0913951287483,1.45540776768,-0.0141660234054,-0.00848713466839,0.0458959269864,0.998809719722
2018/10/02/14:06:08.727773,57845,1538481968,712135487,/world,vicon/IMUframe/IMUframe,-0.153399002551,0.0916416820565,1.45582221977,-0.0147644299119,-0.0101873337709,0.0458034866603,0.998789402452
2018/10/02/14:06:08.737720,57846,1538481968,722119294,/world,vicon/IMUframe/IMUframe,-0.15350199576,0.0919596422806,1.4560835161,-0.0152788616693,-0.0112566142428,0.0456200141616,0.998778583736
2018/10/02/14:06:08.747997,57847,1538481968,732089686,/world,vicon/IMUframe/IMUframe,-0.153602021402,0.0921912853858,1.45643197124,-0.0156674149913,-0.0117305154059,0.0455251409756,0.998771439647
2018/10/02/14:06:08.757642,57848,1538481968,742192373,/world,vicon/IMUframe/IMUframe,-0.153752734372,0.0925261733514,1.45670329472,-0.0159874068457,-0.0120964934352,0.0451996909887,0.998776784674
2018/10/02/14:06:08.767726,57849,1538481968,752102403,/world,vicon/IMUframe/IMUframe,-0.15389873857,0.0928571500921,1.45698811395,-0.0162870932702,-0.0120573488019,0.0449046482053,0.998785724519
2018/10/02/14:06:08.777631,57850,1538481968,762121522,/world,vicon/IMUframe/IMUframe,-0.154030075368,0.0932058444789,1.45730646554,-0.0166457118404,-0.0117337607301,0.0445665833809,0.99879880796
2018/10/02/14:06:08.788100,57851,1538481968,772354544,/world,vicon/IMUframe/IMUframe,-0.154141999851,0.0935353897261,1.45755727174,-0.0171316531341,-0.0113479916001,0.0442172239569,0.998810575962
2018/10/02/14:06:08.797753,57852,1538481968,782195655,/world,vicon/IMUframe/IMUframe,-0.154273391177,0.0938332410384,1.45782466344,-0.0177258262016,-0.0110188967112,0.0439829851522,0.99881423499
2018/10/02/14:06:08.807784,57853,1538481968,792165481,/world,vicon/IMUframe/IMUframe,-0.154453423074,0.094149756449,1.45801232466,-0.0183441374213,-0.0111296693958,0.0438431176441,0.998807991616
2018/10/02/14:06:08.817590,57854,1538481968,802140584,/world,vicon/IMUframe/IMUframe,-0.154632014357,0.0944340912784,1.45824852073,-0.0188242763509,-0.0111585326736,0.0440066338023,0.998791544793
2018/10/02/14:06:08.827725,57855,1538481968,812151960,/world,vicon/IMUframe/IMUframe,-0.154813784504,0.0946985268806,1.45846990752,-0.0194124313183,-0.0115610162159,0.0443189427963,0.998761899415
2018/10/02/14:06:08.837871,57856,1538481968,822198215,/world,vicon/IMUframe/IMUframe,-0.155022959325,0.0949061579486,1.45868922866,-0.0200414636186,-0.0122173420494,0.0447730749835,0.998721406622
2018/10/02/14:06:08.847853,57857,1538481968,832151974,/world,vicon/IMUframe/IMUframe,-0.155320388961,0.0948519246776,1.45897250839,-0.0208833194993,-0.0128619698437,0.0453616269567,0.99866950464
2018/10/02/14:06:08.857408,57858,1538481968,842103775,/world,vicon/IMUframe/IMUframe,-0.155613775949,0.0950397799992,1.4592373884,-0.0215942165597,-0.0134973677233,0.045898332331,0.998621476819
2018/10/02/14:06:08.867751,57859,1538481968,852210316,/world,vicon/IMUframe/IMUframe,-0.155909554503,0.0954667759546,1.45947634971,-0.0222363175334,-0.0140339007615,0.0462681727788,0.998582921945
2018/10/02/14:06:08.877844,57860,1538481968,862045878,/world,vicon/IMUframe/IMUframe,-0.156155529809,0.0957373370399,1.45980304361,-0.0229742472597,-0.0142994185036,0.0463256593556,0.998559784829
2018/10/02/14:06:08.887596,57861,1538481968,872143255,/world,vicon/IMUframe/IMUframe,-0.15654600981,0.0957820309531,1.46013458211,-0.023957545825,-0.0142408793802,0.0468157291094,0.998514657309
2018/10/02/14:06:08.897478,57862,1538481968,882033094,/world,vicon/IMUframe/IMUframe,-0.156889601927,0.095930888952,1.46048463727,-0.0248510941522,-0.0138845772811,0.0467089525868,0.998502836942
2018/10/02/14:06:08.908491,57863,1538481968,892135189,/world,vicon/IMUframe/IMUframe,-0.157288864915,0.0961181001452,1.46082113234,-0.0257315933981,-0.0133220516759,0.0463318315578,0.998505768348
2018/10/02/14:06:08.917573,57864,1538481968,902194299,/world,vicon/IMUframe/IMUframe,-0.15768010511,0.0962937794007,1.46114157261,-0.0264962420991,-0.0126038526613,0.0457593088992,0.998521495864
2018/10/02/14:06:08.927600,57865,1538481968,912087218,/world,vicon/IMUframe/IMUframe,-0.158078842749,0.0964697737218,1.46150405815,-0.0276213590317,-0.0118161878633,0.0449626481485,0.998536828816
2018/10/02/14:06:08.937374,57866,1538481968,922137501,/world,vicon/IMUframe/IMUframe,-0.158620197071,0.0966127159581,1.461781601,-0.0286354902276,-0.0109891265014,0.0439390562578,0.998563271472
2018/10/02/14:06:08.947578,57867,1538481968,932036752,/world,vicon/IMUframe/IMUframe,-0.159086907471,0.0968054397179,1.46210055226,-0.0297332631616,-0.0101720290685,0.0429071393397,0.998584718629
2018/10/02/14:06:08.958411,57868,1538481968,942405763,/world,vicon/IMUframe/IMUframe,-0.159564591673,0.0969631718448,1.46243414428,-0.0311214735685,-0.00957600437986,0.0418285695927,0.998594074081
2018/10/02/14:06:08.967908,57869,1538481968,952078460,/world,vicon/IMUframe/IMUframe,-0.160009004894,0.0971168246295,1.46278188291,-0.0325556489943,-0.00899120633267,0.0407626515366,0.998597864091
2018/10/02/14:06:08.977882,57870,1538481968,962044278,/world,vicon/IMUframe/IMUframe,-0.160452245464,0.0972900195606,1.46311204654,-0.0340352513353,-0.0084611268,0.0397414148718,0.998594327514
2018/10/02/14:06:08.987462,57871,1538481968,972057034,/world,vicon/IMUframe/IMUframe,-0.16092654733,0.0974851961789,1.46341874753,-0.0355245068503,-0.00790172199004,0.0386864011265,0.998588471078
2018/10/02/14:06:08.998139,57872,1538481968,982213841,/world,vicon/IMUframe/IMUframe,-0.161314508914,0.0976605035111,1.46375849997,-0.0369243798156,-0.00736168756987,0.0378588541972,0.998573534043
2018/10/02/14:06:09.007902,57873,1538481968,992179767,/world,vicon/IMUframe/IMUframe,-0.161864032332,0.0978995565574,1.46398222276,-0.0379432696214,-0.00644718082553,0.0370746705752,0.998571084576
2018/10/02/14:06:09.017865,57874,1538481969,2094233,/world,vicon/IMUframe/IMUframe,-0.162221180137,0.0980589019029,1.46423681261,-0.0390527342381,-0.00591866679375,0.0362934131076,0.998560284358
2018/10/02/14:06:09.027757,57875,1538481969,12043607,/world,vicon/IMUframe/IMUframe,-0.16251512494,0.0982957238804,1.46451469369,-0.0399794558134,-0.00526623275908,0.0355154871083,0.998555236369
2018/10/02/14:06:09.037933,57876,1538481969,22076217,/world,vicon/IMUframe/IMUframe,-0.162762210228,0.0985498504261,1.46476178775,-0.0406507719329,-0.00448029845328,0.0348798542921,0.998554373798
2018/10/02/14:06:09.047979,57877,1538481969,32073313,/world,vicon/IMUframe/IMUframe,-0.163031563605,0.0989075949461,1.46505287346,-0.0410557391859,-0.00349323721453,0.0342946188225,0.99856201745
2018/10/02/14:06:09.057701,57878,1538481969,42076582,/world,vicon/IMUframe/IMUframe,-0.163217628419,0.0990479873931,1.46524444395,-0.0410072539957,-0.00272260418505,0.0339816964091,0.998577106114
2018/10/02/14:06:09.067749,57879,1538481969,52051559,/world,vicon/IMUframe/IMUframe,-0.163465153904,0.0992717039927,1.46538515602,-0.0402526461476,-0.00183348236526,0.0335930299158,0.998622987499
2018/10/02/14:06:09.077969,57880,1538481969,62161037,/world,vicon/IMUframe/IMUframe,-0.163640201925,0.0994598249301,1.46544910978,-0.0389505379335,-0.00107929980517,0.0334395711247,0.998680872847
2018/10/02/14:06:09.087927,57881,1538481969,72137990,/world,vicon/IMUframe/IMUframe,-0.163791972396,0.0996496112128,1.46545137133,-0.0372186472013,-0.000225372935369,0.033555890866,0.998743572543
2018/10/02/14:06:09.097845,57882,1538481969,82113958,/world,vicon/IMUframe/IMUframe,-0.163930940398,0.0998505634837,1.46545755951,-0.0352924819243,0.000641989440571,0.0337410349343,0.998807074029
2018/10/02/14:06:09.107952,57883,1538481969,92093041,/world,vicon/IMUframe/IMUframe,-0.1640210825,0.0999206586399,1.4654489719,-0.0335085004595,0.00149498389814,0.0341415957525,0.998853991762
2018/10/02/14:06:09.117887,57884,1538481969,102043899,/world,vicon/IMUframe/IMUframe,-0.164085273057,0.100061300345,1.46551586252,-0.0320337499727,0.0026867749571,0.0345146594479,0.998887059875
2018/10/02/14:06:09.128074,57885,1538481969,112101484,/world,vicon/IMUframe/IMUframe,-0.164035573093,0.100124587784,1.46561007501,-0.030701616007,0.00398668179472,0.0351141583152,0.998903655529
2018/10/02/14:06:09.138119,57886,1538481969,122108681,/world,vicon/IMUframe/IMUframe,-0.164056570827,0.100321792293,1.46575113099,-0.0293267061793,0.00558651682918,0.0353839445237,0.998927780975
2018/10/02/14:06:09.148007,57887,1538481969,132037756,/world,vicon/IMUframe/IMUframe,-0.164050652628,0.100564964332,1.46590460559,-0.0279972143303,0.00747980117096,0.0357048110621,0.998942127969
2018/10/02/14:06:09.157944,57888,1538481969,142031118,/world,vicon/IMUframe/IMUframe,-0.16402513811,0.100819973039,1.46620842853,-0.0267634338803,0.00995905785482,0.0359432651095,0.998945753015
2018/10/02/14:06:09.168018,57889,1538481969,152202428,/world,vicon/IMUframe/IMUframe,-0.163993231117,0.10114674945,1.46651042393,-0.0254947082242,0.0124932039804,0.0359120380855,0.998951583025
2018/10/02/14:06:09.178137,57890,1538481969,162107445,/world,vicon/IMUframe/IMUframe,-0.164004035981,0.101554419717,1.4668723511,-0.0240334524071,0.0155308096517,0.0357085706842,0.998952493914
2018/10/02/14:06:09.188059,57891,1538481969,172140806,/world,vicon/IMUframe/IMUframe,-0.163988831928,0.10198059725,1.4672418607,-0.0220193084905,0.0190649716216,0.0353566154689,0.998950242331
2018/10/02/14:06:09.198163,57892,1538481969,182032833,/world,vicon/IMUframe/IMUframe,-0.163835518605,0.102457763593,1.46767441924,-0.0191257792832,0.0229347051626,0.0345834182607,0.998955550086
2018/10/02/14:06:09.208604,57893,1538481969,192156597,/world,vicon/IMUframe/IMUframe,-0.16393895,0.103056513735,1.46803903643,-0.0152468109064,0.0275999648847,0.0337063408702,0.998934261741
2018/10/02/14:06:09.218027,57894,1538481969,202123504,/world,vicon/IMUframe/IMUframe,-0.164044725911,0.103652788922,1.46832922185,-0.0101169449826,0.0326701585004,0.0325909439843,0.998883445922
2018/10/02/14:06:09.228393,57895,1538481969,212101003,/world,vicon/IMUframe/IMUframe,-0.16529067801,0.104243539451,1.46932487057,-0.00323623766791,0.0428329798993,0.0331902266718,0.998525548723
2018/10/02/14:06:09.237908,57896,1538481969,222057221,/world,vicon/IMUframe/IMUframe,-0.165524895966,0.105092359106,1.46961994698,0.00406972416291,0.0496410350995,0.0310777606732,0.99827520142
2018/10/02/14:06:09.248162,57897,1538481969,232182045,/world,vicon/IMUframe/IMUframe,-0.165853966894,0.106061204813,1.469946091,0.0122577548256,0.0571417835572,0.0287444445669,0.9978769067
2018/10/02/14:06:09.257872,57898,1538481969,242053482,/world,vicon/IMUframe/IMUframe,-0.166241837182,0.107151283299,1.47035545574,0.021229188795,0.0654335716973,0.0258552051997,0.997295982947
2018/10/02/14:06:09.267735,57899,1538481969,252082128,/world,vicon/IMUframe/IMUframe,-0.166840859327,0.108319524665,1.4710021942,0.0310823197826,0.0756832124589,0.0229556525717,0.996382947849
2018/10/02/14:06:09.277909,57900,1538481969,262092391,/world,vicon/IMUframe/IMUframe,-0.16774239264,0.109577026163,1.47193774395,0.0415972706158,0.087082597659,0.0188932555448,0.995152919484
2018/10/02/14:06:09.287816,57901,1538481969,272044358,/world,vicon/IMUframe/IMUframe,-0.168511493437,0.110823367684,1.47276223352,0.0529136773105,0.0991493334632,0.0150861145594,0.993550180703
2018/10/02/14:06:09.298012,57902,1538481969,282149371,/world,vicon/IMUframe/IMUframe,-0.169290567945,0.111958457628,1.47364962631,0.0637726647185,0.111693663324,0.0121230817766,0.991620191251
2018/10/02/14:06:09.307859,57903,1538481969,292106937,/world,vicon/IMUframe/IMUframe,-0.170273836144,0.112964290882,1.47512097705,0.0759314008808,0.127523976589,0.00890234262794,0.98888462727
2018/10/02/14:06:09.317976,57904,1538481969,302111481,/world,vicon/IMUframe/IMUframe,-0.171134055637,0.113801774643,1.4762607642,0.0875544411077,0.142438848518,0.00561973678328,0.98590760867
2018/10/02/14:06:09.327925,57905,1538481969,312033689,/world,vicon/IMUframe/IMUframe,-0.171728980716,0.114655659213,1.47754406703,0.0999966021545,0.157780909859,0.00195535417446,0.982396071161
2018/10/02/14:06:09.338042,57906,1538481969,322191717,/world,vicon/IMUframe/IMUframe,-0.172587874013,0.115226430751,1.47889725349,0.112959040577,0.174164913387,-0.000826383120805,0.978215801952
2018/10/02/14:06:09.347926,57907,1538481969,332139626,/world,vicon/IMUframe/IMUframe,-0.173468422665,0.115669209553,1.48016762448,0.126322396398,0.190865850108,-0.00309805520963,0.973449167386
2018/10/02/14:06:09.358019,57908,1538481969,342046694,/world,vicon/IMUframe/IMUframe,-0.174169438216,0.115993164891,1.48046202636,0.139283176988,0.205728634173,-0.00593572953681,0.968628253152
2018/10/02/14:06:09.367755,57909,1538481969,352031724,/world,vicon/IMUframe/IMUframe,-0.175119203483,0.115952742636,1.48160540723,0.152775383034,0.223462747531,-0.007051998839,0.962639263752
2018/10/02/14:06:09.377969,57910,1538481969,362199976,/world,vicon/IMUframe/IMUframe,-0.176106796147,0.115656952748,1.48260062228,0.165968085454,0.241388974591,-0.00768120770393,0.956099867485
2018/10/02/14:06:09.388088,57911,1538481969,372158379,/world,vicon/IMUframe/IMUframe,-0.176988969394,0.115207356703,1.48343207899,0.178994447161,0.25900181743,-0.00797738246195,0.94911295841
2018/10/02/14:06:09.397969,57912,1538481969,382085962,/world,vicon/IMUframe/IMUframe,-0.177724115052,0.1144654833,1.48421089102,0.192177937234,0.276651979785,-0.00750672313093,0.941527998325
2018/10/02/14:06:09.407571,57913,1538481969,392068228,/world,vicon/IMUframe/IMUframe,-0.178339816017,0.113601502329,1.48486384369,0.205572275712,0.294016828935,-0.00637923914147,0.933409582696
2018/10/02/14:06:09.417832,57914,1538481969,402120097,/world,vicon/IMUframe/IMUframe,-0.178884851794,0.112712354993,1.48538325303,0.21934105408,0.310803076516,-0.00458647706347,0.924808041624
2018/10/02/14:06:09.427966,57915,1538481969,412152525,/world,vicon/IMUframe/IMUframe,-0.179369432153,0.111744293963,1.48572020952,0.233541724816,0.327145248445,-0.0017740405714,0.915658834922
2018/10/02/14:06:09.437850,57916,1538481969,422077789,/world,vicon/IMUframe/IMUframe,-0.179744382576,0.111279772449,1.48569099752,0.248322203116,0.34265716585,0.00142702318326,0.906046419195
2018/10/02/14:06:09.447772,57917,1538481969,432041405,/world,vicon/IMUframe/IMUframe,-0.180156907542,0.110619852083,1.48550613653,0.263163980696,0.357880020638,0.00531386988419,0.895900872239
2018/10/02/14:06:09.457964,57918,1538481969,442165375,/world,vicon/IMUframe/IMUframe,-0.18041221622,0.109834032299,1.48538839371,0.278475575748,0.372910732309,0.00990114031663,0.885037234731
2018/10/02/14:06:09.467830,57919,1538481969,452091540,/world,vicon/IMUframe/IMUframe,-0.180365800629,0.108788142785,1.48516261688,0.293884496018,0.387754435548,0.0154841571031,0.873520830657
2018/10/02/14:06:09.477700,57920,1538481969,462161682,/world,vicon/IMUframe/IMUframe,-0.180263482359,0.108004259763,1.48462264036,0.309303128417,0.40153790025,0.021013013701,0.861775691621
2018/10/02/14:06:09.487756,57921,1538481969,472088259,/world,vicon/IMUframe/IMUframe,-0.179876211459,0.107042614925,1.48423246108,0.324554400415,0.416429615661,0.0277982512297,0.848809798247
2018/10/02/14:06:09.497579,57922,1538481969,482035790,/world,vicon/IMUframe/IMUframe,-0.179307980199,0.105987158654,1.48383685985,0.340108845858,0.430825038164,0.0349397225908,0.835161646177
2018/10/02/14:06:09.507827,57923,1538481969,492156088,/world,vicon/IMUframe/IMUframe,-0.178371600752,0.104481200253,1.48346437626,0.356675177033,0.444906190043,0.0419278444153,0.820416574682
2018/10/02/14:06:09.518021,57924,1538481969,502156432,/world,vicon/IMUframe/IMUframe,-0.177385627489,0.103262298273,1.48311833661,0.372876300504,0.459586091867,0.0489044578264,0.804582029808
2018/10/02/14:06:09.527644,57925,1538481969,512076816,/world,vicon/IMUframe/IMUframe,-0.176267216336,0.102087107415,1.48259677832,0.389924584609,0.473485685933,0.0550476819133,0.787870469209
2018/10/02/14:06:09.537528,57926,1538481969,522024585,/world,vicon/IMUframe/IMUframe,-0.175234236347,0.10124549675,1.48174947456,0.407463543339,0.487185569114,0.0604745413522,0.770043188363
2018/10/02/14:06:09.548191,57927,1538481969,532280027,/world,vicon/IMUframe/IMUframe,-0.174103936952,0.100321643241,1.48108600178,0.424837588449,0.500765800501,0.0647681370039,0.7513665716
2018/10/02/14:06:09.557844,57928,1538481969,542150603,/world,vicon/IMUframe/IMUframe,-0.172978568008,0.0997930894175,1.48001600983,0.441206053974,0.513415920069,0.0671352040664,0.732962601591
2018/10/02/14:06:09.567771,57929,1538481969,552099930,/world,vicon/IMUframe/IMUframe,-0.171590453714,0.0992575767358,1.47898683469,0.457197125611,0.525732277073,0.0684178371507,0.714069576958
2018/10/02/14:06:09.577875,57930,1538481969,562075701,/world,vicon/IMUframe/IMUframe,-0.17010781378,0.0982479837242,1.47788600288,0.469393404712,0.539408610745,0.0697005996953,0.695593278195
2018/10/02/14:06:09.588036,57931,1538481969,572135389,/world,vicon/IMUframe/IMUframe,-0.16847621728,0.0971641695641,1.47663562953,0.480960588932,0.552376977192,0.0693423669502,0.677309547481
2018/10/02/14:06:09.597797,57932,1538481969,582094839,/world,vicon/IMUframe/IMUframe,-0.166655961143,0.0959786973959,1.47547912524,0.490607290819,0.565718525043,0.067803919493,0.659294824127
2018/10/02/14:06:09.607802,57933,1538481969,592069053,/world,vicon/IMUframe/IMUframe,-0.164778833561,0.0948049056144,1.47408921555,0.498846544998,0.578878418047,0.0653185500297,0.641705063628
2018/10/02/14:06:09.617664,57934,1538481969,602081207,/world,vicon/IMUframe/IMUframe,-0.162810129309,0.0936926193662,1.47276041028,0.505731753454,0.591900976375,0.0616568279635,0.624569502361
2018/10/02/14:06:09.627925,57935,1538481969,612121856,/world,vicon/IMUframe/IMUframe,-0.160688607514,0.0926512451143,1.47154112565,0.51151842387,0.604527919713,0.0572660154293,0.607960113663
2018/10/02/14:06:09.637933,57936,1538481969,622157377,/world,vicon/IMUframe/IMUframe,-0.15827754346,0.0915980560437,1.47063179533,0.516486716504,0.616554654558,0.0530314166221,0.5918525986
2018/10/02/14:06:09.647879,57937,1538481969,632114192,/world,vicon/IMUframe/IMUframe,-0.15600981442,0.0904774134375,1.46946454916,0.51983649534,0.627771462931,0.0480650568835,0.577375751785
2018/10/02/14:06:09.657633,57938,1538481969,642048270,/world,vicon/IMUframe/IMUframe,-0.153558935782,0.0889544932573,1.46828944307,0.521612854594,0.639163585775,0.044325866457,0.563404968122
2018/10/02/14:06:09.667759,57939,1538481969,652093133,/world,vicon/IMUframe/IMUframe,-0.151153208328,0.0873136102585,1.46704355083,0.521208068401,0.649966480469,0.0409465671008,0.551551540967
2018/10/02/14:06:09.677766,57940,1538481969,662143557,/world,vicon/IMUframe/IMUframe,-0.148830491572,0.0858185480801,1.46581467078,0.519616091166,0.659699763538,0.0374179356535,0.541659706717
2018/10/02/14:06:09.687736,57941,1538481969,672095167,/world,vicon/IMUframe/IMUframe,-0.146610868968,0.0842943545795,1.46462061506,0.51671954055,0.668379339126,0.034350498579,0.533938216174
2018/10/02/14:06:09.697783,57942,1538481969,682043113,/world,vicon/IMUframe/IMUframe,-0.144429117545,0.0828241998391,1.46356997196,0.512420481946,0.675760529636,0.031433251119,0.528946979378
2018/10/02/14:06:09.707772,57943,1538481969,692103224,/world,vicon/IMUframe/IMUframe,-0.142636193219,0.0815161918835,1.46235606328,0.506756788247,0.681488796955,0.0291008677333,0.527184708321
2018/10/02/14:06:09.717955,57944,1538481969,702213227,/world,vicon/IMUframe/IMUframe,-0.141159939596,0.0804168130367,1.46107525057,0.499707108396,0.685711050439,0.0272283020367,0.528537397629
2018/10/02/14:06:09.727818,57945,1538481969,712127176,/world,vicon/IMUframe/IMUframe,-0.139681143826,0.0796452712955,1.45988396246,0.491929830067,0.688330407928,0.0256261904383,0.532493746607
2018/10/02/14:06:09.737796,57946,1538481969,722093828,/world,vicon/IMUframe/IMUframe,-0.138679017945,0.0789782343857,1.45884227043,0.483763725271,0.688897247918,0.0245219225807,0.539251254273
2018/10/02/14:06:09.747783,57947,1538481969,732050736,/world,vicon/IMUframe/IMUframe,-0.138122933913,0.0784968539048,1.45781500278,0.475071834518,0.68785988171,0.0238215929999,0.548259123854
2018/10/02/14:06:09.758279,57948,1538481969,742195385,/world,vicon/IMUframe/IMUframe,-0.138104988469,0.0778211140806,1.45684578255,0.466182156806,0.684742193306,0.0223553874019,0.559734367388
2018/10/02/14:06:09.767872,57949,1538481969,752137781,/world,vicon/IMUframe/IMUframe,-0.138710202173,0.0779849304388,1.45572388153,0.457675087978,0.678894049549,0.0215500521387,0.573735111862
2018/10/02/14:06:09.777631,57950,1538481969,762081275,/world,vicon/IMUframe/IMUframe,-0.139500161859,0.077893747136,1.45499201597,0.44681368389,0.670573347161,0.0219712055324,0.591782210017
2018/10/02/14:06:09.787965,57951,1538481969,772098635,/world,vicon/IMUframe/IMUframe,-0.140549709323,0.0779498207477,1.45426821456,0.435240813093,0.65929482344,0.0236026658281,0.612648908078
2018/10/02/14:06:09.797711,57952,1538481969,782102780,/world,vicon/IMUframe/IMUframe,-0.142287434904,0.077991716601,1.4534441082,0.423595787576,0.645161928073,0.0252602713051,0.635369667207
2018/10/02/14:06:09.807904,57953,1538481969,792147943,/world,vicon/IMUframe/IMUframe,-0.143989327218,0.0780928276632,1.45249459385,0.412146739102,0.630045085296,0.0272444524455,0.65759865857
2018/10/02/14:06:09.817779,57954,1538481969,802097830,/world,vicon/IMUframe/IMUframe,-0.146016633751,0.0780822031464,1.45133335894,0.400394443372,0.612421805231,0.0296641016677,0.680987417848
2018/10/02/14:06:09.827672,57955,1538481969,812062157,/world,vicon/IMUframe/IMUframe,-0.148331003193,0.0781267326732,1.45009406894,0.38844416107,0.592706827255,0.0329305300957,0.704787436639
2018/10/02/14:06:09.837636,57956,1538481969,822068125,/world,vicon/IMUframe/IMUframe,-0.150713364888,0.0781036353602,1.4487678819,0.376336840316,0.570896196039,0.0371239683415,0.728745447288
2018/10/02/14:06:09.847837,57957,1538481969,832089069,/world,vicon/IMUframe/IMUframe,-0.153099366787,0.0781608248274,1.44722410264,0.364177813855,0.547052677328,0.0421243919499,0.752551276477
2018/10/02/14:06:09.858163,57958,1538481969,842150840,/world,vicon/IMUframe/IMUframe,-0.15559713032,0.0779026850119,1.44548679335,0.351183329572,0.52215399445,0.0486276924367,0.775667984797
2018/10/02/14:06:09.867769,57959,1538481969,852085040,/world,vicon/IMUframe/IMUframe,-0.1579102277,0.077561300087,1.44359499361,0.339348258372,0.493397331595,0.0538568449587,0.799062746576
2018/10/02/14:06:09.877623,57960,1538481969,862046994,/world,vicon/IMUframe/IMUframe,-0.159924606363,0.0771844443244,1.44184021221,0.326042301133,0.466089301953,0.0622104521226,0.820114040926
2018/10/02/14:06:09.887817,57961,1538481969,872137276,/world,vicon/IMUframe/IMUframe,-0.161830465942,0.0767962248683,1.43982632256,0.312359670801,0.436572045432,0.0703668011687,0.840764413197
2018/10/02/14:06:09.897733,57962,1538481969,882107677,/world,vicon/IMUframe/IMUframe,-0.163406223232,0.0758867044355,1.43779599257,0.298509347333,0.405760732642,0.0787492767449,0.860260977153
2018/10/02/14:06:09.907916,57963,1538481969,892091364,/world,vicon/IMUframe/IMUframe,-0.164705432298,0.0749904167774,1.43576406173,0.281791651725,0.374787707699,0.0889163705212,0.878761354538
2018/10/02/14:06:09.917995,57964,1538481969,902067684,/world,vicon/IMUframe/IMUframe,-0.165415336017,0.073695297787,1.43392042585,0.2652437841,0.342353620052,0.0986684810745,0.895937645529
2018/10/02/14:06:09.927891,57965,1538481969,912031722,/world,vicon/IMUframe/IMUframe,-0.165973034455,0.0723063973554,1.43208963704,0.246961542396,0.310741873989,0.109082917499,0.911345379884
2018/10/02/14:06:09.938049,57966,1538481969,922098343,/world,vicon/IMUframe/IMUframe,-0.166247847487,0.0710740017389,1.43036210283,0.228531951049,0.278356214006,0.119385750339,0.925223220682
2018/10/02/14:06:09.947974,57967,1538481969,932111124,/world,vicon/IMUframe/IMUframe,-0.165975648294,0.0699895036836,1.42876125979,0.209315545492,0.245664558574,0.128547304032,0.937716117864
2018/10/02/14:06:09.958354,57968,1538481969,942256632,/world,vicon/IMUframe/IMUframe,-0.165406459339,0.0688017013145,1.42747951054,0.19038959922,0.213410280565,0.137669854166,0.94829049553
2018/10/02/14:06:09.967982,57969,1538481969,952056029,/world,vicon/IMUframe/IMUframe,-0.164472454713,0.0674862799734,1.42666428553,0.17090160472,0.181369084761,0.145870724572,0.957402542461
2018/10/02/14:06:09.978569,57970,1538481969,962131511,/world,vicon/IMUframe/IMUframe,-0.16342459822,0.0667812498882,1.42596657422,0.152383506894,0.149928324604,0.154084538262,0.964654715106
2018/10/02/14:06:09.988184,57971,1538481969,972160775,/world,vicon/IMUframe/IMUframe,-0.161616860965,0.0657598097332,1.4258328562,0.132795173904,0.118722710838,0.162651454668,0.970471464812
2018/10/02/14:06:09.997888,57972,1538481969,982130573,/world,vicon/IMUframe/IMUframe,-0.160183926341,0.0648820266479,1.42603551133,0.114291553013,0.0879714701091,0.169985454515,0.974835066363
2018/10/02/14:06:10.008079,57973,1538481969,992097206,/world,vicon/IMUframe/IMUframe,-0.159303910062,0.0640854639462,1.4269926968,0.0964458758389,0.0613000312516,0.176444052005,0.97765433345
2018/10/02/14:06:10.017602,57974,1538481970,2033970,/world,vicon/IMUframe/IMUframe,-0.157990446314,0.0638775786985,1.4276775136,0.0784101312876,0.0329697492427,0.182156126106,0.979583581257
2018/10/02/14:06:10.027826,57975,1538481970,12190314,/world,vicon/IMUframe/IMUframe,-0.15646253675,0.0639295042549,1.42838040374,0.0612802042539,0.0054556278495,0.188359163009,0.980171310742
2018/10/02/14:06:10.037821,57976,1538481970,22091201,/world,vicon/IMUframe/IMUframe,-0.155354296363,0.0643674007619,1.42914139035,0.0457459214988,-0.0204629333594,0.191982528429,0.980117996877
2018/10/02/14:06:10.047812,57977,1538481970,32121279,/world,vicon/IMUframe/IMUframe,-0.153993188469,0.0645648612142,1.43031081048,0.029285253289,-0.0456463313651,0.196455125919,0.979011833367
2018/10/02/14:06:10.057916,57978,1538481970,42089511,/world,vicon/IMUframe/IMUframe,-0.152698628787,0.0648651784372,1.43167214306,0.0132591672631,-0.06921182186,0.200978424328,0.977057619157
2018/10/02/14:06:10.068209,57979,1538481970,52255457,/world,vicon/IMUframe/IMUframe,-0.151419300078,0.0652201852399,1.43322294649,-0.00159889696233,-0.0929728148907,0.204971111791,0.974340978586
2018/10/02/14:06:10.078004,57980,1538481970,62110989,/world,vicon/IMUframe/IMUframe,-0.150395650263,0.065748577312,1.43485969772,-0.0159438583182,-0.114206962549,0.208810731411,0.971133688806
2018/10/02/14:06:10.087799,57981,1538481970,72083747,/world,vicon/IMUframe/IMUframe,-0.149169688956,0.0662037367206,1.43666011807,-0.0293886551016,-0.134608287576,0.213425502046,0.967195156597
2018/10/02/14:06:10.097588,57982,1538481970,82028214,/world,vicon/IMUframe/IMUframe,-0.148239832403,0.0671038449287,1.43821086436,-0.0429347312567,-0.154714352918,0.217275978526,0.962814222479
2018/10/02/14:06:10.107434,57983,1538481970,92024534,/world,vicon/IMUframe/IMUframe,-0.147611654042,0.0681401148705,1.43978150293,-0.055170771095,-0.173584431137,0.219987428704,0.958347620906
2018/10/02/14:06:10.117791,57984,1538481970,102100540,/world,vicon/IMUframe/IMUframe,-0.146896979617,0.0693579788716,1.44138875751,-0.0668411216405,-0.192075561313,0.223015201547,0.953364286662
2018/10/02/14:06:10.127839,57985,1538481970,112208497,/world,vicon/IMUframe/IMUframe,-0.146517287279,0.0708334879088,1.44299921809,-0.0781428997987,-0.209439186125,0.22630628768,0.948058214817
2018/10/02/14:06:10.137928,57986,1538481970,122092837,/world,vicon/IMUframe/IMUframe,-0.146189201195,0.0726575340801,1.44455402483,-0.0894913875308,-0.226637438742,0.227859418817,0.942712494971
2018/10/02/14:06:10.147631,57987,1538481970,132047982,/world,vicon/IMUframe/IMUframe,-0.14615659628,0.0738918847368,1.44606823337,-0.100387822042,-0.241707850692,0.230501231789,0.937213306693
2018/10/02/14:06:10.157850,57988,1538481970,142153550,/world,vicon/IMUframe/IMUframe,-0.145658832481,0.0752566404502,1.44730114454,-0.11025300235,-0.257603932287,0.232767900051,0.93129135841
2018/10/02/14:06:10.167547,57989,1538481970,152132122,/world,vicon/IMUframe/IMUframe,-0.145668466778,0.0762618740704,1.4483166412,-0.119547208078,-0.271433520978,0.235078734248,0.925618872666
2018/10/02/14:06:10.177634,57990,1538481970,162049475,/world,vicon/IMUframe/IMUframe,-0.146143997783,0.0781845691541,1.4490548423,-0.128089431836,-0.284414243561,0.237001794498,0.920071619449
2018/10/02/14:06:10.187653,57991,1538481970,172095544,/world,vicon/IMUframe/IMUframe,-0.14671079646,0.0791986839451,1.44980106221,-0.136759450791,-0.297974033971,0.238445448223,0.914140085501
2018/10/02/14:06:10.197822,57992,1538481970,182077679,/world,vicon/IMUframe/IMUframe,-0.147396038505,0.0799539197607,1.45177838699,-0.149923904633,-0.311456274829,0.236474643285,0.908073540399
2018/10/02/14:06:10.207944,57993,1538481970,192150845,/world,vicon/IMUframe/IMUframe,-0.148107009906,0.0807261391107,1.45290542066,-0.159732463441,-0.324821538763,0.234388949464,0.90224072644
2018/10/02/14:06:10.217790,57994,1538481970,202085572,/world,vicon/IMUframe/IMUframe,-0.148674655469,0.0815716109442,1.45424664984,-0.169922385515,-0.338636492322,0.232529489706,0.895757637638
2018/10/02/14:06:10.228075,57995,1538481970,212094189,/world,vicon/IMUframe/IMUframe,-0.148920975325,0.0822454714648,1.45557243816,-0.179507752828,-0.351693344221,0.231399798337,0.889124789687
2018/10/02/14:06:10.237759,57996,1538481970,222028092,/world,vicon/IMUframe/IMUframe,-0.149341916854,0.0829963994236,1.45701991732,-0.190134085858,-0.365410737426,0.228989444603,0.881979510323
2018/10/02/14:06:10.250827,57997,1538481970,232189804,/world,vicon/IMUframe/IMUframe,-0.149601215076,0.0835571152737,1.45821758966,-0.200566112334,-0.378994914716,0.226332704644,0.874591102179
2018/10/02/14:06:10.258348,57998,1538481970,242090457,/world,vicon/IMUframe/IMUframe,-0.149783814949,0.0846119129192,1.45855784878,-0.206930160302,-0.392109770396,0.225819591116,0.867430313619
2018/10/02/14:06:10.267844,57999,1538481970,252074396,/world,vicon/IMUframe/IMUframe,-0.150122045083,0.0853919820513,1.4590373081,-0.21587205745,-0.404161831352,0.22405226617,0.860147110043
2018/10/02/14:06:10.277645,58000,1538481970,262057201,/world,vicon/IMUframe/IMUframe,-0.150755578063,0.0859573909082,1.45956875669,-0.223842752997,-0.415818793013,0.222499385048,0.852926243565
2018/10/02/14:06:10.287931,58001,1538481970,272213001,/world,vicon/IMUframe/IMUframe,-0.151339508902,0.0862864908246,1.4599819135,-0.231978192633,-0.427191488993,0.220716004837,0.845563714384
2018/10/02/14:06:10.297493,58002,1538481970,282079790,/world,vicon/IMUframe/IMUframe,-0.152015989598,0.0864611687849,1.46022250076,-0.240498398164,-0.437787811796,0.218684790186,0.838259694167
2018/10/02/14:06:10.307482,58003,1538481970,292091079,/world,vicon/IMUframe/IMUframe,-0.152882680876,0.086817333489,1.46058819693,-0.24840014747,-0.448458123038,0.21625156792,0.830913917317
2018/10/02/14:06:10.317425,58004,1538481970,302043566,/world,vicon/IMUframe/IMUframe,-0.153789504612,0.0871135967222,1.46069760534,-0.256328082982,-0.459158928397,0.213998559116,0.823209334887
2018/10/02/14:06:10.327890,58005,1538481970,312118469,/world,vicon/IMUframe/IMUframe,-0.154828784173,0.0876303113978,1.46051992545,-0.263847810436,-0.469754701118,0.212064250089,0.815318102056
2018/10/02/14:06:10.337757,58006,1538481970,322161904,/world,vicon/IMUframe/IMUframe,-0.155881574999,0.087960119307,1.46064552948,-0.271820235707,-0.480652429174,0.20975138009,0.806902323915
2018/10/02/14:06:10.347582,58007,1538481970,332051323,/world,vicon/IMUframe/IMUframe,-0.156906552488,0.0882977746442,1.46060053765,-0.280215820121,-0.491109926297,0.206387036494,0.798557778507
2018/10/02/14:06:10.357828,58008,1538481970,342086506,/world,vicon/IMUframe/IMUframe,-0.1582396794,0.0884784873461,1.46086352913,-0.288201002826,-0.501391437109,0.203564980982,0.790005131174
2018/10/02/14:06:10.367691,58009,1538481970,352091570,/world,vicon/IMUframe/IMUframe,-0.160853114751,0.0877665455662,1.46256553114,-0.29913140136,-0.512808292118,0.197691095687,0.780042493035
2018/10/02/14:06:10.378992,58010,1538481970,362128774,/world,vicon/IMUframe/IMUframe,-0.161908333927,0.0888412006453,1.4615812665,-0.304520066782,-0.520480083564,0.1968551469,0.773056312748
2018/10/02/14:06:10.388188,58011,1538481970,372183544,/world,vicon/IMUframe/IMUframe,-0.164087743846,0.0896378172938,1.46087017827,-0.312422102863,-0.528408641008,0.192495500774,0.765586193667
2018/10/02/14:06:10.398023,58012,1538481970,382120033,/world,vicon/IMUframe/IMUframe,-0.16630970642,0.0898872175642,1.46052207254,-0.319170230866,-0.536877089097,0.186723861508,0.758305713071
2018/10/02/14:06:10.407724,58013,1538481970,392041915,/world,vicon/IMUframe/IMUframe,-0.168841036208,0.0905557363268,1.45962033706,-0.325666542892,-0.54463740192,0.180233633258,0.751549892364
2018/10/02/14:06:10.417844,58014,1538481970,402100587,/world,vicon/IMUframe/IMUframe,-0.17136987112,0.0910470700937,1.45918065769,-0.331945078669,-0.553045113908,0.173186772139,0.744284830347
2018/10/02/14:06:10.427500,58015,1538481970,412137252,/world,vicon/IMUframe/IMUframe,-0.173913933021,0.0915630269283,1.45849723695,-0.338457277556,-0.561007154701,0.16539216565,0.737131653902
2018/10/02/14:06:10.437670,58016,1538481970,422074945,/world,vicon/IMUframe/IMUframe,-0.176250469487,0.0921165421179,1.4580247584,-0.345065427173,-0.569172632609,0.157510063253,0.729494993289
2018/10/02/14:06:10.447623,58017,1538481970,432067081,/world,vicon/IMUframe/IMUframe,-0.178170040355,0.0922813351485,1.45753980939,-0.350917572669,-0.576861049794,0.149004239857,0.722416723871
2018/10/02/14:06:10.457599,58018,1538481970,442033351,/world,vicon/IMUframe/IMUframe,-0.180709124637,0.0928711823095,1.45663222228,-0.357599679391,-0.583563653248,0.140560474865,0.715415043742
2018/10/02/14:06:10.469433,58019,1538481970,453738317,/world,vicon/IMUframe/IMUframe,-0.18294736531,0.0937017772428,1.45553356357,-0.362896935848,-0.589950129774,0.133394380483,0.708851604772
2018/10/02/14:06:10.477626,58020,1538481970,462157401,/world,vicon/IMUframe/IMUframe,-0.185163549827,0.0941833090799,1.45442274396,-0.368608352103,-0.59551038227,0.126880305371,0.70242199245
2018/10/02/14:06:10.487748,58021,1538481970,472086725,/world,vicon/IMUframe/IMUframe,-0.187330959591,0.0946676194575,1.45350606624,-0.37457814338,-0.600586495443,0.121181723288,0.695918146002
2018/10/02/14:06:10.497538,58022,1538481970,482060325,/world,vicon/IMUframe/IMUframe,-0.189422029564,0.0951853229255,1.45255887973,-0.380123594014,-0.605489655259,0.115469734572,0.689605010891
2018/10/02/14:06:10.508427,58023,1538481970,492551072,/world,vicon/IMUframe/IMUframe,-0.191561881023,0.0957083120828,1.45129471453,-0.385597441259,-0.60998442344,0.109778730241,0.683507312939
2018/10/02/14:06:10.517989,58024,1538481970,502173811,/world,vicon/IMUframe/IMUframe,-0.193513889855,0.0962138392312,1.45072724834,-0.391165134777,-0.614110128618,0.105297389466,0.677326396234
2018/10/02/14:06:10.527794,58025,1538481970,512109601,/world,vicon/IMUframe/IMUframe,-0.195582702731,0.0966400009187,1.45020613737,-0.396674740562,-0.617401242944,0.101778942601,0.671644178308
2018/10/02/14:06:10.537628,58026,1538481970,522054991,/world,vicon/IMUframe/IMUframe,-0.197151694264,0.0970078962554,1.4496612813,-0.403294047877,-0.619601442964,0.0979940214094,0.666217032649
2018/10/02/14:06:10.548110,58027,1538481970,532268998,/world,vicon/IMUframe/IMUframe,-0.198712328132,0.0973725186006,1.44936822529,-0.40927178581,-0.621485847907,0.0950831811064,0.661219430191
2018/10/02/14:06:10.557725,58028,1538481970,542158088,/world,vicon/IMUframe/IMUframe,-0.200028037752,0.0978687605,1.44899052479,-0.415240431277,-0.622832833748,0.092891807232,0.656525519372
2018/10/02/14:06:10.567396,58029,1538481970,552113977,/world,vicon/IMUframe/IMUframe,-0.201247765002,0.0983560244725,1.44884140494,-0.420363602614,-0.623772817115,0.0915968038845,0.652542672738
2018/10/02/14:06:10.577478,58030,1538481970,562073438,/world,vicon/IMUframe/IMUframe,-0.202287120459,0.0988057101201,1.44864108299,-0.425268909294,-0.624245131426,0.0905417604018,0.649050506742
2018/10/02/14:06:10.587496,58031,1538481970,572099692,/world,vicon/IMUframe/IMUframe,-0.203303688405,0.0988912805032,1.44845369081,-0.430599268518,-0.623695545914,0.0906412461896,0.646043574728
2018/10/02/14:06:10.598062,58032,1538481970,582194249,/world,vicon/IMUframe/IMUframe,-0.204424268538,0.0993823869846,1.44835910705,-0.435165896781,-0.623003488842,0.0909048756166,0.643609818725
2018/10/02/14:06:10.607992,58033,1538481970,592163136,/world,vicon/IMUframe/IMUframe,-0.205416300225,0.0999793165362,1.44828693106,-0.439482676069,-0.62218780278,0.0914853773887,0.641379560971
2018/10/02/14:06:10.617930,58034,1538481970,602084466,/world,vicon/IMUframe/IMUframe,-0.206308876549,0.100624873268,1.44833657395,-0.443460626826,-0.620820877043,0.0920276705836,0.639886723514
2018/10/02/14:06:10.628130,58035,1538481970,612097436,/world,vicon/IMUframe/IMUframe,-0.207132550472,0.101129152414,1.44844978694,-0.446711518833,-0.619197802305,0.0926504468281,0.639107811926
2018/10/02/14:06:10.638283,58036,1538481970,622238793,/world,vicon/IMUframe/IMUframe,-0.207734540293,0.101708115853,1.44855912225,-0.44900283731,-0.617433700262,0.0931827443046,0.63913148415
2018/10/02/14:06:10.647988,58037,1538481970,632140913,/world,vicon/IMUframe/IMUframe,-0.208262226315,0.10227927168,1.44860682825,-0.45066535986,-0.615056820049,0.0939810619751,0.640135455605
2018/10/02/14:06:10.657755,58038,1538481970,642095003,/world,vicon/IMUframe/IMUframe,-0.208660716953,0.102856580672,1.44867311088,-0.451637721067,-0.612112222816,0.0949682557225,0.642123840076
2018/10/02/14:06:10.667546,58039,1538481970,652078583,/world,vicon/IMUframe/IMUframe,-0.208868015468,0.10341077157,1.44883055025,-0.451780653216,-0.608585339638,0.0962403921808,0.645178977238
2018/10/02/14:06:10.677829,58040,1538481970,662144861,/world,vicon/IMUframe/IMUframe,-0.208810907228,0.103912230961,1.44912948472,-0.451275306459,-0.604662255058,0.0980179392071,0.64894270832
2018/10/02/14:06:10.687774,58041,1538481970,672120507,/world,vicon/IMUframe/IMUframe,-0.208446869792,0.104245271642,1.44952618519,-0.449816776566,-0.600269573877,0.10044193153,0.653645717945
2018/10/02/14:06:10.697522,58042,1538481970,682166278,/world,vicon/IMUframe/IMUframe,-0.207917975612,0.104550902264,1.45012624459,-0.448025517629,-0.595442043776,0.103604304508,0.658777698579
2018/10/02/14:06:10.707325,58043,1538481970,692050147,/world,vicon/IMUframe/IMUframe,-0.207259319435,0.104851205411,1.45094564082,-0.44581205474,-0.590169224081,0.107217502688,0.664421783142
2018/10/02/14:06:10.717521,58044,1538481970,702114742,/world,vicon/IMUframe/IMUframe,-0.206061418659,0.105078940453,1.45184590322,-0.444195399726,-0.583844750505,0.110464523597,0.670532134351
2018/10/02/14:06:10.727969,58045,1538481970,712215471,/world,vicon/IMUframe/IMUframe,-0.20539301243,0.105447880569,1.4528011899,-0.441247707619,-0.577773371282,0.114637490611,0.677005640822
2018/10/02/14:06:10.737806,58046,1538481970,722123431,/world,vicon/IMUframe/IMUframe,-0.20457121064,0.10590498898,1.45400569946,-0.437048715971,-0.571543166393,0.119613544826,0.684119455001
2018/10/02/14:06:10.747663,58047,1538481970,732088820,/world,vicon/IMUframe/IMUframe,-0.203647423803,0.106213509425,1.45478831937,-0.432139022127,-0.565730123635,0.12477026101,0.691113358817
2018/10/02/14:06:10.757823,58048,1538481970,742078342,/world,vicon/IMUframe/IMUframe,-0.203125519867,0.107937351398,1.45608762981,-0.42359982468,-0.558239505292,0.127874363603,0.701840430865
2018/10/02/14:06:10.767888,58049,1538481970,752165550,/world,vicon/IMUframe/IMUframe,-0.201904593044,0.107766738152,1.45758901866,-0.417164286527,-0.550768632914,0.132603486692,0.710664608913
2018/10/02/14:06:10.777976,58050,1538481970,762136014,/world,vicon/IMUframe/IMUframe,-0.200523394562,0.107288173805,1.45938948348,-0.410320300975,-0.542666189243,0.137195951768,0.719949948593
2018/10/02/14:06:10.787801,58051,1538481970,772075711,/world,vicon/IMUframe/IMUframe,-0.199249183745,0.107319062194,1.46083606153,-0.402689687108,-0.533513244852,0.141280231018,0.730235941178
2018/10/02/14:06:10.797868,58052,1538481970,782091072,/world,vicon/IMUframe/IMUframe,-0.198119007979,0.107234337019,1.46225850279,-0.394505387571,-0.523443952486,0.14517509177,0.741145141327
2018/10/02/14:06:10.807813,58053,1538481970,792040454,/world,vicon/IMUframe/IMUframe,-0.196724733336,0.106737048186,1.46385671285,-0.385875994224,-0.513221426944,0.149984449788,0.75180326471
2018/10/02/14:06:10.818445,58054,1538481970,802861150,/world,vicon/IMUframe/IMUframe,-0.195441140921,0.106576816168,1.46540555705,-0.376301909328,-0.501762216746,0.153505814464,0.763588577578
2018/10/02/14:06:10.827909,58055,1538481970,812107600,/world,vicon/IMUframe/IMUframe,-0.194125251063,0.106118664309,1.46689957476,-0.366038998857,-0.490194245397,0.157557235832,0.775177896055
2018/10/02/14:06:10.838017,58056,1538481970,822038187,/world,vicon/IMUframe/IMUframe,-0.193197699976,0.106061197566,1.46823642347,-0.354500581251,-0.478003207097,0.160590876047,0.787434341662
2018/10/02/14:06:10.847806,58057,1538481970,832042559,/world,vicon/IMUframe/IMUframe,-0.191881882034,0.105793776763,1.4696026425,-0.343376547816,-0.464803304408,0.164014894833,0.799468291363
2018/10/02/14:06:10.858332,58058,1538481970,842173044,/world,vicon/IMUframe/IMUframe,-0.190891345576,0.105545453166,1.47096762555,-0.331234535358,-0.451333009098,0.165453466113,0.811915850341
2018/10/02/14:06:10.867786,58059,1538481970,852131814,/world,vicon/IMUframe/IMUframe,-0.189868544241,0.1050780072,1.47235488817,-0.317803612682,-0.437110812722,0.167209538046,0.82460655561
2018/10/02/14:06:10.877774,58060,1538481970,862127619,/world,vicon/IMUframe/IMUframe,-0.188976680693,0.104704160105,1.47340900089,-0.304978781419,-0.421407388024,0.169194590181,0.837124212323
2018/10/02/14:06:10.887798,58061,1538481970,872026018,/world,vicon/IMUframe/IMUframe,-0.187880249002,0.10333264988,1.47469867585,-0.289448817389,-0.40524440056,0.16937941298,0.850474557165
2018/10/02/14:06:10.897703,58062,1538481970,882053567,/world,vicon/IMUframe/IMUframe,-0.186945392788,0.102917452361,1.47565223278,-0.276656107248,-0.387895652869,0.172288167914,0.862157264079
2018/10/02/14:06:10.911549,58063,1538481970,892203763,/world,vicon/IMUframe/IMUframe,-0.186170067792,0.102019223133,1.47698670663,-0.262924553782,-0.370516786726,0.174213011807,0.873634830058
2018/10/02/14:06:10.917700,58064,1538481970,902102492,/world,vicon/IMUframe/IMUframe,-0.185611400162,0.101297161342,1.47829173493,-0.249694239402,-0.352694415732,0.175701463237,0.884527236289
2018/10/02/14:06:10.928039,58065,1538481970,912079630,/world,vicon/IMUframe/IMUframe,-0.18551969405,0.100241612752,1.47964498711,-0.235460162931,-0.335770739353,0.177354605606,0.89462945745
2018/10/02/14:06:10.938011,58066,1538481970,922059838,/world,vicon/IMUframe/IMUframe,-0.185498557704,0.0994729733351,1.48085071643,-0.222450081707,-0.317172393411,0.177537505373,0.904653562527
2018/10/02/14:06:10.948370,58067,1538481970,932122385,/world,vicon/IMUframe/IMUframe,-0.185746072107,0.0984827958561,1.48158435747,-0.209434872476,-0.298014592501,0.177906914855,0.914151774321
2018/10/02/14:06:10.957754,58068,1538481970,942086878,/world,vicon/IMUframe/IMUframe,-0.186110302702,0.0974010606136,1.48282783565,-0.19431983687,-0.281427149822,0.178370932509,0.922617131197
2018/10/02/14:06:10.967756,58069,1538481970,952127920,/world,vicon/IMUframe/IMUframe,-0.187319534415,0.0968982885258,1.48380437134,-0.182389692234,-0.254849463749,0.176509509156,0.933075636897
2018/10/02/14:06:10.977720,58070,1538481970,962066341,/world,vicon/IMUframe/IMUframe,-0.187790500497,0.0962450193397,1.48473796497,-0.167811009387,-0.234489264267,0.174126728,0.941559415368
2018/10/02/14:06:10.987934,58071,1538481970,972035185,/world,vicon/IMUframe/IMUframe,-0.187908116457,0.0955395781925,1.48547731361,-0.15302995366,-0.215494085015,0.170274270325,0.949289632026
2018/10/02/14:06:10.997987,58072,1538481970,982189645,/world,vicon/IMUframe/IMUframe,-0.189000342551,0.0943631817474,1.48655248996,-0.138835197023,-0.193555340747,0.167099639926,0.956733415572
2018/10/02/14:06:11.007817,58073,1538481970,992132026,/world,vicon/IMUframe/IMUframe,-0.190007872959,0.0933089462599,1.48750590749,-0.125127717536,-0.172484963149,0.161981161251,0.963511336307
2018/10/02/14:06:11.017909,58074,1538481971,2075330,/world,vicon/IMUframe/IMUframe,-0.191203192272,0.0922035594265,1.48853288684,-0.111813083495,-0.151242308327,0.156335144795,0.969630301214
2018/10/02/14:06:11.028114,58075,1538481971,12079064,/world,vicon/IMUframe/IMUframe,-0.192487555561,0.0911437212772,1.48967443827,-0.0984591394009,-0.130103890318,0.149959103177,0.975136422747
2018/10/02/14:06:11.038641,58076,1538481971,22238571,/world,vicon/IMUframe/IMUframe,-0.193721316696,0.0901404991501,1.49075385575,-0.086505581851,-0.109822830822,0.142802980537,0.979828065983
2018/10/02/14:06:11.048009,58077,1538481971,32167926,/world,vicon/IMUframe/IMUframe,-0.195082608816,0.0893347875096,1.49201392704,-0.07477286354,-0.0887877265277,0.134682195027,0.984066290876
2018/10/02/14:06:11.057879,58078,1538481971,42103382,/world,vicon/IMUframe/IMUframe,-0.196242290839,0.0886569231553,1.49274812698,-0.0614322508439,-0.0702687305602,0.123992646119,0.987883701541
2018/10/02/14:06:11.068224,58079,1538481971,52056119,/world,vicon/IMUframe/IMUframe,-0.198001466334,0.0879743267375,1.49442167896,-0.0507559607639,-0.0451234875462,0.116037060718,0.990920331741
2018/10/02/14:06:11.077851,58080,1538481971,62093635,/world,vicon/IMUframe/IMUframe,-0.199491155199,0.0875088986722,1.49556481227,-0.0387907771253,-0.0234222783995,0.106715733239,0.993256474816
2018/10/02/14:06:11.087829,58081,1538481971,72150816,/world,vicon/IMUframe/IMUframe,-0.200967659805,0.0871120176539,1.49654968138,-0.0262344404406,-0.00151683315773,0.0974180529062,0.994896565639
2018/10/02/14:06:11.097931,58082,1538481971,82092857,/world,vicon/IMUframe/IMUframe,-0.202441831635,0.0866165291733,1.49783442202,-0.0131495754737,0.0230948890847,0.0878762984151,0.995776817836
2018/10/02/14:06:11.107649,58083,1538481971,92062652,/world,vicon/IMUframe/IMUframe,-0.203826338392,0.0864366920337,1.49911574181,-0.000645267685218,0.0474638568187,0.0781901703437,0.995807744089
2018/10/02/14:06:11.117745,58084,1538481971,102112059,/world,vicon/IMUframe/IMUframe,-0.20508964408,0.0863714932406,1.50057220098,0.011862400373,0.0728920284864,0.068678556582,0.994901649163
2018/10/02/14:06:11.127994,58085,1538481971,112146430,/world,vicon/IMUframe/IMUframe,-0.206357934698,0.0865334064122,1.50216302293,0.0250963521254,0.0993745213308,0.0590069205708,0.992981903634
2018/10/02/14:06:11.137564,58086,1538481971,122112003,/world,vicon/IMUframe/IMUframe,-0.207027357659,0.0864295005196,1.50440435601,0.0385095025649,0.126672031319,0.0503135172786,0.989919069759
2018/10/02/14:06:11.147718,58087,1538481971,132051926,/world,vicon/IMUframe/IMUframe,-0.20748762166,0.0869991179732,1.50651729032,0.0519075482997,0.153775384264,0.041087664227,0.985885663489
2018/10/02/14:06:11.157606,58088,1538481971,142123645,/world,vicon/IMUframe/IMUframe,-0.207905885264,0.0872889956301,1.50902349519,0.0652409411613,0.181767383774,0.0328581999275,0.98062458489
2018/10/02/14:06:11.167768,58089,1538481971,152192643,/world,vicon/IMUframe/IMUframe,-0.208002260398,0.0871876054295,1.51168556538,0.0775801484098,0.210281791226,0.0264719813971,0.974198194954
2018/10/02/14:06:11.178109,58090,1538481971,162134740,/world,vicon/IMUframe/IMUframe,-0.207595849666,0.0872968380195,1.51395592837,0.0893390960302,0.236896425521,0.019683279054,0.967218268035
2018/10/02/14:06:11.187853,58091,1538481971,172132531,/world,vicon/IMUframe/IMUframe,-0.207118141752,0.087147399855,1.51593047345,0.101931355003,0.263268780178,0.0133088110275,0.959230120357
2018/10/02/14:06:11.197511,58092,1538481971,182014285,/world,vicon/IMUframe/IMUframe,-0.206545368092,0.0868309790052,1.51835598826,0.115017606065,0.290756522023,0.00783366080108,0.949826420434
2018/10/02/14:06:11.208266,58093,1538481971,192213872,/world,vicon/IMUframe/IMUframe,-0.20546041341,0.0869274224281,1.5205249779,0.1287692161,0.317821434982,0.00292544331177,0.939361201153
2018/10/02/14:06:11.217846,58094,1538481971,202103280,/world,vicon/IMUframe/IMUframe,-0.204262348287,0.0860812078791,1.5228708354,0.142296332363,0.344902164645,-0.000782226740291,0.927789652206
2018/10/02/14:06:11.227736,58095,1538481971,212062481,/world,vicon/IMUframe/IMUframe,-0.202737233457,0.0852238059348,1.5251217411,0.155891619741,0.371170479085,-0.00430311649728,0.915375202602
2018/10/02/14:06:11.237695,58096,1538481971,222090820,/world,vicon/IMUframe/IMUframe,-0.201029255422,0.0843871495331,1.52703853748,0.169519202515,0.39691407229,-0.00708650126449,0.902037826644
2018/10/02/14:06:11.248051,58097,1538481971,232138749,/world,vicon/IMUframe/IMUframe,-0.199108490585,0.083444113764,1.528526288,0.183204708842,0.420900251477,-0.00941416458689,0.888363881791
2018/10/02/14:06:11.257979,58098,1538481971,242112858,/world,vicon/IMUframe/IMUframe,-0.196936921435,0.0824270088865,1.52971301046,0.197080935197,0.444027271551,-0.0112168371176,0.873998323606
2018/10/02/14:06:11.267958,58099,1538481971,252085299,/world,vicon/IMUframe/IMUframe,-0.194602828892,0.0813591974176,1.53054093703,0.211154135929,0.465648294377,-0.0125611698927,0.859318226174
2018/10/02/14:06:11.277967,58100,1538481971,262056892,/world,vicon/IMUframe/IMUframe,-0.192016396703,0.079983699011,1.53104366742,0.224717230064,0.486665134385,-0.0135552025833,0.844082620345
2018/10/02/14:06:11.288098,58101,1538481971,272154231,/world,vicon/IMUframe/IMUframe,-0.189413579682,0.079096879564,1.53093481212,0.238440897464,0.505937967563,-0.0141486783843,0.828838057943
2018/10/02/14:06:11.298138,58102,1538481971,282101932,/world,vicon/IMUframe/IMUframe,-0.186618827512,0.0777593138546,1.53090876414,0.25236454812,0.524516795817,-0.0139502759882,0.813018853138
2018/10/02/14:06:11.307925,58103,1538481971,292113052,/world,vicon/IMUframe/IMUframe,-0.183481159252,0.0767155929831,1.5303898244,0.26615296244,0.541842608991,-0.0146266544717,0.797091744183
2018/10/02/14:06:11.317852,58104,1538481971,302059263,/world,vicon/IMUframe/IMUframe,-0.180326545648,0.0754165799792,1.52963082903,0.280160915334,0.558316652457,-0.0141237499486,0.780764302972
2018/10/02/14:06:11.328223,58105,1538481971,312099745,/world,vicon/IMUframe/IMUframe,-0.177087418933,0.0741456369303,1.52850987062,0.294081411739,0.573251473501,-0.0137991197798,0.764662314811
2018/10/02/14:06:11.337840,58106,1538481971,322130141,/world,vicon/IMUframe/IMUframe,-0.174036960225,0.072784477618,1.52718472629,0.307836790651,0.587441939707,-0.0128926508954,0.748319622453
2018/10/02/14:06:11.348104,58107,1538481971,332108677,/world,vicon/IMUframe/IMUframe,-0.17087161103,0.071541149054,1.52536997423,0.321388357035,0.600357078533,-0.0118811220985,0.732215638425
2018/10/02/14:06:11.358037,58108,1538481971,342079956,/world,vicon/IMUframe/IMUframe,-0.167819061933,0.0701965343917,1.52326607162,0.334624009002,0.612076258654,-0.0108372391314,0.716430024803
2018/10/02/14:06:11.367756,58109,1538481971,352045299,/world,vicon/IMUframe/IMUframe,-0.164839094046,0.0689024519566,1.52081182957,0.347086172246,0.623189754509,-0.00913745017539,0.700772592155
2018/10/02/14:06:11.378196,58110,1538481971,362133652,/world,vicon/IMUframe/IMUframe,-0.161978514603,0.067507656473,1.51817423463,0.359156952475,0.633239067251,-0.00763248889598,0.685533596777
2018/10/02/14:06:11.387933,58111,1538481971,372141167,/world,vicon/IMUframe/IMUframe,-0.159121797633,0.0661018287808,1.51522988515,0.371167503353,0.642362284029,-0.00595177023176,0.670499781464
2018/10/02/14:06:11.397850,58112,1538481971,382084202,/world,vicon/IMUframe/IMUframe,-0.156467168764,0.0647727357961,1.51206826312,0.382440607224,0.651130875546,-0.004086349668,0.655554015016
2018/10/02/14:06:11.407640,58113,1538481971,392036270,/world,vicon/IMUframe/IMUframe,-0.153754113557,0.0634351503115,1.50877837368,0.393516100501,0.659145962786,-0.00220713811393,0.640832900942
2018/10/02/14:06:11.418228,58114,1538481971,402436002,/world,vicon/IMUframe/IMUframe,-0.151158097213,0.0620408704069,1.50521378329,0.403588650635,0.666684227311,-0.00022584644829,0.626616542334
2018/10/02/14:06:11.427798,58115,1538481971,412193753,/world,vicon/IMUframe/IMUframe,-0.148751716663,0.0606726729238,1.50140998895,0.412933068742,0.673492439762,0.00174975252968,0.61309962705
2018/10/02/14:06:11.437838,58116,1538481971,422106424,/world,vicon/IMUframe/IMUframe,-0.146416834009,0.0592932978505,1.49743667629,0.422148927071,0.679624356952,0.00421185458458,0.599902723024
2018/10/02/14:06:11.447637,58117,1538481971,432084945,/world,vicon/IMUframe/IMUframe,-0.144097881064,0.0579125483467,1.49346215359,0.429737146557,0.685794256845,0.00666524680239,0.587339592257
2018/10/02/14:06:11.457638,58118,1538481971,442092139,/world,vicon/IMUframe/IMUframe,-0.142195778732,0.0568718220107,1.48919384448,0.437893763833,0.690818479777,0.00738988240593,0.57529494108
2018/10/02/14:06:11.467552,58119,1538481971,452113650,/world,vicon/IMUframe/IMUframe,-0.140386489984,0.0554186598445,1.48483387511,0.443837855764,0.696064391732,0.00966810228562,0.564277279493
2018/10/02/14:06:11.477457,58120,1538481971,462121297,/world,vicon/IMUframe/IMUframe,-0.138549757661,0.0542950033253,1.48069642597,0.450204730334,0.700796161425,0.0111729654966,0.553241001516
2018/10/02/14:06:11.487366,58121,1538481971,472037078,/world,vicon/IMUframe/IMUframe,-0.137134956786,0.0533143190556,1.47614838833,0.455974883317,0.704782856991,0.0128140239371,0.543326633864
2018/10/02/14:06:11.497448,58122,1538481971,482181984,/world,vicon/IMUframe/IMUframe,-0.13573336523,0.0522505238994,1.4716944201,0.460752428887,0.708608692859,0.0143349882323,0.534205417224
2018/10/02/14:06:11.507453,58123,1538481971,492116535,/world,vicon/IMUframe/IMUframe,-0.134671888077,0.0512878940626,1.46707606759,0.465463273696,0.711674787508,0.0159061072939,0.525937195316
2018/10/02/14:06:11.517455,58124,1538481971,502199531,/world,vicon/IMUframe/IMUframe,-0.133539792559,0.0503415286838,1.46255039833,0.469327449096,0.714484250081,0.0175551239896,0.518590223137
2018/10/02/14:06:11.527406,58125,1538481971,512104631,/world,vicon/IMUframe/IMUframe,-0.132607724348,0.0495786419733,1.4579894871,0.473181279163,0.716351372188,0.0190326451079,0.512423601169
2018/10/02/14:06:11.537620,58126,1538481971,522088862,/world,vicon/IMUframe/IMUframe,-0.132245905426,0.0488758726979,1.45342924168,0.476628764773,0.718182603314,0.020185454901,0.506587915665
2018/10/02/14:06:11.547822,58127,1538481971,532173442,/world,vicon/IMUframe/IMUframe,-0.131639285197,0.048036732241,1.44924279651,0.479687495104,0.719006768104,0.0221306842217,0.502433485426
2018/10/02/14:06:11.557956,58128,1538481971,542171452,/world,vicon/IMUframe/IMUframe,-0.131470499599,0.0475133385235,1.44515886262,0.481932333062,0.71911988994,0.0241638765335,0.500023916741
2018/10/02/14:06:11.567582,58129,1538481971,552042399,/world,vicon/IMUframe/IMUframe,-0.13137511709,0.0470572374737,1.44116509716,0.483340167186,0.71873009489,0.0265753549396,0.499102278089
2018/10/02/14:06:11.577464,58130,1538481971,562032790,/world,vicon/IMUframe/IMUframe,-0.13143854729,0.0466760005903,1.43731328533,0.484468967599,0.717127257236,0.0286678998641,0.500196429295
2018/10/02/14:06:11.587581,58131,1538481971,572162848,/world,vicon/IMUframe/IMUframe,-0.131807377985,0.0463116908959,1.43386253534,0.484838628167,0.714739980448,0.0315267747565,0.503074872618
2018/10/02/14:06:11.597671,58132,1538481971,582208059,/world,vicon/IMUframe/IMUframe,-0.13255179582,0.0460751039433,1.43063888671,0.484899989779,0.711108934375,0.0349704671987,0.507910572628
2018/10/02/14:06:11.607628,58133,1538481971,592120448,/world,vicon/IMUframe/IMUframe,-0.13352706841,0.0459018746252,1.42776090598,0.484450484584,0.706549435553,0.0385898738621,0.514399110362
2018/10/02/14:06:11.617472,58134,1538481971,602068576,/world,vicon/IMUframe/IMUframe,-0.134758697488,0.0457741301636,1.42519715063,0.483479844895,0.700952840985,0.0424359400469,0.522600751327
2018/10/02/14:06:11.627341,58135,1538481971,612147754,/world,vicon/IMUframe/IMUframe,-0.136165971467,0.0457306299316,1.42295276833,0.482190488854,0.694265843326,0.0465272106634,0.53228046171
2018/10/02/14:06:11.637867,58136,1538481971,622167113,/world,vicon/IMUframe/IMUframe,-0.137702532445,0.0457509724232,1.42097204661,0.480418197352,0.686341580665,0.0509549541646,0.543633316629
2018/10/02/14:06:11.647934,58137,1538481971,632194903,/world,vicon/IMUframe/IMUframe,-0.13916803613,0.0457188553901,1.41924265799,0.478073879666,0.676692842963,0.055910074025,0.557141118108
2018/10/02/14:06:11.657754,58138,1538481971,642085596,/world,vicon/IMUframe/IMUframe,-0.140891770232,0.0457299781974,1.41786363435,0.475149858397,0.666446712149,0.061211817582,0.571256952097
2018/10/02/14:06:11.667737,58139,1538481971,652054533,/world,vicon/IMUframe/IMUframe,-0.142738866657,0.0459876219243,1.41660068602,0.471100075729,0.655135540001,0.0663707021594,0.586904653901
2018/10/02/14:06:11.677887,58140,1538481971,662140993,/world,vicon/IMUframe/IMUframe,-0.14451173097,0.046009749441,1.41569638692,0.466298332339,0.642846641643,0.072139478792,0.603415243582
2018/10/02/14:06:11.687598,58141,1538481971,672094359,/world,vicon/IMUframe/IMUframe,-0.146380665991,0.0461915403252,1.41493480604,0.46140856831,0.629281465378,0.0779236976718,0.620511778907
2018/10/02/14:06:11.697673,58142,1538481971,682088171,/world,vicon/IMUframe/IMUframe,-0.148221785443,0.0464105999531,1.41435425192,0.4553015147,0.614838531711,0.0840145766102,0.638447853433
2018/10/02/14:06:11.707597,58143,1538481971,692091653,/world,vicon/IMUframe/IMUframe,-0.149758460257,0.0463015274648,1.4142769951,0.448748739754,0.600513228707,0.0903669995978,0.65562354755
2018/10/02/14:06:11.718045,58144,1538481971,702218312,/world,vicon/IMUframe/IMUframe,-0.151807456871,0.0466892437375,1.41398522166,0.441909362874,0.583523052698,0.0964386192192,0.674475021552
2018/10/02/14:06:11.727704,58145,1538481971,712095655,/world,vicon/IMUframe/IMUframe,-0.15335669885,0.0466804715648,1.4141521271,0.4344322773,0.566904013349,0.103378461796,0.692243692441
2018/10/02/14:06:11.737862,58146,1538481971,722095093,/world,vicon/IMUframe/IMUframe,-0.154761670317,0.0468229261436,1.41465773659,0.426174709898,0.549657321531,0.109767826422,0.71007251025
2018/10/02/14:06:11.747771,58147,1538481971,732104897,/world,vicon/IMUframe/IMUframe,-0.156152852673,0.0469756997189,1.41524364601,0.417296760391,0.531717305745,0.115877457655,0.727813530615
2018/10/02/14:06:11.757882,58148,1538481971,742176585,/world,vicon/IMUframe/IMUframe,-0.157323830284,0.0475296801373,1.4159128214,0.407703910793,0.513513719879,0.121770252647,0.745153129357
2018/10/02/14:06:11.768433,58149,1538481971,752197136,/world,vicon/IMUframe/IMUframe,-0.158357701934,0.0478348199122,1.41695255009,0.398589880642,0.494426212796,0.126829328697,0.761960070169
2018/10/02/14:06:11.778128,58150,1538481971,762134964,/world,vicon/IMUframe/IMUframe,-0.159192966158,0.0484060717617,1.41794673105,0.388417521794,0.474924206507,0.131969220101,0.778564674117
2018/10/02/14:06:11.787800,58151,1538481971,772088204,/world,vicon/IMUframe/IMUframe,-0.159859501205,0.0488366578254,1.41908908871,0.378324542483,0.455448428127,0.137064564666,0.79413511129
2018/10/02/14:06:11.797708,58152,1538481971,782081296,/world,vicon/IMUframe/IMUframe,-0.160403799707,0.0493979251541,1.42026857147,0.368023755545,0.435539655029,0.141976323343,0.809139325371
2018/10/02/14:06:11.807739,58153,1538481971,792154717,/world,vicon/IMUframe/IMUframe,-0.160707813031,0.0500289586401,1.42146647453,0.357526656174,0.415519599962,0.147051414827,0.823343205213
2018/10/02/14:06:11.817666,58154,1538481971,802154462,/world,vicon/IMUframe/IMUframe,-0.160864951636,0.0502456797686,1.4229681535,0.346934982469,0.395529139056,0.152756068292,0.836575401083
2018/10/02/14:06:11.827581,58155,1538481971,812069904,/world,vicon/IMUframe/IMUframe,-0.160941224852,0.0504535495758,1.42443375386,0.335598504773,0.375646169592,0.158832898803,0.849138215559
2018/10/02/14:06:11.837596,58156,1538481971,822066083,/world,vicon/IMUframe/IMUframe,-0.160811184104,0.0502833380388,1.42611715019,0.323989286649,0.355912059425,0.165402991951,0.860813219198
2018/10/02/14:06:11.848001,58157,1538481971,832177536,/world,vicon/IMUframe/IMUframe,-0.160856782145,0.0499754351487,1.42791632963,0.312344874261,0.336126998481,0.171742915435,0.871758964056
2018/10/02/14:06:11.857501,58158,1538481971,842114238,/world,vicon/IMUframe/IMUframe,-0.160802685017,0.0499529497994,1.42989690713,0.300161797073,0.316494029573,0.178843424951,0.881901045568
2018/10/02/14:06:11.867420,58159,1538481971,852076870,/world,vicon/IMUframe/IMUframe,-0.1607909411,0.0500076167288,1.43176074619,0.28792330526,0.297108800336,0.185345834194,0.89133240309
2018/10/02/14:06:11.877371,58160,1538481971,862076864,/world,vicon/IMUframe/IMUframe,-0.160760134659,0.0498194050379,1.43377527805,0.275633160892,0.277913277291,0.191699472655,0.900023268091
2018/10/02/14:06:11.887716,58161,1538481971,872130830,/world,vicon/IMUframe/IMUframe,-0.160760481861,0.0500363913956,1.43587897309,0.263629220986,0.258907498745,0.197777987933,0.907937447419
2018/10/02/14:06:11.897849,58162,1538481971,882151318,/world,vicon/IMUframe/IMUframe,-0.160563166562,0.0502334313525,1.4381188781,0.251406157838,0.239890791184,0.204068009145,0.915206861726
2018/10/02/14:06:11.907688,58163,1538481971,892081444,/world,vicon/IMUframe/IMUframe,-0.160332072113,0.0501958121577,1.44030800667,0.238985688846,0.221257755672,0.210860873591,0.921666174963
2018/10/02/14:06:11.917526,58164,1538481971,902101426,/world,vicon/IMUframe/IMUframe,-0.159995532557,0.0503094444736,1.44272129077,0.226443132002,0.203132432164,0.216622106629,0.927650573164
2018/10/02/14:06:11.927802,58165,1538481971,912189424,/world,vicon/IMUframe/IMUframe,-0.159468849364,0.0506911530575,1.4449921316,0.21400262655,0.184444087612,0.222987367095,0.932984398846
2018/10/02/14:06:11.937975,58166,1538481971,922163897,/world,vicon/IMUframe/IMUframe,-0.15920184633,0.0505818871282,1.44756270187,0.200846979161,0.166961910836,0.229468691554,0.937618435659
2018/10/02/14:06:11.948028,58167,1538481971,932155477,/world,vicon/IMUframe/IMUframe,-0.158873692275,0.0505771424724,1.45010637626,0.187651574324,0.14927589888,0.23566216208,0.941789221658
2018/10/02/14:06:11.957561,58168,1538481971,942052017,/world,vicon/IMUframe/IMUframe,-0.158648159661,0.0507633463052,1.45281585163,0.174314950058,0.132615743433,0.240547132454,0.945602686041
2018/10/02/14:06:11.967827,58169,1538481971,952051802,/world,vicon/IMUframe/IMUframe,-0.158535769842,0.0510500109229,1.45567739732,0.161069550768,0.11640563607,0.244825229204,0.948982051912
2018/10/02/14:06:11.977826,58170,1538481971,962178288,/world,vicon/IMUframe/IMUframe,-0.158162609516,0.0512167423703,1.4582736628,0.147241824431,0.100047135898,0.248926926274,0.952021954113
2018/10/02/14:06:11.987849,58171,1538481971,972140909,/world,vicon/IMUframe/IMUframe,-0.15805890994,0.0510997055977,1.4610986717,0.133360441882,0.0841017083947,0.252328062507,0.954710659864
2018/10/02/14:06:11.997767,58172,1538481971,982091424,/world,vicon/IMUframe/IMUframe,-0.158889376367,0.0501215089387,1.46522112973,0.115198274245,0.0703576846562,0.24819910917,0.959258232192
2018/10/02/14:06:12.007572,58173,1538481971,992050942,/world,vicon/IMUframe/IMUframe,-0.158894641698,0.0502957988844,1.46775552141,0.101308592435,0.0543436800523,0.250492813964,0.961268268326
2018/10/02/14:06:12.018303,58174,1538481972,2266926,/world,vicon/IMUframe/IMUframe,-0.158823876628,0.0505537382019,1.47012631987,0.088129480641,0.0388764292141,0.252381412403,0.962821603708
2018/10/02/14:06:12.028023,58175,1538481972,12153860,/world,vicon/IMUframe/IMUframe,-0.158847943223,0.0509819633887,1.47245187093,0.0750813984498,0.0230515946174,0.254180733994,0.963962427721
2018/10/02/14:06:12.037988,58176,1538481972,22083476,/world,vicon/IMUframe/IMUframe,-0.159012656067,0.0515825155976,1.47467883477,0.0620558276279,0.00701848769228,0.25478809182,0.964978156931
2018/10/02/14:06:12.048032,58177,1538481972,32077217,/world,vicon/IMUframe/IMUframe,-0.159152753472,0.0522958654512,1.47677846043,0.0493473533217,-0.0089189922623,0.255684529219,0.965458808969
2018/10/02/14:06:12.058381,58178,1538481972,42166093,/world,vicon/IMUframe/IMUframe,-0.158152443363,0.0528711391077,1.47835913848,0.0369411289839,-0.0278784966155,0.261766502731,0.964020975116
2018/10/02/14:06:12.068089,58179,1538481972,52141639,/world,vicon/IMUframe/IMUframe,-0.158269140572,0.0536759848164,1.48027281545,0.0242476738382,-0.0437770570496,0.261898698569,0.963797017674
2018/10/02/14:06:12.077857,58180,1538481972,62084303,/world,vicon/IMUframe/IMUframe,-0.158550783361,0.054549966635,1.48208978697,0.0117317701731,-0.0598770708127,0.261134519384,0.963372132016
2018/10/02/14:06:12.087567,58181,1538481972,72028370,/world,vicon/IMUframe/IMUframe,-0.158758215849,0.0553416630086,1.48393416714,-0.000698007981574,-0.0760685894326,0.259526618286,0.962735174847
2018/10/02/14:06:12.097798,58182,1538481972,82134660,/world,vicon/IMUframe/IMUframe,-0.159285026164,0.0561888826081,1.4855517476,-0.012758535079,-0.0917374359399,0.257587320143,0.961805715897
2018/10/02/14:06:12.108123,58183,1538481972,92092568,/world,vicon/IMUframe/IMUframe,-0.160046179944,0.057046376595,1.4869276879,-0.0245466683825,-0.10689171441,0.255606842969,0.960539829622
2018/10/02/14:06:12.117972,58184,1538481972,102108177,/world,vicon/IMUframe/IMUframe,-0.160279939746,0.0575858115226,1.4882374172,-0.0364103966903,-0.122530346098,0.254524115226,0.958581280887
2018/10/02/14:06:12.128067,58185,1538481972,112108890,/world,vicon/IMUframe/IMUframe,-0.161147312595,0.0582743346498,1.48945389679,-0.0480181724936,-0.137337514137,0.25123631222,0.956928930351
2018/10/02/14:06:12.137930,58186,1538481972,122098148,/world,vicon/IMUframe/IMUframe,-0.162721154203,0.0594441396326,1.4903976122,-0.0590915293769,-0.151591210652,0.245444353698,0.955659649272
2018/10/02/14:06:12.151906,58187,1538481972,132310143,/world,vicon/IMUframe/IMUframe,-0.16292783459,0.060766676459,1.49088349209,-0.0684033431203,-0.166607360978,0.247424660031,0.952021012124
2018/10/02/14:06:12.158279,58188,1538481972,142190600,/world,vicon/IMUframe/IMUframe,-0.163675263688,0.0614322128857,1.49190912681,-0.0800603198195,-0.181785846821,0.244467157754,0.949094336652
2018/10/02/14:06:12.167978,58189,1538481972,152138252,/world,vicon/IMUframe/IMUframe,-0.16460886582,0.0617973261966,1.49268923125,-0.0920958059361,-0.196120252644,0.241879137788,0.945806371164
2018/10/02/14:06:12.177884,58190,1538481972,162105247,/world,vicon/IMUframe/IMUframe,-0.165583585342,0.0623257535646,1.49339557664,-0.104033862371,-0.210525840656,0.239298762348,0.942120973248
2018/10/02/14:06:12.187898,58191,1538481972,172152105,/world,vicon/IMUframe/IMUframe,-0.166662531815,0.0625449416578,1.49368012907,-0.116483143912,-0.224564455114,0.236957247775,0.938005194767
2018/10/02/14:06:12.198170,58192,1538481972,182177331,/world,vicon/IMUframe/IMUframe,-0.167859741132,0.0629831430131,1.4938011481,-0.128226381595,-0.238319813601,0.234940894883,0.933576155126
2018/10/02/14:06:12.207940,58193,1538481972,192091674,/world,vicon/IMUframe/IMUframe,-0.169127799962,0.0631596056529,1.49377193797,-0.140364520703,-0.25153323806,0.233408847267,0.928735237566
2018/10/02/14:06:12.217848,58194,1538481972,202110754,/world,vicon/IMUframe/IMUframe,-0.170271987768,0.0638761173894,1.49373760405,-0.152157286246,-0.265350187128,0.231419741531,0.92351629204
2018/10/02/14:06:12.228018,58195,1538481972,212122795,/world,vicon/IMUframe/IMUframe,-0.171685755645,0.0637314949521,1.49378947795,-0.164713101117,-0.278790414572,0.229829222531,0.917782124218
2018/10/02/14:06:12.237725,58196,1538481972,222124390,/world,vicon/IMUframe/IMUframe,-0.17315878606,0.0639975223443,1.49374956346,-0.177341976696,-0.291737481853,0.228662444377,0.911675683297
2018/10/02/14:06:12.247688,58197,1538481972,232086429,/world,vicon/IMUframe/IMUframe,-0.17456406909,0.0636599135427,1.49442665808,-0.19323671177,-0.305896560288,0.225901651438,0.904464101834
2018/10/02/14:06:12.257906,58198,1538481972,242073284,/world,vicon/IMUframe/IMUframe,-0.175808341118,0.0643258307067,1.49313510521,-0.203208350481,-0.317310537063,0.226869272675,0.898081690315
2018/10/02/14:06:12.267717,58199,1538481972,252083916,/world,vicon/IMUframe/IMUframe,-0.177169886851,0.0648121516413,1.49235943244,-0.216025639217,-0.330190331354,0.226252224975,0.890571276752
2018/10/02/14:06:12.277613,58200,1538481972,262098676,/world,vicon/IMUframe/IMUframe,-0.178489800358,0.0651833387031,1.49181040296,-0.228410192181,-0.342478474365,0.225233095863,0.883067002686
2018/10/02/14:06:12.287634,58201,1538481972,272136291,/world,vicon/IMUframe/IMUframe,-0.179936549881,0.0655915900435,1.49083193754,-0.241373400006,-0.354518506768,0.224399345074,0.875043109829
2018/10/02/14:06:12.297671,58202,1538481972,282128521,/world,vicon/IMUframe/IMUframe,-0.181543503325,0.0655462910284,1.49007142976,-0.254143241953,-0.367775116034,0.222693209068,0.866348896941
2018/10/02/14:06:12.307547,58203,1538481972,292097886,/world,vicon/IMUframe/IMUframe,-0.182922147887,0.0657503067226,1.4889222225,-0.266744433074,-0.380018251369,0.221446674227,0.857551693208
2018/10/02/14:06:12.317872,58204,1538481972,302158952,/world,vicon/IMUframe/IMUframe,-0.184285960032,0.0659327485324,1.4877291347,-0.279524089383,-0.392690429831,0.219184303655,0.848303454434
2018/10/02/14:06:12.327937,58205,1538481972,312154510,/world,vicon/IMUframe/IMUframe,-0.186333166613,0.0667467362749,1.48651956642,-0.291086004917,-0.405040194371,0.216986499508,0.839123493722
2018/10/02/14:06:12.337766,58206,1538481972,322110768,/world,vicon/IMUframe/IMUframe,-0.187788755998,0.0670549030705,1.48520549159,-0.30260115541,-0.417334932184,0.214243861413,0.829676842494
2018/10/02/14:06:12.347555,58207,1538481972,332040002,/world,vicon/IMUframe/IMUframe,-0.18951273783,0.0678292244809,1.48355703847,-0.313305885941,-0.429273120875,0.211701838841,0.820211156325
2018/10/02/14:06:12.357728,58208,1538481972,342188083,/world,vicon/IMUframe/IMUframe,-0.191145844117,0.0685779417357,1.48215030739,-0.323798724714,-0.441005109399,0.208910006509,0.810571087899
2018/10/02/14:06:12.367639,58209,1538481972,352113562,/world,vicon/IMUframe/IMUframe,-0.192847690582,0.0694284641639,1.48035556299,-0.333552434302,-0.452390719542,0.206254792323,0.800964650335
2018/10/02/14:06:12.377814,58210,1538481972,362097299,/world,vicon/IMUframe/IMUframe,-0.19416857395,0.0700449213184,1.47843616402,-0.344567060055,-0.462521271487,0.203330439498,0.791204364827
2018/10/02/14:06:12.387665,58211,1538481972,372094793,/world,vicon/IMUframe/IMUframe,-0.195917174065,0.0709961761414,1.4774602421,-0.353852696753,-0.473565362161,0.200631892177,0.781198413083
2018/10/02/14:06:12.397758,58212,1538481972,382179902,/world,vicon/IMUframe/IMUframe,-0.197588177968,0.0720221507855,1.47610687856,-0.362663811447,-0.4829891906,0.198131217502,0.771971775573
2018/10/02/14:06:12.407990,58213,1538481972,392149674,/world,vicon/IMUframe/IMUframe,-0.199494614323,0.0730399562622,1.47476674122,-0.371152870694,-0.491034888985,0.19571023648,0.763431586792
2018/10/02/14:06:12.417801,58214,1538481972,402130731,/world,vicon/IMUframe/IMUframe,-0.201297250479,0.0740555271427,1.47360178496,-0.379122766702,-0.498249952473,0.194114513259,0.755203593987
2018/10/02/14:06:12.427832,58215,1538481972,412103036,/world,vicon/IMUframe/IMUframe,-0.203167632713,0.0753721960883,1.47205755237,-0.386356655528,-0.503759870037,0.192159306793,0.748351073282
2018/10/02/14:06:12.437793,58216,1538481972,422060210,/world,vicon/IMUframe/IMUframe,-0.205167910256,0.0766365458341,1.47058512054,-0.392133908746,-0.508423812141,0.190766920874,0.742525559668
2018/10/02/14:06:12.449157,58217,1538481972,432173062,/world,vicon/IMUframe/IMUframe,-0.207264451651,0.0779808787952,1.46904551155,-0.396870580621,-0.512107854123,0.189695433193,0.737736355759
2018/10/02/14:06:12.457678,58218,1538481972,442097605,/world,vicon/IMUframe/IMUframe,-0.209118422973,0.0792964650391,1.46778344992,-0.400731057547,-0.515243148273,0.188637422514,0.733726815989
2018/10/02/14:06:12.467581,58219,1538481972,452106091,/world,vicon/IMUframe/IMUframe,-0.210931904369,0.0806364778769,1.4665647743,-0.403942086503,-0.51756635691,0.188277167784,0.730416021893
2018/10/02/14:06:12.477417,58220,1538481972,462074912,/world,vicon/IMUframe/IMUframe,-0.212553735618,0.0819991108987,1.46542126757,-0.406577054818,-0.519303386505,0.188457316043,0.727669520654
2018/10/02/14:06:12.487728,58221,1538481972,472186462,/world,vicon/IMUframe/IMUframe,-0.214023407065,0.0833798055594,1.46441194897,-0.408844562255,-0.520351063297,0.189307493483,0.725426473015
2018/10/02/14:06:12.497638,58222,1538481972,482106948,/world,vicon/IMUframe/IMUframe,-0.215278605419,0.0847297498078,1.46352792177,-0.410689382738,-0.520785315962,0.19059945102,0.72373250228
2018/10/02/14:06:12.507697,58223,1538481972,492109933,/world,vicon/IMUframe/IMUframe,-0.21662141445,0.085496750634,1.46250685645,-0.412666139362,-0.520173241533,0.193216178022,0.722353074866
2018/10/02/14:06:12.517539,58224,1538481972,502084071,/world,vicon/IMUframe/IMUframe,-0.217428224838,0.086658669721,1.46202359118,-0.41363061665,-0.519167064974,0.195330724775,0.72195649424
2018/10/02/14:06:12.527374,58225,1538481972,512051305,/world,vicon/IMUframe/IMUframe,-0.218174461451,0.0876622980598,1.46152298891,-0.41402537237,-0.517346946884,0.197841656471,0.722352965349
2018/10/02/14:06:12.537788,58226,1538481972,522183447,/world,vicon/IMUframe/IMUframe,-0.218725821795,0.0886013641584,1.46119710412,-0.413596753452,-0.514995473258,0.200336232073,0.723590203207
2018/10/02/14:06:12.547885,58227,1538481972,532151094,/world,vicon/IMUframe/IMUframe,-0.219357340537,0.0893654463169,1.46049850847,-0.412584726467,-0.511527010989,0.203215454365,0.72582190627
2018/10/02/14:06:12.557657,58228,1538481972,542084580,/world,vicon/IMUframe/IMUframe,-0.219845446714,0.0899822185996,1.46013066951,-0.410479142699,-0.507768076122,0.205627683434,0.728968936297
2018/10/02/14:06:12.567528,58229,1538481972,552031727,/world,vicon/IMUframe/IMUframe,-0.220222756576,0.0904424920603,1.45981264693,-0.407372184476,-0.503306136729,0.208046328052,0.73310815125
2018/10/02/14:06:12.577867,58230,1538481972,562202135,/world,vicon/IMUframe/IMUframe,-0.220690789283,0.0908803849292,1.45931268953,-0.403406378775,-0.498211109172,0.21006042185,0.738189408914
2018/10/02/14:06:12.587446,58231,1538481972,572122673,/world,vicon/IMUframe/IMUframe,-0.220987005723,0.0911827383344,1.45905911571,-0.398182669052,-0.492947241395,0.211545089763,0.744111721629
2018/10/02/14:06:12.597787,58232,1538481972,582092674,/world,vicon/IMUframe/IMUframe,-0.221201115702,0.0918190641057,1.45926672978,-0.391322986699,-0.487697719807,0.211849297684,0.751090626521
2018/10/02/14:06:12.607435,58233,1538481972,592114805,/world,vicon/IMUframe/IMUframe,-0.22134102097,0.0918694900438,1.4592416939,-0.384388165384,-0.482134648101,0.212177947051,0.758137479748
2018/10/02/14:06:12.617722,58234,1538481972,602126758,/world,vicon/IMUframe/IMUframe,-0.221778767434,0.0918800516322,1.45904475727,-0.376633728415,-0.476176753309,0.212467613047,0.765676333469
2018/10/02/14:06:12.627577,58235,1538481972,612157007,/world,vicon/IMUframe/IMUframe,-0.222052985035,0.0916816153527,1.45902370275,-0.368689153115,-0.469595548741,0.212003843301,0.773694189847
2018/10/02/14:06:12.637585,58236,1538481972,622081075,/world,vicon/IMUframe/IMUframe,-0.222463783193,0.0914713791918,1.45886279371,-0.35997912128,-0.462488215395,0.210895680685,0.782331575952
2018/10/02/14:06:12.647311,58237,1538481972,632084519,/world,vicon/IMUframe/IMUframe,-0.223151292409,0.0912283738991,1.45882591787,-0.351765447955,-0.455133373351,0.209440688098,0.790727058001
2018/10/02/14:06:12.657386,58238,1538481972,642098474,/world,vicon/IMUframe/IMUframe,-0.223440518701,0.0912006576795,1.4587675976,-0.342730180459,-0.446036832696,0.208071623864,0.800183333133
2018/10/02/14:06:12.667585,58239,1538481972,652204321,/world,vicon/IMUframe/IMUframe,-0.22397977991,0.0909052444197,1.45893489221,-0.332435104303,-0.43717720708,0.206019438654,0.809888252744
2018/10/02/14:06:12.677793,58240,1538481972,662118837,/world,vicon/IMUframe/IMUframe,-0.224443121775,0.0905014761069,1.45902818655,-0.321950382551,-0.427289491006,0.204040995696,0.81984078584
2018/10/02/14:06:12.687700,58241,1538481972,672119422,/world,vicon/IMUframe/IMUframe,-0.225176658871,0.0901124505868,1.45971525885,-0.310580108054,-0.416973675566,0.201704585893,0.830053137091
2018/10/02/14:06:12.697726,58242,1538481972,682053902,/world,vicon/IMUframe/IMUframe,-0.225751925168,0.0897742863646,1.45995892008,-0.298496001551,-0.405803026084,0.198446910291,0.840739475031
2018/10/02/14:06:12.707854,58243,1538481972,692249736,/world,vicon/IMUframe/IMUframe,-0.226238865935,0.0893661560272,1.46048827459,-0.287354790721,-0.393748095408,0.195167984408,0.851057647562
2018/10/02/14:06:12.717867,58244,1538481972,702136405,/world,vicon/IMUframe/IMUframe,-0.226835533869,0.0888280334956,1.46102762281,-0.275628142119,-0.381155917944,0.191469755671,0.861445660591
2018/10/02/14:06:12.727918,58245,1538481972,712077791,/world,vicon/IMUframe/IMUframe,-0.227639449537,0.0884285435575,1.4617391094,-0.263117887708,-0.367646167352,0.187168694868,0.872108452236
2018/10/02/14:06:12.737922,58246,1538481972,722080458,/world,vicon/IMUframe/IMUframe,-0.228521026094,0.0873270546432,1.46258862058,-0.249961870503,-0.354257868971,0.182870374019,0.882371153128
2018/10/02/14:06:12.747989,58247,1538481972,732131859,/world,vicon/IMUframe/IMUframe,-0.229467799601,0.0866373403458,1.46334931459,-0.236976936126,-0.339546338162,0.177620120928,0.892749297746
2018/10/02/14:06:12.757974,58248,1538481972,742146487,/world,vicon/IMUframe/IMUframe,-0.230701188623,0.0861010196612,1.46416290524,-0.224159067913,-0.323681884,0.171462771287,0.903096488923
2018/10/02/14:06:12.768136,58249,1538481972,752076398,/world,vicon/IMUframe/IMUframe,-0.232464489446,0.0856238395749,1.46488552148,-0.211374375499,-0.307151707197,0.165619452181,0.912988991833
2018/10/02/14:06:12.777874,58250,1538481972,762041320,/world,vicon/IMUframe/IMUframe,-0.233661817971,0.0850917568707,1.46625715764,-0.197495793111,-0.291464555974,0.159037740135,0.922361545993
2018/10/02/14:06:12.787950,58251,1538481972,772085833,/world,vicon/IMUframe/IMUframe,-0.235264881131,0.0844634556909,1.46705447176,-0.184331331454,-0.274255108432,0.151994351743,0.931506206518
2018/10/02/14:06:12.797870,58252,1538481972,782097589,/world,vicon/IMUframe/IMUframe,-0.236517463579,0.0839799044712,1.46834906096,-0.171031643101,-0.257429287148,0.145121014582,0.939903309018
2018/10/02/14:06:12.807850,58253,1538481972,792152983,/world,vicon/IMUframe/IMUframe,-0.237291649795,0.0834793426289,1.4698088364,-0.158111688994,-0.24040640018,0.137492004485,0.947787637216
2018/10/02/14:06:12.817770,58254,1538481972,802073595,/world,vicon/IMUframe/IMUframe,-0.238729798127,0.0831749288065,1.47136994928,-0.145042068486,-0.222255839965,0.130254112281,0.955300479537
2018/10/02/14:06:12.827914,58255,1538481972,812080178,/world,vicon/IMUframe/IMUframe,-0.239723850192,0.0829065557716,1.47311407256,-0.131522153653,-0.204747477081,0.122811762033,0.962131833396
2018/10/02/14:06:12.838082,58256,1538481972,822112149,/world,vicon/IMUframe/IMUframe,-0.240716835272,0.0828233959158,1.474706512,-0.118043592922,-0.186711971322,0.115071186863,0.968484884698
2018/10/02/14:06:12.848211,58257,1538481972,832134745,/world,vicon/IMUframe/IMUframe,-0.241762023898,0.082902324215,1.47642459881,-0.104262174777,-0.168152715859,0.107380303951,0.974332352631
2018/10/02/14:06:12.858172,58258,1538481972,842139901,/world,vicon/IMUframe/IMUframe,-0.242927207282,0.0830429172229,1.4780714055,-0.0906824950403,-0.149516264273,0.0999000826339,0.979510870435
2018/10/02/14:06:12.868012,58259,1538481972,852089338,/world,vicon/IMUframe/IMUframe,-0.243893552608,0.0832090549965,1.47993423806,-0.0777938202494,-0.131087846742,0.0920255044699,0.984020022405
2018/10/02/14:06:12.878322,58260,1538481972,862238606,/world,vicon/IMUframe/IMUframe,-0.244672482727,0.0830273276573,1.48211082568,-0.0658131056176,-0.113084208258,0.0839576773867,0.987841943521
2018/10/02/14:06:12.888151,58261,1538481972,872119348,/world,vicon/IMUframe/IMUframe,-0.245511553932,0.0833695018449,1.48431332902,-0.0551551187195,-0.09566768615,0.0756144461998,0.991003563178
2018/10/02/14:06:12.898418,58262,1538481972,882223800,/world,vicon/IMUframe/IMUframe,-0.246212518867,0.0839665269681,1.48655723094,-0.0449385031291,-0.0788226603656,0.0671949157986,0.993605737926
2018/10/02/14:06:12.908605,58263,1538481972,892526118,/world,vicon/IMUframe/IMUframe,-0.24640078914,0.0843669466022,1.48889910749,-0.0349054892411,-0.0628912284771,0.0586128556143,0.995686111864
2018/10/02/14:06:12.918106,58264,1538481972,902131403,/world,vicon/IMUframe/IMUframe,-0.246594505243,0.0845776490535,1.4910757588,-0.0256142298754,-0.0477151190203,0.0507124098917,0.997243917067
2018/10/02/14:06:12.927773,58265,1538481972,912111605,/world,vicon/IMUframe/IMUframe,-0.246633011988,0.084924640904,1.49315566072,-0.0161447036012,-0.0330811423026,0.0428035300103,0.998405150422
2018/10/02/14:06:12.937845,58266,1538481972,922107900,/world,vicon/IMUframe/IMUframe,-0.246485236818,0.0853333990171,1.49517796336,-0.00791441349639,-0.0193194960784,0.0356127318935,0.999147562904
2018/10/02/14:06:12.947810,58267,1538481972,932096694,/world,vicon/IMUframe/IMUframe,-0.246107145178,0.085679977552,1.49720287292,-0.000392045115187,-0.00658627998647,0.0287038822564,0.999566183081
2018/10/02/14:06:12.957663,58268,1538481972,942050100,/world,vicon/IMUframe/IMUframe,-0.245798958241,0.0860794390217,1.49913152598,0.00608163339491,0.00527245603073,0.021981096059,0.999725985637
2018/10/02/14:06:12.968309,58269,1538481972,952185382,/world,vicon/IMUframe/IMUframe,-0.245295577215,0.0863418736005,1.50100142223,0.0112842737261,0.0157703097538,0.0161896691844,0.999680877635
2018/10/02/14:06:12.977925,58270,1538481972,962102002,/world,vicon/IMUframe/IMUframe,-0.244598660111,0.0864646031933,1.50287157632,0.0152551012106,0.025095249991,0.0111634090378,0.999506322448
2018/10/02/14:06:12.988165,58271,1538481972,972098373,/world,vicon/IMUframe/IMUframe,-0.243698167686,0.0865414188726,1.50467641041,0.0180704889934,0.0331789083346,0.00695957120779,0.999261818463
2018/10/02/14:06:12.997984,58272,1538481972,982035609,/world,vicon/IMUframe/IMUframe,-0.242596347887,0.0864008464095,1.5062739443,0.0202441838532,0.0401540574272,0.00339104869358,0.998982645235
2018/10/02/14:06:13.008017,58273,1538481972,992256718,/world,vicon/IMUframe/IMUframe,-0.241368482996,0.086277269508,1.50766481625,0.0217826976394,0.0454973193189,0.000989777130173,0.998726453219
2018/10/02/14:06:13.017972,58274,1538481973,2122782,/world,vicon/IMUframe/IMUframe,-0.240067770627,0.0860513156198,1.50890442862,0.022839226874,0.049739868877,-0.000700504263671,0.998500788409
2018/10/02/14:06:13.027870,58275,1538481973,12108167,/world,vicon/IMUframe/IMUframe,-0.238677245642,0.0857323620879,1.50992573442,0.0232813850828,0.0531574680004,-0.0014705379203,0.998313627185
2018/10/02/14:06:13.037747,58276,1538481973,22067507,/world,vicon/IMUframe/IMUframe,-0.237272561172,0.0852763518864,1.51073957385,0.0235224682364,0.0555975173084,-0.00162234384096,0.998174823144
2018/10/02/14:06:13.048106,58277,1538481973,32221007,/world,vicon/IMUframe/IMUframe,-0.235767877236,0.0847670204631,1.51145767922,0.0232156104901,0.0574382475067,-0.00072878529021,0.998078830566
2018/10/02/14:06:13.057791,58278,1538481973,42120678,/world,vicon/IMUframe/IMUframe,-0.234222860811,0.0841592919859,1.51205114275,0.0226571248578,0.0585398584762,0.000821059726939,0.998027587556
2018/10/02/14:06:13.067767,58279,1538481973,52044645,/world,vicon/IMUframe/IMUframe,-0.232687372522,0.0834745856318,1.51252660293,0.0217716724857,0.059573603455,0.00302357627241,0.997981882619
2018/10/02/14:06:13.077617,58280,1538481973,62047817,/world,vicon/IMUframe/IMUframe,-0.231201814529,0.0829384145978,1.51296788052,0.0213838549014,0.0599970838451,0.00522289196348,0.997955811687
2018/10/02/14:06:13.087838,58281,1538481973,72049436,/world,vicon/IMUframe/IMUframe,-0.229821690007,0.0821044480164,1.51334689151,0.0208057710156,0.0601572338099,0.0089079875333,0.997932299743
2018/10/02/14:06:13.098007,58282,1538481973,82115394,/world,vicon/IMUframe/IMUframe,-0.228330462731,0.0814893670974,1.51365722363,0.0202858077495,0.0598922572256,0.0122398045932,0.99792363972
2018/10/02/14:06:13.107941,58283,1538481973,92049152,/world,vicon/IMUframe/IMUframe,-0.227003324139,0.0807570563376,1.51398461255,0.0195575629553,0.0597441538107,0.0168603618808,0.997879685139
2018/10/02/14:06:13.117872,58284,1538481973,102124543,/world,vicon/IMUframe/IMUframe,-0.225636503611,0.0800110946708,1.51427945621,0.0188151204753,0.0592770323456,0.0208439601547,0.997846558346
2018/10/02/14:06:13.127932,58285,1538481973,112079589,/world,vicon/IMUframe/IMUframe,-0.22425684245,0.0792972253197,1.51448388547,0.0179015434453,0.0585067623633,0.0249140550492,0.997815505673
2018/10/02/14:06:13.137876,58286,1538481973,122047159,/world,vicon/IMUframe/IMUframe,-0.222812439753,0.0786371847792,1.51461129261,0.0171716604079,0.0575011988261,0.0300555262738,0.997745163633
2018/10/02/14:06:13.147820,58287,1538481973,132150398,/world,vicon/IMUframe/IMUframe,-0.221347265507,0.0780628022177,1.51467415467,0.0166575403137,0.0562510483219,0.0349045466039,0.997667288498
2018/10/02/14:06:13.158015,58288,1538481973,142110292,/world,vicon/IMUframe/IMUframe,-0.219929294846,0.0774340165576,1.51470566675,0.0162628979563,0.0551090395844,0.0402203611937,0.997537384989
2018/10/02/14:06:13.167834,58289,1538481973,152152948,/world,vicon/IMUframe/IMUframe,-0.218501423542,0.0769020156118,1.51465716585,0.0156896506218,0.0533215942517,0.0454566442424,0.99741883677
2018/10/02/14:06:13.177776,58290,1538481973,162052009,/world,vicon/IMUframe/IMUframe,-0.21714751052,0.0764473771991,1.51453417596,0.0154406721014,0.0513487607981,0.0508818239839,0.997264222961
2018/10/02/14:06:13.187700,58291,1538481973,172096870,/world,vicon/IMUframe/IMUframe,-0.21575935912,0.0760696274362,1.51436774621,0.0153079812907,0.0492893122959,0.0563602660818,0.997075598844
2018/10/02/14:06:13.197981,58292,1538481973,182128818,/world,vicon/IMUframe/IMUframe,-0.214788962833,0.0758792086444,1.51472339548,0.0155404470473,0.049813382325,0.0620863183416,0.996705779316
2018/10/02/14:06:13.208120,58293,1538481973,192197802,/world,vicon/IMUframe/IMUframe,-0.21340399547,0.075559138693,1.51450539635,0.0155362209141,0.0477521076471,0.0680836797346,0.996415061412
2018/10/02/14:06:13.217741,58294,1538481973,202066944,/world,vicon/IMUframe/IMUframe,-0.212176954024,0.075186308012,1.51429110687,0.0153608901439,0.0458622856622,0.0734221025499,0.996127445995
2018/10/02/14:06:13.227528,58295,1538481973,212064860,/world,vicon/IMUframe/IMUframe,-0.211016874451,0.0747801366044,1.51410043074,0.0149872280054,0.0440453006306,0.0785430391098,0.995824475245
2018/10/02/14:06:13.237950,58296,1538481973,222157106,/world,vicon/IMUframe/IMUframe,-0.209976337927,0.0743112503952,1.51395221436,0.0143254606262,0.0423910224507,0.0836113643612,0.995493305926
2018/10/02/14:06:13.248161,58297,1538481973,232193193,/world,vicon/IMUframe/IMUframe,-0.209242013544,0.0733403035909,1.51406561166,0.0136020998747,0.0422000361099,0.0898715601975,0.994965950422
2018/10/02/14:06:13.257820,58298,1538481973,242101277,/world,vicon/IMUframe/IMUframe,-0.20843033788,0.072777577517,1.51399252798,0.0123891367238,0.0407696740758,0.0943238779519,0.994629252041
2018/10/02/14:06:13.267683,58299,1538481973,252069953,/world,vicon/IMUframe/IMUframe,-0.207722859391,0.0722551602706,1.513898824,0.0112633897387,0.0394506053072,0.0982214853587,0.994318523214
2018/10/02/14:06:13.278261,58300,1538481973,262211744,/world,vicon/IMUframe/IMUframe,-0.207113255373,0.0717021590222,1.51385991771,0.00974975701186,0.0381241490704,0.101769743078,0.994029381301
2018/10/02/14:06:13.288149,58301,1538481973,272154819,/world,vicon/IMUframe/IMUframe,-0.206613343408,0.0712126097379,1.51381673146,0.00840592576179,0.0368624967057,0.105154179693,0.993736934627
2018/10/02/14:06:13.297949,58302,1538481973,282172416,/world,vicon/IMUframe/IMUframe,-0.206222633402,0.0707928895906,1.5138061741,0.00719280642796,0.0357519262575,0.108114738637,0.99346930833
2018/10/02/14:06:13.307624,58303,1538481973,292057819,/world,vicon/IMUframe/IMUframe,-0.205880810804,0.0704006168188,1.51383758304,0.0062399618898,0.034831925623,0.110960971664,0.993194574391
2018/10/02/14:06:13.318032,58304,1538481973,302192502,/world,vicon/IMUframe/IMUframe,-0.205671368445,0.0701252839502,1.5140095465,0.0052188097324,0.0341758674904,0.112971848311,0.992996543597
2018/10/02/14:06:13.327980,58305,1538481973,312172347,/world,vicon/IMUframe/IMUframe,-0.205392976491,0.069840103582,1.51423996919,0.00444529271204,0.0337579958522,0.114989570402,0.99278297517
2018/10/02/14:06:13.337949,58306,1538481973,322095481,/world,vicon/IMUframe/IMUframe,-0.205092571995,0.0695721579769,1.51455589027,0.0040798766896,0.0336486285928,0.11709593545,0.992542022436
2018/10/02/14:06:13.348044,58307,1538481973,332082303,/world,vicon/IMUframe/IMUframe,-0.204876058195,0.0695252772899,1.51494090405,0.00421811369096,0.0336551225223,0.118557569436,0.992367695451
2018/10/02/14:06:13.357754,58308,1538481973,342138685,/world,vicon/IMUframe/IMUframe,-0.204685264903,0.0695713151338,1.51532090584,0.00519073906406,0.0339666700447,0.119977390153,0.992181811669
2018/10/02/14:06:13.367797,58309,1538481973,352124243,/world,vicon/IMUframe/IMUframe,-0.20456737607,0.0698116531207,1.51572083335,0.00691119210116,0.0343441610309,0.121124722915,0.992018908855
2018/10/02/14:06:13.377783,58310,1538481973,362149928,/world,vicon/IMUframe/IMUframe,-0.20448852029,0.0701746786196,1.51615431498,0.00909903043504,0.0348589252711,0.121862637951,0.991892917832
2018/10/02/14:06:13.387912,58311,1538481973,372117401,/world,vicon/IMUframe/IMUframe,-0.20450887727,0.0706831668001,1.51662682096,0.0115786555233,0.0354061246728,0.122226030345,0.991802973669
2018/10/02/14:06:13.397660,58312,1538481973,382135174,/world,vicon/IMUframe/IMUframe,-0.204628537319,0.0713021541393,1.51716680122,0.0140872244642,0.0358614611092,0.121989032694,0.991783334008
2018/10/02/14:06:13.407781,58313,1538481973,392146667,/world,vicon/IMUframe/IMUframe,-0.204828119282,0.0720696480344,1.51772882399,0.0166406794293,0.0361612730526,0.121032326595,0.991850102605
2018/10/02/14:06:13.417840,58314,1538481973,402164120,/world,vicon/IMUframe/IMUframe,-0.205068664164,0.0728456243279,1.51838018724,0.0189118264096,0.0361820122287,0.118946495535,0.992060953779
2018/10/02/14:06:13.427702,58315,1538481973,412113845,/world,vicon/IMUframe/IMUframe,-0.205365321168,0.0737497375191,1.51897409032,0.0214361795159,0.0353714025874,0.116238772244,0.992359764357
2018/10/02/14:06:13.437582,58316,1538481973,422046811,/world,vicon/IMUframe/IMUframe,-0.205701400344,0.0747286237629,1.5195570286,0.0239794057472,0.0349393556107,0.113159980418,0.992672679367
2018/10/02/14:06:13.447772,58317,1538481973,432162799,/world,vicon/IMUframe/IMUframe,-0.206217114371,0.0757848204523,1.52016755612,0.0261766122055,0.0344851824367,0.109422127786,0.993052040488
2018/10/02/14:06:13.457880,58318,1538481973,442157054,/world,vicon/IMUframe/IMUframe,-0.206876949384,0.0769000856823,1.52076446198,0.0283989653066,0.034012496278,0.105051667808,0.993479137152
2018/10/02/14:06:13.467579,58319,1538481973,452138214,/world,vicon/IMUframe/IMUframe,-0.207740753763,0.0781146310031,1.52147511016,0.0303610164521,0.0337310414749,0.0999320391356,0.993958758237
2018/10/02/14:06:13.477867,58320,1538481973,462057509,/world,vicon/IMUframe/IMUframe,-0.208723885208,0.0792868467493,1.52221500245,0.0323208266731,0.0326373689004,0.0942023126799,0.994492881121
2018/10/02/14:06:13.488228,58321,1538481973,472318124,/world,vicon/IMUframe/IMUframe,-0.209829980756,0.080585210724,1.52319421326,0.0338113871738,0.0328274958957,0.0880723550337,0.994998696426
2018/10/02/14:06:13.498084,58322,1538481973,482109827,/world,vicon/IMUframe/IMUframe,-0.210935281297,0.0820455024623,1.52434809252,0.0352421107824,0.0330218360766,0.0810778619566,0.995537006982
2018/10/02/14:06:13.507873,58323,1538481973,492162854,/world,vicon/IMUframe/IMUframe,-0.212249169702,0.0838980567742,1.52554343783,0.0365259183594,0.0335356550441,0.0732246905091,0.996082005574
2018/10/02/14:06:13.517821,58324,1538481973,502073045,/world,vicon/IMUframe/IMUframe,-0.213816594395,0.0854485030149,1.52684537127,0.0378344109345,0.0342363380557,0.0650223475187,0.996578408771
2018/10/02/14:06:13.527997,58325,1538481973,512125042,/world,vicon/IMUframe/IMUframe,-0.215487498661,0.0870986248362,1.52832088625,0.0391276800269,0.0350404143172,0.0558950522512,0.997054129501
2018/10/02/14:06:13.537830,58326,1538481973,522131156,/world,vicon/IMUframe/IMUframe,-0.217710299533,0.0891699729841,1.52986277166,0.0403252048587,0.0365225500035,0.0457939010891,0.997468245017
2018/10/02/14:06:13.547614,58327,1538481973,532116897,/world,vicon/IMUframe/IMUframe,-0.219732196052,0.0911302190895,1.53138905032,0.0410691684045,0.0373408572915,0.0341902425114,0.997872742939
2018/10/02/14:06:13.557842,58328,1538481973,542118950,/world,vicon/IMUframe/IMUframe,-0.221864623268,0.0928618983622,1.53292180919,0.0416858408951,0.0381990456093,0.0232594257634,0.998129311611
2018/10/02/14:06:13.567795,58329,1538481973,552108855,/world,vicon/IMUframe/IMUframe,-0.224209945425,0.094896246187,1.53457693989,0.0423720558894,0.0394253768885,0.01107112397,0.998262329626
2018/10/02/14:06:13.577800,58330,1538481973,562127256,/world,vicon/IMUframe/IMUframe,-0.226689848221,0.0970445897436,1.53633004491,0.0430183387294,0.0409307275612,-0.00160082796329,0.998234208703
2018/10/02/14:06:13.587598,58331,1538481973,572094510,/world,vicon/IMUframe/IMUframe,-0.228930331225,0.0991652797074,1.53799710583,0.0432863461635,0.0421854195965,-0.0151074949315,0.998057336132
2018/10/02/14:06:13.597543,58332,1538481973,582094199,/world,vicon/IMUframe/IMUframe,-0.23153467684,0.101604908523,1.53968289079,0.0440365434791,0.0440678959222,-0.0298410561704,0.997611304444
2018/10/02/14:06:13.606895,58333,1538481973,592005543,/world,vicon/IMUframe/IMUframe,-0.233979933956,0.103937365086,1.54157589047,0.0445540694298,0.0458599030832,-0.0441337397591,0.996977440668
2018/10/02/14:06:13.617303,58334,1538481973,602298570,/world,vicon/IMUframe/IMUframe,-0.236474354231,0.106315079316,1.54346128208,0.045041033647,0.0479703145947,-0.0586954461647,0.996104913553
2018/10/02/14:06:13.627227,58335,1538481973,612210116,/world,vicon/IMUframe/IMUframe,-0.238918751598,0.109013973803,1.54517787425,0.0456502696696,0.0494430561508,-0.0741182993374,0.994976338805
2018/10/02/14:06:13.637018,58336,1538481973,622143653,/world,vicon/IMUframe/IMUframe,-0.241401447592,0.111308730105,1.5470903476,0.0463268910717,0.05148840053,-0.0890362919951,0.993617281695
2018/10/02/14:06:13.646969,58337,1538481973,632107251,/world,vicon/IMUframe/IMUframe,-0.243836062937,0.113593387365,1.54892026912,0.0470687800431,0.0535983950769,-0.103876681553,0.992028919447
2018/10/02/14:06:13.657197,58338,1538481973,642207904,/world,vicon/IMUframe/IMUframe,-0.246277698845,0.115882024444,1.55073190993,0.0479490843227,0.0557955417257,-0.118818409397,0.990186814911
2018/10/02/14:06:13.667123,58339,1538481973,652161133,/world,vicon/IMUframe/IMUframe,-0.248669056024,0.118173195777,1.55250516592,0.0490016021819,0.0580720618756,-0.133600167991,0.988118147655
2018/10/02/14:06:13.676811,58340,1538481973,662141057,/world,vicon/IMUframe/IMUframe,-0.250840649616,0.120070861162,1.55377118127,0.0493854081109,0.0588403752824,-0.148952783893,0.985855952902
2018/10/02/14:06:13.687466,58341,1538481973,672101002,/world,vicon/IMUframe/IMUframe,-0.253579486155,0.122641054841,1.55605069437,0.0516809749586,0.0630047466846,-0.162796124814,0.983288818439
2018/10/02/14:06:13.697290,58342,1538481973,682262951,/world,vicon/IMUframe/IMUframe,-0.255667972135,0.124586914668,1.55775386767,0.0524811974946,0.0648135868777,-0.178445123478,0.980409231277
2018/10/02/14:06:13.707246,58343,1538481973,692065958,/world,vicon/IMUframe/IMUframe,-0.25787380359,0.126446540562,1.55949216881,0.0533046090228,0.0671201392438,-0.193173629761,0.97741365569
2018/10/02/14:06:13.717043,58344,1538481973,702200919,/world,vicon/IMUframe/IMUframe,-0.25972024408,0.128411001733,1.56102980794,0.0535533681851,0.0684051290479,-0.208044815682,0.974253627011
2018/10/02/14:06:13.727306,58345,1538481973,712110292,/world,vicon/IMUframe/IMUframe,-0.261724395369,0.130316322336,1.56265843873,0.0544216426479,0.0704657271292,-0.223243776995,0.970687942721
2018/10/02/14:06:13.737796,58346,1538481973,722199619,/world,vicon/IMUframe/IMUframe,-0.263740702615,0.132272159349,1.56426936955,0.0555005204697,0.0725951741857,-0.23809273127,0.966934064055
2018/10/02/14:06:13.747694,58347,1538481973,732167831,/world,vicon/IMUframe/IMUframe,-0.265702283308,0.13439072421,1.56614618766,0.0566703605159,0.0756279461049,-0.254031409308,0.96256788181
2018/10/02/14:06:13.757124,58348,1538481973,742210145,/world,vicon/IMUframe/IMUframe,-0.267348212592,0.136220442734,1.56772234238,0.0578698253748,0.0775646673173,-0.269142803572,0.958225942552
2018/10/02/14:06:13.767354,58349,1538481973,752131861,/world,vicon/IMUframe/IMUframe,-0.268936098176,0.137831124662,1.56949443718,0.059333358152,0.0801360889845,-0.283340208683,0.953821831369
2018/10/02/14:06:13.777156,58350,1538481973,762148375,/world,vicon/IMUframe/IMUframe,-0.270322741711,0.139616805138,1.57111071881,0.0605295707063,0.0820563044138,-0.297941233704,0.94912272928
2018/10/02/14:06:13.788144,58351,1538481973,772159825,/world,vicon/IMUframe/IMUframe,-0.271170248995,0.14144661483,1.57234827366,0.0615516506449,0.0823341780475,-0.312848208797,0.944223742383
2018/10/02/14:06:13.798202,58352,1538481973,782155331,/world,vicon/IMUframe/IMUframe,-0.272110273833,0.14328912933,1.57386555444,0.0625256419819,0.0836194732705,-0.32795040416,0.938907269221
2018/10/02/14:06:13.807791,58353,1538481973,792094741,/world,vicon/IMUframe/IMUframe,-0.272744689318,0.144767389982,1.57512965252,0.0642323526683,0.0842072416527,-0.341281467203,0.933975537938
2018/10/02/14:06:13.817475,58354,1538481973,802073598,/world,vicon/IMUframe/IMUframe,-0.273439676305,0.146604219647,1.57621594716,0.0657689061484,0.0848391759445,-0.356337085763,0.928170591281
2018/10/02/14:06:13.827819,58355,1538481973,812313512,/world,vicon/IMUframe/IMUframe,-0.273826954097,0.148480042272,1.57718964283,0.066823369519,0.0848329171418,-0.372798604075,0.921606865347
2018/10/02/14:06:13.837541,58356,1538481973,822215995,/world,vicon/IMUframe/IMUframe,-0.274540137419,0.150070098265,1.57844136419,0.068405255032,0.0862872232441,-0.386693086981,0.915611103401
2018/10/02/14:06:13.847486,58357,1538481973,832163240,/world,vicon/IMUframe/IMUframe,-0.274732321731,0.151469637627,1.57911749906,0.068584610117,0.0857100488524,-0.401724594105,0.909157461209
2018/10/02/14:06:13.857482,58358,1538481973,842145176,/world,vicon/IMUframe/IMUframe,-0.274945210142,0.152671879989,1.58044058205,0.0695811161238,0.0872765996925,-0.414659341256,0.903105140133
2018/10/02/14:06:13.867373,58359,1538481973,852175868,/world,vicon/IMUframe/IMUframe,-0.274743992801,0.153897277339,1.58132593644,0.0703824571137,0.0881108128669,-0.429933454586,0.895790164611
2018/10/02/14:06:13.877427,58360,1538481973,862205483,/world,vicon/IMUframe/IMUframe,-0.274764859849,0.154966877378,1.58218154751,0.070038672123,0.0890431405791,-0.443820995681,0.888925659049
2018/10/02/14:06:13.887337,58361,1538481973,872165006,/world,vicon/IMUframe/IMUframe,-0.275103782841,0.156072486916,1.58339059513,0.0708387837929,0.0911647433802,-0.45737054135,0.881749989612
2018/10/02/14:06:13.897091,58362,1538481973,882152042,/world,vicon/IMUframe/IMUframe,-0.275224380788,0.156870376362,1.58440407291,0.0724341919046,0.0929676011781,-0.470901350036,0.874278120227
2018/10/02/14:06:13.907466,58363,1538481973,892190475,/world,vicon/IMUframe/IMUframe,-0.275944755151,0.158248299088,1.58566293992,0.0751458533404,0.0968858854545,-0.482820911481,0.867092955433
2018/10/02/14:06:13.917366,58364,1538481973,902221688,/world,vicon/IMUframe/IMUframe,-0.276015831032,0.159297875488,1.5867410323,0.0770589990125,0.0994119820843,-0.495740346164,0.859314073942
2018/10/02/14:06:13.927386,58365,1538481973,912272905,/world,vicon/IMUframe/IMUframe,-0.276283074117,0.15982279805,1.58780428853,0.0791840141376,0.101680593625,-0.5075140701,0.851950947787
2018/10/02/14:06:13.937236,58366,1538481973,922148921,/world,vicon/IMUframe/IMUframe,-0.276782126776,0.160252004784,1.58892538753,0.0814333248405,0.104359176032,-0.519653715196,0.844060301321
2018/10/02/14:06:13.947161,58367,1538481973,932163960,/world,vicon/IMUframe/IMUframe,-0.277179927645,0.160737505504,1.5901124276,0.084513214438,0.106999093939,-0.531445331871,0.836046990135
2018/10/02/14:06:13.957271,58368,1538481973,942252503,/world,vicon/IMUframe/IMUframe,-0.277559884101,0.161116654899,1.59128668927,0.0873156109919,0.109877177782,-0.542280983683,0.828392615017
2018/10/02/14:06:13.967244,58369,1538481973,952216559,/world,vicon/IMUframe/IMUframe,-0.277983266722,0.161304028429,1.59253978831,0.090057995848,0.112935340585,-0.55221702583,0.821091665171
2018/10/02/14:06:13.977194,58370,1538481973,962154928,/world,vicon/IMUframe/IMUframe,-0.278445513701,0.161492047161,1.59378310754,0.093004459649,0.115558723927,-0.562478318331,0.813396885424
2018/10/02/14:06:13.987373,58371,1538481973,972167704,/world,vicon/IMUframe/IMUframe,-0.27929618517,0.161241733185,1.59487457,0.0961622239815,0.118086139748,-0.571851419528,0.806098284493
2018/10/02/14:06:13.998086,58372,1538481973,982317453,/world,vicon/IMUframe/IMUframe,-0.279995280778,0.161034617204,1.59610604787,0.0996297814835,0.120707397771,-0.580943777195,0.798754003748
2018/10/02/14:06:14.007607,58373,1538481973,992199980,/world,vicon/IMUframe/IMUframe,-0.280644208288,0.1608839293,1.59744436063,0.10316852195,0.123484960128,-0.589377819242,0.791670074517
2018/10/02/14:06:14.017459,58374,1538481974,2127834,/world,vicon/IMUframe/IMUframe,-0.281366826064,0.160713542987,1.59882646716,0.106965997561,0.126028422999,-0.596972451644,0.785047134853
2018/10/02/14:06:14.027333,58375,1538481974,12168230,/world,vicon/IMUframe/IMUframe,-0.282206963591,0.160489154108,1.60026093323,0.110621241137,0.128408188564,-0.604489732152,0.778374229945
2018/10/02/14:06:14.037823,58376,1538481974,22240730,/world,vicon/IMUframe/IMUframe,-0.282937893058,0.160263124932,1.60181924079,0.114143254457,0.130543222896,-0.612447807489,0.771257069673
2018/10/02/14:06:14.047748,58377,1538481974,32234296,/world,vicon/IMUframe/IMUframe,-0.283948313608,0.160015088898,1.60330310888,0.116962527002,0.132477232625,-0.619720195918,0.764667528332
2018/10/02/14:06:14.057624,58378,1538481974,42184511,/world,vicon/IMUframe/IMUframe,-0.284506494419,0.159496979964,1.60470276446,0.119415529281,0.133901760922,-0.626967443272,0.758104263848
2018/10/02/14:06:14.067411,58379,1538481974,52224702,/world,vicon/IMUframe/IMUframe,-0.285168787193,0.159615946604,1.60620825065,0.121790957912,0.135407572354,-0.634178015324,0.751431964185
2018/10/02/14:06:14.077517,58380,1538481974,62132829,/world,vicon/IMUframe/IMUframe,-0.28591751316,0.15949698009,1.60767455225,0.123397249832,0.136642093145,-0.641286624496,0.744884905443
2018/10/02/14:06:14.087599,58381,1538481974,72317643,/world,vicon/IMUframe/IMUframe,-0.286697366254,0.159217046388,1.60932250543,0.124186161876,0.13745450547,-0.649019301087,0.737873974972
2018/10/02/14:06:14.097556,58382,1538481974,82171484,/world,vicon/IMUframe/IMUframe,-0.288511409066,0.159201440696,1.61155373926,0.122825881476,0.139820357627,-0.656712199368,0.730816774325
2018/10/02/14:06:14.107533,58383,1538481974,92135287,/world,vicon/IMUframe/IMUframe,-0.287894608406,0.159569416237,1.61267447426,0.125472786781,0.137662832751,-0.663103199869,0.724982531224
2018/10/02/14:06:14.117527,58384,1538481974,102133485,/world,vicon/IMUframe/IMUframe,-0.288335497438,0.159943392925,1.61435752316,0.125236540932,0.137465625224,-0.670673860772,0.718063773752
2018/10/02/14:06:14.127862,58385,1538481974,112211557,/world,vicon/IMUframe/IMUframe,-0.288618499455,0.160069303262,1.61603592947,0.124840444102,0.136964358915,-0.67832505364,0.711006856161
2018/10/02/14:06:14.137845,58386,1538481974,122242177,/world,vicon/IMUframe/IMUframe,-0.288891009233,0.160278451903,1.61772706133,0.123719287484,0.136513609705,-0.686003633619,0.703886771385
2018/10/02/14:06:14.147517,58387,1538481974,132172615,/world,vicon/IMUframe/IMUframe,-0.289073797718,0.160618604802,1.6195843484,0.122261135071,0.136427714407,-0.69380469417,0.696473071942
2018/10/02/14:06:14.157595,58388,1538481974,142133051,/world,vicon/IMUframe/IMUframe,-0.28919165152,0.160988088574,1.62156519719,0.120618088471,0.136602835013,-0.701162753227,0.689319763018
2018/10/02/14:06:14.167855,58389,1538481974,152355205,/world,vicon/IMUframe/IMUframe,-0.289360673583,0.161423911128,1.62370037501,0.119046259168,0.137272315014,-0.70831595029,0.682109092648
2018/10/02/14:06:14.177506,58390,1538481974,162241453,/world,vicon/IMUframe/IMUframe,-0.289372927973,0.161846348128,1.62602314688,0.117212923725,0.138065478636,-0.715377298386,0.67485878158
2018/10/02/14:06:14.187337,58391,1538481974,172160267,/world,vicon/IMUframe/IMUframe,-0.28961245464,0.162377349397,1.62828323998,0.115210806852,0.139308969785,-0.722624414984,0.667183210064
2018/10/02/14:06:14.197383,58392,1538481974,182140478,/world,vicon/IMUframe/IMUframe,-0.289523959105,0.16287771506,1.63087604465,0.113366015507,0.140864053031,-0.729622878094,0.659511880753
2018/10/02/14:06:14.208011,58393,1538481974,192247163,/world,vicon/IMUframe/IMUframe,-0.289249200757,0.16336423542,1.63350828113,0.111607013695,0.142610339758,-0.736346538859,0.651920194655
2018/10/02/14:06:14.218080,58394,1538481974,202202140,/world,vicon/IMUframe/IMUframe,-0.289024070697,0.163764328807,1.63624736616,0.109312574747,0.145142789683,-0.742829756253,0.644351057135
2018/10/02/14:06:14.227824,58395,1538481974,212194371,/world,vicon/IMUframe/IMUframe,-0.288747525282,0.164292805914,1.63908042309,0.107300272194,0.147639930296,-0.749335209457,0.636542101072
2018/10/02/14:06:14.237982,58396,1538481974,222130165,/world,vicon/IMUframe/IMUframe,-0.288363545989,0.164851895476,1.64204164117,0.105163915814,0.150529889483,-0.755698167285,0.628650604982
2018/10/02/14:06:14.248078,58397,1538481974,232242394,/world,vicon/IMUframe/IMUframe,-0.287964389956,0.165520021951,1.64518371434,0.102774733161,0.153878221743,-0.761895102509,0.620705002292
2018/10/02/14:06:14.257686,58398,1538481974,242170569,/world,vicon/IMUframe/IMUframe,-0.287300407075,0.166198436229,1.64849734852,0.100439531277,0.157608963451,-0.768226605938,0.612290124962
2018/10/02/14:06:14.267749,58399,1538481974,252136121,/world,vicon/IMUframe/IMUframe,-0.286098537431,0.166963855625,1.65177023949,0.0987393814146,0.161050056242,-0.774650377186,0.603514877255
2018/10/02/14:06:14.277597,58400,1538481974,262062763,/world,vicon/IMUframe/IMUframe,-0.286190682364,0.167663757624,1.65503514325,0.0942031319976,0.165352478671,-0.780757279631,0.595149055298
2018/10/02/14:06:14.287498,58401,1538481974,272161410,/world,vicon/IMUframe/IMUframe,-0.285665546358,0.168502269135,1.65854126563,0.0906898230992,0.169320446633,-0.786868153825,0.586467774762
2018/10/02/14:06:14.297919,58402,1538481974,282335209,/world,vicon/IMUframe/IMUframe,-0.284659216328,0.16955051709,1.66198289288,0.0875491647331,0.173427300687,-0.793386216247,0.576885107278
2018/10/02/14:06:14.307584,58403,1538481974,292194787,/world,vicon/IMUframe/IMUframe,-0.283726372656,0.17040804603,1.66545331381,0.084190227311,0.177597064215,-0.799658312014,0.567378068341
2018/10/02/14:06:14.317597,58404,1538481974,302164909,/world,vicon/IMUframe/IMUframe,-0.282592911974,0.171388331389,1.66898166041,0.0808941178728,0.181852884892,-0.806016772417,0.557425001712
2018/10/02/14:06:14.327674,58405,1538481974,312171172,/world,vicon/IMUframe/IMUframe,-0.281450521307,0.172672731693,1.67241477608,0.0771900949847,0.185669993257,-0.812527104344,0.547145362355
2018/10/02/14:06:14.338259,58406,1538481974,322351934,/world,vicon/IMUframe/IMUframe,-0.280024483954,0.173751875259,1.6761302463,0.0735903703065,0.190052849782,-0.819006652331,0.536369718689
2018/10/02/14:06:14.347575,58407,1538481974,332196497,/world,vicon/IMUframe/IMUframe,-0.278467820275,0.174669691317,1.6797839676,0.0705099467968,0.195360519101,-0.825570537476,0.52468648032
2018/10/02/14:06:14.357662,58408,1538481974,342110030,/world,vicon/IMUframe/IMUframe,-0.27669064777,0.175743157819,1.68352489644,0.0667236871089,0.200015711895,-0.832130407753,0.51293337683
2018/10/02/14:06:14.367434,58409,1538481974,352179646,/world,vicon/IMUframe/IMUframe,-0.274903303455,0.176898758747,1.68703638754,0.063083566536,0.204550692253,-0.838832632852,0.500539001473
2018/10/02/14:06:14.377911,58410,1538481974,362173587,/world,vicon/IMUframe/IMUframe,-0.272862025466,0.178247172932,1.69035913438,-0.0593437956352,-0.208191010508,0.845733032827,-0.487719647184
2018/10/02/14:06:14.387706,58411,1538481974,372123822,/world,vicon/IMUframe/IMUframe,-0.270776234315,0.179312109662,1.69407027542,-0.0553170272687,-0.2135226833,0.852385637247,-0.47411687971
2018/10/02/14:06:14.397772,58412,1538481974,382163429,/world,vicon/IMUframe/IMUframe,-0.268557147377,0.180389276905,1.69772275418,-0.051478541672,-0.218545686681,0.858926757135,-0.46025272238
2018/10/02/14:06:14.407610,58413,1538481974,392120791,/world,vicon/IMUframe/IMUframe,-0.266509042567,0.181520458967,1.70117098044,-0.0475432007194,-0.223588899008,0.865434441177,-0.445837275618
2018/10/02/14:06:14.418209,58414,1538481974,402233707,/world,vicon/IMUframe/IMUframe,-0.263997817389,0.182436871705,1.70474142036,-0.0442749589886,-0.228769781765,0.871981714331,-0.430525266192
2018/10/02/14:06:14.427751,58415,1538481974,412190580,/world,vicon/IMUframe/IMUframe,-0.262103870804,0.183623517632,1.70822279401,-0.0398745426381,-0.234290150123,0.877751613651,-0.416017128418
2018/10/02/14:06:14.437922,58416,1538481974,422225994,/world,vicon/IMUframe/IMUframe,-0.259628120272,0.184590527504,1.71134920488,-0.0364074897894,-0.238241009927,0.883991693099,-0.400592564095
2018/10/02/14:06:14.447501,58417,1538481974,432167292,/world,vicon/IMUframe/IMUframe,-0.257353413929,0.185343707356,1.71450272894,-0.0330388038428,-0.242876287803,0.889667438776,-0.385241994913
2018/10/02/14:06:14.457029,58418,1538481974,442141289,/world,vicon/IMUframe/IMUframe,-0.255167262922,0.185894481741,1.71742276628,-0.0296644768814,-0.247150609328,0.89536235131,-0.369273414933
2018/10/02/14:06:14.467517,58419,1538481974,452265642,/world,vicon/IMUframe/IMUframe,-0.25292639968,0.186747059217,1.72043090023,-0.0269735734658,-0.251486175437,0.900479215216,-0.353785687758
2018/10/02/14:06:14.477566,58420,1538481974,462232066,/world,vicon/IMUframe/IMUframe,-0.250459908357,0.187316601364,1.72350739664,-0.0245982807985,-0.255820940028,0.905296127693,-0.338215156977
2018/10/02/14:06:14.487235,58421,1538481974,472158634,/world,vicon/IMUframe/IMUframe,-0.248457875435,0.187886255954,1.72651882964,-0.0224976417792,-0.259713078669,0.909586253822,-0.323567334168
2018/10/02/14:06:14.497233,58422,1538481974,482148998,/world,vicon/IMUframe/IMUframe,-0.24640488589,0.188325426972,1.72947522295,-0.020619499643,-0.263710486873,0.913599777432,-0.30881557931
2018/10/02/14:06:14.507603,58423,1538481974,492406970,/world,vicon/IMUframe/IMUframe,-0.244471926894,0.188740034129,1.73233122337,-0.0190268993154,-0.267648231797,0.917335031061,-0.294106854573
2018/10/02/14:06:14.517436,58424,1538481974,502247306,/world,vicon/IMUframe/IMUframe,-0.242633147686,0.18907332553,1.7350395272,-0.0176032417053,-0.271466172037,0.920795250341,-0.279521645444
2018/10/02/14:06:14.527440,58425,1538481974,512162821,/world,vicon/IMUframe/IMUframe,-0.240849149281,0.189156914533,1.73761795923,-0.0165408879717,-0.274761403319,0.923859015369,-0.26592685083
2018/10/02/14:06:14.537358,58426,1538481974,522138499,/world,vicon/IMUframe/IMUframe,-0.238728950481,0.18904791766,1.7402060443,-0.0161273595077,-0.277363585333,0.92700708673,-0.251926995295
2018/10/02/14:06:14.547899,58427,1538481974,532350870,/world,vicon/IMUframe/IMUframe,-0.237148950296,0.189230296329,1.74276087551,-0.0152357161076,-0.280582502173,0.929639399432,-0.2383525109
2018/10/02/14:06:14.557710,58428,1538481974,542223972,/world,vicon/IMUframe/IMUframe,-0.235695601499,0.189347868915,1.74510260343,-0.0141943016664,-0.283263647275,0.932190123421,-0.224903983353
2018/10/02/14:06:14.567409,58429,1538481974,552165507,/world,vicon/IMUframe/IMUframe,-0.23496192332,0.189717536903,1.74702120992,-0.0131965155119,-0.286219692928,0.934313872846,-0.212041803347
2018/10/02/14:06:14.577230,58430,1538481974,562152032,/world,vicon/IMUframe/IMUframe,-0.233776304804,0.189848152887,1.7491221103,-0.012647223831,-0.288474836973,0.936418009456,-0.199358039041
2018/10/02/14:06:14.587577,58431,1538481974,572178319,/world,vicon/IMUframe/IMUframe,-0.232734987046,0.190125508297,1.7511744418,-0.0120716524696,-0.290419881608,0.938427101981,-0.186722097893
2018/10/02/14:06:14.597542,58432,1538481974,582258712,/world,vicon/IMUframe/IMUframe,-0.230868333346,0.189741452967,1.75405014523,-0.00918880200266,-0.288905329373,0.941081081191,-0.175543940944
2018/10/02/14:06:14.607676,58433,1538481974,592178954,/world,vicon/IMUframe/IMUframe,-0.229846853574,0.189594795258,1.75599801881,-0.00926955508627,-0.291536000061,0.942589202147,-0.162623589966
2018/10/02/14:06:14.617625,58434,1538481974,602177204,/world,vicon/IMUframe/IMUframe,-0.228809927219,0.189520812583,1.75785548338,-0.0087089833647,-0.293408678368,0.944095924561,-0.150061275133
2018/10/02/14:06:14.627856,58435,1538481974,612218565,/world,vicon/IMUframe/IMUframe,-0.227836879974,0.189350689375,1.75971675679,-0.00757740462376,-0.296061694377,0.945157338498,-0.137723133658
2018/10/02/14:06:14.637691,58436,1538481974,622273666,/world,vicon/IMUframe/IMUframe,-0.226864004581,0.189096105651,1.76123223575,-0.00646100785462,-0.297481702954,0.946391877056,-0.125719158556
2018/10/02/14:06:14.647752,58437,1538481974,632193633,/world,vicon/IMUframe/IMUframe,-0.225889260352,0.188748356254,1.76268308724,-0.00513659122719,-0.299016847987,0.947388868518,-0.114091506517
2018/10/02/14:06:14.657444,58438,1538481974,642151351,/world,vicon/IMUframe/IMUframe,-0.225492928694,0.188801584835,1.7634196451,-0.00573704422595,-0.301072669861,0.948276636056,-0.100467682841
2018/10/02/14:06:14.667312,58439,1538481974,652168208,/world,vicon/IMUframe/IMUframe,-0.224695553567,0.188363904058,1.76449760379,-0.00355665910839,-0.302141301091,0.949163329861,-0.0882437397135
2018/10/02/14:06:14.677276,58440,1538481974,662234758,/world,vicon/IMUframe/IMUframe,-0.223837051953,0.187824965703,1.76554752359,-0.00120912116819,-0.30373485993,0.949680663933,-0.0764873155508
2018/10/02/14:06:14.687980,58441,1538481974,672230427,/world,vicon/IMUframe/IMUframe,-0.223082169725,0.187202625638,1.76650403138,0.00176218185312,-0.305668930787,0.9499242006,-0.0648645710751
2018/10/02/14:06:14.697907,58442,1538481974,682197406,/world,vicon/IMUframe/IMUframe,-0.222367476486,0.187029660249,1.76744961385,0.00507533750877,-0.308147524283,0.949852471993,-0.0529114890833
2018/10/02/14:06:14.707798,58443,1538481974,692139349,/world,vicon/IMUframe/IMUframe,-0.221501567022,0.186495449367,1.76816722748,0.00877011827752,-0.31005338026,0.949786988103,-0.0411662925823
2018/10/02/14:06:14.717704,58444,1538481974,702256084,/world,vicon/IMUframe/IMUframe,-0.220791771813,0.185911578578,1.76859543109,0.0130026594506,-0.311729488714,0.949594654696,-0.0304244718204
2018/10/02/14:06:14.727681,58445,1538481974,712212326,/world,vicon/IMUframe/IMUframe,-0.219809385029,0.184716191289,1.76905025953,0.0172582668829,-0.31352225407,0.949252177321,-0.0180624549301
2018/10/02/14:06:14.737940,58446,1538481974,722087125,/world,vicon/IMUframe/IMUframe,-0.218896474994,0.183843090222,1.76932564467,0.022147897665,-0.315318334264,0.948704752336,-0.0065659425541
2018/10/02/14:06:14.747681,58447,1538481974,732172181,/world,vicon/IMUframe/IMUframe,-0.217852410764,0.183003820116,1.76963443404,0.0270526917944,-0.317308010365,0.94792284886,0.00510402136881
2018/10/02/14:06:14.757825,58448,1538481974,742269547,/world,vicon/IMUframe/IMUframe,-0.216947524956,0.182279638032,1.7696082532,0.0332432837286,-0.319567270846,0.946842012503,0.0161816825697
2018/10/02/14:06:14.767548,58449,1538481974,752256896,/world,vicon/IMUframe/IMUframe,-0.215962439997,0.181346876398,1.76947576944,0.039564791346,-0.321774536336,0.94557921073,0.0278519529997
2018/10/02/14:06:14.777388,58450,1538481974,762145430,/world,vicon/IMUframe/IMUframe,-0.214948025989,0.180304993929,1.76919453074,0.0461041963331,-0.323919198372,0.944120092626,0.039849801834
2018/10/02/14:06:14.787254,58451,1538481974,772225458,/world,vicon/IMUframe/IMUframe,-0.213896297882,0.179191732086,1.76882471044,0.0530174917812,-0.326051101546,0.942430597776,0.0520037798764
2018/10/02/14:06:14.797432,58452,1538481974,782197437,/world,vicon/IMUframe/IMUframe,-0.212860106151,0.177938334236,1.76836541426,0.0602015336807,-0.328109709842,0.940521429308,0.0643368841446
2018/10/02/14:06:14.807369,58453,1538481974,792212296,/world,vicon/IMUframe/IMUframe,-0.211788370003,0.176230869315,1.76802976163,0.0679764027001,-0.330475543772,0.938257568887,0.0764058771954
2018/10/02/14:06:14.817435,58454,1538481974,802172533,/world,vicon/IMUframe/IMUframe,-0.210710677111,0.175427039062,1.76728106126,0.0751938858201,-0.333508752329,0.935376275113,0.0904931799099
2018/10/02/14:06:14.827078,58455,1538481974,812155997,/world,vicon/IMUframe/IMUframe,-0.209438572086,0.173654021444,1.76656005065,0.0827034248441,-0.336097543093,0.93239244541,0.104129308016
2018/10/02/14:06:14.837179,58456,1538481974,822135561,/world,vicon/IMUframe/IMUframe,-0.208309164811,0.171808706301,1.76598511099,0.0903401257904,-0.339209846357,0.928942707448,0.11764687878
2018/10/02/14:06:14.847687,58457,1538481974,832257397,/world,vicon/IMUframe/IMUframe,-0.207497028384,0.170278998191,1.76433373893,0.0971798538371,-0.339925362086,0.926211791824,0.130914250198
2018/10/02/14:06:14.857527,58458,1538481974,842206396,/world,vicon/IMUframe/IMUframe,-0.206326444893,0.168390821968,1.76332799129,0.104384010607,-0.342377526575,0.922414003137,0.145031080951
2018/10/02/14:06:14.867978,58459,1538481974,852191064,/world,vicon/IMUframe/IMUframe,-0.205263552638,0.166396024518,1.7622668196,0.112265395148,-0.343482690584,0.918779012293,0.158937877457
2018/10/02/14:06:14.877672,58460,1538481974,862139979,/world,vicon/IMUframe/IMUframe,-0.204216123172,0.164430114725,1.76116964719,0.119522159364,-0.346311303537,0.914170005406,0.173424726262
2018/10/02/14:06:14.887410,58461,1538481974,872194134,/world,vicon/IMUframe/IMUframe,-0.203088463527,0.162339158218,1.76019781753,0.1264587015,-0.350189589161,0.90881162678,0.188246847219
2018/10/02/14:06:14.897332,58462,1538481974,882137673,/world,vicon/IMUframe/IMUframe,-0.201974649016,0.160298253926,1.75898593211,0.13395433378,-0.352806905345,0.903656147567,0.202457627584
2018/10/02/14:06:14.907541,58463,1538481974,892236039,/world,vicon/IMUframe/IMUframe,-0.200860862236,0.158209909449,1.75791480553,0.140740673138,-0.356472243559,0.897902947645,0.216540756227
2018/10/02/14:06:14.917531,58464,1538481974,902200997,/world,vicon/IMUframe/IMUframe,-0.199853951116,0.156113796524,1.75682071773,0.147304530075,-0.359988563135,0.891835884308,0.230951001928
2018/10/02/14:06:14.927449,58465,1538481974,912180366,/world,vicon/IMUframe/IMUframe,-0.199258173677,0.153959304218,1.75543688252,0.151985789585,-0.364928377775,0.884765224803,0.246815914878
2018/10/02/14:06:14.937823,58466,1538481974,922318791,/world,vicon/IMUframe/IMUframe,-0.198389578233,0.151911108032,1.75434140598,0.15849335211,-0.367311916943,0.878615663218,0.260761057977
2018/10/02/14:06:14.947727,58467,1538481974,932253509,/world,vicon/IMUframe/IMUframe,-0.197575426744,0.149697378388,1.75311126973,0.164325782228,-0.369455120216,0.872217456257,0.275202944102
2018/10/02/14:06:14.957787,58468,1538481974,942191383,/world,vicon/IMUframe/IMUframe,-0.196893783254,0.147798671339,1.7519227204,0.170472895591,-0.371119445637,0.86598802182,0.288572512558
2018/10/02/14:06:14.967669,58469,1538481974,952157772,/world,vicon/IMUframe/IMUframe,-0.196260147142,0.146257280109,1.75072503568,0.176843699001,-0.372995220514,0.859639268632,0.301033551989
2018/10/02/14:06:14.977755,58470,1538481974,962216179,/world,vicon/IMUframe/IMUframe,-0.195880666837,0.144421154033,1.74959307918,0.182848718876,-0.373892765929,0.853350896825,0.31394711733
2018/10/02/14:06:14.987670,58471,1538481974,972240054,/world,vicon/IMUframe/IMUframe,-0.195160762812,0.142666470452,1.74863890613,0.188135440515,-0.375369659547,0.846897273086,0.326293860734
2018/10/02/14:06:14.997742,58472,1538481974,982126690,/world,vicon/IMUframe/IMUframe,-0.19458705813,0.140794685688,1.74775769021,0.19324996988,-0.376849571518,0.840363076351,0.338273187666
2018/10/02/14:06:15.007648,58473,1538481974,992180425,/world,vicon/IMUframe/IMUframe,-0.194038786389,0.138902452873,1.74692046739,0.198034011714,-0.378429699933,0.833813650698,0.349754611581
2018/10/02/14:06:15.017403,58474,1538481975,2180655,/world,vicon/IMUframe/IMUframe,-0.193387861188,0.136956063709,1.7462030004,0.202189768123,-0.380118682971,0.827398773269,0.360611084848
2018/10/02/14:06:15.028340,58475,1538481975,12370170,/world,vicon/IMUframe/IMUframe,-0.193073983821,0.135081510728,1.74545639455,0.207081091611,-0.382151505702,0.820282919416,0.371770870701
2018/10/02/14:06:15.037547,58476,1538481975,22240011,/world,vicon/IMUframe/IMUframe,-0.192460761747,0.133114223464,1.74490739004,0.210795049015,-0.383850327727,0.813874822391,0.381879754233
2018/10/02/14:06:15.047373,58477,1538481975,32210591,/world,vicon/IMUframe/IMUframe,-0.191991503929,0.131239011319,1.74436234448,0.214549267418,-0.385692766163,0.807266436301,0.391829813569
2018/10/02/14:06:15.057523,58478,1538481975,42189242,/world,vicon/IMUframe/IMUframe,-0.191618447285,0.129422407091,1.74389012276,0.21816178752,-0.38745095362,0.800691181907,0.401473316948
2018/10/02/14:06:15.067834,58479,1538481975,52262126,/world,vicon/IMUframe/IMUframe,-0.191331093101,0.127715352823,1.74334934305,0.221951163982,-0.38907896246,0.794184177844,0.41064185544
2018/10/02/14:06:15.077945,58480,1538481975,62227677,/world,vicon/IMUframe/IMUframe,-0.191036823496,0.125836694333,1.74300473094,0.225143415072,-0.390741041724,0.787590261835,0.419920778749
2018/10/02/14:06:15.087800,58481,1538481975,72189718,/world,vicon/IMUframe/IMUframe,-0.190761089035,0.124030834629,1.74261943452,0.228613277821,-0.392260899295,0.781061557928,0.428730916561
2018/10/02/14:06:15.097708,58482,1538481975,82157388,/world,vicon/IMUframe/IMUframe,-0.190584279548,0.122209712909,1.7422016023,0.232328346287,-0.394034174222,0.774341368086,0.437213969045
2018/10/02/14:06:15.107684,58483,1538481975,92247381,/world,vicon/IMUframe/IMUframe,-0.190351492898,0.12026360197,1.74183837718,0.235870906815,-0.396167767496,0.767530772627,0.445322948416
2018/10/02/14:06:15.118216,58484,1538481975,102281412,/world,vicon/IMUframe/IMUframe,-0.190302009148,0.118366204488,1.74147869412,0.240193808311,-0.399786395552,0.759481543565,0.453503646474
2018/10/02/14:06:15.127895,58485,1538481975,112239377,/world,vicon/IMUframe/IMUframe,-0.190408683162,0.116772951322,1.74102291804,0.244621705092,-0.403196652715,0.751667143844,0.461073947976
2018/10/02/14:06:15.137666,58486,1538481975,122190580,/world,vicon/IMUframe/IMUframe,-0.190107174504,0.114874380154,1.74052344116,0.24845647979,-0.407459519937,0.743362422349,0.468677315754
2018/10/02/14:06:15.147437,58487,1538481975,132151777,/world,vicon/IMUframe/IMUframe,-0.189975380561,0.113137998775,1.73999640463,0.252876866277,-0.412086391014,0.734476593949,0.476216578653
2018/10/02/14:06:15.157651,58488,1538481975,142266608,/world,vicon/IMUframe/IMUframe,-0.189931256377,0.111413577024,1.7394011295,0.25759594783,-0.416704515444,0.725438432286,0.483467429547
2018/10/02/14:06:15.167535,58489,1538481975,152250772,/world,vicon/IMUframe/IMUframe,-0.189821433937,0.109736468413,1.73865585273,0.262904374671,-0.421233500402,0.715673163277,0.491177718634
2018/10/02/14:06:15.177456,58490,1538481975,162167648,/world,vicon/IMUframe/IMUframe,-0.189477129825,0.10827031286,1.73796315638,0.268621446225,-0.425324859637,0.706095615148,0.498367599942
2018/10/02/14:06:15.187462,58491,1538481975,172177967,/world,vicon/IMUframe/IMUframe,-0.189483444219,0.106913906655,1.73697377882,0.275076807197,-0.428664785782,0.696455492605,0.505498762009
2018/10/02/14:06:15.197943,58492,1538481975,182356106,/world,vicon/IMUframe/IMUframe,-0.189763028764,0.10568135911,1.7359826546,0.28160258503,-0.431738853667,0.687130088142,0.512009558805
2018/10/02/14:06:15.208234,58493,1538481975,192254757,/world,vicon/IMUframe/IMUframe,-0.189992561094,0.104321930829,1.73499571642,0.287906149647,-0.43493532016,0.677277860767,0.518879577154
2018/10/02/14:06:15.217629,58494,1538481975,202194931,/world,vicon/IMUframe/IMUframe,-0.190192471497,0.102988755832,1.73398687339,0.293815519245,-0.438900010798,0.666691942684,0.525890744102
2018/10/02/14:06:15.227720,58495,1538481975,212197413,/world,vicon/IMUframe/IMUframe,-0.190301557339,0.101685963089,1.73299281221,0.299185202251,-0.443491744627,0.655497236788,0.533035326939
2018/10/02/14:06:15.237686,58496,1538481975,222242466,/world,vicon/IMUframe/IMUframe,-0.190301939681,0.100441916422,1.7321175207,0.304163378945,-0.448264586526,0.643828305079,0.540396718119
2018/10/02/14:06:15.247952,58497,1538481975,232261651,/world,vicon/IMUframe/IMUframe,-0.190357863805,0.0993355237576,1.73120528625,0.308729423477,-0.452775168242,0.632301672804,0.54760878798
2018/10/02/14:06:15.257744,58498,1538481975,242227584,/world,vicon/IMUframe/IMUframe,-0.190513514671,0.0985312557651,1.73025714914,0.313036059142,-0.456841480597,0.621108532415,0.554552502694
2018/10/02/14:06:15.267943,58499,1538481975,252163014,/world,vicon/IMUframe/IMUframe,-0.190231495418,0.0970433618007,1.72948978148,0.317170397923,-0.460543572803,0.610586599574,0.560791013348
2018/10/02/14:06:15.277738,58500,1538481975,262218487,/world,vicon/IMUframe/IMUframe,-0.190467755596,0.0962356984262,1.72858204624,0.320791014949,-0.463617908331,0.60047472433,0.567081709496
2018/10/02/14:06:15.287780,58501,1538481975,272214755,/world,vicon/IMUframe/IMUframe,-0.190835267381,0.0953877653599,1.72787988966,0.324177023032,-0.466414826314,0.590340623212,0.573467013976
2018/10/02/14:06:15.297584,58502,1538481975,282223270,/world,vicon/IMUframe/IMUframe,-0.190989873116,0.0944742381491,1.7272314869,0.326531711746,-0.469354518362,0.580388771037,0.579855371426
2018/10/02/14:06:15.307613,58503,1538481975,292185963,/world,vicon/IMUframe/IMUframe,-0.191172601484,0.0937198130481,1.72660826456,0.328422336176,-0.471982688121,0.570826409765,0.586112891114
2018/10/02/14:06:15.317655,58504,1538481975,302180140,/world,vicon/IMUframe/IMUframe,-0.19123453589,0.0928303376666,1.72599918825,0.329957077226,-0.474070800698,0.561961202408,0.592102026767
2018/10/02/14:06:15.327981,58505,1538481975,312379275,/world,vicon/IMUframe/IMUframe,-0.19138133311,0.0919641197089,1.72549167742,0.331475273367,-0.475620651307,0.553408675949,0.598036768586
2018/10/02/14:06:15.337653,58506,1538481975,322234869,/world,vicon/IMUframe/IMUframe,-0.19154423039,0.0910765184574,1.72503073225,0.332698279302,-0.476502258988,0.545614318606,0.603790085594
2018/10/02/14:06:15.347347,58507,1538481975,332208312,/world,vicon/IMUframe/IMUframe,-0.191959149459,0.0903086272365,1.72462466245,0.333752812286,-0.477294744997,0.537974653147,0.609411239854
2018/10/02/14:06:15.357296,58508,1538481975,342272789,/world,vicon/IMUframe/IMUframe,-0.192273465766,0.089515491196,1.72427588961,0.333963063202,-0.478113436519,0.531289513473,0.614497898377
2018/10/02/14:06:15.367581,58509,1538481975,352354526,/world,vicon/IMUframe/IMUframe,-0.192628327521,0.0885984661433,1.72406667623,0.33377358723,-0.479462900621,0.52413928392,0.619668080869
2018/10/02/14:06:15.377409,58510,1538481975,362245720,/world,vicon/IMUframe/IMUframe,-0.192873619776,0.0876596890278,1.72390541874,0.333048681805,-0.481261325799,0.516640501714,0.624938960081
2018/10/02/14:06:15.387306,58511,1538481975,372177215,/world,vicon/IMUframe/IMUframe,-0.193111830781,0.086594191665,1.72380932894,0.332147175587,-0.483163130861,0.509155387148,0.630073356416
2018/10/02/14:06:15.397232,58512,1538481975,382191211,/world,vicon/IMUframe/IMUframe,-0.193474483203,0.0857749619548,1.72351935557,0.331192134238,-0.484983993727,0.501894119578,0.634983927971
2018/10/02/14:06:15.407899,58513,1538481975,392293748,/world,vicon/IMUframe/IMUframe,-0.19393958222,0.0848786182911,1.72320585769,0.330621618486,-0.486697383885,0.494854243636,0.639479694334
2018/10/02/14:06:15.418120,58514,1538481975,402260946,/world,vicon/IMUframe/IMUframe,-0.194549169628,0.0839097590529,1.72298332897,0.330611152536,-0.488357569083,0.48772879695,0.643679866986
2018/10/02/14:06:15.427770,58515,1538481975,412211209,/world,vicon/IMUframe/IMUframe,-0.195207912302,0.0830907209024,1.72257895848,0.330454958117,-0.490187933821,0.480474052712,0.647811697072
2018/10/02/14:06:15.437382,58516,1538481975,422126717,/world,vicon/IMUframe/IMUframe,-0.195936411138,0.0823274880679,1.72214032379,0.330345465783,-0.492450025228,0.472789634774,0.651793531066
2018/10/02/14:06:15.447268,58517,1538481975,432113050,/world,vicon/IMUframe/IMUframe,-0.196716135178,0.0816424598673,1.7217509649,0.330159942506,-0.495259266162,0.464702065874,0.655564384037
2018/10/02/14:06:15.457443,58518,1538481975,442249554,/world,vicon/IMUframe/IMUframe,-0.197567111711,0.0810323907698,1.72133964449,0.33002052006,-0.498569586473,0.456245346803,0.659056148825
2018/10/02/14:06:15.467498,58519,1538481975,452154138,/world,vicon/IMUframe/IMUframe,-0.198468862667,0.0804786068268,1.72094168361,0.32972906943,-0.502282197486,0.447621143219,0.662288945253
2018/10/02/14:06:15.477512,58520,1538481975,462104536,/world,vicon/IMUframe/IMUframe,-0.199470000518,0.0801463017792,1.72034899516,0.329038470433,-0.50600652886,0.439222553798,0.665413124278
2018/10/02/14:06:15.487565,58521,1538481975,472143716,/world,vicon/IMUframe/IMUframe,-0.200416366564,0.0796915680755,1.7199063038,0.328780511864,-0.510266847266,0.430590616689,0.667924277459
2018/10/02/14:06:15.497810,58522,1538481975,482290449,/world,vicon/IMUframe/IMUframe,-0.201445408195,0.0792269051488,1.71943225372,0.328560486822,-0.514811821474,0.422182884723,0.669909252673
2018/10/02/14:06:15.507772,58523,1538481975,492146115,/world,vicon/IMUframe/IMUframe,-0.202573412499,0.0786597061797,1.71892370206,0.328128953296,-0.519684993084,0.414255526403,0.671305635919
2018/10/02/14:06:15.517585,58524,1538481975,502166049,/world,vicon/IMUframe/IMUframe,-0.203609312355,0.0785991286982,1.71884567052,0.327815497628,-0.526019796377,0.405237111754,0.672029059336
2018/10/02/14:06:15.527805,58525,1538481975,512179156,/world,vicon/IMUframe/IMUframe,-0.204663897021,0.07829608488,1.71861245664,0.327032923809,-0.532512166424,0.396800315308,0.672331591647
2018/10/02/14:06:15.537857,58526,1538481975,522273274,/world,vicon/IMUframe/IMUframe,-0.205676515724,0.0779838542519,1.71842466797,0.326245143752,-0.539515814194,0.388471704672,0.67199443977
2018/10/02/14:06:15.548111,58527,1538481975,532200923,/world,vicon/IMUframe/IMUframe,-0.206685127729,0.0778765741691,1.71796704341,0.32498290237,-0.546726258071,0.380627390186,0.67126693777
2018/10/02/14:06:15.557529,58528,1538481975,542106116,/world,vicon/IMUframe/IMUframe,-0.207631068131,0.0775866921915,1.71777912619,0.324057421623,-0.554477685591,0.372830600092,0.66973026459
2018/10/02/14:06:15.567651,58529,1538481975,552087503,/world,vicon/IMUframe/IMUframe,-0.208539178297,0.0774118368832,1.71762775204,0.323324368229,-0.562588105444,0.365171619583,0.667537013785
2018/10/02/14:06:15.577482,58530,1538481975,562169664,/world,vicon/IMUframe/IMUframe,-0.209434949774,0.0773108951156,1.71749217256,0.322869337018,-0.570984834551,0.357688726077,0.664673216824
2018/10/02/14:06:15.587707,58531,1538481975,572177955,/world,vicon/IMUframe/IMUframe,-0.210318705088,0.0772943555666,1.71739761864,0.32264863313,-0.579755702414,0.350180558851,0.661176800304
2018/10/02/14:06:15.597439,58532,1538481975,582224138,/world,vicon/IMUframe/IMUframe,-0.211220690236,0.0774031408223,1.71735570006,0.322477622102,-0.588784989993,0.34287036788,0.657099938846
2018/10/02/14:06:15.607124,58533,1538481975,592163316,/world,vicon/IMUframe/IMUframe,-0.212160631839,0.0776278340153,1.71741791859,0.322277716903,-0.598176755144,0.335700291956,0.652400917208
2018/10/02/14:06:15.617278,58534,1538481975,602133644,/world,vicon/IMUframe/IMUframe,-0.213034477832,0.077947745503,1.71756461211,0.321852100952,-0.607795945073,0.328475055473,0.647378909293
2018/10/02/14:06:15.627944,58535,1538481975,612289350,/world,vicon/IMUframe/IMUframe,-0.213992279201,0.0781614635641,1.71784196957,0.321596836077,-0.617772710009,0.320921305848,0.641826977655
2018/10/02/14:06:15.637703,58536,1538481975,622239329,/world,vicon/IMUframe/IMUframe,-0.214927983784,0.0783509543848,1.71795475222,0.320958659916,-0.627575030286,0.313578082759,0.636242018418
2018/10/02/14:06:15.647631,58537,1538481975,632167552,/world,vicon/IMUframe/IMUframe,-0.215992602432,0.0782940668008,1.71815318557,0.32002636606,-0.636981496275,0.306741021011,0.630672374897
2018/10/02/14:06:15.657422,58538,1538481975,642172735,/world,vicon/IMUframe/IMUframe,-0.217071881867,0.079298937425,1.71796632347,0.318452414028,-0.647165050947,0.299337712658,0.624629802854
2018/10/02/14:06:15.667651,58539,1538481975,652205493,/world,vicon/IMUframe/IMUframe,-0.218163694297,0.0796287696131,1.71820773347,0.317061300045,-0.657257320362,0.291681618816,0.618390475419
2018/10/02/14:06:15.677467,58540,1538481975,662183974,/world,vicon/IMUframe/IMUframe,-0.219356774308,0.0796078546451,1.71825824286,0.315343009429,-0.667584346551,0.284136478996,0.611683241513
2018/10/02/14:06:15.687474,58541,1538481975,672231861,/world,vicon/IMUframe/IMUframe,-0.220568782371,0.0796085780675,1.71833302006,0.313406279095,-0.67827485424,0.27630017661,0.604465002076
2018/10/02/14:06:15.697427,58542,1538481975,682162532,/world,vicon/IMUframe/IMUframe,-0.221848830303,0.0797857104362,1.71856605382,0.311023448684,-0.688845315995,0.268762737394,0.597095583629
2018/10/02/14:06:15.707365,58543,1538481975,692245223,/world,vicon/IMUframe/IMUframe,-0.22326270104,0.0800388111917,1.71889191605,0.308374538073,-0.6993891218,0.261674463934,0.589310169182
2018/10/02/14:06:15.717279,58544,1538481975,702297741,/world,vicon/IMUframe/IMUframe,-0.224756729456,0.0805782820912,1.71901827442,0.304595987652,-0.710000252587,0.254326668066,0.58175499271
2018/10/02/14:06:15.727646,58545,1538481975,712164815,/world,vicon/IMUframe/IMUframe,-0.226384120126,0.0806360651617,1.71906931155,0.30131005869,-0.720027806635,0.248068945234,0.573789163905
2018/10/02/14:06:15.737103,58546,1538481975,722164014,/world,vicon/IMUframe/IMUframe,-0.228016648332,0.0804829551312,1.71886254309,0.297327255314,-0.730043734039,0.241517344693,0.565952314113
2018/10/02/14:06:15.747242,58547,1538481975,732146894,/world,vicon/IMUframe/IMUframe,-0.229510425536,0.0802307249065,1.71857467513,0.293062570114,-0.740060800849,0.234718741754,0.557970835541
2018/10/02/14:06:15.757312,58548,1538481975,742311028,/world,vicon/IMUframe/IMUframe,-0.23115237198,0.0796663794443,1.71821306502,0.288906555013,-0.750607850751,0.227441376198,0.548991144969
2018/10/02/14:06:15.767389,58549,1538481975,752204247,/world,vicon/IMUframe/IMUframe,-0.232702521881,0.078381255229,1.71769934833,0.285035033626,-0.761288146383,0.219631062534,0.539404842537
2018/10/02/14:06:15.777271,58550,1538481975,762157487,/world,vicon/IMUframe/IMUframe,-0.234191038238,0.0790559190044,1.71684220557,0.280551194496,-0.771666529196,0.212376619774,0.529828242318
2018/10/02/14:06:15.787446,58551,1538481975,772148354,/world,vicon/IMUframe/IMUframe,-0.235649337147,0.0793213354736,1.71616724446,0.276584931323,-0.78194555353,0.205448108822,0.519473773795
2018/10/02/14:06:15.798390,58552,1538481975,782328956,/world,vicon/IMUframe/IMUframe,-0.236717413883,0.078769899195,1.71640618286,0.271990706117,-0.793748895023,0.19612742676,0.507462097017
2018/10/02/14:06:15.807611,58553,1538481975,792314517,/world,vicon/IMUframe/IMUframe,-0.238133137073,0.0790427451257,1.71570350026,-0.268932573818,0.803742549518,-0.190054041417,-0.495532689311
2018/10/02/14:06:15.817465,58554,1538481975,802151650,/world,vicon/IMUframe/IMUframe,-0.239293182094,0.0795020298487,1.71495678318,-0.266150675446,0.813759980055,-0.184569618612,-0.482589441146
2018/10/02/14:06:15.827323,58555,1538481975,812141831,/world,vicon/IMUframe/IMUframe,-0.240246547906,0.0797796249977,1.71417086999,-0.262808742624,0.823810817937,-0.17846688223,-0.469485753775
2018/10/02/14:06:15.837606,58556,1538481975,822229399,/world,vicon/IMUframe/IMUframe,-0.241232825408,0.0803304569386,1.71335925298,-0.259363003686,0.834020926259,-0.172492310102,-0.455396892652
2018/10/02/14:06:15.847476,58557,1538481975,832280523,/world,vicon/IMUframe/IMUframe,-0.242129135021,0.0809458924889,1.71247891218,-0.256329139973,0.843834086667,-0.166926732872,-0.440879657086
2018/10/02/14:06:15.857401,58558,1538481975,842112871,/world,vicon/IMUframe/IMUframe,-0.242718812783,0.0815816018349,1.7115174259,-0.253327186498,0.853654181131,-0.161531448475,-0.425449722967
2018/10/02/14:06:15.867530,58559,1538481975,852140079,/world,vicon/IMUframe/IMUframe,-0.243393427759,0.0826248946486,1.71011453876,-0.250165460724,0.863487505537,-0.155717714643,-0.409339178908
2018/10/02/14:06:15.877405,58560,1538481975,862194718,/world,vicon/IMUframe/IMUframe,-0.243747703586,0.0830898658375,1.70948162728,-0.248047965327,0.873103368386,-0.149533470946,-0.392176562375
2018/10/02/14:06:15.887506,58561,1538481975,872245980,/world,vicon/IMUframe/IMUframe,-0.244000238393,0.0833863975616,1.7086800833,-0.245112307127,0.88223506198,-0.144050928869,-0.375274009492
2018/10/02/14:06:15.897424,58562,1538481975,882201698,/world,vicon/IMUframe/IMUframe,-0.244311350023,0.0842458959936,1.70794653691,-0.242818212352,0.891044893947,-0.138487587605,-0.357630396919
2018/10/02/14:06:15.907324,58563,1538481975,892168205,/world,vicon/IMUframe/IMUframe,-0.244589717211,0.0849833674283,1.70727090161,-0.241320318862,0.899418612671,-0.133260335595,-0.339193670109
2018/10/02/14:06:15.917621,58564,1538481975,902141187,/world,vicon/IMUframe/IMUframe,-0.244608095288,0.085775028964,1.70640124324,-0.238532236186,0.907400343292,-0.128002793565,-0.321468931831
2018/10/02/14:06:15.927487,58565,1538481975,912252088,/world,vicon/IMUframe/IMUframe,-0.244598194384,0.0864768308872,1.70558907833,-0.236068739361,0.91498430934,-0.122270605884,-0.303521272557
2018/10/02/14:06:15.938321,58566,1538481975,922212546,/world,vicon/IMUframe/IMUframe,-0.244502428695,0.0872132191161,1.70462312341,-0.233866960097,0.921958299198,-0.116324934462,-0.285950431259
2018/10/02/14:06:15.947429,58567,1538481975,932195421,/world,vicon/IMUframe/IMUframe,-0.244602318914,0.0882381071576,1.70384807619,-0.231746544162,0.92849604582,-0.111183386758,-0.268005385531
2018/10/02/14:06:15.957640,58568,1538481975,942128886,/world,vicon/IMUframe/IMUframe,-0.24447484637,0.0892463690589,1.70319704965,-0.229805646416,0.93444429835,-0.105897195276,-0.25057733774
2018/10/02/14:06:15.967961,58569,1538481975,952383507,/world,vicon/IMUframe/IMUframe,-0.24436382925,0.0901808677972,1.70264335573,-0.228437443631,0.939814650974,-0.100564800193,-0.233348402876
2018/10/02/14:06:15.977724,58570,1538481975,962245409,/world,vicon/IMUframe/IMUframe,-0.244192319785,0.0910294651623,1.70214357188,-0.22736668464,0.944674544423,-0.0952561578639,-0.216380822217
2018/10/02/14:06:15.988254,58571,1538481975,972221643,/world,vicon/IMUframe/IMUframe,-0.243996808074,0.0922681508494,1.70135760761,-0.226502225875,0.948980394912,-0.0905858251093,-0.199817817112
2018/10/02/14:06:15.997636,58572,1538481975,982115918,/world,vicon/IMUframe/IMUframe,-0.243940050213,0.0930013600685,1.70097822825,-0.22615406289,0.952964505638,-0.0856285120588,-0.182703992169
2018/10/02/14:06:16.008701,58573,1538481975,992340775,/world,vicon/IMUframe/IMUframe,-0.243463639356,0.0942679537648,1.70027784839,-0.225584361522,0.956404427003,-0.0813687026706,-0.166677539193
2018/10/02/14:06:16.017796,58574,1538481976,2270541,/world,vicon/IMUframe/IMUframe,-0.243358100641,0.0945830995246,1.70018461601,-0.22592405986,0.959411667734,-0.0763647433846,-0.150519091681
2018/10/02/14:06:16.028062,58575,1538481976,12145853,/world,vicon/IMUframe/IMUframe,-0.242972379265,0.0953112298554,1.6997264149,-0.226776757632,0.96204251468,-0.0721565361929,-0.133566224887
2018/10/02/14:06:16.037736,58576,1538481976,22187094,/world,vicon/IMUframe/IMUframe,-0.242588112799,0.0962484081769,1.69963801476,-0.227574889237,0.964305894195,-0.0673891030521,-0.117398982103
2018/10/02/14:06:16.047717,58577,1538481976,32125600,/world,vicon/IMUframe/IMUframe,-0.242324138005,0.0970355258078,1.69946267548,-0.228765588005,0.966112849062,-0.0634706893707,-0.101310119005
2018/10/02/14:06:16.058092,58578,1538481976,42236888,/world,vicon/IMUframe/IMUframe,-0.241990948161,0.0978046414344,1.69941304787,-0.230072443866,0.967570285707,-0.0597759784016,-0.0854473241045
2018/10/02/14:06:16.068029,58579,1538481976,52227088,/world,vicon/IMUframe/IMUframe,-0.241492179485,0.0983331001161,1.6996686726,-0.231582316999,0.968668213678,-0.0560895695933,-0.0700391493796
2018/10/02/14:06:16.077817,58580,1538481976,62144653,/world,vicon/IMUframe/IMUframe,-0.241179599302,0.0989174373032,1.69975322416,-0.233185383532,0.969452555005,-0.0529722649736,-0.0545917543706
2018/10/02/14:06:16.087505,58581,1538481976,72056161,/world,vicon/IMUframe/IMUframe,-0.240886361535,0.0995365310107,1.69984818765,-0.234502253487,0.970016867157,-0.0503063681776,-0.0393095390555
2018/10/02/14:06:16.097783,58582,1538481976,82244601,/world,vicon/IMUframe/IMUframe,-0.240673897414,0.100744286589,1.69971427026,-0.236166004596,0.97023440566,-0.0477465368912,-0.0243122306956
2018/10/02/14:06:16.107649,58583,1538481976,92285602,/world,vicon/IMUframe/IMUframe,-0.240451057657,0.101245108385,1.6998853562,-0.236663454813,0.970476192266,-0.0455971044392,-0.0093420270082
2018/10/02/14:06:16.117760,58584,1538481976,102133212,/world,vicon/IMUframe/IMUframe,-0.240280411714,0.10163290572,1.70005545133,-0.237616226896,0.970380163732,-0.0432756166397,0.00529976936098
2018/10/02/14:06:16.127456,58585,1538481976,112155769,/world,vicon/IMUframe/IMUframe,-0.240154639917,0.102198148016,1.70020298214,-0.23845065236,0.970096201479,-0.04078723532,0.0197749260527
2018/10/02/14:06:16.137574,58586,1538481976,122232721,/world,vicon/IMUframe/IMUframe,-0.239982563657,0.10279102856,1.7003170581,-0.239302892189,0.969593984371,-0.0383767751946,0.0338947545521
2018/10/02/14:06:16.147578,58587,1538481976,132213981,/world,vicon/IMUframe/IMUframe,-0.240030004297,0.103200704037,1.70035366318,-0.240074373967,0.968915169836,-0.0359872304284,0.0476718771607
2018/10/02/14:06:16.157565,58588,1538481976,142218451,/world,vicon/IMUframe/IMUframe,-0.240097730371,0.103459243826,1.70045000805,-0.240826107434,0.968042080067,-0.0336722809829,0.0613473283218
2018/10/02/14:06:16.167763,58589,1538481976,152181973,/world,vicon/IMUframe/IMUframe,-0.240209930112,0.103927755287,1.70049212017,-0.241545490686,0.966955578148,-0.0310424561601,0.0754258028371
2018/10/02/14:06:16.178024,58590,1538481976,162266490,/world,vicon/IMUframe/IMUframe,-0.240295306438,0.104226878949,1.70033548735,-0.242046743362,0.965760300198,-0.0286676450793,0.0888739709654
2018/10/02/14:06:16.188010,58591,1538481976,172258325,/world,vicon/IMUframe/IMUframe,-0.240601670739,0.10411538191,1.70041372673,-0.243000576781,0.964309387035,-0.0263488943877,0.101803052633
2018/10/02/14:06:16.197780,58592,1538481976,182082379,/world,vicon/IMUframe/IMUframe,-0.24074181985,0.104001642139,1.70053058734,-0.24370955801,0.962732968804,-0.0237803593255,0.11482759521
2018/10/02/14:06:16.207840,58593,1538481976,192146013,/world,vicon/IMUframe/IMUframe,-0.240695316088,0.10477110415,1.70038947899,-0.244441018003,0.960973257625,-0.0210655243029,0.127809352289
2018/10/02/14:06:16.217984,58594,1538481976,202153588,/world,vicon/IMUframe/IMUframe,-0.241053256,0.104507889155,1.7003248474,-0.245177830466,0.959032129522,-0.0181336498252,0.140770652963
2018/10/02/14:06:16.227966,58595,1538481976,212206849,/world,vicon/IMUframe/IMUframe,-0.241356341498,0.104521989827,1.70042047582,-0.245437521995,0.957080852955,-0.0152889838066,0.153371805354
2018/10/02/14:06:16.237782,58596,1538481976,222182871,/world,vicon/IMUframe/IMUframe,-0.241652175204,0.104353053452,1.70053795638,-0.245546362159,0.954968192888,-0.0124208943332,0.16609773023
2018/10/02/14:06:16.248058,58597,1538481976,232177118,/world,vicon/IMUframe/IMUframe,-0.241963980609,0.10427434317,1.70034556693,-0.245114836795,0.952902019934,-0.00957385775716,0.178338998639
2018/10/02/14:06:16.258193,58598,1538481976,242169327,/world,vicon/IMUframe/IMUframe,-0.242080728138,0.103818684089,1.70021549139,-0.244867035651,0.950506712107,-0.00687237384391,0.191127956013
2018/10/02/14:06:16.268288,58599,1538481976,252260670,/world,vicon/IMUframe/IMUframe,-0.242323272992,0.103418693339,1.70006813784,-0.24458470185,0.94804921944,-0.00364958830532,0.203390465964
2018/10/02/14:06:16.278180,58600,1538481976,262150530,/world,vicon/IMUframe/IMUframe,-0.242515258281,0.103016720275,1.69992413681,-0.24409576249,0.94545040524,-0.000603088248645,0.215732302287
2018/10/02/14:06:16.287908,58601,1538481976,272163192,/world,vicon/IMUframe/IMUframe,-0.242785017601,0.102575384698,1.69979679612,-0.243799210274,0.942690546305,0.00291594394749,0.227789324262
2018/10/02/14:06:16.298162,58602,1538481976,282158154,/world,vicon/IMUframe/IMUframe,-0.243058632716,0.102037274452,1.69968739724,-0.243391120793,0.939769526036,0.0062062832719,0.239907236869
2018/10/02/14:06:16.308528,58603,1538481976,292338586,/world,vicon/IMUframe/IMUframe,-0.243425835134,0.101518786584,1.69959053103,-0.242903489619,0.936596768625,0.00928866457169,0.252384841943
2018/10/02/14:06:16.318275,58604,1538481976,302183126,/world,vicon/IMUframe/IMUframe,-0.243987124357,0.101238363215,1.69939430493,-0.242857937388,0.93292310075,0.0120758856266,0.265572369272
2018/10/02/14:06:16.327686,58605,1538481976,312145552,/world,vicon/IMUframe/IMUframe,-0.244395614,0.100735362558,1.69928954462,-0.242920882678,0.929085009123,0.014970646287,0.278507397267
2018/10/02/14:06:16.337817,58606,1538481976,322064852,/world,vicon/IMUframe/IMUframe,-0.245038126705,0.10004482363,1.69907550859,-0.242940130438,0.924790703913,0.0181403016024,0.292255327473
2018/10/02/14:06:16.347530,58607,1538481976,332223095,/world,vicon/IMUframe/IMUframe,-0.245664129508,0.0992815391243,1.69890915657,-0.243064879763,0.92027084696,0.0211986665775,0.305894833229
2018/10/02/14:06:16.358028,58608,1538481976,342157602,/world,vicon/IMUframe/IMUframe,-0.246360371209,0.0981643837178,1.69872023453,-0.243046332358,0.91547330872,0.0241716964919,0.319769964876
2018/10/02/14:06:16.367677,58609,1538481976,352194099,/world,vicon/IMUframe/IMUframe,-0.246954593255,0.097208375465,1.69854574364,-0.242819502581,0.910729639167,0.0266784185474,0.333014227164
2018/10/02/14:06:16.377439,58610,1538481976,362150775,/world,vicon/IMUframe/IMUframe,-0.247605951691,0.0962914971858,1.69825851107,-0.242077247836,0.905966571799,0.0286575628958,0.346124140955
2018/10/02/14:06:16.387809,58611,1538481976,372147500,/world,vicon/IMUframe/IMUframe,-0.248058171662,0.0952847380224,1.69792305431,-0.240783466336,0.90117355689,0.0301195763696,0.359168976697
2018/10/02/14:06:16.397825,58612,1538481976,382218122,/world,vicon/IMUframe/IMUframe,-0.248712115496,0.0943825705427,1.69736967692,-0.239312353118,0.895881255361,0.0314086683919,0.373014570073
2018/10/02/14:06:16.407674,58613,1538481976,392195304,/world,vicon/IMUframe/IMUframe,-0.249484977525,0.0932695805383,1.69676060099,-0.238227703315,0.890341261911,0.0329442831912,0.386593679356
2018/10/02/14:06:16.417716,58614,1538481976,402169519,/world,vicon/IMUframe/IMUframe,-0.250029981138,0.0921611181754,1.69613106834,-0.236703216966,0.884932776326,0.0346826681514,0.39957812877
2018/10/02/14:06:16.427299,58615,1538481976,412183779,/world,vicon/IMUframe/IMUframe,-0.250653606214,0.0910656392788,1.69545732597,-0.235463429348,0.879031153014,0.0368849432464,0.412917311857
2018/10/02/14:06:16.437794,58616,1538481976,422251833,/world,vicon/IMUframe/IMUframe,-0.251115963978,0.0899055353809,1.69479811248,-0.23430952729,0.872944332617,0.0394472429336,0.426041256919
2018/10/02/14:06:16.447885,58617,1538481976,432266524,/world,vicon/IMUframe/IMUframe,-0.251600805696,0.0887522792879,1.6942451289,-0.233234158304,0.866571292917,0.0422428080609,0.439171454968
2018/10/02/14:06:16.457803,58618,1538481976,442182445,/world,vicon/IMUframe/IMUframe,-0.252327762957,0.0875737554145,1.69349985576,-0.232651428875,0.859554151872,0.0448520544162,0.452800470247
2018/10/02/14:06:16.467226,58619,1538481976,452156849,/world,vicon/IMUframe/IMUframe,-0.252823968963,0.0863708247033,1.69294374253,-0.231697774728,0.852355296774,0.0479257575109,0.466379363838
2018/10/02/14:06:16.477724,58620,1538481976,462296935,/world,vicon/IMUframe/IMUframe,-0.2534192853,0.0851935828204,1.69240347014,-0.23101031981,0.844526803796,0.0511726727574,0.480406148351
2018/10/02/14:06:16.487466,58621,1538481976,472244559,/world,vicon/IMUframe/IMUframe,-0.253961061348,0.0841412564349,1.69174088427,-0.230157654268,0.835931729018,0.0543518641808,0.495269091973
2018/10/02/14:06:16.497711,58622,1538481976,482187764,/world,vicon/IMUframe/IMUframe,-0.254476267106,0.083093552146,1.69110368079,-0.22930747109,0.827024683171,0.0578835679905,0.509997793804
2018/10/02/14:06:16.507783,58623,1538481976,492162604,/world,vicon/IMUframe/IMUframe,-0.25488832374,0.0821217154908,1.69051486471,-0.228587614457,0.817566464572,0.0614941126091,0.524929759718
2018/10/02/14:06:16.517539,58624,1538481976,502232257,/world,vicon/IMUframe/IMUframe,-0.255474038139,0.0811427717463,1.68989244557,-0.228480014526,0.807875394046,0.0652478738127,0.539330089667
2018/10/02/14:06:16.527372,58625,1538481976,512222917,/world,vicon/IMUframe/IMUframe,-0.255933831746,0.0801361614012,1.68938015877,-0.228330626395,0.797770180848,0.0692421990913,0.553744870373
2018/10/02/14:06:16.537361,58626,1538481976,522183951,/world,vicon/IMUframe/IMUframe,-0.256353732196,0.0791604170134,1.68883368682,-0.228185256928,0.78729407313,0.0733579494439,0.568082865601
2018/10/02/14:06:16.547297,58627,1538481976,532164922,/world,vicon/IMUframe/IMUframe,-0.256726207012,0.078218606458,1.68827206135,-0.228082076953,0.776394211083,0.0775437292897,0.582389530484
2018/10/02/14:06:16.557339,58628,1538481976,542284647,/world,vicon/IMUframe/IMUframe,-0.257063825714,0.0773969344953,1.6876121003,-0.22783771161,0.765133134241,0.0817859711828,0.596634158403
2018/10/02/14:06:16.567621,58629,1538481976,552250528,/world,vicon/IMUframe/IMUframe,-0.257433464629,0.0766461949374,1.6869454337,-0.22787518149,0.753621861993,0.0865725617338,0.610436059176
2018/10/02/14:06:16.577621,58630,1538481976,562232206,/world,vicon/IMUframe/IMUframe,-0.257666941992,0.0758469279924,1.68613715315,-0.227486120214,0.741705882118,0.0910831719485,0.624360717318
2018/10/02/14:06:16.587493,58631,1538481976,572188866,/world,vicon/IMUframe/IMUframe,-0.257832770441,0.0749666264923,1.6855198319,-0.227177854919,0.729728455353,0.095879205056,0.637725475201
2018/10/02/14:06:16.597677,58632,1538481976,582146809,/world,vicon/IMUframe/IMUframe,-0.257938702436,0.0740950377777,1.68494965184,-0.226734290553,0.717618581628,0.101010580939,0.650701156698
2018/10/02/14:06:16.607851,58633,1538481976,592308881,/world,vicon/IMUframe/IMUframe,-0.258008290768,0.0732108154911,1.68432191201,-0.226402634304,0.705091193898,0.10647466907,0.663514431128
2018/10/02/14:06:16.617877,58634,1538481976,602244773,/world,vicon/IMUframe/IMUframe,-0.257944218324,0.0723791580321,1.68386515251,-0.225992691849,0.692320045566,0.11223200395,0.676035675854
2018/10/02/14:06:16.627459,58635,1538481976,612221561,/world,vicon/IMUframe/IMUframe,-0.25789377879,0.0715355583323,1.68328043048,-0.225858972189,0.678847363248,0.118192902179,0.68861049946
2018/10/02/14:06:16.637385,58636,1538481976,622092289,/world,vicon/IMUframe/IMUframe,-0.257774979926,0.0706557510268,1.68264844656,-0.22543532318,0.664544564499,0.124444887296,0.701479085136
2018/10/02/14:06:16.647713,58637,1538481976,632376118,/world,vicon/IMUframe/IMUframe,-0.25784549277,0.0698108266973,1.68189784253,-0.225200406616,0.649838105583,0.13127718994,0.713975848887
2018/10/02/14:06:16.657530,58638,1538481976,642204177,/world,vicon/IMUframe/IMUframe,-0.257944631468,0.0689652264082,1.68106479932,-0.224919963626,0.634573364195,0.138640464949,0.726296411182
2018/10/02/14:06:16.667376,58639,1538481976,652181732,/world,vicon/IMUframe/IMUframe,-0.257949964368,0.0681250553789,1.68016877878,-0.224237405844,0.618830262947,0.146107535964,0.738525070269
2018/10/02/14:06:16.677199,58640,1538481976,662136629,/world,vicon/IMUframe/IMUframe,-0.258111629511,0.0672124336044,1.6792938515,-0.223996401449,0.602417021484,0.15476990829,0.750310349024
2018/10/02/14:06:16.687564,58641,1538481976,672345145,/world,vicon/IMUframe/IMUframe,-0.257799982304,0.0664955068488,1.67831808859,-0.223215581293,0.585593897551,0.163173503883,0.761990156793
2018/10/02/14:06:16.697357,58642,1538481976,682228379,/world,vicon/IMUframe/IMUframe,-0.257744965501,0.0656984419254,1.67733759668,-0.222248146555,0.568128337165,0.172284696727,0.773404122783
2018/10/02/14:06:16.707492,58643,1538481976,692213456,/world,vicon/IMUframe/IMUframe,-0.257357195907,0.0648992515361,1.67610517099,-0.221291560458,0.549188138988,0.1820589953,0.785033091974
2018/10/02/14:06:16.717283,58644,1538481976,702160511,/world,vicon/IMUframe/IMUframe,-0.257225916405,0.0640729350532,1.67481205091,-0.22059685843,0.530498079532,0.192231404253,0.795585256828
2018/10/02/14:06:16.727476,58645,1538481976,712228996,/world,vicon/IMUframe/IMUframe,-0.256709017428,0.0633196541089,1.67314706511,-0.220115865637,0.510918312942,0.202463771905,0.805927977093
2018/10/02/14:06:16.737556,58646,1538481976,722215964,/world,vicon/IMUframe/IMUframe,-0.25640769401,0.0623413765786,1.67166742203,-0.219736903907,0.491646161598,0.212887471352,0.81527827727
2018/10/02/14:06:16.747522,58647,1538481976,732236516,/world,vicon/IMUframe/IMUframe,-0.255705851959,0.0613502533159,1.67017735675,-0.219501865221,0.471957939776,0.224609230298,0.823787186057
2018/10/02/14:06:16.757690,58648,1538481976,742181166,/world,vicon/IMUframe/IMUframe,-0.254985106666,0.0603799636826,1.6690569057,-0.218510534705,0.454215957464,0.235943151913,0.830825998193
2018/10/02/14:06:16.767406,58649,1538481976,752163579,/world,vicon/IMUframe/IMUframe,-0.254219901902,0.059372135514,1.66735614824,-0.217301199259,0.435335423007,0.246720226693,0.838088532326
2018/10/02/14:06:16.777670,58650,1538481976,762259604,/world,vicon/IMUframe/IMUframe,-0.253117216943,0.0589272510894,1.6659527709,-0.215482119221,0.415768339841,0.258204402385,0.845005698484
2018/10/02/14:06:16.788148,58651,1538481976,772257600,/world,vicon/IMUframe/IMUframe,-0.251960785039,0.0586538862652,1.66441246957,-0.213522640468,0.397170532193,0.26908328805,0.851033392093
2018/10/02/14:06:16.797389,58652,1538481976,782163624,/world,vicon/IMUframe/IMUframe,-0.250665343088,0.0581556404673,1.6626374711,-0.211379154379,0.377809718047,0.280649240721,0.856629834716
2018/10/02/14:06:16.807740,58653,1538481976,792109284,/world,vicon/IMUframe/IMUframe,-0.249193864819,0.0576171974589,1.66043558807,-0.209618492262,0.357616247313,0.292779162837,0.861656003964
2018/10/02/14:06:16.818360,58654,1538481976,802348271,/world,vicon/IMUframe/IMUframe,-0.247706612008,0.057331069964,1.65862939368,-0.207597827376,0.339041041987,0.304338572107,0.865639848577
2018/10/02/14:06:16.828055,58655,1538481976,812208371,/world,vicon/IMUframe/IMUframe,-0.24617958969,0.057141018244,1.65669123207,-0.205986163657,0.32045855186,0.315583453425,0.869070250812
2018/10/02/14:06:16.837511,58656,1538481976,822181775,/world,vicon/IMUframe/IMUframe,-0.244716789,0.0571972742366,1.65493622856,-0.204799456131,0.302798916012,0.326241950693,0.871743189729
2018/10/02/14:06:16.847556,58657,1538481976,832178661,/world,vicon/IMUframe/IMUframe,-0.243120546723,0.0573258961221,1.65320926569,-0.204166433998,0.285052258587,0.336910051041,0.87381513755
2018/10/02/14:06:16.857852,58658,1538481976,842220961,/world,vicon/IMUframe/IMUframe,-0.241410481309,0.0568989041511,1.65113129888,-0.203326864494,0.266381205471,0.34756119058,0.875728530054
2018/10/02/14:06:16.867652,58659,1538481976,852204760,/world,vicon/IMUframe/IMUframe,-0.239855018186,0.0573720218839,1.64935970369,-0.20270065573,0.247612468462,0.357873736394,0.877226822679
2018/10/02/14:06:16.877472,58660,1538481976,862231525,/world,vicon/IMUframe/IMUframe,-0.238271528764,0.0576475029676,1.64751955136,-0.203114197018,0.230654526275,0.367390977122,0.877819447499
2018/10/02/14:06:16.887580,58661,1538481976,872161579,/world,vicon/IMUframe/IMUframe,-0.236566746837,0.0578455248644,1.64609422122,-0.203195242063,0.213983231902,0.375650060937,0.878527120689
2018/10/02/14:06:16.897683,58662,1538481976,882266380,/world,vicon/IMUframe/IMUframe,-0.234786525265,0.0579166653153,1.64473726746,-0.203964345937,0.197559085705,0.383742415614,0.878698305279
2018/10/02/14:06:16.908533,58663,1538481976,892278315,/world,vicon/IMUframe/IMUframe,-0.233217359554,0.058038933501,1.64342956537,-0.204569250458,0.181776872909,0.391257124086,0.878650358843
2018/10/02/14:06:16.917410,58664,1538481976,902193049,/world,vicon/IMUframe/IMUframe,-0.231645388255,0.0580568615547,1.64223940034,-0.204860526282,0.166600472844,0.398071821793,0.878530177008
2018/10/02/14:06:16.927395,58665,1538481976,912203373,/world,vicon/IMUframe/IMUframe,-0.230099612416,0.0580546535334,1.64099500718,-0.204755859325,0.152271313686,0.404318198579,0.8783024988
2018/10/02/14:06:16.937583,58666,1538481976,922185759,/world,vicon/IMUframe/IMUframe,-0.228554501096,0.0580671391708,1.63982617123,-0.203807166143,0.138712408154,0.410118092844,0.878080097016
2018/10/02/14:06:16.947908,58667,1538481976,932307972,/world,vicon/IMUframe/IMUframe,-0.227063346286,0.0581066976419,1.6384699677,-0.201754318184,0.125689264785,0.415422702362,0.878021287996
2018/10/02/14:06:16.957793,58668,1538481976,942245533,/world,vicon/IMUframe/IMUframe,-0.225508254904,0.058328426052,1.63717793288,-0.199040172016,0.114236363195,0.419815391541,0.878116222531
2018/10/02/14:06:16.967630,58669,1538481976,952210602,/world,vicon/IMUframe/IMUframe,-0.223660688411,0.0587212261051,1.63572936217,-0.196129545452,0.102022107052,0.424608002485,0.877970805494
2018/10/02/14:06:16.977534,58670,1538481976,962173421,/world,vicon/IMUframe/IMUframe,-0.221040565174,0.0586360630491,1.63437907949,-0.194909446163,0.0872921324214,0.42764952788,0.878354297944
2018/10/02/14:06:16.987840,58671,1538481976,972356736,/world,vicon/IMUframe/IMUframe,-0.219082497175,0.0589071391435,1.6335048002,-0.191215282222,0.0795485965216,0.432625703942,0.877464379291
2018/10/02/14:06:16.997864,58672,1538481976,982185357,/world,vicon/IMUframe/IMUframe,-0.217273676389,0.0589022528057,1.63237168923,-0.187085212283,0.0720705565502,0.437182060754,0.876742153645
2018/10/02/14:06:17.007375,58673,1538481976,992191510,/world,vicon/IMUframe/IMUframe,-0.216120067762,0.0590441302513,1.6305401436,-0.182561388992,0.0617895057291,0.435767193892,0.879181635931
2018/10/02/14:06:17.017393,58674,1538481977,2197985,/world,vicon/IMUframe/IMUframe,-0.214493384545,0.0587712284906,1.62849825031,-0.177836373531,0.0512071089524,0.434833224544,0.881290033459
2018/10/02/14:06:17.027908,58675,1538481977,12238650,/world,vicon/IMUframe/IMUframe,-0.213895163545,0.0593402402904,1.62629770703,-0.170264233239,0.0445397762005,0.434826293838,0.883149134293
2018/10/02/14:06:17.037610,58676,1538481977,22151794,/world,vicon/IMUframe/IMUframe,-0.212736754194,0.0596191988042,1.6245942802,-0.165950731736,0.0358021193324,0.431711922543,0.885891290634
2018/10/02/14:06:17.047581,58677,1538481977,32135678,/world,vicon/IMUframe/IMUframe,-0.211250671068,0.0597710148017,1.62264756563,-0.16090415391,0.0266004298992,0.429016454567,0.888452110186
2018/10/02/14:06:17.057429,58678,1538481977,42192775,/world,vicon/IMUframe/IMUframe,-0.209689407723,0.0598070747491,1.62086929219,-0.156391328633,0.0179039633133,0.426038128421,0.890905558159
2018/10/02/14:06:17.067794,58679,1538481977,52253007,/world,vicon/IMUframe/IMUframe,-0.208363933291,0.0596785286998,1.61909070138,-0.151167797143,0.0101901668628,0.421584020299,0.894042153053
2018/10/02/14:06:17.077578,58680,1538481977,62216360,/world,vicon/IMUframe/IMUframe,-0.207257163581,0.0596079031995,1.61698589713,-0.144435935671,0.00278125096261,0.416421350588,0.897621180624
2018/10/02/14:06:17.088007,58681,1538481977,72217400,/world,vicon/IMUframe/IMUframe,-0.206332813187,0.0594982430873,1.6147401245,-0.136435802804,-0.00380730081453,0.41073737096,0.901479666033
2018/10/02/14:06:17.098052,58682,1538481977,82181196,/world,vicon/IMUframe/IMUframe,-0.20542963685,0.0596092712753,1.61180890098,-0.12631366012,-0.011896027492,0.403821728487,0.905997436751
2018/10/02/14:06:17.107969,58683,1538481977,92088561,/world,vicon/IMUframe/IMUframe,-0.205000260749,0.0593644560273,1.6092571023,-0.1155603165,-0.017498354063,0.39675183658,0.910454612282
2018/10/02/14:06:17.118077,58684,1538481977,102254641,/world,vicon/IMUframe/IMUframe,-0.204682865394,0.0591513428541,1.60636555829,-0.10368904549,-0.0236613029419,0.388120071465,0.915451546896
2018/10/02/14:06:17.127914,58685,1538481977,112187149,/world,vicon/IMUframe/IMUframe,-0.204593464574,0.0592481686017,1.60311083128,-0.0905463509787,-0.0307303356446,0.377943674407,0.920877616066
2018/10/02/14:06:17.138088,58686,1538481977,122167838,/world,vicon/IMUframe/IMUframe,-0.204547114582,0.0595415122075,1.59969862614,-0.0763350919507,-0.0381183465838,0.366803921979,0.926377260198
2018/10/02/14:06:17.148181,58687,1538481977,132154519,/world,vicon/IMUframe/IMUframe,-0.204472976608,0.0600071614051,1.59612720545,-0.0610983580455,-0.0459954953715,0.354128976037,0.932064414824
2018/10/02/14:06:17.158539,58688,1538481977,142404231,/world,vicon/IMUframe/IMUframe,-0.204507013648,0.0603603761178,1.59293018345,-0.0467875724213,-0.0514701694869,0.342998540709,0.936757036692
2018/10/02/14:06:17.168157,58689,1538481977,152190686,/world,vicon/IMUframe/IMUframe,-0.20475874233,0.0608816318382,1.58929791557,-0.0314534272084,-0.0579853580112,0.329909059415,0.941705045484
2018/10/02/14:06:17.178073,58690,1538481977,162144614,/world,vicon/IMUframe/IMUframe,-0.205285763308,0.0612523962474,1.58564537091,-0.0157930852781,-0.0633816081021,0.316358987658,0.946388049977
2018/10/02/14:06:17.187730,58691,1538481977,172129705,/world,vicon/IMUframe/IMUframe,-0.20552232063,0.0617590950439,1.58171241351,8.01597471139e-05,-0.0697363331264,0.301810196057,0.950814094854
2018/10/02/14:06:17.198291,58692,1538481977,182223950,/world,vicon/IMUframe/IMUframe,-0.206779638227,0.0621886882604,1.57812138328,0.0150546068782,-0.0730215569795,0.288084931303,0.954698006379
2018/10/02/14:06:17.208389,58693,1538481977,192275103,/world,vicon/IMUframe/IMUframe,-0.207686357494,0.0624266603168,1.57456429625,0.0316191899015,-0.0756920887915,0.273511489426,0.958364439906
2018/10/02/14:06:17.218059,58694,1538481977,202157458,/world,vicon/IMUframe/IMUframe,-0.20880393097,0.0630021663372,1.57125067416,0.045919461552,-0.0779617441083,0.258719873911,0.961705462369
2018/10/02/14:06:17.227803,58695,1538481977,212104070,/world,vicon/IMUframe/IMUframe,-0.210322965295,0.0636883922859,1.5685009916,0.0594291837007,-0.0771003889025,0.243743108476,0.964941966766
2018/10/02/14:06:17.238331,58696,1538481977,222279967,/world,vicon/IMUframe/IMUframe,-0.211764841077,0.064463397787,1.56537388164,0.0731972377985,-0.0780979451536,0.227651457239,0.967841768761
2018/10/02/14:06:17.247848,58697,1538481977,232241131,/world,vicon/IMUframe/IMUframe,-0.212819050936,0.0653101126603,1.56260652751,0.0863665183083,-0.0790008126325,0.213078983522,0.96999847572
2018/10/02/14:06:17.257940,58698,1538481977,242151810,/world,vicon/IMUframe/IMUframe,-0.213962791237,0.0661907996238,1.5600472731,0.0987300810791,-0.0795035803231,0.197608559658,0.972050620573
2018/10/02/14:06:17.267802,58699,1538481977,252214100,/world,vicon/IMUframe/IMUframe,-0.215134622764,0.0670199603367,1.55756345024,0.109879521079,-0.0795553390414,0.182418609476,0.973817688171
2018/10/02/14:06:17.277795,58700,1538481977,262146932,/world,vicon/IMUframe/IMUframe,-0.216260154541,0.0680114557015,1.55519676993,0.120060231721,-0.0795480049177,0.166547741985,0.975458612814
2018/10/02/14:06:17.288039,58701,1538481977,272368995,/world,vicon/IMUframe/IMUframe,-0.217194894698,0.0687586257816,1.55313112061,0.129114774415,-0.0786359630696,0.152605259629,0.976656231779
2018/10/02/14:06:17.297605,58702,1538481977,282217844,/world,vicon/IMUframe/IMUframe,-0.217924797961,0.0692478598966,1.55119795474,0.136709276811,-0.0774514979484,0.139939327967,0.977613841753
2018/10/02/14:06:17.307415,58703,1538481977,292239679,/world,vicon/IMUframe/IMUframe,-0.218910778196,0.0695892175409,1.5495181612,0.143196361092,-0.0748887432578,0.128427774008,0.978464503785
2018/10/02/14:06:17.317730,58704,1538481977,302161197,/world,vicon/IMUframe/IMUframe,-0.219607219358,0.0698105953711,1.54791051938,0.148520955739,-0.0725056946453,0.117781699656,0.979189420478
2018/10/02/14:06:17.328267,58705,1538481977,312350694,/world,vicon/IMUframe/IMUframe,-0.220728793214,0.0699307349058,1.54658873214,0.153069497031,-0.0680871822789,0.108730296579,0.979852839611
2018/10/02/14:06:17.338051,58706,1538481977,322257913,/world,vicon/IMUframe/IMUframe,-0.221724734384,0.070296056197,1.54543473987,0.156922216293,-0.0637354579566,0.100667955822,0.98039745619
2018/10/02/14:06:17.348089,58707,1538481977,332204749,/world,vicon/IMUframe/IMUframe,-0.222511104849,0.0703211410883,1.54457748041,0.159274193387,-0.059726407494,0.0934586372964,0.980984184726
2018/10/02/14:06:17.357602,58708,1538481977,342191572,/world,vicon/IMUframe/IMUframe,-0.223139121416,0.0704626785358,1.54381696959,0.161586780912,-0.0558377270761,0.0869808185788,0.981430689182
2018/10/02/14:06:17.367828,58709,1538481977,352201065,/world,vicon/IMUframe/IMUframe,-0.22361021105,0.0703032268024,1.54311882151,0.16251456488,-0.0521006019279,0.081689871244,0.981937527757
2018/10/02/14:06:17.377755,58710,1538481977,362237375,/world,vicon/IMUframe/IMUframe,-0.223963414134,0.0700681097802,1.54264784763,0.162231577688,-0.0482314713594,0.0779216483043,0.982488095143
2018/10/02/14:06:17.387810,58711,1538481977,372197740,/world,vicon/IMUframe/IMUframe,-0.224204526171,0.0697036500256,1.54230631992,0.160771685475,-0.0442757305031,0.0752342592926,0.983123558393
2018/10/02/14:06:17.397620,58712,1538481977,382146199,/world,vicon/IMUframe/IMUframe,-0.224496200467,0.0691909189501,1.54187279361,0.15857531478,-0.0399044572744,0.0739122540297,0.983767494145
2018/10/02/14:06:17.407703,58713,1538481977,392293596,/world,vicon/IMUframe/IMUframe,-0.22464207241,0.0687069051984,1.54168178879,0.156530442532,-0.0358290239891,0.0733571697544,0.984293262827
2018/10/02/14:06:17.417783,58714,1538481977,402355691,/world,vicon/IMUframe/IMUframe,-0.22472939082,0.0682372112037,1.54153175819,0.154364931209,-0.0320746299855,0.0732978019785,0.984769068538
2018/10/02/14:06:17.427528,58715,1538481977,412342784,/world,vicon/IMUframe/IMUframe,-0.224777040135,0.0678399693783,1.54140266773,0.152247697505,-0.0288313671653,0.0734149291833,0.985190153749
2018/10/02/14:06:17.437613,58716,1538481977,422221198,/world,vicon/IMUframe/IMUframe,-0.224772351987,0.0675094971524,1.54137723767,0.150250949894,-0.0258409125492,0.0737495314419,0.985554618429
2018/10/02/14:06:17.447225,58717,1538481977,432191819,/world,vicon/IMUframe/IMUframe,-0.224716909555,0.0672684534176,1.54130659811,0.147986479568,-0.0237080675853,0.0740593032336,0.985927557684
2018/10/02/14:06:17.457417,58718,1538481977,442212360,/world,vicon/IMUframe/IMUframe,-0.224606975331,0.0670875535418,1.54126737801,0.14544439808,-0.0221205040798,0.0741093091527,0.98633889747
2018/10/02/14:06:17.467606,58719,1538481977,452300984,/world,vicon/IMUframe/IMUframe,-0.224509080484,0.066939714461,1.54118379194,0.142418042345,-0.0211689953242,0.0738623807334,0.986819802985
2018/10/02/14:06:17.477396,58720,1538481977,462222095,/world,vicon/IMUframe/IMUframe,-0.224429196998,0.0668896249341,1.54122764884,0.139283668975,-0.0201944286184,0.0733435789764,0.98732616902
2018/10/02/14:06:17.487370,58721,1538481977,472194616,/world,vicon/IMUframe/IMUframe,-0.224428072951,0.0670315658153,1.54130034564,0.136109344261,-0.0191824729771,0.0720172431946,0.987886529829
2018/10/02/14:06:17.497955,58722,1538481977,482400496,/world,vicon/IMUframe/IMUframe,-0.224517991405,0.0673269425841,1.54139533722,0.133030117482,-0.0181969462339,0.0704607378198,0.988436716951
2018/10/02/14:06:17.507896,58723,1538481977,492207839,/world,vicon/IMUframe/IMUframe,-0.224664387806,0.0678397887269,1.54152993936,0.130307974358,-0.0171884619372,0.0676395665684,0.989014295968
2018/10/02/14:06:17.517732,58724,1538481977,502221782,/world,vicon/IMUframe/IMUframe,-0.224882326061,0.0684848526387,1.5417367174,0.127889636149,-0.0161470763311,0.064246598504,0.98957358871
2018/10/02/14:06:17.527638,58725,1538481977,512170388,/world,vicon/IMUframe/IMUframe,-0.225162971234,0.0693550551975,1.54202629927,0.125779906739,-0.0150261858216,0.0597706220404,0.990141960297
2018/10/02/14:06:17.537832,58726,1538481977,522278627,/world,vicon/IMUframe/IMUframe,-0.225295854137,0.070315384743,1.54245815783,0.124065983882,-0.0140934567266,0.0540292075346,0.9907016962
2018/10/02/14:06:17.547722,58727,1538481977,532242207,/world,vicon/IMUframe/IMUframe,-0.225568005922,0.0715709070164,1.54290167139,0.122442556395,-0.0129221780569,0.0474649903961,0.99125572502
2018/10/02/14:06:17.557584,58728,1538481977,542202686,/world,vicon/IMUframe/IMUframe,-0.225949665019,0.0730810408214,1.54340113021,0.120880991775,-0.0116723054339,0.0396803385445,0.991804927315
2018/10/02/14:06:17.567418,58729,1538481977,552157393,/world,vicon/IMUframe/IMUframe,-0.226462156279,0.0747285082343,1.54406143625,0.119341376252,-0.00977189541374,0.0308813140141,0.992324790791
2018/10/02/14:06:17.577609,58730,1538481977,562419700,/world,vicon/IMUframe/IMUframe,-0.22718215786,0.0765298566644,1.54484379974,0.117782454207,-0.00715598870199,0.0209532075315,0.992792550537
2018/10/02/14:06:17.587398,58731,1538481977,572224516,/world,vicon/IMUframe/IMUframe,-0.228009901567,0.0785535142048,1.54579616654,0.116616777618,-0.0036870943917,0.0103081837213,0.993116646654
2018/10/02/14:06:17.597532,58732,1538481977,582225116,/world,vicon/IMUframe/IMUframe,-0.228929043642,0.0808831912887,1.54687072578,0.11492161377,-7.06894084434e-05,-0.00199669986823,0.99337255392
2018/10/02/14:06:17.607794,58733,1538481977,592126464,/world,vicon/IMUframe/IMUframe,-0.229509977032,0.083343042237,1.54815182164,0.113865040558,0.00347603853187,-0.0150923366554,0.993375503558
2018/10/02/14:06:17.616538,58734,1538481977,602129585,/world,vicon/IMUframe/IMUframe,-0.230116174458,0.0861619963345,1.5494298114,0.112836424016,0.00726166998369,-0.0295769942802,0.993146721776
2018/10/02/14:06:17.626773,58735,1538481977,612183048,/world,vicon/IMUframe/IMUframe,-0.230844158677,0.0888700873109,1.55072142828,0.111451807881,0.011269454551,-0.0441670756527,0.992723910935
2018/10/02/14:06:17.636743,58736,1538481977,622142124,/world,vicon/IMUframe/IMUframe,-0.231415155844,0.0916113670967,1.55212349856,0.109616848676,0.0153444318497,-0.0590175880217,0.992101617377
2018/10/02/14:06:17.646366,58737,1538481977,632094190,/world,vicon/IMUframe/IMUframe,-0.232069087664,0.0946367621227,1.55349132194,0.108076738282,0.0195456686901,-0.0748003377986,0.991131825209
2018/10/02/14:06:17.656066,58738,1538481977,642064664,/world,vicon/IMUframe/IMUframe,-0.23254009307,0.0978057073806,1.55492290056,0.106001560537,0.0234492459088,-0.0907607283419,0.989937519352
2018/10/02/14:06:17.666375,58739,1538481977,652322939,/world,vicon/IMUframe/IMUframe,-0.232807014544,0.100930265928,1.55640136268,0.103387131573,0.0271042232215,-0.107143526277,0.988482031645
2018/10/02/14:06:17.676132,58740,1538481977,662128818,/world,vicon/IMUframe/IMUframe,-0.233016179909,0.104103165099,1.55781120519,0.100294328165,0.0305951372102,-0.123387419133,0.986803187123
2018/10/02/14:06:17.686278,58741,1538481977,672064576,/world,vicon/IMUframe/IMUframe,-0.233118385665,0.107150682358,1.55924266284,0.0964412984195,0.0340873934702,-0.139710750617,0.98489493436
2018/10/02/14:06:17.695794,58742,1538481977,682025935,/world,vicon/IMUframe/IMUframe,-0.233150106759,0.11019554848,1.56071987415,0.0919138996042,0.0375677077297,-0.15550417212,0.982832109187
2018/10/02/14:06:17.706012,58743,1538481977,692001661,/world,vicon/IMUframe/IMUframe,-0.233031207375,0.113287821993,1.56223652354,0.0866781387219,0.040980111853,-0.171463300475,0.980514083168
2018/10/02/14:06:17.716227,58744,1538481977,702119723,/world,vicon/IMUframe/IMUframe,-0.23309645164,0.116290549348,1.56371453572,0.0805603247522,0.0447242881598,-0.186560460546,0.978112962129
2018/10/02/14:06:17.726097,58745,1538481977,712166968,/world,vicon/IMUframe/IMUframe,-0.233185942296,0.119125120626,1.56519837934,0.0736126546758,0.0488770404144,-0.200903593813,0.975617731483
2018/10/02/14:06:17.736148,58746,1538481977,722112158,/world,vicon/IMUframe/IMUframe,-0.233051529281,0.121771056468,1.5666919068,0.0662746659706,0.0528793216316,-0.214850693294,0.972959724544
2018/10/02/14:06:17.748573,58747,1538481977,732220209,/world,vicon/IMUframe/IMUframe,-0.232980203577,0.12422519001,1.56824149688,0.0576780566177,0.057303534649,-0.227821212073,0.970302551801
2018/10/02/14:06:17.758441,58748,1538481977,742276749,/world,vicon/IMUframe/IMUframe,-0.232893380838,0.126601355306,1.56966937721,0.049160453608,0.0618508382157,-0.239848819605,0.967589927266
2018/10/02/14:06:17.768477,58749,1538481977,752273698,/world,vicon/IMUframe/IMUframe,-0.232736548737,0.128675799315,1.57100924072,0.0410597688808,0.0666248962345,-0.250075584679,0.965058247221
2018/10/02/14:06:17.778190,58750,1538481977,762150727,/world,vicon/IMUframe/IMUframe,-0.232783728693,0.130675961651,1.57245298377,0.0321759216659,0.0717036946672,-0.26053498159,0.962260262925
2018/10/02/14:06:17.788229,58751,1538481977,772139713,/world,vicon/IMUframe/IMUframe,-0.232799276667,0.132348477219,1.57368992449,0.0238356804362,0.0772333104283,-0.269091356964,0.959716998758
2018/10/02/14:06:17.798598,58752,1538481977,782239922,/world,vicon/IMUframe/IMUframe,-0.232825323537,0.133866815644,1.57505863177,0.0158522260263,0.0829286383597,-0.276834512464,0.957201233064
2018/10/02/14:06:17.808345,58753,1538481977,792190984,/world,vicon/IMUframe/IMUframe,-0.232725607646,0.135262986613,1.57645050975,0.00796932811323,0.0894672277307,-0.283524232372,0.954749241754
2018/10/02/14:06:17.818323,58754,1538481977,802177497,/world,vicon/IMUframe/IMUframe,-0.232760996153,0.136633059279,1.57783850865,0.000551028081569,0.095739994889,-0.289410976316,0.952404765073
2018/10/02/14:06:17.828160,58755,1538481977,812146883,/world,vicon/IMUframe/IMUframe,-0.232740144328,0.137735214635,1.57920087488,-0.00667035180008,0.101845622002,-0.294351329423,0.95023169309
2018/10/02/14:06:17.836986,58756,1538481977,822173680,/world,vicon/IMUframe/IMUframe,-0.23257034308,0.138979249487,1.58065458195,-0.0138844531682,0.10796662799,-0.29963300168,0.947824083628
2018/10/02/14:06:17.847815,58757,1538481977,832220838,/world,vicon/IMUframe/IMUframe,-0.232333508301,0.139814170977,1.58192066281,-0.0214053011598,0.114000624872,-0.3031552923,0.945855453736
2018/10/02/14:06:17.858071,58758,1538481977,842227293,/world,vicon/IMUframe/IMUframe,-0.231950675178,0.140387689528,1.58315074093,-0.0292892258792,0.119824111258,-0.305459523623,0.944181551947
2018/10/02/14:06:17.867356,58759,1538481977,852198612,/world,vicon/IMUframe/IMUframe,-0.231610170697,0.141015391841,1.58418348406,-0.0368457300547,0.125358152378,-0.307414616871,0.94256245371
2018/10/02/14:06:17.877978,58760,1538481977,862117825,/world,vicon/IMUframe/IMUframe,-0.231378275186,0.14163302886,1.58516112709,-0.0438120772155,0.130646452514,-0.308872641569,0.941068380951
2018/10/02/14:06:17.887635,58761,1538481977,872205971,/world,vicon/IMUframe/IMUframe,-0.231009651329,0.141999287256,1.58608340913,-0.0506548226783,0.13561783695,-0.309332933847,0.939869686328
2018/10/02/14:06:17.897723,58762,1538481977,882143343,/world,vicon/IMUframe/IMUframe,-0.230591310949,0.142208309059,1.58707002844,-0.0575053742229,0.140259324299,-0.309122934673,0.938862857473
2018/10/02/14:06:17.907841,58763,1538481977,892151983,/world,vicon/IMUframe/IMUframe,-0.230237629449,0.142387953164,1.5879601439,-0.0637863692997,0.14465032242,-0.308495816698,0.937996756069
2018/10/02/14:06:17.917630,58764,1538481977,902110788,/world,vicon/IMUframe/IMUframe,-0.229885847621,0.142524984311,1.58876104058,-0.0696957648214,0.148672840624,-0.307460902718,0.937286871841
2018/10/02/14:06:17.927801,58765,1538481977,912200019,/world,vicon/IMUframe/IMUframe,-0.229559513282,0.142569580833,1.58950550223,-0.0753935302619,0.152506580346,-0.30612986436,0.936665396336
2018/10/02/14:06:17.937912,58766,1538481977,922225226,/world,vicon/IMUframe/IMUframe,-0.22918836009,0.142606275938,1.5902351779,-0.0809608802223,0.155931677161,-0.304589256751,0.936138896
2018/10/02/14:06:17.947871,58767,1538481977,932161410,/world,vicon/IMUframe/IMUframe,-0.228731027231,0.142463606987,1.59103860579,-0.0868428911396,0.159197844334,-0.302281181826,0.93581004789
2018/10/02/14:06:17.957757,58768,1538481977,942184762,/world,vicon/IMUframe/IMUframe,-0.228540722784,0.142612114442,1.59164672738,-0.0920835103059,0.16214128659,-0.300735079269,0.935301685238
2018/10/02/14:06:17.967549,58769,1538481977,952099562,/world,vicon/IMUframe/IMUframe,-0.228242835783,0.14257424408,1.59226731865,-0.0975741707674,0.164826659737,-0.298538514976,0.93497925566
2018/10/02/14:06:17.977931,58770,1538481977,962155832,/world,vicon/IMUframe/IMUframe,-0.227960751091,0.142435995686,1.59284645872,-0.103100068621,0.16730316041,-0.295855238366,0.934799286638
2018/10/02/14:06:17.988128,58771,1538481977,972191878,/world,vicon/IMUframe/IMUframe,-0.2277304297,0.142288945313,1.593404621,-0.108571355913,0.169593794766,-0.293142334237,0.934621729541
2018/10/02/14:06:17.998152,58772,1538481977,982148840,/world,vicon/IMUframe/IMUframe,-0.227447437765,0.142052645813,1.5941211823,-0.114579272998,0.171825277388,-0.289722696192,0.934563226091
2018/10/02/14:06:18.007792,58773,1538481977,992131008,/world,vicon/IMUframe/IMUframe,-0.227323783977,0.141871981573,1.59470473623,-0.120260361987,0.173915571942,-0.286619045613,0.934419788886
2018/10/02/14:06:18.018614,58774,1538481978,2280292,/world,vicon/IMUframe/IMUframe,-0.227157533572,0.141755115527,1.59518403617,-0.125948088392,0.175926361702,-0.28308277626,0.934372054416
2018/10/02/14:06:18.028083,58775,1538481978,12192364,/world,vicon/IMUframe/IMUframe,-0.227198721414,0.141538332288,1.59566561083,-0.131244562084,0.177674908298,-0.279811207216,0.934297693565
2018/10/02/14:06:18.037818,58776,1538481978,22148335,/world,vicon/IMUframe/IMUframe,-0.227147608893,0.141164935857,1.59616300138,-0.136937147295,0.179054616415,-0.275854154346,0.934394000174
2018/10/02/14:06:18.047600,58777,1538481978,32106890,/world,vicon/IMUframe/IMUframe,-0.227237095617,0.140871060401,1.59665218251,-0.142531892476,0.179230588741,-0.271521122211,0.934792669997
2018/10/02/14:06:18.057755,58778,1538481978,42197402,/world,vicon/IMUframe/IMUframe,-0.227529073219,0.140810621959,1.59694013208,-0.147930402627,0.178056465851,-0.266526954,0.935615238086
2018/10/02/14:06:18.067706,58779,1538481978,52208222,/world,vicon/IMUframe/IMUframe,-0.228060248868,0.140474959647,1.59702704234,-0.153492730179,0.175019399856,-0.261288213737,0.936769267653
2018/10/02/14:06:18.077888,58780,1538481978,62174527,/world,vicon/IMUframe/IMUframe,-0.228755167078,0.139507768759,1.59692528234,-0.159570844767,0.170008430075,-0.254587768593,0.93851976393
2018/10/02/14:06:18.087723,58781,1538481978,72128367,/world,vicon/IMUframe/IMUframe,-0.229675947855,0.138598899197,1.59672379345,-0.1654509865,0.164120626679,-0.247638672237,0.940407081522
2018/10/02/14:06:18.097790,58782,1538481978,82091353,/world,vicon/IMUframe/IMUframe,-0.230806037288,0.137556967076,1.59658595113,-0.171636607914,0.157752951624,-0.240133062616,0.942332740234
2018/10/02/14:06:18.108152,58783,1538481978,92210355,/world,vicon/IMUframe/IMUframe,-0.231958176084,0.136230548175,1.59657089855,-0.177505684634,0.151335203442,-0.232527114646,0.944203648095
2018/10/02/14:06:18.117949,58784,1538481978,102145844,/world,vicon/IMUframe/IMUframe,-0.233061355657,0.134987024793,1.59657807188,-0.183582479841,0.144286616935,-0.224265902591,0.946141453591
2018/10/02/14:06:18.127898,58785,1538481978,112106974,/world,vicon/IMUframe/IMUframe,-0.234259347506,0.133620358782,1.59643238786,-0.19007610154,0.137695887286,-0.215263730754,0.947930611633
2018/10/02/14:06:18.138022,58786,1538481978,122100885,/world,vicon/IMUframe/IMUframe,-0.235486483701,0.132293807344,1.59638270161,-0.196595785343,0.131059641346,-0.206991779962,0.949382889368
2018/10/02/14:06:18.148085,58787,1538481978,132182944,/world,vicon/IMUframe/IMUframe,-0.236478597648,0.131381646522,1.59638760887,-0.203405027372,0.124481966258,-0.197305229869,0.950894989566
2018/10/02/14:06:18.158286,58788,1538481978,142183465,/world,vicon/IMUframe/IMUframe,-0.237625739484,0.129887802412,1.59737547275,-0.213343429588,0.118074963129,-0.18946269869,0.951129207804
2018/10/02/14:06:18.167887,58789,1538481978,152137358,/world,vicon/IMUframe/IMUframe,-0.238711066065,0.128290644185,1.59777187949,-0.22065449144,0.11198134246,-0.18117913968,0.951811900374
2018/10/02/14:06:18.177897,58790,1538481978,162165952,/world,vicon/IMUframe/IMUframe,-0.239813245401,0.126978265084,1.59809671583,-0.226548320885,0.107459321984,-0.17343907554,0.952390276882
2018/10/02/14:06:18.187783,58791,1538481978,172099271,/world,vicon/IMUframe/IMUframe,-0.240848272647,0.125579200397,1.59855892357,-0.233973065704,0.102911973983,-0.164942633079,0.952606769832
2018/10/02/14:06:18.197974,58792,1538481978,182171166,/world,vicon/IMUframe/IMUframe,-0.241857996542,0.124008518786,1.59908249361,-0.240313899457,0.0986298760427,-0.156216508206,0.952952139325
2018/10/02/14:06:18.208198,58793,1538481978,192193507,/world,vicon/IMUframe/IMUframe,-0.242735497964,0.122294869979,1.59964309194,-0.246195290369,0.0946892242915,-0.146849958065,0.953339876235
2018/10/02/14:06:18.218100,58794,1538481978,202122301,/world,vicon/IMUframe/IMUframe,-0.243671830558,0.120759795755,1.60026691461,-0.251826574902,0.0909066217367,-0.138862506724,0.953434091337
2018/10/02/14:06:18.227968,58795,1538481978,212133637,/world,vicon/IMUframe/IMUframe,-0.244458371933,0.118458201335,1.60045678911,-0.252989438694,0.0834522414758,-0.127951345047,0.955332675356
2018/10/02/14:06:18.238002,58796,1538481978,222257231,/world,vicon/IMUframe/IMUframe,-0.245542517929,0.117368905543,1.60105202062,-0.257933395764,0.0798378165832,-0.120857980151,0.955243233437
2018/10/02/14:06:18.248212,58797,1538481978,232171411,/world,vicon/IMUframe/IMUframe,-0.246319055826,0.116424246624,1.60206410922,-0.267399973955,0.0789117269594,-0.11480029937,0.953462681253
2018/10/02/14:06:18.258297,58798,1538481978,242127423,/world,vicon/IMUframe/IMUframe,-0.246892449447,0.114860083326,1.60262143166,-0.271544588559,0.075460594179,-0.107348585001,0.953438784846
2018/10/02/14:06:18.268304,58799,1538481978,252133502,/world,vicon/IMUframe/IMUframe,-0.247601659961,0.113657094122,1.60325305819,-0.275655764336,0.0724579663997,-0.100648672654,0.953222737552
2018/10/02/14:06:18.278302,58800,1538481978,262217397,/world,vicon/IMUframe/IMUframe,-0.24828468436,0.112464601316,1.60384760954,-0.279683359646,0.0695154334524,-0.0942876051307,0.952919026134
2018/10/02/14:06:18.287802,58801,1538481978,272147284,/world,vicon/IMUframe/IMUframe,-0.248843614269,0.111160248402,1.60438321465,-0.283565522268,0.0665493803844,-0.087608629305,0.952620859851
2018/10/02/14:06:18.297541,58802,1538481978,282184212,/world,vicon/IMUframe/IMUframe,-0.249417943106,0.109855502909,1.60503299846,-0.288006047861,0.0634726797928,-0.0814536241601,0.952044664092
2018/10/02/14:06:18.307617,58803,1538481978,292109406,/world,vicon/IMUframe/IMUframe,-0.249821181618,0.108531249489,1.60538853621,-0.291269280406,0.0603419179355,-0.0744124264924,0.951831839147
2018/10/02/14:06:18.317661,58804,1538481978,302151925,/world,vicon/IMUframe/IMUframe,-0.250517819839,0.107083371216,1.60576719757,-0.295043813273,0.0575665955325,-0.0681961470444,0.95130674383
2018/10/02/14:06:18.327915,58805,1538481978,312214774,/world,vicon/IMUframe/IMUframe,-0.25119909163,0.105816222768,1.60617858849,-0.298192098532,0.0542827401841,-0.0620761605674,0.950937120308
2018/10/02/14:06:18.337852,58806,1538481978,322175519,/world,vicon/IMUframe/IMUframe,-0.251799029168,0.104797007657,1.60689550284,-0.301948795256,0.0520745100006,-0.0558157875988,0.950262999546
2018/10/02/14:06:18.347671,58807,1538481978,332131879,/world,vicon/IMUframe/IMUframe,-0.252286053446,0.103450022089,1.60739628312,-0.305850175851,0.0488481102186,-0.0496196056097,0.949530108422
2018/10/02/14:06:18.358165,58808,1538481978,342172644,/world,vicon/IMUframe/IMUframe,-0.252814840509,0.102052659828,1.60781360828,-0.309729160606,0.0454237721356,-0.0432015089557,0.948756110715
2018/10/02/14:06:18.369167,58809,1538481978,352201143,/world,vicon/IMUframe/IMUframe,-0.253197487077,0.100642032949,1.60816768481,-0.313271126593,0.041962176863,-0.037167731772,0.948007877958
2018/10/02/14:06:18.378222,58810,1538481978,362217711,/world,vicon/IMUframe/IMUframe,-0.253531865115,0.0992439786071,1.60844871799,-0.316464848781,0.0383289469196,-0.0313011681171,0.947312582091
2018/10/02/14:06:18.387989,58811,1538481978,372132064,/world,vicon/IMUframe/IMUframe,-0.253611287574,0.0973694004093,1.60921693478,-0.322602573991,0.0324962434847,-0.0258893488813,0.945622184082
2018/10/02/14:06:18.398212,58812,1538481978,382133000,/world,vicon/IMUframe/IMUframe,-0.253880156043,0.09607594917,1.60919862591,-0.324985864629,0.027860247512,-0.0201585371644,0.945093449231
2018/10/02/14:06:18.407972,58813,1538481978,392299130,/world,vicon/IMUframe/IMUframe,-0.254061546341,0.0945880595981,1.60929723588,-0.32851091664,0.0226346014224,-0.0145598458243,0.944116657705
2018/10/02/14:06:18.418142,58814,1538481978,402200954,/world,vicon/IMUframe/IMUframe,-0.254169246819,0.0931790182527,1.60913735578,-0.331309704683,0.0170090235789,-0.00844818851757,0.943330907376
2018/10/02/14:06:18.427679,58815,1538481978,412131150,/world,vicon/IMUframe/IMUframe,-0.254199852138,0.0917989381249,1.60875103417,-0.333791122078,0.0114580993366,-0.00264220434817,0.942573719949
2018/10/02/14:06:18.437951,58816,1538481978,422110169,/world,vicon/IMUframe/IMUframe,-0.254193338447,0.0903031308834,1.60855774205,-0.337173968557,0.00499987679904,0.00273975000836,0.94142509523
2018/10/02/14:06:18.448488,58817,1538481978,432235077,/world,vicon/IMUframe/IMUframe,-0.254118155293,0.0888967731863,1.6080788559,-0.339911811831,-0.00171888915962,0.00834354642138,0.940418731646
2018/10/02/14:06:18.457978,58818,1538481978,442186039,/world,vicon/IMUframe/IMUframe,-0.25407822912,0.0876228253569,1.60733345328,-0.342440783373,-0.00880916000336,0.0131949266145,0.939405451599
2018/10/02/14:06:18.467967,58819,1538481978,452154473,/world,vicon/IMUframe/IMUframe,-0.253889251103,0.0863182420142,1.60669168626,-0.344885453492,-0.0159896473769,0.0187792879168,0.938320677323
2018/10/02/14:06:18.477812,58820,1538481978,462122715,/world,vicon/IMUframe/IMUframe,-0.253782874347,0.085175541827,1.60595205932,-0.347199610204,-0.0232200477317,0.0238399105321,0.937200575503
2018/10/02/14:06:18.487642,58821,1538481978,472085297,/world,vicon/IMUframe/IMUframe,-0.253538848001,0.0840475092292,1.60520213227,-0.349538672512,-0.0306248556257,0.0293427927246,0.935961449607
2018/10/02/14:06:18.499671,58822,1538481978,484049499,/world,vicon/IMUframe/IMUframe,-0.253123955839,0.0828865179863,1.60441720271,-0.351792080484,-0.0380340221643,0.035378891806,0.934635800342
2018/10/02/14:06:18.507809,58823,1538481978,492199455,/world,vicon/IMUframe/IMUframe,-0.252490796294,0.0817626775314,1.60366446366,-0.353954576938,-0.0456089816076,0.0413091173922,0.933236055391
2018/10/02/14:06:18.517665,58824,1538481978,502158652,/world,vicon/IMUframe/IMUframe,-0.251797906771,0.0806524118569,1.60281462649,-0.355927316914,-0.0530216972956,0.0478269116471,0.931781643526
2018/10/02/14:06:18.527866,58825,1538481978,512123493,/world,vicon/IMUframe/IMUframe,-0.251133869647,0.0795551555851,1.60182626923,-0.357695965097,-0.0604131799339,0.0544781813298,0.930288112362
2018/10/02/14:06:18.538391,58826,1538481978,522322157,/world,vicon/IMUframe/IMUframe,-0.250219236648,0.0786004669001,1.60075311782,-0.359188862648,-0.0681712008201,0.061691361403,0.928725053101
2018/10/02/14:06:18.548004,58827,1538481978,532196295,/world,vicon/IMUframe/IMUframe,-0.249054581042,0.0775932382827,1.59979936622,-0.360970391576,-0.0764922293873,0.0698378573935,0.926807417387
2018/10/02/14:06:18.557781,58828,1538481978,542176189,/world,vicon/IMUframe/IMUframe,-0.24792990248,0.0767559609655,1.59876045338,-0.362823158423,-0.0852506670409,0.0775926399038,0.924700525421
2018/10/02/14:06:18.567688,58829,1538481978,552099522,/world,vicon/IMUframe/IMUframe,-0.247079651339,0.0761971706078,1.59775959096,-0.364733578818,-0.0931918250421,0.0855006002447,0.922482708557
2018/10/02/14:06:18.577714,58830,1538481978,562110393,/world,vicon/IMUframe/IMUframe,-0.245688878744,0.0753420986916,1.5966667958,-0.365588983788,-0.102780750805,0.0941135889244,0.920284436778
2018/10/02/14:06:18.588089,58831,1538481978,572175920,/world,vicon/IMUframe/IMUframe,-0.244158086085,0.0746014008997,1.59546252341,-0.367214230109,-0.112001432509,0.10342405645,0.917558092367
2018/10/02/14:06:18.597788,58832,1538481978,582161610,/world,vicon/IMUframe/IMUframe,-0.242994181736,0.0741093245246,1.59444221564,-0.368962203896,-0.120983248623,0.111724471581,0.914739081978
2018/10/02/14:06:18.607640,58833,1538481978,592155626,/world,vicon/IMUframe/IMUframe,-0.241555906477,0.0730223252497,1.59284771403,-0.365678693863,-0.132991479938,0.125570335189,0.912592159751
2018/10/02/14:06:18.617483,58834,1538481978,602107258,/world,vicon/IMUframe/IMUframe,-0.240224209006,0.0724719412754,1.59184008164,-0.368068398181,-0.140508003781,0.134230041747,0.909266435665
2018/10/02/14:06:18.627694,58835,1538481978,612261365,/world,vicon/IMUframe/IMUframe,-0.239272588465,0.0721532602317,1.59112677921,-0.369946003412,-0.148261750817,0.143534654655,0.905845577743
2018/10/02/14:06:18.637903,58836,1538481978,622178318,/world,vicon/IMUframe/IMUframe,-0.23789250209,0.0718004515343,1.59034235609,-0.373464500887,-0.15385983225,0.15129099333,0.90219867764
2018/10/02/14:06:18.647791,58837,1538481978,632220060,/world,vicon/IMUframe/IMUframe,-0.236889279426,0.0720432384184,1.58970962361,-0.376023040729,-0.160925739049,0.160273457254,0.898344031122
2018/10/02/14:06:18.657948,58838,1538481978,642145864,/world,vicon/IMUframe/IMUframe,-0.235962619367,0.0715360513903,1.58911312006,-0.378395750885,-0.167889764334,0.169318150145,0.89440541522
2018/10/02/14:06:18.668103,58839,1538481978,652158258,/world,vicon/IMUframe/IMUframe,-0.234962353448,0.0714635479851,1.58807710552,-0.382179136635,-0.17382049696,0.177688765786,0.890029350567
2018/10/02/14:06:18.677993,58840,1538481978,662174169,/world,vicon/IMUframe/IMUframe,-0.234066428151,0.071204499712,1.58755902214,-0.384608102869,-0.180745833909,0.186535132462,0.885783379326
2018/10/02/14:06:18.687762,58841,1538481978,672188792,/world,vicon/IMUframe/IMUframe,-0.233024009952,0.0710481484875,1.58713690943,-0.387016502231,-0.187493681278,0.195838231274,0.881312506239
2018/10/02/14:06:18.697911,58842,1538481978,682164653,/world,vicon/IMUframe/IMUframe,-0.232093955651,0.07071770159,1.58658969433,-0.388779893451,-0.194532817876,0.205540612459,0.876789731833
2018/10/02/14:06:18.707740,58843,1538481978,692171987,/world,vicon/IMUframe/IMUframe,-0.231353832517,0.0705276458027,1.58594877424,-0.390368161893,-0.201361719924,0.214251216116,0.872446314865
2018/10/02/14:06:18.717850,58844,1538481978,702177817,/world,vicon/IMUframe/IMUframe,-0.230549128507,0.070363022971,1.58536696996,-0.392128043538,-0.208282018955,0.223461899223,0.86770903974
2018/10/02/14:06:18.727811,58845,1538481978,712145748,/world,vicon/IMUframe/IMUframe,-0.229613807766,0.0703959311821,1.58495410474,-0.394120555581,-0.215460503993,0.232027580698,0.862791377265
2018/10/02/14:06:18.737742,58846,1538481978,722125598,/world,vicon/IMUframe/IMUframe,-0.22881815989,0.0702750197565,1.58446948397,-0.396432787013,-0.222739032289,0.240844262221,0.857451112444
2018/10/02/14:06:18.748018,58847,1538481978,732114399,/world,vicon/IMUframe/IMUframe,-0.228118277649,0.0703174903099,1.58413496961,-0.398061559036,-0.230061113195,0.249483947616,0.852277325344
2018/10/02/14:06:18.758339,58848,1538481978,742254399,/world,vicon/IMUframe/IMUframe,-0.22739364963,0.0703470305471,1.5834844629,-0.399412001383,-0.237303702813,0.258081496712,0.847083789738
2018/10/02/14:06:18.768250,58849,1538481978,752189601,/world,vicon/IMUframe/IMUframe,-0.226658226692,0.0702402167903,1.58286170911,-0.401059286096,-0.244940744235,0.266740743966,0.8414302445
2018/10/02/14:06:18.777959,58850,1538481978,762184507,/world,vicon/IMUframe/IMUframe,-0.22565294982,0.0698653197939,1.58227108107,-0.402685419548,-0.252681862891,0.275067032295,0.835664081311
2018/10/02/14:06:18.787626,58851,1538481978,772118937,/world,vicon/IMUframe/IMUframe,-0.224602247891,0.0695840871219,1.58151293979,-0.40400192661,-0.26121801761,0.283653082962,0.829511012041
2018/10/02/14:06:18.797578,58852,1538481978,782091499,/world,vicon/IMUframe/IMUframe,-0.224018836491,0.0695365482876,1.58093531351,-0.405106336988,-0.269307542955,0.29216285801,0.82340947738
2018/10/02/14:06:18.811359,58853,1538481978,795313460,/world,vicon/IMUframe/IMUframe,-0.222752083385,0.0695744478833,1.58028573187,-0.405882013978,-0.279152841395,0.300670599036,0.81665823497
2018/10/02/14:06:18.817958,58854,1538481978,802255756,/world,vicon/IMUframe/IMUframe,-0.222091878789,0.0697609033036,1.57972484442,-0.407125009719,-0.287527338509,0.309061507692,0.809974222142
2018/10/02/14:06:18.827882,58855,1538481978,812140092,/world,vicon/IMUframe/IMUframe,-0.221268909356,0.0696958331694,1.5790042261,-0.408235407411,-0.295684895611,0.317617984265,0.803139533776
2018/10/02/14:06:18.837430,58856,1538481978,822097957,/world,vicon/IMUframe/IMUframe,-0.22045811049,0.0701860596788,1.5786288021,-0.409099176198,-0.304025861087,0.32572534031,0.796309702631
2018/10/02/14:06:18.847770,58857,1538481978,832231949,/world,vicon/IMUframe/IMUframe,-0.21952862203,0.0705886949031,1.57842438504,-0.409897194189,-0.312365722288,0.333971329583,0.789224364013
2018/10/02/14:06:18.857724,58858,1538481978,842227462,/world,vicon/IMUframe/IMUframe,-0.218933152447,0.0708899838727,1.57818896238,-0.410282881167,-0.320069025313,0.342669096033,0.782177516348
2018/10/02/14:06:18.867680,58859,1538481978,852156736,/world,vicon/IMUframe/IMUframe,-0.218334420374,0.071466518124,1.57778777449,-0.410865112627,-0.327072320972,0.350693396583,0.775388739712
2018/10/02/14:06:18.877633,58860,1538481978,862135230,/world,vicon/IMUframe/IMUframe,-0.217573325309,0.0716607294231,1.57770537783,-0.411653934077,-0.333965205542,0.358577433401,0.768394758117
2018/10/02/14:06:18.887626,58861,1538481978,872181635,/world,vicon/IMUframe/IMUframe,-0.217000995568,0.0720474285163,1.57738941046,-0.412373919802,-0.340626505747,0.3662184282,0.76144953654
2018/10/02/14:06:18.897696,58862,1538481978,882203693,/world,vicon/IMUframe/IMUframe,-0.216437118277,0.0716621854202,1.57697600216,-0.414146908604,-0.346759805696,0.374248090873,0.753776055421
2018/10/02/14:06:18.907382,58863,1538481978,892236237,/world,vicon/IMUframe/IMUframe,-0.215921493305,0.0720302241012,1.57670665213,-0.41554153382,-0.353395428284,0.381061246083,0.746477884248
2018/10/02/14:06:18.917589,58864,1538481978,902151938,/world,vicon/IMUframe/IMUframe,-0.215510272657,0.0724041059967,1.57657702742,-0.417365921199,-0.360005211909,0.387351384617,0.73902695489
2018/10/02/14:06:18.927640,58865,1538481978,912209121,/world,vicon/IMUframe/IMUframe,-0.21530005544,0.0728352614106,1.57654060951,-0.419295499939,-0.366817381109,0.393315395252,0.73139544195
2018/10/02/14:06:18.937690,58866,1538481978,922209392,/world,vicon/IMUframe/IMUframe,-0.215128780857,0.0733321502271,1.5765678181,-0.42163330706,-0.373721064099,0.398757880565,0.723567601067
2018/10/02/14:06:18.947695,58867,1538481978,932232896,/world,vicon/IMUframe/IMUframe,-0.215235110934,0.0738050101042,1.57656197165,-0.423927738164,-0.380691744094,0.404210462367,0.715522865398
2018/10/02/14:06:18.957707,58868,1538481978,942174316,/world,vicon/IMUframe/IMUframe,-0.215249988046,0.0743063599221,1.57656929495,-0.426327413516,-0.38805689414,0.409241201016,0.707232933895
2018/10/02/14:06:18.967457,58869,1538481978,952123726,/world,vicon/IMUframe/IMUframe,-0.215212247168,0.0747520891272,1.57662649191,-0.428892779649,-0.395787285619,0.414061406473,0.698538874922
2018/10/02/14:06:18.977871,58870,1538481978,962214641,/world,vicon/IMUframe/IMUframe,-0.21510902804,0.0752778263264,1.57675541138,-0.431740505875,-0.403781654153,0.418525147236,0.689490545611
2018/10/02/14:06:18.987693,58871,1538481978,972221501,/world,vicon/IMUframe/IMUframe,-0.214942500844,0.0758738166524,1.57694116567,-0.434984758632,-0.411906041775,0.422655902582,0.680061512306
2018/10/02/14:06:18.997931,58872,1538481978,982175389,/world,vicon/IMUframe/IMUframe,-0.214860141912,0.0763584846241,1.57709709197,-0.438334020096,-0.419696522064,0.426851512446,0.670459471196
2018/10/02/14:06:19.007360,58873,1538481978,992125514,/world,vicon/IMUframe/IMUframe,-0.21488311616,0.0769207406708,1.57727966313,-0.441882206662,-0.427489206446,0.431021520116,0.660464641752
2018/10/02/14:06:19.017488,58874,1538481979,2191946,/world,vicon/IMUframe/IMUframe,-0.21478294238,0.077501841155,1.57754101402,-0.445634071472,-0.435297396376,0.434934931857,0.650198474393
2018/10/02/14:06:19.027862,58875,1538481979,12222669,/world,vicon/IMUframe/IMUframe,-0.214573069847,0.0782294586753,1.57790442204,-0.448775511407,-0.442963929881,0.438994326447,0.640052715432
2018/10/02/14:06:19.037659,58876,1538481979,22183992,/world,vicon/IMUframe/IMUframe,-0.214310329617,0.0790116281667,1.57826684474,-0.45180358413,-0.450184231593,0.443194355201,0.629909868561
2018/10/02/14:06:19.047705,58877,1538481979,32118998,/world,vicon/IMUframe/IMUframe,-0.214019773014,0.0797723002386,1.57864335678,-0.454724877379,-0.456840610749,0.447527160541,0.619872069738
2018/10/02/14:06:19.058045,58878,1538481979,42274647,/world,vicon/IMUframe/IMUframe,-0.214088519364,0.0805815109215,1.57890963032,-0.457331557306,-0.462904577799,0.452348239959,0.609875617115
2018/10/02/14:06:19.067814,58879,1538481979,52182759,/world,vicon/IMUframe/IMUframe,-0.214110222323,0.0813828384608,1.57932762778,-0.459834408116,-0.468759966983,0.457054694401,0.599931176714
2018/10/02/14:06:19.077743,58880,1538481979,62235070,/world,vicon/IMUframe/IMUframe,-0.213886463256,0.0821413765159,1.57981928198,-0.462567565578,-0.47450463551,0.461464094007,0.589853785354
2018/10/02/14:06:19.087670,58881,1538481979,72148156,/world,vicon/IMUframe/IMUframe,-0.213654610581,0.0830162187596,1.58032531618,-0.465226149988,-0.480264043882,0.465917912396,0.579509772505
2018/10/02/14:06:19.097751,58882,1538481979,82162211,/world,vicon/IMUframe/IMUframe,-0.213428238729,0.0839434621992,1.58083412759,-0.467917419997,-0.485990863119,0.470076002205,0.569117493299
2018/10/02/14:06:19.108079,58883,1538481979,92278905,/world,vicon/IMUframe/IMUframe,-0.213285231865,0.0849107046805,1.58128627774,-0.470575603877,-0.491681580547,0.474214599911,0.558505449945
2018/10/02/14:06:19.118079,58884,1538481979,102231999,/world,vicon/IMUframe/IMUframe,-0.213235333303,0.0860033789987,1.58181240601,-0.472835358925,-0.497538840913,0.478366230943,0.547765984912
2018/10/02/14:06:19.127898,58885,1538481979,112202234,/world,vicon/IMUframe/IMUframe,-0.212819256229,0.0869987047857,1.58247976012,-0.475445787571,-0.50309909416,0.482171866968,0.536985004671
2018/10/02/14:06:19.137741,58886,1538481979,122099934,/world,vicon/IMUframe/IMUframe,-0.212519724993,0.0879792932859,1.58295075285,-0.477723062369,-0.50847156442,0.485789258828,0.526541679133
2018/10/02/14:06:19.148062,58887,1538481979,132329520,/world,vicon/IMUframe/IMUframe,-0.212285472249,0.0890158589548,1.58340427363,-0.479821541465,-0.513443205401,0.489571586444,0.516204441011
2018/10/02/14:06:19.157905,58888,1538481979,142243092,/world,vicon/IMUframe/IMUframe,-0.211960959238,0.0901117498306,1.58391435977,-0.481508397175,-0.518434788579,0.493334718543,0.505960362994
2018/10/02/14:06:19.167693,58889,1538481979,152154472,/world,vicon/IMUframe/IMUframe,-0.211730241148,0.0910522641145,1.58426200469,0.48309751082,0.522888994572,-0.496793654072,-0.496386905214
2018/10/02/14:06:19.177942,58890,1538481979,162144224,/world,vicon/IMUframe/IMUframe,-0.211259731399,0.091855921964,1.58458855022,0.484301428937,0.527563290162,-0.500590747105,-0.486351729426
2018/10/02/14:06:19.187760,58891,1538481979,172118652,/world,vicon/IMUframe/IMUframe,-0.211015532139,0.0929857777335,1.58491599997,0.485519031288,0.531863505378,-0.503831125618,-0.477018530837
2018/10/02/14:06:19.197853,58892,1538481979,182196120,/world,vicon/IMUframe/IMUframe,-0.210776653945,0.0941999853809,1.58520365097,0.48652466127,0.536337041569,-0.507007052324,-0.467525593643
2018/10/02/14:06:19.207796,58893,1538481979,192185557,/world,vicon/IMUframe/IMUframe,-0.210365819994,0.0951901386283,1.58559821823,0.487031787451,0.540823050933,-0.510315310106,-0.458136169563
2018/10/02/14:06:19.217553,58894,1538481979,202177430,/world,vicon/IMUframe/IMUframe,-0.209966610834,0.0960276138624,1.58576312344,0.488233974483,0.545037409923,-0.513021257119,-0.448743799611
2018/10/02/14:06:19.227762,58895,1538481979,212119585,/world,vicon/IMUframe/IMUframe,-0.209647071529,0.0970640858425,1.58604797241,0.488967045335,0.549553030109,-0.51556860732,-0.439422014493
2018/10/02/14:06:19.238054,58896,1538481979,222355834,/world,vicon/IMUframe/IMUframe,-0.209404643538,0.0984929780022,1.58628655839,0.48858441734,0.554998660184,-0.51815985958,-0.429851269915
2018/10/02/14:06:19.248006,58897,1538481979,232240248,/world,vicon/IMUframe/IMUframe,-0.20905739465,0.0995397297648,1.58667222365,0.488661912056,0.559829564452,-0.520517756828,-0.420549235284
2018/10/02/14:06:19.257709,58898,1538481979,242197385,/world,vicon/IMUframe/IMUframe,-0.208896730028,0.100780144781,1.58686814187,0.48869323879,0.564131608229,-0.522717043781,-0.411948223809
2018/10/02/14:06:19.267719,58899,1538481979,252138004,/world,vicon/IMUframe/IMUframe,-0.208651938624,0.101519399683,1.58712048681,0.48901716972,0.567758135614,-0.525042633094,-0.403538276496
2018/10/02/14:06:19.278464,58900,1538481979,262377264,/world,vicon/IMUframe/IMUframe,-0.208332332421,0.102509806971,1.58730873417,0.489100459891,0.571423264408,-0.527056940508,-0.395559318548
2018/10/02/14:06:19.288393,58901,1538481979,272242632,/world,vicon/IMUframe/IMUframe,-0.20799030329,0.103077917693,1.5872218279,0.489513742225,0.574811058379,-0.52926739953,-0.387097614475
2018/10/02/14:06:19.297881,58902,1538481979,282156016,/world,vicon/IMUframe/IMUframe,-0.207706903863,0.103944980043,1.58742643708,0.490020827998,0.578513028697,-0.53061344021,-0.379014037768
2018/10/02/14:06:19.307499,58903,1538481979,292157545,/world,vicon/IMUframe/IMUframe,-0.2075320901,0.104698971016,1.58761006564,0.490638213798,0.582439621134,-0.531543547404,-0.3708095038
2018/10/02/14:06:19.317719,58904,1538481979,302194326,/world,vicon/IMUframe/IMUframe,-0.207507718241,0.105292005538,1.58771538631,0.491669596299,0.586398672765,-0.531842919609,-0.362685419499
2018/10/02/14:06:19.327409,58905,1538481979,312200724,/world,vicon/IMUframe/IMUframe,-0.207624733317,0.105851185344,1.58775776265,0.492972617823,0.590308048145,-0.531645264953,-0.354778407777
2018/10/02/14:06:19.337836,58906,1538481979,322175663,/world,vicon/IMUframe/IMUframe,-0.207845984662,0.106367203888,1.58772745656,0.494481386328,0.594205038089,-0.530938088588,-0.347150223063
2018/10/02/14:06:19.347558,58907,1538481979,332227660,/world,vicon/IMUframe/IMUframe,-0.208306691024,0.107322751842,1.58790275078,0.495241507529,0.5987171036,-0.529775089829,-0.340017695532
2018/10/02/14:06:19.357671,58908,1538481979,342167331,/world,vicon/IMUframe/IMUframe,-0.208554074512,0.107632958093,1.58783270801,0.496662278099,0.602365707671,-0.5289860239,-0.332649849322
2018/10/02/14:06:19.368073,58909,1538481979,352461456,/world,vicon/IMUframe/IMUframe,-0.208644747625,0.107618438299,1.58776499361,0.498523555409,0.605383006676,-0.528213714043,-0.325539478755
2018/10/02/14:06:19.377592,58910,1538481979,362243042,/world,vicon/IMUframe/IMUframe,-0.208925387095,0.107908175793,1.58766043919,0.499999423331,0.608448416626,-0.527222623635,-0.319104067824
2018/10/02/14:06:19.387630,58911,1538481979,372181726,/world,vicon/IMUframe/IMUframe,-0.209412339324,0.108507417333,1.58750184308,0.500928796183,0.611553223247,-0.526147028855,-0.313436277922
2018/10/02/14:06:19.397232,58912,1538481979,382127365,/world,vicon/IMUframe/IMUframe,-0.209547543742,0.108708648378,1.5873398432,0.502332838902,0.613777099681,-0.525345903872,-0.308141318476
2018/10/02/14:06:19.407585,58913,1538481979,392315261,/world,vicon/IMUframe/IMUframe,-0.209776623226,0.10902834175,1.58730722813,0.503468055886,0.615778909073,-0.524688982839,-0.303377196129
2018/10/02/14:06:19.417511,58914,1538481979,402257593,/world,vicon/IMUframe/IMUframe,-0.209890881491,0.109193347978,1.58736332776,0.504624058338,0.617172063977,-0.524476366404,-0.298961108302
2018/10/02/14:06:19.427514,58915,1538481979,412201574,/world,vicon/IMUframe/IMUframe,-0.209963880833,0.109562195129,1.58743183856,0.505276477228,0.61832964361,-0.524522546295,-0.295364574419
2018/10/02/14:06:19.437418,58916,1538481979,422173565,/world,vicon/IMUframe/IMUframe,-0.210000305548,0.110167311877,1.58744289848,0.505389953594,0.619052556675,-0.524970674499,-0.292849309025
2018/10/02/14:06:19.447516,58917,1538481979,432230412,/world,vicon/IMUframe/IMUframe,-0.20991544192,0.110343237933,1.5876366665,0.50593622797,0.618650977013,-0.525929703282,-0.291028261641
2018/10/02/14:06:19.457651,58918,1538481979,442321912,/world,vicon/IMUframe/IMUframe,-0.209729726383,0.110917631985,1.58769165083,0.505492205716,0.618128073748,-0.527403307462,-0.290243114792
2018/10/02/14:06:19.467597,58919,1538481979,452270543,/world,vicon/IMUframe/IMUframe,-0.209409037274,0.111368949708,1.58779199708,0.504839249011,0.616892281064,-0.529520970465,-0.290153042477
2018/10/02/14:06:19.477656,58920,1538481979,462176586,/world,vicon/IMUframe/IMUframe,-0.208994415945,0.111930416426,1.58784774881,0.503876292298,0.615198064913,-0.532078223221,-0.290745227582
2018/10/02/14:06:19.487615,58921,1538481979,472144664,/world,vicon/IMUframe/IMUframe,-0.208445986605,0.112500525437,1.58787962943,0.502738341767,0.613043444945,-0.534938645336,-0.292014623014
2018/10/02/14:06:19.497715,58922,1538481979,482234640,/world,vicon/IMUframe/IMUframe,-0.207837263533,0.113005786737,1.58790214321,0.501481447739,0.610428117698,-0.538057468529,-0.293918409183
2018/10/02/14:06:19.507636,58923,1538481979,492251414,/world,vicon/IMUframe/IMUframe,-0.207144000038,0.113504697812,1.58793078591,0.500145274662,0.607398233205,-0.541307889496,-0.296492595696
2018/10/02/14:06:19.517704,58924,1538481979,502208257,/world,vicon/IMUframe/IMUframe,-0.206343862097,0.1140037061,1.58796468994,0.49848908409,0.603959251905,-0.544927459651,-0.299659671627
2018/10/02/14:06:19.527682,58925,1538481979,512145515,/world,vicon/IMUframe/IMUframe,-0.205469726867,0.114129692873,1.58787472327,0.496528025303,0.599769710265,-0.549435471015,-0.303078996185
2018/10/02/14:06:19.537882,58926,1538481979,522211671,/world,vicon/IMUframe/IMUframe,-0.204409304824,0.11474069348,1.58775567171,0.493590686121,0.595773083985,-0.553787946404,-0.307801197839
2018/10/02/14:06:19.547845,58927,1538481979,532163965,/world,vicon/IMUframe/IMUframe,-0.203156047341,0.114999346484,1.58770860783,0.490545163581,0.591014556866,-0.55844312015,-0.313382382427
2018/10/02/14:06:19.557797,58928,1538481979,542153756,/world,vicon/IMUframe/IMUframe,-0.201729429361,0.115364135773,1.58769735524,0.487511529671,0.585006825221,-0.563722746319,-0.3198690172
2018/10/02/14:06:19.567845,58929,1538481979,552150479,/world,vicon/IMUframe/IMUframe,-0.20021382757,0.115853089766,1.58749386472,0.483411688814,0.579053371526,-0.568810723932,-0.327818078181
2018/10/02/14:06:19.578135,58930,1538481979,562354719,/world,vicon/IMUframe/IMUframe,-0.198595879792,0.115957975825,1.58729906067,-0.479156017318,-0.572503435835,0.573882289991,0.336613196801
2018/10/02/14:06:19.587883,58931,1538481979,572214211,/world,vicon/IMUframe/IMUframe,-0.196853599504,0.115717228444,1.58711759709,-0.474758065919,-0.565355661566,0.578939890587,0.346130550323
2018/10/02/14:06:19.597858,58932,1538481979,582148174,/world,vicon/IMUframe/IMUframe,-0.195328973573,0.115921739018,1.58644934794,-0.469139637178,-0.557930529611,0.584376189827,0.356547323253
2018/10/02/14:06:19.607933,58933,1538481979,592147171,/world,vicon/IMUframe/IMUframe,-0.193699707644,0.11532204731,1.58583094715,-0.463875546924,-0.549447676526,0.589831541128,0.367458134781
2018/10/02/14:06:19.618028,58934,1538481979,602201824,/world,vicon/IMUframe/IMUframe,-0.192041129235,0.11502506906,1.58519836276,-0.458091974954,-0.540632372262,0.59451661825,0.380024171823
2018/10/02/14:06:19.627922,58935,1538481979,612252416,/world,vicon/IMUframe/IMUframe,-0.19032021618,0.11469455328,1.58462153916,-0.45151191541,-0.53156604265,0.59858315842,0.394046615263
2018/10/02/14:06:19.638011,58936,1538481979,622187629,/world,vicon/IMUframe/IMUframe,-0.188648988286,0.113576242104,1.58377330378,-0.444639446579,-0.521269394347,0.603301485927,0.408168222846
2018/10/02/14:06:19.647703,58937,1538481979,632122333,/world,vicon/IMUframe/IMUframe,-0.186881550998,0.112552765817,1.58215224862,-0.436912296491,-0.509932762332,0.608493546083,0.422861475487
2018/10/02/14:06:19.657744,58938,1538481979,642244842,/world,vicon/IMUframe/IMUframe,-0.185089231686,0.111728413589,1.580991937,-0.428538673018,-0.499319796584,0.612556767195,0.43795953401
2018/10/02/14:06:19.667943,58939,1538481979,652238077,/world,vicon/IMUframe/IMUframe,-0.18320649627,0.110193407434,1.57936273827,-0.419199836155,-0.488409215734,0.616275298034,0.453798074463
2018/10/02/14:06:19.677932,58940,1538481979,662181717,/world,vicon/IMUframe/IMUframe,-0.181585010837,0.109110121241,1.57793880471,-0.409277319097,-0.47857269525,0.618847264607,0.469561832481
2018/10/02/14:06:19.688020,58941,1538481979,672144323,/world,vicon/IMUframe/IMUframe,-0.180018548206,0.107564761833,1.57634500872,-0.398871264358,-0.467857047638,0.621356722497,0.48572350247
2018/10/02/14:06:19.697678,58942,1538481979,682112400,/world,vicon/IMUframe/IMUframe,-0.178631305944,0.106108044112,1.57469403095,-0.388048521301,-0.45797938019,0.622749598304,0.501852737612
2018/10/02/14:06:19.707779,58943,1538481979,692187454,/world,vicon/IMUframe/IMUframe,-0.177307930071,0.104481141735,1.5728856224,-0.376909799447,-0.448140785944,0.62346484429,0.518073765972
2018/10/02/14:06:19.718194,58944,1538481979,702253329,/world,vicon/IMUframe/IMUframe,-0.176129969506,0.102754233278,1.57106570355,-0.36499002345,-0.438010795446,0.62362209044,0.534812410262
2018/10/02/14:06:19.727683,58945,1538481979,712176509,/world,vicon/IMUframe/IMUframe,-0.175093316125,0.101006214025,1.56914846672,-0.352544773658,-0.427647519255,0.62309461535,0.55189028091
2018/10/02/14:06:19.737734,58946,1538481979,722147469,/world,vicon/IMUframe/IMUframe,-0.174161182706,0.0991583956344,1.56701832585,-0.339657515394,-0.417100021177,0.621872202247,0.569153150428
2018/10/02/14:06:19.747831,58947,1538481979,732364907,/world,vicon/IMUframe/IMUframe,-0.17325647681,0.0971829459264,1.5649499091,-0.326459448485,-0.406443882147,0.620095910703,0.586266714635
2018/10/02/14:06:19.758041,58948,1538481979,742203740,/world,vicon/IMUframe/IMUframe,-0.172969029134,0.0955851233178,1.56300294803,-0.312796952943,-0.395459616898,0.61665173407,0.604574558265
2018/10/02/14:06:19.767790,58949,1538481979,752152268,/world,vicon/IMUframe/IMUframe,-0.172658217396,0.0935005867311,1.56074323372,-0.299202626196,-0.384734393623,0.612942169843,0.621899615106
2018/10/02/14:06:19.777764,58950,1538481979,762136226,/world,vicon/IMUframe/IMUframe,-0.172492562232,0.0915367999868,1.55832629281,-0.284978354612,-0.374086388982,0.608525529179,0.639173991428
2018/10/02/14:06:19.788742,58951,1538481979,772388394,/world,vicon/IMUframe/IMUframe,-0.172375581249,0.0896241553998,1.55604089934,-0.27029388056,-0.363348277895,0.603515974517,0.656268021151
2018/10/02/14:06:19.797953,58952,1538481979,782210909,/world,vicon/IMUframe/IMUframe,-0.172574027595,0.0874707173179,1.55368081121,-0.255254359517,-0.351712078829,0.598095927813,0.673368462795
2018/10/02/14:06:19.807725,58953,1538481979,792140520,/world,vicon/IMUframe/IMUframe,-0.172916239157,0.0854460948384,1.55114734221,-0.239209457207,-0.33948305187,0.591920640673,0.690767723783
2018/10/02/14:06:19.817636,58954,1538481979,802105453,/world,vicon/IMUframe/IMUframe,-0.173423600899,0.0834468950638,1.54875698528,-0.222594585398,-0.32671463265,0.585175957044,0.708010097853
2018/10/02/14:06:19.827742,58955,1538481979,812197255,/world,vicon/IMUframe/IMUframe,-0.174274924238,0.0814330474492,1.54642931022,-0.205909696711,-0.313250744931,0.577758072937,0.725031569489
2018/10/02/14:06:19.838048,58956,1538481979,822228285,/world,vicon/IMUframe/IMUframe,-0.175108494274,0.0794898956233,1.54433427416,-0.188847482194,-0.298844597468,0.569429160002,0.742144842178
2018/10/02/14:06:19.847655,58957,1538481979,832176455,/world,vicon/IMUframe/IMUframe,-0.176521378262,0.0775655194595,1.54237105945,-0.17258621476,-0.284478907446,0.560156589306,0.758623981397
2018/10/02/14:06:19.857680,58958,1538481979,842142931,/world,vicon/IMUframe/IMUframe,-0.178237597523,0.0755900540678,1.54064368531,-0.15690061724,-0.269794683752,0.550094048803,0.77458993177
2018/10/02/14:06:19.867910,58959,1538481979,852227859,/world,vicon/IMUframe/IMUframe,-0.180041431628,0.0737968235463,1.53897467275,-0.14232383556,-0.254879521261,0.539264782579,0.789920154031
2018/10/02/14:06:19.877760,58960,1538481979,862217620,/world,vicon/IMUframe/IMUframe,-0.182092604778,0.0714565016743,1.53845819224,-0.133136912831,-0.242506208717,0.526452065981,0.803936268245
2018/10/02/14:06:19.888037,58961,1538481979,872185337,/world,vicon/IMUframe/IMUframe,-0.184027220436,0.0691988809663,1.537096988,-0.119612748135,-0.228527740728,0.514569890098,0.817732040711
2018/10/02/14:06:19.897539,58962,1538481979,882163507,/world,vicon/IMUframe/IMUframe,-0.185963173263,0.0675269795446,1.53599560578,-0.107521563987,-0.213199092552,0.502026410406,0.831236875666
2018/10/02/14:06:19.907775,58963,1538481979,892163241,/world,vicon/IMUframe/IMUframe,-0.188339683051,0.0659963335149,1.5347032283,-0.0920176774611,-0.19695684774,0.490731026264,0.843755774514
2018/10/02/14:06:19.918021,58964,1538481979,902326609,/world,vicon/IMUframe/IMUframe,-0.190584840707,0.0643559261013,1.53394475981,-0.0810823717968,-0.181342933875,0.477631394941,0.855808763617
2018/10/02/14:06:19.927856,58965,1538481979,912191683,/world,vicon/IMUframe/IMUframe,-0.192913125027,0.0627694795038,1.53356970873,-0.0713484057755,-0.165641960763,0.464252597399,0.86714570381
2018/10/02/14:06:19.937884,58966,1538481979,922131601,/world,vicon/IMUframe/IMUframe,-0.195229848302,0.0612885096046,1.53344912719,-0.062072854644,-0.149840307788,0.450627960984,0.877854933151
2018/10/02/14:06:19.948040,58967,1538481979,932135966,/world,vicon/IMUframe/IMUframe,-0.197470823019,0.0597987603637,1.53355063029,-0.0528167536613,-0.134320109121,0.437161407065,0.887726536154
2018/10/02/14:06:19.958149,58968,1538481979,942279882,/world,vicon/IMUframe/IMUframe,-0.199884975647,0.0584763800393,1.53375899106,-0.044350424328,-0.118099049785,0.423342080506,0.897143877633
2018/10/02/14:06:19.968307,58969,1538481979,952197825,/world,vicon/IMUframe/IMUframe,-0.202536977338,0.0577872899491,1.53369911422,-0.0351626640085,-0.102193831769,0.40851176887,0.906332247304
2018/10/02/14:06:19.977955,58970,1538481979,962118133,/world,vicon/IMUframe/IMUframe,-0.204707213439,0.0567107207238,1.53409261828,-0.0268260007438,-0.0861171128606,0.394488224853,0.914463366685
2018/10/02/14:06:19.987820,58971,1538481979,972121335,/world,vicon/IMUframe/IMUframe,-0.206784575665,0.0558051399776,1.53464988627,-0.0189386350277,-0.0699901332886,0.381010944844,0.921723043682
2018/10/02/14:06:19.997894,58972,1538481979,982207885,/world,vicon/IMUframe/IMUframe,-0.209081099769,0.0550744403701,1.53541124633,-0.0113255235759,-0.0536018130067,0.368009780046,0.928206539488
2018/10/02/14:06:20.008137,58973,1538481979,992191791,/world,vicon/IMUframe/IMUframe,-0.211212761446,0.0545634694736,1.53649457074,-0.00470718417348,-0.0371935583159,0.35543137248,0.933950224099
2018/10/02/14:06:20.018007,58974,1538481980,2130106,/world,vicon/IMUframe/IMUframe,-0.21320111478,0.0540956430583,1.5378842989,0.0014564239916,-0.020683874021,0.343306122357,0.938994655223
2018/10/02/14:06:20.027782,58975,1538481980,12132762,/world,vicon/IMUframe/IMUframe,-0.214957183078,0.0536125383899,1.53962323047,0.0074894220045,-0.00406547022584,0.331725629919,0.943337419466
2018/10/02/14:06:20.037811,58976,1538481980,22092404,/world,vicon/IMUframe/IMUframe,-0.216744174511,0.0532078292242,1.54142518394,0.0132597737105,0.013226152918,0.320735920353,0.946983482789
2018/10/02/14:06:20.048008,58977,1538481980,32209772,/world,vicon/IMUframe/IMUframe,-0.218311038497,0.0529071883608,1.5433909109,0.019299325109,0.0307555058187,0.310014794372,0.950038137225
2018/10/02/14:06:20.057881,58978,1538481980,42221787,/world,vicon/IMUframe/IMUframe,-0.219799203755,0.0526821197991,1.54538883784,0.0257976228089,0.0487335917145,0.299732856488,0.952428335591
2018/10/02/14:06:20.067898,58979,1538481980,52129901,/world,vicon/IMUframe/IMUframe,-0.220860129308,0.0524469263828,1.54762585734,0.0322281835473,0.0670338261388,0.289852540817,0.954176773413
2018/10/02/14:06:20.077764,58980,1538481980,62105912,/world,vicon/IMUframe/IMUframe,-0.221797012762,0.0521882596053,1.54996362165,0.0383782640529,0.0860805371251,0.280650946719,0.955171343834
2018/10/02/14:06:20.087752,58981,1538481980,72188225,/world,vicon/IMUframe/IMUframe,-0.222929749316,0.0522957637562,1.55224227773,0.0446394931588,0.10452470588,0.271787044379,0.955622155467
2018/10/02/14:06:20.098239,58982,1538481980,82179738,/world,vicon/IMUframe/IMUframe,-0.223766625518,0.051994455462,1.55457427215,0.0509029694284,0.122657315988,0.263016200271,0.955607947295
2018/10/02/14:06:20.108048,58983,1538481980,92173714,/world,vicon/IMUframe/IMUframe,-0.224029244033,0.0521709559439,1.55734839756,0.0537128609217,0.143421596236,0.256451242021,0.954346862923
2018/10/02/14:06:20.117662,58984,1538481980,102144300,/world,vicon/IMUframe/IMUframe,-0.224538166743,0.0522000751326,1.55990582295,0.0593749170395,0.162245941622,0.248972119323,0.952976262797
2018/10/02/14:06:20.127691,58985,1538481980,112135484,/world,vicon/IMUframe/IMUframe,-0.224916636629,0.0522388676564,1.5624981226,0.0649637007116,0.180935392342,0.241965208367,0.95104938848
2018/10/02/14:06:20.138011,58986,1538481980,122200570,/world,vicon/IMUframe/IMUframe,-0.225269848711,0.0522994792186,1.56570796835,0.0704822222929,0.201767785258,0.235063123882,0.948191618273
2018/10/02/14:06:20.148095,58987,1538481980,132241608,/world,vicon/IMUframe/IMUframe,-0.225512333845,0.0524395000585,1.56842078486,0.076049060936,0.22074455008,0.228777417373,0.945065752866
2018/10/02/14:06:20.157982,58988,1538481980,142126297,/world,vicon/IMUframe/IMUframe,-0.225499746944,0.0525034694244,1.57122068257,0.0816949875544,0.239934141277,0.222982836759,0.941294954501
2018/10/02/14:06:20.167767,58989,1538481980,152152857,/world,vicon/IMUframe/IMUframe,-0.225015008094,0.0524566823568,1.57387057907,0.0878401327445,0.258724295856,0.217752396513,0.936979051861
2018/10/02/14:06:20.178148,58990,1538481980,162241362,/world,vicon/IMUframe/IMUframe,-0.224623921972,0.0524323300297,1.57643283635,0.0939408967459,0.277497552242,0.212463395604,0.932217529307
2018/10/02/14:06:20.188025,58991,1538481980,172189194,/world,vicon/IMUframe/IMUframe,-0.22415587194,0.0524434434338,1.57898226335,0.100613154087,0.296787694212,0.207852260984,0.926602123564
2018/10/02/14:06:20.197957,58992,1538481980,182168097,/world,vicon/IMUframe/IMUframe,-0.223450895114,0.0524644520973,1.58145309947,0.107163461642,0.315404159003,0.203562501657,0.920651137452
2018/10/02/14:06:20.207921,58993,1538481980,192134338,/world,vicon/IMUframe/IMUframe,-0.222564274854,0.0525182370885,1.58384853069,0.114054663947,0.333854910216,0.199692017933,0.914141964101
2018/10/02/14:06:20.218137,58994,1538481980,202378896,/world,vicon/IMUframe/IMUframe,-0.221741177802,0.0525394264715,1.58609745752,0.121212679941,0.352102999384,0.195779922322,0.907194128101
2018/10/02/14:06:20.228181,58995,1538481980,212190920,/world,vicon/IMUframe/IMUframe,-0.220871145358,0.0525059986318,1.58818724057,0.128515956391,0.369869391881,0.192110621552,0.899874319552
2018/10/02/14:06:20.238102,58996,1538481980,222168410,/world,vicon/IMUframe/IMUframe,-0.219866908164,0.0527075982762,1.59002960207,0.135376510351,0.386638972103,0.188570422764,0.892538347274
2018/10/02/14:06:20.248152,58997,1538481980,232154157,/world,vicon/IMUframe/IMUframe,-0.218849796955,0.0526289451148,1.59176331947,0.141963946803,0.403033263901,0.185131878726,0.884950062702
2018/10/02/14:06:20.258070,58998,1538481980,242194296,/world,vicon/IMUframe/IMUframe,-0.217589619462,0.0524296563261,1.59351665737,0.148302388963,0.419718174198,0.18194920783,0.87677679112
2018/10/02/14:06:20.267964,58999,1538481980,252162487,/world,vicon/IMUframe/IMUframe,-0.21635227683,0.0523983197949,1.59528331472,0.155037850319,0.436352292514,0.178337224475,0.86819109426
2018/10/02/14:06:20.277979,59000,1538481980,262177989,/world,vicon/IMUframe/IMUframe,-0.214807972289,0.0520600163141,1.59668374938,0.16083847928,0.451812287587,0.175005000058,0.859866204897
2018/10/02/14:06:20.288053,59001,1538481980,272131071,/world,vicon/IMUframe/IMUframe,-0.212955391934,0.0515676116946,1.5983407798,0.166786960088,0.467414696856,0.17187402516,0.850978807364
2018/10/02/14:06:20.297868,59002,1538481980,282150002,/world,vicon/IMUframe/IMUframe,-0.211313261643,0.0513581952635,1.59977067959,0.172167426719,0.482304564588,0.16839252287,0.842249750606
2018/10/02/14:06:20.308311,59003,1538481980,292257810,/world,vicon/IMUframe/IMUframe,-0.209665279004,0.0511299582193,1.60099744416,0.177360731597,0.496689914979,0.164836196804,0.833469452031
2018/10/02/14:06:20.317645,59004,1538481980,302177306,/world,vicon/IMUframe/IMUframe,-0.208195838853,0.0509314871173,1.60186635674,0.182191847271,0.510440463069,0.161051178253,0.824814635196
2018/10/02/14:06:20.327646,59005,1538481980,312169520,/world,vicon/IMUframe/IMUframe,-0.206331614079,0.0506495663485,1.60286104747,0.187397157125,0.524088199568,0.157362183638,0.81575180523
2018/10/02/14:06:20.337819,59006,1538481980,322155271,/world,vicon/IMUframe/IMUframe,-0.205022552097,0.0503295018458,1.60353639964,0.19202561453,0.536742910924,0.153344394433,0.807167087804
2018/10/02/14:06:20.348030,59007,1538481980,332282625,/world,vicon/IMUframe/IMUframe,-0.203582585137,0.0502144739988,1.60418365461,0.19630706403,0.549204073677,0.148880884299,0.798544240702
2018/10/02/14:06:20.357882,59008,1538481980,342190639,/world,vicon/IMUframe/IMUframe,-0.202056538249,0.0499367998972,1.60477097015,0.200512980075,0.561209721676,0.144201349218,0.78996465997
2018/10/02/14:06:20.367883,59009,1538481980,352206749,/world,vicon/IMUframe/IMUframe,-0.200640405187,0.0496518160194,1.60538836653,0.20485358295,0.572520979132,0.138986017994,0.781624989882
2018/10/02/14:06:20.377849,59010,1538481980,362148847,/world,vicon/IMUframe/IMUframe,-0.199117918036,0.0494611638678,1.60578551911,0.207854593941,0.584168297851,0.133943798986,0.773047816294
2018/10/02/14:06:20.387515,59011,1538481980,372103938,/world,vicon/IMUframe/IMUframe,-0.19764517809,0.0493124347252,1.60619378112,0.210524881205,0.595299912337,0.128442995906,0.764721966186
2018/10/02/14:06:20.397921,59012,1538481980,382264801,/world,vicon/IMUframe/IMUframe,-0.196128068096,0.0492597342942,1.60659731555,0.212757190611,0.606207797204,0.122862395403,0.756406845717
2018/10/02/14:06:20.407831,59013,1538481980,392248595,/world,vicon/IMUframe/IMUframe,-0.194770747594,0.049171643056,1.60699019539,0.213947508663,0.617236184407,0.116979619256,0.748038585151
2018/10/02/14:06:20.417693,59014,1538481980,402129132,/world,vicon/IMUframe/IMUframe,-0.193266175782,0.0491227685505,1.60760596979,0.214882485062,0.628255203429,0.110340220715,0.739557944092
2018/10/02/14:06:20.427678,59015,1538481980,412130638,/world,vicon/IMUframe/IMUframe,-0.19184200325,0.0490052267128,1.60808857912,0.215544978888,0.63905853934,0.103723723885,0.731017054846
2018/10/02/14:06:20.438203,59016,1538481980,422283477,/world,vicon/IMUframe/IMUframe,-0.190407704797,0.0489785701436,1.6086190217,0.215703546447,0.649985618359,0.0966615518651,0.722251493849
2018/10/02/14:06:20.447942,59017,1538481980,432202660,/world,vicon/IMUframe/IMUframe,-0.189007296634,0.0490547950313,1.60916396086,0.215486650519,0.660981486933,0.0893851782894,0.713217545551
2018/10/02/14:06:20.457916,59018,1538481980,442126445,/world,vicon/IMUframe/IMUframe,-0.187488061679,0.0492082971712,1.60963176904,0.21496891611,0.671912609334,0.0819176681775,0.703996666303
2018/10/02/14:06:20.467781,59019,1538481980,452127405,/world,vicon/IMUframe/IMUframe,-0.185871928607,0.0494064145681,1.61016154989,0.214206510796,0.682927147741,0.0743535077053,0.694404520077
2018/10/02/14:06:20.477847,59020,1538481980,462165842,/world,vicon/IMUframe/IMUframe,-0.184134715658,0.0496285861945,1.61069183821,0.213133435047,0.69399546366,0.0668719681355,0.68445056444
2018/10/02/14:06:20.487964,59021,1538481980,472191698,/world,vicon/IMUframe/IMUframe,-0.182315740074,0.0498937476427,1.61120199702,0.211767318626,0.705054319379,0.059627178337,0.67416437839
2018/10/02/14:06:20.497979,59022,1538481980,482167540,/world,vicon/IMUframe/IMUframe,-0.180477187945,0.0500338890052,1.61168966673,0.209814940021,0.716168412106,0.0526126367015,0.663560401851
2018/10/02/14:06:20.507858,59023,1538481980,492135459,/world,vicon/IMUframe/IMUframe,-0.178563839174,0.050275300884,1.61225137205,0.207930831901,0.727143002435,0.0458824949051,0.652627473997
2018/10/02/14:06:20.518441,59024,1538481980,502209366,/world,vicon/IMUframe/IMUframe,-0.176439188302,0.0504512389086,1.61272292127,0.205903344924,0.73769777159,0.0394369838664,0.641755821667
2018/10/02/14:06:20.528041,59025,1538481980,512240064,/world,vicon/IMUframe/IMUframe,-0.174346113917,0.0504435491999,1.61306751945,0.204773569474,0.748016157478,0.0322086535419,0.630477768073
2018/10/02/14:06:20.537996,59026,1538481980,522204366,/world,vicon/IMUframe/IMUframe,-0.172461342591,0.0505472364389,1.61328550292,0.202260058533,0.759077528416,0.0267805186078,0.618203023608
2018/10/02/14:06:20.547986,59027,1538481980,532133204,/world,vicon/IMUframe/IMUframe,-0.170552103552,0.0507551908159,1.61357677342,0.199206225449,0.770120992849,0.0227016658928,0.605570120202
2018/10/02/14:06:20.557730,59028,1538481980,542103589,/world,vicon/IMUframe/IMUframe,-0.168462724681,0.0507714308419,1.61371730822,0.196916440265,0.780771326306,0.0183220749325,0.592692460844
2018/10/02/14:06:20.569316,59029,1538481980,553829877,/world,vicon/IMUframe/IMUframe,-0.166418472184,0.0507002244376,1.61382906719,0.194982012638,0.791116915156,0.014100974732,0.579583646952
2018/10/02/14:06:20.577670,59030,1538481980,562161792,/world,vicon/IMUframe/IMUframe,-0.16441653953,0.0505168956046,1.61382332276,0.192808003998,0.801477281011,0.0103793719041,0.565996033781
2018/10/02/14:06:20.587705,59031,1538481980,572118789,/world,vicon/IMUframe/IMUframe,-0.162535951148,0.0502583997711,1.61383892124,0.191166184835,0.811477798089,0.00715568592501,0.552184814299
2018/10/02/14:06:20.597384,59032,1538481980,582122267,/world,vicon/IMUframe/IMUframe,-0.160537833637,0.0500291473577,1.61373738724,0.190248230428,0.820821415187,0.00392351393199,0.538555866394
2018/10/02/14:06:20.607694,59033,1538481980,592166285,/world,vicon/IMUframe/IMUframe,-0.158666546957,0.0499212455968,1.61356710485,0.189131234872,0.830039443631,0.000958218843824,0.524655105598
2018/10/02/14:06:20.617672,59034,1538481980,602219694,/world,vicon/IMUframe/IMUframe,-0.157032626913,0.0497457821434,1.61340157338,0.188702901713,0.838569371987,-0.00184963331335,0.511066729603
2018/10/02/14:06:20.627617,59035,1538481980,612150569,/world,vicon/IMUframe/IMUframe,-0.155472422643,0.0495988883464,1.61325871591,0.188563584871,0.846585274432,-0.00470134978974,0.49770979987
2018/10/02/14:06:20.637687,59036,1538481980,622135602,/world,vicon/IMUframe/IMUframe,-0.15390986542,0.0494219965898,1.61303316413,0.188943364262,0.854410540129,-0.00752572922505,0.483969417853
2018/10/02/14:06:20.647675,59037,1538481980,632125185,/world,vicon/IMUframe/IMUframe,-0.152639776151,0.0493536155999,1.61280334172,0.189357544549,0.861186167947,-0.0107034750664,0.471579834261
2018/10/02/14:06:20.657839,59038,1538481980,642170108,/world,vicon/IMUframe/IMUframe,-0.151332223063,0.0492004130337,1.61259024049,0.190323523354,0.867429217576,-0.013950257491,0.459509411513
2018/10/02/14:06:20.667832,59039,1538481980,652165726,/world,vicon/IMUframe/IMUframe,-0.150067009942,0.0490895462304,1.61236207568,0.191349132051,0.873062945656,-0.0172229884087,0.448162884738
2018/10/02/14:06:20.677677,59040,1538481980,662131865,/world,vicon/IMUframe/IMUframe,-0.148916838888,0.0492160063816,1.61206126927,0.192559306128,0.878240855934,-0.0203610437652,0.437263468047
2018/10/02/14:06:20.687717,59041,1538481980,672092374,/world,vicon/IMUframe/IMUframe,-0.147851958185,0.0492134942194,1.61162079605,0.194066522922,0.883155666614,-0.023866509462,0.426385556667
2018/10/02/14:06:20.697718,59042,1538481980,682269351,/world,vicon/IMUframe/IMUframe,-0.146526024819,0.0493922364089,1.6113381909,0.195020788809,0.887402136823,-0.0265854106512,0.416866352006
2018/10/02/14:06:20.707679,59043,1538481980,692159564,/world,vicon/IMUframe/IMUframe,-0.145266276635,0.049541022029,1.61105235089,0.195728366308,0.891361827515,-0.0292412502553,0.407810554491
2018/10/02/14:06:20.717848,59044,1538481980,702176203,/world,vicon/IMUframe/IMUframe,-0.144033120485,0.0497254746436,1.61098727454,0.196241480411,0.894783102318,-0.031821540401,0.399799788318
2018/10/02/14:06:20.727559,59045,1538481980,712121519,/world,vicon/IMUframe/IMUframe,-0.142913858544,0.0499921620902,1.61076654151,0.196235352427,0.898052461248,-0.0339343463654,0.392226877509
2018/10/02/14:06:20.737958,59046,1538481980,722238368,/world,vicon/IMUframe/IMUframe,-0.141853512258,0.0503305275938,1.61061649635,0.196165692878,0.900832277631,-0.0357785981102,0.385668407356
2018/10/02/14:06:20.747930,59047,1538481980,732181479,/world,vicon/IMUframe/IMUframe,-0.140756695612,0.0507272975981,1.61042748139,0.196294166332,0.903331996131,-0.0368662233399,0.379606094005
2018/10/02/14:06:20.757909,59048,1538481980,742156857,/world,vicon/IMUframe/IMUframe,-0.139664389239,0.0510396390325,1.61021275655,0.195907861013,0.905086428666,-0.0378706021795,0.375505637945
2018/10/02/14:06:20.767626,59049,1538481980,752087830,/world,vicon/IMUframe/IMUframe,-0.138688093516,0.0513362223023,1.61016374066,0.195332017917,0.906581184474,-0.0379675274724,0.372175261929
2018/10/02/14:06:20.777770,59050,1538481980,762160042,/world,vicon/IMUframe/IMUframe,-0.137850647414,0.0518786948444,1.60999187287,0.194646262454,0.907719806087,-0.0374464124155,0.369804478539
2018/10/02/14:06:20.787687,59051,1538481980,772190221,/world,vicon/IMUframe/IMUframe,-0.136958980783,0.052269737485,1.60986088893,0.193756273349,0.908668706779,-0.0360906672708,0.368072209756
2018/10/02/14:06:20.797601,59052,1538481980,782169079,/world,vicon/IMUframe/IMUframe,-0.136095769061,0.0525194105378,1.60979422859,0.192785814181,0.909426516688,-0.0338606312958,0.366920288679
2018/10/02/14:06:20.807603,59053,1538481980,792136463,/world,vicon/IMUframe/IMUframe,-0.135416673301,0.0528067520815,1.60958099295,0.191666138783,0.909817807109,-0.0312292828355,0.366770201905
2018/10/02/14:06:20.817591,59054,1538481980,802169609,/world,vicon/IMUframe/IMUframe,-0.134912183403,0.0529317352424,1.60956820172,0.19043143373,0.909987230897,-0.0278149031303,0.367267531666
2018/10/02/14:06:20.827679,59055,1538481980,812196267,/world,vicon/IMUframe/IMUframe,-0.134610602957,0.0530262778589,1.60952025609,0.189055727312,0.909807184039,-0.0239462005247,0.368694181295
2018/10/02/14:06:20.837715,59056,1538481980,822212705,/world,vicon/IMUframe/IMUframe,-0.134507131045,0.0530899453697,1.60949889918,0.187679131637,0.909288667176,-0.0195809872591,0.370927551188
2018/10/02/14:06:20.847569,59057,1538481980,832144050,/world,vicon/IMUframe/IMUframe,-0.134622143068,0.05314670545,1.60949995051,0.186193203714,0.90821206689,-0.0146937898622,0.374522395839
2018/10/02/14:06:20.857618,59058,1538481980,842122428,/world,vicon/IMUframe/IMUframe,-0.134880085503,0.0531605722412,1.60935939281,0.184825671239,0.90662565064,-0.00896128371669,0.379195327302
2018/10/02/14:06:20.867643,59059,1538481980,852187657,/world,vicon/IMUframe/IMUframe,-0.135494846298,0.0530182735781,1.60927903256,0.183249494118,0.904483060656,-0.00265024007783,0.385127241466
2018/10/02/14:06:20.878019,59060,1538481980,862186547,/world,vicon/IMUframe/IMUframe,-0.136047773156,0.053087188942,1.60921407945,0.181938877355,0.901445901318,0.00515901459613,0.39276827325
2018/10/02/14:06:20.887700,59061,1538481980,872223306,/world,vicon/IMUframe/IMUframe,-0.137017810483,0.0529921105122,1.60897971124,0.180477233765,0.898142338423,0.0135340169221,0.400730755507
2018/10/02/14:06:20.897707,59062,1538481980,882138726,/world,vicon/IMUframe/IMUframe,-0.138046056229,0.0527894561196,1.60872805939,0.17916337519,0.893884571026,0.0224720338949,0.410324099177
2018/10/02/14:06:20.908782,59063,1538481980,893016155,/world,vicon/IMUframe/IMUframe,-0.138893623334,0.0526106565014,1.60858475227,0.177836299524,0.888451595353,0.032221529706,0.421888357638
2018/10/02/14:06:20.917902,59064,1538481980,902236473,/world,vicon/IMUframe/IMUframe,-0.140006311019,0.0522077520923,1.60824719308,0.176411668386,0.882714281462,0.0427660488332,0.433434522883
2018/10/02/14:06:20.927840,59065,1538481980,912152360,/world,vicon/IMUframe/IMUframe,-0.141297221852,0.0519042195643,1.60775287858,0.175389847131,0.876130648713,0.054011164223,0.445776044722
2018/10/02/14:06:20.937695,59066,1538481980,922136649,/world,vicon/IMUframe/IMUframe,-0.142518680245,0.0514671947984,1.60737834871,0.174289867954,0.868907471431,0.0657543747848,0.458583918401
2018/10/02/14:06:20.947636,59067,1538481980,932139289,/world,vicon/IMUframe/IMUframe,-0.143711759664,0.0508463252493,1.60668633996,0.17386532065,0.860879050226,0.0770360235773,0.471935972595
2018/10/02/14:06:20.957935,59068,1538481980,942224781,/world,vicon/IMUframe/IMUframe,-0.145343772238,0.0504739270269,1.60631415285,0.172408833955,0.852572460425,0.0914677161628,0.484797948221
2018/10/02/14:06:20.967854,59069,1538481980,952176918,/world,vicon/IMUframe/IMUframe,-0.146781838371,0.0498450943292,1.60542719207,0.172217957248,0.843302194337,0.104983813787,0.498157387851
2018/10/02/14:06:20.977603,59070,1538481980,962115685,/world,vicon/IMUframe/IMUframe,-0.148292308273,0.0492501784259,1.60474707668,0.171207340989,0.832938870417,0.118814863736,0.512624533841
2018/10/02/14:06:20.987750,59071,1538481980,972102230,/world,vicon/IMUframe/IMUframe,-0.149749433238,0.0485401067547,1.60373931058,0.170759168931,0.82226033991,0.133635039645,0.526185248574
2018/10/02/14:06:20.998094,59072,1538481980,982312541,/world,vicon/IMUframe/IMUframe,-0.151256005725,0.0479416207215,1.60246451304,0.170270295004,0.810702394939,0.148750799544,0.540039677352
2018/10/02/14:06:21.007775,59073,1538481980,992300427,/world,vicon/IMUframe/IMUframe,-0.152653487099,0.0472713105009,1.60115155191,0.169336030895,0.798600381873,0.164803564289,0.553536379933
2018/10/02/14:06:21.017862,59074,1538481981,2168713,/world,vicon/IMUframe/IMUframe,-0.153923946114,0.0466464452324,1.59979508372,0.168769036063,0.78599729124,0.18083395894,0.566590107507
2018/10/02/14:06:21.027887,59075,1538481981,12125504,/world,vicon/IMUframe/IMUframe,-0.155188919283,0.0458813532865,1.59820745771,0.16739807201,0.772888437413,0.19775271634,0.579236749508
2018/10/02/14:06:21.037788,59076,1538481981,22189634,/world,vicon/IMUframe/IMUframe,-0.156170767607,0.045204958512,1.59650994466,0.165995153782,0.759466359686,0.21521786369,0.591047991769
2018/10/02/14:06:21.047947,59077,1538481981,32166594,/world,vicon/IMUframe/IMUframe,-0.15690528069,0.0446305505528,1.59469292567,0.164534852823,0.745456027058,0.233051158433,0.602420742905
2018/10/02/14:06:21.057802,59078,1538481981,42173971,/world,vicon/IMUframe/IMUframe,-0.157568864712,0.0439052815466,1.59269126158,0.162334546656,0.731147577461,0.251607882403,0.612996075394
2018/10/02/14:06:21.067800,59079,1538481981,52142115,/world,vicon/IMUframe/IMUframe,-0.158160210755,0.0432932486529,1.59064191609,0.16033890094,0.716563589215,0.270106354147,0.622792595417
2018/10/02/14:06:21.077702,59080,1538481981,62185630,/world,vicon/IMUframe/IMUframe,-0.158581839963,0.0427718051185,1.58846628135,0.158088609928,0.701818735878,0.288731492289,0.631737745225
2018/10/02/14:06:21.088352,59081,1538481981,72240578,/world,vicon/IMUframe/IMUframe,-0.158943244726,0.042279942787,1.58614417144,0.155832678326,0.686896691037,0.307261504032,0.639905837095
2018/10/02/14:06:21.097748,59082,1538481981,82225292,/world,vicon/IMUframe/IMUframe,-0.159071992802,0.0418092446531,1.58378303141,0.15364750038,0.671986609947,0.325477600772,0.647217716904
2018/10/02/14:06:21.107577,59083,1538481981,92147670,/world,vicon/IMUframe/IMUframe,-0.159007854787,0.0414720133303,1.58135010291,0.151428997998,0.656518208351,0.343984521761,0.654008982704
2018/10/02/14:06:21.117792,59084,1538481981,102143107,/world,vicon/IMUframe/IMUframe,-0.158870870758,0.0411926438827,1.57887074107,0.149269733096,0.641103968615,0.361962099366,0.660066426074
2018/10/02/14:06:21.127807,59085,1538481981,112246720,/world,vicon/IMUframe/IMUframe,-0.158758030602,0.0408952837144,1.57629162653,0.146918788921,0.625523080235,0.379838694214,0.665476004025
2018/10/02/14:06:21.137658,59086,1538481981,122202843,/world,vicon/IMUframe/IMUframe,-0.158546388423,0.040564555313,1.57354294234,0.144697390071,0.60949316486,0.397678926201,0.670397060667
2018/10/02/14:06:21.147788,59087,1538481981,132157122,/world,vicon/IMUframe/IMUframe,-0.158394473055,0.0403563988432,1.5708041492,0.142676791633,0.593577786119,0.414834286083,0.674700867085
2018/10/02/14:06:21.157410,59088,1538481981,142174763,/world,vicon/IMUframe/IMUframe,-0.157869352349,0.0404615442644,1.56806656696,0.141265793236,0.577219630238,0.431584263237,0.6786725999
2018/10/02/14:06:21.168354,59089,1538481981,152417032,/world,vicon/IMUframe/IMUframe,-0.157173628357,0.0406615556775,1.56527688592,0.140271557722,0.561032435894,0.447705181932,0.682001881259
2018/10/02/14:06:21.178108,59090,1538481981,162281288,/world,vicon/IMUframe/IMUframe,-0.156630599965,0.0408292096472,1.56253752806,0.139631424182,0.545058205705,0.463302002011,0.68466478857
2018/10/02/14:06:21.187913,59091,1538481981,172166450,/world,vicon/IMUframe/IMUframe,-0.155937373362,0.0412621944232,1.55975991756,0.139331271929,0.528964448307,0.478199193438,0.687101841422
2018/10/02/14:06:21.197846,59092,1538481981,182131783,/world,vicon/IMUframe/IMUframe,-0.155160226063,0.0417017408611,1.55705710318,0.139540567452,0.513237753519,0.492747719953,0.68870539629
2018/10/02/14:06:21.208076,59093,1538481981,192189044,/world,vicon/IMUframe/IMUframe,-0.154223019107,0.0421775142434,1.55437392179,0.140170350636,0.497697783135,0.507288986896,0.689425175954
2018/10/02/14:06:21.218226,59094,1538481981,202187164,/world,vicon/IMUframe/IMUframe,-0.153701098199,0.0425143984742,1.5519315046,0.140131496821,0.481683022519,0.520759336063,0.690763594379
2018/10/02/14:06:21.227979,59095,1538481981,212196851,/world,vicon/IMUframe/IMUframe,-0.152849141529,0.0430068147396,1.54921983961,0.140956084849,0.46561350443,0.53376368523,0.691687628172
2018/10/02/14:06:21.237851,59096,1538481981,222160206,/world,vicon/IMUframe/IMUframe,-0.15212166062,0.0436537672396,1.54637681249,0.14225607191,0.449014274468,0.546638623877,0.692340672079
2018/10/02/14:06:21.247967,59097,1538481981,232123569,/world,vicon/IMUframe/IMUframe,-0.151519675878,0.0442255915643,1.5435944062,0.143752652787,0.43216635262,0.558981238029,0.692897823645
2018/10/02/14:06:21.258470,59098,1538481981,242241490,/world,vicon/IMUframe/IMUframe,-0.150783498671,0.0446716059171,1.54092785215,0.145028625399,0.415570724353,0.571071730617,0.69292477901
2018/10/02/14:06:21.268017,59099,1538481981,252244246,/world,vicon/IMUframe/IMUframe,-0.150079521771,0.045081927258,1.53809903282,0.146839521174,0.398375040343,0.582783653881,0.692891546364
2018/10/02/14:06:21.277999,59100,1538481981,262179185,/world,vicon/IMUframe/IMUframe,-0.149302734343,0.0455294653676,1.53524489645,0.148822435564,0.381283275378,0.594048231539,0.692518335638
2018/10/02/14:06:21.287747,59101,1538481981,272111398,/world,vicon/IMUframe/IMUframe,-0.147933659105,0.0458983729929,1.53252943895,0.150271513799,0.36372179714,0.604742835765,0.692395139366
2018/10/02/14:06:21.298152,59102,1538481981,282374507,/world,vicon/IMUframe/IMUframe,-0.147092139816,0.0459939583042,1.52968034613,0.152624398069,0.347286853858,0.615415241552,0.690913681089
2018/10/02/14:06:21.307987,59103,1538481981,292195931,/world,vicon/IMUframe/IMUframe,-0.146327306412,0.0466245361219,1.52712892474,0.156325426113,0.330692076069,0.625018053465,0.689606804504
2018/10/02/14:06:21.317829,59104,1538481981,302144271,/world,vicon/IMUframe/IMUframe,-0.14604103007,0.0471663554088,1.524282537,0.161348352346,0.313435378297,0.633877004721,0.688422047666
2018/10/02/14:06:21.327737,59105,1538481981,312142661,/world,vicon/IMUframe/IMUframe,-0.144414005132,0.0479302197405,1.5218866519,0.160854018156,0.296629799578,0.643570559944,0.686988850869
2018/10/02/14:06:21.338123,59106,1538481981,322228411,/world,vicon/IMUframe/IMUframe,-0.143229943499,0.0485269076536,1.51959693728,0.163685129523,0.279848614734,0.65201664092,0.685394945391
2018/10/02/14:06:21.347640,59107,1538481981,332221731,/world,vicon/IMUframe/IMUframe,-0.142362309964,0.0490847065603,1.51733708539,0.165906686828,0.263656180464,0.660029119607,0.683609501865
2018/10/02/14:06:21.357816,59108,1538481981,342188289,/world,vicon/IMUframe/IMUframe,-0.142093994148,0.0499913116178,1.51511892384,0.169903775765,0.248294225116,0.668062158284,0.680570082669
2018/10/02/14:06:21.367532,59109,1538481981,352154367,/world,vicon/IMUframe/IMUframe,-0.140718101236,0.0506007980817,1.51314365464,0.170606253764,0.231765264236,0.675515892403,0.678864233541
2018/10/02/14:06:21.377788,59110,1538481981,362096352,/world,vicon/IMUframe/IMUframe,-0.139569844556,0.0513999990601,1.51124480732,0.171893474105,0.216541552357,0.682604438473,0.676471411251
2018/10/02/14:06:21.387762,59111,1538481981,372245102,/world,vicon/IMUframe/IMUframe,-0.138444106678,0.0520832667379,1.50945604174,0.174032233185,0.20114874172,0.688893657049,0.674297779022
2018/10/02/14:06:21.397627,59112,1538481981,382198051,/world,vicon/IMUframe/IMUframe,-0.137311058499,0.0527908579514,1.50765511411,0.176275364176,0.185545498182,0.694970142773,0.671949674264
2018/10/02/14:06:21.407780,59113,1538481981,392183030,/world,vicon/IMUframe/IMUframe,-0.136186589502,0.0535533046171,1.50576736084,0.17914879793,0.16947717708,0.700400194806,0.66979307384
2018/10/02/14:06:21.417747,59114,1538481981,402155133,/world,vicon/IMUframe/IMUframe,-0.135028770741,0.0543739448134,1.50403603113,0.182396470783,0.153953275074,0.704890449237,0.667951623334
2018/10/02/14:06:21.427786,59115,1538481981,412220081,/world,vicon/IMUframe/IMUframe,-0.133924429077,0.0551932570795,1.50232850095,0.185990395857,0.138288348608,0.708741979809,0.666309771311
2018/10/02/14:06:21.438352,59116,1538481981,422210080,/world,vicon/IMUframe/IMUframe,-0.132178029157,0.0562012912673,1.50086220195,0.188373308054,0.120933991412,0.711663520258,0.665902020171
2018/10/02/14:06:21.447831,59117,1538481981,432213525,/world,vicon/IMUframe/IMUframe,-0.131248484795,0.057373740127,1.49930642704,0.192599804511,0.104833513506,0.713401933102,0.665562117007
2018/10/02/14:06:21.457617,59118,1538481981,442144257,/world,vicon/IMUframe/IMUframe,-0.130089660466,0.0586400368873,1.49802647575,0.196491868295,0.0887019180247,0.715895898996,0.664090338157
2018/10/02/14:06:21.468286,59119,1538481981,452377914,/world,vicon/IMUframe/IMUframe,-0.128976065073,0.0599103587541,1.49682979849,0.2002939351,0.0728833515229,0.717549914692,0.663093113038
2018/10/02/14:06:21.477851,59120,1538481981,462205005,/world,vicon/IMUframe/IMUframe,-0.127913419431,0.0609892656117,1.49576547996,0.204069543097,0.0575616858891,0.718181516226,0.66276510443
2018/10/02/14:06:21.488099,59121,1538481981,472202434,/world,vicon/IMUframe/IMUframe,-0.126637522629,0.0621505676143,1.49496784586,0.207323401195,0.0419873372561,0.718549818396,0.662525644266
2018/10/02/14:06:21.497963,59122,1538481981,482153341,/world,vicon/IMUframe/IMUframe,-0.125420547211,0.0633960520797,1.49419405021,0.210996529148,0.0267169866339,0.718871257419,0.66180872053
2018/10/02/14:06:21.508475,59123,1538481981,492322064,/world,vicon/IMUframe/IMUframe,-0.124135876007,0.0647179766262,1.49344740949,0.214435540554,0.0119542249892,0.718550810959,0.66148259805
2018/10/02/14:06:21.517992,59124,1538481981,502207590,/world,vicon/IMUframe/IMUframe,-0.123105453319,0.0658819490992,1.49283379199,0.218144520637,-0.0023582548197,0.718113000484,0.660848791545
2018/10/02/14:06:21.527811,59125,1538481981,512155322,/world,vicon/IMUframe/IMUframe,-0.1221793392,0.0670980731488,1.4921626943,0.222186241217,-0.0156401677055,0.717171040235,0.66034412121
2018/10/02/14:06:21.537692,59126,1538481981,522117161,/world,vicon/IMUframe/IMUframe,-0.121957703377,0.0685565577344,1.49133508131,0.227475528776,-0.0268306957586,0.716754660632,0.658633246986
2018/10/02/14:06:21.548039,59127,1538481981,532220645,/world,vicon/IMUframe/IMUframe,-0.121203944636,0.0697838766366,1.49077548941,0.231591766815,-0.038746677821,0.71543278146,0.658042463458
2018/10/02/14:06:21.557602,59128,1538481981,542166020,/world,vicon/IMUframe/IMUframe,-0.120539190987,0.0710163532512,1.49025470084,0.235901886349,-0.0500627030956,0.71376603106,0.657557661868
2018/10/02/14:06:21.568012,59129,1538481981,552187169,/world,vicon/IMUframe/IMUframe,-0.119403968789,0.0721444197734,1.49007296283,0.239436757359,-0.0620932006743,0.711424498064,0.6577914998
2018/10/02/14:06:21.577677,59130,1538481981,562209837,/world,vicon/IMUframe/IMUframe,-0.119048517562,0.0734888116187,1.48965234876,0.244412905197,-0.0721772152849,0.709237759518,0.657293375778
2018/10/02/14:06:21.587913,59131,1538481981,572166021,/world,vicon/IMUframe/IMUframe,-0.118823137522,0.0749542583047,1.48918650224,0.24954969498,-0.0817554022183,0.706705092487,0.656969494114
2018/10/02/14:06:21.601061,59132,1538481981,585264079,/world,vicon/IMUframe/IMUframe,-0.118938701536,0.0763524833921,1.48855745452,0.255892529311,-0.0904785499642,0.70404019917,0.656246937815
2018/10/02/14:06:21.607861,59133,1538481981,592228977,/world,vicon/IMUframe/IMUframe,-0.118933178293,0.0779557570337,1.48802826376,0.262284192778,-0.0991062714905,0.700692252588,0.656060451737
2018/10/02/14:06:21.617842,59134,1538481981,602154748,/world,vicon/IMUframe/IMUframe,-0.119045967582,0.079575699375,1.48750611352,0.269441470465,-0.107476544901,0.696980392365,0.655796019314
2018/10/02/14:06:21.627923,59135,1538481981,612139586,/world,vicon/IMUframe/IMUframe,-0.119344035431,0.0812329426456,1.4869649685,0.276570657858,-0.115567321696,0.692997660818,0.655673018713
2018/10/02/14:06:21.638028,59136,1538481981,622229297,/world,vicon/IMUframe/IMUframe,-0.119737451522,0.082925206875,1.48638276113,0.284506586951,-0.123542071993,0.688511028039,0.655550091678
2018/10/02/14:06:21.647781,59137,1538481981,632186054,/world,vicon/IMUframe/IMUframe,-0.120138475831,0.0845956289537,1.48575602007,0.293120084437,-0.130998493231,0.683598107978,0.655449187687
2018/10/02/14:06:21.657684,59138,1538481981,642155223,/world,vicon/IMUframe/IMUframe,-0.120630644268,0.086301513227,1.48509453069,0.301739554283,-0.137994995406,0.678268095744,0.655639392441
2018/10/02/14:06:21.667736,59139,1538481981,652152743,/world,vicon/IMUframe/IMUframe,-0.121297115428,0.0880874762661,1.4843056556,0.309906672212,-0.145248236488,0.672434648482,0.656271626566
2018/10/02/14:06:21.678290,59140,1538481981,662256819,/world,vicon/IMUframe/IMUframe,-0.12191336065,0.0897876386742,1.4836213111,0.318411718332,-0.151844686977,0.66630489632,0.656958867666
2018/10/02/14:06:21.688202,59141,1538481981,672246045,/world,vicon/IMUframe/IMUframe,-0.122461625101,0.0918010595034,1.48307383544,0.327187428088,-0.15824946382,0.659559259858,0.657941545152
2018/10/02/14:06:21.697787,59142,1538481981,682182928,/world,vicon/IMUframe/IMUframe,-0.123141542619,0.0935673347361,1.48231417148,0.335501627637,-0.16514302205,0.652485168633,0.659112695095
2018/10/02/14:06:21.707731,59143,1538481981,692141689,/world,vicon/IMUframe/IMUframe,-0.12371417302,0.0951489965226,1.48168627506,0.343973095659,-0.1713710268,0.645299501247,0.660229531547
2018/10/02/14:06:21.718088,59144,1538481981,702117694,/world,vicon/IMUframe/IMUframe,-0.124311292867,0.0966056522754,1.48107085138,0.3527493631,-0.177292035173,0.637993736747,0.661134943085
2018/10/02/14:06:21.728084,59145,1538481981,712228463,/world,vicon/IMUframe/IMUframe,-0.124885012493,0.0979835408071,1.48052943314,0.361810746576,-0.182855661059,0.630596288707,0.661819546063
2018/10/02/14:06:21.737820,59146,1538481981,722189984,/world,vicon/IMUframe/IMUframe,-0.12654373132,0.099650996492,1.47923935854,0.371288811445,-0.186290097675,0.624306303143,0.661575587412
2018/10/02/14:06:21.747919,59147,1538481981,732146880,/world,vicon/IMUframe/IMUframe,-0.126774740387,0.100819553093,1.47858371791,0.380146180796,-0.190869749751,0.617043399619,0.662053670666
2018/10/02/14:06:21.757763,59148,1538481981,742150594,/world,vicon/IMUframe/IMUframe,-0.127789000687,0.102118988202,1.47762513419,0.389355971924,-0.195095026605,0.610183327333,0.661827896637
2018/10/02/14:06:21.768258,59149,1538481981,752277388,/world,vicon/IMUframe/IMUframe,-0.128656094369,0.103358776542,1.47679525537,0.399132272654,-0.199013033359,0.603038455133,0.661386319113
2018/10/02/14:06:21.778073,59150,1538481981,762191646,/world,vicon/IMUframe/IMUframe,-0.129440424006,0.104685497445,1.47583094936,0.40851091445,-0.202038474039,0.596335282297,0.660820337816
2018/10/02/14:06:21.787782,59151,1538481981,772217747,/world,vicon/IMUframe/IMUframe,-0.130275811093,0.106096149134,1.47479939428,0.418049191487,-0.205164777582,0.589409646847,0.660104958124
2018/10/02/14:06:21.797674,59152,1538481981,782127331,/world,vicon/IMUframe/IMUframe,-0.131112427559,0.107613360465,1.47363479655,0.427637819903,-0.208244232165,0.58244218179,0.659182326546
2018/10/02/14:06:21.807971,59153,1538481981,792271202,/world,vicon/IMUframe/IMUframe,-0.131950040212,0.109237383831,1.47240633248,0.437159344668,-0.211148760306,0.575411711691,0.658186349326
2018/10/02/14:06:21.818137,59154,1538481981,802214267,/world,vicon/IMUframe/IMUframe,-0.132748319978,0.110946353388,1.47125871686,0.447449480012,-0.214263030664,0.56800030195,0.656700824968
2018/10/02/14:06:21.827901,59155,1538481981,812148759,/world,vicon/IMUframe/IMUframe,-0.133512394355,0.11245780018,1.47019193939,0.457239174096,-0.217612197951,0.560607381196,0.655207320719
2018/10/02/14:06:21.837787,59156,1538481981,822134073,/world,vicon/IMUframe/IMUframe,-0.133781314751,0.113980898197,1.46930543175,0.46552407068,-0.221404310948,0.553530244294,0.654119055955
2018/10/02/14:06:21.847847,59157,1538481981,832115142,/world,vicon/IMUframe/IMUframe,-0.135009151496,0.115660453201,1.4681228375,0.47615671512,-0.222984987755,0.546472100355,0.651859433785
2018/10/02/14:06:21.857868,59158,1538481981,842154865,/world,vicon/IMUframe/IMUframe,-0.1357308547,0.117142977835,1.4671134409,0.48591861156,-0.225497622775,0.539270098484,0.649785876996
2018/10/02/14:06:21.867916,59159,1538481981,852201448,/world,vicon/IMUframe/IMUframe,-0.136413454381,0.118745573145,1.46597904341,0.495761801495,-0.227988048656,0.532048173656,0.647430634708
2018/10/02/14:06:21.877918,59160,1538481981,862143186,/world,vicon/IMUframe/IMUframe,-0.136694047044,0.120062037486,1.46505586587,0.504861184013,-0.23110603759,0.524603078495,0.645365628385
2018/10/02/14:06:21.887904,59161,1538481981,872146323,/world,vicon/IMUframe/IMUframe,-0.137858106313,0.121761749076,1.46363840535,0.515055036153,-0.232271308487,0.517320088632,0.642766112116
2018/10/02/14:06:21.898177,59162,1538481981,882209138,/world,vicon/IMUframe/IMUframe,-0.138290849883,0.123187411369,1.46273410087,0.52454873894,-0.234931271364,0.509445808866,0.640406812925
2018/10/02/14:06:21.907950,59163,1538481981,892252368,/world,vicon/IMUframe/IMUframe,-0.139335616906,0.124696957295,1.46140157618,0.534325626291,-0.236290488553,0.501704084781,0.637930984843
2018/10/02/14:06:21.917941,59164,1538481981,902154888,/world,vicon/IMUframe/IMUframe,-0.139951736484,0.126085407461,1.46006975042,0.543295298358,-0.238460623972,0.494536137879,0.635138376993
2018/10/02/14:06:21.927888,59165,1538481981,912158015,/world,vicon/IMUframe/IMUframe,-0.141434047021,0.127977355292,1.45860412177,0.553228327534,-0.238913405668,0.486624682597,0.63249918616
2018/10/02/14:06:21.938049,59166,1538481981,922295611,/world,vicon/IMUframe/IMUframe,-0.142555515228,0.129664707893,1.45717637659,0.562376080745,-0.240216092611,0.478894888699,0.629832563651
2018/10/02/14:06:21.948208,59167,1538481981,932212375,/world,vicon/IMUframe/IMUframe,-0.143154134062,0.131220244971,1.45614723516,0.571159342732,-0.242737410926,0.470947814912,0.626947932588
2018/10/02/14:06:21.958058,59168,1538481981,942220261,/world,vicon/IMUframe/IMUframe,-0.144331244731,0.132966380381,1.45476499416,0.580175536949,-0.244188299374,0.462986797022,0.624028562293
2018/10/02/14:06:21.967774,59169,1538481981,952147651,/world,vicon/IMUframe/IMUframe,-0.145599380372,0.134774394578,1.45353831692,0.589456843546,-0.245483367855,0.454775374487,0.620852562582
2018/10/02/14:06:21.977782,59170,1538481981,962234941,/world,vicon/IMUframe/IMUframe,-0.14683240671,0.136824275403,1.45232038714,0.599246099903,-0.246746136025,0.446412107433,0.617038642586
2018/10/02/14:06:21.987611,59171,1538481981,972205328,/world,vicon/IMUframe/IMUframe,-0.147787800006,0.13860579958,1.4511413722,0.608282013689,-0.24858319768,0.437775065827,0.613638637469
2018/10/02/14:06:21.997591,59172,1538481981,982186256,/world,vicon/IMUframe/IMUframe,-0.148854345057,0.140317747295,1.44998680421,0.617295363451,-0.250299568353,0.429033390977,0.610104015534
2018/10/02/14:06:22.007778,59173,1538481981,992127696,/world,vicon/IMUframe/IMUframe,-0.14991154199,0.142105396726,1.44880853918,0.626550028859,-0.252025678528,0.419983977046,0.606243826957
2018/10/02/14:06:22.017795,59174,1538481982,2212344,/world,vicon/IMUframe/IMUframe,-0.150876531598,0.143648739429,1.44770003831,0.635270911428,-0.253698183995,0.411183940385,0.602491383922
2018/10/02/14:06:22.028098,59175,1538481982,12231258,/world,vicon/IMUframe/IMUframe,-0.151686624479,0.145123317183,1.4465683148,0.643763124031,-0.255636669343,0.402142650367,0.598748880735
2018/10/02/14:06:22.038112,59176,1538481982,22199107,/world,vicon/IMUframe/IMUframe,-0.152855641314,0.146735431368,1.44495474168,0.652145458522,-0.256431672568,0.392878726094,0.595479138859
2018/10/02/14:06:22.047995,59177,1538481982,32149061,/world,vicon/IMUframe/IMUframe,-0.15346466383,0.148178999591,1.44372061444,0.660032069513,-0.258580217675,0.38397660776,0.591655223027
2018/10/02/14:06:22.058054,59178,1538481982,42147067,/world,vicon/IMUframe/IMUframe,-0.153662898202,0.14960839168,1.44297185969,0.667985893493,-0.26155226157,0.375318267702,0.58695950328
2018/10/02/14:06:22.067807,59179,1538481982,52240914,/world,vicon/IMUframe/IMUframe,-0.15427162906,0.151034162841,1.4417370731,0.675675249628,-0.263624537837,0.366567638595,0.582746279632
2018/10/02/14:06:22.077632,59180,1538481982,62198895,/world,vicon/IMUframe/IMUframe,-0.155092493049,0.152493993698,1.44016939173,0.683341828506,-0.264747703134,0.357859081126,0.578696360067
2018/10/02/14:06:22.087672,59181,1538481982,72159827,/world,vicon/IMUframe/IMUframe,-0.155506914775,0.15415264498,1.43895246828,0.690910800882,-0.266863343769,0.349176192125,0.574022828666
2018/10/02/14:06:22.097829,59182,1538481982,82168123,/world,vicon/IMUframe/IMUframe,-0.156134098516,0.155482856174,1.43778453617,0.698225255848,-0.268895993335,0.341003746342,0.569115877344
2018/10/02/14:06:22.107994,59183,1538481982,92326047,/world,vicon/IMUframe/IMUframe,-0.15649825858,0.157114148086,1.43653811048,0.705345258354,-0.270999470792,0.332067334702,0.564604851708
2018/10/02/14:06:22.117762,59184,1538481982,102233902,/world,vicon/IMUframe/IMUframe,-0.157118508103,0.158559030717,1.43524753313,0.712172401472,-0.272792767123,0.32396787435,0.559856582685
2018/10/02/14:06:22.127465,59185,1538481982,112211267,/world,vicon/IMUframe/IMUframe,-0.157664875239,0.159970316493,1.43398868883,0.718659994489,-0.274556452849,0.315987433328,0.55524634938
2018/10/02/14:06:22.137659,59186,1538481982,122151448,/world,vicon/IMUframe/IMUframe,-0.158036813422,0.161100171003,1.43281299249,0.72457467509,-0.276374958346,0.308278554742,0.550974369008
2018/10/02/14:06:22.147686,59187,1538481982,132270822,/world,vicon/IMUframe/IMUframe,-0.158468621748,0.161984653988,1.43162679698,0.730230622243,-0.277922561717,0.300834009414,0.546828297372
2018/10/02/14:06:22.157742,59188,1538481982,142211906,/world,vicon/IMUframe/IMUframe,-0.158867113755,0.162981840165,1.4307103754,0.735464628443,-0.279215574236,0.293262363274,0.543256504517
2018/10/02/14:06:22.167629,59189,1538481982,152173263,/world,vicon/IMUframe/IMUframe,-0.159260713626,0.163576039942,1.42941552273,0.739511167068,-0.280199292915,0.287237497962,0.540468509532
2018/10/02/14:06:22.177699,59190,1538481982,162120857,/world,vicon/IMUframe/IMUframe,-0.159674226144,0.163950956436,1.42807852105,0.742907937178,-0.280967643814,0.28149231417,0.538430178455
2018/10/02/14:06:22.187987,59191,1538481982,172270727,/world,vicon/IMUframe/IMUframe,-0.159984849726,0.16423162573,1.42694698046,0.74565060859,-0.281381930923,0.275982353649,0.537273784335
2018/10/02/14:06:22.197775,59192,1538481982,182303320,/world,vicon/IMUframe/IMUframe,-0.160359507775,0.16430093145,1.42564271475,0.747451695867,-0.281540217455,0.271473938792,0.536985073216
2018/10/02/14:06:22.207593,59193,1538481982,192177160,/world,vicon/IMUframe/IMUframe,-0.160965525951,0.164743743234,1.42398535709,0.748352167768,-0.280245637416,0.267250789819,0.538524308688
2018/10/02/14:06:22.217650,59194,1538481982,202198894,/world,vicon/IMUframe/IMUframe,-0.161486947603,0.164160304128,1.42246937595,0.748847313884,-0.279457900936,0.264380534696,0.539660925922
2018/10/02/14:06:22.227566,59195,1538481982,212162490,/world,vicon/IMUframe/IMUframe,-0.161953877056,0.163662308972,1.42081964661,0.74824685198,-0.278089586116,0.26261359113,0.542058052565
2018/10/02/14:06:22.237691,59196,1538481982,222335979,/world,vicon/IMUframe/IMUframe,-0.16249892558,0.162912925744,1.41936345417,0.746711303213,-0.276442235045,0.261632944073,0.545481551396
2018/10/02/14:06:22.247732,59197,1538481982,232255185,/world,vicon/IMUframe/IMUframe,-0.163016534203,0.16205343038,1.41788596475,0.744725816098,-0.274279046907,0.261625469584,0.549278232711
2018/10/02/14:06:22.257694,59198,1538481982,242255171,/world,vicon/IMUframe/IMUframe,-0.163312663257,0.160940445497,1.41570446615,0.741449473249,-0.271565123573,0.26178685957,0.554952883076
2018/10/02/14:06:22.267480,59199,1538481982,252149064,/world,vicon/IMUframe/IMUframe,-0.163903624516,0.159570592774,1.41427698551,0.737909090043,-0.268705064598,0.263225183194,0.560357266415
2018/10/02/14:06:22.277931,59200,1538481982,262340911,/world,vicon/IMUframe/IMUframe,-0.164554768186,0.157776858182,1.41314649365,0.733590327608,-0.265704092268,0.265572158323,0.566319693562
2018/10/02/14:06:22.287670,59201,1538481982,272209353,/world,vicon/IMUframe/IMUframe,-0.165423352987,0.1556592999,1.41187883379,0.728628576032,-0.262098391727,0.268738900971,0.572873663514
2018/10/02/14:06:22.298133,59202,1538481982,282195619,/world,vicon/IMUframe/IMUframe,-0.166647528341,0.15248802272,1.41079295542,0.72321414188,-0.255758418969,0.273184147412,0.580447549494
2018/10/02/14:06:22.307850,59203,1538481982,292181981,/world,vicon/IMUframe/IMUframe,-0.167433399868,0.150225674076,1.41003101884,0.717096760966,-0.250775006559,0.275956270654,0.588839764438
2018/10/02/14:06:22.318005,59204,1538481982,302285867,/world,vicon/IMUframe/IMUframe,-0.167879114862,0.147818700745,1.40873561259,0.708926649706,-0.24660968624,0.280994530229,0.598037408504
2018/10/02/14:06:22.327713,59205,1538481982,312206935,/world,vicon/IMUframe/IMUframe,-0.168671168851,0.144801072041,1.40687060558,0.699108261591,-0.242354069869,0.288868639618,0.60750889083
2018/10/02/14:06:22.337682,59206,1538481982,322200361,/world,vicon/IMUframe/IMUframe,-0.169390775746,0.141905601416,1.40559925821,0.689206575431,-0.23694016549,0.295041979961,0.617902811469
2018/10/02/14:06:22.347656,59207,1538481982,332187953,/world,vicon/IMUframe/IMUframe,-0.170271998844,0.138652209756,1.40454504337,0.678569796776,-0.231411775754,0.302147014452,0.62825058902
2018/10/02/14:06:22.357837,59208,1538481982,342361390,/world,vicon/IMUframe/IMUframe,-0.170983601352,0.13531578431,1.40356542762,0.666863272909,-0.225527449938,0.309167141411,0.639410997123
2018/10/02/14:06:22.368203,59209,1538481982,352212557,/world,vicon/IMUframe/IMUframe,-0.171621900078,0.131603433551,1.40276090186,0.654089754802,-0.219144368076,0.317005156223,0.650884067658
2018/10/02/14:06:22.377996,59210,1538481982,362223811,/world,vicon/IMUframe/IMUframe,-0.172473158249,0.128193731281,1.40241510152,0.641458894162,-0.21257144188,0.322737166781,0.662710034914
2018/10/02/14:06:22.387701,59211,1538481982,372144845,/world,vicon/IMUframe/IMUframe,-0.172708538292,0.125138206077,1.40067503937,0.625581913299,-0.208151460477,0.331955396564,0.674630160863
2018/10/02/14:06:22.397901,59212,1538481982,382181756,/world,vicon/IMUframe/IMUframe,-0.173736308135,0.120469773853,1.40133872871,0.611247904879,-0.19916163926,0.339495182311,0.68662483309
2018/10/02/14:06:22.407862,59213,1538481982,392274176,/world,vicon/IMUframe/IMUframe,-0.174261213011,0.116377289317,1.40152078793,0.595025054928,-0.192520157455,0.346609505485,0.69910158324
2018/10/02/14:06:22.418055,59214,1538481982,402203661,/world,vicon/IMUframe/IMUframe,-0.174681407969,0.112081740981,1.40165978674,0.577554421111,-0.185978647805,0.354968504697,0.711224432855
2018/10/02/14:06:22.428042,59215,1538481982,412206261,/world,vicon/IMUframe/IMUframe,-0.175139192974,0.1076730875,1.40204802463,0.559211293687,-0.179738233282,0.362787823856,0.723437551811
2018/10/02/14:06:22.438012,59216,1538481982,422154258,/world,vicon/IMUframe/IMUframe,-0.175505374543,0.103479711709,1.40286051264,0.541415534005,-0.17364125191,0.369060967091,0.735195169831
2018/10/02/14:06:22.448177,59217,1538481982,432225792,/world,vicon/IMUframe/IMUframe,-0.175644407128,0.0990187201213,1.40381556249,0.522259504109,-0.16693094268,0.375824579797,0.747084303117
2018/10/02/14:06:22.458113,59218,1538481982,442186699,/world,vicon/IMUframe/IMUframe,-0.175659228248,0.0948844874304,1.40468454948,0.503101405203,-0.162419130736,0.382036799014,0.75799530754
2018/10/02/14:06:22.467834,59219,1538481982,452166561,/world,vicon/IMUframe/IMUframe,-0.175848338775,0.0906212048172,1.40594551532,0.484144163324,-0.155604986091,0.388288316805,0.768520461963
2018/10/02/14:06:22.478170,59220,1538481982,462129047,/world,vicon/IMUframe/IMUframe,-0.175128860875,0.0862415308847,1.40697661573,0.463646269483,-0.151749524035,0.395533283577,0.778175841525
2018/10/02/14:06:22.488101,59221,1538481982,472262625,/world,vicon/IMUframe/IMUframe,-0.175291022193,0.0823258489999,1.40857097935,0.444421673322,-0.14584597532,0.400782006632,0.787776688488
2018/10/02/14:06:22.497910,59222,1538481982,482199052,/world,vicon/IMUframe/IMUframe,-0.175485070836,0.0786125442151,1.41059145867,0.425524567738,-0.140241743783,0.405405373259,0.79681088025
2018/10/02/14:06:22.507936,59223,1538481982,492163669,/world,vicon/IMUframe/IMUframe,-0.175733887701,0.0751149954236,1.41281614145,0.407272961976,-0.135400254385,0.409168825317,0.805218217594
2018/10/02/14:06:22.517602,59224,1538481982,502123827,/world,vicon/IMUframe/IMUframe,-0.176059178848,0.0719774500084,1.415273039,0.387820917763,-0.130227702865,0.413084362927,0.813631974702
2018/10/02/14:06:22.528281,59225,1538481982,512379749,/world,vicon/IMUframe/IMUframe,-0.176184655798,0.0686489537592,1.41800628341,0.370217671358,-0.126632471635,0.415597406881,0.821085798401
2018/10/02/14:06:22.537925,59226,1538481982,522239860,/world,vicon/IMUframe/IMUframe,-0.176582978811,0.0659658478501,1.42072295204,0.352372085155,-0.123482817385,0.417829634141,0.828253768025
2018/10/02/14:06:22.548101,59227,1538481982,532206197,/world,vicon/IMUframe/IMUframe,-0.176745930996,0.0632154148484,1.4237459356,0.334949735529,-0.120017990958,0.419771139991,0.83498296183
2018/10/02/14:06:22.558005,59228,1538481982,542174130,/world,vicon/IMUframe/IMUframe,-0.176966460687,0.0604384853538,1.42686402448,0.31772152889,-0.116249199735,0.4220118641,0.841097580665
2018/10/02/14:06:22.568202,59229,1538481982,552269053,/world,vicon/IMUframe/IMUframe,-0.177286761201,0.0580689153663,1.42990766816,0.300718155322,-0.113176395221,0.423264189444,0.847116946212
2018/10/02/14:06:22.578055,59230,1538481982,562188145,/world,vicon/IMUframe/IMUframe,-0.177676089655,0.0553766973289,1.43315538598,0.284186400394,-0.108658617628,0.424899691387,0.852579407977
2018/10/02/14:06:22.587726,59231,1538481982,572170816,/world,vicon/IMUframe/IMUframe,-0.177859912851,0.0533035339094,1.43644108321,0.266672182574,-0.105867393471,0.42629908462,0.857873611025
2018/10/02/14:06:22.597627,59232,1538481982,582146709,/world,vicon/IMUframe/IMUframe,-0.178384554323,0.0511596934101,1.43985288285,0.250292511374,-0.101944647389,0.426562760444,0.863136813617
2018/10/02/14:06:22.607632,59233,1538481982,592279441,/world,vicon/IMUframe/IMUframe,-0.178708985455,0.0490923912495,1.4434201194,0.232438073437,-0.0974288391346,0.427411336346,0.868216397498
2018/10/02/14:06:22.617932,59234,1538481982,602229209,/world,vicon/IMUframe/IMUframe,-0.179404210054,0.0470732071228,1.44702031732,0.215783756883,-0.0927486000814,0.427220967167,0.873107847096
2018/10/02/14:06:22.627803,59235,1538481982,612187853,/world,vicon/IMUframe/IMUframe,-0.179956353931,0.0452287810369,1.45070829649,0.198489159966,-0.088187316981,0.426993877945,0.877782022314
2018/10/02/14:06:22.637782,59236,1538481982,622149538,/world,vicon/IMUframe/IMUframe,-0.18061944755,0.0436019825895,1.45446972456,0.181496295322,-0.083151574471,0.425984043236,0.882429886935
2018/10/02/14:06:22.647758,59237,1538481982,632131540,/world,vicon/IMUframe/IMUframe,-0.181132210665,0.042144982439,1.45837099102,0.164100737941,-0.0786713837607,0.425368238952,0.886534614369
2018/10/02/14:06:22.658231,59238,1538481982,642295974,/world,vicon/IMUframe/IMUframe,-0.181845299903,0.0406619131823,1.46241301012,0.14660694425,-0.0734052878701,0.424607955344,0.890407857035
2018/10/02/14:06:22.667880,59239,1538481982,652306979,/world,vicon/IMUframe/IMUframe,-0.182770896093,0.039442322634,1.46663662747,0.129017018031,-0.0680167896323,0.423787116766,0.89394228284
2018/10/02/14:06:22.677935,59240,1538481982,662160608,/world,vicon/IMUframe/IMUframe,-0.183523788076,0.0381150426756,1.47097124067,0.110779712917,-0.0627692155334,0.423145751375,0.89707054008
2018/10/02/14:06:22.687868,59241,1538481982,672152657,/world,vicon/IMUframe/IMUframe,-0.184581579889,0.0370220748382,1.47539908495,0.0925128066692,-0.0572243862564,0.422417303812,0.89985019401
2018/10/02/14:06:22.698450,59242,1538481982,682292988,/world,vicon/IMUframe/IMUframe,-0.18573054148,0.0362719484452,1.47972034375,0.0740470133685,-0.0514100512998,0.420814749642,0.902656630685
2018/10/02/14:06:22.708193,59243,1538481982,692223099,/world,vicon/IMUframe/IMUframe,-0.187676443021,0.0354179932318,1.48441939855,0.0560958192482,-0.0434319195567,0.418367265247,0.905503041848
2018/10/02/14:06:22.717932,59244,1538481982,702166862,/world,vicon/IMUframe/IMUframe,-0.188781924742,0.0349242323044,1.48873262952,0.0380280300281,-0.0375135515044,0.417184880144,0.907250449526
2018/10/02/14:06:22.727928,59245,1538481982,712133956,/world,vicon/IMUframe/IMUframe,-0.189948479812,0.0343458228238,1.49318893678,0.0192244764647,-0.0313207171365,0.414958724707,0.909097733455
2018/10/02/14:06:22.738029,59246,1538481982,722202112,/world,vicon/IMUframe/IMUframe,-0.190741978878,0.0340108501889,1.49759393626,0.00115957726994,-0.024866910204,0.413490179709,0.910168206125
2018/10/02/14:06:22.748014,59247,1538481982,732192872,/world,vicon/IMUframe/IMUframe,-0.191851298622,0.0338886475868,1.50197916671,-0.0168299153302,-0.017842059653,0.411647097981,0.911013217018
2018/10/02/14:06:22.758179,59248,1538481982,742171431,/world,vicon/IMUframe/IMUframe,-0.193028787847,0.0339586308106,1.50639964088,-0.0346536421608,-0.0104832586106,0.409502223875,0.911590453557
2018/10/02/14:06:22.767997,59249,1538481982,752149310,/world,vicon/IMUframe/IMUframe,-0.193919377459,0.0341991080508,1.51085897415,-0.0523476469174,-0.0036099335933,0.40687382646,0.911976086081
2018/10/02/14:06:22.778278,59250,1538481982,762227535,/world,vicon/IMUframe/IMUframe,-0.195078380582,0.0359650303097,1.5148304814,-0.0693172601199,0.00164847449875,0.402803221622,0.912656542535
2018/10/02/14:06:22.788297,59251,1538481982,772273553,/world,vicon/IMUframe/IMUframe,-0.196183140315,0.0363978329854,1.51946220195,-0.086728199609,0.00866046111139,0.400089800057,0.912321964932
2018/10/02/14:06:22.798213,59252,1538481982,782225831,/world,vicon/IMUframe/IMUframe,-0.197244415829,0.0367823665346,1.52420921553,-0.103689616644,0.0157871127536,0.397447216952,0.911611178194
2018/10/02/14:06:22.807982,59253,1538481982,792153913,/world,vicon/IMUframe/IMUframe,-0.197570316219,0.0364403114814,1.52947441898,-0.124039490438,0.0209049594027,0.394554080369,0.910222096605
2018/10/02/14:06:22.818037,59254,1538481982,802192292,/world,vicon/IMUframe/IMUframe,-0.198770918709,0.0368924796542,1.5348085561,-0.141752069058,0.0303216739396,0.39268097535,0.908178726136
2018/10/02/14:06:22.828315,59255,1538481982,812202718,/world,vicon/IMUframe/IMUframe,-0.200966668466,0.0386942092005,1.5384269971,-0.153602749882,0.0388303855898,0.387670450859,0.908080402781
2018/10/02/14:06:22.838212,59256,1538481982,822225398,/world,vicon/IMUframe/IMUframe,-0.202084934888,0.0400576153714,1.54313601586,-0.169438476768,0.0473967590615,0.38382839217,0.906487680658
2018/10/02/14:06:22.847701,59257,1538481982,832169359,/world,vicon/IMUframe/IMUframe,-0.201646027784,0.0399630279984,1.54817692325,-0.191290866724,0.0509675949511,0.378911723929,0.904011069646
2018/10/02/14:06:22.857590,59258,1538481982,842156150,/world,vicon/IMUframe/IMUframe,-0.202612011202,0.0413164069767,1.55271106515,-0.207994707902,0.058794329981,0.375582564632,0.90123202639
2018/10/02/14:06:22.867948,59259,1538481982,852345491,/world,vicon/IMUframe/IMUframe,-0.203643803231,0.0428207696656,1.55712590335,-0.223675410777,0.0667956096441,0.371946573037,0.898422731208
2018/10/02/14:06:22.877893,59260,1538481982,862251024,/world,vicon/IMUframe/IMUframe,-0.204486116492,0.044148849309,1.56144801505,-0.239340829925,0.0743945528852,0.368412096336,0.895239601953
2018/10/02/14:06:22.887668,59261,1538481982,872160040,/world,vicon/IMUframe/IMUframe,-0.205234003585,0.0458598216512,1.56589776859,-0.254962783314,0.081369920321,0.364741718122,0.891816345585
2018/10/02/14:06:22.897581,59262,1538481982,882154420,/world,vicon/IMUframe/IMUframe,-0.205874280485,0.0474793834048,1.57015642764,-0.270242380375,0.0878976541407,0.361009839708,0.888208845869
2018/10/02/14:06:22.908968,59263,1538481982,892318469,/world,vicon/IMUframe/IMUframe,-0.206405360553,0.0491013592719,1.57421831264,-0.284945668851,0.0938409122748,0.357302142844,0.884497047878
2018/10/02/14:06:22.917756,59264,1538481982,902238534,/world,vicon/IMUframe/IMUframe,-0.206760930034,0.0506806552846,1.57804924915,-0.299139128268,0.0992521557342,0.35390079367,0.880578798156
2018/10/02/14:06:22.928001,59265,1538481982,912159465,/world,vicon/IMUframe/IMUframe,-0.207196591443,0.0528042822557,1.58174744457,-0.313054180654,0.104268352017,0.350702365097,0.876431994999
2018/10/02/14:06:22.937715,59266,1538481982,922186076,/world,vicon/IMUframe/IMUframe,-0.207476052344,0.0544308715708,1.58504596435,-0.325927215199,0.10907043529,0.347710583497,0.872337343384
2018/10/02/14:06:22.947950,59267,1538481982,932232536,/world,vicon/IMUframe/IMUframe,-0.207517619566,0.0561418982596,1.58833287963,-0.338739241768,0.113520617201,0.344913822821,0.867988047374
2018/10/02/14:06:22.958315,59268,1538481982,942267011,/world,vicon/IMUframe/IMUframe,-0.207928854933,0.0583351410785,1.5909874923,-0.349189568926,0.119244502263,0.343183335581,0.86375493736
2018/10/02/14:06:22.967668,59269,1538481982,952152683,/world,vicon/IMUframe/IMUframe,-0.207965802697,0.0603495313184,1.59377009876,-0.360626259772,0.124165240078,0.340695535223,0.859335933264
2018/10/02/14:06:22.978014,59270,1538481982,962184806,/world,vicon/IMUframe/IMUframe,-0.20789383771,0.0624156278539,1.59653507348,-0.371854892307,0.129090539084,0.33831833776,0.854751586206
2018/10/02/14:06:22.988390,59271,1538481982,972280810,/world,vicon/IMUframe/IMUframe,-0.207681746536,0.0646216088823,1.59914287444,-0.382968985348,0.133587112987,0.336134582351,0.8500016365
2018/10/02/14:06:22.998133,59272,1538481982,982246348,/world,vicon/IMUframe/IMUframe,-0.207542289193,0.0667398015888,1.60158595847,-0.393544415886,0.13744280089,0.334333796931,0.845253323825
2018/10/02/14:06:23.007982,59273,1538481982,992193869,/world,vicon/IMUframe/IMUframe,-0.207056851799,0.0690177346944,1.60407545832,-0.40391239067,0.140680747484,0.332988730192,0.840346484205
2018/10/02/14:06:23.017612,59274,1538481983,2143635,/world,vicon/IMUframe/IMUframe,-0.206586964825,0.0712900106252,1.60640062457,-0.413719583172,0.143948252669,0.331782131012,0.835485262943
2018/10/02/14:06:23.027585,59275,1538481983,12135808,/world,vicon/IMUframe/IMUframe,-0.206077829215,0.0735310091457,1.608688717,-0.423264051961,0.147035968903,0.330401858337,0.830700053072
2018/10/02/14:06:23.038009,59276,1538481983,22265197,/world,vicon/IMUframe/IMUframe,-0.205671389215,0.0755912610851,1.61067030745,-0.432223363981,0.150396973273,0.329164133834,0.825962884793
2018/10/02/14:06:23.047779,59277,1538481983,32207924,/world,vicon/IMUframe/IMUframe,-0.205133626373,0.0777073344519,1.61263792881,-0.440937859908,0.153680546841,0.328178961546,0.821130112967
2018/10/02/14:06:23.057741,59278,1538481983,42152977,/world,vicon/IMUframe/IMUframe,-0.204661450733,0.0798365421964,1.61460165576,-0.449468055423,0.157266346483,0.327344739012,0.816144095892
2018/10/02/14:06:23.067687,59279,1538481983,52146906,/world,vicon/IMUframe/IMUframe,-0.204059102136,0.0819185230126,1.61633253996,-0.457317514561,0.160566086824,0.326732951833,0.811372171586
2018/10/02/14:06:23.077965,59280,1538481983,62325599,/world,vicon/IMUframe/IMUframe,-0.203521872388,0.083902122436,1.61794312197,-0.464648388436,0.164044399937,0.326059783431,0.806769067083
2018/10/02/14:06:23.087927,59281,1538481983,72234063,/world,vicon/IMUframe/IMUframe,-0.202980334165,0.0859919359788,1.61956225576,-0.471950027146,0.167440871127,0.325309180395,0.802122598924
2018/10/02/14:06:23.097624,59282,1538481983,82174115,/world,vicon/IMUframe/IMUframe,-0.202395083694,0.0879798444311,1.62109239274,-0.478735948304,0.171173266185,0.324533854191,0.79761480818
2018/10/02/14:06:23.107676,59283,1538481983,92129723,/world,vicon/IMUframe/IMUframe,-0.20179403722,0.0899907091484,1.62268564839,-0.485922932316,0.174841981067,0.323257680778,0.792977715528
2018/10/02/14:06:23.118418,59284,1538481983,102585498,/world,vicon/IMUframe/IMUframe,-0.201043865138,0.0918747433698,1.62424262514,-0.492260887605,0.179529638503,0.32237150206,0.788368531902
2018/10/02/14:06:23.128049,59285,1538481983,112216839,/world,vicon/IMUframe/IMUframe,-0.200259378859,0.0939886129472,1.62574984162,-0.49880293844,0.184014989675,0.32182059747,0.783431946772
2018/10/02/14:06:23.138020,59286,1538481983,122196411,/world,vicon/IMUframe/IMUframe,-0.199619255567,0.0961664999451,1.62722763099,-0.505031781391,0.188382947891,0.321170602413,0.778655385183
2018/10/02/14:06:23.147606,59287,1538481983,132151105,/world,vicon/IMUframe/IMUframe,-0.198880643907,0.0983676401246,1.6286191008,-0.511779676733,0.192671095594,0.320261088615,0.773558172683
2018/10/02/14:06:23.157775,59288,1538481983,142251158,/world,vicon/IMUframe/IMUframe,-0.198118251655,0.100418664421,1.63001033991,-0.519658939999,0.197028239168,0.319688492222,0.767420176298
2018/10/02/14:06:23.167731,59289,1538481983,152235490,/world,vicon/IMUframe/IMUframe,-0.198072362559,0.102458819491,1.63010913962,-0.52380217518,0.203607359586,0.320659870148,0.762464800549
2018/10/02/14:06:23.178281,59290,1538481983,162201604,/world,vicon/IMUframe/IMUframe,-0.197368977227,0.104520735483,1.63119766082,-0.530690656812,0.207545286048,0.320531966675,0.756671420995
2018/10/02/14:06:23.187781,59291,1538481983,172181286,/world,vicon/IMUframe/IMUframe,-0.196661720352,0.106490795505,1.63212857537,-0.537569498047,0.211492873611,0.320492129302,0.750716054335
2018/10/02/14:06:23.197728,59292,1538481983,182119409,/world,vicon/IMUframe/IMUframe,-0.19573300918,0.108322095117,1.63298633614,-0.543814288152,0.215324480717,0.320388089976,0.745152910353
2018/10/02/14:06:23.207775,59293,1538481983,192251141,/world,vicon/IMUframe/IMUframe,-0.194922450073,0.110291239552,1.63385069537,-0.550087771564,0.218978677353,0.320825267771,0.739271891797
2018/10/02/14:06:23.217698,59294,1538481983,202200303,/world,vicon/IMUframe/IMUframe,-0.194098394849,0.112218803085,1.63456849581,-0.556471919488,0.22273262209,0.321367802689,0.73311112205
2018/10/02/14:06:23.227803,59295,1538481983,212243630,/world,vicon/IMUframe/IMUframe,-0.193292341364,0.114114659671,1.63530609254,-0.562518935852,0.22628413677,0.322156043937,0.727037426553
2018/10/02/14:06:23.237563,59296,1538481983,222143713,/world,vicon/IMUframe/IMUframe,-0.192486545636,0.115871216567,1.63596859374,-0.568340392541,0.229875326115,0.323005748022,0.720981150513
2018/10/02/14:06:23.247850,59297,1538481983,232148374,/world,vicon/IMUframe/IMUframe,-0.19174606413,0.117584963192,1.63653814587,-0.574135437888,0.233469412729,0.324028358285,0.714749015606
2018/10/02/14:06:23.258351,59298,1538481983,242589591,/world,vicon/IMUframe/IMUframe,-0.190899940922,0.119089540466,1.63704421284,-0.57883894898,0.237032187658,0.325073916721,0.709287079979
2018/10/02/14:06:23.268114,59299,1538481983,252216664,/world,vicon/IMUframe/IMUframe,-0.190011737628,0.120383412302,1.6373544311,-0.582985712265,0.240812008104,0.326029852711,0.704160330599
2018/10/02/14:06:23.277819,59300,1538481983,262161868,/world,vicon/IMUframe/IMUframe,-0.189348656062,0.121715341791,1.6374657765,-0.586590339988,0.244311350154,0.327444089321,0.699288285036
2018/10/02/14:06:23.287885,59301,1538481983,272143424,/world,vicon/IMUframe/IMUframe,-0.18866308046,0.122851617263,1.63767640148,-0.590008894021,0.248201209669,0.328963028623,0.694311882581
2018/10/02/14:06:23.298427,59302,1538481983,282319766,/world,vicon/IMUframe/IMUframe,-0.187886291271,0.124006342242,1.63780482595,-0.593255375457,0.251842138353,0.330223302052,0.689620306852
2018/10/02/14:06:23.308047,59303,1538481983,292168261,/world,vicon/IMUframe/IMUframe,-0.187170894991,0.125154633943,1.63790051206,-0.596247739266,0.255493058891,0.331325348166,0.685153591497
2018/10/02/14:06:23.318073,59304,1538481983,302185027,/world,vicon/IMUframe/IMUframe,-0.186392737826,0.126368719991,1.63798289765,-0.599651957375,0.258569251239,0.332983225884,0.680207059365
2018/10/02/14:06:23.328048,59305,1538481983,312150429,/world,vicon/IMUframe/IMUframe,-0.185663832665,0.127495400538,1.63798810097,-0.602435400735,0.261621436963,0.334456914514,0.675843461163
2018/10/02/14:06:23.338333,59306,1538481983,322229084,/world,vicon/IMUframe/IMUframe,-0.184614386697,0.128167442736,1.63808219859,-0.604852316475,0.263985857366,0.336603503305,0.671686849603
2018/10/02/14:06:23.348088,59307,1538481983,332233925,/world,vicon/IMUframe/IMUframe,-0.183950319643,0.129075738848,1.63799608247,-0.607957503306,0.266892427024,0.337744969713,0.667146492162
2018/10/02/14:06:23.357850,59308,1538481983,342198980,/world,vicon/IMUframe/IMUframe,-0.183318582818,0.129968819499,1.63792682204,-0.610730138714,0.269242323857,0.339471987646,0.66277902676
2018/10/02/14:06:23.367795,59309,1538481983,352166764,/world,vicon/IMUframe/IMUframe,-0.182607484388,0.130783177701,1.63777529133,-0.613788196184,0.271880764905,0.340706611189,0.658227851881
2018/10/02/14:06:23.378028,59310,1538481983,362252110,/world,vicon/IMUframe/IMUframe,-0.181964873215,0.131332282307,1.63754286125,-0.616997225782,0.274668845988,0.341647885585,0.653565735558
2018/10/02/14:06:23.388217,59311,1538481983,372233913,/world,vicon/IMUframe/IMUframe,-0.181325199883,0.132058118347,1.63716680362,-0.620246335163,0.277789407069,0.342116256342,0.648909852124
2018/10/02/14:06:23.397891,59312,1538481983,382194227,/world,vicon/IMUframe/IMUframe,-0.180798894762,0.132729628801,1.63676189173,-0.623352995772,0.280717069483,0.342790681798,0.644300797792
2018/10/02/14:06:23.408097,59313,1538481983,392192954,/world,vicon/IMUframe/IMUframe,-0.180435462524,0.133578785757,1.63644975754,-0.626265469578,0.28332099996,0.343660184723,0.639858148367
2018/10/02/14:06:23.417973,59314,1538481983,402196802,/world,vicon/IMUframe/IMUframe,-0.180055845998,0.134374040366,1.63608254996,-0.629729681637,0.286379463743,0.343648743316,0.635084932926
2018/10/02/14:06:23.427703,59315,1538481983,412250043,/world,vicon/IMUframe/IMUframe,-0.179738236134,0.135253254547,1.63574849629,-0.633420692779,0.289491769626,0.34313343207,0.630263586982
2018/10/02/14:06:23.437831,59316,1538481983,422194733,/world,vicon/IMUframe/IMUframe,-0.179467586331,0.136243902596,1.63544306078,-0.637210808066,0.292501407565,0.342357217807,0.625457311151
2018/10/02/14:06:23.447742,59317,1538481983,432213974,/world,vicon/IMUframe/IMUframe,-0.179218665707,0.137400597655,1.6351683074,-0.641133430826,0.295553462734,0.341261344237,0.620593884495
2018/10/02/14:06:23.457805,59318,1538481983,442178081,/world,vicon/IMUframe/IMUframe,-0.178964347305,0.138569691953,1.63489341316,-0.644835816347,0.298912294468,0.339436060322,0.616134215188
2018/10/02/14:06:23.468447,59319,1538481983,452402102,/world,vicon/IMUframe/IMUframe,-0.178849340742,0.139564495424,1.6347039619,-0.647989584523,0.302210184911,0.337646821241,0.612187166307
2018/10/02/14:06:23.478125,59320,1538481983,462247945,/world,vicon/IMUframe/IMUframe,-0.17864898495,0.141014531259,1.63439378239,-0.651769700122,0.305165599412,0.336572648805,0.607280056493
2018/10/02/14:06:23.487992,59321,1538481983,472172765,/world,vicon/IMUframe/IMUframe,-0.1785453156,0.142082144354,1.63416002399,-0.654516215586,0.308860372415,0.334496239551,0.603594283947
2018/10/02/14:06:23.497760,59322,1538481983,482132231,/world,vicon/IMUframe/IMUframe,-0.178478220807,0.143096105687,1.63398171294,-0.656749424499,0.312873386158,0.332237878504,0.600340261636
2018/10/02/14:06:23.508082,59323,1538481983,492205003,/world,vicon/IMUframe/IMUframe,-0.178336347339,0.144434597599,1.63401450946,-0.658593486427,0.316581688078,0.330253825748,0.597463860823
2018/10/02/14:06:23.517820,59324,1538481983,502209090,/world,vicon/IMUframe/IMUframe,-0.1782997729,0.144592269256,1.63375142892,-0.66185266483,0.321505892636,0.326673373747,0.593185905044
2018/10/02/14:06:23.527710,59325,1538481983,512168105,/world,vicon/IMUframe/IMUframe,-0.178304563652,0.145213192604,1.63370679367,-0.662388582954,0.325455663923,0.324625863133,0.591555597538
2018/10/02/14:06:23.537618,59326,1538481983,522160439,/world,vicon/IMUframe/IMUframe,-0.178307880232,0.145652509868,1.63374191728,-0.66213775363,0.329176939929,0.322997490565,0.590668061203
2018/10/02/14:06:23.547889,59327,1538481983,532329473,/world,vicon/IMUframe/IMUframe,-0.178298823175,0.145881039126,1.63385492323,-0.660948907029,0.332393556586,0.321791260976,0.590856539438
2018/10/02/14:06:23.557902,59328,1538481983,542236615,/world,vicon/IMUframe/IMUframe,-0.178243980549,0.14579792985,1.63399936784,-0.659275892529,0.335394502814,0.320601509115,0.591676007089
2018/10/02/14:06:23.568082,59329,1538481983,552223818,/world,vicon/IMUframe/IMUframe,-0.17827894163,0.145450289608,1.63424269177,-0.657469146846,0.337311996669,0.320411297341,0.592698522341
2018/10/02/14:06:23.577811,59330,1538481983,562147547,/world,vicon/IMUframe/IMUframe,-0.178175256345,0.144747265548,1.6344762481,-0.655009801593,0.338918013381,0.319894970451,0.594780588035
2018/10/02/14:06:23.587924,59331,1538481983,572169698,/world,vicon/IMUframe/IMUframe,-0.178134571592,0.143979164718,1.63478268107,-0.651972274368,0.339026045747,0.320659083841,0.597638055775
2018/10/02/14:06:23.600054,59332,1538481983,584261806,/world,vicon/IMUframe/IMUframe,-0.178139110701,0.142864187419,1.63514322889,-0.648765038394,0.337918942655,0.32230063184,0.600863558446
2018/10/02/14:06:23.607808,59333,1538481983,592215421,/world,vicon/IMUframe/IMUframe,-0.178078126364,0.141515479283,1.63546678667,-0.6448879803,0.335877899091,0.324502551965,0.604982333242
2018/10/02/14:06:23.617743,59334,1538481983,602221062,/world,vicon/IMUframe/IMUframe,-0.178188329096,0.13965872568,1.63560928694,-0.639911422898,0.333500230415,0.327093751906,0.61016444064
2018/10/02/14:06:23.627656,59335,1538481983,612163721,/world,vicon/IMUframe/IMUframe,-0.177991643636,0.137973035874,1.63585001267,-0.635125205475,0.329596371757,0.330333607709,0.615517597403
2018/10/02/14:06:23.638070,59336,1538481983,622337807,/world,vicon/IMUframe/IMUframe,-0.177885378158,0.13593909903,1.6360923197,-0.630050786576,0.324741629104,0.334561431761,0.621005256854
2018/10/02/14:06:23.648026,59337,1538481983,632197247,/world,vicon/IMUframe/IMUframe,-0.177689671565,0.133903089304,1.6363405746,-0.624115110339,0.319073768071,0.339267969187,0.627351181284
2018/10/02/14:06:23.657722,59338,1538481983,642205329,/world,vicon/IMUframe/IMUframe,-0.177452084434,0.131535538627,1.63651947505,-0.618256913892,0.313122297159,0.344102385773,0.633487461243
2018/10/02/14:06:23.667841,59339,1538481983,652120048,/world,vicon/IMUframe/IMUframe,-0.177205209401,0.128984205499,1.63665786119,-0.611872199283,0.306421144012,0.349648401239,0.639894123866
2018/10/02/14:06:23.677856,59340,1538481983,662220912,/world,vicon/IMUframe/IMUframe,-0.176865042357,0.126212575248,1.63672815327,-0.604810643406,0.299290488383,0.355232385496,0.646868797733
2018/10/02/14:06:23.688155,59341,1538481983,672229235,/world,vicon/IMUframe/IMUframe,-0.176520553204,0.124183890235,1.63688223072,-0.595441482304,0.290768715886,0.361914369324,0.655683600748
2018/10/02/14:06:23.697993,59342,1538481983,682183097,/world,vicon/IMUframe/IMUframe,-0.176104922507,0.121273608487,1.63689548153,-0.58631784584,0.282683076288,0.368039950494,0.663979108761
2018/10/02/14:06:23.707649,59343,1538481983,692177686,/world,vicon/IMUframe/IMUframe,-0.175486156173,0.118082366168,1.63690398563,-0.576101399351,0.274174525306,0.374445867754,0.672849016839
2018/10/02/14:06:23.717636,59344,1538481983,702129574,/world,vicon/IMUframe/IMUframe,-0.174946552196,0.114679515138,1.63664659209,-0.565285582445,0.266186578511,0.380321522121,0.681874222648
2018/10/02/14:06:23.728379,59345,1538481983,712258876,/world,vicon/IMUframe/IMUframe,-0.174514547288,0.111231847777,1.63608459779,-0.553621533764,0.257724246205,0.386596168423,0.691104053549
2018/10/02/14:06:23.737763,59346,1538481983,722227391,/world,vicon/IMUframe/IMUframe,-0.173923358156,0.108115915107,1.63552663016,-0.540456809315,0.248270855731,0.393319186065,0.701119132055
2018/10/02/14:06:23.747787,59347,1538481983,732142933,/world,vicon/IMUframe/IMUframe,-0.173254569155,0.105292938648,1.63495195803,-0.525521786598,0.238477312015,0.399903140012,0.712062428495
2018/10/02/14:06:23.757549,59348,1538481983,742173644,/world,vicon/IMUframe/IMUframe,-0.172599145906,0.101833270186,1.63410874597,-0.510266384904,0.228449272454,0.406379473428,0.722699709374
2018/10/02/14:06:23.768142,59349,1538481983,752327931,/world,vicon/IMUframe/IMUframe,-0.172150078288,0.0983746921559,1.63281545527,-0.493587051273,0.218376503203,0.413189013151,0.733456450701
2018/10/02/14:06:23.777767,59350,1538481983,762186450,/world,vicon/IMUframe/IMUframe,-0.171405324099,0.0949819449613,1.6310620594,-0.475600026347,0.207829770012,0.419494629843,0.744738650244
2018/10/02/14:06:23.787636,59351,1538481983,772158191,/world,vicon/IMUframe/IMUframe,-0.17060398608,0.0915241090531,1.62909240702,-0.455997195205,0.197030015279,0.425582536416,0.756389605787
2018/10/02/14:06:23.797606,59352,1538481983,782155380,/world,vicon/IMUframe/IMUframe,-0.169929262763,0.0881589838935,1.62673209014,-0.434959078854,0.186278896552,0.431640018089,0.767982856062
2018/10/02/14:06:23.807701,59353,1538481983,792318671,/world,vicon/IMUframe/IMUframe,-0.169212551345,0.0847410077594,1.62390366233,-0.412594925918,0.175061328736,0.437384076747,0.779624350374
2018/10/02/14:06:23.817991,59354,1538481983,802239007,/world,vicon/IMUframe/IMUframe,-0.168526639511,0.0813762302938,1.62059652907,-0.389060793509,0.163439693497,0.442792545023,0.79110930194
2018/10/02/14:06:23.828229,59355,1538481983,812244747,/world,vicon/IMUframe/IMUframe,-0.167761227844,0.0781361118267,1.61700568403,-0.364032951805,0.151060718972,0.447756117145,0.802605213503
2018/10/02/14:06:23.837944,59356,1538481983,822166831,/world,vicon/IMUframe/IMUframe,-0.165993861656,0.0756542207972,1.61380502815,-0.343161009386,0.135256235417,0.452247009018,0.812046128771
2018/10/02/14:06:23.848113,59357,1538481983,832177939,/world,vicon/IMUframe/IMUframe,-0.165452418942,0.0733938264186,1.60960196176,-0.318614596459,0.122189152843,0.455063043829,0.822479286056
2018/10/02/14:06:23.858037,59358,1538481983,842253464,/world,vicon/IMUframe/IMUframe,-0.164730200581,0.0715024327993,1.6051679503,-0.293034709035,0.108892454833,0.458671411718,0.831801435833
2018/10/02/14:06:23.868243,59359,1538481983,852243989,/world,vicon/IMUframe/IMUframe,-0.163956932508,0.0696897260005,1.60090550588,-0.266723085726,0.09556555551,0.461356114807,0.84075951108
2018/10/02/14:06:23.878372,59360,1538481983,862172339,/world,vicon/IMUframe/IMUframe,-0.164150254068,0.0672077075163,1.59729767453,-0.242039679576,0.0841788448985,0.461745024537,0.849189170855
2018/10/02/14:06:23.887790,59361,1538481983,872137171,/world,vicon/IMUframe/IMUframe,-0.164375953915,0.0660947574352,1.59261800896,-0.215742350052,0.071596807877,0.46178100449,0.857372404144
2018/10/02/14:06:23.898255,59362,1538481983,882386190,/world,vicon/IMUframe/IMUframe,-0.164224316821,0.0653807220615,1.58807375373,-0.188943865348,0.0587287032602,0.462370205512,0.864329189728
2018/10/02/14:06:23.908158,59363,1538481983,892292932,/world,vicon/IMUframe/IMUframe,-0.163687705293,0.0648107882226,1.5831656115,-0.161791935246,0.0460384868514,0.463973312783,0.869731333483
2018/10/02/14:06:23.917830,59364,1538481983,902183178,/world,vicon/IMUframe/IMUframe,-0.163478139938,0.0645445901079,1.57840544369,-0.135597869285,0.0327683111599,0.463526527204,0.875032921785
2018/10/02/14:06:23.927700,59365,1538481983,912126840,/world,vicon/IMUframe/IMUframe,-0.16334662173,0.0645604917977,1.5735357334,-0.109666719625,0.0206832732884,0.463914711417,0.878822253555
2018/10/02/14:06:23.938145,59366,1538481983,922311244,/world,vicon/IMUframe/IMUframe,-0.162824670772,0.0649983037453,1.5684127339,-0.0825210445047,0.00853863063822,0.468115914298,0.879764093255
2018/10/02/14:06:23.947883,59367,1538481983,932211199,/world,vicon/IMUframe/IMUframe,-0.162069775894,0.0651503180822,1.56447100089,-0.0602233704091,-0.00217307634153,0.472086387771,0.879490116987
2018/10/02/14:06:23.958143,59368,1538481983,942174681,/world,vicon/IMUframe/IMUframe,-0.161809021748,0.0656799976449,1.56036848448,-0.0377279137245,-0.0140361602166,0.472158312256,0.880594185139
2018/10/02/14:06:23.968000,59369,1538481983,952141961,/world,vicon/IMUframe/IMUframe,-0.161633309316,0.0665532663475,1.55647602226,-0.0162205441437,-0.025709000554,0.472543576035,0.880782896057
2018/10/02/14:06:23.978160,59370,1538481983,962256235,/world,vicon/IMUframe/IMUframe,-0.161357163789,0.0674747797074,1.55303421557,0.00381337336254,-0.0366619922423,0.473271275836,0.880145247091
2018/10/02/14:06:23.987961,59371,1538481983,972232047,/world,vicon/IMUframe/IMUframe,-0.161091393084,0.0686292163053,1.5496959049,0.0228538440414,-0.047633538896,0.473884256744,0.879000829917
2018/10/02/14:06:23.998263,59372,1538481983,982250981,/world,vicon/IMUframe/IMUframe,-0.160745445713,0.069262375839,1.54686756402,0.0400684511046,-0.0579501822935,0.472430832374,0.878547326113
2018/10/02/14:06:24.007823,59373,1538481983,992151864,/world,vicon/IMUframe/IMUframe,-0.160539278958,0.0703531533546,1.54424700022,0.0574732250028,-0.0670869096163,0.472669834107,0.876800663145
2018/10/02/14:06:24.017904,59374,1538481984,2156263,/world,vicon/IMUframe/IMUframe,-0.16033651738,0.0714393639685,1.54188783708,0.0742035689536,-0.0762040552214,0.472786368014,0.874734143922
2018/10/02/14:06:24.028191,59375,1538481984,12377206,/world,vicon/IMUframe/IMUframe,-0.160272790769,0.072641525331,1.53958941128,0.0902559303544,-0.0847063672519,0.473016553169,0.872315332212
2018/10/02/14:06:24.037848,59376,1538481984,22197773,/world,vicon/IMUframe/IMUframe,-0.160147132581,0.0737191731727,1.53742650543,0.105434681372,-0.0927615454733,0.47339509863,0.869583753435
2018/10/02/14:06:24.047773,59377,1538481984,32207139,/world,vicon/IMUframe/IMUframe,-0.160009377071,0.0747712559809,1.53531522415,0.119951720555,-0.10020642117,0.473991651387,0.866546116665
2018/10/02/14:06:24.057696,59378,1538481984,42159022,/world,vicon/IMUframe/IMUframe,-0.159926429803,0.0758510906761,1.53325837422,0.133776110558,-0.107118135806,0.474758069135,0.8632696178
2018/10/02/14:06:24.068011,59379,1538481984,52298781,/world,vicon/IMUframe/IMUframe,-0.160024883738,0.0768121115377,1.53117274007,0.147088888703,-0.113744812792,0.475193266278,0.860010660438
2018/10/02/14:06:24.078155,59380,1538481984,62259303,/world,vicon/IMUframe/IMUframe,-0.16042443472,0.0787421988093,1.52881087355,0.162269456499,-0.119426630154,0.477355983184,0.855299461485
2018/10/02/14:06:24.087958,59381,1538481984,72192783,/world,vicon/IMUframe/IMUframe,-0.160433459578,0.0796872593463,1.52681381845,0.173950073384,-0.125607938579,0.478498322906,0.851471298819
2018/10/02/14:06:24.097790,59382,1538481984,82160860,/world,vicon/IMUframe/IMUframe,-0.160232516778,0.0806821054549,1.52496965957,0.18544112716,-0.131949700121,0.479157907797,0.847707829616
2018/10/02/14:06:24.107653,59383,1538481984,92156438,/world,vicon/IMUframe/IMUframe,-0.159949817198,0.0810887197619,1.52335714244,0.195340845539,-0.138331707291,0.47890821878,0.844602398059
2018/10/02/14:06:24.117836,59384,1538481984,102271078,/world,vicon/IMUframe/IMUframe,-0.159753562076,0.0824178981901,1.52152672573,0.207346427805,-0.144155736014,0.480094120984,0.84008107802
2018/10/02/14:06:24.128157,59385,1538481984,112219682,/world,vicon/IMUframe/IMUframe,-0.159739251868,0.0830291342031,1.52021729023,0.218627311719,-0.149674790947,0.481283836448,0.835562938562
2018/10/02/14:06:24.137795,59386,1538481984,122220111,/world,vicon/IMUframe/IMUframe,-0.159601535323,0.0841429516852,1.5187263845,0.229924359826,-0.155351450924,0.482405231541,0.830834464882
2018/10/02/14:06:24.147637,59387,1538481984,132163805,/world,vicon/IMUframe/IMUframe,-0.159363632961,0.0854894125435,1.51733223232,0.241216973554,-0.161288037817,0.483408388935,0.825903668737
2018/10/02/14:06:24.157705,59388,1538481984,142206868,/world,vicon/IMUframe/IMUframe,-0.159260610179,0.0868389790905,1.51593378352,0.252345776905,-0.16702871861,0.484373810657,0.820856277059
2018/10/02/14:06:24.167876,59389,1538481984,152265412,/world,vicon/IMUframe/IMUframe,-0.159235813905,0.0881409616487,1.51457657133,0.263265522042,-0.1724797052,0.485286594763,0.815744406749
2018/10/02/14:06:24.177938,59390,1538481984,162265554,/world,vicon/IMUframe/IMUframe,-0.159070677807,0.0900035031937,1.5131274679,0.274696301304,-0.17802158997,0.4862004018,0.81022183681
2018/10/02/14:06:24.188103,59391,1538481984,172204073,/world,vicon/IMUframe/IMUframe,-0.158977323068,0.0921800272521,1.51142879741,0.286987316796,-0.184477829296,0.488467966554,0.803122192538
2018/10/02/14:06:24.198225,59392,1538481984,182189581,/world,vicon/IMUframe/IMUframe,-0.158019483345,0.0939733341071,1.51019948617,0.297676791727,-0.192616114858,0.488706954738,0.797153104714
2018/10/02/14:06:24.207884,59393,1538481984,192241634,/world,vicon/IMUframe/IMUframe,-0.158054905154,0.0959475363762,1.50863542368,0.309114883483,-0.198367232007,0.488624102564,0.7914195578
2018/10/02/14:06:24.218038,59394,1538481984,202264089,/world,vicon/IMUframe/IMUframe,-0.158232805291,0.0980156707466,1.50714139216,0.320538212572,-0.203962258359,0.488125080879,0.785740769506
2018/10/02/14:06:24.227968,59395,1538481984,212201107,/world,vicon/IMUframe/IMUframe,-0.158562065857,0.100170051379,1.5057768788,0.332311672815,-0.209465499655,0.487078932676,0.780030300635
2018/10/02/14:06:24.237947,59396,1538481984,222159689,/world,vicon/IMUframe/IMUframe,-0.158758176147,0.102295473446,1.50444831348,0.34380043722,-0.215419470334,0.486614392252,0.77369383119
2018/10/02/14:06:24.248606,59397,1538481984,232378421,/world,vicon/IMUframe/IMUframe,-0.159220316487,0.104425329613,1.50289409096,0.355393170337,-0.220760200288,0.485264253692,0.767775509205
2018/10/02/14:06:24.258286,59398,1538481984,242312413,/world,vicon/IMUframe/IMUframe,-0.159806365793,0.106634939886,1.50136680323,0.367106535731,-0.225962963391,0.483101889643,0.76209323237
2018/10/02/14:06:24.267908,59399,1538481984,252216104,/world,vicon/IMUframe/IMUframe,-0.160318208102,0.108697873622,1.49967031579,0.37926720155,-0.231020212117,0.480836755808,0.75603046611
2018/10/02/14:06:24.278254,59400,1538481984,262174782,/world,vicon/IMUframe/IMUframe,-0.160781212468,0.110573506967,1.49795150887,0.3908964785,-0.236130824983,0.478558275519,0.749949433977
2018/10/02/14:06:24.288124,59401,1538481984,272220090,/world,vicon/IMUframe/IMUframe,-0.162801594369,0.112579705238,1.49627830997,0.404321083295,-0.237970035501,0.473841816649,0.745230606324
2018/10/02/14:06:24.297965,59402,1538481984,282262857,/world,vicon/IMUframe/IMUframe,-0.163623546446,0.114249769147,1.49453398166,0.415830882528,-0.242562994282,0.470496916898,0.73951370652
2018/10/02/14:06:24.307963,59403,1538481984,292193079,/world,vicon/IMUframe/IMUframe,-0.164324652336,0.116003945313,1.4929572276,0.427140057343,-0.247316869796,0.466464674617,0.734027550343
2018/10/02/14:06:24.317771,59404,1538481984,302207691,/world,vicon/IMUframe/IMUframe,-0.164814050378,0.117937398598,1.49137915936,0.43926694234,-0.252286392782,0.461500684647,0.728294753142
2018/10/02/14:06:24.328185,59405,1538481984,312209098,/world,vicon/IMUframe/IMUframe,-0.164391944069,0.119819114968,1.48949178632,0.448067389541,-0.259045143774,0.457616864655,0.722992415659
2018/10/02/14:06:24.338193,59406,1538481984,322259643,/world,vicon/IMUframe/IMUframe,-0.165187315197,0.121401492127,1.48768672258,0.459468279187,-0.263565123317,0.452410296789,0.717458883527
2018/10/02/14:06:24.348293,59407,1538481984,332194004,/world,vicon/IMUframe/IMUframe,-0.165992541956,0.122998927205,1.48609947962,0.470098447776,-0.267470946059,0.447085773595,0.712447228546
2018/10/02/14:06:24.357893,59408,1538481984,342202030,/world,vicon/IMUframe/IMUframe,-0.166776005816,0.124512127438,1.48426711273,0.480826440929,-0.271222853676,0.441379961078,0.707409236091
2018/10/02/14:06:24.367898,59409,1538481984,352176995,/world,vicon/IMUframe/IMUframe,-0.167516990773,0.126001877387,1.48234489238,0.491507298104,-0.27479698916,0.435366957175,0.702397895255
2018/10/02/14:06:24.378067,59410,1538481984,362260417,/world,vicon/IMUframe/IMUframe,-0.168308572438,0.127391010043,1.48037698233,0.50203543735,-0.278081491855,0.429215223396,0.697427699147
2018/10/02/14:06:24.388067,59411,1538481984,372226875,/world,vicon/IMUframe/IMUframe,-0.169033428249,0.129094825531,1.47818913615,0.512212313791,-0.281076039644,0.422680877195,0.692802772506
2018/10/02/14:06:24.397914,59412,1538481984,382187758,/world,vicon/IMUframe/IMUframe,-0.169958041252,0.130432961268,1.47625910713,0.522393205034,-0.28389223712,0.416124461171,0.688005065281
2018/10/02/14:06:24.407609,59413,1538481984,392144469,/world,vicon/IMUframe/IMUframe,-0.170555009472,0.13171024279,1.47397515258,0.531893346915,-0.28610141715,0.409419903808,0.683820728684
2018/10/02/14:06:24.418228,59414,1538481984,402312507,/world,vicon/IMUframe/IMUframe,-0.171466928723,0.132616303955,1.47166789047,0.541443216895,-0.288684570828,0.402294710385,0.679455243147
2018/10/02/14:06:24.428050,59415,1538481984,412218835,/world,vicon/IMUframe/IMUframe,-0.172137563035,0.133692669161,1.46942414048,0.550415921975,-0.290417303409,0.395476317063,0.675498767844
2018/10/02/14:06:24.438115,59416,1538481984,422206056,/world,vicon/IMUframe/IMUframe,-0.172781507737,0.134689798122,1.4671189022,0.559033319363,-0.291963065199,0.388545676821,0.67176749953
2018/10/02/14:06:24.448358,59417,1538481984,432268360,/world,vicon/IMUframe/IMUframe,-0.173409616506,0.135624316773,1.46484611433,0.567413287439,-0.293297967585,0.381552591635,0.668158726101
2018/10/02/14:06:24.457991,59418,1538481984,442265818,/world,vicon/IMUframe/IMUframe,-0.174036331847,0.136456620943,1.46256953106,0.575580980589,-0.294353112165,0.374439274665,0.664724010196
2018/10/02/14:06:24.468210,59419,1538481984,452249250,/world,vicon/IMUframe/IMUframe,-0.175064042986,0.137745364582,1.45989659596,0.583877186764,-0.294290856595,0.366967711591,0.661675918521
2018/10/02/14:06:24.478526,59420,1538481984,462209296,/world,vicon/IMUframe/IMUframe,-0.174812010014,0.138264718516,1.4581153497,0.591103214545,-0.296546631606,0.359856473304,0.658149225981
2018/10/02/14:06:24.488006,59421,1538481984,472167620,/world,vicon/IMUframe/IMUframe,-0.175186098627,0.138947674582,1.4559797235,0.598417429874,-0.297957435584,0.35258920193,0.654827306154
2018/10/02/14:06:24.498135,59422,1538481984,482267428,/world,vicon/IMUframe/IMUframe,-0.175809944296,0.139857052932,1.45367610817,0.605684068059,-0.298868761796,0.3453427771,0.651584713776
2018/10/02/14:06:24.508136,59423,1538481984,492207219,/world,vicon/IMUframe/IMUframe,-0.176236418411,0.140632536272,1.45155673744,0.612290059848,-0.299956556303,0.33816018088,0.648671441493
2018/10/02/14:06:24.518001,59424,1538481984,502217443,/world,vicon/IMUframe/IMUframe,-0.176653177396,0.141532310909,1.44968208449,0.618459996247,-0.301054522999,0.331017534624,0.645988234409
2018/10/02/14:06:24.527633,59425,1538481984,512190904,/world,vicon/IMUframe/IMUframe,-0.176940010848,0.142223218324,1.44759755321,0.623898909353,-0.302135614129,0.323934189429,0.643840712057
2018/10/02/14:06:24.537800,59426,1538481984,522155735,/world,vicon/IMUframe/IMUframe,-0.177415183414,0.142972407731,1.44540179429,0.628533275049,-0.303192164379,0.316988156681,0.642291944633
2018/10/02/14:06:24.547754,59427,1538481984,532393910,/world,vicon/IMUframe/IMUframe,-0.177757763002,0.143459655556,1.44326494633,0.632923267891,-0.303783657608,0.310447068849,0.64089487732
2018/10/02/14:06:24.557835,59428,1538481984,542216996,/world,vicon/IMUframe/IMUframe,-0.178162339799,0.143776858226,1.44104672439,0.636539522341,-0.303987907983,0.304443294692,0.640096140135
2018/10/02/14:06:24.567744,59429,1538481984,552236441,/world,vicon/IMUframe/IMUframe,-0.178492465219,0.14392528727,1.43903587493,0.639579977476,-0.303804236636,0.298901155029,0.639764439255
2018/10/02/14:06:24.577571,59430,1538481984,562175839,/world,vicon/IMUframe/IMUframe,-0.178886989909,0.1438347227,1.43705812444,0.641985809146,-0.303261313559,0.293921361681,0.639919549398
2018/10/02/14:06:24.587976,59431,1538481984,572413743,/world,vicon/IMUframe/IMUframe,-0.179326594295,0.143543637013,1.43522114295,0.643836318845,-0.30245903855,0.289428048249,0.6404878839
2018/10/02/14:06:24.597661,59432,1538481984,582321372,/world,vicon/IMUframe/IMUframe,-0.179807311252,0.143103363352,1.43342705561,0.644992513236,-0.301398227662,0.285586147391,0.641548375924
2018/10/02/14:06:24.607731,59433,1538481984,592230017,/world,vicon/IMUframe/IMUframe,-0.180278332738,0.142556318127,1.43174576707,0.645536990707,-0.300315846476,0.282109556083,0.643044776319
2018/10/02/14:06:24.618069,59434,1538481984,602233493,/world,vicon/IMUframe/IMUframe,-0.180698859541,0.141876994548,1.43008693039,0.645378991039,-0.299028540314,0.279334731125,0.645011626245
2018/10/02/14:06:24.627509,59435,1538481984,612188792,/world,vicon/IMUframe/IMUframe,-0.181128986191,0.141092984844,1.42849810795,0.644402918765,-0.29755165084,0.277217233227,0.647578951921
2018/10/02/14:06:24.637980,59436,1538481984,622264382,/world,vicon/IMUframe/IMUframe,-0.181607398754,0.1401678858,1.42704527984,0.642580935523,-0.295976590849,0.275805143544,0.650706632643
2018/10/02/14:06:24.648072,59437,1538481984,632273473,/world,vicon/IMUframe/IMUframe,-0.182075053383,0.139179350851,1.42566583822,0.639938509649,-0.294276884877,0.274912285785,0.65444866416
2018/10/02/14:06:24.657861,59438,1538481984,642201624,/world,vicon/IMUframe/IMUframe,-0.182468417864,0.138142350884,1.42447204853,0.63640183546,-0.292751628576,0.274824617645,0.65860505413
2018/10/02/14:06:24.667832,59439,1538481984,652142769,/world,vicon/IMUframe/IMUframe,-0.182818531513,0.136967951562,1.42330494413,0.631921942702,-0.290986807006,0.275103339214,0.663565738441
2018/10/02/14:06:24.677933,59440,1538481984,662216243,/world,vicon/IMUframe/IMUframe,-0.183259316854,0.135560910633,1.42193415447,0.626482987075,-0.288662979387,0.275876632967,0.669391391205
2018/10/02/14:06:24.687874,59441,1538481984,672218793,/world,vicon/IMUframe/IMUframe,-0.183677010661,0.133904527305,1.42078889244,0.620165322548,-0.285999655639,0.276822429954,0.675994461484
2018/10/02/14:06:24.697857,59442,1538481984,682182233,/world,vicon/IMUframe/IMUframe,-0.184041665909,0.132045704356,1.41975327401,0.613064396336,-0.282893786322,0.27890902907,0.682885718923
2018/10/02/14:06:24.707656,59443,1538481984,692141753,/world,vicon/IMUframe/IMUframe,-0.184507876901,0.129943517338,1.41885916843,0.605242406231,-0.279499856905,0.281873296306,0.69000645252
2018/10/02/14:06:24.717683,59444,1538481984,702199536,/world,vicon/IMUframe/IMUframe,-0.185373848812,0.127806188827,1.4180344626,0.596871829866,-0.275246610979,0.285610240086,0.697431080907
2018/10/02/14:06:24.727735,59445,1538481984,712218297,/world,vicon/IMUframe/IMUframe,-0.18608040406,0.12527776034,1.41726647488,0.587355547113,-0.270628722433,0.290012298051,0.705454763149
2018/10/02/14:06:24.737709,59446,1538481984,722250887,/world,vicon/IMUframe/IMUframe,-0.186595837939,0.122435188429,1.41652255188,0.577501472582,-0.265256331784,0.294425372459,0.713754038635
2018/10/02/14:06:24.747581,59447,1538481984,732151888,/world,vicon/IMUframe/IMUframe,-0.187147984606,0.119331106703,1.41596211385,0.564388431353,-0.259578467011,0.300099289144,0.723895803741
2018/10/02/14:06:24.757647,59448,1538481984,742202717,/world,vicon/IMUframe/IMUframe,-0.187976773995,0.115986682857,1.41550575932,0.5507651087,-0.253369106014,0.30640495499,0.733878664845
2018/10/02/14:06:24.770252,59449,1538481984,754237471,/world,vicon/IMUframe/IMUframe,-0.189217072211,0.112464146608,1.41488227263,0.53592337086,-0.246143451058,0.313044190485,0.744448035037
2018/10/02/14:06:24.778083,59450,1538481984,762270111,/world,vicon/IMUframe/IMUframe,-0.190128276739,0.10862982837,1.41442630472,0.519586906198,-0.238826454064,0.319967620807,0.755388703504
2018/10/02/14:06:24.787916,59451,1538481984,772212296,/world,vicon/IMUframe/IMUframe,-0.191217105222,0.104251449308,1.4143448437,0.502524245661,-0.23118888746,0.327453058405,0.766025832057
2018/10/02/14:06:24.797650,59452,1538481984,782189728,/world,vicon/IMUframe/IMUframe,-0.192130701974,0.0998949526419,1.41431603119,0.484545862871,-0.223140774352,0.334918564929,0.776693669642
2018/10/02/14:06:24.807817,59453,1538481984,792291536,/world,vicon/IMUframe/IMUframe,-0.193045406729,0.0953196536323,1.4142455699,0.46565959803,-0.214387219402,0.342624099772,0.787278848424
2018/10/02/14:06:24.817881,59454,1538481984,802219266,/world,vicon/IMUframe/IMUframe,-0.193766473089,0.0902623814453,1.41495763891,0.446491666046,-0.205681941782,0.350568564728,0.797146042078
2018/10/02/14:06:24.827771,59455,1538481984,812253574,/world,vicon/IMUframe/IMUframe,-0.194874512975,0.0854604171474,1.41561916787,0.426009505653,-0.195931336322,0.35864253689,0.80715695083
2018/10/02/14:06:24.837885,59456,1538481984,822149682,/world,vicon/IMUframe/IMUframe,-0.195965784842,0.0808328695175,1.41629353694,0.404214149347,-0.187206988823,0.366047097145,0.817052010263
2018/10/02/14:06:24.847718,59457,1538481984,832196396,/world,vicon/IMUframe/IMUframe,-0.196924270166,0.0759380606373,1.41731837808,0.383103299316,-0.178206004595,0.373055222512,0.826017120244
2018/10/02/14:06:24.858577,59458,1538481984,842445358,/world,vicon/IMUframe/IMUframe,-0.198058741647,0.0712932040646,1.41883010633,0.35900948197,-0.169508372587,0.380060565866,0.835423886271
2018/10/02/14:06:24.868127,59459,1538481984,852212271,/world,vicon/IMUframe/IMUframe,-0.19886354772,0.0667178683016,1.42079832133,0.337065860482,-0.160775185012,0.386239570788,0.843419788445
2018/10/02/14:06:24.878126,59460,1538481984,862218147,/world,vicon/IMUframe/IMUframe,-0.199939504825,0.0625571128046,1.42283886876,0.314277800133,-0.152436862813,0.39183799309,0.851149490026
2018/10/02/14:06:24.888024,59461,1538481984,872190716,/world,vicon/IMUframe/IMUframe,-0.200880215137,0.0585689107065,1.42511003697,0.292955574598,-0.144158261149,0.396462249602,0.858028619392
2018/10/02/14:06:24.898277,59462,1538481984,882375657,/world,vicon/IMUframe/IMUframe,-0.201687472878,0.0545702717355,1.42772396432,0.271081685831,-0.136626311615,0.399649600035,0.864944025804
2018/10/02/14:06:24.908856,59463,1538481984,893019150,/world,vicon/IMUframe/IMUframe,-0.202482681071,0.0511683237083,1.43040361301,0.250512462284,-0.128950139487,0.402830087233,0.870829081156
2018/10/02/14:06:24.917694,59464,1538481984,902190018,/world,vicon/IMUframe/IMUframe,-0.202845274076,0.0471722466742,1.43356166968,0.228362572762,-0.120923070702,0.406628207218,0.876288564018
2018/10/02/14:06:24.927882,59465,1538481984,912186851,/world,vicon/IMUframe/IMUframe,-0.203495186611,0.0440762425433,1.43666925652,0.207572055633,-0.114217220237,0.407880096074,0.881760792703
2018/10/02/14:06:24.937945,59466,1538481984,922268666,/world,vicon/IMUframe/IMUframe,-0.204280460495,0.0412414393957,1.43972788171,0.186968593486,-0.107783715674,0.408470812001,0.88689176985
2018/10/02/14:06:24.948041,59467,1538481984,932222009,/world,vicon/IMUframe/IMUframe,-0.205239422646,0.0386780079489,1.44280163181,0.166914061077,-0.101702449123,0.408742746782,0.891473877918
2018/10/02/14:06:24.958201,59468,1538481984,942200974,/world,vicon/IMUframe/IMUframe,-0.205961275767,0.0361917760161,1.44599692331,0.147266942219,-0.0959018045033,0.408671540754,0.895601955894
2018/10/02/14:06:24.968039,59469,1538481984,952168593,/world,vicon/IMUframe/IMUframe,-0.206995295515,0.0344216782197,1.44918139484,0.128792231915,-0.08986324973,0.406998206752,0.899827548504
2018/10/02/14:06:24.977866,59470,1538481984,962200881,/world,vicon/IMUframe/IMUframe,-0.208017731953,0.0328068472355,1.45222463678,0.1110320741,-0.084501878595,0.405420119728,0.903418971217
2018/10/02/14:06:24.988115,59471,1538481984,972281431,/world,vicon/IMUframe/IMUframe,-0.208753508271,0.0312271411163,1.45539824824,0.0934297610876,-0.0795680505239,0.40343883648,0.906739714747
2018/10/02/14:06:24.997556,59472,1538481984,982291342,/world,vicon/IMUframe/IMUframe,-0.209689333767,0.0301405015198,1.45843267951,0.0760678357803,-0.0749555096966,0.400872372446,0.909888288163
2018/10/02/14:06:25.007509,59473,1538481984,992186862,/world,vicon/IMUframe/IMUframe,-0.210695656441,0.0291505892539,1.46145348727,0.0590726330046,-0.0705685778795,0.398691801687,0.912455668574
2018/10/02/14:06:25.017573,59474,1538481985,2282705,/world,vicon/IMUframe/IMUframe,-0.211659196546,0.0285404527191,1.46445820031,0.0427956993051,-0.0667735732642,0.395843224633,0.914886856145
2018/10/02/14:06:25.028313,59475,1538481985,12478972,/world,vicon/IMUframe/IMUframe,-0.213067421176,0.0282400143933,1.46746656747,0.0273387494879,-0.0627530418665,0.392139969849,0.917355379643
2018/10/02/14:06:25.038453,59476,1538481985,22529507,/world,vicon/IMUframe/IMUframe,-0.215179934034,0.0282410311344,1.47021920304,0.0140340499562,-0.0570548365292,0.386893877982,0.920250464955
2018/10/02/14:06:25.048024,59477,1538481985,32214696,/world,vicon/IMUframe/IMUframe,-0.216342314991,0.0280741725041,1.47284622558,0.000189159473149,-0.0532331532928,0.383176020836,0.922140082995
2018/10/02/14:06:25.057998,59478,1538481985,42215207,/world,vicon/IMUframe/IMUframe,-0.217613821707,0.0280945340356,1.47530406136,-0.0132739645715,-0.0490858728173,0.379450181573,0.923813800859
2018/10/02/14:06:25.067909,59479,1538481985,52283365,/world,vicon/IMUframe/IMUframe,-0.218803584211,0.0281926734369,1.47773399021,-0.0251421914329,-0.0444240394821,0.37562504096,0.925364902906
2018/10/02/14:06:25.077753,59480,1538481985,62304322,/world,vicon/IMUframe/IMUframe,-0.219956203906,0.0299625884258,1.47933505323,-0.0362379869474,-0.0420304132948,0.370112841474,0.927327739926
2018/10/02/14:06:25.087577,59481,1538481985,72262057,/world,vicon/IMUframe/IMUframe,-0.221298739184,0.0304779527555,1.4815143444,-0.0479373773541,-0.0374250613481,0.366402694603,0.928466713471
2018/10/02/14:06:25.097847,59482,1538481985,82270290,/world,vicon/IMUframe/IMUframe,-0.221904703928,0.0296756233446,1.48455142564,-0.0633049215452,-0.0347664173904,0.363184557428,0.928913752926
2018/10/02/14:06:25.107674,59483,1538481985,92237732,/world,vicon/IMUframe/IMUframe,-0.224214554209,0.0320129436211,1.48578961395,-0.0708598260056,-0.0294262362548,0.358096943403,0.930526496562
2018/10/02/14:06:25.117597,59484,1538481985,102296120,/world,vicon/IMUframe/IMUframe,-0.225538771503,0.0330330514484,1.48748846859,-0.0812916492947,-0.0257887063846,0.354319523568,0.931227300715
2018/10/02/14:06:25.127762,59485,1538481985,112325546,/world,vicon/IMUframe/IMUframe,-0.22695226793,0.0342512383536,1.48908874007,-0.0905852030376,-0.0221183843841,0.350427523605,0.931936504684
2018/10/02/14:06:25.137382,59486,1538481985,122301656,/world,vicon/IMUframe/IMUframe,-0.228547235238,0.0354785548147,1.49052839771,-0.0992621184074,-0.0177201022575,0.346519338143,0.93260783726
2018/10/02/14:06:25.147281,59487,1538481985,132187040,/world,vicon/IMUframe/IMUframe,-0.229887090962,0.0366716937415,1.49205809457,-0.107588420589,-0.0131453109435,0.342002340736,0.933427196672
2018/10/02/14:06:25.157692,59488,1538481985,142360314,/world,vicon/IMUframe/IMUframe,-0.231147096552,0.0378338917994,1.4936157767,-0.115887274435,-0.00825536896754,0.337565322205,0.9341047274
2018/10/02/14:06:25.167886,59489,1538481985,152296317,/world,vicon/IMUframe/IMUframe,-0.232403119565,0.0387453397453,1.49517522243,-0.124430133979,-0.00298715312027,0.333416116007,0.934527641251
2018/10/02/14:06:25.177852,59490,1538481985,162271980,/world,vicon/IMUframe/IMUframe,-0.232878920971,0.0389565378514,1.49759256745,-0.136843801639,5.43906857275e-05,0.328544637738,0.934522440612
2018/10/02/14:06:25.187765,59491,1538481985,172209798,/world,vicon/IMUframe/IMUframe,-0.234424127988,0.0404539815546,1.49821789826,-0.140569072809,0.00548161505926,0.326041582958,0.934830024041
2018/10/02/14:06:25.197744,59492,1538481985,182329749,/world,vicon/IMUframe/IMUframe,-0.235411853379,0.0415056739887,1.49964169623,-0.149683461146,0.00958883395492,0.321771596679,0.934861463156
2018/10/02/14:06:25.207673,59493,1538481985,192212539,/world,vicon/IMUframe/IMUframe,-0.236525947639,0.0425042377679,1.50113981565,-0.160118372217,0.0135672300464,0.317616776285,0.934503943582
2018/10/02/14:06:25.218040,59494,1538481985,202417397,/world,vicon/IMUframe/IMUframe,-0.237733799037,0.0434115026933,1.50267078404,-0.16953844865,0.0171663204569,0.314612004391,0.933799399531
2018/10/02/14:06:25.227866,59495,1538481985,212247990,/world,vicon/IMUframe/IMUframe,-0.239056033256,0.0440396894826,1.50433281064,-0.181629491677,0.0222064993299,0.311382396971,0.932501261124
2018/10/02/14:06:25.237589,59496,1538481985,222238852,/world,vicon/IMUframe/IMUframe,-0.240319598426,0.0446099845478,1.50621946414,-0.195208692904,0.0277408878124,0.308092098974,0.930700417916
2018/10/02/14:06:25.247748,59497,1538481985,232373714,/world,vicon/IMUframe/IMUframe,-0.241650378022,0.0451699335845,1.50820406633,-0.209266181894,0.033516231021,0.305195049982,0.928407404559
2018/10/02/14:06:25.257508,59498,1538481985,242318973,/world,vicon/IMUframe/IMUframe,-0.242896562416,0.0459986453572,1.51041410154,-0.224194358411,0.0390962367498,0.302438810502,0.925602041825
2018/10/02/14:06:25.267502,59499,1538481985,252254799,/world,vicon/IMUframe/IMUframe,-0.244023622132,0.0468499646607,1.51259879094,-0.239424588633,0.0445879853894,0.299812636763,0.922388291748
2018/10/02/14:06:25.277936,59500,1538481985,262257748,/world,vicon/IMUframe/IMUframe,-0.245121385539,0.048012250685,1.51462727687,-0.255102063689,0.0505199694533,0.296961161443,0.918795264671
2018/10/02/14:06:25.287824,59501,1538481985,272304187,/world,vicon/IMUframe/IMUframe,-0.246169963272,0.0489298487574,1.51653807685,-0.269303279126,0.0545993762698,0.294802345604,0.915197371603
2018/10/02/14:06:25.297837,59502,1538481985,282340277,/world,vicon/IMUframe/IMUframe,-0.247121429655,0.0500548953658,1.51825503236,-0.283406027724,0.0581464882391,0.292633857858,0.911408489422
2018/10/02/14:06:25.307932,59503,1538481985,292325075,/world,vicon/IMUframe/IMUframe,-0.247462939466,0.0511953145861,1.52078125905,-0.303111674331,0.0603527836086,0.288497689345,0.906228413612
2018/10/02/14:06:25.317598,59504,1538481985,302256775,/world,vicon/IMUframe/IMUframe,-0.248312749571,0.0526117136063,1.5223773749,-0.317073993159,0.063093734727,0.286642348847,0.901842240832
2018/10/02/14:06:25.327826,59505,1538481985,312234282,/world,vicon/IMUframe/IMUframe,-0.24897885688,0.0541286870622,1.52396290372,-0.330416401049,0.0655561290986,0.285215551203,0.897317939867
2018/10/02/14:06:25.337915,59506,1538481985,322397804,/world,vicon/IMUframe/IMUframe,-0.249727237839,0.0557467287894,1.52558494343,-0.343587647814,0.0679236611993,0.283960916496,0.892580585954
2018/10/02/14:06:25.347665,59507,1538481985,332284146,/world,vicon/IMUframe/IMUframe,-0.250139948885,0.0572974117701,1.52716908331,-0.35686923214,0.0701528402719,0.282605999816,0.887612966907
2018/10/02/14:06:25.357678,59508,1538481985,342267522,/world,vicon/IMUframe/IMUframe,-0.250684776239,0.0589656104021,1.52871575574,-0.369792337005,0.0728673969974,0.281244756926,0.882522156463
2018/10/02/14:06:25.367646,59509,1538481985,352185020,/world,vicon/IMUframe/IMUframe,-0.251079326687,0.0606235198596,1.53022693288,-0.382518943223,0.0757634630928,0.279923739254,0.877258146692
2018/10/02/14:06:25.378029,59510,1538481985,362415026,/world,vicon/IMUframe/IMUframe,-0.251419470165,0.0622963114506,1.53176167259,-0.394656963312,0.078647851618,0.278983797257,0.871910796821
2018/10/02/14:06:25.387984,59511,1538481985,372311674,/world,vicon/IMUframe/IMUframe,-0.251732479769,0.0640459623387,1.53327322802,-0.406262327114,0.0819414886953,0.277958218339,0.866588566078
2018/10/02/14:06:25.397823,59512,1538481985,382270223,/world,vicon/IMUframe/IMUframe,-0.252116548558,0.0657796446619,1.53463367664,-0.417150157921,0.0855575639613,0.276989515972,0.861360816985
2018/10/02/14:06:25.407898,59513,1538481985,392243144,/world,vicon/IMUframe/IMUframe,-0.252742198784,0.0676985830157,1.53501925359,-0.424906155323,0.0910890969097,0.277830409594,0.856719206682
2018/10/02/14:06:25.417888,59514,1538481985,402337553,/world,vicon/IMUframe/IMUframe,-0.252936571261,0.0694847560574,1.53630758616,-0.43476434732,0.0953225549319,0.277508380674,0.851400417827
2018/10/02/14:06:25.427814,59515,1538481985,412268710,/world,vicon/IMUframe/IMUframe,-0.253098170584,0.0712687812399,1.53748727304,-0.443935615296,0.100018492601,0.277338541449,0.846168307157
2018/10/02/14:06:25.437650,59516,1538481985,422287941,/world,vicon/IMUframe/IMUframe,-0.253174413009,0.0730301910676,1.53862885162,-0.452479142774,0.105295041761,0.277405690618,0.840964721227
2018/10/02/14:06:25.447531,59517,1538481985,432244151,/world,vicon/IMUframe/IMUframe,-0.253134528244,0.0747192940817,1.53969852685,-0.460313792146,0.111006387637,0.277704170047,0.835864336243
2018/10/02/14:06:25.457611,59518,1538481985,442311600,/world,vicon/IMUframe/IMUframe,-0.253097300566,0.0764065709786,1.54068606173,-0.46778151268,0.117354511654,0.278413953695,0.830598606655
2018/10/02/14:06:25.467746,59519,1538481985,452351134,/world,vicon/IMUframe/IMUframe,-0.252922293156,0.0780575203309,1.54174973916,-0.47460731222,0.123813825929,0.27940034942,0.825441385224
2018/10/02/14:06:25.477667,59520,1538481985,462424477,/world,vicon/IMUframe/IMUframe,-0.252806731687,0.0797632582261,1.54281318515,-0.480825110647,0.130601320906,0.28052710342,0.820399324839
2018/10/02/14:06:25.487514,59521,1538481985,472236808,/world,vicon/IMUframe/IMUframe,-0.252315053114,0.0814184237161,1.54368826219,-0.486198132241,0.136987204635,0.282191385412,0.81560646391
2018/10/02/14:06:25.497498,59522,1538481985,482240979,/world,vicon/IMUframe/IMUframe,-0.251727552922,0.0832421794975,1.54438395562,-0.490537377502,0.143825206654,0.283728663424,0.811286285324
2018/10/02/14:06:25.507939,59523,1538481985,492330118,/world,vicon/IMUframe/IMUframe,-0.250977984252,0.0843800314228,1.54507393798,-0.49442919553,0.150848092518,0.285648503576,0.806963168922
2018/10/02/14:06:25.518114,59524,1538481985,502354794,/world,vicon/IMUframe/IMUframe,-0.250262657664,0.0857295253352,1.54557585548,-0.497569072332,0.158096881938,0.287837570869,0.802857351574
2018/10/02/14:06:25.527978,59525,1538481985,512269997,/world,vicon/IMUframe/IMUframe,-0.249458433516,0.0871070093706,1.54595871921,-0.500472290476,0.165156891404,0.290686361922,0.798593843377
2018/10/02/14:06:25.537958,59526,1538481985,522246587,/world,vicon/IMUframe/IMUframe,-0.24864203839,0.0884692679199,1.54638410511,-0.503208348026,0.173086190554,0.293242274019,0.79424901501
2018/10/02/14:06:25.548140,59527,1538481985,532510463,/world,vicon/IMUframe/IMUframe,-0.247698357146,0.0898442692652,1.54667725574,-0.5056922937,0.180143258696,0.296844384408,0.789751303819
2018/10/02/14:06:25.557902,59528,1538481985,542296455,/world,vicon/IMUframe/IMUframe,-0.24670110406,0.0909452265993,1.54688058981,-0.508188159592,0.186657457097,0.300726782081,0.785154246438
2018/10/02/14:06:25.567664,59529,1538481985,552255936,/world,vicon/IMUframe/IMUframe,-0.245609832615,0.0921121346316,1.54700586114,-0.51048742765,0.193112678061,0.304872113731,0.780488996753
2018/10/02/14:06:25.577477,59530,1538481985,562255992,/world,vicon/IMUframe/IMUframe,-0.244485894093,0.0931580640338,1.54711050839,-0.512738129937,0.199283918529,0.309507793115,0.775622624687
2018/10/02/14:06:25.587723,59531,1538481985,572403278,/world,vicon/IMUframe/IMUframe,-0.243440805603,0.0944235106444,1.54713903285,-0.514469079586,0.2054000297,0.313785894428,0.771149016992
2018/10/02/14:06:25.597601,59532,1538481985,582319727,/world,vicon/IMUframe/IMUframe,-0.242190279465,0.0955399380318,1.54714743857,-0.516197980522,0.211129618675,0.318079180111,0.766674353427
2018/10/02/14:06:25.607539,59533,1538481985,592267986,/world,vicon/IMUframe/IMUframe,-0.240923812984,0.096606940368,1.54713609999,-0.518010297162,0.216657310927,0.322191632508,0.762179436614
2018/10/02/14:06:25.617521,59534,1538481985,602237088,/world,vicon/IMUframe/IMUframe,-0.239641456873,0.0977217714742,1.54713980802,-0.519743725202,0.221487627816,0.326464702885,0.757779973744
2018/10/02/14:06:25.628281,59535,1538481985,612389455,/world,vicon/IMUframe/IMUframe,-0.238560536254,0.0988857972785,1.54690711751,-0.520792126185,0.225926580602,0.330905719965,0.753813070977
2018/10/02/14:06:25.637979,59536,1538481985,622341875,/world,vicon/IMUframe/IMUframe,-0.237277045791,0.0998641372859,1.54679739678,-0.52250253145,0.229685926581,0.334848568755,0.749741232534
2018/10/02/14:06:25.647617,59537,1538481985,632294978,/world,vicon/IMUframe/IMUframe,-0.236062665191,0.100857463278,1.54661979107,-0.523888458639,0.232788262999,0.338740925871,0.746059711186
2018/10/02/14:06:25.657456,59538,1538481985,642286601,/world,vicon/IMUframe/IMUframe,-0.234923728042,0.101834906801,1.54641455011,-0.525072649396,0.235266550682,0.342473499778,0.742738355638
2018/10/02/14:06:25.667372,59539,1538481985,652219491,/world,vicon/IMUframe/IMUframe,-0.233804868751,0.102690677627,1.54619053568,-0.52630068305,0.237499263542,0.345657345301,0.739677423257
2018/10/02/14:06:25.677751,59540,1538481985,662343700,/world,vicon/IMUframe/IMUframe,-0.232828379924,0.103427968117,1.54601776137,-0.527451159029,0.238659743866,0.3492683666,0.736782471011
2018/10/02/14:06:25.687564,59541,1538481985,672296090,/world,vicon/IMUframe/IMUframe,-0.23200399276,0.104264256802,1.54565984033,-0.528273634138,0.240024678845,0.352108783459,0.73439398529
2018/10/02/14:06:25.698069,59542,1538481985,682277136,/world,vicon/IMUframe/IMUframe,-0.231311162444,0.105023856786,1.54527719574,-0.529086463043,0.241093492555,0.354498328067,0.732306204992
2018/10/02/14:06:25.708016,59543,1538481985,692254894,/world,vicon/IMUframe/IMUframe,-0.230374037574,0.105588728558,1.54504779516,-0.529880059048,0.241478986695,0.356384464174,0.730688124786
2018/10/02/14:06:25.718379,59544,1538481985,702438944,/world,vicon/IMUframe/IMUframe,-0.229755707665,0.106128547296,1.54476419891,-0.530528514649,0.241662978225,0.357942766311,0.729393910137
2018/10/02/14:06:25.728062,59545,1538481985,712297477,/world,vicon/IMUframe/IMUframe,-0.22906463837,0.106453647708,1.54456166279,-0.531159076442,0.241511037628,0.358955429496,0.728487099304
2018/10/02/14:06:25.737798,59546,1538481985,722240850,/world,vicon/IMUframe/IMUframe,-0.228671072517,0.106855782881,1.54430520862,-0.53153167906,0.241374285654,0.359574425179,0.72795519171
2018/10/02/14:06:25.747468,59547,1538481985,732254998,/world,vicon/IMUframe/IMUframe,-0.228411704233,0.107213740432,1.54412410966,-0.531811414076,0.241228165017,0.35972880866,0.727723008075
2018/10/02/14:06:25.757807,59548,1538481985,742396896,/world,vicon/IMUframe/IMUframe,-0.228258838743,0.107501775623,1.54398572151,-0.532051393709,0.241055546874,0.359366170543,0.727783960556
2018/10/02/14:06:25.767798,59549,1538481985,752493890,/world,vicon/IMUframe/IMUframe,-0.228227940501,0.107740529667,1.54385170011,-0.532263107653,0.240610408511,0.358613610662,0.728147576935
2018/10/02/14:06:25.778045,59550,1538481985,762275263,/world,vicon/IMUframe/IMUframe,-0.228425167767,0.108043688403,1.54365711499,-0.532158038742,0.23994200773,0.357700443016,0.728893715019
2018/10/02/14:06:25.787827,59551,1538481985,772252251,/world,vicon/IMUframe/IMUframe,-0.228551668724,0.108141091205,1.54350002591,-0.531959748093,0.239016329318,0.356317652672,0.730019007371
2018/10/02/14:06:25.798218,59552,1538481985,782313368,/world,vicon/IMUframe/IMUframe,-0.228788191777,0.108156599762,1.54333799471,-0.531363285639,0.237839528071,0.354813193486,0.731568872555
2018/10/02/14:06:25.807814,59553,1538481985,792335762,/world,vicon/IMUframe/IMUframe,-0.228999780952,0.108025162689,1.54315478888,-0.530560145835,0.236773577674,0.352894372735,0.733423319958
2018/10/02/14:06:25.817778,59554,1538481985,802279633,/world,vicon/IMUframe/IMUframe,-0.229263907088,0.107825127405,1.54302608877,-0.529316059415,0.235668144507,0.350820422621,0.735669807714
2018/10/02/14:06:25.827584,59555,1538481985,812267176,/world,vicon/IMUframe/IMUframe,-0.229494316951,0.107538861043,1.54293313705,-0.527732091025,0.234455143933,0.348659288528,0.738218345823
2018/10/02/14:06:25.837735,59556,1538481985,822366779,/world,vicon/IMUframe/IMUframe,-0.229855952423,0.107338871264,1.5427697891,-0.525853288879,0.233475038547,0.346174656601,0.741033624121
2018/10/02/14:06:25.847828,59557,1538481985,832445078,/world,vicon/IMUframe/IMUframe,-0.230239924312,0.10697130061,1.54262874461,-0.523739677521,0.231869933525,0.344366327033,0.743871572869
2018/10/02/14:06:25.857667,59558,1538481985,842316968,/world,vicon/IMUframe/IMUframe,-0.230587157213,0.106441340051,1.54245658477,-0.521298479967,0.230178027395,0.342589650406,0.746925901227
2018/10/02/14:06:25.867556,59559,1538481985,852294535,/world,vicon/IMUframe/IMUframe,-0.230795817831,0.105763992591,1.54225361158,-0.518557365396,0.228359866988,0.340788316062,0.7502088733
2018/10/02/14:06:25.877722,59560,1538481985,862243772,/world,vicon/IMUframe/IMUframe,-0.231007565137,0.105049380517,1.54201334803,-0.515143579781,0.226296236179,0.339321348026,0.753842243759
2018/10/02/14:06:25.887583,59561,1538481985,872310198,/world,vicon/IMUframe/IMUframe,-0.231235697696,0.104275993771,1.54176136122,-0.511081095386,0.223968001094,0.338247318441,0.757775164539
2018/10/02/14:06:25.897893,59562,1538481985,882278973,/world,vicon/IMUframe/IMUframe,-0.231331710567,0.103417744598,1.54145853434,-0.506619729021,0.221562845208,0.337475670791,0.761811346341
2018/10/02/14:06:25.907827,59563,1538481985,892270923,/world,vicon/IMUframe/IMUframe,-0.231346197661,0.102449000743,1.54110917584,-0.501496090384,0.218950698677,0.337040397913,0.766137085026
2018/10/02/14:06:25.917870,59564,1538481985,902262441,/world,vicon/IMUframe/IMUframe,-0.23126394081,0.101410492773,1.54070948648,-0.495670972408,0.216118270961,0.336952102018,0.770757070039
2018/10/02/14:06:25.927749,59565,1538481985,912341411,/world,vicon/IMUframe/IMUframe,-0.23105261268,0.1002052665,1.54025921217,-0.489025426972,0.213098163293,0.337052488628,0.775782781767
2018/10/02/14:06:25.937583,59566,1538481985,922326562,/world,vicon/IMUframe/IMUframe,-0.230883933988,0.0990276297637,1.53969059829,-0.481725707859,0.209649227328,0.337811581589,0.780942302103
2018/10/02/14:06:25.947646,59567,1538481985,932268636,/world,vicon/IMUframe/IMUframe,-0.230590691467,0.0977247550395,1.53902371583,-0.47393064349,0.206161496097,0.338666728097,0.7862518871
2018/10/02/14:06:25.957458,59568,1538481985,942253065,/world,vicon/IMUframe/IMUframe,-0.230333078735,0.0963400158461,1.53824694201,-0.465786370807,0.20237829917,0.339943051731,0.791533197267
2018/10/02/14:06:25.967974,59569,1538481985,952502719,/world,vicon/IMUframe/IMUframe,-0.230010908062,0.0949071903272,1.53747382649,-0.456843084454,0.198384683643,0.341349864629,0.797131220942
2018/10/02/14:06:25.977712,59570,1538481985,962277143,/world,vicon/IMUframe/IMUframe,-0.22956158402,0.0932703914258,1.53661019667,-0.44752014396,0.19405279702,0.343151868047,0.802692985004
2018/10/02/14:06:25.987801,59571,1538481985,972291241,/world,vicon/IMUframe/IMUframe,-0.22910624585,0.0915374975585,1.53579049409,-0.437846613273,0.189874548039,0.345259259026,0.808105217969
2018/10/02/14:06:25.997599,59572,1538481985,982240493,/world,vicon/IMUframe/IMUframe,-0.22869233087,0.0897948942463,1.53481572681,-0.42771881999,0.185288366302,0.347329045983,0.813687511368
2018/10/02/14:06:26.007867,59573,1538481985,992294195,/world,vicon/IMUframe/IMUframe,-0.228374278862,0.0879550955187,1.53381761108,-0.417079021046,0.180541823052,0.349417827218,0.819363730193
2018/10/02/14:06:26.017872,59574,1538481986,2310212,/world,vicon/IMUframe/IMUframe,-0.227871210295,0.0861099792537,1.53272076623,-0.405719473521,0.175351354981,0.35163822674,0.82522370822
2018/10/02/14:06:26.027811,59575,1538481986,12297397,/world,vicon/IMUframe/IMUframe,-0.227347178432,0.0841937582529,1.53138861456,-0.393569510739,0.169761684523,0.353900735711,0.831287122448
2018/10/02/14:06:26.037853,59576,1538481986,22265435,/world,vicon/IMUframe/IMUframe,-0.226797176689,0.082353911307,1.53000744042,-0.380533816818,0.164027097406,0.356241902605,0.837484825178
2018/10/02/14:06:26.048037,59577,1538481986,32375385,/world,vicon/IMUframe/IMUframe,-0.226254307514,0.0803864546213,1.52833234537,-0.367298299804,0.1579979748,0.358903560704,0.843396011986
2018/10/02/14:06:26.058113,59578,1538481986,42353670,/world,vicon/IMUframe/IMUframe,-0.22581882699,0.0783653005553,1.52653992262,-0.353643085144,0.151945679354,0.361463870331,0.849230798606
2018/10/02/14:06:26.067849,59579,1538481986,52301701,/world,vicon/IMUframe/IMUframe,-0.22521466155,0.0761889114026,1.52453618599,-0.339594411048,0.145159083768,0.364125266849,0.854995477431
2018/10/02/14:06:26.078247,59580,1538481986,62275450,/world,vicon/IMUframe/IMUframe,-0.225092317584,0.0744408152785,1.52278092431,-0.325662448864,0.139871923303,0.366389337445,0.860313121996
2018/10/02/14:06:26.087664,59581,1538481986,72253725,/world,vicon/IMUframe/IMUframe,-0.224542985532,0.0724469459978,1.52064047298,-0.31145246318,0.13279988121,0.369063956576,0.865536452546
2018/10/02/14:06:26.097629,59582,1538481986,82321689,/world,vicon/IMUframe/IMUframe,-0.22394784973,0.0705343721458,1.51840510775,-0.296959966068,0.12567490728,0.37169107126,0.870555192839
2018/10/02/14:06:26.107756,59583,1538481986,92302698,/world,vicon/IMUframe/IMUframe,-0.223358057902,0.0685810501258,1.51625255981,-0.282415717216,0.119168109431,0.374595149976,0.875053597203
2018/10/02/14:06:26.117522,59584,1538481986,102285840,/world,vicon/IMUframe/IMUframe,-0.222321791621,0.0669939720292,1.51390414935,-0.267766476303,0.110889086855,0.376788205156,0.879792801198
2018/10/02/14:06:26.127714,59585,1538481986,112267385,/world,vicon/IMUframe/IMUframe,-0.221778003773,0.0655785645098,1.51137606207,-0.252329144384,0.104057963828,0.379177027335,0.88415311174
2018/10/02/14:06:26.138079,59586,1538481986,122338342,/world,vicon/IMUframe/IMUframe,-0.221255303283,0.0645378163531,1.50876647297,-0.236896727187,0.096943163159,0.38153845789,0.888206264848
2018/10/02/14:06:26.147999,59587,1538481986,132328993,/world,vicon/IMUframe/IMUframe,-0.22052424503,0.0637012860263,1.50599059353,-0.221136119753,0.0899018111175,0.382543778291,0.892567498058
2018/10/02/14:06:26.157684,59588,1538481986,142279809,/world,vicon/IMUframe/IMUframe,-0.220136551715,0.0628216807778,1.50376159435,-0.205109125944,0.0835396797326,0.384869412929,0.896006084442
2018/10/02/14:06:26.167699,59589,1538481986,152233826,/world,vicon/IMUframe/IMUframe,-0.220073227561,0.0623601477324,1.50107876606,-0.189109410862,0.0778934586613,0.38664600336,0.899263647607
2018/10/02/14:06:26.177780,59590,1538481986,162370694,/world,vicon/IMUframe/IMUframe,-0.219679258537,0.0617615782925,1.49863382756,-0.174720981692,0.0711201574915,0.388848734777,0.901782214959
2018/10/02/14:06:26.187581,59591,1538481986,172306971,/world,vicon/IMUframe/IMUframe,-0.219756468049,0.0604794932764,1.49777461613,-0.16661119409,0.0627548448449,0.384870328863,0.905636444393
2018/10/02/14:06:26.198093,59592,1538481986,182316353,/world,vicon/IMUframe/IMUframe,-0.219392827253,0.0599454982032,1.49536821566,-0.15343291463,0.0552180346754,0.38551844007,0.908176657771
2018/10/02/14:06:26.208006,59593,1538481986,192267988,/world,vicon/IMUframe/IMUframe,-0.217198926559,0.0591601197941,1.49293422875,-0.139751147191,0.0493524714417,0.394807147459,0.906731088436
2018/10/02/14:06:26.218038,59594,1538481986,202273486,/world,vicon/IMUframe/IMUframe,-0.21675226303,0.0588372886151,1.4909794994,-0.126482737735,0.0444090016451,0.398096745941,0.907495971616
2018/10/02/14:06:26.227929,59595,1538481986,212408521,/world,vicon/IMUframe/IMUframe,-0.216407112469,0.0586557620074,1.48877828461,-0.113103883282,0.0389027633648,0.399852084826,0.908742205936
2018/10/02/14:06:26.237827,59596,1538481986,222296608,/world,vicon/IMUframe/IMUframe,-0.216097588451,0.0584353337048,1.48675236429,-0.100622783751,0.033979780699,0.401565288293,0.909651443758
2018/10/02/14:06:26.247589,59597,1538481986,232291997,/world,vicon/IMUframe/IMUframe,-0.215790495215,0.0583524382837,1.48483968482,-0.0880886085066,0.0287609701897,0.403298934966,0.910364307681
2018/10/02/14:06:26.257621,59598,1538481986,242233196,/world,vicon/IMUframe/IMUframe,-0.215834633787,0.0584530098601,1.48309572649,-0.0762687946353,0.0247508220846,0.404277597998,0.911114752118
2018/10/02/14:06:26.267901,59599,1538481986,252440888,/world,vicon/IMUframe/IMUframe,-0.216338856271,0.0588817828845,1.48134698919,-0.0645963995646,0.0219931147414,0.405227141467,0.911665822484
2018/10/02/14:06:26.277667,59600,1538481986,262289779,/world,vicon/IMUframe/IMUframe,-0.216698190141,0.0591622755032,1.47985677068,-0.0538557875705,0.0185731551252,0.404628916923,0.912704788879
2018/10/02/14:06:26.287385,59601,1538481986,272297176,/world,vicon/IMUframe/IMUframe,-0.21659210997,0.0592574225503,1.47851492257,-0.0438240678749,0.0161672045827,0.406941886417,0.912258940022
2018/10/02/14:06:26.297771,59602,1538481986,282230425,/world,vicon/IMUframe/IMUframe,-0.216337832143,0.0593783327753,1.47722470057,-0.0342439064095,0.0145537987861,0.410278009103,0.911201128764
2018/10/02/14:06:26.307351,59603,1538481986,292265112,/world,vicon/IMUframe/IMUframe,-0.216269158474,0.0593304859707,1.47618421084,-0.0257979935818,0.0135672453326,0.41225658476,0.910601395619
2018/10/02/14:06:26.317675,59604,1538481986,302369579,/world,vicon/IMUframe/IMUframe,-0.216154975812,0.0592024643392,1.47524429328,-0.0181132505997,0.0130353193065,0.414268647042,0.909881024465
2018/10/02/14:06:26.327760,59605,1538481986,312355894,/world,vicon/IMUframe/IMUframe,-0.216305572143,0.0590849387603,1.47431339213,-0.0107433109878,0.0132822883284,0.41546151242,0.909450325077
2018/10/02/14:06:26.337734,59606,1538481986,322227984,/world,vicon/IMUframe/IMUframe,-0.216010689944,0.0587226880651,1.47376958763,-0.00579873332417,0.0137895271602,0.418470055542,0.908107392464
2018/10/02/14:06:26.347939,59607,1538481986,332268549,/world,vicon/IMUframe/IMUframe,-0.215556049843,0.05831939948,1.47317017039,-0.000331113430075,0.0153103223003,0.422861732129,0.906064809986
2018/10/02/14:06:26.358161,59608,1538481986,342469201,/world,vicon/IMUframe/IMUframe,-0.215707195947,0.0580786073458,1.47257264017,0.00448165925368,0.0172787275946,0.424342840828,0.905325639613
2018/10/02/14:06:26.367451,59609,1538481986,352275664,/world,vicon/IMUframe/IMUframe,-0.215937332967,0.0577371903598,1.47217959867,0.00848318322429,0.0200686839047,0.425653946006,0.904623679647
2018/10/02/14:06:26.377702,59610,1538481986,362333137,/world,vicon/IMUframe/IMUframe,-0.216230279546,0.0573503104173,1.47185438076,0.0124002466298,0.0236864041234,0.426617029621,0.904037111064
2018/10/02/14:06:26.387538,59611,1538481986,372270198,/world,vicon/IMUframe/IMUframe,-0.216678179374,0.0570183650109,1.47164362539,0.0153237679547,0.0277109506652,0.427074382463,0.903661859986
2018/10/02/14:06:26.397737,59612,1538481986,382311975,/world,vicon/IMUframe/IMUframe,-0.217264550054,0.0566549573592,1.47147609255,0.0183645951673,0.0326330430214,0.427450346715,0.903262988969
2018/10/02/14:06:26.407750,59613,1538481986,392353181,/world,vicon/IMUframe/IMUframe,-0.217869589417,0.0563214248359,1.47130536604,0.0216018703675,0.0382054746804,0.427686085742,0.902861181447
2018/10/02/14:06:26.417898,59614,1538481986,402294781,/world,vicon/IMUframe/IMUframe,-0.21861651774,0.0560823860446,1.4711149662,0.0250003709633,0.0444718001325,0.427700504259,0.902479650242
2018/10/02/14:06:26.427721,59615,1538481986,412283033,/world,vicon/IMUframe/IMUframe,-0.219448251302,0.0559427839033,1.47092366156,0.0287136882774,0.0512625675516,0.427421580935,0.902141045194
2018/10/02/14:06:26.437711,59616,1538481986,422246588,/world,vicon/IMUframe/IMUframe,-0.221435179954,0.0559395913359,1.47089747346,0.0321363005103,0.0587554637599,0.421137454002,0.904521032649
2018/10/02/14:06:26.447771,59617,1538481986,432367320,/world,vicon/IMUframe/IMUframe,-0.223198174219,0.0558079871374,1.47096306942,0.0353604043092,0.0677666048946,0.415815806445,0.906230955209
2018/10/02/14:06:26.457929,59618,1538481986,442287326,/world,vicon/IMUframe/IMUframe,-0.224292059231,0.0557762160477,1.47073257609,0.0396418182255,0.076458449272,0.414338631438,0.906038702419
2018/10/02/14:06:26.467695,59619,1538481986,452283508,/world,vicon/IMUframe/IMUframe,-0.225709831601,0.055671491922,1.47062983121,0.0436162369347,0.0852253864404,0.411026849547,0.906582145386
2018/10/02/14:06:26.477485,59620,1538481986,462251743,/world,vicon/IMUframe/IMUframe,-0.227668103549,0.0554219326842,1.47068672745,0.0472542357646,0.0953126962908,0.405573505216,0.907850570851
2018/10/02/14:06:26.487628,59621,1538481986,472327833,/world,vicon/IMUframe/IMUframe,-0.229407912155,0.0552563161224,1.47076202494,0.0510029098351,0.105806562738,0.400207201738,0.908866255368
2018/10/02/14:06:26.497602,59622,1538481986,482394997,/world,vicon/IMUframe/IMUframe,-0.231199108114,0.05515468342,1.47082988532,0.0550093251,0.116995383972,0.394523550084,0.909745691229
2018/10/02/14:06:26.507532,59623,1538481986,492274093,/world,vicon/IMUframe/IMUframe,-0.232941855677,0.0549906661505,1.47105770227,0.059025045657,0.128264924132,0.388205166336,0.910692539803
2018/10/02/14:06:26.517340,59624,1538481986,502230979,/world,vicon/IMUframe/IMUframe,-0.23475499208,0.0548143929263,1.4714080911,0.0630252096291,0.139897927688,0.381197278494,0.911671556894
2018/10/02/14:06:26.527582,59625,1538481986,512264714,/world,vicon/IMUframe/IMUframe,-0.236961207927,0.0550299622706,1.47170797457,0.0670271044239,0.151071114337,0.37097268964,0.913818444346
2018/10/02/14:06:26.537450,59626,1538481986,522280020,/world,vicon/IMUframe/IMUframe,-0.23864433249,0.0549694390969,1.47213363677,0.0711634719495,0.163155100156,0.363794249565,0.914313905361
2018/10/02/14:06:26.547544,59627,1538481986,532309815,/world,vicon/IMUframe/IMUframe,-0.240315063685,0.0549500844958,1.47252648007,0.0755427652725,0.17540688548,0.356343473437,0.914628363916
2018/10/02/14:06:26.557638,59628,1538481986,542282785,/world,vicon/IMUframe/IMUframe,-0.241880421111,0.0548219204984,1.47297377158,0.0800006279544,0.188022156733,0.348690148673,0.914692707046
2018/10/02/14:06:26.567742,59629,1538481986,552253516,/world,vicon/IMUframe/IMUframe,-0.243173248275,0.0546868419137,1.47354895928,0.0850559245195,0.200804049588,0.341434000733,0.914257100884
2018/10/02/14:06:26.577916,59630,1538481986,562378580,/world,vicon/IMUframe/IMUframe,-0.244649144557,0.0545862286852,1.47407331929,0.0896557529013,0.213892013105,0.333779285443,0.913675785665
2018/10/02/14:06:26.587842,59631,1538481986,572300799,/world,vicon/IMUframe/IMUframe,-0.245632684261,0.0542511246491,1.47459470672,0.095730099391,0.228459967604,0.328011022394,0.911619745542
2018/10/02/14:06:26.597887,59632,1538481986,582279473,/world,vicon/IMUframe/IMUframe,-0.246475660297,0.0538720197947,1.47492720468,0.102730873578,0.242637524195,0.324161511468,0.908566295847
2018/10/02/14:06:26.607915,59633,1538481986,592258483,/world,vicon/IMUframe/IMUframe,-0.247290641033,0.053672437384,1.47512225076,0.109582988887,0.256203066807,0.319587728474,0.905657352929
2018/10/02/14:06:26.617901,59634,1538481986,602322865,/world,vicon/IMUframe/IMUframe,-0.248039980715,0.0533151176492,1.4757524454,0.116095903228,0.271353745435,0.314096795933,0.902348097398
2018/10/02/14:06:26.627801,59635,1538481986,612289062,/world,vicon/IMUframe/IMUframe,-0.248752716132,0.0530226349648,1.47637116635,0.122936713754,0.286892267458,0.3089351602,0.898408847951
2018/10/02/14:06:26.637677,59636,1538481986,622276749,/world,vicon/IMUframe/IMUframe,-0.249215188967,0.0527603854533,1.47698011951,0.129805389296,0.302334173578,0.304468946811,0.893892202016
2018/10/02/14:06:26.647854,59637,1538481986,632272479,/world,vicon/IMUframe/IMUframe,-0.249864540805,0.0527290265914,1.47749507863,0.138452701844,0.318176264119,0.299196819448,0.888862181407
2018/10/02/14:06:26.657587,59638,1538481986,642236393,/world,vicon/IMUframe/IMUframe,-0.250083095916,0.0523165676839,1.47807187597,0.145924350204,0.333521326517,0.29456277249,0.883573642567
2018/10/02/14:06:26.669933,59639,1538481986,654614556,/world,vicon/IMUframe/IMUframe,-0.250418861732,0.0521679115578,1.47856916469,0.154819432988,0.34920709653,0.289790057863,0.877557444995
2018/10/02/14:06:26.677845,59640,1538481986,662299813,/world,vicon/IMUframe/IMUframe,-0.250695564473,0.052242522857,1.4790266531,0.164297484759,0.364826927511,0.285147895975,0.870975503034
2018/10/02/14:06:26.687646,59641,1538481986,672282744,/world,vicon/IMUframe/IMUframe,-0.250883480793,0.052153008688,1.47946536152,0.17352721843,0.38055580857,0.280363699859,0.863980194697
2018/10/02/14:06:26.697717,59642,1538481986,682258853,/world,vicon/IMUframe/IMUframe,-0.250950281421,0.05201708328,1.47982121219,0.183144039435,0.395901346844,0.27567658575,0.856576210536
2018/10/02/14:06:26.707885,59643,1538481986,692308690,/world,vicon/IMUframe/IMUframe,-0.251443379225,0.0522436451938,1.4800037649,0.194377204447,0.411622784411,0.270534311061,0.848289674748
2018/10/02/14:06:26.717986,59644,1538481986,702297173,/world,vicon/IMUframe/IMUframe,-0.251487228958,0.052178268403,1.48026691458,0.204387806091,0.42709084427,0.265447607549,0.839855108402
2018/10/02/14:06:26.727722,59645,1538481986,712280738,/world,vicon/IMUframe/IMUframe,-0.251453171848,0.0522432027697,1.48056070505,0.214681539945,0.442342063,0.260276873306,0.830964069578
2018/10/02/14:06:26.737967,59646,1538481986,722252466,/world,vicon/IMUframe/IMUframe,-0.251325850213,0.0522103393533,1.48096640759,0.225326815649,0.457134588856,0.254715386978,0.821812548856
2018/10/02/14:06:26.747910,59647,1538481986,732270955,/world,vicon/IMUframe/IMUframe,-0.251230054805,0.0523368045281,1.48118797661,0.235567285298,0.472459389436,0.249387077271,0.811847439561
2018/10/02/14:06:26.757984,59648,1538481986,742352846,/world,vicon/IMUframe/IMUframe,-0.251172331007,0.0525750208112,1.48127267256,0.245670494758,0.486572139935,0.243989781312,0.802098838834
2018/10/02/14:06:26.767634,59649,1538481986,752336747,/world,vicon/IMUframe/IMUframe,-0.250977861956,0.052795758712,1.48175117368,0.254715924375,0.502158794112,0.239410436161,0.7909734423
2018/10/02/14:06:26.777747,59650,1538481986,762269733,/world,vicon/IMUframe/IMUframe,-0.251059181702,0.0530203050931,1.48183813585,0.26418314576,0.515824791379,0.233844534201,0.780672007901
2018/10/02/14:06:26.787829,59651,1538481986,772211642,/world,vicon/IMUframe/IMUframe,-0.250843145719,0.0531392357342,1.48195292427,0.273441261744,0.529639033372,0.228379246294,0.769776130162
2018/10/02/14:06:26.797928,59652,1538481986,782310028,/world,vicon/IMUframe/IMUframe,-0.250639156294,0.0532683245015,1.48232795663,0.28203399505,0.543642421195,0.222348096121,0.758598093633
2018/10/02/14:06:26.807786,59653,1538481986,792276832,/world,vicon/IMUframe/IMUframe,-0.250322361785,0.0533600653615,1.48251226514,0.290290875747,0.557211699314,0.216728112817,0.747178194757
2018/10/02/14:06:26.817503,59654,1538481986,802307857,/world,vicon/IMUframe/IMUframe,-0.249886985572,0.0534534453516,1.48282647266,0.298048222312,0.570538845868,0.211117937156,0.735582693614
2018/10/02/14:06:26.827606,59655,1538481986,812224932,/world,vicon/IMUframe/IMUframe,-0.249336768447,0.0534829088282,1.48315567756,0.305161952805,0.583423590477,0.205595039097,0.724032994093
2018/10/02/14:06:26.837578,59656,1538481986,822243087,/world,vicon/IMUframe/IMUframe,-0.248682167048,0.053365710125,1.48343622795,0.311477700226,0.59567585198,0.200459483925,0.71271868008
2018/10/02/14:06:26.847935,59657,1538481986,832346200,/world,vicon/IMUframe/IMUframe,-0.247928666128,0.0532952792818,1.48359945022,0.317174204551,0.607137265796,0.195472503223,0.701837135618
2018/10/02/14:06:26.857921,59658,1538481986,842324397,/world,vicon/IMUframe/IMUframe,-0.246970677085,0.0532722072346,1.48387125794,0.321442964099,0.61830423695,0.191342487272,0.69120354742
2018/10/02/14:06:26.867799,59659,1538481986,852254374,/world,vicon/IMUframe/IMUframe,-0.246128292938,0.0531384189302,1.4839103297,0.326934003778,0.62798927401,0.186446644854,0.681161711729
2018/10/02/14:06:26.877505,59660,1538481986,862235974,/world,vicon/IMUframe/IMUframe,-0.245705288924,0.0531041758108,1.48395028772,0.331256173934,0.637227792974,0.18250857206,0.671491405914
2018/10/02/14:06:26.887432,59661,1538481986,872278893,/world,vicon/IMUframe/IMUframe,-0.244928314139,0.0531350368008,1.48400680136,0.334077508066,0.645844101825,0.179982180238,0.662483229629
2018/10/02/14:06:26.897826,59662,1538481986,882322200,/world,vicon/IMUframe/IMUframe,-0.244040523838,0.0531055385125,1.48398437323,0.336739684971,0.653709075165,0.177606013919,0.654008358839
2018/10/02/14:06:26.907331,59663,1538481986,892257431,/world,vicon/IMUframe/IMUframe,-0.243022319987,0.0530084990702,1.4840180735,0.339180304233,0.661048561729,0.175384774932,0.645919268159
2018/10/02/14:06:26.917310,59664,1538481986,902262887,/world,vicon/IMUframe/IMUframe,-0.2419852956,0.0529300183671,1.48391200335,0.340994896017,0.667876550614,0.173375133269,0.638439078687
2018/10/02/14:06:26.927251,59665,1538481986,912206400,/world,vicon/IMUframe/IMUframe,-0.240902705692,0.0528311236199,1.48381355914,0.342382277787,0.674244035263,0.171678197618,0.631423750925
2018/10/02/14:06:26.937783,59666,1538481986,922336108,/world,vicon/IMUframe/IMUframe,-0.239861107368,0.0526857264328,1.48371611447,0.343401069706,0.680123000146,0.170407117013,0.624875847244
2018/10/02/14:06:26.947746,59667,1538481986,932316147,/world,vicon/IMUframe/IMUframe,-0.238880091705,0.0525077192391,1.48357039171,0.344095633259,0.685368295759,0.169506715615,0.618979779719
2018/10/02/14:06:26.957656,59668,1538481986,942266765,/world,vicon/IMUframe/IMUframe,-0.237969622903,0.0523313296397,1.48339125377,0.344433566213,0.689843125428,0.169116577125,0.613906804089
2018/10/02/14:06:26.967771,59669,1538481986,952245694,/world,vicon/IMUframe/IMUframe,-0.237190258582,0.0521659326105,1.48322251978,0.344564225269,0.693497225116,0.169111323402,0.609703578568
2018/10/02/14:06:26.977708,59670,1538481986,962295858,/world,vicon/IMUframe/IMUframe,-0.236517977444,0.0519687427416,1.48298790706,0.344422134192,0.696171434371,0.169688274919,0.606567899579
2018/10/02/14:06:26.987855,59671,1538481986,972296911,/world,vicon/IMUframe/IMUframe,-0.236016298181,0.0517524063289,1.4826888118,0.344100337452,0.698041365119,0.17065878336,0.604325069818
2018/10/02/14:06:26.997656,59672,1538481986,982285227,/world,vicon/IMUframe/IMUframe,-0.235601117913,0.0515412157422,1.48239059749,0.343624871408,0.699098491229,0.171959937687,0.603003339246
2018/10/02/14:06:27.007593,59673,1538481986,992215427,/world,vicon/IMUframe/IMUframe,-0.235293872938,0.0513411754434,1.48205460265,0.342917806475,0.699387903563,0.173715821912,0.602566802578
2018/10/02/14:06:27.017798,59674,1538481987,2460888,/world,vicon/IMUframe/IMUframe,-0.235040669554,0.051148688677,1.48176133021,0.341946646034,0.698908391145,0.175983630948,0.603016843622
2018/10/02/14:06:27.027904,59675,1538481987,12301753,/world,vicon/IMUframe/IMUframe,-0.234883543515,0.0509681888343,1.48150414318,0.340685829867,0.697481823427,0.178731492651,0.60457201792
2018/10/02/14:06:27.037693,59676,1538481987,22424969,/world,vicon/IMUframe/IMUframe,-0.234833756906,0.0507484573928,1.48123504753,0.338835696314,0.694997433465,0.182098436972,0.607461190228
2018/10/02/14:06:27.047436,59677,1538481987,32214177,/world,vicon/IMUframe/IMUframe,-0.234893245133,0.0505182919032,1.48103333105,0.336452694734,0.691369971163,0.186083110255,0.61170272458
2018/10/02/14:06:27.057647,59678,1538481987,42259783,/world,vicon/IMUframe/IMUframe,-0.234954324589,0.0503000460012,1.48083158812,0.333744547581,0.686613420057,0.190352718771,0.617205339263
2018/10/02/14:06:27.067558,59679,1538481987,52282750,/world,vicon/IMUframe/IMUframe,-0.235002318927,0.0501025808997,1.48068430496,0.330159102044,0.680700868222,0.195602646338,0.624003926337
2018/10/02/14:06:27.078248,59680,1538481987,62316512,/world,vicon/IMUframe/IMUframe,-0.23505131469,0.0499011673228,1.48056198833,0.325696388297,0.673680874982,0.201861803066,0.631923851264
2018/10/02/14:06:27.087965,59681,1538481987,72279309,/world,vicon/IMUframe/IMUframe,-0.235088501725,0.0497365634276,1.48054202234,0.320430239438,0.665179727912,0.209081978851,0.641205986676
2018/10/02/14:06:27.097903,59682,1538481987,82223418,/world,vicon/IMUframe/IMUframe,-0.235147320716,0.0495372888036,1.48030085434,0.314674524051,0.655360400305,0.216529118583,0.651611717537
2018/10/02/14:06:27.107981,59683,1538481987,92371855,/world,vicon/IMUframe/IMUframe,-0.235362445943,0.0492706071034,1.48008431997,0.308246151718,0.64434059552,0.224431555541,0.66290269557
2018/10/02/14:06:27.117763,59684,1538481987,102347019,/world,vicon/IMUframe/IMUframe,-0.235628269936,0.0490253087707,1.47978754237,0.301327590445,0.632144478235,0.232616270985,0.67489607522
2018/10/02/14:06:27.127594,59685,1538481987,112274515,/world,vicon/IMUframe/IMUframe,-0.235833644486,0.0486550720478,1.47965200806,0.294033284959,0.618964024187,0.241087047639,0.687244497657
2018/10/02/14:06:27.137643,59686,1538481987,122262186,/world,vicon/IMUframe/IMUframe,-0.23596281649,0.0482140954616,1.47907814314,0.286093804642,0.60409714134,0.250118507234,0.700469636108
2018/10/02/14:06:27.148561,59687,1538481987,132510267,/world,vicon/IMUframe/IMUframe,-0.236314045494,0.0479509825451,1.47907680209,0.278376718024,0.589249222188,0.258273756032,0.71315245492
2018/10/02/14:06:27.157607,59688,1538481987,142295951,/world,vicon/IMUframe/IMUframe,-0.23645671684,0.0474964080721,1.47895277489,0.269667220069,0.573256704252,0.266538293309,0.726370208399
2018/10/02/14:06:27.167386,59689,1538481987,152333349,/world,vicon/IMUframe/IMUframe,-0.236520870831,0.0471032889828,1.47888930031,0.260779792451,0.556297389339,0.275036754911,0.739514636712
2018/10/02/14:06:27.177402,59690,1538481987,162151528,/world,vicon/IMUframe/IMUframe,-0.236627268491,0.0466477143202,1.47884415693,0.251566622413,0.538254419681,0.283552582326,0.752724615805
2018/10/02/14:06:27.187384,59691,1538481987,172245322,/world,vicon/IMUframe/IMUframe,-0.236613646414,0.0461154571285,1.4788259011,0.24181643766,0.519274773509,0.292079944363,0.765877161284
2018/10/02/14:06:27.197849,59692,1538481987,182306063,/world,vicon/IMUframe/IMUframe,-0.236446122447,0.0456024400945,1.47877155012,0.231684353554,0.499146881352,0.300656264433,0.778961206872
2018/10/02/14:06:27.207862,59693,1538481987,192326615,/world,vicon/IMUframe/IMUframe,-0.236228445736,0.0449165383665,1.47884266828,0.220502525291,0.478642585737,0.309360016536,0.79156572161
2018/10/02/14:06:27.217823,59694,1538481987,202283130,/world,vicon/IMUframe/IMUframe,-0.236494845468,0.0445421934652,1.47853945875,0.209226326235,0.45631914378,0.317486593239,0.804487070463
2018/10/02/14:06:27.227580,59695,1538481987,212257932,/world,vicon/IMUframe/IMUframe,-0.236679886794,0.0441823141089,1.47859500942,0.196711969039,0.434412811071,0.325544444491,0.816462323365
2018/10/02/14:06:27.237991,59696,1538481987,222388595,/world,vicon/IMUframe/IMUframe,-0.236698077071,0.0436157845092,1.47874816078,0.184201487489,0.41170169981,0.33186124707,0.828516526736
2018/10/02/14:06:27.247860,59697,1538481987,232414269,/world,vicon/IMUframe/IMUframe,-0.236768324901,0.043085597512,1.47895488507,0.170831862494,0.387883406886,0.338369880928,0.840159961615
2018/10/02/14:06:27.258122,59698,1538481987,242276564,/world,vicon/IMUframe/IMUframe,-0.236068297185,0.042317824473,1.47971041964,0.153020871442,0.363932585464,0.34550045318,0.851332557226
2018/10/02/14:06:27.267379,59699,1538481987,252264161,/world,vicon/IMUframe/IMUframe,-0.235921910126,0.0419650913209,1.48035630026,0.138593496308,0.34016633232,0.350763629455,0.86141951765
2018/10/02/14:06:27.277558,59700,1538481987,262261626,/world,vicon/IMUframe/IMUframe,-0.235639014395,0.0416416915132,1.48114034063,0.123675617546,0.315625625796,0.356343729072,0.870691651916
2018/10/02/14:06:27.287762,59701,1538481987,272551045,/world,vicon/IMUframe/IMUframe,-0.234943580335,0.0411652829422,1.48194948433,0.108746437249,0.290597728739,0.361954931843,0.87904254718
2018/10/02/14:06:27.297363,59702,1538481987,282268515,/world,vicon/IMUframe/IMUframe,-0.234535032886,0.040936127382,1.48273735434,0.0934565601467,0.265222018461,0.367674478969,0.88641899224
2018/10/02/14:06:27.307383,59703,1538481987,292362966,/world,vicon/IMUframe/IMUframe,-0.234005020708,0.0407990979177,1.48351511871,0.0787468559481,0.239761054183,0.37332446157,0.892716313265
2018/10/02/14:06:27.317756,59704,1538481987,302315270,/world,vicon/IMUframe/IMUframe,-0.233369220135,0.0408531289834,1.48437007722,0.0636127707006,0.21381967364,0.379255816795,0.897997543424
2018/10/02/14:06:27.327821,59705,1538481987,312345473,/world,vicon/IMUframe/IMUframe,-0.232725426218,0.0409248464587,1.48520103391,0.0483963342832,0.18804962914,0.385376418851,0.90209763751
2018/10/02/14:06:27.338024,59706,1538481987,322320243,/world,vicon/IMUframe/IMUframe,-0.231971223526,0.0411646872329,1.48604258948,0.0333521921237,0.162259486449,0.391527790112,0.905132852076
2018/10/02/14:06:27.347618,59707,1538481987,332281917,/world,vicon/IMUframe/IMUframe,-0.231051632682,0.0414459656537,1.48705374726,0.018334981817,0.136532978796,0.397658350753,0.907133071946
2018/10/02/14:06:27.358022,59708,1538481987,342314325,/world,vicon/IMUframe/IMUframe,-0.229956127354,0.041912896914,1.48827907581,0.00343593275333,0.111187722951,0.403713565878,0.908097374381
2018/10/02/14:06:27.367906,59709,1538481987,352367332,/world,vicon/IMUframe/IMUframe,-0.228731191488,0.0424185406572,1.48938784976,-0.0110147019077,0.0860668950475,0.40959421743,0.908132007456
2018/10/02/14:06:27.378307,59710,1538481987,362303664,/world,vicon/IMUframe/IMUframe,-0.227662289553,0.0430013317061,1.49049615174,-0.0243377416151,0.0615255641288,0.415288156559,0.907280566481
2018/10/02/14:06:27.387919,59711,1538481987,372282637,/world,vicon/IMUframe/IMUframe,-0.226836823244,0.0438595068442,1.49151044958,-0.0375627843361,0.0367193769904,0.420629109907,0.905710702424
2018/10/02/14:06:27.397733,59712,1538481987,382199472,/world,vicon/IMUframe/IMUframe,-0.225607010261,0.0445006591964,1.49275134068,-0.0512986940685,0.0121467257215,0.425934985643,0.903216634616
2018/10/02/14:06:27.407858,59713,1538481987,392378770,/world,vicon/IMUframe/IMUframe,-0.224244626534,0.0451460298412,1.49407124913,-0.0647162541065,-0.0120717797673,0.431312683562,0.899797448088
2018/10/02/14:06:27.418155,59714,1538481987,402309884,/world,vicon/IMUframe/IMUframe,-0.223158829395,0.0458143300924,1.49528891452,-0.0760613687338,-0.0367761564278,0.436040977632,0.895952257841
2018/10/02/14:06:27.427661,59715,1538481987,412280714,/world,vicon/IMUframe/IMUframe,-0.222041867158,0.0465496444556,1.4966095298,-0.0891989795325,-0.0607458789219,0.440393986735,0.891294910056
2018/10/02/14:06:27.437646,59716,1538481987,422214226,/world,vicon/IMUframe/IMUframe,-0.220891170405,0.0474677981505,1.49811491969,-0.10265360055,-0.0844218011054,0.444817257922,0.885704693929
2018/10/02/14:06:27.447741,59717,1538481987,432423091,/world,vicon/IMUframe/IMUframe,-0.219834179239,0.0482720668793,1.49960333663,-0.115471677172,-0.108319619933,0.448133847054,0.879834761096
2018/10/02/14:06:27.457698,59718,1538481987,442308037,/world,vicon/IMUframe/IMUframe,-0.219058609588,0.0490861606476,1.50115786562,-0.128736589177,-0.130979368472,0.4506167731,0.873622240698
2018/10/02/14:06:27.467670,59719,1538481987,452292538,/world,vicon/IMUframe/IMUframe,-0.218282581039,0.0499795730322,1.50283738409,-0.141244079955,-0.153478993305,0.452733969438,0.866906143367
2018/10/02/14:06:27.477838,59720,1538481987,462265950,/world,vicon/IMUframe/IMUframe,-0.21758210954,0.0510091993872,1.50441622438,-0.153964342895,-0.174745758634,0.453850443652,0.860103874979
2018/10/02/14:06:27.487864,59721,1538481987,472379207,/world,vicon/IMUframe/IMUframe,-0.216503918044,0.0514848798772,1.50724965762,-0.170306814586,-0.197875399157,0.453496968148,0.852162786793
2018/10/02/14:06:27.497764,59722,1538481987,482332940,/world,vicon/IMUframe/IMUframe,-0.216076955842,0.0525460981269,1.50886829841,-0.181571944808,-0.219478317423,0.453680354119,0.844414017723
2018/10/02/14:06:27.507653,59723,1538481987,492312109,/world,vicon/IMUframe/IMUframe,-0.215780116865,0.0535645723178,1.51045583216,-0.191947514421,-0.240739129334,0.453522933719,0.836371790477
2018/10/02/14:06:27.517601,59724,1538481987,502255510,/world,vicon/IMUframe/IMUframe,-0.215444637998,0.0544971471378,1.51181034901,-0.202386775328,-0.261541904617,0.453180015919,0.827806317005
2018/10/02/14:06:27.527469,59725,1538481987,512301294,/world,vicon/IMUframe/IMUframe,-0.215346160819,0.0552395254235,1.51312460652,-0.212616605483,-0.282405981282,0.451482876649,0.819270561476
2018/10/02/14:06:27.537961,59726,1538481987,522354904,/world,vicon/IMUframe/IMUframe,-0.215236377192,0.0563141457686,1.51443517052,-0.222332460944,-0.302917661784,0.450406741191,0.809903040172
2018/10/02/14:06:27.547718,59727,1538481987,532307728,/world,vicon/IMUframe/IMUframe,-0.215323559698,0.0571889290794,1.51564346198,-0.231729748853,-0.322971992926,0.448605317613,0.800464667735
2018/10/02/14:06:27.557644,59728,1538481987,542275734,/world,vicon/IMUframe/IMUframe,-0.215575765484,0.0579954162947,1.51681672914,-0.240674685156,-0.342388404851,0.446498390927,0.79087613635
2018/10/02/14:06:27.567600,59729,1538481987,552201577,/world,vicon/IMUframe/IMUframe,-0.216009145738,0.0587938253445,1.51782266888,-0.249101927725,-0.360909332167,0.444321864703,0.781198287316
2018/10/02/14:06:27.578014,59730,1538481987,562399199,/world,vicon/IMUframe/IMUframe,-0.216505292951,0.0592096592859,1.5170669873,-0.25561603291,-0.376865951465,0.442316290237,0.772650501674
2018/10/02/14:06:27.587735,59731,1538481987,572312585,/world,vicon/IMUframe/IMUframe,-0.217149088105,0.0601992043916,1.51785107234,-0.262820960564,-0.393888052088,0.439576794441,0.76324936089
2018/10/02/14:06:27.597664,59732,1538481987,582289287,/world,vicon/IMUframe/IMUframe,-0.217805367253,0.0609811311275,1.518568232,-0.269632901683,-0.409956859365,0.436672132429,0.754023156508
2018/10/02/14:06:27.607239,59733,1538481987,592266186,/world,vicon/IMUframe/IMUframe,-0.2185813608,0.061464747171,1.51915896127,-0.276196278327,-0.425615917814,0.432886204243,0.74510149679
2018/10/02/14:06:27.617446,59734,1538481987,602245726,/world,vicon/IMUframe/IMUframe,-0.219359289272,0.0621252490108,1.51947188517,-0.281992154007,-0.440638019185,0.429293350603,0.736224001412
2018/10/02/14:06:27.627567,59735,1538481987,612438898,/world,vicon/IMUframe/IMUframe,-0.220238664442,0.0624687059641,1.51960885846,-0.287871327,-0.454775725971,0.425216706847,0.727667431164
2018/10/02/14:06:27.637497,59736,1538481987,622261335,/world,vicon/IMUframe/IMUframe,-0.220843458533,0.0631164737424,1.51972004097,-0.291559422198,-0.469675339688,0.420838688975,0.719230822809
2018/10/02/14:06:27.647692,59737,1538481987,632348957,/world,vicon/IMUframe/IMUframe,-0.221786957809,0.0633212457229,1.51987695409,-0.296862544635,-0.483440066699,0.41603467651,0.710685218253
2018/10/02/14:06:27.657492,59738,1538481987,642329450,/world,vicon/IMUframe/IMUframe,-0.222554678396,0.0636036308283,1.51986402617,-0.300747487161,-0.496770784312,0.411375062611,0.702524230673
2018/10/02/14:06:27.667780,59739,1538481987,652377093,/world,vicon/IMUframe/IMUframe,-0.223397520828,0.0640416551807,1.51964522638,-0.304397885968,-0.509436897145,0.406889783207,0.694447031218
2018/10/02/14:06:27.677599,59740,1538481987,662318399,/world,vicon/IMUframe/IMUframe,-0.224257524399,0.064389801226,1.51920571801,-0.308300681639,-0.521655264739,0.402307804063,0.686276114448
2018/10/02/14:06:27.687569,59741,1538481987,672276791,/world,vicon/IMUframe/IMUframe,-0.225073879574,0.0646929025932,1.51892338849,-0.311903481855,-0.533828762253,0.397763239693,0.677884559307
2018/10/02/14:06:27.697435,59742,1538481987,682234359,/world,vicon/IMUframe/IMUframe,-0.225756251094,0.0649960514398,1.518611671,-0.315389591692,-0.545798218336,0.393386465909,0.669238969841
2018/10/02/14:06:27.707639,59743,1538481987,692385334,/world,vicon/IMUframe/IMUframe,-0.226449756426,0.0653365316738,1.51830136219,-0.318783662464,-0.557275312003,0.38933063254,0.660486836919
2018/10/02/14:06:27.717754,59744,1538481987,702280379,/world,vicon/IMUframe/IMUframe,-0.227247678392,0.065840429041,1.5180139629,-0.321807240178,-0.568158079044,0.38626937366,0.65148481821
2018/10/02/14:06:27.727696,59745,1538481987,712277705,/world,vicon/IMUframe/IMUframe,-0.227983571457,0.0660884106581,1.51760672158,-0.325487752708,-0.578365914509,0.382849557998,0.64263271603
2018/10/02/14:06:27.737829,59746,1538481987,722241395,/world,vicon/IMUframe/IMUframe,-0.22863880531,0.0664971549038,1.51692772198,-0.328936605552,-0.58804613332,0.379847943506,0.633812270652
2018/10/02/14:06:27.748078,59747,1538481987,732549950,/world,vicon/IMUframe/IMUframe,-0.229109619741,0.0670705651145,1.51663106929,-0.332264138882,-0.597600355541,0.377394158935,0.624538234115
2018/10/02/14:06:27.757999,59748,1538481987,742319266,/world,vicon/IMUframe/IMUframe,-0.22958125487,0.0679112301818,1.51608184104,-0.33528311053,-0.607236790047,0.374792735747,0.615125289544
2018/10/02/14:06:27.767878,59749,1538481987,752279022,/world,vicon/IMUframe/IMUframe,-0.229994358784,0.0688359352021,1.51563474243,-0.338107137986,-0.617168943302,0.372536730397,0.604981357706
2018/10/02/14:06:27.777611,59750,1538481987,762264676,/world,vicon/IMUframe/IMUframe,-0.230562899033,0.0698333620641,1.5152498299,-0.340275596779,-0.627115726255,0.370698987686,0.594576020916
2018/10/02/14:06:27.787683,59751,1538481987,772333737,/world,vicon/IMUframe/IMUframe,-0.231138769873,0.0710686016528,1.51511183286,-0.342087752504,-0.636942237763,0.36873567531,0.584221325435
2018/10/02/14:06:27.797512,59752,1538481987,782340127,/world,vicon/IMUframe/IMUframe,-0.231576736577,0.0723001138207,1.51497167708,-0.344304901869,-0.646371966146,0.366647774078,0.573782908158
2018/10/02/14:06:27.807684,59753,1538481987,792406097,/world,vicon/IMUframe/IMUframe,-0.232237900703,0.0734399701838,1.51489316148,-0.345423864515,-0.656046052438,0.365744523735,0.562598324084
2018/10/02/14:06:27.817337,59754,1538481987,802240808,/world,vicon/IMUframe/IMUframe,-0.232928514343,0.0751864026631,1.51539654327,-0.346771961853,-0.665093317901,0.36486166438,0.551612228673
2018/10/02/14:06:27.827278,59755,1538481987,812222990,/world,vicon/IMUframe/IMUframe,-0.233612400957,0.0767734957945,1.51583168681,-0.348262380332,-0.673413905515,0.364512107295,0.540701350044
2018/10/02/14:06:27.837386,59756,1538481987,822320710,/world,vicon/IMUframe/IMUframe,-0.234250627668,0.0783785573637,1.51628489815,-0.350168216392,-0.680800471791,0.364598076943,0.53005771396
2018/10/02/14:06:27.847495,59757,1538481987,832308581,/world,vicon/IMUframe/IMUframe,-0.234903350795,0.0799974312683,1.51686206167,-0.35220721661,-0.687410592724,0.365292268618,0.519594372627
2018/10/02/14:06:27.857267,59758,1538481987,842251209,/world,vicon/IMUframe/IMUframe,-0.235442070821,0.0815598232587,1.51754459857,-0.354536296662,-0.693171917919,0.366270834258,0.509570782649
2018/10/02/14:06:27.867256,59759,1538481987,852228852,/world,vicon/IMUframe/IMUframe,-0.235984131328,0.0832395593841,1.51814330989,0.356904991861,0.698462800897,-0.36738006934,-0.499800387354
2018/10/02/14:06:27.877978,59760,1538481987,862581669,/world,vicon/IMUframe/IMUframe,-0.236307755423,0.0847484226177,1.51951634765,0.358886310556,0.703078577504,-0.368414761899,-0.49107198369
2018/10/02/14:06:27.887444,59761,1538481987,872295571,/world,vicon/IMUframe/IMUframe,-0.236936328973,0.0860502997643,1.5199896711,0.361607005889,0.706166416577,-0.369816562356,-0.483533944619
2018/10/02/14:06:27.897466,59762,1538481987,882346269,/world,vicon/IMUframe/IMUframe,-0.23727389261,0.0872458824914,1.52096156262,0.363760677773,0.708846535588,-0.370190026912,-0.477675729199
2018/10/02/14:06:27.907248,59763,1538481987,892249718,/world,vicon/IMUframe/IMUframe,-0.237669095418,0.088444216101,1.52159979348,0.365071798983,0.710935732763,-0.371131311826,-0.472815518834
2018/10/02/14:06:27.917744,59764,1538481987,902412753,/world,vicon/IMUframe/IMUframe,-0.238030320198,0.0894565835003,1.52227030049,0.365657517042,0.712577681766,-0.371851230025,-0.469312572182
2018/10/02/14:06:27.927744,59765,1538481987,912320778,/world,vicon/IMUframe/IMUframe,-0.238334135695,0.0902655164021,1.52278061054,0.365738486145,0.713669626627,-0.372397895372,-0.467151828965
2018/10/02/14:06:27.937621,59766,1538481987,922306387,/world,vicon/IMUframe/IMUframe,-0.238631543091,0.0909519310216,1.52341027861,0.365420963066,0.714279155829,-0.372522186305,-0.466368982684
2018/10/02/14:06:27.947671,59767,1538481987,932257540,/world,vicon/IMUframe/IMUframe,-0.238883215254,0.0916017927799,1.52411024278,0.364659201373,0.714582989427,-0.372453463598,-0.466554643669
2018/10/02/14:06:27.957802,59768,1538481987,942354091,/world,vicon/IMUframe/IMUframe,-0.239124985115,0.0918529452842,1.52472530769,0.364305274899,0.713837336517,-0.372329511359,-0.468069074652
2018/10/02/14:06:27.967631,59769,1538481987,952351438,/world,vicon/IMUframe/IMUframe,-0.23927537637,0.0920315380072,1.52536307488,0.363750397763,0.712601808288,-0.372210062272,-0.470472082588
2018/10/02/14:06:27.977334,59770,1538481987,962273320,/world,vicon/IMUframe/IMUframe,-0.239412977617,0.0921102404637,1.52598313755,0.363180385316,0.710632423934,-0.372264547233,-0.473836124255
2018/10/02/14:06:27.987587,59771,1538481987,972273967,/world,vicon/IMUframe/IMUframe,-0.23942585417,0.0920477843221,1.52671258648,0.362683833176,0.707794812391,-0.372448062191,-0.478298423242
2018/10/02/14:06:27.997659,59772,1538481987,982280553,/world,vicon/IMUframe/IMUframe,-0.239386090079,0.0919223214027,1.52735637965,0.362011525824,0.704014317269,-0.37321856755,-0.483755513753
2018/10/02/14:06:28.007574,59773,1538481987,992333636,/world,vicon/IMUframe/IMUframe,-0.239177850752,0.0917963211444,1.52799092248,0.360906367319,0.699473098171,-0.37448699201,-0.490146377911
2018/10/02/14:06:28.017842,59774,1538481988,2300013,/world,vicon/IMUframe/IMUframe,-0.23882842321,0.0914693720692,1.52857699435,0.359771554108,0.693715800849,-0.37629046625,-0.497723117321
2018/10/02/14:06:28.027525,59775,1538481988,12278075,/world,vicon/IMUframe/IMUframe,-0.238376990111,0.091061603768,1.52906635039,-0.358104830558,-0.686931921,0.37850746936,0.506574339936
2018/10/02/14:06:28.037393,59776,1538481988,22254698,/world,vicon/IMUframe/IMUframe,-0.237821544775,0.0906677340017,1.52937051827,-0.35640348732,-0.678820205592,0.381240941253,0.51656076837
2018/10/02/14:06:28.047718,59777,1538481988,32410146,/world,vicon/IMUframe/IMUframe,-0.237080012563,0.0903300536666,1.52980049748,-0.353620553408,-0.6701705173,0.384461822855,0.527269464996
2018/10/02/14:06:28.057699,59778,1538481988,42622615,/world,vicon/IMUframe/IMUframe,-0.236273537712,0.0899578129446,1.53011400819,-0.350226510605,-0.660343605588,0.388010332847,0.539199124102
2018/10/02/14:06:28.067518,59779,1538481988,52307539,/world,vicon/IMUframe/IMUframe,-0.235567688597,0.0897348843409,1.53003364183,-0.346019044429,-0.649267533182,0.392305694174,0.552103915552
2018/10/02/14:06:28.077116,59780,1538481988,62241916,/world,vicon/IMUframe/IMUframe,-0.234651702808,0.0893846219042,1.5301384459,-0.340787469056,-0.637597128148,0.396569332434,0.565744259967
2018/10/02/14:06:28.087361,59781,1538481988,72373943,/world,vicon/IMUframe/IMUframe,-0.233766595388,0.0890178789221,1.52995898645,-0.334984897396,-0.624518427999,0.400972062625,0.580502589658
2018/10/02/14:06:28.097317,59782,1538481988,82334408,/world,vicon/IMUframe/IMUframe,-0.233126188161,0.0888939541314,1.53019329512,-0.327773360779,-0.611230209361,0.40432975682,0.596221186204
2018/10/02/14:06:28.107560,59783,1538481988,92324965,/world,vicon/IMUframe/IMUframe,-0.232424199062,0.0884467870077,1.52985842505,-0.320504888565,-0.596538347966,0.408266497776,0.612157726902
2018/10/02/14:06:28.117636,59784,1538481988,102296484,/world,vicon/IMUframe/IMUframe,-0.231768519812,0.0879590303911,1.52953926712,-0.312573156782,-0.581099258045,0.411740672647,0.628562878674
2018/10/02/14:06:28.127829,59785,1538481988,112380379,/world,vicon/IMUframe/IMUframe,-0.231287100334,0.0874622277311,1.52900174254,-0.304181817194,-0.564701126446,0.414788917101,0.645396168356
2018/10/02/14:06:28.137910,59786,1538481988,122340389,/world,vicon/IMUframe/IMUframe,-0.230871331106,0.0868708538113,1.52859686439,-0.295449501713,-0.547734935607,0.41744327005,0.662145866515
2018/10/02/14:06:28.147558,59787,1538481988,132316622,/world,vicon/IMUframe/IMUframe,-0.2306214925,0.0862706708651,1.52825807371,-0.286654651336,-0.530101740594,0.419654737013,0.678757067874
2018/10/02/14:06:28.157312,59788,1538481988,142279861,/world,vicon/IMUframe/IMUframe,-0.230628021669,0.0855872256314,1.5278091472,-0.277823145119,-0.511880485253,0.421237518023,0.695234940335
2018/10/02/14:06:28.167364,59789,1538481988,152258944,/world,vicon/IMUframe/IMUframe,-0.230841599136,0.084918091657,1.52733302567,-0.268943314547,-0.493088449387,0.422343474157,0.711448708256
2018/10/02/14:06:28.177618,59790,1538481988,162313465,/world,vicon/IMUframe/IMUframe,-0.231146398321,0.0842792593321,1.52656586186,-0.259321033902,-0.4733482398,0.423153470771,0.727760390121
2018/10/02/14:06:28.187765,59791,1538481988,172327413,/world,vicon/IMUframe/IMUframe,-0.231582569064,0.0837430431081,1.52610827623,-0.249905922443,-0.453822344162,0.423033740311,0.743394084201
2018/10/02/14:06:28.197864,59792,1538481988,182280974,/world,vicon/IMUframe/IMUframe,-0.232264922829,0.082586242717,1.5255231448,-0.240924927307,-0.433233579274,0.422533637524,0.758768192766
2018/10/02/14:06:28.207927,59793,1538481988,192263742,/world,vicon/IMUframe/IMUframe,-0.232918251172,0.0817127507139,1.52503105502,-0.230586773737,-0.412354555262,0.421475041387,0.774049255551
2018/10/02/14:06:28.218103,59794,1538481988,202602216,/world,vicon/IMUframe/IMUframe,-0.233667966621,0.0806555650922,1.52462985467,-0.220082648311,-0.391322888847,0.419110896127,0.789161631939
2018/10/02/14:06:28.227426,59795,1538481988,212309302,/world,vicon/IMUframe/IMUframe,-0.234750920348,0.0799477601097,1.52411442837,-0.209993528016,-0.369718177617,0.416502950832,0.803577301371
2018/10/02/14:06:28.237489,59796,1538481988,222340599,/world,vicon/IMUframe/IMUframe,-0.236035027636,0.0790216929875,1.52369653975,-0.199572427183,-0.348020295963,0.412918791622,0.817649552945
2018/10/02/14:06:28.247754,59797,1538481988,232261404,/world,vicon/IMUframe/IMUframe,-0.237467715912,0.0782068823233,1.52339113279,-0.188843095157,-0.326225225848,0.408772293051,0.831156182595
2018/10/02/14:06:28.257892,59798,1538481988,242306116,/world,vicon/IMUframe/IMUframe,-0.239641514948,0.0785139322614,1.52327741483,-0.177927305585,-0.304062685592,0.402333602123,0.844994337117
2018/10/02/14:06:28.267877,59799,1538481988,252345568,/world,vicon/IMUframe/IMUframe,-0.241400035908,0.077731383984,1.5231805688,-0.167585643006,-0.282399759284,0.397144104774,0.856995909126
2018/10/02/14:06:28.277582,59800,1538481988,262312109,/world,vicon/IMUframe/IMUframe,-0.242384477086,0.0752935334147,1.52460308883,-0.162111198805,-0.262240944779,0.393839288885,0.865933173307
2018/10/02/14:06:28.287438,59801,1538481988,272282368,/world,vicon/IMUframe/IMUframe,-0.244207300401,0.0745855908911,1.52468484865,-0.151731456524,-0.240312753242,0.388105903224,0.876699009702
2018/10/02/14:06:28.297664,59802,1538481988,282378796,/world,vicon/IMUframe/IMUframe,-0.246321964831,0.0740667704342,1.52512709191,-0.141686686656,-0.218872777425,0.381722143971,0.886739981578
2018/10/02/14:06:28.307910,59803,1538481988,292330783,/world,vicon/IMUframe/IMUframe,-0.248687199936,0.0745833166293,1.52487918642,-0.128020230295,-0.196427229175,0.373971673116,0.897313965109
2018/10/02/14:06:28.317663,59804,1538481988,302308909,/world,vicon/IMUframe/IMUframe,-0.250550751323,0.0739412045054,1.52583669152,-0.118278351326,-0.174290420289,0.368099397226,0.905613557079
2018/10/02/14:06:28.327855,59805,1538481988,312233666,/world,vicon/IMUframe/IMUframe,-0.252040244177,0.0730509953498,1.52692635152,-0.108045484425,-0.152903947391,0.362485560191,0.912990019015
2018/10/02/14:06:28.337371,59806,1538481988,322226271,/world,vicon/IMUframe/IMUframe,-0.25356642845,0.0727814873977,1.52813986237,-0.0972517088765,-0.130685156321,0.356378844377,0.920031311597
2018/10/02/14:06:28.347717,59807,1538481988,332329503,/world,vicon/IMUframe/IMUframe,-0.255132106019,0.0723645904492,1.52928643763,-0.0866060324163,-0.108004569391,0.350694823496,0.926200598636
2018/10/02/14:06:28.357632,59808,1538481988,342291427,/world,vicon/IMUframe/IMUframe,-0.256566719029,0.0718294569694,1.53079059611,-0.0759875743651,-0.0851909145032,0.345462367177,0.931463445065
2018/10/02/14:06:28.367327,59809,1538481988,352249163,/world,vicon/IMUframe/IMUframe,-0.257748357384,0.0715955185608,1.53215088708,-0.0652020528896,-0.0631915499717,0.340170545047,0.935969828891
2018/10/02/14:06:28.377460,59810,1538481988,362281566,/world,vicon/IMUframe/IMUframe,-0.258938416755,0.0713031584288,1.53373979698,-0.0545331924466,-0.0412756098029,0.335345972067,0.939609245365
2018/10/02/14:06:28.387834,59811,1538481988,372488407,/world,vicon/IMUframe/IMUframe,-0.259968710557,0.0711114353142,1.53525919098,-0.0441337715898,-0.019999749705,0.330687597228,0.942495587924
2018/10/02/14:06:28.397882,59812,1538481988,382349040,/world,vicon/IMUframe/IMUframe,-0.260865211586,0.0706193217443,1.5367319738,-0.0331462994219,0.000195633228088,0.326400400711,0.944650233143
2018/10/02/14:06:28.407539,59813,1538481988,392259368,/world,vicon/IMUframe/IMUframe,-0.261609537777,0.0703959119686,1.53827264222,-0.0230793244445,0.0206368743793,0.322240323279,0.946151488004
2018/10/02/14:06:28.417583,59814,1538481988,402270072,/world,vicon/IMUframe/IMUframe,-0.262349333889,0.0702933660822,1.53986173702,-0.0133421318355,0.0406054024964,0.318042937916,0.947112389555
2018/10/02/14:06:28.427735,59815,1538481988,412358991,/world,vicon/IMUframe/IMUframe,-0.262825244189,0.070118540632,1.54143457451,-0.00484570994572,0.0600228711172,0.314452674208,0.947361224519
2018/10/02/14:06:28.437754,59816,1538481988,422342779,/world,vicon/IMUframe/IMUframe,-0.263161736181,0.0699070951765,1.5429534204,0.00448492508342,0.0787698149284,0.310637927261,0.947248267272
2018/10/02/14:06:28.447448,59817,1538481988,432276916,/world,vicon/IMUframe/IMUframe,-0.263136959282,0.0694340039383,1.54504967958,0.00852241482351,0.0972847106293,0.307389460777,0.946559439722
2018/10/02/14:06:28.457353,59818,1538481988,442260333,/world,vicon/IMUframe/IMUframe,-0.263300545448,0.069296825802,1.54655399677,0.0173866667205,0.115089090584,0.304190264768,0.945473684387
2018/10/02/14:06:28.467349,59819,1538481988,452328631,/world,vicon/IMUframe/IMUframe,-0.263432690603,0.0691760624493,1.54792810923,0.0262772586004,0.132506229011,0.300842534072,0.944057929709
2018/10/02/14:06:28.477716,59820,1538481988,462357608,/world,vicon/IMUframe/IMUframe,-0.263528152744,0.069167331909,1.5489777208,0.0364972747967,0.150151053326,0.298747574567,0.941739081066
2018/10/02/14:06:28.487504,59821,1538481988,472353632,/world,vicon/IMUframe/IMUframe,-0.26354482731,0.0693718376603,1.55026393229,0.0453720452182,0.166469077933,0.294489012844,0.939949809787
2018/10/02/14:06:28.497962,59822,1538481988,482288565,/world,vicon/IMUframe/IMUframe,-0.263357353179,0.0689979395651,1.55152466445,0.0531567023765,0.182775700267,0.291020509391,0.93758971384
2018/10/02/14:06:28.507694,59823,1538481988,492258017,/world,vicon/IMUframe/IMUframe,-0.263075730616,0.0688054853133,1.55274381225,0.060606109395,0.198276909552,0.287000547764,0.935223958325
2018/10/02/14:06:28.517902,59824,1538481988,502327318,/world,vicon/IMUframe/IMUframe,-0.262747630403,0.0685819098528,1.55388511072,0.0675545578552,0.213532405479,0.282884186758,0.932639710931
2018/10/02/14:06:28.527754,59825,1538481988,512333390,/world,vicon/IMUframe/IMUframe,-0.262313769745,0.068368249287,1.55504343131,0.0742003641805,0.228376296429,0.278753586005,0.929857522137
2018/10/02/14:06:28.537644,59826,1538481988,522292724,/world,vicon/IMUframe/IMUframe,-0.262051172726,0.0682305894968,1.5560605486,0.0808421103231,0.243180936563,0.274760148269,0.926733211995
2018/10/02/14:06:28.547465,59827,1538481988,532268710,/world,vicon/IMUframe/IMUframe,-0.26157362658,0.0679088812992,1.5570680405,0.0866002672461,0.257086959289,0.270583534254,0.923683517265
2018/10/02/14:06:28.558101,59828,1538481988,542449376,/world,vicon/IMUframe/IMUframe,-0.261147534227,0.0676300203001,1.55795780266,0.0922281630219,0.270380103907,0.266144630579,0.920627829783
2018/10/02/14:06:28.567824,59829,1538481988,552389466,/world,vicon/IMUframe/IMUframe,-0.260712217511,0.0672693657895,1.55875758299,0.0976541094232,0.283355071612,0.261812058044,0.917402869282
2018/10/02/14:06:28.577808,59830,1538481988,562295952,/world,vicon/IMUframe/IMUframe,-0.260136014271,0.0668970818736,1.55944358955,0.102719268184,0.295970089236,0.257756812124,0.91400868925
2018/10/02/14:06:28.587376,59831,1538481988,572272242,/world,vicon/IMUframe/IMUframe,-0.259653608135,0.0667798846326,1.56016811698,0.108872586087,0.308808172813,0.252605213084,0.910480575699
2018/10/02/14:06:28.597562,59832,1538481988,582330550,/world,vicon/IMUframe/IMUframe,-0.258938953092,0.0664539558536,1.56079198898,0.114278522332,0.321412395098,0.24839891249,0.906604914991
2018/10/02/14:06:28.607777,59833,1538481988,592318992,/world,vicon/IMUframe/IMUframe,-0.25811105687,0.0661232382884,1.56131999252,0.119884563822,0.333823252234,0.244327831742,0.90249301286
2018/10/02/14:06:28.617943,59834,1538481988,602303231,/world,vicon/IMUframe/IMUframe,-0.257367838175,0.0658597451854,1.56163027925,0.1258587897,0.34616426398,0.239940861233,0.898197222501
2018/10/02/14:06:28.627828,59835,1538481988,612287059,/world,vicon/IMUframe/IMUframe,-0.256594546429,0.065711974344,1.56182292475,0.132220189026,0.358002708861,0.235806527113,0.893726559879
2018/10/02/14:06:28.637677,59836,1538481988,622361228,/world,vicon/IMUframe/IMUframe,-0.255753190621,0.065533281912,1.56189576049,0.138727945105,0.369657275216,0.231822071271,0.889025637087
2018/10/02/14:06:28.648150,59837,1538481988,632322010,/world,vicon/IMUframe/IMUframe,-0.254926137603,0.0652659526939,1.56189697357,0.145390680679,0.381142948232,0.227839124725,0.88412721722
2018/10/02/14:06:28.657896,59838,1538481988,642317280,/world,vicon/IMUframe/IMUframe,-0.253942744172,0.0652012615931,1.56180631424,0.152328245563,0.392397656744,0.22417394089,0.87895746701
2018/10/02/14:06:28.667556,59839,1538481988,652222493,/world,vicon/IMUframe/IMUframe,-0.252848891003,0.0650022467323,1.56159101136,0.159230114084,0.403362255865,0.220747960796,0.873621771201
2018/10/02/14:06:28.677548,59840,1538481988,662248876,/world,vicon/IMUframe/IMUframe,-0.251840034885,0.0648563607154,1.56115350699,0.16593600283,0.414322856278,0.217496533688,0.868042090894
2018/10/02/14:06:28.687893,59841,1538481988,672360579,/world,vicon/IMUframe/IMUframe,-0.250754833107,0.0645985349227,1.56082411492,0.173111257904,0.425517872951,0.214420874234,0.861969095083
2018/10/02/14:06:28.697765,59842,1538481988,682332313,/world,vicon/IMUframe/IMUframe,-0.249530399662,0.0644142167926,1.56029385362,0.180626554975,0.436800849363,0.211552489896,0.855467480184
2018/10/02/14:06:28.707469,59843,1538481988,692259427,/world,vicon/IMUframe/IMUframe,-0.248505944099,0.0642233191763,1.55955828536,0.188306065727,0.447670386086,0.208241938342,0.848980180068
2018/10/02/14:06:28.717544,59844,1538481988,702278477,/world,vicon/IMUframe/IMUframe,-0.247408949691,0.0641083189263,1.55883353517,0.196223288332,0.459007983439,0.204731204177,0.841957971808
2018/10/02/14:06:28.728245,59845,1538481988,712446145,/world,vicon/IMUframe/IMUframe,-0.24628747305,0.0639989891986,1.55794754417,0.204365977494,0.470372561565,0.201132121719,0.83458377062
2018/10/02/14:06:28.737972,59846,1538481988,722268574,/world,vicon/IMUframe/IMUframe,-0.24525296035,0.0638641290684,1.55699616295,0.212448902782,0.481630079998,0.197145016291,0.827062133276
2018/10/02/14:06:28.747738,59847,1538481988,732264418,/world,vicon/IMUframe/IMUframe,-0.244249525475,0.0637079364669,1.55594963202,0.220462966487,0.492900273552,0.193231919057,0.819211099899
2018/10/02/14:06:28.757364,59848,1538481988,742273329,/world,vicon/IMUframe/IMUframe,-0.243227958962,0.0634495609965,1.55475922412,0.228372715638,0.50380631532,0.189050916447,0.811347552154
2018/10/02/14:06:28.768287,59849,1538481988,752408094,/world,vicon/IMUframe/IMUframe,-0.242175957444,0.0631240062614,1.55361918958,0.236334346129,0.514811760842,0.184832298027,0.803089004622
2018/10/02/14:06:28.778394,59850,1538481988,762330587,/world,vicon/IMUframe/IMUframe,-0.241309827778,0.0628644973027,1.55239797985,0.244056618825,0.525592297902,0.180392663692,0.794762599824
2018/10/02/14:06:28.788266,59851,1538481988,772282448,/world,vicon/IMUframe/IMUframe,-0.240527240421,0.0626017481,1.5511046392,0.252268261531,0.536071130386,0.176167885856,0.786100084839
2018/10/02/14:06:28.797641,59852,1538481988,782233475,/world,vicon/IMUframe/IMUframe,-0.239952518243,0.0624127576882,1.54962125719,0.260430536101,0.54602154977,0.1719609546,0.77747400802
2018/10/02/14:06:28.807619,59853,1538481988,792308218,/world,vicon/IMUframe/IMUframe,-0.239145024259,0.0620345862091,1.54824272339,0.268042278537,0.556320069208,0.168697107293,0.768246447114
2018/10/02/14:06:28.817909,59854,1538481988,802281941,/world,vicon/IMUframe/IMUframe,-0.238601562879,0.0617970377494,1.54672969798,0.274870470512,0.566100735317,0.165585538629,0.759313908282
2018/10/02/14:06:28.827859,59855,1538481988,812286769,/world,vicon/IMUframe/IMUframe,-0.23793055206,0.0615981087464,1.54530063263,0.281090828233,0.575321212773,0.163006216579,0.750614695948
2018/10/02/14:06:28.837369,59856,1538481988,822255519,/world,vicon/IMUframe/IMUframe,-0.23728305231,0.0613257291683,1.54382798298,0.287671338995,0.583402546783,0.160205328882,0.742442537659
2018/10/02/14:06:28.847449,59857,1538481988,832292542,/world,vicon/IMUframe/IMUframe,-0.236657329886,0.061067713903,1.54235418033,0.293608778304,0.59085496764,0.15786357688,0.734685908135
2018/10/02/14:06:28.857813,59858,1538481988,842258913,/world,vicon/IMUframe/IMUframe,-0.236115748867,0.0607541332684,1.54102999845,0.299121969533,0.597744887048,0.155895641089,0.727271370563
2018/10/02/14:06:28.867398,59859,1538481988,852304451,/world,vicon/IMUframe/IMUframe,-0.235519823808,0.0604197449029,1.53961415611,0.30363453922,0.604025608851,0.154033130465,0.720578188099
2018/10/02/14:06:28.877246,59860,1538481988,862272201,/world,vicon/IMUframe/IMUframe,-0.234942500613,0.0601262573254,1.53832882628,0.307703883438,0.609777418967,0.152457742227,0.714315375916
2018/10/02/14:06:28.887454,59861,1538481988,872232541,/world,vicon/IMUframe/IMUframe,-0.234321914624,0.0598411036281,1.53710345351,0.310901992905,0.614970080571,0.151199039587,0.708724630049
2018/10/02/14:06:28.897518,59862,1538481988,882434449,/world,vicon/IMUframe/IMUframe,-0.23364462538,0.0594943611595,1.53595334549,0.313358424423,0.619628715469,0.150343349963,0.703749692669
2018/10/02/14:06:28.907366,59863,1538481988,892286276,/world,vicon/IMUframe/IMUframe,-0.232925801704,0.0591361753735,1.53484985445,0.314924207281,0.62362775542,0.149900064558,0.699600698244
2018/10/02/14:06:28.917254,59864,1538481988,902286164,/world,vicon/IMUframe/IMUframe,-0.232181949695,0.0587241953494,1.53380176952,0.315749259192,0.626996282827,0.149904402844,0.696208831206
2018/10/02/14:06:28.927689,59865,1538481988,912276901,/world,vicon/IMUframe/IMUframe,-0.231381941884,0.058299976375,1.53279900189,0.315807970513,0.629630550585,0.15037891134,0.693697973584
2018/10/02/14:06:28.938076,59866,1538481988,922588576,/world,vicon/IMUframe/IMUframe,-0.230619356262,0.0578685719789,1.53196504238,0.315410851744,0.631476885952,0.151277236006,0.692002987693
2018/10/02/14:06:28.947922,59867,1538481988,932324382,/world,vicon/IMUframe/IMUframe,-0.229901690146,0.0574563333329,1.53109704962,0.314578326711,0.632559159013,0.152571307235,0.691108806861
2018/10/02/14:06:28.957816,59868,1538481988,942307011,/world,vicon/IMUframe/IMUframe,-0.229282038345,0.0570265175811,1.53024900489,0.313414873438,0.632840062579,0.154160523184,0.691027572094
2018/10/02/14:06:28.967606,59869,1538481988,952226756,/world,vicon/IMUframe/IMUframe,-0.228718084305,0.0565771043573,1.52944846356,0.312032248442,0.632418765688,0.156246983624,0.691570141668
2018/10/02/14:06:28.977404,59870,1538481988,962276846,/world,vicon/IMUframe/IMUframe,-0.228233197541,0.0561408432615,1.52859279987,0.310403995766,0.63124779225,0.158755834549,0.692800237578
2018/10/02/14:06:28.987655,59871,1538481988,972293454,/world,vicon/IMUframe/IMUframe,-0.227801650163,0.0556755076013,1.52785173721,0.308835537117,0.629362199268,0.161701240231,0.694533326813
2018/10/02/14:06:28.997360,59872,1538481988,982319270,/world,vicon/IMUframe/IMUframe,-0.227428452671,0.0552289070539,1.52712956489,0.307021201672,0.626691573861,0.165136606478,0.696940136724
2018/10/02/14:06:29.007184,59873,1538481988,992238064,/world,vicon/IMUframe/IMUframe,-0.227114916138,0.0547407363865,1.52648011849,0.304976935072,0.623203872736,0.169056635679,0.700018468338
2018/10/02/14:06:29.017235,59874,1538481989,2237205,/world,vicon/IMUframe/IMUframe,-0.226868079958,0.0542866788437,1.52587851784,0.302627425748,0.618887328994,0.173432774385,0.703787033103
2018/10/02/14:06:29.027632,59875,1538481989,12446215,/world,vicon/IMUframe/IMUframe,-0.226626271393,0.0538333554909,1.52536279743,0.299905288747,0.613637942062,0.178359762799,0.708302964033
2018/10/02/14:06:29.037653,59876,1538481989,22307606,/world,vicon/IMUframe/IMUframe,-0.226433232666,0.0534064290696,1.52496501522,0.29685109146,0.607554572793,0.183898747464,0.71339899163
2018/10/02/14:06:29.047491,59877,1538481989,32241667,/world,vicon/IMUframe/IMUframe,-0.226072337382,0.052998065396,1.52452165377,0.293065430957,0.600669774672,0.189730784191,0.719243146999
2018/10/02/14:06:29.057346,59878,1538481989,42230150,/world,vicon/IMUframe/IMUframe,-0.225877620877,0.0525276982717,1.52424179604,0.288933953692,0.593049218639,0.196125962598,0.7254959693
2018/10/02/14:06:29.067579,59879,1538481989,52423713,/world,vicon/IMUframe/IMUframe,-0.22568046825,0.0520514718096,1.52405985451,0.284527249343,0.584707889726,0.202854323789,0.732127756197
2018/10/02/14:06:29.077404,59880,1538481989,62299175,/world,vicon/IMUframe/IMUframe,-0.225545324163,0.0515699384587,1.52394458444,0.279743958126,0.575713733317,0.209830561644,0.739099553891
2018/10/02/14:06:29.087335,59881,1538481989,72261759,/world,vicon/IMUframe/IMUframe,-0.225444586505,0.0510855529099,1.52382250557,0.274499769902,0.566064209878,0.217034450121,0.746402863124
2018/10/02/14:06:29.097383,59882,1538481989,82234583,/world,vicon/IMUframe/IMUframe,-0.225430938222,0.0506716692605,1.5237394206,0.269299271183,0.555656026914,0.224656629304,0.753826028474
2018/10/02/14:06:29.107354,59883,1538481989,92262527,/world,vicon/IMUframe/IMUframe,-0.225412120284,0.0502239643125,1.52383604036,0.263502189534,0.544928383721,0.232293187909,0.761353746676
2018/10/02/14:06:29.117473,59884,1538481989,102311789,/world,vicon/IMUframe/IMUframe,-0.225527530072,0.0497916000795,1.52388733857,0.257612489894,0.533302601735,0.239998832809,0.769171437512
2018/10/02/14:06:29.127555,59885,1538481989,112277822,/world,vicon/IMUframe/IMUframe,-0.225448025354,0.0492672290336,1.52407152605,0.251018787088,0.521526164676,0.247775226709,0.776921788288
2018/10/02/14:06:29.137547,59886,1538481989,122286556,/world,vicon/IMUframe/IMUframe,-0.225506023595,0.048823495815,1.52426900988,0.244266583678,0.509134159955,0.255696701674,0.784688116399
2018/10/02/14:06:29.147713,59887,1538481989,132234281,/world,vicon/IMUframe/IMUframe,-0.225611272059,0.0484660029502,1.52455214985,0.236736040444,0.496827449544,0.263877144163,0.792141013534
2018/10/02/14:06:29.159567,59888,1538481989,144114091,/world,vicon/IMUframe/IMUframe,-0.225722058431,0.0477788614146,1.52500715711,0.230665212669,0.483185299182,0.270789058063,0.799999257719
2018/10/02/14:06:29.167795,59889,1538481989,152301264,/world,vicon/IMUframe/IMUframe,-0.225745827804,0.047409159478,1.52543035896,0.223312998593,0.469576646465,0.27821002313,0.807606501202
2018/10/02/14:06:29.177818,59890,1538481989,162288937,/world,vicon/IMUframe/IMUframe,-0.225876584168,0.0469898258988,1.52591153763,0.214842730068,0.455671742755,0.28652270087,0.814929816658
2018/10/02/14:06:29.187646,59891,1538481989,172346298,/world,vicon/IMUframe/IMUframe,-0.226043276395,0.0465704706689,1.52637457738,0.206119599095,0.441642104137,0.294007034393,0.822208505459
2018/10/02/14:06:29.197840,59892,1538481989,182388488,/world,vicon/IMUframe/IMUframe,-0.226150638263,0.0460778072583,1.52693155647,0.197471370446,0.427441377681,0.301501023912,0.829093516487
2018/10/02/14:06:29.207535,59893,1538481989,192359079,/world,vicon/IMUframe/IMUframe,-0.2263466253,0.0457316574308,1.52738827934,0.188760101766,0.412535707473,0.308497915973,0.836069943176
2018/10/02/14:06:29.217986,59894,1538481989,202269737,/world,vicon/IMUframe/IMUframe,-0.226726327301,0.0454816220984,1.52783002485,0.17995462773,0.397554991438,0.315462238127,0.842644608989
2018/10/02/14:06:29.227513,59895,1538481989,212286735,/world,vicon/IMUframe/IMUframe,-0.226970163897,0.0452418521549,1.52843086551,0.171022932396,0.382522605633,0.32190738024,0.849001325866
2018/10/02/14:06:29.237804,59896,1538481989,222211524,/world,vicon/IMUframe/IMUframe,-0.227040230761,0.0448537266686,1.52911932069,0.161377938384,0.367277318849,0.328147972843,0.855209588335
2018/10/02/14:06:29.250453,59897,1538481989,234126805,/world,vicon/IMUframe/IMUframe,-0.227183635148,0.0446372151204,1.52980065127,0.152037270078,0.351973823114,0.334300312799,0.860954352572
2018/10/02/14:06:29.257747,59898,1538481989,242329076,/world,vicon/IMUframe/IMUframe,-0.227247529096,0.0444991629311,1.53051698041,0.14262582602,0.336669980927,0.340073886559,0.866406919049
2018/10/02/14:06:29.267550,59899,1538481989,252253810,/world,vicon/IMUframe/IMUframe,-0.227362205383,0.0441274060746,1.53116802167,0.133449433985,0.320954777408,0.345878921125,0.871519966122
2018/10/02/14:06:29.277585,59900,1538481989,262259549,/world,vicon/IMUframe/IMUframe,-0.227454590992,0.0440394883273,1.53189456763,0.124688780528,0.305804748602,0.351052800764,0.876183824787
2018/10/02/14:06:29.287987,59901,1538481989,272355915,/world,vicon/IMUframe/IMUframe,-0.227731007558,0.0440435088494,1.53259434217,0.115352770755,0.290457056319,0.356538376299,0.880459438554
2018/10/02/14:06:29.298171,59902,1538481989,282313491,/world,vicon/IMUframe/IMUframe,-0.227957977366,0.0441679325266,1.53339693468,0.106864161302,0.275348673661,0.361221496457,0.884467178271
2018/10/02/14:06:29.307410,59903,1538481989,292296167,/world,vicon/IMUframe/IMUframe,-0.2283091094,0.0443380290322,1.53411822801,0.0982490264737,0.260137732794,0.365844032043,0.888163066668
2018/10/02/14:06:29.317844,59904,1538481989,302280636,/world,vicon/IMUframe/IMUframe,-0.2287403467,0.0445404654413,1.53471641947,0.090067157177,0.245404697901,0.369994330061,0.891497973733
2018/10/02/14:06:29.327957,59905,1538481989,312381475,/world,vicon/IMUframe/IMUframe,-0.22900287366,0.0448234352651,1.53551084591,0.0822201396393,0.230522175869,0.37364340266,0.894701057739
2018/10/02/14:06:29.337933,59906,1538481989,322271651,/world,vicon/IMUframe/IMUframe,-0.228856979321,0.0447929054403,1.53637545572,0.0730369818605,0.215560860754,0.377273684985,0.897699103937
2018/10/02/14:06:29.348179,59907,1538481989,332310077,/world,vicon/IMUframe/IMUframe,-0.229095433067,0.0451129838872,1.53705316006,0.0653788364592,0.20100011231,0.380442871675,0.90032648744
2018/10/02/14:06:29.357543,59908,1538481989,342200868,/world,vicon/IMUframe/IMUframe,-0.22940496022,0.045350241336,1.53766088311,0.0580627184926,0.186787854931,0.383530350969,0.902576028851
2018/10/02/14:06:29.367380,59909,1538481989,352160740,/world,vicon/IMUframe/IMUframe,-0.229759287878,0.045646372732,1.53804966524,0.0511660878778,0.172393821524,0.386283558901,0.904680835364
2018/10/02/14:06:29.378058,59910,1538481989,362386325,/world,vicon/IMUframe/IMUframe,-0.230078727036,0.0454941562829,1.53859968659,0.044165434665,0.158565405945,0.389433584285,0.906227294805
2018/10/02/14:06:29.387838,59911,1538481989,372368153,/world,vicon/IMUframe/IMUframe,-0.230465373258,0.0457887244965,1.53908576647,0.0372842007824,0.144236170932,0.391962510273,0.907838755456
2018/10/02/14:06:29.397660,59912,1538481989,382246104,/world,vicon/IMUframe/IMUframe,-0.23076028584,0.0460987776889,1.53951501288,0.0306061684007,0.130204623897,0.394180676528,0.909247827946
2018/10/02/14:06:29.407314,59913,1538481989,392232249,/world,vicon/IMUframe/IMUframe,-0.231205619118,0.0465041351964,1.53987905186,0.0242576623475,0.116182097889,0.395917474927,0.910583680391
2018/10/02/14:06:29.417324,59914,1538481989,402240222,/world,vicon/IMUframe/IMUframe,-0.231070792463,0.0466166987473,1.54052456583,0.0166850707246,0.102519965773,0.39859513837,0.911226196233
2018/10/02/14:06:29.427317,59915,1538481989,412270076,/world,vicon/IMUframe/IMUframe,-0.231234276234,0.0470600583123,1.54086083582,0.0101473569289,0.0882067550766,0.400212167593,0.912111188626
2018/10/02/14:06:29.437681,59916,1538481989,422316733,/world,vicon/IMUframe/IMUframe,-0.231308650405,0.0473123726384,1.54119558858,0.00319163423445,0.074680024474,0.402460562493,0.912380514398
2018/10/02/14:06:29.447444,59917,1538481989,432251358,/world,vicon/IMUframe/IMUframe,-0.231431008303,0.0475807794554,1.54151198188,-0.00381245923077,0.0606228048015,0.404302246407,0.912606176969
2018/10/02/14:06:29.457360,59918,1538481989,442226335,/world,vicon/IMUframe/IMUframe,-0.231267612286,0.0477739971022,1.54178959275,-0.0103596267612,0.0470293115348,0.406556773007,0.912355474753
2018/10/02/14:06:29.468020,59919,1538481989,452370277,/world,vicon/IMUframe/IMUframe,-0.231292281292,0.048071117086,1.54193312252,-0.0165952001781,0.033319155293,0.408278890826,0.912098010374
2018/10/02/14:06:29.477621,59920,1538481989,462312622,/world,vicon/IMUframe/IMUframe,-0.231259854988,0.0484069871532,1.54203114681,-0.0226640749866,0.0194246831037,0.409826401977,0.911675019749
2018/10/02/14:06:29.487411,59921,1538481989,472264557,/world,vicon/IMUframe/IMUframe,-0.23131515387,0.0489106449018,1.54211413441,-0.0290612504243,0.00541567810113,0.411491022301,0.910934274644
2018/10/02/14:06:29.497678,59922,1538481989,482273809,/world,vicon/IMUframe/IMUframe,-0.231383274537,0.0496140549425,1.54204608043,-0.0355632330673,-0.00942346207636,0.411970361843,0.910454213994
2018/10/02/14:06:29.508144,59923,1538481989,492292953,/world,vicon/IMUframe/IMUframe,-0.230868970121,0.0495146078147,1.54269559775,-0.0449587947019,-0.0238553735518,0.413768185265,0.908958479136
2018/10/02/14:06:29.517617,59924,1538481989,502299604,/world,vicon/IMUframe/IMUframe,-0.230724205515,0.0499156451269,1.5428216897,-0.0519135114137,-0.0380623380618,0.41426507455,0.907877025682
2018/10/02/14:06:29.528047,59925,1538481989,512254357,/world,vicon/IMUframe/IMUframe,-0.230527156725,0.0501699911739,1.54276416892,-0.0587576548621,-0.0527538355438,0.414817300169,0.90647182985
2018/10/02/14:06:29.538107,59926,1538481989,522283403,/world,vicon/IMUframe/IMUframe,-0.230162876926,0.0505844769718,1.54292167428,-0.0658351261713,-0.0666819756527,0.41569903433,0.90466212651
2018/10/02/14:06:29.548040,59927,1538481989,532263865,/world,vicon/IMUframe/IMUframe,-0.229690943926,0.0507981834118,1.54298068204,-0.0728133151659,-0.0804711177504,0.417577545207,0.902137247918
2018/10/02/14:06:29.560538,59928,1538481989,544721577,/world,vicon/IMUframe/IMUframe,-0.229241118207,0.0510986786541,1.54301440701,-0.0797435253902,-0.0939582075645,0.419114006724,0.899531141627
2018/10/02/14:06:29.568176,59929,1538481989,552329587,/world,vicon/IMUframe/IMUframe,-0.229000096501,0.0514055895111,1.54294573232,-0.086459863977,-0.107475146982,0.419172503102,0.897367370337
2018/10/02/14:06:29.578075,59930,1538481989,562262617,/world,vicon/IMUframe/IMUframe,-0.228659742681,0.0517297532403,1.54273313076,-0.0928432422096,-0.121114841235,0.419555186983,0.894809908687
2018/10/02/14:06:29.587878,59931,1538481989,572237225,/world,vicon/IMUframe/IMUframe,-0.228376397511,0.0521499118006,1.54260433121,-0.0993244627713,-0.134319587654,0.420576277368,0.891744635186
2018/10/02/14:06:29.597944,59932,1538481989,582359554,/world,vicon/IMUframe/IMUframe,-0.228026528113,0.0524700460836,1.54254854313,-0.106395158195,-0.147391027733,0.421255752679,0.888537869813
2018/10/02/14:06:29.607647,59933,1538481989,592280338,/world,vicon/IMUframe/IMUframe,-0.22771074698,0.0526532785749,1.54240062304,-0.113437123396,-0.160178269203,0.421833827043,0.885172956813
2018/10/02/14:06:29.617755,59934,1538481989,602284502,/world,vicon/IMUframe/IMUframe,-0.227425336282,0.052892199789,1.54235419343,-0.120399973055,-0.172244387238,0.422511456155,0.881657409072
2018/10/02/14:06:29.627920,59935,1538481989,612249637,/world,vicon/IMUframe/IMUframe,-0.227398825593,0.0540705777602,1.54123037821,-0.123063517519,-0.183729056751,0.423258243987,0.878607684498
2018/10/02/14:06:29.638008,59936,1538481989,622247757,/world,vicon/IMUframe/IMUframe,-0.227015943938,0.0544163068598,1.54102927017,-0.12943445176,-0.19535060075,0.423918793407,0.87485868692
2018/10/02/14:06:29.647846,59937,1538481989,632237021,/world,vicon/IMUframe/IMUframe,-0.226569934907,0.054511454417,1.54072059364,-0.135334584627,-0.207246119599,0.425146268224,0.870622907309
2018/10/02/14:06:29.658185,59938,1538481989,642377864,/world,vicon/IMUframe/IMUframe,-0.226107448656,0.054929467953,1.5404438389,-0.141108625498,-0.218448764677,0.425755171168,0.866660849032
2018/10/02/14:06:29.667746,59939,1538481989,652254822,/world,vicon/IMUframe/IMUframe,-0.22562569392,0.0552253746495,1.5402637706,-0.147009195792,-0.229879837738,0.426176290111,0.86250642102
2018/10/02/14:06:29.677394,59940,1538481989,662229479,/world,vicon/IMUframe/IMUframe,-0.225147486399,0.0559327270522,1.53991122873,-0.15221467283,-0.240892884127,0.42723569196,0.858062337635
2018/10/02/14:06:29.687949,59941,1538481989,672427071,/world,vicon/IMUframe/IMUframe,-0.224245389383,0.0567704097011,1.5398058166,-0.157719861941,-0.251787414137,0.429601242604,0.852742819134
2018/10/02/14:06:29.697758,59942,1538481989,682316680,/world,vicon/IMUframe/IMUframe,-0.224011573059,0.0570593014146,1.53919376743,-0.162239733626,-0.262584610897,0.429894089223,0.848480207786
2018/10/02/14:06:29.707446,59943,1538481989,692238849,/world,vicon/IMUframe/IMUframe,-0.223417904567,0.05757148683,1.53872357639,-0.166139096961,-0.272708937994,0.431244770928,0.843833859919
2018/10/02/14:06:29.717494,59944,1538481989,702253447,/world,vicon/IMUframe/IMUframe,-0.223206829285,0.0588452349406,1.5382288584,-0.169137430237,-0.283559652164,0.430922233934,0.83981693342
2018/10/02/14:06:29.727568,59945,1538481989,712364488,/world,vicon/IMUframe/IMUframe,-0.222614370015,0.059356028128,1.5377107653,-0.172954212691,-0.293568575172,0.432548976187,0.834748893491
2018/10/02/14:06:29.737695,59946,1538481989,722320430,/world,vicon/IMUframe/IMUframe,-0.222213796371,0.0598753756987,1.53706835786,-0.176878255529,-0.303646776377,0.434028169797,0.829537380556
2018/10/02/14:06:29.747806,59947,1538481989,732296033,/world,vicon/IMUframe/IMUframe,-0.221582540849,0.0603343709564,1.53649892858,-0.180372835589,-0.313820133414,0.435064666683,0.824439991661
2018/10/02/14:06:29.757341,59948,1538481989,742397347,/world,vicon/IMUframe/IMUframe,-0.221027555589,0.0608373876322,1.53587800532,-0.183569455726,-0.323975175228,0.435836872364,0.819383037076
2018/10/02/14:06:29.767331,59949,1538481989,752254781,/world,vicon/IMUframe/IMUframe,-0.220454636555,0.0613213203011,1.53525574328,-0.186557155776,-0.334083756369,0.436382427216,0.81434320073
2018/10/02/14:06:29.777325,59950,1538481989,762340983,/world,vicon/IMUframe/IMUframe,-0.219865770822,0.0616856984938,1.534642739,-0.189573450717,-0.344008644491,0.436592778963,0.809386622484
2018/10/02/14:06:29.787177,59951,1538481989,772323704,/world,vicon/IMUframe/IMUframe,-0.219268960887,0.0620193550378,1.5340445201,-0.192415375348,-0.353833500809,0.436417008104,0.804560980954
2018/10/02/14:06:29.797435,59952,1538481989,782332347,/world,vicon/IMUframe/IMUframe,-0.218656811601,0.0622594284105,1.53341924217,-0.195071181542,-0.363389095266,0.435919081916,0.79991884188
2018/10/02/14:06:29.807259,59953,1538481989,792247554,/world,vicon/IMUframe/IMUframe,-0.218032524564,0.0624071052444,1.53267386528,-0.197578498497,-0.37265291191,0.435162048469,0.795441095084
2018/10/02/14:06:29.817481,59954,1538481989,802336422,/world,vicon/IMUframe/IMUframe,-0.217295107527,0.0618540164647,1.53215814048,-0.200541686843,-0.3813232568,0.434672491716,0.79084475759
2018/10/02/14:06:29.827494,59955,1538481989,812298782,/world,vicon/IMUframe/IMUframe,-0.216859895697,0.0621044425813,1.53142945971,-0.202294390513,-0.39011346732,0.433646162113,0.786663503836
2018/10/02/14:06:29.837650,59956,1538481989,822328095,/world,vicon/IMUframe/IMUframe,-0.216322235202,0.0621590088055,1.53083684589,-0.203849589447,-0.398498035789,0.43272540968,0.782555672251
2018/10/02/14:06:29.847547,59957,1538481989,832255367,/world,vicon/IMUframe/IMUframe,-0.215953340954,0.0622856922586,1.53007536794,-0.205318472282,-0.406686213824,0.431688045733,0.778521727119
2018/10/02/14:06:29.857157,59958,1538481989,842262635,/world,vicon/IMUframe/IMUframe,-0.215590363255,0.062462921209,1.52934107622,-0.206734258715,-0.41475043899,0.43069453946,0.77443220059
2018/10/02/14:06:29.867429,59959,1538481989,852324346,/world,vicon/IMUframe/IMUframe,-0.215343996591,0.0626636641571,1.52858860084,-0.208445063512,-0.422663798418,0.429635132738,0.770272433443
2018/10/02/14:06:29.877641,59960,1538481989,862318412,/world,vicon/IMUframe/IMUframe,-0.215011014177,0.0625916231443,1.52785169479,-0.210116786981,-0.430300700287,0.428865378809,0.766007003898
2018/10/02/14:06:29.887354,59961,1538481989,872300140,/world,vicon/IMUframe/IMUframe,-0.214434849615,0.0625734614946,1.52711347794,-0.211234338649,-0.438321107283,0.428067347156,0.761585850305
2018/10/02/14:06:29.897774,59962,1538481989,882251208,/world,vicon/IMUframe/IMUframe,-0.213919704601,0.0626611014712,1.52633434189,-0.212379270337,-0.446177172381,0.427129543405,0.757219472497
2018/10/02/14:06:29.907777,59963,1538481989,892455744,/world,vicon/IMUframe/IMUframe,-0.213468306297,0.0623444991569,1.52555969469,-0.214385373767,-0.453731573043,0.425985415976,0.752796783013
2018/10/02/14:06:29.917765,59964,1538481989,902373273,/world,vicon/IMUframe/IMUframe,-0.213035790046,0.0621474364626,1.52476543795,-0.215803246676,-0.461033957699,0.425079593083,0.74845439949
2018/10/02/14:06:29.927491,59965,1538481989,912314763,/world,vicon/IMUframe/IMUframe,-0.212777362433,0.0622396181652,1.52383390141,-0.217782066615,-0.468460361447,0.424002161914,0.74386694234
2018/10/02/14:06:29.937506,59966,1538481989,922222552,/world,vicon/IMUframe/IMUframe,-0.212418593318,0.0623151670182,1.5229644331,-0.219518232491,-0.475763026376,0.422977480054,0.739291106199
2018/10/02/14:06:29.947700,59967,1538481989,932348751,/world,vicon/IMUframe/IMUframe,-0.211915893413,0.0623113798616,1.52210041851,-0.221165288527,-0.483053185712,0.422263378043,0.734465230278
2018/10/02/14:06:29.957612,59968,1538481989,942491938,/world,vicon/IMUframe/IMUframe,-0.21144137,0.0623852064938,1.52129145934,-0.223082715378,-0.490556305067,0.421222556604,0.729493092131
2018/10/02/14:06:29.967511,59969,1538481989,952336632,/world,vicon/IMUframe/IMUframe,-0.210999493869,0.062556999322,1.52051371549,-0.225516725039,-0.497778273295,0.419786436028,0.724664298479
2018/10/02/14:06:29.977564,59970,1538481989,962297694,/world,vicon/IMUframe/IMUframe,-0.210509747162,0.0625843768211,1.51981695231,-0.227811902845,-0.505061353308,0.418730014486,0.719499785466
2018/10/02/14:06:29.987612,59971,1538481989,972358911,/world,vicon/IMUframe/IMUframe,-0.210025022409,0.0626332036082,1.51914354445,-0.230398544543,-0.512164995261,0.41764022878,0.714268974271
2018/10/02/14:06:29.997715,59972,1538481989,982373840,/world,vicon/IMUframe/IMUframe,-0.209647343795,0.0625784349334,1.51853612997,-0.232920408805,-0.519150404548,0.416566766295,0.70901556389
2018/10/02/14:06:30.007438,59973,1538481989,992285141,/world,vicon/IMUframe/IMUframe,-0.209321435657,0.0626669459208,1.51790813705,-0.235309662103,-0.526104464531,0.415532186105,0.703687755778
2018/10/02/14:06:30.017469,59974,1538481990,2305020,/world,vicon/IMUframe/IMUframe,-0.20908488498,0.0628070006367,1.5172703672,-0.237681734579,-0.532868870627,0.414512207185,0.698382266283
2018/10/02/14:06:30.027481,59975,1538481990,12288896,/world,vicon/IMUframe/IMUframe,-0.208963712058,0.0629797457531,1.51670274232,-0.239925831905,-0.539520609973,0.413707163218,0.692964277363
2018/10/02/14:06:30.037805,59976,1538481990,22356684,/world,vicon/IMUframe/IMUframe,-0.208821939746,0.0630174554719,1.51633203538,-0.242215355587,-0.545867676855,0.412930662038,0.687639781595
2018/10/02/14:06:30.047737,59977,1538481990,32376981,/world,vicon/IMUframe/IMUframe,-0.208895691561,0.0631474531496,1.51587341755,-0.244591743013,-0.551789114963,0.411825158532,0.682717870469
2018/10/02/14:06:30.057676,59978,1538481990,42299093,/world,vicon/IMUframe/IMUframe,-0.209120336501,0.0631535672275,1.5153803961,-0.246823452351,-0.556921048326,0.410991711644,0.678235167373
2018/10/02/14:06:30.067468,59979,1538481990,52294927,/world,vicon/IMUframe/IMUframe,-0.209414871311,0.0633622659544,1.51518832066,-0.250119120577,-0.561502682301,0.410007086652,0.673831842662
2018/10/02/14:06:30.077987,59980,1538481990,62418088,/world,vicon/IMUframe/IMUframe,-0.209891010012,0.0634869058436,1.5149602461,-0.253022486827,-0.565337983019,0.408938415955,0.670180541401
2018/10/02/14:06:30.087581,59981,1538481990,72369907,/world,vicon/IMUframe/IMUframe,-0.21030863616,0.0636139030691,1.51461080102,-0.255174035665,-0.567940905879,0.408400217464,0.667486779889
2018/10/02/14:06:30.097301,59982,1538481990,82315769,/world,vicon/IMUframe/IMUframe,-0.210831935287,0.0637783884742,1.51432070399,-0.257019108333,-0.569760569732,0.407820611541,0.665579762262
2018/10/02/14:06:30.107093,59983,1538481990,92287494,/world,vicon/IMUframe/IMUframe,-0.211397735554,0.0639429403582,1.51404472951,-0.258381488889,-0.57053675079,0.407281223858,0.664717102902
2018/10/02/14:06:30.117751,59984,1538481990,102795008,/world,vicon/IMUframe/IMUframe,-0.21198980488,0.0641416309091,1.51376310244,-0.2591011212,-0.570288898936,0.406889231974,0.664889715402
2018/10/02/14:06:30.127397,59985,1538481990,112343401,/world,vicon/IMUframe/IMUframe,-0.212498763916,0.064363753448,1.51338826461,-0.25919668857,-0.569140750634,0.406876161227,0.665843579249
2018/10/02/14:06:30.137502,59986,1538481990,122326251,/world,vicon/IMUframe/IMUframe,-0.212996727823,0.0646328867427,1.5131125031,-0.258357450316,-0.566649900771,0.407184881469,0.668101631584
2018/10/02/14:06:30.147426,59987,1538481990,132263373,/world,vicon/IMUframe/IMUframe,-0.213493157143,0.0648709423462,1.51278744119,-0.25692516976,-0.563039755043,0.407730540203,0.671365398252
2018/10/02/14:06:30.157429,59988,1538481990,142181608,/world,vicon/IMUframe/IMUframe,-0.214008487168,0.0651514255813,1.51251537939,-0.255058388271,-0.558426589189,0.408456662004,0.675476215957
2018/10/02/14:06:30.167743,59989,1538481990,152413482,/world,vicon/IMUframe/IMUframe,-0.214210490257,0.0655063843839,1.51216019995,-0.251676322242,-0.552596679288,0.410178105295,0.680477671052
2018/10/02/14:06:30.177806,59990,1538481990,162359659,/world,vicon/IMUframe/IMUframe,-0.21445922806,0.0658932076018,1.51183158958,-0.247660358245,-0.545744083865,0.412211906185,0.686228159055
2018/10/02/14:06:30.187469,59991,1538481990,172286597,/world,vicon/IMUframe/IMUframe,-0.214772701914,0.0663178740068,1.51129576245,-0.243901854147,-0.538103438346,0.414745635423,0.692056813478
2018/10/02/14:06:30.197486,59992,1538481990,182283059,/world,vicon/IMUframe/IMUframe,-0.215010350556,0.0667133271068,1.51086235633,-0.239413589274,-0.529913344309,0.417313869059,0.698371044277
2018/10/02/14:06:30.207775,59993,1538481990,192425421,/world,vicon/IMUframe/IMUframe,-0.215273089309,0.067072232469,1.51038955976,-0.234637851342,-0.521000530699,0.420057846251,0.705021227717
2018/10/02/14:06:30.217513,59994,1538481990,202311496,/world,vicon/IMUframe/IMUframe,-0.215562141775,0.0675039381205,1.50981540913,-0.229656000655,-0.511675555377,0.422767959661,0.711838113392
2018/10/02/14:06:30.227746,59995,1538481990,212352020,/world,vicon/IMUframe/IMUframe,-0.215881683302,0.0677851758403,1.5093836344,-0.224246032855,-0.502251934193,0.425249626049,0.718762455122
2018/10/02/14:06:30.237710,59996,1538481990,222306227,/world,vicon/IMUframe/IMUframe,-0.216190030605,0.0681378485351,1.50879769964,-0.218594972887,-0.492742837555,0.427006483781,0.72600702247
2018/10/02/14:06:30.247504,59997,1538481990,232290085,/world,vicon/IMUframe/IMUframe,-0.216517262228,0.0684989950832,1.50830495868,-0.212748744402,-0.483373800802,0.428733794221,0.73299050072
2018/10/02/14:06:30.258352,59998,1538481990,242587254,/world,vicon/IMUframe/IMUframe,-0.216811005036,0.0685121007946,1.50771772322,-0.206509071979,-0.474241267315,0.429952992817,0.739993005057
2018/10/02/14:06:30.267740,59999,1538481990,252359673,/world,vicon/IMUframe/IMUframe,-0.217337984978,0.0687529920771,1.50721871072,-0.200710414856,-0.464923461425,0.430512628902,0.747141473043
2018/10/02/14:06:30.277842,60000,1538481990,262315190,/world,vicon/IMUframe/IMUframe,-0.217959831887,0.0689501591973,1.50680337446,-0.194747298333,-0.455436108516,0.430775323554,0.754376604534
2018/10/02/14:06:30.287706,60001,1538481990,272313220,/world,vicon/IMUframe/IMUframe,-0.218483737691,0.0690296443949,1.50623618302,-0.189290450286,-0.446204725143,0.430528880541,0.761390406894
2018/10/02/14:06:30.297989,60002,1538481990,282355592,/world,vicon/IMUframe/IMUframe,-0.219210922048,0.0691564990935,1.50593887406,-0.183535020599,-0.436584304255,0.43002323789,0.768628035116
2018/10/02/14:06:30.308048,60003,1538481990,292355550,/world,vicon/IMUframe/IMUframe,-0.219858314791,0.0692180087655,1.50537863875,-0.178147056214,-0.427179794276,0.429486192863,0.775449972509
2018/10/02/14:06:30.317527,60004,1538481990,302279815,/world,vicon/IMUframe/IMUframe,-0.220754981134,0.0692603037683,1.50490805593,-0.173011223933,-0.417277485667,0.42861151763,0.782456889102
2018/10/02/14:06:30.327553,60005,1538481990,312284284,/world,vicon/IMUframe/IMUframe,-0.221582766469,0.0693481873497,1.50456881747,-0.167900051151,-0.407545242528,0.427585223708,0.789232110714
2018/10/02/14:06:30.337805,60006,1538481990,322391156,/world,vicon/IMUframe/IMUframe,-0.222516281411,0.0695441772238,1.50427941755,-0.163235258066,-0.397489181541,0.426434920877,0.795933325938
2018/10/02/14:06:30.347767,60007,1538481990,332371330,/world,vicon/IMUframe/IMUframe,-0.223447419869,0.0694616093866,1.50400754829,-0.158777240248,-0.386914383115,0.425322177245,0.802613290235
2018/10/02/14:06:30.357896,60008,1538481990,342349790,/world,vicon/IMUframe/IMUframe,-0.224575724298,0.0695537869897,1.50383325029,-0.154054602309,-0.376291708667,0.424159729694,0.809172573189
2018/10/02/14:06:30.367850,60009,1538481990,352311460,/world,vicon/IMUframe/IMUframe,-0.225556174085,0.0694655863565,1.5036057939,-0.150001832081,-0.365271694887,0.422762936507,0.815688383393
2018/10/02/14:06:30.377669,60010,1538481990,362276992,/world,vicon/IMUframe/IMUframe,-0.22654232623,0.0694147075109,1.50338431853,-0.14623508063,-0.354360865577,0.421384590266,0.821875115347
2018/10/02/14:06:30.388233,60011,1538481990,372358939,/world,vicon/IMUframe/IMUframe,-0.227589395152,0.0692235648362,1.50334651295,-0.142954234879,-0.34342289955,0.41907652807,0.82825096584
2018/10/02/14:06:30.397999,60012,1538481990,382353681,/world,vicon/IMUframe/IMUframe,-0.228675477298,0.0691542270919,1.5034378704,-0.139829689103,-0.332414286744,0.416882238118,0.834360593242
2018/10/02/14:06:30.407740,60013,1538481990,392212457,/world,vicon/IMUframe/IMUframe,-0.229742258393,0.0690372264134,1.50353638959,-0.137034090962,-0.321328520716,0.414408196645,0.840378180489
2018/10/02/14:06:30.417614,60014,1538481990,402241718,/world,vicon/IMUframe/IMUframe,-0.230781658231,0.0690253324951,1.50362190808,-0.134159389412,-0.310019527376,0.412078872136,0.846215193682
2018/10/02/14:06:30.427979,60015,1538481990,412543676,/world,vicon/IMUframe/IMUframe,-0.231776364642,0.0689911199347,1.50386382136,-0.131633389827,-0.29873540822,0.409755956996,0.851780407303
2018/10/02/14:06:30.437842,60016,1538481990,422356962,/world,vicon/IMUframe/IMUframe,-0.232831273504,0.0690145183444,1.50414586217,-0.129191714814,-0.287324818877,0.407668630178,0.857064896755
2018/10/02/14:06:30.447630,60017,1538481990,432314850,/world,vicon/IMUframe/IMUframe,-0.23377579662,0.0690183797376,1.50455026657,-0.12664143529,-0.275563539069,0.405836309504,0.862162149883
2018/10/02/14:06:30.457889,60018,1538481990,442294663,/world,vicon/IMUframe/IMUframe,-0.234835115612,0.0688198289836,1.50506097254,-0.124739089987,-0.264217773572,0.403317216913,0.867158780212
2018/10/02/14:06:30.468381,60019,1538481990,452527968,/world,vicon/IMUframe/IMUframe,-0.235884083056,0.0689643848153,1.50549148982,-0.122603979479,-0.253145837589,0.401421376339,0.871634285549
2018/10/02/14:06:30.478126,60020,1538481990,462370462,/world,vicon/IMUframe/IMUframe,-0.236697558688,0.0694141028998,1.50602480841,-0.12029109833,-0.242801022279,0.399346673702,0.875842422725
2018/10/02/14:06:30.487771,60021,1538481990,472311831,/world,vicon/IMUframe/IMUframe,-0.237368289992,0.069490398647,1.50672629154,-0.118583496895,-0.232159008201,0.398086644925,0.879526675154
2018/10/02/14:06:30.497911,60022,1538481990,482276421,/world,vicon/IMUframe/IMUframe,-0.237999243605,0.069602596594,1.50737490636,-0.116852153002,-0.222326548995,0.396619744085,0.882954845138
2018/10/02/14:06:30.507881,60023,1538481990,492353268,/world,vicon/IMUframe/IMUframe,-0.238352690579,0.0695658237535,1.50823715066,-0.115823310109,-0.212755691978,0.395717148609,0.885848697387
2018/10/02/14:06:30.517889,60024,1538481990,502366019,/world,vicon/IMUframe/IMUframe,-0.238534820846,0.069501575549,1.50912789129,-0.114728547093,-0.203918370913,0.395042848689,0.888366932177
2018/10/02/14:06:30.527679,60025,1538481990,512299191,/world,vicon/IMUframe/IMUframe,-0.238799385717,0.0695573772352,1.51004989979,-0.113918269358,-0.193838225928,0.393967070409,0.891201053359
2018/10/02/14:06:30.537549,60026,1538481990,522301192,/world,vicon/IMUframe/IMUframe,-0.237869802322,0.0685637648639,1.51190843863,-0.116473689146,-0.18771229152,0.394517686154,0.891938210114
2018/10/02/14:06:30.547992,60027,1538481990,532560794,/world,vicon/IMUframe/IMUframe,-0.237734539706,0.0686177982171,1.51273718765,-0.115231821158,-0.179595067088,0.394511832879,0.893771588824
2018/10/02/14:06:30.558049,60028,1538481990,542388388,/world,vicon/IMUframe/IMUframe,-0.237266590375,0.0687980394726,1.51349778603,-0.113509141968,-0.172591010861,0.394158504709,0.895526153066
2018/10/02/14:06:30.567889,60029,1538481990,552543629,/world,vicon/IMUframe/IMUframe,-0.236343075977,0.0686562019476,1.51457677101,-0.112111368936,-0.165714970409,0.395608537229,0.896361241247
2018/10/02/14:06:30.577820,60030,1538481990,562309222,/world,vicon/IMUframe/IMUframe,-0.235736286631,0.0685562869329,1.51536715317,-0.11026641024,-0.159130894795,0.397035620498,0.897151822798
2018/10/02/14:06:30.587322,60031,1538481990,572296572,/world,vicon/IMUframe/IMUframe,-0.23481205024,0.0686157675078,1.51631122034,-0.108466405099,-0.152700475655,0.399722120066,0.897295843314
2018/10/02/14:06:30.597547,60032,1538481990,582314344,/world,vicon/IMUframe/IMUframe,-0.234100018704,0.0686724394033,1.51722242709,-0.106858706917,-0.146901040494,0.40105058617,0.897863981007
2018/10/02/14:06:30.607565,60033,1538481990,592353150,/world,vicon/IMUframe/IMUframe,-0.233451919063,0.0688430246834,1.51819635797,-0.105389542869,-0.141856699524,0.400958356201,0.898889380094
2018/10/02/14:06:30.617656,60034,1538481990,602320586,/world,vicon/IMUframe/IMUframe,-0.232719612347,0.0687995543283,1.51911042465,-0.104097610372,-0.136809900174,0.402567567138,0.89910293772
2018/10/02/14:06:30.627820,60035,1538481990,612303048,/world,vicon/IMUframe/IMUframe,-0.231803781107,0.0688996446229,1.52016122989,-0.103027886892,-0.13233244676,0.403600369662,0.899433221349
2018/10/02/14:06:30.637942,60036,1538481990,622365921,/world,vicon/IMUframe/IMUframe,-0.230815036763,0.0690703984789,1.52128273279,-0.10218260733,-0.127394256567,0.406313336084,0.899021073765
2018/10/02/14:06:30.647643,60037,1538481990,632304684,/world,vicon/IMUframe/IMUframe,-0.230010086112,0.0692525727989,1.52226662537,-0.101086698313,-0.122948818489,0.407534459171,0.899211172109
2018/10/02/14:06:30.657841,60038,1538481990,642286930,/world,vicon/IMUframe/IMUframe,-0.22926622566,0.0693699609958,1.52328042979,-0.100013941046,-0.118509701754,0.408457590498,0.899508231731
2018/10/02/14:06:30.667454,60039,1538481990,652292985,/world,vicon/IMUframe/IMUframe,-0.228492669517,0.0695229699724,1.52414373025,-0.0985549828316,-0.11380003516,0.409624309102,0.899746849258
2018/10/02/14:06:30.677880,60040,1538481990,662267766,/world,vicon/IMUframe/IMUframe,-0.227741438763,0.0696484496413,1.52496742108,-0.0968405241073,-0.109118484389,0.410944818586,0.89991078743
2018/10/02/14:06:30.688088,60041,1538481990,672292966,/world,vicon/IMUframe/IMUframe,-0.22723110653,0.0697463157854,1.5256623164,-0.0948632465778,-0.104455408935,0.410342204968,0.900949114443
2018/10/02/14:06:30.697910,60042,1538481990,682319952,/world,vicon/IMUframe/IMUframe,-0.226436760311,0.0698696060975,1.52627993772,-0.092480602138,-0.0996422034646,0.411196660273,0.901352359567
2018/10/02/14:06:30.707718,60043,1538481990,692213926,/world,vicon/IMUframe/IMUframe,-0.225773629576,0.0699164918967,1.52673379801,-0.0898342022349,-0.0944137767154,0.412196088691,0.901726255215
2018/10/02/14:06:30.717496,60044,1538481990,702251364,/world,vicon/IMUframe/IMUframe,-0.225038399774,0.0699606548268,1.52705352406,-0.086750451698,-0.0891046407571,0.413157999617,0.90212814471
2018/10/02/14:06:30.728219,60045,1538481990,712586871,/world,vicon/IMUframe/IMUframe,-0.22420541967,0.070055251678,1.5273159249,-0.0832405631549,-0.0839254131958,0.413920263122,0.902605976848
2018/10/02/14:06:30.737733,60046,1538481990,722327689,/world,vicon/IMUframe/IMUframe,-0.223768367142,0.0702728884807,1.52740470359,-0.0792244496608,-0.079212033437,0.411873295107,0.904328109213
2018/10/02/14:06:30.747373,60047,1538481990,732232030,/world,vicon/IMUframe/IMUframe,-0.222752277231,0.0703206463314,1.52754662925,-0.0746399179348,-0.073222479149,0.41492324901,0.903828550461
2018/10/02/14:06:30.757456,60048,1538481990,742256921,/world,vicon/IMUframe/IMUframe,-0.222747304184,0.0708215865314,1.52759483767,-0.0693685679085,-0.0682855212123,0.410640397036,0.906586760162
2018/10/02/14:06:30.767403,60049,1538481990,752337781,/world,vicon/IMUframe/IMUframe,-0.222131482934,0.071069520063,1.52754545706,-0.0636233376468,-0.0622791876546,0.411774691002,0.90692611471
2018/10/02/14:06:30.777845,60050,1538481990,762320695,/world,vicon/IMUframe/IMUframe,-0.221510471818,0.071602796725,1.52744086404,-0.0570013667731,-0.0570733441921,0.411400127701,0.907878522984
2018/10/02/14:06:30.787479,60051,1538481990,772298170,/world,vicon/IMUframe/IMUframe,-0.221051981963,0.0729688452177,1.52657001831,-0.0465691275369,-0.0505932660345,0.414371316449,0.907506501297
2018/10/02/14:06:30.797420,60052,1538481990,782355245,/world,vicon/IMUframe/IMUframe,-0.220498950061,0.0735553739649,1.5264918153,-0.0392088545184,-0.0448040038862,0.414708901529,0.908004291816
2018/10/02/14:06:30.807617,60053,1538481990,792271494,/world,vicon/IMUframe/IMUframe,-0.219876610961,0.0742056457669,1.52641099161,-0.031362282014,-0.0390873669959,0.414852109707,0.908507739142
2018/10/02/14:06:30.818139,60054,1538481990,802364858,/world,vicon/IMUframe/IMUframe,-0.219282542614,0.0747854138547,1.52622484362,-0.0223177481458,-0.033093005174,0.414859924754,0.909009358565
2018/10/02/14:06:30.827948,60055,1538481990,812339755,/world,vicon/IMUframe/IMUframe,-0.218711883608,0.0755124302602,1.52596043422,-0.0132945310249,-0.0271486307018,0.415305998211,0.909179374571
2018/10/02/14:06:30.837801,60056,1538481990,822260912,/world,vicon/IMUframe/IMUframe,-0.218267944915,0.0764052087061,1.52559867636,-0.00382311520925,-0.0217389055751,0.41542460326,0.909359776315
2018/10/02/14:06:30.847562,60057,1538481990,832256308,/world,vicon/IMUframe/IMUframe,-0.217810779976,0.0771876138813,1.52507101137,0.00606332193259,-0.0162942099369,0.416183168504,0.909114572045
2018/10/02/14:06:30.858087,60058,1538481990,842343801,/world,vicon/IMUframe/IMUframe,-0.217338388905,0.0779510391404,1.52438795891,0.0174512789697,-0.0120183235809,0.416126577842,0.909059780198
2018/10/02/14:06:30.867800,60059,1538481990,852473551,/world,vicon/IMUframe/IMUframe,-0.216934336775,0.0789617916377,1.52376516336,0.027574509007,-0.00767059637999,0.41620992655,0.908817971568
2018/10/02/14:06:30.878359,60060,1538481990,862283274,/world,vicon/IMUframe/IMUframe,-0.216345641832,0.0798211780174,1.52317919573,0.0361167670274,-0.00412535381619,0.416315137198,0.908493405114
2018/10/02/14:06:30.887942,60061,1538481990,872285074,/world,vicon/IMUframe/IMUframe,-0.215416697209,0.0806113251667,1.5227696745,0.0439345740531,-0.000951470907679,0.417649534537,0.907544882751
2018/10/02/14:06:30.898501,60062,1538481990,882345979,/world,vicon/IMUframe/IMUframe,-0.214344059915,0.0815671185234,1.52288279756,0.0474626176503,0.00143565376666,0.41926677208,0.906620434721
2018/10/02/14:06:30.908539,60063,1538481990,892275565,/world,vicon/IMUframe/IMUframe,-0.213478697177,0.0823969033719,1.52231245215,0.0542643197452,0.00309054968177,0.420368912939,0.905723914413
2018/10/02/14:06:30.917980,60064,1538481990,902316695,/world,vicon/IMUframe/IMUframe,-0.212483909706,0.0831440589692,1.52179629197,0.0601020510107,0.00419054094775,0.421567010802,0.904793588745
2018/10/02/14:06:30.927532,60065,1538481990,912267827,/world,vicon/IMUframe/IMUframe,-0.211526879189,0.0838690986136,1.52139076588,0.0649992599289,0.00511206817506,0.42269069939,0.903925625047
2018/10/02/14:06:30.937829,60066,1538481990,922242604,/world,vicon/IMUframe/IMUframe,-0.210655441544,0.0845224310076,1.52095769853,0.0692537432056,0.00571339332637,0.423562808922,0.90319755485
2018/10/02/14:06:30.948103,60067,1538481990,932505736,/world,vicon/IMUframe/IMUframe,-0.209667839031,0.085078941712,1.52059236761,0.0729878446066,0.0059246111934,0.424212345202,0.902597119262
2018/10/02/14:06:30.957851,60068,1538481990,942344860,/world,vicon/IMUframe/IMUframe,-0.20874661553,0.0857508006984,1.52000563488,0.0766535465505,0.00580885770519,0.424612923153,0.902105512934
2018/10/02/14:06:30.967818,60069,1538481990,952313239,/world,vicon/IMUframe/IMUframe,-0.207749980408,0.0864271475783,1.5193093949,0.0800549006873,0.00515030229911,0.424824525715,0.901714372522
2018/10/02/14:06:30.977543,60070,1538481990,962284662,/world,vicon/IMUframe/IMUframe,-0.206917482658,0.087184253959,1.51847509231,0.0832665656999,0.00430689497768,0.424575463831,0.901545231924
2018/10/02/14:06:30.988060,60071,1538481990,972352773,/world,vicon/IMUframe/IMUframe,-0.206164318065,0.0879875145847,1.51756084362,0.0862241913717,0.00329967178294,0.42358026144,0.901739576101
2018/10/02/14:06:30.997918,60072,1538481990,982374197,/world,vicon/IMUframe/IMUframe,-0.205613282884,0.088879280169,1.5165900687,0.0889543195718,0.00214141987361,0.422087793304,0.902177608952
2018/10/02/14:06:31.007568,60073,1538481990,992259224,/world,vicon/IMUframe/IMUframe,-0.205295571311,0.0897556049123,1.51546408151,0.0913594602361,0.000835460026819,0.420213298232,0.902814230626
2018/10/02/14:06:31.017438,60074,1538481991,2297908,/world,vicon/IMUframe/IMUframe,-0.204951254052,0.0906253333586,1.51449721929,0.0929131084485,-0.000701338890711,0.4182078043,0.903586683625
2018/10/02/14:06:31.027920,60075,1538481991,12404344,/world,vicon/IMUframe/IMUframe,-0.204736238291,0.0913794793131,1.51350059392,0.0938049649313,-0.00229752003973,0.415951550648,0.904532839354
2018/10/02/14:06:31.037257,60076,1538481991,22350954,/world,vicon/IMUframe/IMUframe,-0.204538328912,0.0920797002784,1.51261018061,0.094171475921,-0.0039552305975,0.413265808132,0.905719305913
2018/10/02/14:06:31.047657,60077,1538481991,32385810,/world,vicon/IMUframe/IMUframe,-0.204374304502,0.0926518164086,1.51177547083,0.0940859971594,-0.00576774854276,0.410389273624,0.907025469493
2018/10/02/14:06:31.057245,60078,1538481991,42275812,/world,vicon/IMUframe/IMUframe,-0.204230560515,0.0931454082086,1.51092906245,0.0935016691285,-0.00744978283977,0.407542490405,0.908356239105
2018/10/02/14:06:31.067386,60079,1538481991,52300589,/world,vicon/IMUframe/IMUframe,-0.204817232817,0.0927791842604,1.51092712811,0.0909481014245,-0.00598698823599,0.402617760743,0.910819157437
2018/10/02/14:06:31.077778,60080,1538481991,62455657,/world,vicon/IMUframe/IMUframe,-0.204698501907,0.0928893907317,1.51007512099,0.0892447072559,-0.00754497997729,0.399714822515,0.912253537217
2018/10/02/14:06:31.087691,60081,1538481991,72394018,/world,vicon/IMUframe/IMUframe,-0.204583566318,0.0927189901218,1.50935417332,0.0867723799442,-0.00893207463202,0.39708962258,0.913624979825
2018/10/02/14:06:31.097305,60082,1538481991,82299266,/world,vicon/IMUframe/IMUframe,-0.204545905682,0.092420899653,1.50869642616,0.0837460992258,-0.010176392262,0.394566119946,0.914986671431
2018/10/02/14:06:31.107273,60083,1538481991,92278072,/world,vicon/IMUframe/IMUframe,-0.204451754106,0.0920036893139,1.50805914526,0.0803826021218,-0.011446362363,0.392406401694,0.916201306468
2018/10/02/14:06:31.117591,60084,1538481991,102324192,/world,vicon/IMUframe/IMUframe,-0.204400299582,0.0914391823662,1.50754618198,0.0766696270343,-0.0124601029869,0.390572929028,0.9172891045
2018/10/02/14:06:31.127266,60085,1538481991,112327938,/world,vicon/IMUframe/IMUframe,-0.204471035304,0.0907288894445,1.50704196885,0.0724705368162,-0.0131668424252,0.388977677784,0.918297893791
2018/10/02/14:06:31.137510,60086,1538481991,122485893,/world,vicon/IMUframe/IMUframe,-0.204444332885,0.0899266446295,1.50669781984,0.0680969714247,-0.0139345595706,0.387073192177,0.919425350113
2018/10/02/14:06:31.147157,60087,1538481991,132289066,/world,vicon/IMUframe/IMUframe,-0.204517838314,0.0890629664317,1.50639832557,0.0637553019362,-0.0143440399172,0.385751082965,0.920285614353
2018/10/02/14:06:31.157712,60088,1538481991,142497642,/world,vicon/IMUframe/IMUframe,-0.204607995059,0.0881591240412,1.50606437886,0.0594691092262,-0.0146568739508,0.384939209497,0.920907381926
2018/10/02/14:06:31.168037,60089,1538481991,152600916,/world,vicon/IMUframe/IMUframe,-0.204539178432,0.0871812972436,1.50601558172,0.055373651039,-0.0150079914412,0.38417669012,0.92147533322
2018/10/02/14:06:31.177839,60090,1538481991,162375728,/world,vicon/IMUframe/IMUframe,-0.204547950921,0.0862425116908,1.50589167702,0.0511262820575,-0.0152638621116,0.383661365881,0.921931165612
2018/10/02/14:06:31.187699,60091,1538481991,172324737,/world,vicon/IMUframe/IMUframe,-0.204541372744,0.0851485956691,1.50594629637,0.046756060819,-0.0154042814431,0.383456627974,0.922245950576
2018/10/02/14:06:31.197636,60092,1538481991,182305687,/world,vicon/IMUframe/IMUframe,-0.204500421928,0.0840686474744,1.50607022583,0.0425889040917,-0.0155344287686,0.383519081492,0.922419633845
2018/10/02/14:06:31.208322,60093,1538481991,192432673,/world,vicon/IMUframe/IMUframe,-0.203640356032,0.0834292372194,1.50567724349,0.0397379421809,-0.018128059074,0.386171191481,0.921392468113
2018/10/02/14:06:31.218523,60094,1538481991,202390697,/world,vicon/IMUframe/IMUframe,-0.20428739239,0.0819753540008,1.50640953117,0.0347434283536,-0.0158131405505,0.385090319655,0.922089087063
2018/10/02/14:06:31.227800,60095,1538481991,212283715,/world,vicon/IMUframe/IMUframe,-0.204173409806,0.0809611386174,1.50662442979,0.0309326489069,-0.016164743314,0.385902998049,0.921878922854
2018/10/02/14:06:31.237826,60096,1538481991,222246247,/world,vicon/IMUframe/IMUframe,-0.20350915849,0.0804889467622,1.50618976637,0.028664658683,-0.0198357959051,0.387001754074,0.921419839643
2018/10/02/14:06:31.248093,60097,1538481991,232369182,/world,vicon/IMUframe/IMUframe,-0.203815985475,0.0789154896868,1.50724075925,0.0237703372324,-0.0172349714962,0.387536251085,0.921386770537
2018/10/02/14:06:31.258017,60098,1538481991,242326931,/world,vicon/IMUframe/IMUframe,-0.203558914642,0.0778789617517,1.50770413978,0.0203446398959,-0.0178258691791,0.388654496257,0.920986436683
2018/10/02/14:06:31.268035,60099,1538481991,252329586,/world,vicon/IMUframe/IMUframe,-0.203316841533,0.0768788166689,1.50830497542,0.0171016835455,-0.0181876674322,0.38975670629,0.920579410521
2018/10/02/14:06:31.277979,60100,1538481991,262260956,/world,vicon/IMUframe/IMUframe,-0.20320069373,0.0758857147368,1.50908603846,0.014044584588,-0.0181137768563,0.390617843682,0.920267537692
2018/10/02/14:06:31.287916,60101,1538481991,272407066,/world,vicon/IMUframe/IMUframe,-0.203294287503,0.0748978721853,1.5101236661,0.0101562254919,-0.0178570867401,0.39092709497,0.920192361387
2018/10/02/14:06:31.298010,60102,1538481991,282307768,/world,vicon/IMUframe/IMUframe,-0.203463298293,0.0739394627527,1.5112802148,0.00740540861407,-0.016697523102,0.391290587809,0.920085881066
2018/10/02/14:06:31.308007,60103,1538481991,292382698,/world,vicon/IMUframe/IMUframe,-0.203720751317,0.07303085078,1.51258271973,0.00533810301023,-0.014999489067,0.391670507432,0.919967789432
2018/10/02/14:06:31.317649,60104,1538481991,302275309,/world,vicon/IMUframe/IMUframe,-0.204168847461,0.0721296884432,1.513967637,0.00371062808343,-0.0127680720247,0.391628544826,0.920027331362
2018/10/02/14:06:31.327427,60105,1538481991,312249869,/world,vicon/IMUframe/IMUframe,-0.204788876659,0.0712980349234,1.51542546361,0.00248088986365,-0.0103047001979,0.391016207953,0.92032276048
2018/10/02/14:06:31.338158,60106,1538481991,322694132,/world,vicon/IMUframe/IMUframe,-0.205536205505,0.0705481446754,1.51691232756,0.00160050879915,-0.00781031448134,0.389725831523,0.920896418498
2018/10/02/14:06:31.347841,60107,1538481991,332450487,/world,vicon/IMUframe/IMUframe,-0.206320051329,0.0699121412178,1.51837454163,0.00197634378935,-0.00521554512958,0.388196600904,0.921559705717
2018/10/02/14:06:31.357748,60108,1538481991,342327669,/world,vicon/IMUframe/IMUframe,-0.208290448358,0.0697277259067,1.51985584244,0.00193894931067,-0.00396406655394,0.378698056255,0.92550975621
2018/10/02/14:06:31.368060,60109,1538481991,352281996,/world,vicon/IMUframe/IMUframe,-0.209398607006,0.0692937835301,1.52134414868,0.00231333362682,-0.00205268413913,0.37535771872,0.926874866404
2018/10/02/14:06:31.377863,60110,1538481991,362435870,/world,vicon/IMUframe/IMUframe,-0.210611626122,0.0689622585794,1.52284193698,0.00318604110318,-0.000493635181145,0.371384761338,0.928473459239
2018/10/02/14:06:31.387952,60111,1538481991,372333372,/world,vicon/IMUframe/IMUframe,-0.211772000897,0.0686509237448,1.52431560722,0.00455356125733,0.000727139748266,0.367407611883,0.930048591783
2018/10/02/14:06:31.397545,60112,1538481991,382328069,/world,vicon/IMUframe/IMUframe,-0.213186705645,0.068400667806,1.52580977608,0.00635377176663,0.00176411105248,0.362063755347,0.932130009473
2018/10/02/14:06:31.407424,60113,1538481991,392281213,/world,vicon/IMUframe/IMUframe,-0.214475050217,0.0682346012011,1.52730905035,0.00876376181042,0.00253648592992,0.356779614171,0.934144030452
2018/10/02/14:06:31.417766,60114,1538481991,402292992,/world,vicon/IMUframe/IMUframe,-0.214881602386,0.0675824235907,1.52899276562,0.0113341069579,0.00414401586531,0.357623294259,0.933787954814
2018/10/02/14:06:31.427545,60115,1538481991,412380303,/world,vicon/IMUframe/IMUframe,-0.216569853618,0.0674410756464,1.53063933206,0.0139908951999,0.00474573180868,0.350221133258,0.936550527575
2018/10/02/14:06:31.437608,60116,1538481991,422314149,/world,vicon/IMUframe/IMUframe,-0.217818848742,0.0677708399309,1.53172312004,0.0175780104469,0.00246704177431,0.342422787225,0.939378284847
2018/10/02/14:06:31.447395,60117,1538481991,432288569,/world,vicon/IMUframe/IMUframe,-0.219665123628,0.067602668941,1.53349862018,0.0202911280636,0.00295076112779,0.334047234124,0.942333278891
2018/10/02/14:06:31.457482,60118,1538481991,442310511,/world,vicon/IMUframe/IMUframe,-0.221527911043,0.0674304395848,1.53529718024,0.0229908329114,0.00319450644001,0.325308909831,0.945322870725
2018/10/02/14:06:31.468214,60119,1538481991,452357900,/world,vicon/IMUframe/IMUframe,-0.224066622428,0.06775133668,1.53639534357,0.0301415734473,0.00342652405239,0.314528039066,0.948763330407
2018/10/02/14:06:31.477736,60120,1538481991,462363611,/world,vicon/IMUframe/IMUframe,-0.22585665193,0.067337640611,1.53817086816,0.0324090478876,0.00267898624704,0.305384579986,0.951673649396
2018/10/02/14:06:31.487981,60121,1538481991,472316790,/world,vicon/IMUframe/IMUframe,-0.228107310372,0.0672567084117,1.53977958313,0.0355189855443,0.00239917376335,0.293788498942,0.955207288247
2018/10/02/14:06:31.498028,60122,1538481991,482302362,/world,vicon/IMUframe/IMUframe,-0.22990536783,0.0668763181049,1.54162984064,0.0373167422826,0.00167505622888,0.283374296794,0.958281619801
2018/10/02/14:06:31.508493,60123,1538481991,492446853,/world,vicon/IMUframe/IMUframe,-0.231790756585,0.0665195819807,1.54331909762,0.0392155391037,0.000613547257145,0.271786702295,0.961557982395
2018/10/02/14:06:31.518317,60124,1538481991,502331298,/world,vicon/IMUframe/IMUframe,-0.233810651474,0.0661820535215,1.54509452766,0.0411910388069,-0.000259928047538,0.260152578191,0.964688481749
2018/10/02/14:06:31.528048,60125,1538481991,512324038,/world,vicon/IMUframe/IMUframe,-0.235890340918,0.0658189320591,1.54667072946,0.0429820040162,-0.00152459275943,0.247895706876,0.967831566679
2018/10/02/14:06:31.538192,60126,1538481991,522260237,/world,vicon/IMUframe/IMUframe,-0.238019351132,0.0651133852283,1.5482519314,0.0442994145254,-0.00265804085944,0.23476210927,0.971039262204
2018/10/02/14:06:31.547721,60127,1538481991,532336799,/world,vicon/IMUframe/IMUframe,-0.240133535687,0.0648687412326,1.54975186513,0.0458978963215,-0.00367980839579,0.222013772187,0.973955711048
2018/10/02/14:06:31.557691,60128,1538481991,542275437,/world,vicon/IMUframe/IMUframe,-0.242305613973,0.0643508328374,1.55124897356,0.0469748055224,-0.00457053434179,0.208140070523,0.976959665956
2018/10/02/14:06:31.567654,60129,1538481991,552354561,/world,vicon/IMUframe/IMUframe,-0.244326513531,0.0638588942594,1.55269837377,0.0481444639601,-0.00580885206833,0.194113052885,0.979779817371
2018/10/02/14:06:31.577553,60130,1538481991,562282771,/world,vicon/IMUframe/IMUframe,-0.246457811751,0.0632814985904,1.55413735622,0.0484952278212,-0.00664232089636,0.179239672349,0.982587010044
2018/10/02/14:06:31.587653,60131,1538481991,572308252,/world,vicon/IMUframe/IMUframe,-0.248599044842,0.062800347606,1.55557178794,0.0486079530135,-0.00726669000016,0.164442071606,0.985161543711
2018/10/02/14:06:31.597890,60132,1538481991,582320178,/world,vicon/IMUframe/IMUframe,-0.250644751546,0.0622411863287,1.55692014515,0.0483435932343,-0.00828064347299,0.149582216924,0.987532018882
2018/10/02/14:06:31.607873,60133,1538481991,592376249,/world,vicon/IMUframe/IMUframe,-0.252706981525,0.0617701037187,1.55816267543,0.0475293760976,-0.00944969854065,0.133993419937,0.98979665842
2018/10/02/14:06:31.618135,60134,1538481991,602312900,/world,vicon/IMUframe/IMUframe,-0.254789708504,0.0613423648734,1.55932003052,0.0468257487203,-0.0104700521433,0.118477154104,0.99179679936
2018/10/02/14:06:31.627521,60135,1538481991,612287986,/world,vicon/IMUframe/IMUframe,-0.256918915316,0.0609562480483,1.56049091174,0.0454812788107,-0.0114233552545,0.102309719347,0.993646658304
2018/10/02/14:06:31.638307,60136,1538481991,622410394,/world,vicon/IMUframe/IMUframe,-0.258813186146,0.0607370805275,1.5616981555,0.0442010689009,-0.0122300749965,0.0849349364721,0.995330471421
2018/10/02/14:06:31.648313,60137,1538481991,632413907,/world,vicon/IMUframe/IMUframe,-0.260708378005,0.0609946696761,1.5627202915,0.0428427749471,-0.0135179737493,0.0667070883699,0.996760716211
2018/10/02/14:06:31.657906,60138,1538481991,642278593,/world,vicon/IMUframe/IMUframe,-0.262821779742,0.0614218679249,1.56372830735,0.040791104726,-0.0137458517633,0.0491724422142,0.997862319291
2018/10/02/14:06:31.667637,60139,1538481991,652253507,/world,vicon/IMUframe/IMUframe,-0.264806579941,0.0614696590762,1.56469690871,0.0400383890692,-0.0136738095209,0.0321973929515,0.998585640905
2018/10/02/14:06:31.678014,60140,1538481991,662362128,/world,vicon/IMUframe/IMUframe,-0.267003618101,0.0618025465477,1.56547482034,0.0398783640594,-0.013494165527,0.0143139403415,0.999010878163
2018/10/02/14:06:31.687618,60141,1538481991,672365331,/world,vicon/IMUframe/IMUframe,-0.268922999733,0.0626421667024,1.56617552779,0.0400025519666,-0.0134311238253,-0.00438012455221,0.999099702361
2018/10/02/14:06:31.697776,60142,1538481991,682316346,/world,vicon/IMUframe/IMUframe,-0.270740230693,0.063474373785,1.56682374428,0.0400666782348,-0.0133534504862,-0.0229678841461,0.998843743011
2018/10/02/14:06:31.707353,60143,1538481991,692310246,/world,vicon/IMUframe/IMUframe,-0.272262650781,0.0643272820594,1.56742414306,0.0397032219922,-0.0133552083758,-0.0418207659473,0.998246620885
2018/10/02/14:06:31.718309,60144,1538481991,702405628,/world,vicon/IMUframe/IMUframe,-0.273952874311,0.0652909344904,1.56793266194,0.0393853636961,-0.0131331793263,-0.0607959507081,0.997286400742
2018/10/02/14:06:31.728116,60145,1538481991,712357237,/world,vicon/IMUframe/IMUframe,-0.275785961795,0.0665205772851,1.56858719899,0.0390624348879,-0.0124837595138,-0.079831459435,0.995964467244
2018/10/02/14:06:31.738088,60146,1538481991,722315963,/world,vicon/IMUframe/IMUframe,-0.277485454394,0.0679465538548,1.56912260373,0.0385817508991,-0.0118319667549,-0.099222536571,0.994246619957
2018/10/02/14:06:31.748129,60147,1538481991,732214483,/world,vicon/IMUframe/IMUframe,-0.27901829956,0.0693842140923,1.56968853941,0.038101596575,-0.0108852536878,-0.118783026102,0.992129211494
2018/10/02/14:06:31.757761,60148,1538481991,742278732,/world,vicon/IMUframe/IMUframe,-0.280448518307,0.0709204888331,1.57028393598,0.0377983049276,-0.00955180452171,-0.138168378328,0.989641122026
2018/10/02/14:06:31.768118,60149,1538481991,752342797,/world,vicon/IMUframe/IMUframe,-0.281911542378,0.0725055202268,1.57093181163,0.0376553394345,-0.00766132543398,-0.157629618242,0.986750365066
2018/10/02/14:06:31.778138,60150,1538481991,762337611,/world,vicon/IMUframe/IMUframe,-0.28360402079,0.0743565159679,1.57193368005,0.0385217413113,-0.00335767211189,-0.176396280241,0.983559430742
2018/10/02/14:06:31.787880,60151,1538481991,772316133,/world,vicon/IMUframe/IMUframe,-0.284821368762,0.0762797792901,1.57278269579,0.0390813386553,-0.000273669993089,-0.19571209784,0.979882313767
2018/10/02/14:06:31.797888,60152,1538481991,782266057,/world,vicon/IMUframe/IMUframe,-0.286016985902,0.0783121156313,1.57362049954,0.0391000919995,0.00306525113474,-0.214567925697,0.97592130436
2018/10/02/14:06:31.808261,60153,1538481991,792480324,/world,vicon/IMUframe/IMUframe,-0.287072129761,0.0804694193343,1.57452030461,0.0398099300521,0.00690575251122,-0.23372102623,0.971463824313
2018/10/02/14:06:31.817993,60154,1538481991,802362070,/world,vicon/IMUframe/IMUframe,-0.28783311086,0.082663343902,1.57520063258,0.0407882519793,0.010038639893,-0.25214399433,0.966777611622
2018/10/02/14:06:31.828118,60155,1538481991,812323603,/world,vicon/IMUframe/IMUframe,-0.288825672089,0.0849888326372,1.57592235975,0.0414774195688,0.0139953438196,-0.270591859735,0.961698393189
2018/10/02/14:06:31.838015,60156,1538481991,822316529,/world,vicon/IMUframe/IMUframe,-0.289196486955,0.0872527424822,1.57670777731,0.0423164558308,0.0170777767047,-0.288478149769,0.956398465188
2018/10/02/14:06:31.848070,60157,1538481991,832363952,/world,vicon/IMUframe/IMUframe,-0.28973358832,0.0895434601478,1.57741725374,0.0433262710333,0.0203028761547,-0.305826032348,0.950884359634
2018/10/02/14:06:31.858240,60158,1538481991,842307137,/world,vicon/IMUframe/IMUframe,-0.290331647625,0.0920328240889,1.57793160122,0.044109959485,0.0238325189846,-0.32223795441,0.945330113374
2018/10/02/14:06:31.868006,60159,1538481991,852333808,/world,vicon/IMUframe/IMUframe,-0.29083591205,0.0942533304971,1.57859268775,0.0450173238607,0.0272332113281,-0.338118661911,0.939631610378
2018/10/02/14:06:31.877820,60160,1538481991,862242342,/world,vicon/IMUframe/IMUframe,-0.29094146043,0.0965803530064,1.57926022607,0.0453220366159,0.030266584595,-0.353753663579,0.933749534061
2018/10/02/14:06:31.887738,60161,1538481991,872375154,/world,vicon/IMUframe/IMUframe,-0.291045022197,0.098518487494,1.58005854094,0.0459325472677,0.0332154465939,-0.36805886926,0.928073059607
2018/10/02/14:06:31.897991,60162,1538481991,882362279,/world,vicon/IMUframe/IMUframe,-0.291088818006,0.100172678436,1.58055470774,0.0464401457399,0.0354668559367,-0.379844694158,0.92320280725
2018/10/02/14:06:31.907709,60163,1538481991,892379920,/world,vicon/IMUframe/IMUframe,-0.29085932062,0.101995486316,1.58104978953,0.0474200795916,0.0377701943938,-0.392442602764,0.917776417219
2018/10/02/14:06:31.917802,60164,1538481991,902275570,/world,vicon/IMUframe/IMUframe,-0.290478717488,0.103745210068,1.58163687389,0.0485164750912,0.0400850393613,-0.404483672544,0.912377279369
2018/10/02/14:06:31.927541,60165,1538481991,912335685,/world,vicon/IMUframe/IMUframe,-0.290205212751,0.105164346484,1.58197302037,0.0494261219218,0.0416785277861,-0.414368039854,0.907810049703
2018/10/02/14:06:31.937879,60166,1538481991,922338065,/world,vicon/IMUframe/IMUframe,-0.28998044234,0.10630364802,1.58224482348,0.050086877367,0.0431290249124,-0.422976761878,0.903726646081
2018/10/02/14:06:31.947528,60167,1538481991,932335144,/world,vicon/IMUframe/IMUframe,-0.289832187339,0.107282578608,1.5824828131,0.050657802373,0.0443983969137,-0.430466916253,0.900089330801
2018/10/02/14:06:31.957424,60168,1538481991,942287572,/world,vicon/IMUframe/IMUframe,-0.289760427707,0.108046308288,1.58267499515,0.0509125055383,0.0455052261514,-0.436849585118,0.896939034247
2018/10/02/14:06:31.967556,60169,1538481991,952304988,/world,vicon/IMUframe/IMUframe,-0.289692630377,0.108672959303,1.58277634365,0.0508969200006,0.0463849723969,-0.442488029821,0.8941265466
2018/10/02/14:06:31.977876,60170,1538481991,962346099,/world,vicon/IMUframe/IMUframe,-0.289712896495,0.109074702843,1.58281194666,0.0507421004451,0.0469663255589,-0.447199209513,0.891757966332
2018/10/02/14:06:31.987750,60171,1538481991,972368133,/world,vicon/IMUframe/IMUframe,-0.289799123372,0.109270547751,1.58275996088,0.0503446872623,0.0472051163689,-0.450937564248,0.889883364607
2018/10/02/14:06:31.997948,60172,1538481991,982287371,/world,vicon/IMUframe/IMUframe,-0.289915364783,0.109458833385,1.5825737413,0.0498412563628,0.0471911226742,-0.453882733424,0.888413930217
2018/10/02/14:06:32.007665,60173,1538481991,992262460,/world,vicon/IMUframe/IMUframe,-0.290005152943,0.109350489417,1.58240253327,0.0491853530456,0.0468190055697,-0.455989339211,0.887390840774
2018/10/02/14:06:32.018339,60174,1538481992,2349996,/world,vicon/IMUframe/IMUframe,-0.290143487505,0.10921987928,1.5822017241,0.0486143429594,0.0463487515552,-0.457236129484,0.886805255274
2018/10/02/14:06:32.028202,60175,1538481992,12378068,/world,vicon/IMUframe/IMUframe,-0.290401475293,0.108982878481,1.58206296059,0.0480962430871,0.0459846346579,-0.457555270043,0.886687847911
2018/10/02/14:06:32.038211,60176,1538481992,22308010,/world,vicon/IMUframe/IMUframe,-0.290527244014,0.108694411242,1.58190089382,0.0477164797177,0.0454770505375,-0.457052864073,0.886993604757
2018/10/02/14:06:32.047662,60177,1538481992,32219786,/world,vicon/IMUframe/IMUframe,-0.290682365152,0.108304591387,1.58175133408,0.0473784460473,0.044819693558,-0.455901148292,0.887637663073
2018/10/02/14:06:32.057721,60178,1538481992,42295353,/world,vicon/IMUframe/IMUframe,-0.290833949987,0.107823557674,1.58158059129,0.0469849986278,0.0439471019431,-0.454038694713,0.888656247285
2018/10/02/14:06:32.067682,60179,1538481992,52356948,/world,vicon/IMUframe/IMUframe,-0.290862305776,0.107178290318,1.58145710196,0.0463942470399,0.0427753791136,-0.451640043988,0.889965792292
2018/10/02/14:06:32.077811,60180,1538481992,62364966,/world,vicon/IMUframe/IMUframe,-0.290822698528,0.106589231732,1.58101078471,0.0453846759251,0.0405182314157,-0.449307567364,0.891303098852
2018/10/02/14:06:32.088191,60181,1538481992,72316697,/world,vicon/IMUframe/IMUframe,-0.291086088744,0.105842079567,1.58096561236,0.0443974927618,0.0394555697892,-0.445225089393,0.893446551521
2018/10/02/14:06:32.098217,60182,1538481992,82405799,/world,vicon/IMUframe/IMUframe,-0.291469985852,0.105004114664,1.58100103854,0.0430316474871,0.0386238638617,-0.440229408059,0.896021507964
2018/10/02/14:06:32.107986,60183,1538481992,92345566,/world,vicon/IMUframe/IMUframe,-0.291943988473,0.104030443418,1.58113174948,0.0413659386482,0.038087686087,-0.434521865592,0.898904297248
2018/10/02/14:06:32.118037,60184,1538481992,102309468,/world,vicon/IMUframe/IMUframe,-0.292512549489,0.10297181118,1.5813524076,0.0393391942887,0.0378097079432,-0.428232157379,0.902019995989
2018/10/02/14:06:32.127864,60185,1538481992,112306873,/world,vicon/IMUframe/IMUframe,-0.293183509869,0.101702963658,1.58165061369,0.0369165857173,0.0376949479108,-0.421424828388,0.90532721743
2018/10/02/14:06:32.137841,60186,1538481992,122278371,/world,vicon/IMUframe/IMUframe,-0.293810502573,0.100409266758,1.5820063175,0.0341772181187,0.0377139479143,-0.414169466431,0.908775675825
2018/10/02/14:06:32.147931,60187,1538481992,132340521,/world,vicon/IMUframe/IMUframe,-0.2944734412,0.0990437639185,1.58242795348,0.0311775644871,0.0377996850941,-0.406444903037,0.912360501159
2018/10/02/14:06:32.157697,60188,1538481992,142361946,/world,vicon/IMUframe/IMUframe,-0.295160841095,0.0976120585031,1.58293591285,0.0280017955113,0.0379599363213,-0.39826918951,0.916054908491
2018/10/02/14:06:32.167554,60189,1538481992,152330989,/world,vicon/IMUframe/IMUframe,-0.295802191309,0.0962096318863,1.58343239486,0.0252372609378,0.0379250853308,-0.389504552912,0.919897261559
2018/10/02/14:06:32.177712,60190,1538481992,162290687,/world,vicon/IMUframe/IMUframe,-0.296374159077,0.0946834816865,1.58404513437,0.0223436751012,0.0378817447838,-0.380089426223,0.923903545652
2018/10/02/14:06:32.188419,60191,1538481992,172504236,/world,vicon/IMUframe/IMUframe,-0.297023371567,0.092650280532,1.58500119908,0.0196645824782,0.0389423238695,-0.367686493399,0.928925961624
2018/10/02/14:06:32.197981,60192,1538481992,182370442,/world,vicon/IMUframe/IMUframe,-0.297493337937,0.0913515312348,1.58575426461,0.017214068274,0.0392424302801,-0.357509630767,0.932925812392
2018/10/02/14:06:32.207976,60193,1538481992,192313320,/world,vicon/IMUframe/IMUframe,-0.297696269423,0.0894308244605,1.5864719229,0.0146521323662,0.0390964320935,-0.345918913535,0.937334993091
2018/10/02/14:06:32.217817,60194,1538481992,202309933,/world,vicon/IMUframe/IMUframe,-0.297839422614,0.087218801785,1.58719285834,0.0120500627755,0.039116319898,-0.333117529055,0.941996508136
2018/10/02/14:06:32.228295,60195,1538481992,212373008,/world,vicon/IMUframe/IMUframe,-0.297496191719,0.0849913837177,1.58818467464,0.00949123324522,0.0387121828724,-0.320105336706,0.946543108792
2018/10/02/14:06:32.238072,60196,1538481992,222380872,/world,vicon/IMUframe/IMUframe,-0.297534981642,0.0827849058923,1.58912540844,0.00675585531087,0.0390052415119,-0.306083154673,0.951181398041
2018/10/02/14:06:32.247967,60197,1538481992,232214281,/world,vicon/IMUframe/IMUframe,-0.297522555647,0.0805207202304,1.59003482632,0.00424584078034,0.0391511597905,-0.291460508503,0.955771903493
2018/10/02/14:06:32.258095,60198,1538481992,242319917,/world,vicon/IMUframe/IMUframe,-0.297396718795,0.0777641344628,1.59121216331,0.00196910631617,0.0398448684253,-0.273470635362,0.961052714826
2018/10/02/14:06:32.268305,60199,1538481992,252330292,/world,vicon/IMUframe/IMUframe,-0.297066528659,0.0753426021323,1.59214801445,5.59610367431e-05,0.0398517561585,-0.256886870515,0.965619474822
2018/10/02/14:06:32.278197,60200,1538481992,262336630,/world,vicon/IMUframe/IMUframe,-0.29661253969,0.0727988606631,1.59320921313,-0.00212846792026,0.0394474842635,-0.23873853908,0.97027999854
2018/10/02/14:06:32.288517,60201,1538481992,272418632,/world,vicon/IMUframe/IMUframe,-0.296060521403,0.0701992467629,1.59442941064,-0.00421230003262,0.0395231948616,-0.219624266521,0.97477451503
2018/10/02/14:06:32.298058,60202,1538481992,282301070,/world,vicon/IMUframe/IMUframe,-0.295334309647,0.0673221202858,1.5956389862,-0.00677122788724,0.0393953732528,-0.199805083454,0.97901996081
2018/10/02/14:06:32.307979,60203,1538481992,292238242,/world,vicon/IMUframe/IMUframe,-0.294466347838,0.0644944499679,1.59690817082,-0.00931392402323,0.0392915671312,-0.178921156221,0.983034406025
2018/10/02/14:06:32.318361,60204,1538481992,302311502,/world,vicon/IMUframe/IMUframe,-0.293409002084,0.0616983665604,1.59824250254,-0.011777100388,0.0391791767935,-0.157282735085,0.986705849408
2018/10/02/14:06:32.328543,60205,1538481992,312392007,/world,vicon/IMUframe/IMUframe,-0.292200115943,0.0588056604691,1.5995691557,-0.014394158845,0.0391034948919,-0.135239447619,0.989936370019
2018/10/02/14:06:32.338244,60206,1538481992,322225313,/world,vicon/IMUframe/IMUframe,-0.29041352468,0.0558547921916,1.60060798072,-0.0174497447603,0.0371319267742,-0.111849117241,0.992877888461
2018/10/02/14:06:32.348426,60207,1538481992,332265340,/world,vicon/IMUframe/IMUframe,-0.289232854057,0.0531415869635,1.60221214669,-0.0183277540535,0.0391587551007,-0.0881251739777,0.99517065825
2018/10/02/14:06:32.358453,60208,1538481992,342396022,/world,vicon/IMUframe/IMUframe,-0.287244552054,0.0503469475794,1.60352913602,-0.0202267549185,0.0387469876672,-0.0640634583558,0.996988175775
2018/10/02/14:06:32.367916,60209,1538481992,352255520,/world,vicon/IMUframe/IMUframe,-0.285018799111,0.0474652213565,1.60474210231,-0.0220408980633,0.0382632792251,-0.0396379533674,0.998237924008
2018/10/02/14:06:32.377771,60210,1538481992,362196911,/world,vicon/IMUframe/IMUframe,-0.282448115801,0.0447689882619,1.6059508301,-0.0232278091611,0.0375402901624,-0.0149876915546,0.998912691179
2018/10/02/14:06:32.387881,60211,1538481992,372294084,/world,vicon/IMUframe/IMUframe,-0.279589357805,0.0418808682267,1.60665611671,-0.0252603308759,0.0352039637638,0.0119100633448,0.998989863317
2018/10/02/14:06:32.398705,60212,1538481992,382443135,/world,vicon/IMUframe/IMUframe,-0.277228344305,0.0402487354721,1.607652329,-0.0243388971446,0.0356593296797,0.0355884379295,0.998433519759
2018/10/02/14:06:32.408422,60213,1538481992,392301536,/world,vicon/IMUframe/IMUframe,-0.27420209371,0.0376624524428,1.60855456063,-0.0246223799285,0.0350210847567,0.062181817227,0.99714626993
2018/10/02/14:06:32.418440,60214,1538481992,402313231,/world,vicon/IMUframe/IMUframe,-0.271422287075,0.0358555297368,1.60986604758,-0.0239589711689,0.0373301418918,0.0891766894357,0.995027610807
2018/10/02/14:06:32.428244,60215,1538481992,412271327,/world,vicon/IMUframe/IMUframe,-0.267893451696,0.0341705258071,1.61021492788,-0.0222539934077,0.0350378960626,0.115841471969,0.992400049874
2018/10/02/14:06:32.438278,60216,1538481992,422327622,/world,vicon/IMUframe/IMUframe,-0.264705323739,0.0327345772324,1.61105597025,-0.0215746327726,0.0353645767166,0.14206953216,0.988989448865
2018/10/02/14:06:32.448237,60217,1538481992,432312434,/world,vicon/IMUframe/IMUframe,-0.261376735993,0.0314109678519,1.61193032167,-0.0207658601462,0.036203695436,0.168317667742,0.984848838256
2018/10/02/14:06:32.458203,60218,1538481992,442319949,/world,vicon/IMUframe/IMUframe,-0.258144086235,0.03051447639,1.61259395045,-0.0189267267561,0.0369720869691,0.193405599928,0.980239316553
2018/10/02/14:06:32.467963,60219,1538481992,452219829,/world,vicon/IMUframe/IMUframe,-0.254623486089,0.0296740996261,1.61335139818,-0.0183426342472,0.0378354921931,0.219054587247,0.974806191561
2018/10/02/14:06:32.477638,60220,1538481992,462249909,/world,vicon/IMUframe/IMUframe,-0.251093913587,0.028945623821,1.61392435017,-0.0172513879084,0.0386048557511,0.243511813668,0.968975774378
2018/10/02/14:06:32.487990,60221,1538481992,472326316,/world,vicon/IMUframe/IMUframe,-0.247682483184,0.0285141449744,1.61437573827,-0.0156978135686,0.0395237086042,0.267295096649,0.962675847009
2018/10/02/14:06:32.497770,60222,1538481992,482363460,/world,vicon/IMUframe/IMUframe,-0.244295590838,0.0283653339604,1.61465385415,-0.0139722348585,0.0397202977661,0.290062242578,0.956081047835
2018/10/02/14:06:32.507609,60223,1538481992,492322001,/world,vicon/IMUframe/IMUframe,-0.240835274706,0.0282935964631,1.61487576775,-0.0124707967137,0.0402107067496,0.312507014054,0.948982056974
2018/10/02/14:06:32.518048,60224,1538481992,502311373,/world,vicon/IMUframe/IMUframe,-0.237568613431,0.0281757459337,1.61516585096,-0.011306155208,0.0411391373628,0.334937784941,0.941273829685
2018/10/02/14:06:32.527944,60225,1538481992,512457156,/world,vicon/IMUframe/IMUframe,-0.234178721506,0.0282275740021,1.61540370838,-0.00968737644599,0.0414184297546,0.356127160529,0.933468860728
2018/10/02/14:06:32.538287,60226,1538481992,522365083,/world,vicon/IMUframe/IMUframe,-0.23099775142,0.0285076047348,1.61552878436,-0.00797965691407,0.0417777603922,0.376671257443,0.925370038217
2018/10/02/14:06:32.547704,60227,1538481992,532339506,/world,vicon/IMUframe/IMUframe,-0.227725418542,0.0288334716007,1.61556528538,-0.00626680472126,0.0419289446179,0.396343356058,0.917123020576
2018/10/02/14:06:32.557998,60228,1538481992,542269198,/world,vicon/IMUframe/IMUframe,-0.224389008344,0.0288109090244,1.61567823641,-0.00498523121083,0.0423337717868,0.41622834854,0.908260403798
2018/10/02/14:06:32.568257,60229,1538481992,552459965,/world,vicon/IMUframe/IMUframe,-0.221283889503,0.0291999135778,1.61557194007,-0.00316855971013,0.0419781934116,0.434295875895,0.899786021056
2018/10/02/14:06:32.578136,60230,1538481992,562349126,/world,vicon/IMUframe/IMUframe,-0.218116597366,0.0296669463713,1.61547095705,-0.00215148543367,0.0418062558029,0.452626607315,0.890716993459
2018/10/02/14:06:32.587948,60231,1538481992,572314008,/world,vicon/IMUframe/IMUframe,-0.215033100742,0.0300939404409,1.61526800842,-0.000934591074536,0.0412580826317,0.470005862313,0.881698013238
2018/10/02/14:06:32.597467,60232,1538481992,582238104,/world,vicon/IMUframe/IMUframe,-0.211922524843,0.0306702359366,1.61496956393,0.000154818196716,0.0404204013067,0.486749032277,0.872606180798
2018/10/02/14:06:32.607706,60233,1538481992,592348296,/world,vicon/IMUframe/IMUframe,-0.208917175922,0.0312482479981,1.61458653922,0.00128826063129,0.0395374041402,0.503015835481,0.863371416781
2018/10/02/14:06:32.617538,60234,1538481992,602349192,/world,vicon/IMUframe/IMUframe,-0.205993045639,0.0319229046347,1.6141724879,0.00252928191631,0.0385749963942,0.51868481726,0.854091115005
2018/10/02/14:06:32.627662,60235,1538481992,612264786,/world,vicon/IMUframe/IMUframe,-0.203169706249,0.0324286680194,1.61369646182,0.00362361637988,0.0381481725018,0.534222851582,0.844474707251
2018/10/02/14:06:32.637655,60236,1538481992,622288898,/world,vicon/IMUframe/IMUframe,-0.199935976656,0.0328523220297,1.61345307499,0.00468037924993,0.0372995151866,0.549365543537,0.834736089906
2018/10/02/14:06:32.647734,60237,1538481992,632286985,/world,vicon/IMUframe/IMUframe,-0.197226317833,0.0333674723886,1.61308166167,0.00589860827978,0.037217370994,0.564032980858,0.824892035494
2018/10/02/14:06:32.657832,60238,1538481992,642392703,/world,vicon/IMUframe/IMUframe,-0.194586839186,0.0339550412379,1.61257423361,0.00724659018279,0.037488843913,0.578658007009,0.814675999669
2018/10/02/14:06:32.667970,60239,1538481992,652350377,/world,vicon/IMUframe/IMUframe,-0.192340988443,0.0345640087252,1.61207560988,0.00823734158409,0.0380391538087,0.592160220868,0.804879768538
2018/10/02/14:06:32.677753,60240,1538481992,662335095,/world,vicon/IMUframe/IMUframe,-0.190263643783,0.0352514526347,1.61151058731,0.0101234027118,0.0391867235588,0.605596964073,0.794741614942
2018/10/02/14:06:32.687839,60241,1538481992,672312710,/world,vicon/IMUframe/IMUframe,-0.188356581029,0.0358182355153,1.61086173337,0.0110941588479,0.0412861042516,0.619867834418,0.783540838176
2018/10/02/14:06:32.698121,60242,1538481992,682415910,/world,vicon/IMUframe/IMUframe,-0.186153398168,0.036406123057,1.61029064464,0.0121444916395,0.0422530064728,0.632401191743,0.773392479565
2018/10/02/14:06:32.708168,60243,1538481992,692357572,/world,vicon/IMUframe/IMUframe,-0.184001493319,0.0369778316912,1.60962586647,0.0133164443978,0.0431887980885,0.644732072244,0.763071395774
2018/10/02/14:06:32.717820,60244,1538481992,702284590,/world,vicon/IMUframe/IMUframe,-0.181881279158,0.0378823401373,1.60881404626,0.0146311265618,0.0446195105688,0.658520210684,0.751096639277
2018/10/02/14:06:32.727546,60245,1538481992,712296574,/world,vicon/IMUframe/IMUframe,-0.179766486523,0.0384397136155,1.60814668155,0.0152079137181,0.0450338984335,0.669686362931,0.741121341385
2018/10/02/14:06:32.737863,60246,1538481992,722449206,/world,vicon/IMUframe/IMUframe,-0.177444978733,0.0390550169581,1.60747588363,0.0158218497951,0.0454849556778,0.682046893474,0.729721058335
2018/10/02/14:06:32.747533,60247,1538481992,732346259,/world,vicon/IMUframe/IMUframe,-0.175289846374,0.0400497134781,1.60679278287,0.0163940956042,0.0455593571695,0.693630165304,0.718702144413
2018/10/02/14:06:32.757746,60248,1538481992,742348418,/world,vicon/IMUframe/IMUframe,-0.172905341326,0.040815937432,1.60624110702,0.0173329782378,0.0457803256049,0.704989302469,0.707526545832
2018/10/02/14:06:32.767711,60249,1538481992,752217977,/world,vicon/IMUframe/IMUframe,-0.170716933128,0.0416382145325,1.60552923093,0.0173014860119,0.0453622792134,0.71627827671,0.696123805454
2018/10/02/14:06:32.777615,60250,1538481992,762319188,/world,vicon/IMUframe/IMUframe,-0.168566817236,0.0424964751824,1.60482546332,0.0175060989094,0.0441996485534,0.726964546685,0.685027353784
2018/10/02/14:06:32.788003,60251,1538481992,772370437,/world,vicon/IMUframe/IMUframe,-0.166124910794,0.0435283235175,1.60425101247,0.0177700623012,0.0431058761103,0.738120796062,0.673055568844
2018/10/02/14:06:32.797974,60252,1538481992,782293373,/world,vicon/IMUframe/IMUframe,-0.163850131312,0.0446417222634,1.60339954925,0.0186515863366,0.0407066094018,0.748085426194,0.662090088579
2018/10/02/14:06:32.807898,60253,1538481992,792310841,/world,vicon/IMUframe/IMUframe,-0.161457540908,0.045739001368,1.60268269405,0.0193077094697,0.0385540086673,0.757897707321,0.650946899531
2018/10/02/14:06:32.818233,60254,1538481992,802384646,/world,vicon/IMUframe/IMUframe,-0.159061113599,0.0471215247172,1.60192826176,0.0204620462791,0.0359498557145,0.767241947088,0.64002242708
2018/10/02/14:06:32.828357,60255,1538481992,812377538,/world,vicon/IMUframe/IMUframe,-0.156782307532,0.0484484034072,1.60110144562,0.0218294141514,0.032692730282,0.776394837596,0.629019648516
2018/10/02/14:06:32.837956,60256,1538481992,822319824,/world,vicon/IMUframe/IMUframe,-0.15454493794,0.0498441842149,1.60024551287,0.0234388347344,0.0289630710284,0.785184017634,0.618140615066
2018/10/02/14:06:32.847955,60257,1538481992,832284539,/world,vicon/IMUframe/IMUframe,-0.1522327777,0.0513167878014,1.59943599514,0.0255499492017,0.0249110821972,0.793634927417,0.607346886107
2018/10/02/14:06:32.857978,60258,1538481992,842329431,/world,vicon/IMUframe/IMUframe,-0.150083803512,0.052949730841,1.59850709209,0.027920934669,0.0206334575985,0.801751683598,0.596648070208
2018/10/02/14:06:32.868142,60259,1538481992,852375942,/world,vicon/IMUframe/IMUframe,-0.1479385676,0.0547006890773,1.59761483468,0.0314239652306,0.0165151623985,0.809583790606,0.585929918853
2018/10/02/14:06:32.877769,60260,1538481992,862324370,/world,vicon/IMUframe/IMUframe,-0.145987461111,0.0567119422295,1.59662731236,0.0342585346057,0.0118275142437,0.817152154489,0.575281512938
2018/10/02/14:06:32.888008,60261,1538481992,872283858,/world,vicon/IMUframe/IMUframe,-0.144191752873,0.058608303657,1.59577422677,0.0364196321071,0.00760073446948,0.824528102424,0.564596535187
2018/10/02/14:06:32.897854,60262,1538481992,882293021,/world,vicon/IMUframe/IMUframe,-0.142544783214,0.0605727969,1.59480610355,0.0390256307842,0.00284532089342,0.831723234259,0.55380986438
2018/10/02/14:06:32.907617,60263,1538481992,892341229,/world,vicon/IMUframe/IMUframe,-0.140835251106,0.0624957075475,1.59399746781,0.0418161294694,-0.00181545281019,0.838494840763,0.543299657152
2018/10/02/14:06:32.917928,60264,1538481992,902373728,/world,vicon/IMUframe/IMUframe,-0.13904209506,0.0642349958841,1.59320026797,0.0441456327912,-0.00627543395735,0.844898931756,0.533064327405
2018/10/02/14:06:32.927719,60265,1538481992,912334552,/world,vicon/IMUframe/IMUframe,-0.137455434797,0.0660643808189,1.5923986543,0.0465707888901,-0.0106997046804,0.851430481585,0.522286140894
2018/10/02/14:06:32.937857,60266,1538481992,922325656,/world,vicon/IMUframe/IMUframe,-0.136079666299,0.0677742420507,1.59166424058,0.0485470699801,-0.0149709709386,0.857378200579,0.512173479592
2018/10/02/14:06:32.948106,60267,1538481992,932562920,/world,vicon/IMUframe/IMUframe,-0.134827348992,0.0693813693036,1.59097992821,0.050461717239,-0.0191813731411,0.863188455393,0.501987430614
2018/10/02/14:06:32.958198,60268,1538481992,942374424,/world,vicon/IMUframe/IMUframe,-0.133588743567,0.0710560945981,1.59026666456,0.052284859764,-0.0233720183694,0.868641639306,0.492119644661
2018/10/02/14:06:32.967830,60269,1538481992,952363702,/world,vicon/IMUframe/IMUframe,-0.132263079364,0.0724541006786,1.58963182196,0.0540298871783,-0.0272072194532,0.87389408382,0.482337712361
2018/10/02/14:06:32.977834,60270,1538481992,962271760,/world,vicon/IMUframe/IMUframe,-0.13092360682,0.0739015680649,1.58904648969,0.0550674728667,-0.0311566177561,0.878741516659,0.473085811985
2018/10/02/14:06:32.988019,60271,1538481992,972388679,/world,vicon/IMUframe/IMUframe,-0.129714603538,0.0751981261067,1.58850792987,0.0556699734462,-0.035070162888,0.8831404937,0.46447153424
2018/10/02/14:06:32.998041,60272,1538481992,982322448,/world,vicon/IMUframe/IMUframe,-0.128549251841,0.0764995858872,1.58802321561,0.0558583971788,-0.0386923329041,0.887481936078,0.455805392655
2018/10/02/14:06:33.007611,60273,1538481992,992327758,/world,vicon/IMUframe/IMUframe,-0.127282709675,0.0776874363428,1.58768555146,0.0551113773456,-0.0422580287188,0.892025815603,0.446617217977
2018/10/02/14:06:33.017642,60274,1538481993,2301589,/world,vicon/IMUframe/IMUframe,-0.126303068459,0.0787959045193,1.58725206177,0.0552031314995,-0.0458439996999,0.896091586259,0.438030605095
2018/10/02/14:06:33.027894,60275,1538481993,12383382,/world,vicon/IMUframe/IMUframe,-0.125350185138,0.0798752368817,1.58685734532,0.0554274430773,-0.0494718556281,0.899863457216,0.429797734315
2018/10/02/14:06:33.038121,60276,1538481993,22378268,/world,vicon/IMUframe/IMUframe,-0.124298110928,0.0810662847627,1.58656257138,0.0558984686954,-0.0524876367285,0.90370351054,0.42123671994
2018/10/02/14:06:33.047875,60277,1538481993,32300472,/world,vicon/IMUframe/IMUframe,-0.123325092685,0.0819752010345,1.58620830046,0.056097294692,-0.0558487076897,0.90720413934,0.413176312175
2018/10/02/14:06:33.057913,60278,1538481993,42268304,/world,vicon/IMUframe/IMUframe,-0.122408329749,0.0828813517351,1.58590286881,0.0559571582608,-0.0591296690624,0.910465799215,0.405492918724
2018/10/02/14:06:33.067888,60279,1538481993,52293740,/world,vicon/IMUframe/IMUframe,-0.12162899762,0.0838290450441,1.58560906653,0.0555214746461,-0.0623181839464,0.913773695837,0.397556841973
2018/10/02/14:06:33.078590,60280,1538481993,62684203,/world,vicon/IMUframe/IMUframe,-0.120600793509,0.0845982941539,1.58533455666,0.0547430300983,-0.06554524593,0.916609938903,0.390555042594
2018/10/02/14:06:33.088002,60281,1538481993,72362964,/world,vicon/IMUframe/IMUframe,-0.119797019399,0.0854483641689,1.58513572881,0.0540302439465,-0.0682415503306,0.919654397289,0.382961633973
2018/10/02/14:06:33.098129,60282,1538481993,82317930,/world,vicon/IMUframe/IMUframe,-0.118734757612,0.0860926530036,1.58505743295,0.0525785673769,-0.0707949358107,0.922081020887,0.376815820045
2018/10/02/14:06:33.107971,60283,1538481993,92272219,/world,vicon/IMUframe/IMUframe,-0.117966878645,0.0868989935427,1.58502608639,0.0509277603959,-0.0730455568932,0.924873058367,0.36970330773
2018/10/02/14:06:33.117928,60284,1538481993,102476422,/world,vicon/IMUframe/IMUframe,-0.117129629562,0.0876647341221,1.58502813163,0.0491077899403,-0.0749667878691,0.927351178899,0.363301798341
2018/10/02/14:06:33.127990,60285,1538481993,112330299,/world,vicon/IMUframe/IMUframe,-0.116020948627,0.0882669008647,1.58502252533,0.0472661731748,-0.0765106534859,0.929825323695,0.356842957324
2018/10/02/14:06:33.137615,60286,1538481993,122353157,/world,vicon/IMUframe/IMUframe,-0.115365024384,0.0889613230247,1.58494796798,0.046329450434,-0.0777056877723,0.932164546232,0.350549093365
2018/10/02/14:06:33.147562,60287,1538481993,132294887,/world,vicon/IMUframe/IMUframe,-0.114420566606,0.0891592776386,1.58550012712,0.0402665373873,-0.081014494591,0.932693856413,0.34913812144
2018/10/02/14:06:33.157515,60288,1538481993,142385764,/world,vicon/IMUframe/IMUframe,-0.113777971308,0.0892627915066,1.58531587168,0.0395816613563,-0.0817729639852,0.933645945875,0.346484808032
2018/10/02/14:06:33.167864,60289,1538481993,152398320,/world,vicon/IMUframe/IMUframe,-0.11316657117,0.0889141394644,1.58513459703,0.0391449539327,-0.0823812912697,0.933614352447,0.346475448388
2018/10/02/14:06:33.177763,60290,1538481993,162359649,/world,vicon/IMUframe/IMUframe,-0.11266831205,0.0881941745533,1.58473636499,0.0389245551324,-0.0820881267699,0.93302142253,0.348162955454
2018/10/02/14:06:33.188059,60291,1538481993,172324138,/world,vicon/IMUframe/IMUframe,-0.112622004789,0.0883343992319,1.58417990391,0.0407798517087,-0.0825778983466,0.933686780671,0.346044635847
2018/10/02/14:06:33.197749,60292,1538481993,182326220,/world,vicon/IMUframe/IMUframe,-0.112458305477,0.0879669014087,1.58391607529,0.0420329651855,-0.0815652718068,0.93411840251,0.344968326611
2018/10/02/14:06:33.207863,60293,1538481993,192328188,/world,vicon/IMUframe/IMUframe,-0.112055677651,0.0875969396494,1.58376130216,0.0422833866572,-0.08152321616,0.933785015862,0.345849135594
2018/10/02/14:06:33.218072,60294,1538481993,202381657,/world,vicon/IMUframe/IMUframe,-0.111511905879,0.0872036495745,1.5836094827,0.0449220898988,-0.0809280349936,0.933404992571,0.346681090967
2018/10/02/14:06:33.227995,60295,1538481993,212327007,/world,vicon/IMUframe/IMUframe,-0.111342547139,0.0868908246219,1.58342846186,0.0460910037012,-0.0808796188201,0.932767828814,0.348250318257
2018/10/02/14:06:33.237782,60296,1538481993,222280734,/world,vicon/IMUframe/IMUframe,-0.111098763521,0.0865579938575,1.583261558,0.0475409864356,-0.0808162474855,0.932090192167,0.349880640244
2018/10/02/14:06:33.248224,60297,1538481993,232427294,/world,vicon/IMUframe/IMUframe,-0.110707586805,0.0854384312944,1.5835494253,0.0441604218822,-0.0810746603649,0.929818505661,0.356250337706
2018/10/02/14:06:33.257892,60298,1538481993,242392964,/world,vicon/IMUframe/IMUframe,-0.110470364713,0.0848731517954,1.58346330601,0.0454981537179,-0.0806971107346,0.928510288031,0.359564374415
2018/10/02/14:06:33.267910,60299,1538481993,252337461,/world,vicon/IMUframe/IMUframe,-0.110381440803,0.0842854311181,1.58340095965,0.0468121825969,-0.0801684455901,0.926988743822,0.363419191458
2018/10/02/14:06:33.277806,60300,1538481993,262324266,/world,vicon/IMUframe/IMUframe,-0.110358304016,0.0835718270495,1.5834480708,0.0479972059281,-0.0795386593739,0.925156766168,0.368041883352
2018/10/02/14:06:33.288312,60301,1538481993,272465031,/world,vicon/IMUframe/IMUframe,-0.110502385515,0.0826713887712,1.58354178948,0.0492214805382,-0.0783910975331,0.923143538117,0.373146204208
2018/10/02/14:06:33.298170,60302,1538481993,282333653,/world,vicon/IMUframe/IMUframe,-0.110472001849,0.0814220150429,1.58385302993,0.0500633414525,-0.0773323821616,0.920369844589,0.380043041883
2018/10/02/14:06:33.308336,60303,1538481993,292320105,/world,vicon/IMUframe/IMUframe,-0.110783355735,0.0803012506437,1.58417393022,0.0513507631098,-0.0766541953583,0.917011123153,0.388043597392
2018/10/02/14:06:33.318107,60304,1538481993,302284801,/world,vicon/IMUframe/IMUframe,-0.110763993549,0.0791902491583,1.584513469,0.0527859241874,-0.0767072991441,0.912739866647,0.397788351134
2018/10/02/14:06:33.328038,60305,1538481993,312383721,/world,vicon/IMUframe/IMUframe,-0.111625435596,0.0787084360412,1.58450080455,0.0565927903248,-0.0776165881088,0.909231278996,0.405057283145
2018/10/02/14:06:33.338244,60306,1538481993,322274019,/world,vicon/IMUframe/IMUframe,-0.112124352276,0.0770321357912,1.5846149476,0.0585867917458,-0.0762257098977,0.90437454919,0.41576905099
2018/10/02/14:06:33.347893,60307,1538481993,332328622,/world,vicon/IMUframe/IMUframe,-0.112700334038,0.0753036980999,1.58480644072,0.0614447970254,-0.0749361843457,0.899226810906,0.426614870512
2018/10/02/14:06:33.357519,60308,1538481993,342274304,/world,vicon/IMUframe/IMUframe,-0.113338144627,0.0733225144826,1.58508606847,0.0630904645326,-0.0736294943766,0.893410228372,0.438653000312
2018/10/02/14:06:33.367706,60309,1538481993,352357255,/world,vicon/IMUframe/IMUframe,-0.114368846712,0.0711749418622,1.58527453597,0.0654552569544,-0.0727066554383,0.885850196903,0.453540274109
2018/10/02/14:06:33.377819,60310,1538481993,362386018,/world,vicon/IMUframe/IMUframe,-0.115205924638,0.0689497383855,1.58581043668,0.0664161666031,-0.071428222517,0.87867000578,0.467360591818
2018/10/02/14:06:33.387921,60311,1538481993,372383506,/world,vicon/IMUframe/IMUframe,-0.116285110477,0.0667786440513,1.58647677303,0.0666273660323,-0.0707758631625,0.870667567209,0.482171710804
2018/10/02/14:06:33.397893,60312,1538481993,382274368,/world,vicon/IMUframe/IMUframe,-0.117299903581,0.0644477067848,1.58721528269,0.0674232703158,-0.0701125249243,0.86180108324,0.497832531476
2018/10/02/14:06:33.407713,60313,1538481993,392274026,/world,vicon/IMUframe/IMUframe,-0.118876384664,0.0614930586081,1.58739912414,0.0730511684156,-0.0649454983702,0.852372254536,0.513718939432
2018/10/02/14:06:33.418060,60314,1538481993,402349727,/world,vicon/IMUframe/IMUframe,-0.120544389961,0.0588775065305,1.58820996673,0.0736758141448,-0.0637910511193,0.841994873957,0.530610222703
2018/10/02/14:06:33.427903,60315,1538481993,412371104,/world,vicon/IMUframe/IMUframe,-0.122636889366,0.0560264100499,1.58904907248,0.0734040024333,-0.0627334736656,0.830812659206,0.548111931098
2018/10/02/14:06:33.437348,60316,1538481993,422318195,/world,vicon/IMUframe/IMUframe,-0.124422051125,0.0528569852081,1.58991952379,0.0733662424821,-0.0617111460155,0.818774966436,0.566053604582
2018/10/02/14:06:33.447653,60317,1538481993,432299859,/world,vicon/IMUframe/IMUframe,-0.126558415251,0.0499881319459,1.59103311768,0.0732611899344,-0.060765041275,0.80581501565,0.584467765032
2018/10/02/14:06:33.457580,60318,1538481993,442446468,/world,vicon/IMUframe/IMUframe,-0.128689510371,0.0469008535234,1.59221544633,0.0717361321022,-0.0598272106589,0.791751703047,0.603658738807
2018/10/02/14:06:33.467807,60319,1538481993,452386805,/world,vicon/IMUframe/IMUframe,-0.130859520154,0.043932178496,1.59357832996,0.0706316181555,-0.0592128344924,0.776765513944,0.623009109961
2018/10/02/14:06:33.478064,60320,1538481993,462366167,/world,vicon/IMUframe/IMUframe,-0.133165992635,0.0409350207118,1.5952503695,0.069665676549,-0.0586214042205,0.76069943834,0.642687007016
2018/10/02/14:06:33.487824,60321,1538481993,472327551,/world,vicon/IMUframe/IMUframe,-0.136147059895,0.0379917946714,1.59642499179,0.0684256722449,-0.0589093650774,0.743239606775,0.662904594195
2018/10/02/14:06:33.497855,60322,1538481993,482543484,/world,vicon/IMUframe/IMUframe,-0.139219070022,0.0352225865715,1.59782839112,0.0667212845936,-0.0588944505923,0.72544316425,0.682504160657
2018/10/02/14:06:33.507363,60323,1538481993,492318776,/world,vicon/IMUframe/IMUframe,-0.142275036367,0.0327725024348,1.59892772347,0.0649712063903,-0.0597692311708,0.706054752037,0.702632954302
2018/10/02/14:06:33.517503,60324,1538481993,502370047,/world,vicon/IMUframe/IMUframe,-0.145498994822,0.0303407878848,1.60024785295,0.0628420641966,-0.0606560616946,0.685982424037,0.722357135397
2018/10/02/14:06:33.527442,60325,1538481993,512314195,/world,vicon/IMUframe/IMUframe,-0.148939446213,0.0280589755555,1.60149372465,0.0608925787951,-0.0615104941051,0.665698199642,0.74118449792
2018/10/02/14:06:33.537428,60326,1538481993,522352921,/world,vicon/IMUframe/IMUframe,-0.152502334265,0.0257102965825,1.60252979548,0.0568246499879,-0.0636221194074,0.643189440458,0.760940555339
2018/10/02/14:06:33.547910,60327,1538481993,532390232,/world,vicon/IMUframe/IMUframe,-0.15617718571,0.0238093102131,1.6036590555,0.0540567085574,-0.0650260274768,0.621072795048,0.779177817486
2018/10/02/14:06:33.557773,60328,1538481993,542580668,/world,vicon/IMUframe/IMUframe,-0.160309400718,0.0218544570317,1.60470910634,0.0512453542938,-0.0667746566328,0.597496545779,0.797441494203
2018/10/02/14:06:33.567654,60329,1538481993,552354232,/world,vicon/IMUframe/IMUframe,-0.164409391638,0.0201456208432,1.60588528828,0.0477918672478,-0.0680249452593,0.573400937392,0.815045955296
2018/10/02/14:06:33.578036,60330,1538481993,562333815,/world,vicon/IMUframe/IMUframe,-0.168884362986,0.0186445158963,1.60698173331,0.043750129244,-0.0687462786003,0.548726268257,0.832021248463
2018/10/02/14:06:33.588400,60331,1538481993,572477419,/world,vicon/IMUframe/IMUframe,-0.173745408119,0.0172017161441,1.60778021956,0.039581047984,-0.069941330913,0.523307976146,0.848345632966
2018/10/02/14:06:33.597973,60332,1538481993,582344768,/world,vicon/IMUframe/IMUframe,-0.178416480971,0.01587593086,1.60870332331,0.0356818516464,-0.070550268541,0.497334109782,0.863949216285
2018/10/02/14:06:33.607650,60333,1538481993,592283770,/world,vicon/IMUframe/IMUframe,-0.183391838374,0.0149490672221,1.60951245438,0.032078374221,-0.070812299602,0.471057608653,0.878670202899
2018/10/02/14:06:33.617725,60334,1538481993,602317895,/world,vicon/IMUframe/IMUframe,-0.188448119977,0.0141939540524,1.61028367991,0.0284594442169,-0.0709191739506,0.444481086327,0.892522881891
2018/10/02/14:06:33.627936,60335,1538481993,612341094,/world,vicon/IMUframe/IMUframe,-0.193672078633,0.0139731723535,1.61080644084,0.0246872631624,-0.0707436853832,0.417382843964,0.905636478716
2018/10/02/14:06:33.637751,60336,1538481993,622369209,/world,vicon/IMUframe/IMUframe,-0.198919153983,0.0136627378956,1.61138855723,0.0210697941432,-0.0702945982744,0.389927956,0.917916620591
2018/10/02/14:06:33.648264,60337,1538481993,632349366,/world,vicon/IMUframe/IMUframe,-0.204322793955,0.0136954399367,1.61184942059,0.0174393871546,-0.0694801292916,0.362787749838,0.929114324492
2018/10/02/14:06:33.658087,60338,1538481993,642317222,/world,vicon/IMUframe/IMUframe,-0.20989073772,0.0139526037273,1.61231722551,0.0138216044735,-0.0677246736728,0.33593000845,0.939347305978
2018/10/02/14:06:33.668077,60339,1538481993,652324039,/world,vicon/IMUframe/IMUframe,-0.215299179839,0.0142127996087,1.61288812405,0.00978433477811,-0.065594711417,0.309238700426,0.948669081812
2018/10/02/14:06:33.677924,60340,1538481993,662340224,/world,vicon/IMUframe/IMUframe,-0.220787704335,0.0147865926363,1.61350297033,0.0061868989074,-0.0633475908939,0.282415373637,0.957178333302
2018/10/02/14:06:33.688194,60341,1538481993,672338333,/world,vicon/IMUframe/IMUframe,-0.226324391008,0.0156138114099,1.61399818218,0.00249879487172,-0.0605690125766,0.256011066483,0.964771208411
2018/10/02/14:06:33.697996,60342,1538481993,682302780,/world,vicon/IMUframe/IMUframe,-0.231712581852,0.0166736271038,1.61445765599,-0.000875006197076,-0.0577173086138,0.230065084318,0.971461787014
2018/10/02/14:06:33.707981,60343,1538481993,692267527,/world,vicon/IMUframe/IMUframe,-0.237099917407,0.0181820698605,1.61476125006,-0.00400368750431,-0.0547971215887,0.204067529449,0.977413775929
2018/10/02/14:06:33.717930,60344,1538481993,702346658,/world,vicon/IMUframe/IMUframe,-0.242298031228,0.0199029695811,1.61501964576,-0.00660035027458,-0.0518611036712,0.178657054464,0.982521510295
2018/10/02/14:06:33.728175,60345,1538481993,712342997,/world,vicon/IMUframe/IMUframe,-0.247519196936,0.021965317672,1.61516629454,-0.00840982113477,-0.04912513784,0.152674072458,0.987019059259
2018/10/02/14:06:33.737859,60346,1538481993,722349906,/world,vicon/IMUframe/IMUframe,-0.252348041987,0.0238131696136,1.61545447627,-0.0109969670166,-0.0462212915011,0.128985174166,0.990507689912
2018/10/02/14:06:33.747982,60347,1538481993,732269068,/world,vicon/IMUframe/IMUframe,-0.257153626898,0.0264878295966,1.61544792763,-0.0126470166582,-0.0440755771081,0.104794446763,0.993436218587
2018/10/02/14:06:33.758298,60348,1538481993,742459637,/world,vicon/IMUframe/IMUframe,-0.261991556268,0.0293541360027,1.61558161949,-0.014365938063,-0.0414266640471,0.0818800464051,0.995677211415
2018/10/02/14:06:33.768294,60349,1538481993,752318184,/world,vicon/IMUframe/IMUframe,-0.266528657334,0.0323357581481,1.61556567454,-0.0158901341695,-0.039582123563,0.0585429224201,0.997373292887
2018/10/02/14:06:33.778222,60350,1538481993,762306453,/world,vicon/IMUframe/IMUframe,-0.27093860429,0.0357873357411,1.61556666322,-0.0172599859653,-0.037401609267,0.035543901201,0.998518824858
2018/10/02/14:06:33.788076,60351,1538481993,772272078,/world,vicon/IMUframe/IMUframe,-0.275217772308,0.0393166949439,1.61532371889,-0.0179942716442,-0.0358900709691,0.013326325468,0.999104858382
2018/10/02/14:06:33.797738,60352,1538481993,782261098,/world,vicon/IMUframe/IMUframe,-0.278650764167,0.042579355147,1.61514286919,-0.0185236103386,-0.0347254855438,-0.00856552732249,0.999188494857
2018/10/02/14:06:33.808168,60353,1538481993,792327196,/world,vicon/IMUframe/IMUframe,-0.282457786953,0.046104382603,1.61474987818,-0.0185453830949,-0.0331921637091,-0.0296775786378,0.998836117869
2018/10/02/14:06:33.817849,60354,1538481993,802367526,/world,vicon/IMUframe/IMUframe,-0.286185130656,0.0497611909973,1.61431513667,-0.0184402933101,-0.0315943647885,-0.0499005967654,0.998084005552
2018/10/02/14:06:33.827874,60355,1538481993,812277609,/world,vicon/IMUframe/IMUframe,-0.289681536531,0.0532675161459,1.61388772671,-0.0180009877613,-0.0298401183563,-0.0697586200283,0.996954997333
2018/10/02/14:06:33.837609,60356,1538481993,822310572,/world,vicon/IMUframe/IMUframe,-0.293070137437,0.0571264014429,1.61342471507,-0.0169543899999,-0.028496099855,-0.0887790738218,0.995499270218
2018/10/02/14:06:33.850733,60357,1538481993,834812043,/world,vicon/IMUframe/IMUframe,-0.296667596211,0.0612538864693,1.6132614237,-0.0152220848717,-0.0252921958461,-0.107873431511,0.993726278074
2018/10/02/14:06:33.857960,60358,1538481993,842406942,/world,vicon/IMUframe/IMUframe,-0.299360182289,0.0650667803535,1.61266813047,-0.0139981770631,-0.0245556347614,-0.126515869004,0.991561801771
2018/10/02/14:06:33.867845,60359,1538481993,852301222,/world,vicon/IMUframe/IMUframe,-0.302090728756,0.0690561471143,1.61199364084,-0.0126075372707,-0.0237266217523,-0.144564220238,0.989130569567
2018/10/02/14:06:33.877673,60360,1538481993,862293774,/world,vicon/IMUframe/IMUframe,-0.304378024591,0.0726575156661,1.61129237007,-0.0111554851949,-0.0233763283934,-0.162176648832,0.986421733841
2018/10/02/14:06:33.888110,60361,1538481993,872505580,/world,vicon/IMUframe/IMUframe,-0.306501987483,0.0762117079362,1.61057177946,-0.00983253618528,-0.0230804399608,-0.179096140899,0.983511660754
2018/10/02/14:06:33.897993,60362,1538481993,882416664,/world,vicon/IMUframe/IMUframe,-0.308467941517,0.0796867310389,1.60980812511,-0.00860773974878,-0.0229484933383,-0.195499779701,0.980397424317
2018/10/02/14:06:33.908014,60363,1538481993,892353086,/world,vicon/IMUframe/IMUframe,-0.310319596417,0.0831242364242,1.6090008589,-0.00743662496622,-0.0228499636796,-0.211220573141,0.977143001434
2018/10/02/14:06:33.917941,60364,1538481993,902341616,/world,vicon/IMUframe/IMUframe,-0.312404670286,0.0864971330671,1.60831500985,-0.00610951088584,-0.0224107845138,-0.226264838636,0.973788813558
2018/10/02/14:06:33.927874,60365,1538481993,912317373,/world,vicon/IMUframe/IMUframe,-0.314235925719,0.0897540249687,1.60749340521,-0.00490806219808,-0.0221186021702,-0.240613490717,0.970356546043
2018/10/02/14:06:33.937772,60366,1538481993,922386095,/world,vicon/IMUframe/IMUframe,-0.315857159977,0.0927682213773,1.60677252095,-0.00367977436585,-0.0219639855817,-0.254170247194,0.966903060311
2018/10/02/14:06:33.947788,60367,1538481993,932369865,/world,vicon/IMUframe/IMUframe,-0.317465627243,0.0960927547507,1.60627871443,-0.00745619368432,-0.0232075819269,-0.271285008172,0.962190343777
2018/10/02/14:06:33.957591,60368,1538481993,942357659,/world,vicon/IMUframe/IMUframe,-0.318713936303,0.0989879518287,1.60550643852,-0.00482271303909,-0.0227605406716,-0.28390291626,0.958570724238
2018/10/02/14:06:33.967793,60369,1538481993,952276692,/world,vicon/IMUframe/IMUframe,-0.320007226064,0.102009730196,1.60466684958,-0.00338968618687,-0.0222076775747,-0.295985357973,0.95492826796
2018/10/02/14:06:33.978329,60370,1538481993,962418909,/world,vicon/IMUframe/IMUframe,-0.320916067162,0.104739079177,1.60399491299,-0.00180629742278,-0.0219865750444,-0.307239089303,0.951376618281
2018/10/02/14:06:33.987837,60371,1538481993,972401254,/world,vicon/IMUframe/IMUframe,-0.322154901752,0.107474633231,1.60324748736,-0.00100889199737,-0.0207494460341,-0.319118047438,0.947487263463
2018/10/02/14:06:33.998301,60372,1538481993,982283555,/world,vicon/IMUframe/IMUframe,-0.32345639896,0.109925899205,1.60268792536,-0.000559859494849,-0.0195323549166,-0.329601744933,0.943917826617
2018/10/02/14:06:34.008441,60373,1538481993,992498513,/world,vicon/IMUframe/IMUframe,-0.323759940181,0.112008246258,1.60195408302,0.00378984086691,-0.0182944715252,-0.334485795087,0.942215581649
2018/10/02/14:06:34.018311,60374,1538481994,2362871,/world,vicon/IMUframe/IMUframe,-0.324839680478,0.113606124214,1.60161679433,0.00103546367488,-0.0176383595422,-0.344794947454,0.938511726244
2018/10/02/14:06:34.028186,60375,1538481994,12321416,/world,vicon/IMUframe/IMUframe,-0.325647200278,0.114943493055,1.60109063407,0.00161111669275,-0.01640926383,-0.350595777124,0.936381728477
2018/10/02/14:06:34.037764,60376,1538481994,22306955,/world,vicon/IMUframe/IMUframe,-0.326517128147,0.116113684497,1.60073938677,0.00146029756,-0.0147369685756,-0.354572481807,0.934911249496
2018/10/02/14:06:34.048161,60377,1538481994,32276821,/world,vicon/IMUframe/IMUframe,-0.327666322042,0.116791139868,1.60042111595,0.00272001598208,-0.0117562344555,-0.354749261618,0.934883604438
2018/10/02/14:06:34.058158,60378,1538481994,42376781,/world,vicon/IMUframe/IMUframe,-0.328652743599,0.117028190317,1.60033458956,0.00186309226046,-0.00957252431556,-0.355223065934,0.934730693352
2018/10/02/14:06:34.068285,60379,1538481994,52282331,/world,vicon/IMUframe/IMUframe,-0.329625304049,0.117097750471,1.6003515244,0.00102189738973,-0.00711290830831,-0.353850748557,0.935274296667
2018/10/02/14:06:34.078056,60380,1538481994,62312657,/world,vicon/IMUframe/IMUframe,-0.330761889795,0.116371640941,1.6005211468,0.000109682346233,-0.0045417806829,-0.349781513698,0.936820288462
2018/10/02/14:06:34.088111,60381,1538481994,72264386,/world,vicon/IMUframe/IMUframe,-0.331761903609,0.115480631151,1.60074122705,-0.00113705631939,-0.00191705548177,-0.344678054791,0.938718312672
2018/10/02/14:06:34.097874,60382,1538481994,82392811,/world,vicon/IMUframe/IMUframe,-0.332691455282,0.113923273968,1.60101401826,-0.00236613920394,0.000673031131798,-0.336962221217,0.94151495468
2018/10/02/14:06:34.107699,60383,1538481994,92305481,/world,vicon/IMUframe/IMUframe,-0.33326381476,0.112039795912,1.60119038477,-0.00435462925668,0.00192218100619,-0.328650237068,0.944439709087
2018/10/02/14:06:34.117695,60384,1538481994,102379557,/world,vicon/IMUframe/IMUframe,-0.333911596622,0.109869495353,1.60165028469,-0.00567934578559,0.00416733115523,-0.317898736406,0.948098503202
2018/10/02/14:06:34.127898,60385,1538481994,112342773,/world,vicon/IMUframe/IMUframe,-0.334636780804,0.107821970513,1.60190357574,-0.00622514935287,0.00655234908761,-0.30642095121,0.951853200287
2018/10/02/14:06:34.137712,60386,1538481994,122338341,/world,vicon/IMUframe/IMUframe,-0.334855635687,0.104528638764,1.60255897566,-0.00767012125045,0.00822943356388,-0.291409057403,0.956532386763
2018/10/02/14:06:34.147879,60387,1538481994,132410708,/world,vicon/IMUframe/IMUframe,-0.335136851019,0.101817389011,1.60311851009,-0.00836358237495,0.010130560542,-0.276792497122,0.960839911624
2018/10/02/14:06:34.158227,60388,1538481994,142413778,/world,vicon/IMUframe/IMUframe,-0.335151702787,0.0985002859938,1.60366959485,-0.0089428982741,0.011747549665,-0.260511348367,0.965357890639
2018/10/02/14:06:34.168087,60389,1538481994,152362865,/world,vicon/IMUframe/IMUframe,-0.334937257483,0.0956798878492,1.60422337402,-0.0088395420253,0.0131530734342,-0.243650761895,0.969733553809
2018/10/02/14:06:34.178089,60390,1538481994,162280683,/world,vicon/IMUframe/IMUframe,-0.334917627739,0.0926498212025,1.60491287756,-0.00792605717075,0.0158594921908,-0.22513379464,0.974166530238
2018/10/02/14:06:34.188284,60391,1538481994,172447621,/world,vicon/IMUframe/IMUframe,-0.334395375886,0.0893798437216,1.6054695862,-0.00770701871759,0.0169898409981,-0.206772054997,0.97821125757
2018/10/02/14:06:34.198250,60392,1538481994,182314979,/world,vicon/IMUframe/IMUframe,-0.333695038833,0.0861584826445,1.60595466412,-0.00706926187712,0.0178693133521,-0.188226331598,0.981937656509
2018/10/02/14:06:34.208043,60393,1538481994,192337209,/world,vicon/IMUframe/IMUframe,-0.332765553467,0.083000300969,1.60638551886,-0.00614377064039,0.0186626691593,-0.169173082882,0.985390494621
2018/10/02/14:06:34.218070,60394,1538481994,202260726,/world,vicon/IMUframe/IMUframe,-0.331408922204,0.0795396029994,1.60678434515,-0.00548676562542,0.0188693393102,-0.149863196986,0.9885114393
2018/10/02/14:06:34.228013,60395,1538481994,212394394,/world,vicon/IMUframe/IMUframe,-0.330010848433,0.0760794339801,1.60719544543,-0.00509987020095,0.0192220027461,-0.129759932437,0.991345986963
2018/10/02/14:06:34.238130,60396,1538481994,222335557,/world,vicon/IMUframe/IMUframe,-0.328094764144,0.07250529451,1.60722002975,-0.005703398676,0.0175501222823,-0.109435503854,0.99382258726
2018/10/02/14:06:34.248049,60397,1538481994,232382421,/world,vicon/IMUframe/IMUframe,-0.326266816134,0.0689822097783,1.60766703169,-0.00540547008683,0.0177406890743,-0.0884526744782,0.995907713205
2018/10/02/14:06:34.257941,60398,1538481994,242292085,/world,vicon/IMUframe/IMUframe,-0.324585535762,0.0655418606304,1.60805371602,-0.00516590806189,0.0182982165365,-0.0669840749698,0.997572865692
2018/10/02/14:06:34.268042,60399,1538481994,252313932,/world,vicon/IMUframe/IMUframe,-0.323238974084,0.062229892367,1.60863611668,-0.00386929907187,0.0211794543506,-0.0439319336102,0.998802505227
2018/10/02/14:06:34.278632,60400,1538481994,262642374,/world,vicon/IMUframe/IMUframe,-0.32132435144,0.0587553374564,1.6089517202,-0.00331448629091,0.0220660238255,-0.0211699233048,0.999526857628
2018/10/02/14:06:34.288004,60401,1538481994,272339915,/world,vicon/IMUframe/IMUframe,-0.319039334766,0.0553070446911,1.60920370758,-0.00278119536049,0.0227598066341,0.00146053749397,0.999736026651
2018/10/02/14:06:34.298295,60402,1538481994,282257595,/world,vicon/IMUframe/IMUframe,-0.316772245052,0.0520141323934,1.60943272294,-0.00212096236672,0.0236249915504,0.0241525661345,0.999426843167
2018/10/02/14:06:34.307923,60403,1538481994,292301919,/world,vicon/IMUframe/IMUframe,-0.314294203474,0.0488308670137,1.60957585912,-0.00127391148524,0.0245229342813,0.046238796573,0.998628547827
2018/10/02/14:06:34.318215,60404,1538481994,302417487,/world,vicon/IMUframe/IMUframe,-0.311823909093,0.0454395728763,1.60974345205,0.000302863923496,0.0263212365058,0.0699595600189,0.997202467277
2018/10/02/14:06:34.328244,60405,1538481994,312383251,/world,vicon/IMUframe/IMUframe,-0.309104530758,0.0426318235423,1.60995212782,-6.6754099012e-05,0.0264347488869,0.090719042549,0.995525617407
2018/10/02/14:06:34.338190,60406,1538481994,322348038,/world,vicon/IMUframe/IMUframe,-0.30555338441,0.0402333138282,1.60875824971,0.0055551046338,0.0240229887229,0.112615459314,0.993332670936
2018/10/02/14:06:34.347635,60407,1538481994,332287240,/world,vicon/IMUframe/IMUframe,-0.302638670725,0.0378617657968,1.60860504377,0.00748232079661,0.0245121500256,0.134192471989,0.99062381853
2018/10/02/14:06:34.358594,60408,1538481994,342397681,/world,vicon/IMUframe/IMUframe,-0.299761248311,0.035769709424,1.60863970283,0.00938950345717,0.0262579301581,0.155779123781,0.987398208892
2018/10/02/14:06:34.368484,60409,1538481994,352476050,/world,vicon/IMUframe/IMUframe,-0.296159568611,0.0336152536068,1.60817198139,0.0111360388197,0.0251102915639,0.17698699852,0.98382979435
2018/10/02/14:06:34.378255,60410,1538481994,362266304,/world,vicon/IMUframe/IMUframe,-0.29282013942,0.031409644123,1.60806943034,0.0126151490521,0.0263186058291,0.198998929851,0.979565013115
2018/10/02/14:06:34.387890,60411,1538481994,372289156,/world,vicon/IMUframe/IMUframe,-0.289368905152,0.0294357500969,1.60765848884,0.0144027707131,0.0266962280418,0.220978461493,0.97480684813
2018/10/02/14:06:34.398200,60412,1538481994,382325158,/world,vicon/IMUframe/IMUframe,-0.285902658123,0.0275540094197,1.6072527433,0.0162529403007,0.0270170078282,0.241923399866,0.969782961191
2018/10/02/14:06:34.408062,60413,1538481994,392369539,/world,vicon/IMUframe/IMUframe,-0.282409744003,0.0257827850825,1.60678576044,0.0182968056595,0.0275512722305,0.263500202512,0.96409221425
2018/10/02/14:06:34.418177,60414,1538481994,402263537,/world,vicon/IMUframe/IMUframe,-0.278860965304,0.024010540192,1.60630428742,0.0199593136314,0.0277122011897,0.284169124415,0.958165731194
2018/10/02/14:06:34.427691,60415,1538481994,412289240,/world,vicon/IMUframe/IMUframe,-0.275345758243,0.0224135927633,1.60587354856,0.0211938715666,0.0283953406366,0.304977545405,0.951700174024
2018/10/02/14:06:34.437615,60416,1538481994,422238331,/world,vicon/IMUframe/IMUframe,-0.271728571024,0.0211672612571,1.60523881511,0.0232764679662,0.0288765402715,0.325246846394,0.944901497708
2018/10/02/14:06:34.448081,60417,1538481994,432446485,/world,vicon/IMUframe/IMUframe,-0.268092866742,0.0199805937597,1.60466497332,0.0256241344249,0.0292939778917,0.346358625449,0.937294494367
2018/10/02/14:06:34.458109,60418,1538481994,442425706,/world,vicon/IMUframe/IMUframe,-0.26413426626,0.0189822349596,1.60395534034,0.0272859617202,0.0293833241341,0.367298379635,0.929238396147
2018/10/02/14:06:34.467857,60419,1538481994,452330067,/world,vicon/IMUframe/IMUframe,-0.260072237931,0.0181287364054,1.60328052695,0.0289843921191,0.0295102381186,0.388312491247,0.920598968064
2018/10/02/14:06:34.477787,60420,1538481994,462276933,/world,vicon/IMUframe/IMUframe,-0.255822817069,0.0170564677073,1.60261363263,0.0311500626626,0.0291135636508,0.409147046672,0.911471759413
2018/10/02/14:06:34.488139,60421,1538481994,472510621,/world,vicon/IMUframe/IMUframe,-0.251747684873,0.0159734811521,1.6017847626,0.032498647962,0.0295766777241,0.431064015032,0.901250727023
2018/10/02/14:06:34.497791,60422,1538481994,482392208,/world,vicon/IMUframe/IMUframe,-0.247541490998,0.0152891425278,1.60086821085,0.0343675754566,0.0293092811192,0.451684590342,0.891033594566
2018/10/02/14:06:34.508063,60423,1538481994,492359770,/world,vicon/IMUframe/IMUframe,-0.243302837244,0.0147120856417,1.5998925717,0.036101288575,0.0290424559975,0.472055332732,0.880350495855
2018/10/02/14:06:34.518156,60424,1538481994,502341182,/world,vicon/IMUframe/IMUframe,-0.238070960388,0.0140085402568,1.59995608869,0.0309965607317,0.0303723535776,0.492201831595,0.869398694694
2018/10/02/14:06:34.528755,60425,1538481994,512656640,/world,vicon/IMUframe/IMUframe,-0.233765092856,0.0139791957121,1.59879007807,0.0325874579746,0.0294181561865,0.511169231695,0.858358110719
2018/10/02/14:06:34.538325,60426,1538481994,522337694,/world,vicon/IMUframe/IMUframe,-0.22915542645,0.0143686669855,1.59715534651,0.0360884851476,0.0277511093869,0.532173813171,0.845410273029
2018/10/02/14:06:34.548089,60427,1538481994,532315913,/world,vicon/IMUframe/IMUframe,-0.224497330863,0.0143783421331,1.59617951665,0.0367837515561,0.0273195926584,0.552066346698,0.832540295915
2018/10/02/14:06:34.557871,60428,1538481994,542275804,/world,vicon/IMUframe/IMUframe,-0.21995221988,0.0148641558205,1.59510611542,0.0379460921034,0.0260486089215,0.57124837822,0.819485725592
2018/10/02/14:06:34.567872,60429,1538481994,552329325,/world,vicon/IMUframe/IMUframe,-0.215386301551,0.0154702281736,1.59394539878,0.0388475882769,0.0248229587389,0.590371904735,0.80581368796
2018/10/02/14:06:34.578440,60430,1538481994,562418790,/world,vicon/IMUframe/IMUframe,-0.210768592866,0.0162258251243,1.59282393807,0.0395073752799,0.0235690377396,0.609015675808,0.791822943832
2018/10/02/14:06:34.588181,60431,1538481994,572329526,/world,vicon/IMUframe/IMUframe,-0.207329930048,0.0173009778631,1.5911191125,0.0440018447293,0.0223659562508,0.627512693432,0.777040167072
2018/10/02/14:06:34.598097,60432,1538481994,582292804,/world,vicon/IMUframe/IMUframe,-0.203116594076,0.0183063055381,1.5898114765,0.0447745302103,0.0212573062465,0.645474927443,0.762171559701
2018/10/02/14:06:34.607886,60433,1538481994,592297488,/world,vicon/IMUframe/IMUframe,-0.198754207786,0.0191903621658,1.58844766984,0.0461026471078,0.0200687684546,0.66258297995,0.747298859321
2018/10/02/14:06:34.618417,60434,1538481994,602442295,/world,vicon/IMUframe/IMUframe,-0.194633925598,0.0201818419895,1.58726806194,0.0461115625061,0.0185663878359,0.678925981089,0.732522030555
2018/10/02/14:06:34.628062,60435,1538481994,612286729,/world,vicon/IMUframe/IMUframe,-0.190742200814,0.0216377859356,1.58595214095,0.0463234445031,0.0165222097758,0.693957529902,0.718334254902
2018/10/02/14:06:34.637845,60436,1538481994,622303469,/world,vicon/IMUframe/IMUframe,-0.186939829552,0.0227406240903,1.58456488243,0.0468500910783,0.0140354195384,0.708721068685,0.7037915336
2018/10/02/14:06:34.647868,60437,1538481994,632284852,/world,vicon/IMUframe/IMUframe,-0.183102251992,0.0239811862157,1.5831716884,0.0475344702384,0.0109433357742,0.722530808734,0.689615797362
2018/10/02/14:06:34.658025,60438,1538481994,642447076,/world,vicon/IMUframe/IMUframe,-0.179377533496,0.0255288392692,1.58164238227,0.0486375692591,0.00701645369067,0.735340440595,0.675913894412
2018/10/02/14:06:34.667762,60439,1538481994,652343075,/world,vicon/IMUframe/IMUframe,-0.175688972495,0.026811340487,1.58019262808,0.0491005391925,0.00314142485935,0.747496946591,0.662440626274
2018/10/02/14:06:34.677850,60440,1538481994,662348931,/world,vicon/IMUframe/IMUframe,-0.17216534892,0.0282853575315,1.57856870863,0.0494374663269,-0.00119919472978,0.758748538076,0.649503775834
2018/10/02/14:06:34.687899,60441,1538481994,672331076,/world,vicon/IMUframe/IMUframe,-0.168586623371,0.0295828600262,1.57708465739,0.0496925061106,-0.00544995488021,0.76962181167,0.636540037885
2018/10/02/14:06:34.698177,60442,1538481994,682422009,/world,vicon/IMUframe/IMUframe,-0.16523957276,0.0309264637141,1.57559910783,0.0497185533834,-0.00973523877783,0.779553073798,0.624283826242
2018/10/02/14:06:34.708210,60443,1538481994,692411059,/world,vicon/IMUframe/IMUframe,-0.162177178758,0.0322708520827,1.57394501874,0.0507101740637,-0.0148297412692,0.788297729748,0.613021407697
2018/10/02/14:06:34.718251,60444,1538481994,702352117,/world,vicon/IMUframe/IMUframe,-0.159554415801,0.0334403222741,1.57309892755,0.047427307538,-0.0170363794857,0.79677143683,0.602175796364
2018/10/02/14:06:34.728056,60445,1538481994,712306176,/world,vicon/IMUframe/IMUframe,-0.156674016796,0.0347912962113,1.57164229771,0.0475350247331,-0.0215770572946,0.8046151747,0.591497483228
2018/10/02/14:06:34.737712,60446,1538481994,722244579,/world,vicon/IMUframe/IMUframe,-0.153637674562,0.0360713018145,1.57020949538,0.04685368792,-0.0258621469124,0.812106674183,0.581049594297
2018/10/02/14:06:34.748319,60447,1538481994,732370753,/world,vicon/IMUframe/IMUframe,-0.150658265967,0.0373243505115,1.56871927805,0.0469597342466,-0.0307161978514,0.818851855745,0.571255579309
2018/10/02/14:06:34.757995,60448,1538481994,742388686,/world,vicon/IMUframe/IMUframe,-0.147821375463,0.0384195868539,1.56746466401,0.0466202893045,-0.0348872747878,0.825257228161,0.561747215437
2018/10/02/14:06:34.768282,60449,1538481994,752307776,/world,vicon/IMUframe/IMUframe,-0.144916794363,0.0399696441864,1.56576711478,0.0504525043318,-0.0412474833549,0.831128405733,0.552248823545
2018/10/02/14:06:34.778159,60450,1538481994,762324708,/world,vicon/IMUframe/IMUframe,-0.142394630506,0.0410733889913,1.56469187209,0.0514914478244,-0.0453570338698,0.836421496586,0.543774264129
2018/10/02/14:06:34.788398,60451,1538481994,772424650,/world,vicon/IMUframe/IMUframe,-0.139756031287,0.0422899482633,1.5634618323,0.0510301256516,-0.0498605614857,0.841369486402,0.535730564777
2018/10/02/14:06:34.797947,60452,1538481994,782354056,/world,vicon/IMUframe/IMUframe,-0.137428400112,0.043491797681,1.56241694202,0.0507788012227,-0.0541407787482,0.846018173423,0.527961683895
2018/10/02/14:06:34.807649,60453,1538481994,792240035,/world,vicon/IMUframe/IMUframe,-0.135177532213,0.0447620182015,1.56144501455,0.0504350632296,-0.058339586139,0.850451763825,0.520369670997
2018/10/02/14:06:34.817366,60454,1538481994,802303063,/world,vicon/IMUframe/IMUframe,-0.133035443345,0.0460551237902,1.56050506546,0.0503115509288,-0.06227739953,0.854699230278,0.512912759749
2018/10/02/14:06:34.827634,60455,1538481994,812394406,/world,vicon/IMUframe/IMUframe,-0.131057124138,0.0473629473639,1.55957089876,0.0503332031889,-0.065897968494,0.85883943574,0.505488723932
2018/10/02/14:06:34.837719,60456,1538481994,822395822,/world,vicon/IMUframe/IMUframe,-0.129220278504,0.0486803819731,1.55864329363,0.0506672064911,-0.0690174907249,0.86273519923,0.498354689123
2018/10/02/14:06:34.847568,60457,1538481994,832368812,/world,vicon/IMUframe/IMUframe,-0.127654590448,0.0498412667523,1.55771199317,0.0512113299272,-0.0715083941966,0.866467731483,0.491424073021
2018/10/02/14:06:34.857463,60458,1538481994,842323230,/world,vicon/IMUframe/IMUframe,-0.126203542201,0.0510044911089,1.55679755172,0.0517153884576,-0.0735230755776,0.869824769135,0.485102821012
2018/10/02/14:06:34.867568,60459,1538481994,852299878,/world,vicon/IMUframe/IMUframe,-0.124944213336,0.0520721119586,1.55589700271,0.0523712174719,-0.0750598187984,0.872714232672,0.479576007817
2018/10/02/14:06:34.877777,60460,1538481994,862370216,/world,vicon/IMUframe/IMUframe,-0.123900397116,0.0529849088711,1.55504377173,0.052907441804,-0.0762286601879,0.875095197346,0.474971988174
2018/10/02/14:06:34.887722,60461,1538481994,872383699,/world,vicon/IMUframe/IMUframe,-0.123019778033,0.0537608420107,1.55420512399,0.053446019911,-0.0769998827868,0.876967668247,0.471319689654
2018/10/02/14:06:34.897574,60462,1538481994,882322684,/world,vicon/IMUframe/IMUframe,-0.122287078087,0.0543825215406,1.5533795307,0.0541302028338,-0.0774471504338,0.878299888277,0.468680238845
2018/10/02/14:06:34.907569,60463,1538481994,892295724,/world,vicon/IMUframe/IMUframe,-0.121670343081,0.0547995732235,1.55253432526,0.0549646740923,-0.0774791487687,0.879110782851,0.46705470513
2018/10/02/14:06:34.918020,60464,1538481994,902550157,/world,vicon/IMUframe/IMUframe,-0.121141010651,0.0550000670047,1.55174868208,0.056103035075,-0.0772069330914,0.879333916164,0.466544105977
2018/10/02/14:06:34.927862,60465,1538481994,912397002,/world,vicon/IMUframe/IMUframe,-0.12074179888,0.0550178193275,1.55095366044,0.0573906498092,-0.0766187851245,0.879039534805,0.467038939844
2018/10/02/14:06:34.937860,60466,1538481994,922346589,/world,vicon/IMUframe/IMUframe,-0.120462548726,0.0548462692688,1.55020874089,0.0589412216119,-0.0758605367561,0.878152001546,0.468636504701
2018/10/02/14:06:34.947356,60467,1538481994,932309691,/world,vicon/IMUframe/IMUframe,-0.120348427504,0.0544801123255,1.54951687843,0.0607170516586,-0.074751272582,0.876623192675,0.471441899867
2018/10/02/14:06:34.957563,60468,1538481994,942381313,/world,vicon/IMUframe/IMUframe,-0.120380752096,0.0539056379633,1.5488681039,0.0627683174167,-0.0735413164832,0.874352431804,0.475562443951
2018/10/02/14:06:34.967438,60469,1538481994,952360387,/world,vicon/IMUframe/IMUframe,-0.120484332307,0.053174616376,1.54831046164,0.065398010313,-0.0718126149076,0.871347993472,0.480956050861
2018/10/02/14:06:34.977390,60470,1538481994,962279842,/world,vicon/IMUframe/IMUframe,-0.120411185336,0.0526622304079,1.54840608754,0.062863239679,-0.0749262321124,0.866826460397,0.488923470898
2018/10/02/14:06:34.987318,60471,1538481994,972324726,/world,vicon/IMUframe/IMUframe,-0.120878788685,0.051490673051,1.54794668746,0.0654090976626,-0.0735764660342,0.862209184079,0.496893828176
2018/10/02/14:06:34.997282,60472,1538481994,982354420,/world,vicon/IMUframe/IMUframe,-0.121464152846,0.0501436181457,1.5475622547,0.0681187612604,-0.0722430159127,0.856789838692,0.506015763914
2018/10/02/14:06:35.007435,60473,1538481994,992416549,/world,vicon/IMUframe/IMUframe,-0.122172088731,0.0486204087633,1.5472592492,0.0709186416111,-0.0710440780106,0.850600875979,0.516140906182
2018/10/02/14:06:35.017673,60474,1538481995,2416299,/world,vicon/IMUframe/IMUframe,-0.122964216246,0.0469822059271,1.54706257962,0.0735020405344,-0.0699837936172,0.843635216958,0.527237460141
2018/10/02/14:06:35.027705,60475,1538481995,12334723,/world,vicon/IMUframe/IMUframe,-0.123877448396,0.04516622618,1.54694814045,0.0757958588125,-0.0688065063029,0.835979685101,0.539127645902
2018/10/02/14:06:35.037784,60476,1538481995,22332634,/world,vicon/IMUframe/IMUframe,-0.124837702994,0.0431421062396,1.54700060503,0.0778364862299,-0.0677821526064,0.827462378314,0.551953869154
2018/10/02/14:06:35.051147,60477,1538481995,32444100,/world,vicon/IMUframe/IMUframe,-0.126177514828,0.0412855836342,1.54702504469,0.0792440839984,-0.0659089983233,0.819130111981,0.564271422931
2018/10/02/14:06:35.057753,60478,1538481995,42485897,/world,vicon/IMUframe/IMUframe,-0.127953090251,0.0393013832145,1.54708323238,0.0812888927172,-0.0640005310673,0.809911756929,0.577355171392
2018/10/02/14:06:35.067714,60479,1538481995,52332226,/world,vicon/IMUframe/IMUframe,-0.129492497792,0.0374169798102,1.54715581603,0.0830747022695,-0.0630213946279,0.799839565085,0.591086768407
2018/10/02/14:06:35.077546,60480,1538481995,62344918,/world,vicon/IMUframe/IMUframe,-0.130376419684,0.0350039121192,1.54756035011,0.0830686592686,-0.0620261506975,0.788593451298,0.606112797297
2018/10/02/14:06:35.087821,60481,1538481995,72393012,/world,vicon/IMUframe/IMUframe,-0.131285498083,0.0326996144228,1.54802667303,0.0830879482411,-0.0622370696096,0.776123785674,0.621976534392
2018/10/02/14:06:35.097764,60482,1538481995,82633548,/world,vicon/IMUframe/IMUframe,-0.133144357757,0.0308772051553,1.54824783675,0.0842854144232,-0.0610993066195,0.764512800184,0.636147012884
2018/10/02/14:06:35.107421,60483,1538481995,92370327,/world,vicon/IMUframe/IMUframe,-0.135089586625,0.0290623923447,1.54847081981,0.0853845874535,-0.0599053542646,0.752665678201,0.650088607509
2018/10/02/14:06:35.117352,60484,1538481995,102308310,/world,vicon/IMUframe/IMUframe,-0.136876438258,0.0272214690555,1.54880349273,0.0861390677608,-0.0591038837831,0.739676300838,0.664805055565
2018/10/02/14:06:35.127553,60485,1538481995,112409916,/world,vicon/IMUframe/IMUframe,-0.139021711564,0.0256286389498,1.54912060079,0.0869314569205,-0.0581931746029,0.726290511339,0.679381019286
2018/10/02/14:06:35.137865,60486,1538481995,122458499,/world,vicon/IMUframe/IMUframe,-0.141208559309,0.0241765620693,1.54941849131,0.0874107776265,-0.0573324729248,0.71289866159,0.69343193019
2018/10/02/14:06:35.147716,60487,1538481995,132431514,/world,vicon/IMUframe/IMUframe,-0.143388364251,0.0227648340661,1.54986405912,0.0874971740818,-0.0564132552532,0.69913531657,0.707369492051
2018/10/02/14:06:35.157423,60488,1538481995,142332560,/world,vicon/IMUframe/IMUframe,-0.145657454004,0.0214075518172,1.55032433905,0.087212319998,-0.0554413057829,0.6854218218,0.720775415129
2018/10/02/14:06:35.167289,60489,1538481995,152314210,/world,vicon/IMUframe/IMUframe,-0.148088758089,0.0201719449314,1.55079651541,0.0866927423104,-0.0542706297562,0.671671060582,0.733755445331
2018/10/02/14:06:35.177403,60490,1538481995,162355818,/world,vicon/IMUframe/IMUframe,-0.149994359736,0.0187552380778,1.55143796461,0.0852935353499,-0.0537551387608,0.657196681233,0.746945727654
2018/10/02/14:06:35.187397,60491,1538481995,172372135,/world,vicon/IMUframe/IMUframe,-0.152402470935,0.0175923803457,1.55202908074,0.0840060772613,-0.0528149083428,0.643191253217,0.759248691948
2018/10/02/14:06:35.197302,60492,1538481995,182351029,/world,vicon/IMUframe/IMUframe,-0.154739271972,0.0166173514956,1.55256382469,0.0823638184993,-0.051904000518,0.629277164255,0.771059288693
2018/10/02/14:06:35.207289,60493,1538481995,192320243,/world,vicon/IMUframe/IMUframe,-0.157118277052,0.0157130155363,1.55309501903,0.0804558433222,-0.0510043362371,0.61543293818,0.782411473308
2018/10/02/14:06:35.217566,60494,1538481995,202385615,/world,vicon/IMUframe/IMUframe,-0.159481691992,0.0148693993536,1.55359741507,0.0784781836173,-0.0502186597193,0.601598889942,0.793346101353
2018/10/02/14:06:35.227787,60495,1538481995,212396311,/world,vicon/IMUframe/IMUframe,-0.162002767371,0.0142260320499,1.55394234968,0.0765318433055,-0.0493486682501,0.588208028404,0.80356636392
2018/10/02/14:06:35.237532,60496,1538481995,222397555,/world,vicon/IMUframe/IMUframe,-0.164379454802,0.013654123155,1.55434823359,0.0741856624592,-0.0484630184609,0.57524955796,0.813164048267
2018/10/02/14:06:35.247479,60497,1538481995,232355261,/world,vicon/IMUframe/IMUframe,-0.166945768464,0.0132699927251,1.55461961395,0.0722758591905,-0.0473285865998,0.562114470741,0.822534818018
2018/10/02/14:06:35.257844,60498,1538481995,242333135,/world,vicon/IMUframe/IMUframe,-0.1690180989,0.0124360565185,1.55512017061,0.0685717252458,-0.0464794397983,0.548122098683,0.832285855405
2018/10/02/14:06:35.268096,60499,1538481995,252408236,/world,vicon/IMUframe/IMUframe,-0.172169087748,0.012149913778,1.55482372232,0.0689498204933,-0.0448979167689,0.534717480059,0.841015645421
2018/10/02/14:06:35.277497,60500,1538481995,262360848,/world,vicon/IMUframe/IMUframe,-0.174428833219,0.0117401714423,1.55523045659,0.0654230661348,-0.0437800162593,0.521656600474,0.849516052689
2018/10/02/14:06:35.287625,60501,1538481995,272316890,/world,vicon/IMUframe/IMUframe,-0.176568162274,0.0114259852424,1.5555530642,0.061970954214,-0.0427083682015,0.509110674801,0.85740417361
2018/10/02/14:06:35.297366,60502,1538481995,282317665,/world,vicon/IMUframe/IMUframe,-0.17898332938,0.0112671529906,1.55601860521,0.0581014195993,-0.0417800859909,0.495245878103,0.865800305889
2018/10/02/14:06:35.307793,60503,1538481995,292478861,/world,vicon/IMUframe/IMUframe,-0.181113961186,0.0111429445713,1.556365295,0.0544591604561,-0.0408614409389,0.483034989062,0.872950022526
2018/10/02/14:06:35.317611,60504,1538481995,302388336,/world,vicon/IMUframe/IMUframe,-0.183384682757,0.0110096917603,1.55667098401,0.0507451075355,-0.0398056866284,0.470841059875,0.879857453062
2018/10/02/14:06:35.327594,60505,1538481995,312325105,/world,vicon/IMUframe/IMUframe,-0.185112714454,0.0110195728982,1.55714230367,0.046037484473,-0.0389463730261,0.460055524362,0.885840078432
2018/10/02/14:06:35.337412,60506,1538481995,322317629,/world,vicon/IMUframe/IMUframe,-0.188503125975,0.011133516734,1.55768258301,0.0420248114216,-0.0340024727681,0.446579536947,0.893109435764
2018/10/02/14:06:35.347464,60507,1538481995,332394178,/world,vicon/IMUframe/IMUframe,-0.190679560583,0.0113453663385,1.55787268872,0.0387707656008,-0.0330139963839,0.435008723714,0.89898515787
2018/10/02/14:06:35.357567,60508,1538481995,342406720,/world,vicon/IMUframe/IMUframe,-0.192876809843,0.0116087502687,1.55804346206,0.0353799826326,-0.0320743750013,0.423595965423,0.904591592585
2018/10/02/14:06:35.368002,60509,1538481995,352358368,/world,vicon/IMUframe/IMUframe,-0.19424703915,0.0121434218061,1.55760337634,0.0338498342127,-0.035359957562,0.411043746055,0.910300445432
2018/10/02/14:06:35.377724,60510,1538481995,362315001,/world,vicon/IMUframe/IMUframe,-0.196312905138,0.0124043202332,1.55777131428,0.0300683338619,-0.0344078713852,0.400302313067,0.915243165415
2018/10/02/14:06:35.388690,60511,1538481995,372421761,/world,vicon/IMUframe/IMUframe,-0.198451110285,0.0127716332767,1.55783913334,0.0265628169768,-0.0338719571639,0.389259332707,0.920121882781
2018/10/02/14:06:35.398439,60512,1538481995,382413952,/world,vicon/IMUframe/IMUframe,-0.200515970985,0.0129728881836,1.55800882624,0.0231583189486,-0.0331561103114,0.378512270473,0.92471229348
2018/10/02/14:06:35.408164,60513,1538481995,392284604,/world,vicon/IMUframe/IMUframe,-0.202536513268,0.0133065898303,1.55801689844,0.0197792608542,-0.0325172921279,0.367715330827,0.929159212421
2018/10/02/14:06:35.417926,60514,1538481995,402299953,/world,vicon/IMUframe/IMUframe,-0.204420062603,0.0136356551764,1.55805747706,0.0162765011147,-0.0317898923276,0.357036811218,0.933407303214
2018/10/02/14:06:35.428048,60515,1538481995,412276543,/world,vicon/IMUframe/IMUframe,-0.20646247536,0.0142797760802,1.55782250646,0.0123860687322,-0.0314426732171,0.34602172445,0.937617677847
2018/10/02/14:06:35.437764,60516,1538481995,422359208,/world,vicon/IMUframe/IMUframe,-0.208393204015,0.0148077747,1.55767488823,0.0087968608798,-0.0312087804569,0.334998664195,0.941660513268
2018/10/02/14:06:35.447521,60517,1538481995,432308874,/world,vicon/IMUframe/IMUframe,-0.210278607202,0.0153286103282,1.55747932525,0.00526463842806,-0.0311810568526,0.323878371739,0.945570106124
2018/10/02/14:06:35.457311,60518,1538481995,442292397,/world,vicon/IMUframe/IMUframe,-0.212152721596,0.0159880970064,1.55726305107,0.0015109658833,-0.0313614175508,0.312595698944,0.94936721424
2018/10/02/14:06:35.467386,60519,1538481995,452317867,/world,vicon/IMUframe/IMUframe,-0.214128525585,0.0170804801969,1.55725788425,-0.00258819805389,-0.0305041293532,0.30100230467,0.953131896385
2018/10/02/14:06:35.477930,60520,1538481995,462476584,/world,vicon/IMUframe/IMUframe,-0.216409798588,0.0177234064908,1.55719984038,-0.00560915546021,-0.0287539164761,0.290836611788,0.956324116033
2018/10/02/14:06:35.487730,60521,1538481995,472411184,/world,vicon/IMUframe/IMUframe,-0.218070388022,0.0185236408963,1.55678305105,-0.00834832655357,-0.0290354713035,0.279929953336,0.959544927596
2018/10/02/14:06:35.497674,60522,1538481995,482375287,/world,vicon/IMUframe/IMUframe,-0.219732018783,0.0193606472958,1.55633571709,-0.010859690689,-0.0293333542932,0.268823686009,0.962681384096
2018/10/02/14:06:35.507648,60523,1538481995,492353586,/world,vicon/IMUframe/IMUframe,-0.22147646006,0.0202856698074,1.5557835754,-0.013167921056,-0.0293490304308,0.257955037573,0.965621270923
2018/10/02/14:06:35.517452,60524,1538481995,502353874,/world,vicon/IMUframe/IMUframe,-0.222475593798,0.0210337436952,1.55484843532,-0.0153832659654,-0.0320085456526,0.247053896395,0.96835075278
2018/10/02/14:06:35.527898,60525,1538481995,512369259,/world,vicon/IMUframe/IMUframe,-0.223862635756,0.0217496988086,1.55423321783,-0.017715202662,-0.032291891696,0.23649408996,0.970934575931
2018/10/02/14:06:35.537903,60526,1538481995,522462876,/world,vicon/IMUframe/IMUframe,-0.225226394453,0.0223692838126,1.55360204783,-0.0199663472287,-0.0323144458978,0.226306848023,0.973315124768
2018/10/02/14:06:35.547799,60527,1538481995,532305578,/world,vicon/IMUframe/IMUframe,-0.226645722524,0.0231848397645,1.55292933363,-0.0220491000683,-0.0322474475929,0.215869690619,0.975640413258
2018/10/02/14:06:35.558169,60528,1538481995,542411833,/world,vicon/IMUframe/IMUframe,-0.227900212971,0.0240062948115,1.55234177718,-0.0234721128527,-0.0322688276183,0.205420137823,0.977860086955
2018/10/02/14:06:35.567772,60529,1538481995,552390785,/world,vicon/IMUframe/IMUframe,-0.229294064377,0.0248503389646,1.55160551122,-0.0248311319765,-0.0318185338843,0.195414653864,0.979889845259
2018/10/02/14:06:35.577786,60530,1538481995,562460509,/world,vicon/IMUframe/IMUframe,-0.230889697079,0.0258276665717,1.55082369086,-0.0257545467847,-0.0312173931678,0.18443184413,0.982011747666
2018/10/02/14:06:35.587440,60531,1538481995,572218785,/world,vicon/IMUframe/IMUframe,-0.23245559839,0.0263117058867,1.55005681474,-0.0276624990826,-0.0304455679913,0.17389691539,0.983904322763
2018/10/02/14:06:35.597357,60532,1538481995,582317924,/world,vicon/IMUframe/IMUframe,-0.233691649918,0.0274088478945,1.54919354067,-0.0280271749681,-0.0297298782661,0.16558496992,0.985348785729
2018/10/02/14:06:35.607617,60533,1538481995,592394368,/world,vicon/IMUframe/IMUframe,-0.234938808788,0.0282184937936,1.54840602105,-0.0289689007993,-0.0291403688954,0.15618830867,0.986872258158
2018/10/02/14:06:35.617528,60534,1538481995,602390371,/world,vicon/IMUframe/IMUframe,-0.236109774012,0.0290155985655,1.54756645783,-0.0297256761397,-0.0285942153693,0.146882236567,0.988293662636
2018/10/02/14:06:35.627552,60535,1538481995,612337650,/world,vicon/IMUframe/IMUframe,-0.237226980236,0.0298623195121,1.54660789311,-0.0303785398079,-0.0283206119989,0.137338747211,0.989653048179
2018/10/02/14:06:35.637736,60536,1538481995,622306280,/world,vicon/IMUframe/IMUframe,-0.238262558589,0.0304416405649,1.54563155241,-0.0298770666719,-0.028092203276,0.12782429266,0.990948605735
2018/10/02/14:06:35.647965,60537,1538481995,632417210,/world,vicon/IMUframe/IMUframe,-0.239411646747,0.0315226470571,1.54477365679,-0.0312658978134,-0.0271747967943,0.11836986176,0.992105110298
2018/10/02/14:06:35.657625,60538,1538481995,642385474,/world,vicon/IMUframe/IMUframe,-0.24035966104,0.0322638579963,1.54378969128,-0.0316489825143,-0.0267497657369,0.109407589342,0.993132806493
2018/10/02/14:06:35.667632,60539,1538481995,652396960,/world,vicon/IMUframe/IMUframe,-0.241274973186,0.033104280512,1.54277340623,-0.0318049106592,-0.0266388725742,0.100272839595,0.994094651311
2018/10/02/14:06:35.677533,60540,1538481995,662319830,/world,vicon/IMUframe/IMUframe,-0.242139352336,0.0340076602905,1.54165085545,-0.0317592258771,-0.0267771079699,0.0911050199029,0.994974478773
2018/10/02/14:06:35.687838,60541,1538481995,672538004,/world,vicon/IMUframe/IMUframe,-0.242953451377,0.0349076320359,1.54048161269,-0.0315365958768,-0.0270895330046,0.0820215856283,0.995763054051
2018/10/02/14:06:35.697614,60542,1538481995,682370386,/world,vicon/IMUframe/IMUframe,-0.243750754129,0.0358123069107,1.5392958264,-0.031334687621,-0.0273399115861,0.0728893931472,0.996472680485
2018/10/02/14:06:35.707735,60543,1538481995,692364233,/world,vicon/IMUframe/IMUframe,-0.244297223018,0.0365953092953,1.53824794603,-0.0316741733921,-0.0274974371043,0.0652513486602,0.99698691024
2018/10/02/14:06:35.717639,60544,1538481995,702315276,/world,vicon/IMUframe/IMUframe,-0.2451992761,0.0376434821555,1.53702773345,-0.0314876490463,-0.0276123332338,0.055346384332,0.99758852477
2018/10/02/14:06:35.728125,60545,1538481995,712437317,/world,vicon/IMUframe/IMUframe,-0.245998137286,0.0387444027242,1.53591973503,-0.0310591578267,-0.0273548956609,0.0454348277912,0.998109570549
2018/10/02/14:06:35.737895,60546,1538481995,722381607,/world,vicon/IMUframe/IMUframe,-0.246788709377,0.0397151230003,1.53455215193,-0.0299430766733,-0.0275567689491,0.0361822215359,0.998516341123
2018/10/02/14:06:35.747922,60547,1538481995,732333266,/world,vicon/IMUframe/IMUframe,-0.247364931102,0.0407343988292,1.53331475921,-0.0291944712841,-0.0277222954968,0.0275532002999,0.998809280259
2018/10/02/14:06:35.757936,60548,1538481995,742231423,/world,vicon/IMUframe/IMUframe,-0.248067937063,0.0418329464809,1.53193314199,-0.0277103414268,-0.0280259850947,0.0180901415492,0.999059271473
2018/10/02/14:06:35.768401,60549,1538481995,752298650,/world,vicon/IMUframe/IMUframe,-0.248665043687,0.0432169607223,1.53054351647,-0.0260166324668,-0.0282768930451,0.00806183365564,0.999228982262
2018/10/02/14:06:35.777871,60550,1538481995,762388148,/world,vicon/IMUframe/IMUframe,-0.249098944792,0.0441946405015,1.52935016702,-0.0249205048775,-0.0283467274919,0.000356848017336,0.999287398168
2018/10/02/14:06:35.787921,60551,1538481995,772270450,/world,vicon/IMUframe/IMUframe,-0.249458633152,0.0450884412569,1.52823347063,-0.0239152600835,-0.0282227723709,-0.00678732538883,0.999292483545
2018/10/02/14:06:35.797786,60552,1538481995,782330706,/world,vicon/IMUframe/IMUframe,-0.249793331391,0.0458944424897,1.52716411219,-0.0230438937444,-0.0278672596725,-0.0133481549938,0.999256834631
2018/10/02/14:06:35.807617,60553,1538481995,792325722,/world,vicon/IMUframe/IMUframe,-0.250016872548,0.046645689045,1.52616597008,-0.0222029286285,-0.0275409263749,-0.0192912328958,0.999187858047
2018/10/02/14:06:35.818172,60554,1538481995,802313001,/world,vicon/IMUframe/IMUframe,-0.250145817632,0.0472558522234,1.52514567609,-0.0214150529015,-0.0271929421658,-0.0241705774323,0.999108463878
2018/10/02/14:06:35.828132,60555,1538481995,812399796,/world,vicon/IMUframe/IMUframe,-0.250207217846,0.0477424607395,1.52415946185,-0.0207054530798,-0.0268442428486,-0.0280965722998,0.999030156434
2018/10/02/14:06:35.838073,60556,1538481995,822293864,/world,vicon/IMUframe/IMUframe,-0.250256539749,0.0480697793779,1.52326349929,-0.0201420183805,-0.0263953368022,-0.0310195608113,0.998967152682
2018/10/02/14:06:35.847906,60557,1538481995,832261588,/world,vicon/IMUframe/IMUframe,-0.2502415627,0.0482852971179,1.52242987846,-0.0196413734762,-0.025855401268,-0.0331268050295,0.998923585397
2018/10/02/14:06:35.857918,60558,1538481995,842284428,/world,vicon/IMUframe/IMUframe,-0.250211411066,0.0483975512645,1.52171446695,-0.019275143627,-0.0250971784102,-0.034549671166,0.99890185739
2018/10/02/14:06:35.868066,60559,1538481995,852386755,/world,vicon/IMUframe/IMUframe,-0.250112612972,0.048474847402,1.52105641512,-0.0188411062366,-0.0242165599825,-0.0353934448638,0.998902335065
2018/10/02/14:06:35.877783,60560,1538481995,862381609,/world,vicon/IMUframe/IMUframe,-0.249960929744,0.048502558061,1.52043570394,-0.0182889232164,-0.0232608273338,-0.0358575174157,0.998918759281
2018/10/02/14:06:35.887712,60561,1538481995,872321981,/world,vicon/IMUframe/IMUframe,-0.249820083477,0.0484841970544,1.51986010135,-0.0176481337565,-0.0220934261692,-0.0360441295703,0.998950071134
2018/10/02/14:06:35.897621,60562,1538481995,882323693,/world,vicon/IMUframe/IMUframe,-0.249693955585,0.0484686658952,1.51934951452,-0.0169500808587,-0.0207933209914,-0.0361132169129,0.998987571557
2018/10/02/14:06:35.908345,60563,1538481995,892567071,/world,vicon/IMUframe/IMUframe,-0.249610764531,0.0484099480627,1.51891856278,-0.0163345517659,-0.0194150033307,-0.0360172285438,0.999029028263
2018/10/02/14:06:35.918235,60564,1538481995,902423024,/world,vicon/IMUframe/IMUframe,-0.249506650774,0.048360907886,1.51851964903,-0.0157091025951,-0.0180764306676,-0.03596207644,0.999066161877
2018/10/02/14:06:35.927872,60565,1538481995,912304194,/world,vicon/IMUframe/IMUframe,-0.249399642598,0.0483243378536,1.51813643873,-0.015262032302,-0.016825931684,-0.0359067939068,0.999096922498
2018/10/02/14:06:35.938031,60566,1538481995,922291512,/world,vicon/IMUframe/IMUframe,-0.24931220664,0.0482857876137,1.51778677238,-0.0148492358476,-0.0156594220386,-0.0359881327944,0.999119180576
2018/10/02/14:06:35.947719,60567,1538481995,932301865,/world,vicon/IMUframe/IMUframe,-0.249248361972,0.0482590594279,1.51745624809,-0.0144145953811,-0.0145514468983,-0.0360930684552,0.99913851154
2018/10/02/14:06:35.957690,60568,1538481995,942314173,/world,vicon/IMUframe/IMUframe,-0.249056549654,0.0481642328732,1.51725135931,-0.0140849075327,-0.0135931679293,-0.0363393500601,0.999147783265
2018/10/02/14:06:35.967833,60569,1538481995,952286106,/world,vicon/IMUframe/IMUframe,-0.249190775688,0.0482316273488,1.51707871346,-0.0137008550204,-0.0125000472049,-0.036350906289,0.999166976538
2018/10/02/14:06:35.977706,60570,1538481995,962312845,/world,vicon/IMUframe/IMUframe,-0.249154195914,0.0482409363143,1.51690054508,-0.013379444375,-0.0116685837934,-0.0365153759851,0.999175390979
2018/10/02/14:06:35.987935,60571,1538481995,972462066,/world,vicon/IMUframe/IMUframe,-0.249118427007,0.0482225494097,1.51675009807,-0.013195592929,-0.0109947342184,-0.0366929928898,0.999178971166
2018/10/02/14:06:35.997901,60572,1538481995,982365596,/world,vicon/IMUframe/IMUframe,-0.249083519088,0.0481992811361,1.51661462849,-0.012982302359,-0.0104052647343,-0.0367956556998,0.999184302325
2018/10/02/14:06:36.007634,60573,1538481995,992353777,/world,vicon/IMUframe/IMUframe,-0.249054147596,0.048215128226,1.51646607706,-0.0127816760208,-0.00984220793688,-0.0367348780564,0.999194830068
2018/10/02/14:06:36.017451,60574,1538481996,2325639,/world,vicon/IMUframe/IMUframe,-0.248991096868,0.0481817765321,1.51640500661,-0.0125612727016,-0.00931796975868,-0.0364299576931,0.999213814982
2018/10/02/14:06:36.027600,60575,1538481996,12384371,/world,vicon/IMUframe/IMUframe,-0.248911645162,0.0481061547919,1.5164017302,-0.0123985579747,-0.00881344277495,-0.03596547658,0.999237250847
2018/10/02/14:06:36.037750,60576,1538481996,22377519,/world,vicon/IMUframe/IMUframe,-0.248827018478,0.0479926264216,1.51639652663,-0.0122698637299,-0.00838580084734,-0.0352583299389,0.999267721363
2018/10/02/14:06:36.048127,60577,1538481996,32406177,/world,vicon/IMUframe/IMUframe,-0.248726386092,0.0478376994214,1.51641206259,-0.0121471436921,-0.00808184413129,-0.034306784849,0.999304845985
2018/10/02/14:06:36.058025,60578,1538481996,42351240,/world,vicon/IMUframe/IMUframe,-0.248620141846,0.0476896002965,1.51641468636,-0.0120578792634,-0.00786618163512,-0.0331435351992,0.999346905138
2018/10/02/14:06:36.067978,60579,1538481996,52308350,/world,vicon/IMUframe/IMUframe,-0.248533045728,0.0475513624345,1.51642752921,-0.0119843907557,-0.00774724050797,-0.0318781438166,0.999389883173
2018/10/02/14:06:36.078083,60580,1538481996,62335898,/world,vicon/IMUframe/IMUframe,-0.248448236151,0.0474040099716,1.51647041494,-0.0120239576184,-0.00773043403315,-0.0305593727343,0.999430732753
2018/10/02/14:06:36.087917,60581,1538481996,72321794,/world,vicon/IMUframe/IMUframe,-0.248370862332,0.0473000829409,1.5165358806,-0.0121199852584,-0.0077968304836,-0.029337936537,0.999465657675
2018/10/02/14:06:36.097606,60582,1538481996,82262829,/world,vicon/IMUframe/IMUframe,-0.248302709919,0.0471851630073,1.51661713471,-0.0124212805224,-0.00791959824307,-0.0282429223875,0.999492535784
2018/10/02/14:06:36.108203,60583,1538481996,92279495,/world,vicon/IMUframe/IMUframe,-0.248257414529,0.0470700053359,1.51671455852,-0.0128182829262,-0.00811817245749,-0.027340007038,0.999511035914
2018/10/02/14:06:36.118331,60584,1538481996,102391689,/world,vicon/IMUframe/IMUframe,-0.248188142519,0.0469957030349,1.51678593144,-0.013164080193,-0.00837787132288,-0.0264749601634,0.999527685834
2018/10/02/14:06:36.128261,60585,1538481996,112396329,/world,vicon/IMUframe/IMUframe,-0.24816111086,0.0469323469152,1.51683403028,-0.0134531375651,-0.00859141881355,-0.0257225293526,0.999541671015
2018/10/02/14:06:36.138185,60586,1538481996,122312868,/world,vicon/IMUframe/IMUframe,-0.248154442745,0.0468748560384,1.5168723357,-0.0137468678485,-0.0088049671736,-0.024942987405,0.999555573021
2018/10/02/14:06:36.148084,60587,1538481996,132228732,/world,vicon/IMUframe/IMUframe,-0.248146432633,0.046810116122,1.51691225329,-0.0141090206727,-0.00898621526471,-0.0243604681389,0.999563280169
2018/10/02/14:06:36.158391,60588,1538481996,142315952,/world,vicon/IMUframe/IMUframe,-0.248142554298,0.0467571980558,1.51696036762,-0.0145594268795,-0.0091185567339,-0.0238369032262,0.999568245322
2018/10/02/14:06:36.168455,60589,1538481996,152311815,/world,vicon/IMUframe/IMUframe,-0.248166484666,0.0467209952417,1.51700151604,-0.0150083066505,-0.00911226542877,-0.023420976527,0.999571495796
2018/10/02/14:06:36.178359,60590,1538481996,162307569,/world,vicon/IMUframe/IMUframe,-0.248217421129,0.046711070667,1.51703927288,-0.0154401623981,-0.00907298486418,-0.0231634458954,0.999571276651
2018/10/02/14:06:36.188261,60591,1538481996,172282122,/world,vicon/IMUframe/IMUframe,-0.248300412019,0.0467185807682,1.51706425551,-0.015772052886,-0.00901697321256,-0.0230657472901,0.999568860981
2018/10/02/14:06:36.198374,60592,1538481996,182374987,/world,vicon/IMUframe/IMUframe,-0.248365993895,0.046732766798,1.51705568801,-0.0160768653383,-0.0088927666314,-0.0230238515272,0.99956608354
2018/10/02/14:06:36.208569,60593,1538481996,192499001,/world,vicon/IMUframe/IMUframe,-0.248400058517,0.0467438197793,1.51703883207,-0.0162859494436,-0.00873149457556,-0.0230608048729,0.999563268699
2018/10/02/14:06:36.218396,60594,1538481996,202322874,/world,vicon/IMUframe/IMUframe,-0.24842433374,0.0467480393743,1.51704477066,-0.0164546507736,-0.00848752881367,-0.0229406993272,0.999565370867
2018/10/02/14:06:36.227956,60595,1538481996,212272405,/world,vicon/IMUframe/IMUframe,-0.248434271763,0.0467471644479,1.51704312378,-0.0165110785021,-0.00814183723906,-0.0227208107531,0.999572338319
2018/10/02/14:06:36.237942,60596,1538481996,222283450,/world,vicon/IMUframe/IMUframe,-0.24843768082,0.0467101400126,1.51704366826,-0.016463397434,-0.00768794963206,-0.022378806092,0.999584434159
2018/10/02/14:06:36.247924,60597,1538481996,232322632,/world,vicon/IMUframe/IMUframe,-0.248430553276,0.0466789664441,1.51703580647,-0.0162835302498,-0.00713100600098,-0.021977531447,0.999600411918
2018/10/02/14:06:36.258065,60598,1538481996,242314456,/world,vicon/IMUframe/IMUframe,-0.248431414778,0.046643209784,1.51701160525,-0.0159580279302,-0.00646799030365,-0.0214515496803,0.999621597137
2018/10/02/14:06:36.268018,60599,1538481996,252341629,/world,vicon/IMUframe/IMUframe,-0.248419277976,0.0465983763282,1.51698078778,-0.0156351786582,-0.0058633137918,-0.0209598273305,0.999640859698
2018/10/02/14:06:36.278093,60600,1538481996,262281739,/world,vicon/IMUframe/IMUframe,-0.24838163374,0.0465639592964,1.51694746925,-0.015331793309,-0.00528473972297,-0.0204387914459,0.999659573777
2018/10/02/14:06:36.288638,60601,1538481996,272507552,/world,vicon/IMUframe/IMUframe,-0.248336423063,0.0465604039831,1.51689820399,-0.0150373785933,-0.00482759927571,-0.0198989559588,0.999677249457
2018/10/02/14:06:36.297962,60602,1538481996,282285341,/world,vicon/IMUframe/IMUframe,-0.248260207952,0.0465377765115,1.51684922729,-0.014828756795,-0.00458295067869,-0.0192270074221,0.999694666746
2018/10/02/14:06:36.308226,60603,1538481996,292288130,/world,vicon/IMUframe/IMUframe,-0.248190714563,0.0465497966543,1.51678712367,-0.0146337531936,-0.00442491063597,-0.0185352633335,0.999711317054
2018/10/02/14:06:36.317837,60604,1538481996,302232569,/world,vicon/IMUframe/IMUframe,-0.248130479724,0.0465687751449,1.51672567799,-0.0144719076459,-0.00432380350296,-0.0178051001318,0.999727386352
2018/10/02/14:06:36.328018,60605,1538481996,312430572,/world,vicon/IMUframe/IMUframe,-0.248067750926,0.0465893243965,1.51667605323,-0.0143714447617,-0.00427331185901,-0.0171677854943,0.999740200013
2018/10/02/14:06:36.338090,60606,1538481996,322329033,/world,vicon/IMUframe/IMUframe,-0.248019551934,0.04661378677,1.5166006467,-0.0143555549941,-0.00426196362526,-0.0166547831109,0.999749154491
2018/10/02/14:06:36.348019,60607,1538481996,332344583,/world,vicon/IMUframe/IMUframe,-0.247956739083,0.0466325141174,1.51652169236,-0.0143883706826,-0.00429377740936,-0.0162048870477,0.999755940168
2018/10/02/14:06:36.357740,60608,1538481996,342251802,/world,vicon/IMUframe/IMUframe,-0.247905133791,0.0466666163634,1.51642175057,-0.0143890042965,-0.00440228046886,-0.0159010071515,0.999760338508
2018/10/02/14:06:36.368284,60609,1538481996,352347333,/world,vicon/IMUframe/IMUframe,-0.247860037153,0.0467101831384,1.51628254163,-0.0143442437174,-0.00458673204112,-0.0156691910702,0.999763812614
2018/10/02/14:06:36.378321,60610,1538481996,362328424,/world,vicon/IMUframe/IMUframe,-0.247803192338,0.0467680893336,1.51614012759,-0.0142576756319,-0.0047939527348,-0.0155047874844,0.999766641906
2018/10/02/14:06:36.388218,60611,1538481996,372305299,/world,vicon/IMUframe/IMUframe,-0.247753451902,0.0468540251625,1.51599830176,-0.0141638615311,-0.00506852317118,-0.0153610890782,0.999768839303
2018/10/02/14:06:36.398023,60612,1538481996,382266721,/world,vicon/IMUframe/IMUframe,-0.247699570543,0.0469203639519,1.51586198103,-0.0141186056521,-0.0052860225646,-0.015216033174,0.999770571318
2018/10/02/14:06:36.407781,60613,1538481996,392225788,/world,vicon/IMUframe/IMUframe,-0.247656397496,0.0469955113404,1.5157623275,-0.0141347556722,-0.00541122641764,-0.0150581455903,0.999772063804
2018/10/02/14:06:36.417922,60614,1538481996,402318074,/world,vicon/IMUframe/IMUframe,-0.247627586939,0.0470635232008,1.51568757231,-0.0141458097586,-0.00541322421486,-0.014879585398,0.999774570095
2018/10/02/14:06:36.427947,60615,1538481996,412348439,/world,vicon/IMUframe/IMUframe,-0.247623054696,0.0471345850924,1.51562629139,-0.0141957176984,-0.00534237991203,-0.0147647583294,0.999775946144
2018/10/02/14:06:36.438036,60616,1538481996,422289549,/world,vicon/IMUframe/IMUframe,-0.247618548,0.0471908699342,1.51556460746,-0.0143054591972,-0.00527712327845,-0.0146949882388,0.999775756421
2018/10/02/14:06:36.447760,60617,1538481996,432247629,/world,vicon/IMUframe/IMUframe,-0.247629025888,0.0472491134203,1.51549177799,-0.0144573829431,-0.00524406310759,-0.0146763490775,0.999774018795
2018/10/02/14:06:36.458138,60618,1538481996,442348112,/world,vicon/IMUframe/IMUframe,-0.247642892905,0.0473195349052,1.51542867806,-0.0145629704107,-0.00519774490751,-0.0147381294155,0.999771819408
2018/10/02/14:06:36.468094,60619,1538481996,452336513,/world,vicon/IMUframe/IMUframe,-0.247660095821,0.0474031091118,1.51537396051,-0.0146541672852,-0.00510692062577,-0.0148089510623,0.999769908385
2018/10/02/14:06:36.478220,60620,1538481996,462297384,/world,vicon/IMUframe/IMUframe,-0.247672198865,0.0474870668976,1.51530922369,-0.0147180799799,-0.00493756213309,-0.0148940543961,0.99976855609
2018/10/02/14:06:36.488046,60621,1538481996,472262387,/world,vicon/IMUframe/IMUframe,-0.247680651442,0.0475721787193,1.51524624802,-0.0147539387265,-0.0047473860038,-0.0150236814583,0.999767009164
2018/10/02/14:06:36.498306,60622,1538481996,482339161,/world,vicon/IMUframe/IMUframe,-0.247738096099,0.0476586080641,1.51519394919,-0.0148423743971,-0.00449691452043,-0.0151604655866,0.999764793322
2018/10/02/14:06:36.507883,60623,1538481996,492294605,/world,vicon/IMUframe/IMUframe,-0.247792040764,0.0477548796494,1.51513531921,-0.0149525599775,-0.00422562348646,-0.0153212268065,0.999761884183
2018/10/02/14:06:36.518204,60624,1538481996,502339800,/world,vicon/IMUframe/IMUframe,-0.247829481111,0.0478192813974,1.51507703883,-0.0150750974066,-0.00399268849162,-0.0155113724269,0.999758069336
2018/10/02/14:06:36.528447,60625,1538481996,512301631,/world,vicon/IMUframe/IMUframe,-0.247860835757,0.0479234868464,1.51502720013,-0.0151839447384,-0.00374330591015,-0.0156816754168,0.999754730191
2018/10/02/14:06:36.538082,60626,1538481996,522267249,/world,vicon/IMUframe/IMUframe,-0.247859073714,0.0480062032215,1.514976219,-0.0151836951173,-0.00355721510019,-0.0158637515867,0.999752540886
2018/10/02/14:06:36.548425,60627,1538481996,532451675,/world,vicon/IMUframe/IMUframe,-0.247938941245,0.0480119485296,1.5149015503,-0.0151557409489,-0.00334829778242,-0.0155465729054,0.999758669124
2018/10/02/14:06:36.558237,60628,1538481996,542340013,/world,vicon/IMUframe/IMUframe,-0.247864005954,0.0482642141661,1.51484699035,-0.0147399045636,-0.00318005460816,-0.0161956969948,0.999755130952
2018/10/02/14:06:36.568192,60629,1538481996,552324330,/world,vicon/IMUframe/IMUframe,-0.247847743755,0.0484158095091,1.51476686465,-0.0143323161624,-0.00299092805726,-0.0162780559023,0.999760303252
2018/10/02/14:06:36.578084,60630,1538481996,562255578,/world,vicon/IMUframe/IMUframe,-0.247834986323,0.048555671447,1.5146905541,-0.0139266838674,-0.00280035535768,-0.0162472087093,0.999767089724
2018/10/02/14:06:36.588566,60631,1538481996,572564860,/world,vicon/IMUframe/IMUframe,-0.247792863248,0.0486643904158,1.51462298293,-0.0136420275819,-0.00267045549779,-0.0161455883654,0.999773016103
2018/10/02/14:06:36.598355,60632,1538481996,582335957,/world,vicon/IMUframe/IMUframe,-0.247781942208,0.0487781340435,1.5145715966,-0.0133950858975,-0.00251994307147,-0.0159527633987,0.999779841215
2018/10/02/14:06:36.608220,60633,1538481996,592361431,/world,vicon/IMUframe/IMUframe,-0.24773843443,0.0488911494665,1.51452748074,-0.0131418063404,-0.0024492562667,-0.0157277189791,0.999786943766
2018/10/02/14:06:36.618069,60634,1538481996,602294479,/world,vicon/IMUframe/IMUframe,-0.247716162518,0.0490013722301,1.51445622718,-0.012910569152,-0.00234447912991,-0.0154791657666,0.999794086824
2018/10/02/14:06:36.628155,60635,1538481996,612262927,/world,vicon/IMUframe/IMUframe,-0.247685604568,0.0491180534358,1.51438021606,-0.0126939919507,-0.0023251220284,-0.0152667841847,0.999800170872
2018/10/02/14:06:36.638270,60636,1538481996,622340628,/world,vicon/IMUframe/IMUframe,-0.24764719897,0.0492454147138,1.51432154315,-0.0124993311766,-0.00236136451036,-0.0150923556737,0.999805186763
2018/10/02/14:06:36.648099,60637,1538481996,632301012,/world,vicon/IMUframe/IMUframe,-0.247619506698,0.0493720291305,1.51424424369,-0.0123740049694,-0.00239051368943,-0.014925162345,0.999809186282
2018/10/02/14:06:36.657888,60638,1538481996,642250974,/world,vicon/IMUframe/IMUframe,-0.247596951389,0.0494857992163,1.51417279228,-0.0122957266385,-0.00238874694433,-0.0148445341679,0.999811356607
2018/10/02/14:06:36.667833,60639,1538481996,652235240,/world,vicon/IMUframe/IMUframe,-0.247602586056,0.0496154019768,1.51411331073,-0.0122422379064,-0.0023206099624,-0.0147908013181,0.999812969798
2018/10/02/14:06:36.678078,60640,1538481996,662367581,/world,vicon/IMUframe/IMUframe,-0.247626623856,0.0497482398306,1.51404135778,-0.0122321549244,-0.00221379029175,-0.0148071660033,0.99981309321
2018/10/02/14:06:36.687960,60641,1538481996,672427120,/world,vicon/IMUframe/IMUframe,-0.247656024693,0.0498813537696,1.51398499953,-0.0122310089909,-0.00210402765087,-0.0148417477089,0.99981283149
2018/10/02/14:06:36.697810,60642,1538481996,682317826,/world,vicon/IMUframe/IMUframe,-0.247707245559,0.0500356745072,1.51392245181,-0.0122636613068,-0.00193202567462,-0.0149887498845,0.999810585694
2018/10/02/14:06:36.707690,60643,1538481996,692280458,/world,vicon/IMUframe/IMUframe,-0.247793011012,0.0500690148607,1.51383827747,-0.0124084573657,-0.00178964316749,-0.0146902930956,0.999813493934
2018/10/02/14:06:36.717716,60644,1538481996,702343228,/world,vicon/IMUframe/IMUframe,-0.247806706642,0.0502184966566,1.51378494511,-0.0124314966791,-0.00169617427356,-0.0149549960091,0.999809446333
2018/10/02/14:06:36.731370,60645,1538481996,712411352,/world,vicon/IMUframe/IMUframe,-0.247813171344,0.0503851664001,1.5137187735,-0.0123885323474,-0.00153872451521,-0.0152481791408,0.999805805957
2018/10/02/14:06:36.738176,60646,1538481996,722390440,/world,vicon/IMUframe/IMUframe,-0.247761281821,0.0506557436431,1.51367931136,-0.0121827986735,-0.00132341501521,-0.0159804232209,0.999797206469
2018/10/02/14:06:36.748056,60647,1538481996,732269035,/world,vicon/IMUframe/IMUframe,-0.247792509453,0.0508078872426,1.51360398854,-0.0120119697957,-0.00105875409104,-0.0162053377903,0.99979596851
2018/10/02/14:06:36.757913,60648,1538481996,742310258,/world,vicon/IMUframe/IMUframe,-0.247806333178,0.0509346888537,1.51351563966,-0.0118482608991,-0.000751527224544,-0.0163632106109,0.999795628746
2018/10/02/14:06:36.767966,60649,1538481996,752366783,/world,vicon/IMUframe/IMUframe,-0.247825171556,0.0510098596443,1.51345902133,-0.0118242976475,-0.000487327229333,-0.0164591047242,0.99979450207
2018/10/02/14:06:36.777867,60650,1538481996,762360941,/world,vicon/IMUframe/IMUframe,-0.247822882341,0.0510787064541,1.51342032233,-0.0119072922309,-0.000283856070561,-0.0164716049496,0.99979338968
2018/10/02/14:06:36.787748,60651,1538481996,772318328,/world,vicon/IMUframe/IMUframe,-0.247808304917,0.051113688975,1.51339606946,-0.0120269852711,-0.000102469878093,-0.0163836006112,0.999793438044
2018/10/02/14:06:36.797776,60652,1538481996,782292615,/world,vicon/IMUframe/IMUframe,-0.247796936691,0.051158471887,1.51338880819,-0.012032514295,9.19944845209e-05,-0.016233995879,0.999795812911
2018/10/02/14:06:36.807707,60653,1538481996,792248647,/world,vicon/IMUframe/IMUframe,-0.247777588909,0.0512088879509,1.5133730264,-0.0119053803257,0.000300645408331,-0.0160127833308,0.999800861323
2018/10/02/14:06:36.819744,60654,1538481996,804070886,/world,vicon/IMUframe/IMUframe,-0.247773676269,0.0512762103177,1.51334221422,-0.0116978050429,0.000541156602649,-0.0157819953028,0.999806879918
2018/10/02/14:06:36.828198,60655,1538481996,812358352,/world,vicon/IMUframe/IMUframe,-0.247751170966,0.0513165516875,1.51331140313,-0.0114266384811,0.0008149009311,-0.0155491967385,0.99981347778
2018/10/02/14:06:36.837967,60656,1538481996,822305329,/world,vicon/IMUframe/IMUframe,-0.247945340226,0.0513475162128,1.51318009756,-0.0113785006587,0.0014068447157,-0.015168209669,0.999819221623
2018/10/02/14:06:36.847994,60657,1538481996,832284134,/world,vicon/IMUframe/IMUframe,-0.247973745924,0.051422420594,1.51316513683,-0.0112381908521,0.00167792857532,-0.0150372572361,0.999822368482
2018/10/02/14:06:36.858087,60658,1538481996,842352779,/world,vicon/IMUframe/IMUframe,-0.248002088728,0.0514840647118,1.51317178912,-0.011233134998,0.00187823759289,-0.0149847059486,0.999822858055
2018/10/02/14:06:36.867986,60659,1538481996,852304810,/world,vicon/IMUframe/IMUframe,-0.24802744866,0.0515646937555,1.51317381242,-0.0112637510327,0.00196098314688,-0.0149997881661,0.999822128587
2018/10/02/14:06:36.878161,60660,1538481996,862316119,/world,vicon/IMUframe/IMUframe,-0.248060690945,0.0516516116433,1.51318514165,-0.0114049504272,0.00196325072337,-0.0150741236016,0.999819405468
2018/10/02/14:06:36.888077,60661,1538481996,872259739,/world,vicon/IMUframe/IMUframe,-0.248087725438,0.0517641316536,1.51320196508,-0.0116148545902,0.00189250441919,-0.0152027623045,0.999815177719
2018/10/02/14:06:36.897967,60662,1538481996,882262087,/world,vicon/IMUframe/IMUframe,-0.248125121669,0.0518806193785,1.51322257383,-0.0118748419677,0.00173078393364,-0.0153090068176,0.999810795514
2018/10/02/14:06:36.911897,60663,1538481996,893250341,/world,vicon/IMUframe/IMUframe,-0.248175433576,0.051991708298,1.51326809016,-0.0121829572713,0.00153762141137,-0.0153856532461,0.9998062277
2018/10/02/14:06:36.917991,60664,1538481996,902306956,/world,vicon/IMUframe/IMUframe,-0.248222184721,0.0521033841252,1.5133169957,-0.0125054713602,0.00139247533585,-0.0154913797083,0.999800825841
2018/10/02/14:06:36.928043,60665,1538481996,912284986,/world,vicon/IMUframe/IMUframe,-0.248273533104,0.0522121500613,1.5133580905,-0.0128009437439,0.00126689120773,-0.0155819992689,0.999795845223
2018/10/02/14:06:36.937888,60666,1538481996,922284439,/world,vicon/IMUframe/IMUframe,-0.24831127883,0.0522798204446,1.51340348337,-0.0130914760223,0.00118123781492,-0.015602743071,0.999791864511
2018/10/02/14:06:36.948407,60667,1538481996,932443253,/world,vicon/IMUframe/IMUframe,-0.248339315896,0.0523490100331,1.51343899405,-0.0132889043949,0.00110018967771,-0.0156343613025,0.999788858384
2018/10/02/14:06:36.958225,60668,1538481996,942343586,/world,vicon/IMUframe/IMUframe,-0.248358532811,0.0524046707447,1.51346739939,-0.0134266795094,0.00105741356552,-0.0155903476756,0.999787751082
2018/10/02/14:06:36.968298,60669,1538481996,952345523,/world,vicon/IMUframe/IMUframe,-0.248339249849,0.0524317558681,1.51349829717,-0.0135789133172,0.000985897564937,-0.0154981049991,0.999787202289
2018/10/02/14:06:36.978091,60670,1538481996,962310351,/world,vicon/IMUframe/IMUframe,-0.248316690195,0.0524561876698,1.51350503436,-0.0136756608835,0.000933090753022,-0.0153593638303,0.999788075336
2018/10/02/14:06:36.988245,60671,1538481996,972265016,/world,vicon/IMUframe/IMUframe,-0.248288837138,0.0524740367541,1.51351073211,-0.0137408578404,0.000923404464354,-0.0152047010459,0.999789554464
2018/10/02/14:06:36.998489,60672,1538481996,982425589,/world,vicon/IMUframe/IMUframe,-0.248269204472,0.0524838001403,1.51351240845,-0.0137108424491,0.00101923078109,-0.0150174365058,0.999792703799
2018/10/02/14:06:37.008152,60673,1538481996,992327266,/world,vicon/IMUframe/IMUframe,-0.248266285516,0.0524909300447,1.51350999652,-0.0136156575584,0.0011724361533,-0.0148117946729,0.999796904377
2018/10/02/14:06:37.018036,60674,1538481997,2292255,/world,vicon/IMUframe/IMUframe,-0.248277061794,0.0524975135276,1.51349073615,-0.0134982712735,0.00134533510186,-0.0146153711062,0.99980116907
2018/10/02/14:06:37.027927,60675,1538481997,12246802,/world,vicon/IMUframe/IMUframe,-0.248277651912,0.0525141279131,1.51344557663,-0.0133563136038,0.00152567902705,-0.0144685563394,0.999804952012
2018/10/02/14:06:37.038164,60676,1538481997,22314189,/world,vicon/IMUframe/IMUframe,-0.248311491927,0.0524053522804,1.51337539517,-0.0133490019349,0.00167512317885,-0.0138997220986,0.999812880411
2018/10/02/14:06:37.047996,60677,1538481997,32313972,/world,vicon/IMUframe/IMUframe,-0.248292513213,0.0524227366582,1.51331058928,-0.0132703229705,0.00182684400097,-0.0138256777481,0.999814688732
2018/10/02/14:06:37.057893,60678,1538481997,42269645,/world,vicon/IMUframe/IMUframe,-0.248268382368,0.0524421646577,1.51321880232,-0.013112788072,0.00197542818912,-0.0137907073298,0.999816967681
2018/10/02/14:06:37.067842,60679,1538481997,52274205,/world,vicon/IMUframe/IMUframe,-0.248201442425,0.0525945593262,1.51312571516,-0.0128560299891,0.00216819419607,-0.014266825205,0.99981322212
2018/10/02/14:06:37.078011,60680,1538481997,62283697,/world,vicon/IMUframe/IMUframe,-0.248188547379,0.052633740747,1.51301489193,-0.0127015131745,0.00232631671214,-0.0143187338404,0.999814099558
2018/10/02/14:06:37.089350,60681,1538481997,73341782,/world,vicon/IMUframe/IMUframe,-0.248167592766,0.0526854774334,1.51287639481,-0.0125055945175,0.00244017322364,-0.0144026530373,0.999815092528
2018/10/02/14:06:37.098323,60682,1538481997,82396146,/world,vicon/IMUframe/IMUframe,-0.248129712138,0.0527195339119,1.51271213087,-0.0123156332248,0.00253742778335,-0.0144095746135,0.999817108674
2018/10/02/14:06:37.108143,60683,1538481997,92344560,/world,vicon/IMUframe/IMUframe,-0.248077963702,0.052729285453,1.51254009131,-0.0121789111928,0.00257945685391,-0.0144250874349,0.999818452209
2018/10/02/14:06:37.118024,60684,1538481997,102323302,/world,vicon/IMUframe/IMUframe,-0.248021728289,0.0527122774485,1.51235799548,-0.0120842861646,0.0026515360607,-0.0143867293737,0.999819964495
2018/10/02/14:06:37.127859,60685,1538481997,112375497,/world,vicon/IMUframe/IMUframe,-0.247989379447,0.0526618550756,1.51218542613,-0.012031306694,0.00281836224259,-0.0142826724361,0.999821638974
2018/10/02/14:06:37.137734,60686,1538481997,122329368,/world,vicon/IMUframe/IMUframe,-0.247940047759,0.0525863200491,1.51200970602,-0.0118751652755,0.00303811771076,-0.0140755672676,0.999825799175
2018/10/02/14:06:37.147748,60687,1538481997,132307312,/world,vicon/IMUframe/IMUframe,-0.247888218708,0.0524878080706,1.51181553204,-0.0116919143841,0.00326301942163,-0.0138567660202,0.999830306541
2018/10/02/14:06:37.157578,60688,1538481997,142282689,/world,vicon/IMUframe/IMUframe,-0.24784600114,0.0524094252198,1.51162062077,-0.0115171473731,0.00346876870395,-0.0137041430665,0.999833745891
2018/10/02/14:06:37.167706,60689,1538481997,152255285,/world,vicon/IMUframe/IMUframe,-0.247796299712,0.0523427190743,1.51140715262,-0.0112983556722,0.00365408422311,-0.0136434936155,0.999836411574
2018/10/02/14:06:37.178210,60690,1538481997,162531275,/world,vicon/IMUframe/IMUframe,-0.247752396429,0.0522926069842,1.51116267822,-0.0109953768848,0.0037727005939,-0.0136714783868,0.999838966582
2018/10/02/14:06:37.187864,60691,1538481997,172353076,/world,vicon/IMUframe/IMUframe,-0.247708108067,0.0522253497368,1.5109494189,-0.0107877980514,0.00384402210262,-0.0137127513623,0.999840390941
2018/10/02/14:06:37.197968,60692,1538481997,182323975,/world,vicon/IMUframe/IMUframe,-0.247663807907,0.0521923181605,1.51071377217,-0.0105066057067,0.00396229370502,-0.0137443696211,0.99984248948
2018/10/02/14:06:37.207971,60693,1538481997,192303385,/world,vicon/IMUframe/IMUframe,-0.2476238392,0.0521855568884,1.51051744777,-0.0100551781939,0.00393745834609,-0.013761737288,0.999846990494
2018/10/02/14:06:37.218076,60694,1538481997,202404719,/world,vicon/IMUframe/IMUframe,-0.247597825205,0.0521177873276,1.51027973159,-0.00988614111833,0.00392134454394,-0.0138308657366,0.999847785627
2018/10/02/14:06:37.228399,60695,1538481997,212333157,/world,vicon/IMUframe/IMUframe,-0.247573548937,0.0520662435026,1.51005264584,-0.00978749840221,0.00386049960251,-0.0138854346805,0.999848236545
2018/10/02/14:06:37.238157,60696,1538481997,222339417,/world,vicon/IMUframe/IMUframe,-0.247544290489,0.0520064932492,1.50985398076,-0.00967573426912,0.00371396683567,-0.0139575676302,0.999848875042
2018/10/02/14:06:37.248159,60697,1538481997,232325128,/world,vicon/IMUframe/IMUframe,-0.247521206076,0.0519439547468,1.50960299992,-0.00968188742089,0.00368040405793,-0.0140675572874,0.999847398113
2018/10/02/14:06:37.258028,60698,1538481997,242272679,/world,vicon/IMUframe/IMUframe,-0.247484758784,0.0519052010828,1.50938724583,-0.00955482570215,0.0035800718964,-0.0141174950725,0.999848280853
2018/10/02/14:06:37.268564,60699,1538481997,252388327,/world,vicon/IMUframe/IMUframe,-0.247473263146,0.0518690140739,1.50918827644,-0.00946974860007,0.00357507432311,-0.0141025569041,0.999849318945
2018/10/02/14:06:37.278152,60700,1538481997,262300301,/world,vicon/IMUframe/IMUframe,-0.247469222683,0.051817234861,1.50901312065,-0.00936615064014,0.00359501735489,-0.0140431251233,0.999851059763
2018/10/02/14:06:37.288205,60701,1538481997,272322172,/world,vicon/IMUframe/IMUframe,-0.247459021264,0.051766252535,1.50883020751,-0.00937202498057,0.00363008296781,-0.0139567597764,0.999852087312
2018/10/02/14:06:37.297965,60702,1538481997,282261794,/world,vicon/IMUframe/IMUframe,-0.247521546081,0.0515805830889,1.50870054871,-0.00959135061415,0.00364048829062,-0.0134139434363,0.999857399312
2018/10/02/14:06:37.307717,60703,1538481997,292263969,/world,vicon/IMUframe/IMUframe,-0.247537797163,0.0515147255035,1.50861353246,-0.00977071127869,0.00365755983764,-0.0133711875127,0.999856173058
2018/10/02/14:06:37.318081,60704,1538481997,302315048,/world,vicon/IMUframe/IMUframe,-0.247559437398,0.0514530594106,1.50854081124,-0.00999870307294,0.00361660587647,-0.0133911606842,0.99985380077
2018/10/02/14:06:37.327832,60705,1538481997,312370522,/world,vicon/IMUframe/IMUframe,-0.24758459389,0.0514030226005,1.5084846301,-0.0102324105515,0.00356591265397,-0.0134535949448,0.999850780279
2018/10/02/14:06:37.337772,60706,1538481997,322303440,/world,vicon/IMUframe/IMUframe,-0.247562945798,0.0515102533507,1.50843481634,-0.0102864067092,0.00355796563912,-0.014044786738,0.999842124879
2018/10/02/14:06:37.347751,60707,1538481997,332316397,/world,vicon/IMUframe/IMUframe,-0.247605349818,0.0514882565572,1.5083858032,-0.0104184628589,0.00360614442586,-0.0142786134073,0.999837273037
2018/10/02/14:06:37.357865,60708,1538481997,342317072,/world,vicon/IMUframe/IMUframe,-0.247674203971,0.0514749962297,1.5083407359,-0.0105250258738,0.00373628566915,-0.0146159862646,0.999830804159
2018/10/02/14:06:37.367867,60709,1538481997,352291592,/world,vicon/IMUframe/IMUframe,-0.247739146718,0.0514607632969,1.50829440462,-0.0105872751947,0.00393765875053,-0.0149443364884,0.999824520231
2018/10/02/14:06:37.378104,60710,1538481997,362358200,/world,vicon/IMUframe/IMUframe,-0.247799412792,0.0514533338099,1.50828128508,-0.0106165669459,0.0041225320313,-0.0152779129611,0.999818422821
2018/10/02/14:06:37.387765,60711,1538481997,372280334,/world,vicon/IMUframe/IMUframe,-0.247854066108,0.0514454915537,1.50824709611,-0.0106351198722,0.00428267149654,-0.0155575047787,0.999813241058
2018/10/02/14:06:37.397742,60712,1538481997,382274588,/world,vicon/IMUframe/IMUframe,-0.247876609564,0.0514189333468,1.50821637825,-0.0106699537132,0.00431776905578,-0.015793977972,0.999809011371
2018/10/02/14:06:37.407738,60713,1538481997,392364026,/world,vicon/IMUframe/IMUframe,-0.247895234611,0.0514131881542,1.50819944273,-0.0107197192609,0.00430374026562,-0.0158934235517,0.999806963632
2018/10/02/14:06:37.417906,60714,1538481997,402382393,/world,vicon/IMUframe/IMUframe,-0.247900462505,0.0513712269844,1.5081717515,-0.0107894046718,0.00426337111387,-0.0158401993209,0.99980723167
2018/10/02/14:06:37.427742,60715,1538481997,412316564,/world,vicon/IMUframe/IMUframe,-0.247889156064,0.0513344632238,1.50815241746,-0.0108542292638,0.00420336958039,-0.0156343345306,0.999810024442
2018/10/02/14:06:37.437814,60716,1538481997,422274058,/world,vicon/IMUframe/IMUframe,-0.247876826912,0.0513017802009,1.5081586706,-0.0109903734126,0.00416812439321,-0.015388539697,0.99981249806
2018/10/02/14:06:37.448289,60717,1538481997,432537462,/world,vicon/IMUframe/IMUframe,-0.24784860567,0.0512483909952,1.50816498574,-0.01114417459,0.00410030491063,-0.0151395569636,0.999814877208
2018/10/02/14:06:37.457919,60718,1538481997,442397806,/world,vicon/IMUframe/IMUframe,-0.247828805583,0.0511916883679,1.50817336445,-0.0113489401023,0.0040190192171,-0.0148838404816,0.999816743376
2018/10/02/14:06:37.467776,60719,1538481997,452313741,/world,vicon/IMUframe/IMUframe,-0.247865450935,0.0510373992893,1.50818077576,-0.0116270241398,0.00395501739144,-0.0142876250415,0.999822501206
2018/10/02/14:06:37.477722,60720,1538481997,462247267,/world,vicon/IMUframe/IMUframe,-0.24779219211,0.0511304892864,1.50822858802,-0.0116451463231,0.00386896631691,-0.0145953548925,0.999818182112
2018/10/02/14:06:37.488022,60721,1538481997,472374273,/world,vicon/IMUframe/IMUframe,-0.247831791647,0.0510049259503,1.50826251995,-0.0117769876706,0.00377924273782,-0.0141037294088,0.99982403687
2018/10/02/14:06:37.497782,60722,1538481997,482313284,/world,vicon/IMUframe/IMUframe,-0.247773806375,0.0511299097089,1.50833889338,-0.0116702082975,0.00367985920029,-0.0145722361991,0.999818941012
2018/10/02/14:06:37.507838,60723,1538481997,492340458,/world,vicon/IMUframe/IMUframe,-0.247754696787,0.0511414704986,1.50840224269,-0.0116687932499,0.00356303982555,-0.0146053349366,0.999818897702
2018/10/02/14:06:37.517820,60724,1538481997,502319624,/world,vicon/IMUframe/IMUframe,-0.247822353793,0.0510451792097,1.50847758093,-0.0117379976518,0.00346970095581,-0.0141734449142,0.999824631646
2018/10/02/14:06:37.527573,60725,1538481997,512253122,/world,vicon/IMUframe/IMUframe,-0.247830107945,0.0510513412855,1.50855809417,-0.0117476884494,0.00338224796515,-0.0141544128425,0.999825087109
2018/10/02/14:06:37.537982,60726,1538481997,522380235,/world,vicon/IMUframe/IMUframe,-0.247854765183,0.0510449020517,1.50864927467,-0.0118216576745,0.00330411754002,-0.0141397589179,0.99982468385
2018/10/02/14:06:37.548165,60727,1538481997,532362421,/world,vicon/IMUframe/IMUframe,-0.247895217737,0.0510523360319,1.50876416017,-0.0119268537765,0.00321695850011,-0.0140979994634,0.99982430844
2018/10/02/14:06:37.557933,60728,1538481997,542288695,/world,vicon/IMUframe/IMUframe,-0.24793272022,0.051049500488,1.50887718988,-0.0121080345454,0.00312945803997,-0.0140614018357,0.999822923807
2018/10/02/14:06:37.567779,60729,1538481997,552261371,/world,vicon/IMUframe/IMUframe,-0.247961211527,0.0510602243572,1.508991638,-0.0122927836528,0.0030206577284,-0.0140667684778,0.999820928527
2018/10/02/14:06:37.578219,60730,1538481997,562378052,/world,vicon/IMUframe/IMUframe,-0.247974118903,0.0510569331994,1.5091067356,-0.0124250942994,0.00288745067934,-0.0140781169096,0.999819526857
2018/10/02/14:06:37.587957,60731,1538481997,572385674,/world,vicon/IMUframe/IMUframe,-0.248003399422,0.051071616691,1.50921427269,-0.012472034663,0.00279841685471,-0.0140553629995,0.999819515705
2018/10/02/14:06:37.597809,60732,1538481997,582282850,/world,vicon/IMUframe/IMUframe,-0.247976235257,0.0511884752013,1.50932534576,-0.012340831397,0.00273858058708,-0.0144694127756,0.999815403037
2018/10/02/14:06:37.607902,60733,1538481997,592292701,/world,vicon/IMUframe/IMUframe,-0.248011353264,0.0511845603356,1.50941970238,-0.0122783010384,0.00273070680966,-0.0143680520014,0.999817656198
2018/10/02/14:06:37.618083,60734,1538481997,602497631,/world,vicon/IMUframe/IMUframe,-0.248047906606,0.0511908271427,1.50948737539,-0.0122574396997,0.00266382959168,-0.0142635952784,0.999819588243
2018/10/02/14:06:37.627819,60735,1538481997,612384918,/world,vicon/IMUframe/IMUframe,-0.248093380518,0.0511791846703,1.50957066229,-0.0123218790355,0.00258662071928,-0.014217327397,0.999819657884
2018/10/02/14:06:37.637879,60736,1538481997,622299286,/world,vicon/IMUframe/IMUframe,-0.248174321869,0.0510337074528,1.50961743311,-0.0125395717615,0.00249325072123,-0.0137234602064,0.999824089268
2018/10/02/14:06:37.647545,60737,1538481997,632310582,/world,vicon/IMUframe/IMUframe,-0.248218473234,0.0510258345424,1.50967205347,-0.0125859764821,0.00247105819075,-0.0137586671011,0.999823077423
2018/10/02/14:06:37.657751,60738,1538481997,642354807,/world,vicon/IMUframe/IMUframe,-0.2482984853,0.0510284263816,1.50972973802,-0.0125215383054,0.00249031932107,-0.0138300162962,0.999822854328
2018/10/02/14:06:37.667777,60739,1538481997,652368826,/world,vicon/IMUframe/IMUframe,-0.248367544987,0.0510535736836,1.50975153116,-0.0123303565389,0.00260539368885,-0.0139150023621,0.99982375794
2018/10/02/14:06:37.677804,60740,1538481997,662338832,/world,vicon/IMUframe/IMUframe,-0.248437123457,0.0510616377144,1.50975564238,-0.0121307678085,0.00271049736423,-0.0139897001334,0.999824877649
2018/10/02/14:06:37.687974,60741,1538481997,672326143,/world,vicon/IMUframe/IMUframe,-0.248531629253,0.0510565871303,1.50974463918,-0.0119663160136,0.00284867723599,-0.0140298233486,0.999825913035
2018/10/02/14:06:37.697606,60742,1538481997,682249966,/world,vicon/IMUframe/IMUframe,-0.248613472612,0.0510546814009,1.50972939383,-0.0118535272714,0.00296926450005,-0.0140735112269,0.999826291733
2018/10/02/14:06:37.707941,60743,1538481997,692333849,/world,vicon/IMUframe/IMUframe,-0.248712333743,0.0510283701793,1.50972106953,-0.0118820468033,0.00305560747488,-0.0141172538715,0.999825076386
2018/10/02/14:06:37.717746,60744,1538481997,702370367,/world,vicon/IMUframe/IMUframe,-0.248797024214,0.0509991322177,1.50971581649,-0.011924241407,0.00310010603927,-0.0141584855545,0.999823854034
2018/10/02/14:06:37.727712,60745,1538481997,712253447,/world,vicon/IMUframe/IMUframe,-0.248873158452,0.050968452482,1.50968428747,-0.0119984878729,0.00311902767289,-0.0142100651019,0.999822175192
2018/10/02/14:06:37.737900,60746,1538481997,722291818,/world,vicon/IMUframe/IMUframe,-0.248938322548,0.0509640376625,1.5096292178,-0.0120331197889,0.00307750769411,-0.014253691825,0.999821266649
2018/10/02/14:06:37.748232,60747,1538481997,732440122,/world,vicon/IMUframe/IMUframe,-0.248991401178,0.0509414011328,1.50956464098,-0.012063680422,0.00303719207713,-0.014317339869,0.999820112249
2018/10/02/14:06:37.758057,60748,1538481997,742356780,/world,vicon/IMUframe/IMUframe,-0.249057663177,0.0509185044058,1.50947896694,-0.0120533494821,0.00300423602097,-0.0143751301268,0.999819507194
2018/10/02/14:06:37.768052,60749,1538481997,752329693,/world,vicon/IMUframe/IMUframe,-0.249127870997,0.0508702419368,1.50942933345,-0.0120552967338,0.00299917329712,-0.0144601147517,0.999818273419
2018/10/02/14:06:37.777910,60750,1538481997,762242178,/world,vicon/IMUframe/IMUframe,-0.249202304729,0.0508198246611,1.50937851171,-0.0121648471277,0.00303970087611,-0.014525750834,0.999815872686
2018/10/02/14:06:37.787848,60751,1538481997,772251130,/world,vicon/IMUframe/IMUframe,-0.249265204887,0.050759950281,1.50933422116,-0.0123049835371,0.00302584749296,-0.0146008725082,0.99981310561
2018/10/02/14:06:37.798197,60752,1538481997,782327280,/world,vicon/IMUframe/IMUframe,-0.249335470644,0.0506989552889,1.50931287235,-0.01247333884,0.00300214133349,-0.0147241521238,0.999809282968
2018/10/02/14:06:37.808110,60753,1538481997,792330987,/world,vicon/IMUframe/IMUframe,-0.249340648864,0.0507987452875,1.50929470837,-0.0124717560834,0.00293875300638,-0.0153552708734,0.999799997343
2018/10/02/14:06:37.818183,60754,1538481997,802283268,/world,vicon/IMUframe/IMUframe,-0.249392306891,0.0507873749689,1.50927405479,-0.0125605975047,0.00283671553171,-0.0155401900153,0.999796322723
2018/10/02/14:06:37.827791,60755,1538481997,812255288,/world,vicon/IMUframe/IMUframe,-0.249440313116,0.0507832852083,1.50926983736,-0.0125761052634,0.00277135193164,-0.0157328002064,0.999793298729
2018/10/02/14:06:37.837913,60756,1538481997,822361630,/world,vicon/IMUframe/IMUframe,-0.249470726644,0.0507991867823,1.50926352922,-0.0125331632317,0.00268714269418,-0.0158570685631,0.99979210462
2018/10/02/14:06:37.847927,60757,1538481997,832440436,/world,vicon/IMUframe/IMUframe,-0.249487537832,0.0507995978829,1.50927235342,-0.012460585938,0.00261916254805,-0.0159576709351,0.999791591545
2018/10/02/14:06:37.858026,60758,1538481997,842315310,/world,vicon/IMUframe/IMUframe,-0.249495902446,0.0508100382333,1.50928375916,-0.0123760869986,0.00254982860393,-0.0159828599605,0.999792417971
2018/10/02/14:06:37.868127,60759,1538481997,852285637,/world,vicon/IMUframe/IMUframe,-0.249493269824,0.0508204394821,1.50929293725,-0.0123237752541,0.00247028608165,-0.0159704527741,0.999793462115
2018/10/02/14:06:37.878215,60760,1538481997,862404497,/world,vicon/IMUframe/IMUframe,-0.249493093092,0.0508016666613,1.50931517342,-0.0123375086479,0.00237924150124,-0.0158979600969,0.999794668897
2018/10/02/14:06:37.888222,60761,1538481997,872349013,/world,vicon/IMUframe/IMUframe,-0.249483905287,0.0507825015773,1.50934284483,-0.0124357205566,0.00227391507902,-0.015819349115,0.999794944155
2018/10/02/14:06:37.898190,60762,1538481997,882370882,/world,vicon/IMUframe/IMUframe,-0.249459588857,0.0507412365848,1.5093807155,-0.0125547339947,0.00220391812247,-0.0156566858086,0.999796174022
2018/10/02/14:06:37.908208,60763,1538481997,892275357,/world,vicon/IMUframe/IMUframe,-0.24943564758,0.0507103491841,1.50941851431,-0.0126408712895,0.0021301868383,-0.0155364983156,0.999797123369
2018/10/02/14:06:37.918172,60764,1538481997,902259228,/world,vicon/IMUframe/IMUframe,-0.249405522443,0.0506820878866,1.50944829975,-0.0126486562746,0.00211899877854,-0.0154333610889,0.99979864608
2018/10/02/14:06:37.931383,60765,1538481997,915606177,/world,vicon/IMUframe/IMUframe,-0.249369174574,0.050668339523,1.50947793497,-0.0126056201085,0.00212822901134,-0.0153621205695,0.999800267171
2018/10/02/14:06:37.938260,60766,1538481997,922342729,/world,vicon/IMUframe/IMUframe,-0.24933789537,0.0506619105392,1.50951855216,-0.0124766524459,0.00221159751611,-0.015285178413,0.999802883223
2018/10/02/14:06:37.947892,60767,1538481997,932282165,/world,vicon/IMUframe/IMUframe,-0.249302468224,0.0506331411703,1.50955802274,-0.0124020973707,0.00233878999386,-0.0151953420325,0.999804890778
2018/10/02/14:06:37.958107,60768,1538481997,942261959,/world,vicon/IMUframe/IMUframe,-0.249277790596,0.050602021602,1.50961844564,-0.0123966203776,0.00252713822543,-0.0151480794493,0.999805217562
2018/10/02/14:06:37.968030,60769,1538481997,952405649,/world,vicon/IMUframe/IMUframe,-0.249263413627,0.050560002847,1.50969032707,-0.0124704154376,0.00274798866912,-0.0151562200893,0.999803593857
2018/10/02/14:06:37.977991,60770,1538481997,962326840,/world,vicon/IMUframe/IMUframe,-0.249248298292,0.0505128482382,1.50976135485,-0.0126162032206,0.00302259137723,-0.0152146070517,0.999800085562
2018/10/02/14:06:37.987876,60771,1538481997,972345315,/world,vicon/IMUframe/IMUframe,-0.249239788999,0.0504583371062,1.50983084999,-0.0127652164218,0.0032952733475,-0.0153030855444,0.999795982186
2018/10/02/14:06:37.997671,60772,1538481997,982274084,/world,vicon/IMUframe/IMUframe,-0.249221420402,0.0504336925598,1.50989148923,-0.0128655559538,0.00351455782409,-0.0154280964364,0.999792027971
2018/10/02/14:06:38.007649,60773,1538481997,992284217,/world,vicon/IMUframe/IMUframe,-0.249188668872,0.0504156371287,1.50992553125,-0.0128664997786,0.00369917467114,-0.0155899800016,0.999788838612
2018/10/02/14:06:38.017967,60774,1538481998,2391536,/world,vicon/IMUframe/IMUframe,-0.249161553013,0.0504338087067,1.50996552652,-0.012821501268,0.00389755921989,-0.0157679348493,0.999785872259
2018/10/02/14:06:38.027880,60775,1538481998,12383403,/world,vicon/IMUframe/IMUframe,-0.249128957701,0.0504448697877,1.50999392063,-0.0127585575367,0.00414722718515,-0.0158662117758,0.999784118218
2018/10/02/14:06:38.037827,60776,1538481998,22296572,/world,vicon/IMUframe/IMUframe,-0.2491002997,0.0504687794486,1.51002950724,-0.0127226029313,0.0043596245189,-0.0159020769585,0.999783102976
2018/10/02/14:06:38.047691,60777,1538481998,32300257,/world,vicon/IMUframe/IMUframe,-0.249066157765,0.0504582799081,1.51007175919,-0.0127549524601,0.00454151808891,-0.0158914501082,0.999782050056
2018/10/02/14:06:38.058114,60778,1538481998,42459592,/world,vicon/IMUframe/IMUframe,-0.249029944926,0.0504478692128,1.51007767453,-0.0128294099397,0.0047343979351,-0.0157939192448,0.999781748099
2018/10/02/14:06:38.067944,60779,1538481998,52378513,/world,vicon/IMUframe/IMUframe,-0.248987386525,0.0504348335206,1.51009375355,-0.01287717719,0.00484084391991,-0.0156905513055,0.999782251862
2018/10/02/14:06:38.077719,60780,1538481998,62285440,/world,vicon/IMUframe/IMUframe,-0.248934972953,0.0504260334151,1.51008281781,-0.0128874960854,0.00489853726344,-0.0156163976632,0.999782998906
2018/10/02/14:06:38.087803,60781,1538481998,72305582,/world,vicon/IMUframe/IMUframe,-0.248889105995,0.0504151953819,1.51002385881,-0.0128184079885,0.004907007648,-0.0155290333048,0.99978520634
2018/10/02/14:06:38.097970,60782,1538481998,82323123,/world,vicon/IMUframe/IMUframe,-0.248826562124,0.0504029474972,1.5099505062,-0.0126876441306,0.00490621002367,-0.0154166877331,0.999788616923
2018/10/02/14:06:38.107967,60783,1538481998,92327565,/world,vicon/IMUframe/IMUframe,-0.248770721259,0.0503898170002,1.50987402825,-0.012547248354,0.00490256590388,-0.0153050431923,0.999792121923
2018/10/02/14:06:38.117683,60784,1538481998,102314557,/world,vicon/IMUframe/IMUframe,-0.248700868511,0.050350966449,1.50978630834,-0.0124925340573,0.00486207181998,-0.0151667423444,0.999795112399
2018/10/02/14:06:38.127597,60785,1538481998,112251432,/world,vicon/IMUframe/IMUframe,-0.248626964448,0.0502806254679,1.50972344545,-0.0125391666588,0.00479367043317,-0.0150142086227,0.99979716121
2018/10/02/14:06:38.137652,60786,1538481998,122331709,/world,vicon/IMUframe/IMUframe,-0.248551057583,0.0502129110214,1.50967885162,-0.0126801003232,0.00466435367342,-0.0148201124033,0.999798891342
2018/10/02/14:06:38.147896,60787,1538481998,132397599,/world,vicon/IMUframe/IMUframe,-0.248481570047,0.0501505463653,1.5096363051,-0.0128385753282,0.00453025574351,-0.0146269960751,0.999800329442
2018/10/02/14:06:38.158161,60788,1538481998,142350301,/world,vicon/IMUframe/IMUframe,-0.248425219838,0.0501154948357,1.50960725934,-0.0129707558738,0.0043832559818,-0.0145337867974,0.999800637928
2018/10/02/14:06:38.167922,60789,1538481998,152297437,/world,vicon/IMUframe/IMUframe,-0.248364874892,0.0500955682467,1.50955651131,-0.0129934262891,0.00422337044356,-0.0145207097844,0.999801221745
2018/10/02/14:06:38.177742,60790,1538481998,162257242,/world,vicon/IMUframe/IMUframe,-0.248315765601,0.0500942549313,1.5095217667,-0.0129043078323,0.0041231924112,-0.0145769178291,0.999801976188
2018/10/02/14:06:38.188096,60791,1538481998,172450237,/world,vicon/IMUframe/IMUframe,-0.248265852234,0.0500890736488,1.50948543358,-0.0127924707871,0.00407197994359,-0.0146321982116,0.999802815782
2018/10/02/14:06:38.198138,60792,1538481998,182358428,/world,vicon/IMUframe/IMUframe,-0.248227408265,0.0500725781842,1.50943543228,-0.0126973337636,0.00412228253868,-0.0146948993751,0.999802902794
2018/10/02/14:06:38.208066,60793,1538481998,192313900,/world,vicon/IMUframe/IMUframe,-0.248188209585,0.0500239771971,1.50940564324,-0.012647333581,0.0041983328727,-0.0147172150317,0.999802891842
2018/10/02/14:06:38.217828,60794,1538481998,202268873,/world,vicon/IMUframe/IMUframe,-0.248162924603,0.0499649496889,1.50938716935,-0.012625240552,0.0043624166995,-0.0146738764491,0.999803105602
2018/10/02/14:06:38.228100,60795,1538481998,212461273,/world,vicon/IMUframe/IMUframe,-0.248150361291,0.04990715784,1.50934567043,-0.0125686796258,0.00451715207644,-0.0145765688264,0.999804554536
2018/10/02/14:06:38.237893,60796,1538481998,222352380,/world,vicon/IMUframe/IMUframe,-0.248129223747,0.0498498231766,1.50930700287,-0.0125537743939,0.00457820192212,-0.0144408124766,0.999806434141
2018/10/02/14:06:38.247624,60797,1538481998,232291491,/world,vicon/IMUframe/IMUframe,-0.248111805087,0.0497846398869,1.50927116306,-0.0124850529542,0.0046145527901,-0.0143510455622,0.999808420072
2018/10/02/14:06:38.257824,60798,1538481998,242301836,/world,vicon/IMUframe/IMUframe,-0.248098468718,0.0497440877234,1.50919291629,-0.0124017748524,0.0045869220625,-0.0143032522035,0.999810268552
2018/10/02/14:06:38.268070,60799,1538481998,252418036,/world,vicon/IMUframe/IMUframe,-0.248080133486,0.0497106545708,1.5091095821,-0.0123098221772,0.0045248192281,-0.0143343573665,0.999811242429
2018/10/02/14:06:38.277933,60800,1538481998,262369093,/world,vicon/IMUframe/IMUframe,-0.248078688484,0.0496786667404,1.50900809377,-0.0122227473129,0.00452545245203,-0.0144626647626,0.999810460065
2018/10/02/14:06:38.287963,60801,1538481998,272303188,/world,vicon/IMUframe/IMUframe,-0.248086152497,0.0496533284608,1.50891597047,-0.0120924534062,0.00460575865838,-0.0146227668798,0.999809348949
2018/10/02/14:06:38.298000,60802,1538481998,282321908,/world,vicon/IMUframe/IMUframe,-0.248102586219,0.0496098140004,1.50883937523,-0.011976869411,0.0047690947453,-0.0147613615374,0.999807937826
2018/10/02/14:06:38.307932,60803,1538481998,292307009,/world,vicon/IMUframe/IMUframe,-0.248115952878,0.0495700278469,1.50874200109,-0.0118126305964,0.00502547802037,-0.0148475041089,0.99980736042
2018/10/02/14:06:38.317976,60804,1538481998,302326874,/world,vicon/IMUframe/IMUframe,-0.248133943435,0.0495225810662,1.50865062267,-0.0115236883847,0.00523813590169,-0.0148758188453,0.999809220077
2018/10/02/14:06:38.327925,60805,1538481998,312349973,/world,vicon/IMUframe/IMUframe,-0.248151377283,0.049481933673,1.50854753093,-0.0112623376044,0.00541805941391,-0.0148617735552,0.999811448259
2018/10/02/14:06:38.337881,60806,1538481998,322295264,/world,vicon/IMUframe/IMUframe,-0.24816929071,0.0494522155987,1.50843028202,-0.0110153491228,0.00552496457564,-0.0148274474909,0.999814124551
2018/10/02/14:06:38.347840,60807,1538481998,332307206,/world,vicon/IMUframe/IMUframe,-0.248184439634,0.0494090783487,1.50833420374,-0.0108743949939,0.00555339047872,-0.014820106359,0.999815618919
2018/10/02/14:06:38.358105,60808,1538481998,342412704,/world,vicon/IMUframe/IMUframe,-0.248162875071,0.0493919274768,1.5082814516,-0.0107231455473,0.00548159321273,-0.0147567102236,0.999818586439
2018/10/02/14:06:38.368065,60809,1538481998,352356818,/world,vicon/IMUframe/IMUframe,-0.248173804782,0.049346210771,1.50819378332,-0.0107346070187,0.00551212284082,-0.0147021699827,0.999819099093
2018/10/02/14:06:38.377862,60810,1538481998,362302485,/world,vicon/IMUframe/IMUframe,-0.24819832893,0.0493012085271,1.50813089336,-0.0107508273573,0.00558067494172,-0.0146578546341,0.999819195193
2018/10/02/14:06:38.387951,60811,1538481998,372292638,/world,vicon/IMUframe/IMUframe,-0.248210095346,0.0492479963544,1.50808113247,-0.0107867877624,0.00565375839501,-0.0146174297717,0.999818989104
2018/10/02/14:06:38.398176,60812,1538481998,382367986,/world,vicon/IMUframe/IMUframe,-0.248241894492,0.049197054353,1.50802888204,-0.0108111454457,0.00574736865812,-0.0145878577457,0.999818624198
2018/10/02/14:06:38.408062,60813,1538481998,392303529,/world,vicon/IMUframe/IMUframe,-0.248321538223,0.0490311008386,1.50796178094,-0.0109288848273,0.00577315989119,-0.0141441598238,0.999823570858
2018/10/02/14:06:38.417794,60814,1538481998,402279583,/world,vicon/IMUframe/IMUframe,-0.248363291062,0.0490045089668,1.50790254323,-0.0108739627966,0.00581833615129,-0.0141593977744,0.999823692134
2018/10/02/14:06:38.427892,60815,1538481998,412252742,/world,vicon/IMUframe/IMUframe,-0.248413569499,0.0489783707539,1.50784911638,-0.010828861668,0.00584118306786,-0.0142390814937,0.999822916768
2018/10/02/14:06:38.438129,60816,1538481998,422314518,/world,vicon/IMUframe/IMUframe,-0.248477395612,0.0489648749238,1.50777682749,-0.0108149329666,0.00586179663721,-0.0143859445556,0.999820844534
2018/10/02/14:06:38.447824,60817,1538481998,432315218,/world,vicon/IMUframe/IMUframe,-0.248529562365,0.0489320608011,1.50771267326,-0.0108145138554,0.00587640958565,-0.0145785736859,0.999817973078
2018/10/02/14:06:38.457871,60818,1538481998,442425811,/world,vicon/IMUframe/IMUframe,-0.248583760138,0.0489008814585,1.50766296112,-0.0108131735582,0.00592182928028,-0.0147995762722,0.999814472669
2018/10/02/14:06:38.467651,60819,1538481998,452280520,/world,vicon/IMUframe/IMUframe,-0.248621603486,0.0488727871527,1.50760938322,-0.0107989195847,0.0059706638794,-0.0149562393162,0.999812005036
2018/10/02/14:06:38.476436,60820,1538481998,462318046,/world,vicon/IMUframe/IMUframe,-0.248642290447,0.0488276116031,1.50754546597,-0.0107381451049,0.00594847279404,-0.0150618412341,0.999811206603
2018/10/02/14:06:38.487190,60821,1538481998,472317031,/world,vicon/IMUframe/IMUframe,-0.248660149135,0.0487668538773,1.50744675839,-0.0107440885954,0.00588223806232,-0.0150726191007,0.999811372204
2018/10/02/14:06:38.496962,60822,1538481998,482321903,/world,vicon/IMUframe/IMUframe,-0.248643760212,0.0487436842061,1.50742487787,-0.0106359837139,0.00561108935236,-0.0149840608515,0.999815417688
2018/10/02/14:06:38.507137,60823,1538481998,492369968,/world,vicon/IMUframe/IMUframe,-0.248649288639,0.0487058770537,1.50737015476,-0.0106453024397,0.00540874455801,-0.0147859368373,0.999819383234
2018/10/02/14:06:38.516906,60824,1538481998,502292012,/world,vicon/IMUframe/IMUframe,-0.248600909062,0.0487484707132,1.50737242242,-0.0106439188904,0.0051852741629,-0.0150239990324,0.999817032949
2018/10/02/14:06:38.526909,60825,1538481998,512475979,/world,vicon/IMUframe/IMUframe,-0.24865954963,0.0485862751001,1.50736009178,-0.0108727456959,0.00508518192763,-0.0143481054464,0.999825012788
2018/10/02/14:06:38.537710,60826,1538481998,522413012,/world,vicon/IMUframe/IMUframe,-0.248677217741,0.0485023323251,1.50736003626,-0.0110218070704,0.00497832376326,-0.0141694748968,0.999826465964
2018/10/02/14:06:38.547708,60827,1538481998,532390654,/world,vicon/IMUframe/IMUframe,-0.248709731969,0.0484561940685,1.50736356776,-0.0111039830724,0.00494767545805,-0.0141352874279,0.999826192754
2018/10/02/14:06:38.557634,60828,1538481998,542370889,/world,vicon/IMUframe/IMUframe,-0.248686295692,0.0485535379433,1.50736759812,-0.0109290896887,0.00489942282152,-0.0146934310461,0.999820310725
2018/10/02/14:06:38.566955,60829,1538481998,552297906,/world,vicon/IMUframe/IMUframe,-0.248742334377,0.0485432693473,1.50730039633,-0.0108619141744,0.00493121893122,-0.0148338987228,0.99981881226
2018/10/02/14:06:38.577036,60830,1538481998,562412356,/world,vicon/IMUframe/IMUframe,-0.248850494588,0.0484629772671,1.50725827649,-0.0108185919767,0.00492664132689,-0.014589739081,0.999822897211
2018/10/02/14:06:38.587220,60831,1538481998,572372156,/world,vicon/IMUframe/IMUframe,-0.248892445438,0.0484727341234,1.50723928183,-0.0107396676361,0.00490482760674,-0.01481021918,0.999820613717
2018/10/02/14:06:38.597051,60832,1538481998,582334771,/world,vicon/IMUframe/IMUframe,-0.248941582643,0.048458975551,1.50724113573,-0.0108542343374,0.00489177846129,-0.0149516490216,0.999817335463
2018/10/02/14:06:38.607349,60833,1538481998,592367929,/world,vicon/IMUframe/IMUframe,-0.248998761667,0.048431833293,1.50723877699,-0.0110617447899,0.00488692582162,-0.0150625882259,0.999813419691
2018/10/02/14:06:38.617448,60834,1538481998,602584707,/world,vicon/IMUframe/IMUframe,-0.24906102253,0.0483881300661,1.50723634446,-0.0113251743492,0.00490951244598,-0.0150898426533,0.999809948821
2018/10/02/14:06:38.627837,60835,1538481998,612331959,/world,vicon/IMUframe/IMUframe,-0.249113474265,0.0483480824128,1.5072381097,-0.0115735848592,0.00487757726183,-0.0150748770365,0.999807486197
2018/10/02/14:06:38.637026,60836,1538481998,622336448,/world,vicon/IMUframe/IMUframe,-0.24914239119,0.048306179488,1.50722042321,-0.0117229546223,0.00483845417369,-0.0150404937218,0.999806453892
2018/10/02/14:06:38.646842,60837,1538481998,632312719,/world,vicon/IMUframe/IMUframe,-0.249144072146,0.0482881167029,1.5071937858,-0.0117876560559,0.00475738079153,-0.0150058117016,0.999806603353
2018/10/02/14:06:38.657085,60838,1538481998,642379409,/world,vicon/IMUframe/IMUframe,-0.249142114139,0.0482842484833,1.50719719905,-0.0117510028639,0.00474241411468,-0.0149969718031,0.99980723856
2018/10/02/14:06:38.667092,60839,1538481998,652371286,/world,vicon/IMUframe/IMUframe,-0.249145110418,0.0482973221074,1.50718212433,-0.0116149091075,0.00481438951106,-0.0149628391918,0.99980899625
2018/10/02/14:06:38.677034,60840,1538481998,662349470,/world,vicon/IMUframe/IMUframe,-0.249135028052,0.0483005584513,1.5071742793,-0.0114580701475,0.00494727042513,-0.014953487358,0.999810297186
2018/10/02/14:06:38.687016,60841,1538481998,672316857,/world,vicon/IMUframe/IMUframe,-0.249122675803,0.0482701264226,1.50716217079,-0.0112716828365,0.00508705207274,-0.0148985574151,0.999812534455
2018/10/02/14:06:38.697138,60842,1538481998,682379911,/world,vicon/IMUframe/IMUframe,-0.249049354904,0.0483738940555,1.50714874654,-0.010941539516,0.00518975009846,-0.0153011944475,0.9998095932
2018/10/02/14:06:38.707619,60843,1538481998,692473538,/world,vicon/IMUframe/IMUframe,-0.249036653064,0.0483259506491,1.50710076009,-0.010742303187,0.00523845679967,-0.015189289161,0.999813206048
2018/10/02/14:06:38.717536,60844,1538481998,702346957,/world,vicon/IMUframe/IMUframe,-0.249014961106,0.0483028220717,1.50705693867,-0.010530655215,0.00523900418758,-0.0150655879708,0.999817326413
2018/10/02/14:06:38.727105,60845,1538481998,712364369,/world,vicon/IMUframe/IMUframe,-0.248979699725,0.0482788075973,1.50699215202,-0.0103028476529,0.0052117783783,-0.0149189079422,0.999822041606
2018/10/02/14:06:38.737600,60846,1538481998,722282633,/world,vicon/IMUframe/IMUframe,-0.248934953271,0.0482475036403,1.50694087333,-0.0100538899227,0.00517629560387,-0.0147420103051,0.999827384299
2018/10/02/14:06:38.747537,60847,1538481998,732419989,/world,vicon/IMUframe/IMUframe,-0.248869637848,0.0482286487124,1.50687637785,-0.00981698548499,0.00516963683688,-0.0145751108262,0.999832219823
2018/10/02/14:06:38.757311,60848,1538481998,742415962,/world,vicon/IMUframe/IMUframe,-0.248824966748,0.0481939671992,1.50680713114,-0.00962350396338,0.00516720237834,-0.0143721029694,0.999837052148
2018/10/02/14:06:38.767447,60849,1538481998,752363474,/world,vicon/IMUframe/IMUframe,-0.248787171399,0.0481568676951,1.50675301878,-0.00949041886533,0.00522047327638,-0.0141883339617,0.999840672201
2018/10/02/14:06:38.777676,60850,1538481998,762341506,/world,vicon/IMUframe/IMUframe,-0.248762367039,0.0481219564143,1.50668400615,-0.00939753151448,0.00520873673088,-0.014003644353,0.999844214569
2018/10/02/14:06:38.787672,60851,1538481998,772465382,/world,vicon/IMUframe/IMUframe,-0.248736985062,0.0480633300197,1.50662066763,-0.00941126417686,0.00516624694691,-0.013845557605,0.999846507487
2018/10/02/14:06:38.797742,60852,1538481998,782429395,/world,vicon/IMUframe/IMUframe,-0.248727406387,0.0480292107325,1.50657061229,-0.00945308404698,0.00505055328653,-0.0137551892125,0.999847951382
2018/10/02/14:06:38.807598,60853,1538481998,792354261,/world,vicon/IMUframe/IMUframe,-0.248711862862,0.047995538107,1.50653110956,-0.00954004976298,0.0049277473275,-0.0137290849655,0.999848096954
2018/10/02/14:06:38.817391,60854,1538481998,802325683,/world,vicon/IMUframe/IMUframe,-0.248701830425,0.047987893729,1.50648609557,-0.00960906839478,0.00474712732538,-0.0137755919385,0.999847670225
2018/10/02/14:06:38.827486,60855,1538481998,812477484,/world,vicon/IMUframe/IMUframe,-0.248684929823,0.0479847339892,1.50644790492,-0.00967304453162,0.00458303329599,-0.0139052710956,0.999846023871
2018/10/02/14:06:38.837493,60856,1538481998,822431086,/world,vicon/IMUframe/IMUframe,-0.248681864515,0.0479862241554,1.50642076881,-0.00973918979912,0.00446983138781,-0.0140311171919,0.999844136123
2018/10/02/14:06:38.847307,60857,1538481998,832375609,/world,vicon/IMUframe/IMUframe,-0.248700607228,0.0479886943944,1.5064097703,-0.00982938541685,0.00449709986162,-0.0142040569814,0.99984068933
2018/10/02/14:06:38.857080,60858,1538481998,842343975,/world,vicon/IMUframe/IMUframe,-0.248733938753,0.04795721565,1.50640664483,-0.00991304694945,0.00466950789,-0.0143370035073,0.999837175507
2018/10/02/14:06:38.867787,60859,1538481998,852375353,/world,vicon/IMUframe/IMUframe,-0.248795539791,0.0479283371401,1.50640173745,-0.00997028782896,0.00491106952487,-0.014499636178,0.999833103727
2018/10/02/14:06:38.877942,60860,1538481998,862543768,/world,vicon/IMUframe/IMUframe,-0.248852679629,0.0479111153436,1.50640643116,-0.00998677770541,0.00511296419258,-0.0146992318969,0.999829012607
2018/10/02/14:06:38.887906,60861,1538481998,872452542,/world,vicon/IMUframe/IMUframe,-0.248912568123,0.0479058467907,1.50638491762,-0.00998333895293,0.00525330603575,-0.0148923191721,0.999825462043
2018/10/02/14:06:38.897539,60862,1538481998,882387509,/world,vicon/IMUframe/IMUframe,-0.248968678341,0.0478897778108,1.506359669,-0.00998683777599,0.0053327350222,-0.0150566535857,0.999822545351
2018/10/02/14:06:38.908593,60863,1538481998,893344426,/world,vicon/IMUframe/IMUframe,-0.249022855606,0.0479109791045,1.5063392299,-0.00997480981572,0.00536883510556,-0.0152295038589,0.999819854269
2018/10/02/14:06:38.917712,60864,1538481998,902444703,/world,vicon/IMUframe/IMUframe,-0.249060996062,0.0479073343862,1.50630950423,-0.0100122855245,0.00539362554797,-0.015393369592,0.999816836783
2018/10/02/14:06:38.927613,60865,1538481998,912406463,/world,vicon/IMUframe/IMUframe,-0.249104259145,0.0479043465999,1.50630153563,-0.0100187052744,0.00548594495826,-0.0154674397926,0.99981512704
2018/10/02/14:06:38.937783,60866,1538481998,922397408,/world,vicon/IMUframe/IMUframe,-0.249155617192,0.0478889956781,1.50629129734,-0.0100421073193,0.00563824069751,-0.015481592585,0.999813825976
2018/10/02/14:06:38.947535,60867,1538481998,932365815,/world,vicon/IMUframe/IMUframe,-0.249202377592,0.0478500204366,1.50627784637,-0.0100205606172,0.00581101563382,-0.0154341377326,0.99981378659
2018/10/02/14:06:38.957848,60868,1538481998,942472707,/world,vicon/IMUframe/IMUframe,-0.249222917777,0.047797371396,1.50626797149,-0.0100365396231,0.00598147629465,-0.0153150629683,0.999814452116
2018/10/02/14:06:38.967826,60869,1538481998,952320811,/world,vicon/IMUframe/IMUframe,-0.249239355355,0.0477359240124,1.5062613502,-0.00996748597357,0.00613319703004,-0.015184120804,0.999816220909
2018/10/02/14:06:38.977626,60870,1538481998,962352118,/world,vicon/IMUframe/IMUframe,-0.249237161651,0.0476763362708,1.50626220284,-0.00989213977075,0.00627324729445,-0.0150300447567,0.999818428363
2018/10/02/14:06:38.987196,60871,1538481998,972334844,/world,vicon/IMUframe/IMUframe,-0.249282205782,0.0475108841355,1.50627204513,-0.00987920653686,0.00639813096777,-0.0144315232332,0.999826583131
2018/10/02/14:06:38.997509,60872,1538481998,982284079,/world,vicon/IMUframe/IMUframe,-0.249277153879,0.0474911147207,1.5062796865,-0.00973422312495,0.00653221200276,-0.0143475969469,0.999828346052
2018/10/02/14:06:39.007432,60873,1538481998,992399413,/world,vicon/IMUframe/IMUframe,-0.249225579507,0.0475920173509,1.50630889142,-0.00954271664759,0.00663074036766,-0.0148254062738,0.999822572845
2018/10/02/14:06:39.017685,60874,1538481999,2344480,/world,vicon/IMUframe/IMUframe,-0.24922257318,0.0475634235982,1.50633284608,-0.00955634170604,0.00669418325106,-0.0149026424429,0.999820871703
2018/10/02/14:06:39.028239,60875,1538481999,12359392,/world,vicon/IMUframe/IMUframe,-0.249232128082,0.0475455717769,1.50633961269,-0.0096431511726,0.00672866327455,-0.0150515679127,0.999817575875
2018/10/02/14:06:39.038232,60876,1538481999,22379979,/world,vicon/IMUframe/IMUframe,-0.249302082417,0.047407053997,1.50632919008,-0.00987406888693,0.00672641558519,-0.0147236150835,0.999820220468
2018/10/02/14:06:39.048683,60877,1538481999,32380897,/world,vicon/IMUframe/IMUframe,-0.249242737154,0.047511902864,1.50633883352,-0.00990118411918,0.00662130194474,-0.0153654243552,0.999810996463
2018/10/02/14:06:39.058268,60878,1538481999,42360195,/world,vicon/IMUframe/IMUframe,-0.249239314821,0.0474836262251,1.50630871057,-0.00993982329824,0.00649715900328,-0.0155203879962,0.999809033963
2018/10/02/14:06:39.067937,60879,1538481999,52351417,/world,vicon/IMUframe/IMUframe,-0.249210897505,0.0474586223078,1.50626697228,-0.00995148042864,0.0063480980407,-0.0156199550633,0.999808324977
2018/10/02/14:06:39.077878,60880,1538481999,62315905,/world,vicon/IMUframe/IMUframe,-0.249176638909,0.0474390514921,1.50620771397,-0.00991552629721,0.00618781848466,-0.0156602780038,0.999809056237
2018/10/02/14:06:39.087626,60881,1538481999,72241864,/world,vicon/IMUframe/IMUframe,-0.249127935319,0.0474000898333,1.50614248652,-0.00986842405846,0.00605611607601,-0.015613119436,0.999811066235
2018/10/02/14:06:39.097847,60882,1538481999,82344070,/world,vicon/IMUframe/IMUframe,-0.249075006249,0.0473356289076,1.50607908391,-0.00982604434984,0.00595769092589,-0.0154842986916,0.999814078349
2018/10/02/14:06:39.107777,60883,1538481999,92418870,/world,vicon/IMUframe/IMUframe,-0.249032428614,0.0472619056321,1.50601365801,-0.00982927905731,0.00594499654085,-0.0152685726388,0.999817439825
2018/10/02/14:06:39.117681,60884,1538481999,102314513,/world,vicon/IMUframe/IMUframe,-0.248979142149,0.0471918325041,1.50595046494,-0.00981781334531,0.00588945201599,-0.0150272377545,0.999821537586
2018/10/02/14:06:39.127810,60885,1538481999,112348339,/world,vicon/IMUframe/IMUframe,-0.248967224017,0.0469777579571,1.50587397897,-0.00991126822067,0.00582889531433,-0.0142290884079,0.999832647889
2018/10/02/14:06:39.138443,60886,1538481999,122394581,/world,vicon/IMUframe/IMUframe,-0.24889315785,0.0469073785292,1.50579561417,-0.00980653103792,0.00574280475442,-0.0138667636998,0.999839269586
2018/10/02/14:06:39.148130,60887,1538481999,132363390,/world,vicon/IMUframe/IMUframe,-0.248817173267,0.0468508521643,1.50571513465,-0.00965941174868,0.00564975867967,-0.0136316599779,0.999844464823
2018/10/02/14:06:39.158111,60888,1538481999,142306610,/world,vicon/IMUframe/IMUframe,-0.24873277109,0.0468275300495,1.50567792531,-0.00942188980178,0.0055258681108,-0.0134660393728,0.999849667979
2018/10/02/14:06:39.168125,60889,1538481999,152268413,/world,vicon/IMUframe/IMUframe,-0.248656944363,0.0468232948259,1.50559859835,-0.00918281996691,0.00553061683223,-0.01327916772,0.999854365295
2018/10/02/14:06:39.178290,60890,1538481999,162293619,/world,vicon/IMUframe/IMUframe,-0.248598226335,0.0468106318711,1.50554732899,-0.00896902941511,0.00554450871312,-0.0131863562787,0.999857457312
2018/10/02/14:06:39.188108,60891,1538481999,172314879,/world,vicon/IMUframe/IMUframe,-0.248549104066,0.0467829122007,1.50551077495,-0.00887863169755,0.00558693275673,-0.0131205532462,0.999858893627
2018/10/02/14:06:39.198021,60892,1538481999,182330328,/world,vicon/IMUframe/IMUframe,-0.248516876057,0.0467419683821,1.50547233461,-0.00887165042979,0.00567539160871,-0.0130785498338,0.999859007702
2018/10/02/14:06:39.207797,60893,1538481999,192262310,/world,vicon/IMUframe/IMUframe,-0.248485304085,0.0467023023036,1.50544636228,-0.00887208468437,0.00571416839078,-0.0131165224245,0.999858285575
2018/10/02/14:06:39.217928,60894,1538481999,202253423,/world,vicon/IMUframe/IMUframe,-0.248458552871,0.0466755472153,1.50540996159,-0.00886290283539,0.00574216440207,-0.0131608845372,0.999857623674
2018/10/02/14:06:39.227846,60895,1538481999,212369942,/world,vicon/IMUframe/IMUframe,-0.248420146719,0.0466603059657,1.50537604862,-0.00881130449392,0.0057387972168,-0.0132154884936,0.999857378821
2018/10/02/14:06:39.237985,60896,1538481999,222319188,/world,vicon/IMUframe/IMUframe,-0.248384390582,0.0466665989065,1.50534667878,-0.00870379696775,0.00571179428664,-0.0133342158647,0.999856898767
2018/10/02/14:06:39.247792,60897,1538481999,232308829,/world,vicon/IMUframe/IMUframe,-0.248332573361,0.04665743093,1.50532012331,-0.00867906979686,0.00566102625074,-0.0134188934145,0.999856269585
2018/10/02/14:06:39.258109,60898,1538481999,242267259,/world,vicon/IMUframe/IMUframe,-0.248293683633,0.0466654524944,1.50531068706,-0.00871004936705,0.00568595984082,-0.0134709048991,0.999855159322
2018/10/02/14:06:39.268202,60899,1538481999,252468461,/world,vicon/IMUframe/IMUframe,-0.248196337028,0.0467572625573,1.50532315582,-0.00866964503157,0.00569253697416,-0.0139935746694,0.999848294566
2018/10/02/14:06:39.278270,60900,1538481999,262385191,/world,vicon/IMUframe/IMUframe,-0.2481513383,0.046718510647,1.50533768198,-0.00876855080804,0.00578248417382,-0.0139964804881,0.99984687524
2018/10/02/14:06:39.288291,60901,1538481999,272339303,/world,vicon/IMUframe/IMUframe,-0.248124272421,0.0466648125897,1.5053548804,-0.00885153172885,0.00590930628536,-0.013920913022,0.999846457545
2018/10/02/14:06:39.298196,60902,1538481999,282317261,/world,vicon/IMUframe/IMUframe,-0.248145638062,0.0465157840238,1.5053558361,-0.00895127501328,0.00603689760182,-0.0133878928573,0.999852086495
2018/10/02/14:06:39.308614,60903,1538481999,292372872,/world,vicon/IMUframe/IMUframe,-0.248117782965,0.0464853195188,1.50535400784,-0.00893085593044,0.00617754184794,-0.0132766915731,0.999852892805
2018/10/02/14:06:39.318019,60904,1538481999,302356595,/world,vicon/IMUframe/IMUframe,-0.24808450623,0.0464266293501,1.50536608439,-0.00890402148291,0.00627946091396,-0.0131575063926,0.999854072751
2018/10/02/14:06:39.328095,60905,1538481999,312327238,/world,vicon/IMUframe/IMUframe,-0.248062678384,0.046401133243,1.505383388,-0.00891569820582,0.00639269939256,-0.0130591086329,0.999854541122
2018/10/02/14:06:39.337833,60906,1538481999,322302665,/world,vicon/IMUframe/IMUframe,-0.248041538652,0.046351447415,1.50540516842,-0.00897158355554,0.00650492512892,-0.0129623482886,0.999854576508
2018/10/02/14:06:39.347898,60907,1538481999,332264510,/world,vicon/IMUframe/IMUframe,-0.247976725977,0.0464108653067,1.50544266541,-0.00893892399833,0.00657334941453,-0.0133927012661,0.999848749696
2018/10/02/14:06:39.358144,60908,1538481999,342351847,/world,vicon/IMUframe/IMUframe,-0.24797636158,0.0463785453355,1.50545598215,-0.00897420300444,0.00667645934218,-0.0133952100628,0.999847716864
2018/10/02/14:06:39.367987,60909,1538481999,352339765,/world,vicon/IMUframe/IMUframe,-0.24799482157,0.0463495182863,1.50545477711,-0.00894706048579,0.00673229276192,-0.0135018466841,0.999846151405
2018/10/02/14:06:39.378018,60910,1538481999,362307065,/world,vicon/IMUframe/IMUframe,-0.247991780348,0.046358871004,1.50544139053,-0.00886179188922,0.00670840459587,-0.0136586578327,0.999844941488
2018/10/02/14:06:39.388056,60911,1538481999,372292127,/world,vicon/IMUframe/IMUframe,-0.248062453529,0.0462399080018,1.50537650319,-0.00892000271304,0.00668234757064,-0.0133630393716,0.999848593019
2018/10/02/14:06:39.398196,60912,1538481999,382485208,/world,vicon/IMUframe/IMUframe,-0.248055720316,0.0462521485505,1.50537337964,-0.008807413562,0.00650447578822,-0.0135309587215,0.999848505733
2018/10/02/14:06:39.408015,60913,1538481999,392359914,/world,vicon/IMUframe/IMUframe,-0.248063041639,0.0462508247796,1.50535748602,-0.00876549835286,0.00634595629185,-0.0136731619607,0.999847958201
2018/10/02/14:06:39.417985,60914,1538481999,402313822,/world,vicon/IMUframe/IMUframe,-0.24805559556,0.0462212189469,1.50534108395,-0.00877648125579,0.00617999034385,-0.013733796972,0.999848070417
2018/10/02/14:06:39.427181,60915,1538481999,412224137,/world,vicon/IMUframe/IMUframe,-0.248047752593,0.0461937112749,1.50533245285,-0.00884881154257,0.00599545027987,-0.0137061461397,0.999848935924
2018/10/02/14:06:39.437073,60916,1538481999,422329576,/world,vicon/IMUframe/IMUframe,-0.247966036213,0.0462723800742,1.50535206684,-0.00878708956813,0.0057879153352,-0.0140789057346,0.999845523822
2018/10/02/14:06:39.447424,60917,1538481999,432399780,/world,vicon/IMUframe/IMUframe,-0.248014187972,0.0461244247899,1.50533403585,-0.00894733254578,0.00564859983475,-0.0134869247838,0.999853059914
2018/10/02/14:06:39.457061,60918,1538481999,442382908,/world,vicon/IMUframe/IMUframe,-0.248016551931,0.046093748342,1.5053226296,-0.00897595089853,0.0054934156747,-0.0133369299862,0.99985568008
2018/10/02/14:06:39.467058,60919,1538481999,452324698,/world,vicon/IMUframe/IMUframe,-0.248010115617,0.0460766040648,1.50531360242,-0.00895498816463,0.00532377600202,-0.0132319796227,0.999858180099
2018/10/02/14:06:39.477049,60920,1538481999,462302745,/world,vicon/IMUframe/IMUframe,-0.247997006943,0.046040558323,1.50530596955,-0.00889938835872,0.00511670018403,-0.0132042538427,0.999860124191
2018/10/02/14:06:39.488578,60921,1538481999,473782684,/world,vicon/IMUframe/IMUframe,-0.247980521039,0.046041975115,1.50530508751,-0.00882523142829,0.00500331810943,-0.0131872002308,0.999861580344
2018/10/02/14:06:39.497101,60922,1538481999,482396845,/world,vicon/IMUframe/IMUframe,-0.24797482027,0.046027165595,1.50530393765,-0.00872257290057,0.0048731060004,-0.0131705658506,0.99986334354
2018/10/02/14:06:39.507518,60923,1538481999,492401154,/world,vicon/IMUframe/IMUframe,-0.248001371162,0.0460096679035,1.50528526926,-0.00870171736573,0.00486029349898,-0.0131801291394,0.999863461608
2018/10/02/14:06:39.517506,60924,1538481999,502394570,/world,vicon/IMUframe/IMUframe,-0.248033483855,0.0459929978366,1.50528187748,-0.00866142488106,0.00484441760151,-0.0131820012293,0.999863863824
2018/10/02/14:06:39.528402,60925,1538481999,512589959,/world,vicon/IMUframe/IMUframe,-0.248069266892,0.0459591611403,1.50526168982,-0.00869858448555,0.00484024637997,-0.0131703874499,0.999863714482
2018/10/02/14:06:39.538100,60926,1538481999,522319356,/world,vicon/IMUframe/IMUframe,-0.248110333531,0.0459216483913,1.50526093999,-0.00877672311597,0.00481440954133,-0.0132475278701,0.999862137296
2018/10/02/14:06:39.548124,60927,1538481999,532372794,/world,vicon/IMUframe/IMUframe,-0.24813908081,0.0458977063006,1.50525442613,-0.00884986811723,0.00479166244886,-0.0133429383845,0.999860333147
2018/10/02/14:06:39.557747,60928,1538481999,542323618,/world,vicon/IMUframe/IMUframe,-0.248172807691,0.0459033783859,1.50523921872,-0.00885264835937,0.00479285347517,-0.0135017779357,0.999858170525
2018/10/02/14:06:39.568032,60929,1538481999,552453745,/world,vicon/IMUframe/IMUframe,-0.24818362339,0.0459213664397,1.50525052976,-0.00878200609593,0.00478698490625,-0.0136395893258,0.999856951142
2018/10/02/14:06:39.577956,60930,1538481999,562476436,/world,vicon/IMUframe/IMUframe,-0.248158448234,0.0460690422702,1.50524514181,-0.00858357650108,0.00484220221843,-0.014273518148,0.99984955967
2018/10/02/14:06:39.587888,60931,1538481999,572456144,/world,vicon/IMUframe/IMUframe,-0.248166376302,0.0460859464358,1.5052040079,-0.00845425881656,0.00492832872362,-0.0143792155534,0.99984872618
2018/10/02/14:06:39.598031,60932,1538481999,582390163,/world,vicon/IMUframe/IMUframe,-0.248243520619,0.0459654443661,1.5051542949,-0.00849624965318,0.005040853461,-0.013966211048,0.999853663536
2018/10/02/14:06:39.607979,60933,1538481999,592372742,/world,vicon/IMUframe/IMUframe,-0.248251740687,0.0459366500046,1.50511403307,-0.00847647420163,0.00514224210389,-0.0139303902191,0.999853814795
