2018/10/02/14:18:54.604821;[];0;33;-1695;16049;-102;32;124;-650;-75;1177;100;163;105;0
2018/10/02/14:18:54.625796;[];0;241;-1791;15937;-106;-78;6;-624;-93;1190;219;163;105;0
2018/10/02/14:18:54.641792;[];0;49;-1695;15953;-64;-24;48;-624;-63;1157;48;164;105;0
2018/10/02/14:18:54.657794;[];0;161;-1647;15857;78;0;-30;-624;-63;1157;133;164;105;0
2018/10/02/14:18:54.674796;[];0;-175;-1647;15665;-20;68;20;-624;-63;1157;184;164;105;0
2018/10/02/14:18:54.694769;[];0;-15;-1455;15905;10;-74;-30;-637;-81;1190;64;165;105;0
2018/10/02/14:18:54.707794;[];0;-175;-1471;15681;-28;-6;56;-637;-81;1190;115;165;105;0
2018/10/02/14:18:54.723792;[];0;-63;-1775;15841;0;-16;38;-669;-75;1197;166;165;105;0
2018/10/02/14:18:54.735786;[];0;-95;-1775;15953;-20;-62;46;-669;-75;1197;12;166;105;0
2018/10/02/14:18:54.748789;[];0;-271;-1583;15601;-22;-88;96;-656;-111;1177;80;166;105;0
2018/10/02/14:18:54.760769;[];0;-79;-1551;15905;26;38;22;-656;-111;1177;165;166;105;0
2018/10/02/14:18:54.776801;[];0;49;-1663;15873;12;-106;-16;-663;-111;1164;233;166;105;0
2018/10/02/14:18:54.793799;[];0;-239;-1727;15905;-46;-70;44;-663;-111;1164;79;167;105;0
2018/10/02/14:18:54.805801;[];0;-143;-1631;16113;52;34;-32;-618;-93;1157;147;167;105;0
2018/10/02/14:18:54.825817;[];0;-79;-1359;16033;28;38;68;-618;-93;1157;249;167;105;0
2018/10/02/14:18:54.838773;[];0;129;-1391;15969;36;30;62;-624;-117;1164;61;168;105;0
2018/10/02/14:18:54.854779;[];0;113;-1471;15921;90;-70;-50;-624;-117;1164;112;168;105;0
2018/10/02/14:18:54.866782;[];0;-111;-1487;16033;18;82;-98;-624;-117;1164;180;168;105;0
2018/10/02/14:18:54.879778;[];0;-63;-1391;15825;36;-58;-92;-631;-57;1184;248;168;105;0
2018/10/02/14:18:54.891776;[];0;-255;-1663;15841;-38;-26;4;-631;-57;1184;43;169;105;0
2018/10/02/14:18:54.907725;[];0;-143;-1551;16001;28;78;4;-631;-57;1184;111;169;105;0
2018/10/02/14:18:54.920781;[];0;-15;-1887;15569;-34;2;-28;-656;-75;1203;179;169;105;0
2018/10/02/14:18:54.936795;[];0;-255;-1823;15969;-134;70;-16;-656;-75;1203;230;169;105;0
2018/10/02/14:18:54.952770;[];0;-47;-1695;15665;-70;-38;-54;-631;-93;1177;110;170;105;0
2018/10/02/14:18:54.969761;[];0;-207;-1695;16001;-116;-28;22;-631;-93;1177;195;170;105;0
2018/10/02/14:18:54.981775;[];0;33;-1807;15761;16;-60;-26;-656;-99;1184;24;171;105;0
2018/10/02/14:18:54.997783;[];0;33;-1743;15857;36;2;-18;-656;-99;1184;109;171;105;0
2018/10/02/14:18:55.010778;[];0;97;-2031;15857;28;6;-32;-631;-87;1144;160;171;105;0
2018/10/02/14:18:55.022774;[];0;-79;-1807;15809;-4;-12;-24;-631;-87;1144;211;171;105;0
2018/10/02/14:18:55.038780;[];0;-143;-1727;15809;-16;-62;54;-637;-87;1157;74;172;105;0
2018/10/02/14:18:55.055788;[];0;1;-1551;15937;54;-58;-30;-637;-87;1157;125;172;105;0
2018/10/02/14:18:55.067785;[];0;177;-1695;16193;164;66;-16;-637;-87;1157;210;172;105;0
2018/10/02/14:18:55.079773;[];0;-63;-1615;15857;-8;40;-100;-631;-75;1190;22;173;105;0
2018/10/02/14:18:55.096787;[];0;49;-1775;15953;126;-52;-46;-631;-75;1190;73;173;105;0
2018/10/02/14:18:55.108782;[];0;-175;-1679;15825;104;-34;42;-631;-75;1190;124;173;105;0
2018/10/02/14:18:55.120782;[];0;-47;-1663;15793;-18;-8;74;-631;-75;1184;209;173;105;0
2018/10/02/14:18:55.133779;[];0;65;-1775;15857;60;-94;30;-631;-75;1184;21;174;105;0
2018/10/02/14:18:55.149779;[];0;97;-1839;15921;72;22;-32;-663;-87;1210;89;174;105;0
2018/10/02/14:18:55.161779;[];0;17;-1647;16049;-40;20;-64;-663;-87;1210;157;174;105;0
2018/10/02/14:18:55.173774;[];0;33;-1599;15985;-80;66;-40;-663;-87;1210;225;174;105;0
2018/10/02/14:18:55.186786;[];0;129;-1599;16001;72;128;32;-650;-81;1210;37;175;105;0
2018/10/02/14:18:55.202779;[];0;1;-1727;15889;-30;-28;30;-650;-81;1210;105;175;105;0
2018/10/02/14:18:55.214787;[];0;-63;-1967;15921;-94;44;-54;-644;-81;1190;173;175;105;0
2018/10/02/14:18:55.227792;[];0;-159;-1759;15809;100;138;-78;-644;-81;1190;19;176;105;0
2018/10/02/14:18:55.243780;[];0;-223;-1711;15649;32;90;34;-644;-81;1190;70;176;105;0
2018/10/02/14:18:55.255787;[];0;-47;-1615;15665;-26;74;-10;-650;-69;1125;189;176;105;0
2018/10/02/14:18:55.272799;[];0;17;-1727;15745;-4;82;76;-656;-63;1177;1;177;105;0
2018/10/02/14:18:55.284789;[];0;145;-1791;15905;-6;-26;-22;-656;-63;1177;52;177;105;0
2018/10/02/14:18:55.296800;[];0;-31;-1855;15697;-34;-42;82;-656;-63;1177;137;177;105;0
2018/10/02/14:18:55.313802;[];0;1;-1567;15633;2;32;-40;-676;-75;1210;222;177;105;0
2018/10/02/14:18:55.325792;[];0;113;-1551;16273;8;30;126;-676;-75;1210;17;178;105;0
2018/10/02/14:18:55.346800;[];0;65;-1519;15905;32;-138;-12;-611;-57;1190;85;178;105;0
2018/10/02/14:18:55.358799;[];0;1;-1775;16305;124;-94;62;-611;-57;1190;187;178;105;0
2018/10/02/14:18:55.370729;[];0;97;-1967;16097;54;-76;-34;-611;-57;1190;238;178;105;0
2018/10/02/14:18:55.386793;[];0;385;-1967;16177;-2;-62;110;-637;-99;1171;50;179;105;0
2018/10/02/14:18:55.399789;[];0;161;-1903;16049;168;38;-156;-637;-99;1171;118;179;105;0
2018/10/02/14:18:55.411787;[];0;113;-1775;15361;92;14;48;-631;-69;1144;186;179;105;0
2018/10/02/14:18:55.423804;[];0;177;-1487;16017;100;20;92;-631;-69;1144;254;179;105;0
2018/10/02/14:18:55.440787;[];0;257;-1615;16033;-46;36;56;-631;-69;1144;83;180;105;0
2018/10/02/14:18:55.464795;[];0;33;-1535;15761;-18;128;34;-624;-81;1184;236;180;105;0
2018/10/02/14:18:55.477790;[];0;-79;-1359;15681;-60;64;158;-637;-69;1190;48;181;105;0
2018/10/02/14:18:55.493803;[];0;113;-1311;15777;-48;-90;140;-637;-69;1190;133;181;105;0
2018/10/02/14:18:55.505793;[];0;17;-1231;15665;-20;80;-116;-656;-99;1164;201;181;105;0
2018/10/02/14:18:55.518788;[];0;65;-1519;15729;62;-50;-10;-656;-99;1164;252;181;105;0
2018/10/02/14:18:55.530785;[];0;-95;-1551;15889;100;106;22;-656;-99;1164;64;182;105;0
2018/10/02/14:18:55.546808;[];0;17;-1775;15505;-52;12;62;-663;-87;1164;149;182;105;0
2018/10/02/14:18:55.567791;[];0;1;-1599;15585;62;-18;-78;-644;-99;1223;12;183;105;0
2018/10/02/14:18:55.579808;[];0;-15;-1535;15649;-44;-34;130;-644;-99;1223;63;183;105;0
2018/10/02/14:18:55.595803;[];0;225;-1455;15857;10;-50;70;-644;-99;1223;165;183;105;0
2018/10/02/14:18:55.608785;[];0;129;-1583;15985;6;-128;62;-637;-75;1190;233;183;105;0
2018/10/02/14:18:55.624793;[];0;-207;-1455;15809;66;50;48;-637;-75;1190;62;184;105;0
2018/10/02/14:18:55.640785;[];0;129;-1583;15889;10;34;-28;-656;-93;1184;130;184;105;0
2018/10/02/14:18:55.661789;[];0;81;-1599;16017;-8;-60;-4;-656;-93;1184;198;184;105;0
2018/10/02/14:18:55.673807;[];0;-47;-1631;16113;56;-112;-26;-637;-99;1203;61;185;105;0
2018/10/02/14:18:55.690789;[];0;65;-1647;15985;18;-14;40;-637;-99;1203;112;185;105;0
2018/10/02/14:18:55.702785;[];0;81;-1615;15889;-68;-36;30;-637;-99;1203;163;185;105;0
2018/10/02/14:18:55.714795;[];0;113;-1439;15825;36;26;-8;-663;-75;1184;231;185;105;0
2018/10/02/14:18:55.726795;[];0;-79;-1391;16033;-52;2;62;-663;-75;1184;60;186;105;0
2018/10/02/14:18:55.743785;[];0;81;-1471;16033;-44;-2;-56;-637;-69;1203;111;186;105;0
2018/10/02/14:18:55.755793;[];0;-15;-1567;15857;-6;26;54;-637;-69;1203;179;186;105;0
2018/10/02/14:18:55.780795;[];0;-191;-1663;15761;-36;12;48;-624;-99;1230;93;187;105;0
2018/10/02/14:18:55.792785;[];0;-175;-1695;15729;-42;-38;28;-624;-99;1230;144;187;105;0
2018/10/02/14:18:55.804796;[];0;-15;-1647;15857;-22;-52;2;-624;-99;1230;195;187;105;0
2018/10/02/14:18:55.821795;[];0;97;-1807;15697;-42;-2;140;-637;-75;1164;7;188;105;0
2018/10/02/14:18:55.833787;[];0;241;-1647;15793;12;-86;-100;-637;-75;1164;75;188;105;0
2018/10/02/14:18:55.845796;[];0;-127;-1487;15553;52;60;-174;-618;-75;1250;126;188;105;0
2018/10/02/14:18:55.857799;[];0;-239;-1695;15713;114;-84;6;-618;-75;1250;211;188;105;0
2018/10/02/14:18:55.878791;[];0;193;-1711;15889;64;-24;32;-618;-57;1177;91;189;105;0
2018/10/02/14:18:55.890792;[];0;145;-1679;16017;48;-6;-50;-618;-57;1177;142;189;105;0
2018/10/02/14:18:55.903810;[];0;225;-1695;16193;-20;-82;68;-592;-93;1151;210;189;105;0
2018/10/02/14:18:55.915797;[];0;193;-1551;16113;-8;-40;-30;-592;-93;1151;22;190;105;0
2018/10/02/14:18:55.931810;[];0;225;-1327;16161;-14;-114;76;-592;-93;1151;73;190;105;0
2018/10/02/14:18:55.943788;[];0;289;-1471;15953;30;-54;-12;-624;-57;1197;124;190;105;0
2018/10/02/14:18:55.956798;[];0;225;-1407;16049;36;10;-64;-624;-57;1197;209;190;105;0
2018/10/02/14:18:55.968791;[];0;401;-1423;16225;138;26;50;-624;-57;1197;21;191;105;0
2018/10/02/14:18:55.984814;[];0;257;-1551;16353;10;-124;-16;-637;-57;1177;122;191;105;0
2018/10/02/14:18:55.997794;[];0;129;-1535;16017;-136;22;-30;-637;-57;1177;173;191;105;0
2018/10/02/14:18:56.009793;[];0;81;-1471;15745;38;-18;30;-631;-45;1197;224;191;105;0
2018/10/02/14:18:56.021790;[];0;161;-1391;16017;36;-8;-50;-631;-45;1197;36;192;105;0
2018/10/02/14:18:56.038795;[];0;353;-1599;16033;16;-96;8;-631;-45;1197;104;192;105;0
2018/10/02/14:18:56.050821;[];0;241;-1455;16065;-76;60;96;-631;-51;1171;189;192;105;0
2018/10/02/14:18:56.062785;[];0;241;-1615;16065;-102;22;88;-631;-51;1171;240;192;105;0
2018/10/02/14:18:56.075798;[];0;161;-1519;15905;-34;-18;-56;-656;-75;1164;52;193;105;0
2018/10/02/14:18:56.091796;[];0;225;-1679;16081;12;-24;-30;-656;-75;1164;154;193;105;0
2018/10/02/14:18:56.103791;[];0;65;-1503;15985;-22;12;-92;-656;-75;1164;205;193;105;0
2018/10/02/14:18:56.116815;[];0;49;-1407;15921;-36;72;-6;-624;-69;1171;17;194;105;0
2018/10/02/14:18:56.128797;[];0;161;-1983;15489;12;50;48;-624;-69;1171;102;194;105;0
2018/10/02/14:18:56.144799;[];0;65;-1887;15665;66;238;-66;-624;-99;1177;153;194;105;0
2018/10/02/14:18:56.156797;[];0;-31;-1647;15969;-136;-86;106;-624;-99;1177;221;194;105;0
2018/10/02/14:18:56.169793;[];0;-159;-1679;15873;-80;20;122;-624;-99;1177;33;195;105;0
2018/10/02/14:18:56.185802;[];0;-79;-1759;15761;38;28;20;-618;-75;1164;84;195;105;0
2018/10/02/14:18:56.197800;[];0;-15;-1599;16001;62;50;34;-618;-75;1164;203;195;105;0
2018/10/02/14:18:56.210814;[];0;113;-1823;15713;-32;-88;-22;-618;-105;1177;254;195;105;0
2018/10/02/14:18:56.222790;[];0;113;-1855;15649;96;-124;-120;-618;-105;1177;49;196;105;0
2018/10/02/14:18:56.238807;[];0;257;-1615;15889;52;-114;102;-618;-105;1177;134;196;105;0
2018/10/02/14:18:56.251795;[];0;257;-1551;15969;84;-36;-6;-644;-69;1157;202;196;105;0
2018/10/02/14:18:56.263788;[];0;225;-1519;16049;36;-148;74;-644;-69;1157;31;197;105;0
2018/10/02/14:18:56.275818;[];0;81;-1519;15809;18;-62;-80;-637;-99;1184;99;197;105;0
2018/10/02/14:18:56.292801;[];0;81;-1551;15713;-32;-4;-58;-637;-99;1184;167;197;105;0
2018/10/02/14:18:56.304814;[];0;-63;-1567;15921;-142;50;-50;-637;-99;1184;218;197;105;0
2018/10/02/14:18:56.316803;[];0;33;-1423;15745;24;-42;-184;-650;-93;1190;30;198;105;0
2018/10/02/14:18:56.328799;[];0;145;-1647;16033;-98;-58;38;-650;-93;1190;81;198;105;0
2018/10/02/14:18:56.345788;[];0;49;-1439;15905;-36;-56;104;-644;-87;1138;166;198;105;0
2018/10/02/14:18:56.357804;[];0;17;-1551;15777;-48;-78;-22;-644;-87;1138;234;198;105;0
2018/10/02/14:18:56.369967;[];0;-111;-1423;15729;30;-10;-16;-644;-87;1138;46;199;105;0
2018/10/02/14:18:56.382792;[];0;81;-1727;15889;54;-44;28;-631;-93;1171;114;199;105;0
2018/10/02/14:18:56.394800;[];0;177;-1615;16001;54;92;-44;-631;-93;1171;165;199;105;0
2018/10/02/14:18:56.410800;[];0;-95;-1807;16017;48;-12;14;-650;-69;1210;45;200;105;0
2018/10/02/14:18:56.427807;[];0;-111;-1647;15777;104;-58;-48;-650;-69;1210;130;200;105;0
2018/10/02/14:18:56.439796;[];0;161;-1807;15905;64;-24;32;-650;-81;1151;181;200;105;0
2018/10/02/14:18:56.451797;[];0;113;-1759;15825;-40;-12;36;-650;-81;1151;232;200;105;0
2018/10/02/14:18:56.464803;[];0;-15;-1695;15857;-80;-48;56;-650;-81;1151;44;201;105;0
2018/10/02/14:18:56.480798;[];0;49;-1343;15809;36;20;-30;-598;-63;1184;112;201;105;0
2018/10/02/14:18:56.496822;[];0;145;-1343;15953;-30;-114;-44;-598;-63;1184;197;201;105;0
2018/10/02/14:18:56.513796;[];0;241;-1647;16001;30;-22;14;-650;-63;1184;77;202;105;0
2018/10/02/14:18:56.525802;[];0;209;-1615;16017;46;-18;0;-650;-63;1184;145;202;105;0
2018/10/02/14:18:56.541800;[];0;193;-1727;15825;-12;-42;-104;-644;-57;1190;213;202;105;0
2018/10/02/14:18:56.554805;[];0;145;-1999;15841;8;-62;-50;-644;-57;1190;8;203;105;0
2018/10/02/14:18:56.566800;[];0;209;-1791;15841;-36;-28;90;-644;-69;1184;76;203;105;0
2018/10/02/14:18:56.578800;[];0;113;-1791;15601;0;32;-98;-644;-69;1184;127;203;105;0
2018/10/02/14:18:56.595804;[];0;-31;-1727;15761;-102;10;-36;-644;-69;1184;195;203;105;0
2018/10/02/14:18:56.607804;[];0;-79;-1887;15809;-24;-22;106;-669;-81;1197;7;204;105;0
2018/10/02/14:18:56.619798;[];0;129;-1727;15729;-56;6;52;-669;-81;1197;92;204;105;0
2018/10/02/14:18:56.632794;[];0;145;-1983;15969;64;-34;28;-669;-81;1197;143;204;105;0
2018/10/02/14:18:56.648778;[];0;-95;-1839;15777;28;-82;44;-637;-93;1197;211;204;105;0
2018/10/02/14:18:56.660804;[];0;-63;-1775;15953;54;-40;30;-637;-93;1197;23;205;105;0
2018/10/02/14:18:56.673800;[];0;-111;-1759;15745;90;2;90;-656;-75;1184;91;205;105;0
2018/10/02/14:18:56.685805;[];0;209;-1503;15921;62;-30;126;-656;-75;1184;159;205;105;0
2018/10/02/14:18:56.697799;[];0;97;-2047;16177;-46;26;-58;-656;-75;1184;227;205;105;0
2018/10/02/14:18:56.713796;[];0;193;-1759;16113;100;-36;-28;-656;-93;1203;56;206;105;0
2018/10/02/14:18:56.726803;[];0;49;-1599;16097;154;54;-40;-656;-93;1203;158;206;105;0
2018/10/02/14:18:56.738801;[];0;-79;-1663;16033;132;-48;154;-611;-81;1184;209;206;105;0
2018/10/02/14:18:56.750797;[];0;129;-1759;16129;14;-138;-64;-611;-81;1184;4;207;105;0
2018/10/02/14:18:56.767806;[];0;-95;-2015;16273;142;-18;94;-611;-81;1184;72;207;105;0
2018/10/02/14:18:56.779806;[];0;225;-1743;16769;94;88;-120;-650;-63;1171;174;207;105;0
2018/10/02/14:18:56.791756;[];0;337;-1439;17105;188;58;-14;-650;-63;1171;225;207;105;0
2018/10/02/14:18:56.804804;[];0;401;-1311;17201;236;110;-64;-618;-75;1184;20;208;105;0
2018/10/02/14:18:56.820803;[];0;273;-1199;17153;314;80;-106;-618;-75;1184;71;208;105;0
2018/10/02/14:18:56.832816;[];0;257;-1391;16721;544;298;-124;-618;-75;1184;139;208;105;0
2018/10/02/14:18:56.845828;[];0;113;-1167;16689;532;382;-180;-656;-51;1210;207;208;105;0
2018/10/02/14:18:56.857813;[];0;545;-1583;16849;676;596;-394;-656;-51;1210;36;209;105;0
2018/10/02/14:18:56.873800;[];0;545;-1519;16737;780;462;-260;-644;-21;1177;104;209;105;0
2018/10/02/14:18:56.886809;[];0;241;-1247;16321;1000;536;-376;-644;-21;1177;172;209;105;0
2018/10/02/14:18:56.898806;[];0;-31;-1119;15825;914;598;-138;-644;-21;1177;240;209;105;0
2018/10/02/14:18:56.910811;[];0;-191;-1631;17761;896;488;-276;-702;15;1157;52;210;105;0
2018/10/02/14:18:56.926827;[];0;-1167;-959;15345;940;356;-190;-702;15;1157;171;210;105;0
2018/10/02/14:18:56.939807;[];0;-1679;-911;14113;880;250;-246;-715;51;1131;222;210;105;0
2018/10/02/14:18:56.951802;[];0;-1327;17;15201;834;276;-18;-715;51;1131;17;211;105;0
2018/10/02/14:18:56.967827;[];0;-1679;209;13569;894;146;-22;-715;51;1131;85;211;105;0
2018/10/02/14:18:56.980811;[];0;-975;529;16033;1004;188;-20;-728;45;1157;153;211;105;0
2018/10/02/14:18:56.992803;[];0;-303;1137;17185;1128;62;40;-728;45;1157;238;211;105;0
2018/10/02/14:18:57.008811;[];0;-1055;1281;14161;1342;-34;28;-708;135;1118;50;212;105;0
2018/10/02/14:18:57.021804;[];0;-559;1569;17281;1256;4;36;-708;135;1118;101;212;105;0
2018/10/02/14:18:57.033865;[];0;-575;2049;15745;1394;6;-88;-766;177;1105;203;212;105;0
2018/10/02/14:18:57.045811;[];0;-1231;2353;15105;1396;64;-120;-766;177;1105;254;212;105;0
2018/10/02/14:18:57.062801;[];0;-847;2929;15825;1286;-4;-10;-766;177;1105;66;213;105;0
2018/10/02/14:18:57.074828;[];0;-1119;2705;14017;1206;-38;-74;-747;231;1125;134;213;105;0
2018/10/02/14:18:57.086824;[];0;-1023;3201;15617;1246;-36;-106;-747;231;1125;202;213;105;0
2018/10/02/14:18:57.098812;[];0;-1151;3425;14993;1180;-74;-128;-747;231;1125;14;214;105;0
2018/10/02/14:18:57.115827;[];0;-1439;3569;14913;1024;-72;62;-734;267;1092;82;214;105;0
2018/10/02/14:18:57.127812;[];0;-1231;4945;14657;1076;-12;-70;-734;267;1092;133;214;105;0
2018/10/02/14:18:57.139806;[];0;-1071;4449;14993;990;88;168;-747;285;1046;252;214;105;0
2018/10/02/14:18:57.152805;[];0;-1023;5041;17137;1020;312;-46;-747;285;1046;47;215;105;0
2018/10/02/14:18:57.168808;[];0;-975;5633;15521;1282;286;6;-747;285;1046;98;215;105;0
2018/10/02/14:18:57.180807;[];0;-1407;5233;14721;1290;388;38;-728;357;1026;183;215;105;0
2018/10/02/14:18:57.193803;[];0;-1151;5777;15473;1242;384;-68;-728;357;1026;251;215;105;0
2018/10/02/14:18:57.205816;[];0;-1455;5233;13729;1308;414;-168;-734;399;986;63;216;105;0
2018/10/02/14:18:57.221808;[];0;-1295;4737;14049;1340;474;-308;-734;399;986;131;216;105;0
2018/10/02/14:18:57.234813;[];0;-1775;6129;13857;1352;642;-330;-799;441;1026;216;216;105;0
2018/10/02/14:18:57.246815;[];0;-1263;6593;14049;1306;544;-234;-799;441;1026;11;217;105;0
2018/10/02/14:18:57.258785;[];0;-1887;6113;13073;1522;402;-236;-799;441;1026;79;217;105;0
2018/10/02/14:18:57.275815;[];0;-1999;3585;14513;1496;516;-226;-838;501;934;147;217;105;0
2018/10/02/14:18:57.287814;[];0;-943;1985;12881;1732;380;-174;-838;501;934;215;217;105;0
2018/10/02/14:18:57.299817;[];0;-2271;3105;15265;1718;564;-186;-838;501;934;27;218;105;0
2018/10/02/14:18:57.311803;[];0;-2287;6449;14561;1852;688;-134;-825;525;914;95;218;105;0
2018/10/02/14:18:57.328750;[];0;-3423;6497;11313;1866;542;-158;-825;525;914;163;218;105;0
2018/10/02/14:18:57.340811;[];0;-2735;8289;12785;1952;562;-106;-825;603;875;231;218;105;0
2018/10/02/14:18:57.352809;[];0;-3711;8337;10033;2186;286;-104;-825;603;875;43;219;105;0
2018/10/02/14:18:57.365834;[];0;-4159;7345;10513;2258;268;-148;-825;603;875;111;219;105;0
2018/10/02/14:18:57.377810;[];0;-3887;7873;10881;2248;272;-98;-857;651;828;196;219;105;0
2018/10/02/14:18:57.393806;[];0;-3967;9473;10145;2362;236;-50;-857;651;828;8;220;105;0
2018/10/02/14:18:57.406818;[];0;-3983;8433;9457;2346;224;-88;-889;723;710;76;220;105;0
2018/10/02/14:18:57.418812;[];0;-3663;9249;10033;2448;182;2;-889;723;710;144;220;105;0
2018/10/02/14:18:57.430807;[];0;-3663;10929;9873;2432;144;-86;-896;771;657;212;220;105;0
2018/10/02/14:18:57.447757;[];0;-3695;9937;9601;2562;50;-76;-896;771;657;23;221;105;0
2018/10/02/14:18:57.459812;[];0;-3679;11201;8081;2482;146;-198;-896;771;657;91;221;105;0
2018/10/02/14:18:57.471829;[];0;-3775;12065;8177;2338;172;-148;-883;825;638;159;221;105;0
2018/10/02/14:18:57.483809;[];0;-3855;11969;7713;2436;202;16;-883;825;638;227;221;105;0
2018/10/02/14:18:57.500817;[];0;-3519;11809;7713;2224;168;28;-883;825;638;39;222;105;0
2018/10/02/14:18:57.512820;[];0;-4111;12049;6769;2168;138;-110;-896;855;500;107;222;105;0
2018/10/02/14:18:57.524820;[];0;-3983;13985;6497;1976;120;300;-896;855;500;175;222;105;0
2018/10/02/14:18:57.537835;[];0;-3487;13553;7569;1910;26;170;-851;921;453;243;222;105;0
2018/10/02/14:18:57.553807;[];0;-4047;13569;5905;1700;36;122;-851;921;453;55;223;105;0
2018/10/02/14:18:57.565842;[];0;-3743;13841;6449;1578;164;134;-851;921;453;123;223;105;0
2018/10/02/14:18:57.578817;[];0;-4559;13153;5457;1308;184;86;-857;933;388;208;223;105;0
2018/10/02/14:18:57.590812;[];0;-3775;13185;5265;1130;312;210;-857;933;388;20;224;105;0
2018/10/02/14:18:57.606799;[];0;-2175;13825;5377;966;202;234;-864;945;296;88;224;105;0
2018/10/02/14:18:57.619815;[];0;-2575;14993;5969;850;126;258;-864;945;296;156;224;105;0
2018/10/02/14:18:57.631810;[];0;-3183;15393;4881;666;182;210;-851;951;296;224;224;105;0
2018/10/02/14:18:57.643812;[];0;-2863;16145;5137;616;282;210;-851;951;296;36;225;105;0
2018/10/02/14:18:57.656821;[];0;-2831;15217;2913;308;238;350;-851;951;296;104;225;105;0
2018/10/02/14:18:57.672816;[];0;-3135;14897;5857;346;272;462;-909;1024;269;172;225;105;0
2018/10/02/14:18:57.684821;[];0;-2895;15169;4945;274;192;294;-909;1024;269;240;225;105;0
2018/10/02/14:18:57.696816;[];0;-3551;15873;2865;100;176;384;-909;1024;269;52;226;105;0
2018/10/02/14:18:57.709810;[];0;-3087;15617;5281;102;76;322;-864;1000;184;120;226;105;0
2018/10/02/14:18:57.725822;[];0;-3151;15249;3217;16;210;384;-864;1000;184;171;226;105;0
2018/10/02/14:18:57.737821;[];0;-3487;15665;3713;40;278;284;-831;1018;230;0;227;105;0
2018/10/02/14:18:57.750814;[];0;-3311;15425;4241;100;198;398;-831;1018;230;68;227;105;0
2018/10/02/14:18:57.762811;[];0;-3231;15505;3521;126;142;322;-831;1018;230;136;227;105;0
2018/10/02/14:18:57.778819;[];0;-3311;15569;3681;102;28;294;-799;1042;210;204;227;105;0
2018/10/02/14:18:57.791818;[];0;-4319;17409;-47;90;-20;284;-799;1042;210;16;228;105;0
2018/10/02/14:18:57.803813;[];0;-3407;15873;3505;258;106;200;-831;1018;197;101;228;105;0
2018/10/02/14:18:57.815823;[];0;-2511;16353;5249;270;-12;336;-831;1018;197;169;228;105;0
2018/10/02/14:18:57.832849;[];0;-3167;15473;2593;210;-18;2;-812;1042;210;237;228;105;0
2018/10/02/14:18:57.844841;[];0;-3039;15457;3617;278;40;156;-812;1042;210;49;229;105;0
2018/10/02/14:18:57.856825;[];0;-2735;15425;3857;180;-92;48;-812;1042;210;117;229;105;0
2018/10/02/14:18:57.868817;[];0;-3039;14993;3265;180;-142;-36;-805;1072;197;185;229;105;0
2018/10/02/14:18:57.885823;[];0;-2543;14961;2945;78;-72;34;-805;1072;197;253;229;105;0
2018/10/02/14:18:57.897835;[];0;-2703;14625;3521;218;56;8;-805;1072;197;65;230;105;0
2018/10/02/14:18:57.909818;[];0;-2623;14785;3793;86;2;-104;-786;1030;184;133;230;105;0
2018/10/02/14:18:57.922813;[];0;-2703;14593;4017;108;0;-58;-786;1030;184;201;230;105;0
2018/10/02/14:18:57.938793;[];0;-2575;14545;3697;-16;-76;-44;-812;1072;164;13;231;105;0
2018/10/02/14:18:57.950819;[];0;-2799;14721;3713;66;-48;102;-812;1072;164;81;231;105;0
2018/10/02/14:18:57.963925;[];0;-2799;14785;3585;50;32;-52;-812;1072;164;149;231;105;0
2018/10/02/14:18:57.975835;[];0;-2767;14481;3681;-8;-44;178;-792;1030;157;217;231;105;0
2018/10/02/14:18:57.987838;[];0;-2767;14913;3793;22;28;98;-792;1030;157;46;232;105;0
2018/10/02/14:18:58.004825;[];0;-2623;14849;3873;-34;102;20;-779;1018;157;114;232;105;0
2018/10/02/14:18:58.016819;[];0;-2447;14993;3553;-40;8;-58;-779;1018;157;182;232;105;0
2018/10/02/14:18:58.028818;[];0;-2527;14961;3473;-34;26;-24;-786;1042;177;250;232;105;0
2018/10/02/14:18:58.041815;[];0;-2879;15249;3153;-88;84;-100;-786;1042;177;62;233;105;0
2018/10/02/14:18:58.057837;[];0;-2863;15233;2961;-228;-22;110;-786;1042;177;130;233;105;0
2018/10/02/14:18:58.069761;[];0;-2623;15377;3265;-210;10;-64;-792;1078;210;198;233;105;0
2018/10/02/14:18:58.081820;[];0;-2415;15185;3505;-544;-68;140;-792;1078;210;10;234;105;0
2018/10/02/14:18:58.094822;[];0;-2511;15073;4033;-658;-100;120;-792;1078;210;78;234;105;0
2018/10/02/14:18:58.110819;[];0;-2351;14929;4257;-824;-160;120;-805;1054;197;146;234;105;0
2018/10/02/14:18:58.122821;[];0;-2559;14785;4689;-898;-108;166;-805;1054;197;214;234;105;0
2018/10/02/14:18:58.135829;[];0;-2223;13889;4657;-1162;-184;304;-792;1054;276;26;235;105;0
2018/10/02/14:18:58.147830;[];0;-2303;13857;5057;-1242;-132;248;-792;1054;276;94;235;105;0
2018/10/02/14:18:58.163818;[];0;-2111;13489;5441;-1554;-186;438;-792;1054;276;162;235;105;0
2018/10/02/14:18:58.176826;[];0;-2063;13681;5921;-1650;-96;444;-766;1006;309;230;235;105;0
2018/10/02/14:18:58.188825;[];0;-2207;13889;6145;-1844;-130;640;-766;1006;309;42;236;105;0
2018/10/02/14:18:58.200842;[];0;-1311;14433;6241;-1896;-186;772;-721;1048;335;127;236;105;0
2018/10/02/14:18:58.217805;[];0;-1839;14017;6097;-2084;-146;708;-721;1048;335;195;236;105;0
2018/10/02/14:18:58.229931;[];0;-1327;13889;7841;-2102;-174;672;-702;1024;440;7;237;105;0
2018/10/02/14:18:58.241820;[];0;-1215;14257;7713;-2260;-230;618;-702;1024;440;75;237;105;0
2018/10/02/14:18:58.253818;[];0;-1375;13921;8801;-2154;-144;672;-702;1024;440;143;237;105;0
2018/10/02/14:18:58.266838;[];0;-863;13457;8097;-2350;-224;664;-721;975;519;211;237;105;0
2018/10/02/14:18:58.282828;[];0;-783;13745;8081;-2236;-102;804;-721;975;519;23;238;105;0
2018/10/02/14:18:58.294829;[];0;-671;13441;8833;-2206;-118;636;-721;975;519;91;238;105;0
2018/10/02/14:18:58.307832;[];0;-223;13633;8833;-2210;-234;564;-644;957;552;159;238;105;0
2018/10/02/14:18:58.319822;[];0;-207;13761;10065;-2198;-364;752;-644;957;552;227;238;105;0
2018/10/02/14:18:58.335830;[];0;-335;13441;10065;-2374;-326;626;-650;897;657;39;239;105;0
2018/10/02/14:18:58.348852;[];0;-399;12305;10561;-2290;-218;474;-650;897;657;107;239;105;0
2018/10/02/14:18:58.360827;[];0;-319;11025;10737;-2294;-324;466;-650;897;657;175;239;105;0
2018/10/02/14:18:58.372834;[];0;-415;10225;11265;-2288;-150;428;-598;855;750;243;239;105;0
2018/10/02/14:18:58.389827;[];0;-143;9793;12065;-2198;-200;406;-598;855;750;55;240;105;0
2018/10/02/14:18:58.401822;[];0;209;9057;12737;-2282;-174;428;-592;801;828;140;240;105;0
2018/10/02/14:18:58.413818;[];0;401;8865;13169;-2282;-148;300;-592;801;828;208;240;105;0
2018/10/02/14:18:58.426831;[];0;961;8529;13137;-2160;88;412;-579;759;914;20;241;105;0
2018/10/02/14:18:58.442845;[];0;689;8305;13377;-2282;22;356;-579;759;914;88;241;105;0
2018/10/02/14:18:58.454767;[];0;577;7313;13185;-2134;94;258;-579;759;914;156;241;105;0
2018/10/02/14:18:58.466828;[];0;529;7009;13105;-2072;-16;456;-533;645;940;224;241;105;0
2018/10/02/14:18:58.479822;[];0;241;6625;13121;-1952;128;406;-533;645;940;36;242;105;0
2018/10/02/14:18:58.495830;[];0;353;6017;13265;-1906;-44;438;-618;627;1019;104;242;105;0
2018/10/02/14:18:58.507833;[];0;689;5521;13617;-1976;0;412;-618;627;1019;172;242;105;0
2018/10/02/14:18:58.520827;[];0;1009;5649;13953;-1942;-18;258;-618;627;1019;240;242;105;0
2018/10/02/14:18:58.532821;[];0;961;5361;13793;-1772;-124;266;-579;525;1072;52;243;105;0
2018/10/02/14:18:58.548806;[];0;817;4961;14097;-1752;-78;310;-579;525;1072;120;243;105;0
2018/10/02/14:18:58.561826;[];0;369;4417;14289;-1590;-74;454;-579;525;1072;188;243;105;0
2018/10/02/14:18:58.573823;[];0;449;3825;14209;-1726;-106;350;-585;465;1039;0;244;105;0
2018/10/02/14:18:58.585836;[];0;497;3713;14705;-1592;-110;308;-585;465;1039;68;244;105;0
2018/10/02/14:18:58.598824;[];0;801;3249;15441;-1600;-134;342;-566;417;1065;153;244;105;0
2018/10/02/14:18:58.614833;[];0;1313;2881;15713;-1584;-148;376;-566;417;1065;221;244;105;0
2018/10/02/14:18:58.626834;[];0;1057;2561;15601;-1560;-158;370;-553;351;1111;33;245;105;0
2018/10/02/14:18:58.638824;[];0;1025;1985;15425;-1502;-62;272;-553;351;1111;101;245;105;0
2018/10/02/14:18:58.651833;[];0;785;1713;15233;-1512;-24;214;-553;351;1111;169;245;105;0
2018/10/02/14:18:58.667832;[];0;785;1617;15249;-1458;-74;202;-527;297;1131;237;245;105;0
2018/10/02/14:18:58.679826;[];0;1105;1681;15809;-1444;-48;262;-527;297;1131;49;246;105;0
2018/10/02/14:18:58.692845;[];0;1361;1393;15425;-1440;-48;232;-527;297;1131;100;246;105;0
2018/10/02/14:18:58.704834;[];0;1297;961;15745;-1436;-128;374;-521;195;1190;185;246;105;0
2018/10/02/14:18:58.720828;[];0;1521;113;15457;-1422;-98;106;-521;195;1190;253;246;105;0
2018/10/02/14:18:58.733823;[];0;1617;-543;15393;-1472;-202;198;-514;177;1203;65;247;105;0
2018/10/02/14:18:58.745835;[];0;1713;-847;14849;-1430;-26;118;-514;177;1203;133;247;105;0
2018/10/02/14:18:58.757833;[];0;1441;-783;15265;-1400;-48;230;-514;177;1203;201;247;105;0
2018/10/02/14:18:58.774851;[];0;1201;-1039;15217;-1390;-108;244;-495;129;1210;13;248;105;0
2018/10/02/14:18:58.786838;[];0;1345;-1231;15281;-1396;-198;282;-495;129;1210;81;248;105;0
2018/10/02/14:18:58.798841;[];0;1345;-1471;15233;-1532;-222;188;-488;63;1217;149;248;105;0
2018/10/02/14:18:58.811826;[];0;1649;-2335;15377;-1500;-262;344;-488;63;1217;234;248;105;0
2018/10/02/14:18:58.827812;[];0;1569;-3135;15185;-1668;-272;244;-469;9;1190;46;249;105;0
2018/10/02/14:18:58.839831;[];0;1729;-3439;15265;-1700;-224;358;-469;9;1190;114;249;105;0
2018/10/02/14:18:58.851827;[];0;1873;-3423;15681;-1662;-188;374;-469;9;1190;182;249;105;0
2018/10/02/14:18:58.864834;[];0;1905;-3567;15537;-1688;-86;418;-488;-27;1230;250;249;105;0
2018/10/02/14:18:58.876832;[];0;1841;-3711;15969;-1804;-188;528;-488;-27;1230;62;250;105;0
2018/10/02/14:18:58.892827;[];0;1841;-3695;15665;-1914;-228;452;-527;-159;1263;130;250;105;0
2018/10/02/14:18:58.905838;[];0;2065;-4207;16033;-1862;-146;258;-527;-159;1263;197;250;105;0
2018/10/02/14:18:58.917837;[];0;2113;-4831;15377;-1864;-58;358;-527;-159;1263;9;251;105;0
2018/10/02/14:18:58.929826;[];0;2401;-5727;15313;-1852;-38;90;-469;-189;1256;77;251;105;0
2018/10/02/14:18:58.946834;[];0;2449;-6127;15089;-1942;-116;266;-469;-189;1256;145;251;105;0
2018/10/02/14:18:58.958838;[];0;2353;-6831;14785;-2050;-172;332;-469;-189;1256;213;251;105;0
2018/10/02/14:18:58.970827;[];0;2209;-7151;14817;-2146;-156;398;-417;-297;1184;25;252;105;0
2018/10/02/14:18:58.983831;[];0;2017;-7295;14273;-2212;-128;340;-417;-297;1184;93;252;105;0
2018/10/02/14:18:58.999821;[];0;1873;-7295;14289;-2006;-210;286;-488;-363;1223;161;252;105;0
2018/10/02/14:18:59.011830;[];0;2161;-7567;14241;-2022;-164;314;-488;-363;1223;246;252;105;0
2018/10/02/14:18:59.023833;[];0;1857;-7775;13457;-2034;-198;310;-417;-423;1177;58;253;105;0
2018/10/02/14:18:59.036839;[];0;2241;-8879;13713;-2126;-144;300;-417;-423;1177;126;253;105;0
2018/10/02/14:18:59.052823;[];0;2145;-9439;13649;-2136;-252;182;-417;-423;1177;194;253;105;0
2018/10/02/14:18:59.064850;[];0;1905;-9711;12273;-2066;-136;96;-436;-519;1164;6;254;105;0
2018/10/02/14:18:59.077838;[];0;2385;-9759;13057;-2148;-112;224;-436;-519;1164;74;254;105;0
2018/10/02/14:18:59.089774;[];0;1809;-10143;12945;-1912;-110;134;-443;-609;1144;142;254;105;0
2018/10/02/14:18:59.105840;[];0;2241;-10751;12961;-2004;-124;296;-443;-609;1144;210;254;105;0
2018/10/02/14:18:59.118833;[];0;2481;-10719;12961;-1832;-34;216;-443;-609;1144;22;255;105;0
2018/10/02/14:18:59.130832;[];0;2369;-11343;12001;-1808;114;268;-456;-675;1072;90;255;105;0
2018/10/02/14:18:59.142830;[];0;2369;-11775;12369;-1796;106;142;-456;-675;1072;158;255;105;0
2018/10/02/14:18:59.159819;[];0;2161;-12527;11489;-1800;126;126;-456;-675;1072;226;255;105;0
2018/10/02/14:18:59.171834;[];0;2081;-12575;10833;-1762;158;160;-443;-753;1039;38;0;106;0
2018/10/02/14:18:59.183828;[];0;2305;-12799;10305;-1642;164;202;-443;-753;1039;106;0;106;0
2018/10/02/14:18:59.196839;[];0;2017;-13215;9649;-1602;132;320;-423;-783;993;174;0;106;0
2018/10/02/14:18:59.208829;[];0;2033;-13663;9729;-1646;148;372;-423;-783;993;3;1;106;0
2018/10/02/14:18:59.224840;[];0;1857;-13775;9137;-1684;-12;314;-449;-873;960;71;1;106;0
2018/10/02/14:18:59.236844;[];0;1905;-14015;8865;-1468;12;338;-449;-873;960;139;1;106;0
2018/10/02/14:18:59.249837;[];0;1953;-13887;8785;-1580;-36;342;-449;-873;960;207;1;106;0
2018/10/02/14:18:59.261864;[];0;1329;-13983;8673;-1508;0;348;-443;-891;888;19;2;106;0
2018/10/02/14:18:59.277842;[];0;1377;-13695;8401;-1626;-104;460;-443;-891;888;87;2;106;0
2018/10/02/14:18:59.290838;[];0;1425;-14063;8001;-1616;-66;364;-456;-897;828;155;2;106;0
2018/10/02/14:18:59.302833;[];0;1521;-13919;8513;-1674;44;398;-456;-897;828;223;2;106;0
2018/10/02/14:18:59.314845;[];0;1489;-14447;7585;-1744;-20;274;-456;-897;828;35;3;106;0
2018/10/02/14:18:59.331834;[];0;1025;-15183;7633;-1808;136;350;-495;-981;815;103;3;106;0
2018/10/02/14:18:59.343836;[];0;1233;-15071;6881;-1870;-2;388;-495;-981;815;171;3;106;0
2018/10/02/14:18:59.355839;[];0;1377;-15039;7249;-1738;114;372;-495;-981;815;239;3;106;0
2018/10/02/14:18:59.368851;[];0;1201;-15455;6529;-1794;142;440;-521;-1030;750;51;4;106;0
2018/10/02/14:18:59.384848;[];0;785;-15839;5665;-1784;198;392;-521;-1030;750;119;4;106;0
2018/10/02/14:18:59.396844;[];0;833;-15839;5633;-1844;196;380;-508;-1060;710;187;4;106;0
2018/10/02/14:18:59.408838;[];0;577;-15567;5137;-1814;90;362;-508;-1060;710;255;4;106;0
2018/10/02/14:18:59.421836;[];0;513;-15711;4497;-1676;168;454;-527;-1072;539;84;5;106;0
2018/10/02/14:18:59.437822;[];0;289;-16127;3585;-1598;116;248;-527;-1072;539;152;5;106;0
2018/10/02/14:18:59.449840;[];0;209;-16335;3777;-1634;206;252;-527;-1072;539;220;5;106;0
2018/10/02/14:18:59.462836;[];0;321;-16863;3089;-1604;176;222;-572;-1090;500;32;6;106;0
2018/10/02/14:18:59.478841;[];0;177;-17631;3345;-1440;88;196;-572;-1090;500;117;6;106;0
2018/10/02/14:18:59.490837;[];0;305;-18543;2849;-1188;90;76;-559;-1102;467;185;6;106;0
2018/10/02/14:18:59.503869;[];0;65;-16079;1777;-1048;186;118;-559;-1102;467;253;6;106;0
2018/10/02/14:18:59.519841;[];0;433;-16047;2145;-922;188;166;-559;-1102;467;48;7;106;0
2018/10/02/14:18:59.531839;[];0;-159;-17935;1377;-672;188;124;-618;-1132;434;133;7;106;0
2018/10/02/14:18:59.544848;[];0;-63;-17295;1393;-572;-36;42;-618;-1132;434;201;7;106;0
2018/10/02/14:18:59.556848;[];0;-287;-16703;1473;-418;94;58;-598;-1168;375;13;8;106;0
2018/10/02/14:18:59.572833;[];0;-351;-17631;1857;-266;150;70;-598;-1168;375;81;8;106;0
2018/10/02/14:18:59.585847;[];0;-431;-16991;913;-204;58;44;-598;-1168;375;149;8;106;0
2018/10/02/14:18:59.597843;[];0;-479;-16975;561;0;226;30;-546;-1132;375;217;8;106;0
2018/10/02/14:18:59.609858;[];0;-479;-17295;689;-44;16;-72;-546;-1132;375;29;9;106;0
2018/10/02/14:18:59.626844;[];0;-399;-16895;289;86;-84;90;-585;-1126;328;97;9;106;0
2018/10/02/14:18:59.638840;[];0;-287;-16719;977;-16;-112;-78;-585;-1126;328;165;9;106;0
2018/10/02/14:18:59.650845;[];0;-367;-16703;657;-38;-122;-24;-585;-1126;328;250;9;106;0
2018/10/02/14:18:59.662848;[];0;-223;-16655;961;-108;-194;-16;-579;-1132;355;62;10;106;0
2018/10/02/14:18:59.679823;[];0;-143;-16799;1473;-152;-192;-26;-579;-1132;355;130;10;106;0
2018/10/02/14:18:59.691840;[];0;17;-16895;1185;-258;-280;-16;-572;-1108;309;198;10;106;0
2018/10/02/14:18:59.703837;[];0;241;-16911;1937;-366;-276;12;-572;-1108;309;10;11;106;0
2018/10/02/14:18:59.716770;[];0;337;-17247;2097;-326;-248;-14;-572;-1108;309;78;11;106;0
2018/10/02/14:18:59.728839;[];0;241;-17711;1921;-334;-246;28;-572;-1138;381;146;11;106;0
2018/10/02/14:18:59.744867;[];0;433;-17839;2081;-418;-226;14;-572;-1138;381;214;11;106;0
2018/10/02/14:18:59.757803;[];0;129;-17695;1521;-256;-220;20;-540;-1150;322;26;12;106;0
2018/10/02/14:18:59.769843;[];0;81;-17215;1585;-372;-146;42;-540;-1150;322;94;12;106;0
2018/10/02/14:18:59.781836;[];0;241;-17247;1553;-398;-18;28;-540;-1150;322;162;12;106;0
2018/10/02/14:18:59.798863;[];0;97;-17231;1377;-376;-22;70;-546;-1150;322;230;12;106;0
2018/10/02/14:18:59.810843;[];0;129;-17615;1313;-342;-48;80;-546;-1150;322;42;13;106;0
2018/10/02/14:18:59.822839;[];0;225;-17647;1121;-330;-100;48;-559;-1156;328;110;13;106;0
2018/10/02/14:18:59.834849;[];0;113;-17679;1425;-246;50;18;-559;-1156;328;178;13;106;0
2018/10/02/14:18:59.851840;[];0;257;-17775;1281;-216;150;192;-559;-1156;328;246;13;106;0
2018/10/02/14:18:59.863888;[];0;273;-17903;1009;-222;18;70;-540;-1168;309;75;14;106;0
2018/10/02/14:18:59.875867;[];0;225;-17919;737;-136;136;4;-540;-1168;309;143;14;106;0
2018/10/02/14:18:59.888846;[];0;145;-17855;545;-80;76;132;-533;-1156;328;211;14;106;0
2018/10/02/14:18:59.904868;[];0;-15;-17743;721;18;28;78;-533;-1156;328;23;15;106;0
2018/10/02/14:18:59.916853;[];0;-111;-17663;737;72;126;90;-533;-1156;328;91;15;106;0
2018/10/02/14:18:59.929849;[];0;-415;-17791;561;172;224;68;-546;-1168;335;159;15;106;0
2018/10/02/14:18:59.941846;[];0;-31;-17919;1057;292;204;-100;-546;-1168;335;227;15;106;0
2018/10/02/14:18:59.957826;[];0;-175;-17839;897;374;160;-66;-559;-1150;289;39;16;106;0
2018/10/02/14:18:59.970847;[];0;-159;-17919;1009;458;108;56;-559;-1150;289;107;16;106;0
2018/10/02/14:18:59.982840;[];0;-63;-17855;1073;510;238;-94;-559;-1150;289;175;16;106;0
2018/10/02/14:18:59.994852;[];0;-223;-17839;1137;658;238;60;-611;-1144;322;243;16;106;0
2018/10/02/14:19:00.006845;[];0;-463;-17711;1505;748;166;64;-611;-1144;322;55;17;106;0
2018/10/02/14:19:00.023996;[];0;-479;-18095;1281;896;252;42;-592;-1156;335;123;17;106;0
2018/10/02/14:19:00.035851;[];0;-239;-17663;1729;1048;344;16;-592;-1156;335;191;17;106;0
2018/10/02/14:19:00.047852;[];0;97;-17999;2545;1282;424;56;-592;-1156;335;3;18;106;0
2018/10/02/14:19:00.060845;[];0;129;-18303;2433;1308;428;-66;-611;-1126;375;88;18;106;0
2018/10/02/14:19:00.076862;[];0;49;-18143;2625;1488;520;-106;-611;-1126;375;156;18;106;0
2018/10/02/14:19:00.088847;[];0;305;-18191;2577;1774;494;-34;-585;-1144;407;224;18;106;0
2018/10/02/14:19:00.101848;[];0;321;-17983;2993;1972;508;-72;-585;-1144;407;36;19;106;0
2018/10/02/14:19:00.113842;[];0;273;-18079;3393;2248;546;-146;-585;-1144;407;104;19;106;0
2018/10/02/14:19:00.129848;[];0;209;-17855;3521;2316;638;-302;-637;-1096;447;172;19;106;0
2018/10/02/14:19:00.142863;[];0;225;-17247;4001;2628;528;-344;-637;-1096;447;240;19;106;0
2018/10/02/14:19:00.154856;[];0;161;-16527;4209;2714;538;-226;-611;-1030;578;52;20;106;0
2018/10/02/14:19:00.166795;[];0;177;-16367;4977;2840;458;-322;-611;-1030;578;120;20;106;0
2018/10/02/14:19:00.183842;[];0;-63;-16047;5505;2804;206;-450;-611;-1030;578;188;20;106;0
2018/10/02/14:19:00.195858;[];0;-207;-15247;5873;2920;324;-500;-553;-1000;677;0;21;106;0
2018/10/02/14:19:00.207854;[];0;-47;-15087;6593;3130;368;-570;-553;-1000;677;68;21;106;0
2018/10/02/14:19:00.219847;[];0;241;-14895;7345;3206;188;-622;-624;-927;769;136;21;106;0
2018/10/02/14:19:00.236877;[];0;33;-14127;7313;3228;76;-712;-624;-927;769;204;21;106;0
2018/10/02/14:19:00.248872;[];0;-127;-13535;7889;3372;128;-604;-624;-927;769;16;22;106;0
2018/10/02/14:19:00.260912;[];0;81;-13199;8497;3478;54;-810;-598;-831;881;84;22;106;0
2018/10/02/14:19:00.273870;[];0;337;-11887;8721;3462;0;-692;-598;-831;881;169;22;106;0
2018/10/02/14:19:00.289848;[];0;257;-10847;10001;3488;-12;-666;-546;-747;986;237;22;106;0
2018/10/02/14:19:00.301872;[];0;289;-10047;10689;3518;-78;-722;-546;-747;986;49;23;106;0
2018/10/02/14:19:00.314878;[];0;433;-9487;10769;3420;-226;-672;-546;-747;986;117;23;106;0
2018/10/02/14:19:00.326877;[];0;961;-9023;12129;3510;-86;-960;-546;-657;1046;185;23;106;0
2018/10/02/14:19:00.338847;[];0;801;-8207;12657;3260;-178;-856;-546;-657;1046;253;23;106;0
2018/10/02/14:19:00.355879;[];0;881;-8079;12865;3176;-90;-862;-533;-567;1105;64;24;106;0
2018/10/02/14:19:00.367876;[];0;865;-7071;12993;3098;-140;-876;-533;-567;1105;115;24;106;0
2018/10/02/14:19:00.379873;[];0;833;-6751;13505;3016;-160;-930;-533;-567;1105;200;24;106;0
2018/10/02/14:19:00.391871;[];0;1137;-5983;14017;2952;-248;-814;-469;-441;1151;12;25;106;0
2018/10/02/14:19:00.408877;[];0;1393;-5759;14353;2902;-186;-670;-469;-441;1151;80;25;106;0
2018/10/02/14:19:00.420875;[];0;1553;-5743;14657;2688;-138;-614;-566;-333;1217;148;25;106;0
2018/10/02/14:19:00.432872;[];0;1569;-5167;14881;2680;-8;-708;-566;-333;1217;216;25;106;0
2018/10/02/14:19:00.445867;[];0;2081;-4607;15153;2606;20;-702;-566;-333;1217;28;26;106;0
2018/10/02/14:19:00.461850;[];0;2017;-3695;15617;2298;-96;-626;-521;-231;1263;96;26;106;0
2018/10/02/14:19:00.473845;[];0;2369;-2735;16241;2292;78;-624;-521;-231;1263;181;26;106;0
2018/10/02/14:19:00.486858;[];0;1777;-2335;15969;2224;130;-618;-462;-135;1276;249;26;106;0
2018/10/02/14:19:00.498849;[];0;1777;-2111;15985;2038;148;-392;-462;-135;1276;61;27;106;0
2018/10/02/14:19:00.514857;[];0;1681;-1695;15553;2004;128;-476;-462;-135;1276;129;27;106;0
2018/10/02/14:19:00.527858;[];0;1665;-1263;15521;1900;130;-376;-475;-21;1230;197;27;106;0
2018/10/02/14:19:00.539854;[];0;1905;-703;15393;1662;60;-268;-475;-21;1230;9;28;106;0
2018/10/02/14:19:00.551848;[];0;1937;-47;15633;1640;174;-366;-514;15;1210;77;28;106;0
2018/10/02/14:19:00.568839;[];0;1937;433;15969;1498;-16;-294;-514;15;1210;145;28;106;0
2018/10/02/14:19:00.580853;[];0;2113;609;15793;1434;26;-330;-514;15;1210;230;28;106;0
2018/10/02/14:19:00.592849;[];0;2033;577;15873;1318;-18;-324;-527;87;1210;25;29;106;0
2018/10/02/14:19:00.604864;[];0;1745;1025;15745;1186;-18;-90;-527;87;1210;93;29;106;0
2018/10/02/14:19:00.617850;[];0;1905;1585;15649;1184;76;-198;-508;147;1210;161;29;106;0
2018/10/02/14:19:00.633849;[];0;1617;2129;15825;1042;-80;-90;-508;147;1210;229;29;106;0
2018/10/02/14:19:00.645861;[];0;1729;2273;15825;1046;-36;-16;-508;147;1210;41;30;106;0
2018/10/02/14:19:00.658855;[];0;1569;2561;15841;928;34;0;-540;213;1203;109;30;106;0
2018/10/02/14:19:00.670860;[];0;1537;2465;16257;924;-12;6;-540;213;1203;194;30;106;0
2018/10/02/14:19:00.686870;[];0;881;1921;15473;940;16;-40;-456;267;1177;23;31;106;0
2018/10/02/14:19:00.699815;[];0;993;2369;15249;804;26;36;-456;267;1177;74;31;106;0
2018/10/02/14:19:00.711853;[];0;1073;2705;15313;776;114;-138;-456;267;1177;142;31;106;0
2018/10/02/14:19:00.723853;[];0;1329;3297;14977;846;8;-80;-514;255;1184;210;31;106;0
2018/10/02/14:19:00.740857;[];0;1409;3857;15281;906;-8;-40;-514;255;1184;22;32;106;0
2018/10/02/14:19:00.752857;[];0;1377;3617;15297;954;-128;-54;-495;285;1164;90;32;106;0
2018/10/02/14:19:00.764863;[];0;1393;3665;14977;942;-78;-142;-495;285;1164;158;32;106;0
2018/10/02/14:19:00.781856;[];0;1409;3985;15665;918;-36;-152;-495;285;1164;226;32;106;0
2018/10/02/14:19:00.797858;[];0;1553;4369;15457;1018;-50;-148;-521;333;1157;89;33;106;0
2018/10/02/14:19:00.809858;[];0;1681;4497;15521;958;-38;-322;-521;333;1157;140;33;106;0
2018/10/02/14:19:00.822856;[];0;1825;4625;15329;1038;-22;-316;-559;363;1144;191;33;106;0
2018/10/02/14:19:00.834861;[];0;2001;5089;15377;1114;-52;-306;-559;363;1144;20;34;106;0
2018/10/02/14:19:00.850838;[];0;1713;5041;15521;1272;98;-312;-553;429;1105;88;34;106;0
2018/10/02/14:19:00.862856;[];0;1569;5361;15345;1326;28;-336;-553;429;1105;156;34;106;0
2018/10/02/14:19:00.875860;[];0;1217;5313;15137;1406;126;-536;-553;429;1105;224;34;106;0
2018/10/02/14:19:00.887862;[];0;1185;5873;14801;1552;276;-602;-514;441;1085;70;35;106;0
2018/10/02/14:19:00.899853;[];0;1201;6273;14705;1642;320;-618;-514;441;1085;121;35;106;0
2018/10/02/14:19:00.916863;[];0;1009;6385;14417;1710;444;-590;-553;507;1111;172;35;106;0
2018/10/02/14:19:00.928858;[];0;993;6257;14529;1818;418;-660;-553;507;1111;240;35;106;0
2018/10/02/14:19:00.940855;[];0;289;6433;14001;1928;536;-684;-553;507;1111;52;36;106;0
2018/10/02/14:19:00.953852;[];0;33;7089;13233;2086;572;-722;-566;591;973;120;36;106;0
2018/10/02/14:19:00.969857;[];0;257;7281;12817;2078;516;-578;-566;591;973;188;36;106;0
2018/10/02/14:19:00.981857;[];0;-271;7985;12385;2392;518;-734;-566;591;973;0;37;106;0
2018/10/02/14:19:00.994874;[];0;-207;8417;11953;2432;462;-722;-624;675;940;85;37;106;0
2018/10/02/14:19:01.006863;[];0;-575;8705;11729;2600;472;-822;-624;675;940;170;37;106;0
2018/10/02/14:19:01.022854;[];0;-975;9073;11281;2706;412;-858;-669;723;875;221;37;106;0
2018/10/02/14:19:01.034907;[];0;-831;10081;11073;2856;426;-736;-669;723;875;33;38;106;0
2018/10/02/14:19:01.047864;[];0;-1087;10561;10529;2894;450;-720;-702;789;782;101;38;106;0
2018/10/02/14:19:01.059859;[];0;-1519;11105;10161;2956;532;-934;-702;789;782;169;38;106;0
2018/10/02/14:19:01.075868;[];0;-1663;11649;10113;3072;460;-908;-702;789;782;237;38;106;0
2018/10/02/14:19:01.088861;[];0;-1999;12001;8721;3006;390;-892;-702;843;717;49;39;106;0
2018/10/02/14:19:01.100862;[];0;-2015;11873;8753;3028;322;-952;-702;843;717;117;39;106;0
2018/10/02/14:19:01.112855;[];0;-1871;12113;8065;2986;426;-884;-805;909;572;185;39;106;0
2018/10/02/14:19:01.129861;[];0;-2399;12705;7793;2916;404;-870;-805;909;572;253;39;106;0
2018/10/02/14:19:01.141858;[];0;-2607;12801;7793;2946;412;-924;-805;909;572;65;40;106;0
2018/10/02/14:19:01.153869;[];0;-2511;14145;6641;2946;444;-974;-825;927;480;133;40;106;0
2018/10/02/14:19:01.166866;[];0;-3007;13169;5937;2878;562;-866;-825;927;480;201;40;106;0
2018/10/02/14:19:01.182838;[];0;-3199;13265;5985;2850;650;-946;-857;975;381;13;41;106;0
2018/10/02/14:19:01.194790;[];0;-3007;13633;5185;2722;548;-792;-857;975;381;81;41;106;0
2018/10/02/14:19:01.207869;[];0;-3631;13553;3937;2670;604;-656;-857;975;381;149;41;106;0
2018/10/02/14:19:01.219858;[];0;-3663;14001;4065;2472;678;-614;-915;975;217;217;41;106;0
2018/10/02/14:19:01.231880;[];0;-3759;13953;3633;2412;598;-484;-915;975;217;46;42;106;0
2018/10/02/14:19:01.247878;[];0;-3983;14129;2561;2314;644;-472;-935;1006;92;114;42;106;0
2018/10/02/14:19:01.260927;[];0;-4239;14177;2497;2108;810;-434;-935;1006;92;182;42;106;0
2018/10/02/14:19:01.272854;[];0;-4351;14065;1521;2068;828;-332;-935;1006;92;250;42;106;0
2018/10/02/14:19:01.284871;[];0;-4159;14529;689;1792;904;-362;-915;1012;52;62;43;106;0
2018/10/02/14:19:01.301886;[];0;-4063;14721;609;1658;796;-92;-915;1012;52;130;43;106;0
2018/10/02/14:19:01.313964;[];0;-4367;14801;-351;1556;922;-184;-974;1000;-19;198;43;106;0
2018/10/02/14:19:01.325889;[];0;-4527;14529;-591;1424;824;-66;-974;1000;-19;10;44;106;0
2018/10/02/14:19:01.338887;[];0;-4319;14433;-895;1188;914;-98;-974;1000;-19;78;44;106;0
2018/10/02/14:19:01.354884;[];0;-4383;14641;-1471;1004;796;28;-954;993;-111;146;44;106;0
2018/10/02/14:19:01.366891;[];0;-4319;14865;-1727;780;900;48;-954;993;-111;214;44;106;0
2018/10/02/14:19:01.379888;[];0;-4415;15137;-2127;612;670;72;-987;981;-171;26;45;106;0
2018/10/02/14:19:01.391884;[];0;-4447;15185;-2255;514;610;202;-987;981;-171;94;45;106;0
2018/10/02/14:19:01.407870;[];0;-4927;15169;-2431;334;640;230;-987;981;-171;162;45;106;0
2018/10/02/14:19:01.419864;[];0;-4863;14833;-2927;78;508;342;-967;993;-190;230;45;106;0
2018/10/02/14:19:01.432863;[];0;-4815;14705;-2671;-170;580;300;-967;993;-190;42;46;106;0
2018/10/02/14:19:01.444881;[];0;-4687;15329;-2783;-320;364;316;-889;987;-203;127;46;106;0
2018/10/02/14:19:01.460848;[];0;-4255;15617;-2815;-384;360;418;-889;987;-203;195;46;106;0
2018/10/02/14:19:01.473950;[];0;-4111;15505;-2943;-294;412;472;-889;987;-203;7;47;106;0
2018/10/02/14:19:01.485870;[];0;-4319;15537;-2911;-568;186;280;-915;1048;-243;75;47;106;0
2018/10/02/14:19:01.497870;[];0;-4447;15633;-2575;-550;112;464;-915;1048;-243;143;47;106;0
2018/10/02/14:19:01.510865;[];0;-4223;15441;-2495;-578;114;552;-883;1066;-217;211;47;106;0
2018/10/02/14:19:01.526889;[];0;-3839;15505;-2367;-528;24;352;-883;1066;-217;23;48;106;0
2018/10/02/14:19:01.538870;[];0;-4031;15745;-1919;-558;-28;280;-883;1066;-217;91;48;106;0
2018/10/02/14:19:01.551864;[];0;-3871;15873;-1887;-514;-18;288;-857;1060;-157;159;48;106;0
2018/10/02/14:19:01.563862;[];0;-3711;15921;-1199;-428;-88;280;-857;1060;-157;227;48;106;0
2018/10/02/14:19:01.579886;[];0;-3775;15793;-1535;-348;-158;170;-851;1048;-151;39;49;106;0
2018/10/02/14:19:01.592863;[];0;-3951;15425;-1615;-330;-88;310;-851;1048;-151;107;49;106;0
2018/10/02/14:19:01.604873;[];0;-3679;15425;-1183;-348;-114;90;-851;1048;-151;175;49;106;0
2018/10/02/14:19:01.616884;[];0;-3519;15873;-1263;-360;-100;160;-889;1084;-118;243;49;106;0
2018/10/02/14:19:01.632859;[];0;-3327;16097;-1071;-296;-202;108;-889;1084;-118;55;50;106;0
2018/10/02/14:19:01.645875;[];0;-3327;16241;-783;-444;-278;134;-805;1066;-131;140;50;106;0
2018/10/02/14:19:01.657872;[];0;-3679;16225;-879;-554;-186;80;-805;1066;-131;208;50;106;0
2018/10/02/14:19:01.669862;[];0;-3855;16209;-719;-554;-146;140;-805;1066;-131;20;51;106;0
2018/10/02/14:19:01.686869;[];0;-3775;16033;-255;-750;-98;-30;-838;1084;-98;88;51;106;0
2018/10/02/14:19:01.698864;[];0;-4095;15521;-31;-1038;-242;28;-838;1084;-98;156;51;106;0
2018/10/02/14:19:01.710867;[];0;-3423;15649;305;-1240;-182;36;-825;1084;-105;224;51;106;0
2018/10/02/14:19:01.723861;[];0;-3151;15105;641;-1408;-138;206;-825;1084;-105;36;52;106;0
2018/10/02/14:19:01.739889;[];0;-3103;15137;929;-1530;-196;126;-825;1084;-105;104;52;106;0
2018/10/02/14:19:01.751868;[];0;-3039;14881;1313;-1698;-118;406;-825;1108;19;172;52;106;0
2018/10/02/14:19:01.764872;[];0;-3071;14817;1761;-1938;-96;582;-825;1108;19;240;52;106;0
2018/10/02/14:19:01.776873;[];0;-3007;14609;2001;-2076;-120;510;-812;1060;111;52;53;106;0
2018/10/02/14:19:01.792842;[];0;-2479;14785;2561;-2310;-132;776;-812;1060;111;120;53;106;0
2018/10/02/14:19:01.804870;[];0;-2351;15329;3041;-2542;-132;734;-812;1060;111;171;53;106;0
2018/10/02/14:19:01.817868;[];0;-2031;15489;4225;-2604;-48;804;-779;1096;138;255;53;106;0
2018/10/02/14:19:01.829869;[];0;-1759;15201;5425;-2726;-76;850;-779;1096;138;67;54;106;0
2018/10/02/14:19:01.841861;[];0;-1679;14113;5377;-2734;54;926;-734;1072;263;152;54;106;0
2018/10/02/14:19:01.858868;[];0;-1887;14433;5329;-2636;158;832;-734;1072;263;220;54;106;0
2018/10/02/14:19:01.870870;[];0;-1759;13969;6289;-2748;124;774;-734;1072;263;32;55;106;0
2018/10/02/14:19:01.882868;[];0;-1519;14097;6145;-2792;156;998;-734;1030;368;100;55;106;0
2018/10/02/14:19:01.895876;[];0;-1439;14465;7073;-2780;174;914;-734;1030;368;168;55;106;0
2018/10/02/14:19:01.911869;[];0;-927;14385;7457;-2704;196;1004;-708;1048;434;236;55;106;0
2018/10/02/14:19:01.923867;[];0;-399;13601;7793;-2794;314;900;-708;1048;434;48;56;106;0
2018/10/02/14:19:01.936875;[];0;-431;13393;8769;-2800;312;784;-708;1048;434;116;56;106;0
2018/10/02/14:19:01.948871;[];0;-271;12417;9057;-2770;316;688;-663;1012;565;184;56;106;0
2018/10/02/14:19:01.964876;[];0;-111;12113;9329;-2820;356;652;-663;1012;565;252;56;106;0
2018/10/02/14:19:01.981854;[];0;-367;11697;10241;-2676;300;760;-611;969;651;81;57;106;0
2018/10/02/14:19:01.993871;[];0;-559;11569;10225;-2744;460;592;-611;969;651;149;57;106;0
2018/10/02/14:19:02.005895;[];0;-287;10913;10977;-2716;396;472;-611;969;651;217;57;106;0
2018/10/02/14:19:02.017877;[];0;-319;10561;11185;-2694;362;618;-650;897;723;29;58;106;0
2018/10/02/14:19:02.030868;[];0;225;9985;11649;-2756;286;626;-650;897;723;97;58;106;0
2018/10/02/14:19:02.046877;[];0;49;9265;12545;-2822;254;634;-650;825;796;165;58;106;0
2018/10/02/14:19:02.058873;[];0;193;8401;12545;-2762;400;518;-650;825;796;233;58;106;0
2018/10/02/14:19:02.071870;[];0;257;7985;13249;-2908;160;630;-650;825;796;45;59;106;0
2018/10/02/14:19:02.083868;[];0;273;7601;13041;-2810;204;566;-624;753;881;113;59;106;0
2018/10/02/14:19:02.099874;[];0;-271;7073;13681;-2840;276;740;-624;753;881;181;59;106;0
2018/10/02/14:19:02.112869;[];0;-431;6113;13633;-2854;46;828;-611;681;953;10;60;106;0
2018/10/02/14:19:02.128829;[];0;-351;5729;14113;-2922;162;742;-611;681;953;95;60;106;0
2018/10/02/14:19:02.144883;[];0;193;4801;14865;-2980;128;672;-618;579;1019;231;60;106;0
2018/10/02/14:19:02.161869;[];0;177;4497;14785;-3008;158;730;-618;579;1019;26;61;106;0
2018/10/02/14:19:02.173891;[];0;241;3441;15153;-2954;162;686;-572;483;1078;77;61;106;0
2018/10/02/14:19:02.185883;[];0;417;2897;15329;-3066;150;796;-572;483;1078;128;61;106;0
2018/10/02/14:19:02.198872;[];0;337;1649;15473;-2912;144;710;-572;483;1078;213;61;106;0
2018/10/02/14:19:02.214878;[];0;289;1441;14945;-2988;100;678;-598;363;1131;25;62;106;0
2018/10/02/14:19:02.226882;[];0;49;785;15601;-2846;200;738;-598;363;1131;93;62;106;0
2018/10/02/14:19:02.239893;[];0;129;513;15521;-2840;126;636;-598;363;1131;161;62;106;0
2018/10/02/14:19:02.251872;[];0;-479;-447;15297;-2748;132;500;-585;267;1171;246;62;106;0
2018/10/02/14:19:02.267872;[];0;625;-1375;17409;-2844;166;578;-585;267;1171;41;63;106;0
2018/10/02/14:19:02.280846;[];0;-1103;-1551;13729;-2774;92;418;-546;141;1230;109;63;106;0
2018/10/02/14:19:02.292870;[];0;369;-2031;17617;-2750;64;630;-546;141;1230;160;63;106;0
2018/10/02/14:19:02.304819;[];0;353;-2943;14449;-2692;32;426;-546;141;1230;245;63;106;0
2018/10/02/14:19:02.316883;[];0;-655;-3871;13713;-2656;162;390;-572;93;1203;57;64;106;0
2018/10/02/14:19:02.333872;[];0;-47;-4831;14625;-2578;24;230;-572;93;1203;108;64;106;0
2018/10/02/14:19:02.345905;[];0;-479;-5311;13105;-2506;38;244;-585;-63;1217;193;64;106;0
2018/10/02/14:19:02.357880;[];0;-223;-5567;15057;-2476;-24;370;-585;-63;1217;5;65;106;0
2018/10/02/14:19:02.370894;[];0;193;-6271;13969;-2348;-110;356;-585;-63;1217;73;65;106;0
2018/10/02/14:19:02.386883;[];0;-319;-6943;13793;-2184;-90;344;-566;-153;1217;141;65;106;0
2018/10/02/14:19:02.398878;[];0;305;-7455;15297;-2204;-48;384;-566;-153;1217;226;65;106;0
2018/10/02/14:19:02.411877;[];0;-47;-7871;14097;-2000;-22;154;-579;-243;1184;38;66;106;0
2018/10/02/14:19:02.423876;[];0;-127;-8079;13937;-2020;-136;294;-579;-243;1184;106;66;106;0
2018/10/02/14:19:02.439895;[];0;225;-8255;14193;-1842;-102;294;-579;-243;1184;174;66;106;0
2018/10/02/14:19:02.452903;[];0;-271;-8479;12977;-1880;-40;220;-546;-315;1177;242;66;106;0
2018/10/02/14:19:02.464884;[];0;33;-8863;14065;-1750;-42;188;-546;-315;1177;54;67;106;0
2018/10/02/14:19:02.476884;[];0;145;-9247;13153;-1724;-92;228;-559;-399;1171;122;67;106;0
2018/10/02/14:19:02.493877;[];0;-143;-9983;12833;-1754;0;288;-559;-399;1171;190;67;106;0
2018/10/02/14:19:02.505885;[];0;145;-10415;13249;-1642;-52;230;-559;-399;1171;2;68;106;0
2018/10/02/14:19:02.517884;[];0;65;-10959;12625;-1620;-4;268;-566;-447;1157;70;68;106;0
2018/10/02/14:19:02.529878;[];0;673;-11263;12881;-1512;-48;184;-566;-447;1157;138;68;106;0
2018/10/02/14:19:02.546895;[];0;353;-11551;12385;-1494;76;146;-533;-525;1151;206;68;106;0
2018/10/02/14:19:02.558879;[];0;193;-11455;11889;-1556;-94;174;-533;-525;1151;18;69;106;0
2018/10/02/14:19:02.570879;[];0;161;-11279;12513;-1496;8;320;-533;-525;1151;86;69;106;0
2018/10/02/14:19:02.583875;[];0;97;-11839;11809;-1422;-48;188;-585;-567;1092;154;69;106;0
2018/10/02/14:19:02.599859;[];0;337;-12287;11857;-1594;-40;216;-585;-567;1092;222;69;106;0
2018/10/02/14:19:02.611879;[];0;145;-12559;11521;-1546;-24;226;-566;-621;1065;51;70;106;0
2018/10/02/14:19:02.624884;[];0;-239;-12847;11025;-1582;84;170;-566;-621;1065;119;70;106;0
2018/10/02/14:19:02.636885;[];0;17;-12575;10977;-1608;44;258;-566;-621;1065;187;70;106;0
2018/10/02/14:19:02.648873;[];0;-191;-12591;10737;-1642;70;52;-592;-705;1052;255;70;106;0
2018/10/02/14:19:02.665887;[];0;17;-13039;10017;-1792;-46;358;-592;-705;1052;67;71;106;0
2018/10/02/14:19:02.677884;[];0;-271;-12799;9857;-1626;238;228;-598;-717;993;135;71;106;0
2018/10/02/14:19:02.689877;[];0;145;-13247;9073;-1662;94;328;-598;-717;993;203;71;106;0
2018/10/02/14:19:02.701874;[];0;-239;-13903;9297;-1692;136;252;-598;-717;993;15;72;106;0
2018/10/02/14:19:02.718882;[];0;-95;-14271;9425;-1740;96;318;-585;-753;947;83;72;106;0
2018/10/02/14:19:02.730905;[];0;-367;-14575;8353;-1682;64;392;-585;-753;947;151;72;106;0
2018/10/02/14:19:02.742876;[];0;-319;-14943;8785;-1712;276;224;-605;-807;947;219;72;106;0
2018/10/02/14:19:02.755888;[];0;-351;-15231;7905;-1704;206;370;-605;-807;947;31;73;106;0
2018/10/02/14:19:02.771878;[];0;-911;-15167;7729;-1742;240;328;-605;-807;947;99;73;106;0
2018/10/02/14:19:02.783878;[];0;-1103;-14607;7473;-1716;212;362;-637;-873;861;167;73;106;0
2018/10/02/14:19:02.796886;[];0;-1167;-14687;6593;-1664;288;322;-637;-873;861;235;73;106;0
2018/10/02/14:19:02.808881;[];0;-1359;-15039;6385;-1718;340;406;-637;-903;822;64;74;106;0
2018/10/02/14:19:02.824888;[];0;-1183;-15135;6129;-1764;280;354;-637;-903;822;132;74;106;0
2018/10/02/14:19:02.837884;[];0;-1311;-15519;5729;-1852;280;272;-637;-903;822;200;74;106;0
2018/10/02/14:19:02.849881;[];0;-1295;-16143;5537;-1844;300;220;-708;-945;736;12;75;106;0
2018/10/02/14:19:02.861881;[];0;-1455;-16895;4737;-1850;254;162;-708;-945;736;80;75;106;0
2018/10/02/14:19:02.878870;[];0;-1631;-16479;4337;-1816;362;190;-689;-987;671;148;75;106;0
2018/10/02/14:19:02.890908;[];0;-1471;-16079;3793;-1702;344;106;-689;-987;671;216;75;106;0
2018/10/02/14:19:02.902877;[];0;-1711;-16239;4449;-1682;260;322;-689;-987;671;28;76;106;0
2018/10/02/14:19:02.914893;[];0;-1519;-16399;3777;-1660;312;140;-689;-993;585;96;76;106;0
2018/10/02/14:19:02.927901;[];0;-1519;-16671;3089;-1538;368;190;-689;-993;585;164;76;106;0
2018/10/02/14:19:02.943972;[];0;-1823;-16607;2753;-1452;336;118;-721;-1024;546;232;76;106;0
2018/10/02/14:19:02.955889;[];0;-1887;-17007;2497;-1450;374;222;-721;-1024;546;44;77;106;0
2018/10/02/14:19:02.968883;[];0;-2079;-16815;1553;-1422;316;88;-721;-1024;546;112;77;106;0
2018/10/02/14:19:02.980882;[];0;-2047;-16735;1921;-1242;202;78;-702;-1066;480;180;77;106;0
2018/10/02/14:19:02.996891;[];0;-2399;-16735;1361;-1082;316;84;-702;-1066;480;248;77;106;0
2018/10/02/14:19:03.009886;[];0;-2479;-16879;289;-1140;90;162;-689;-1096;434;77;78;106;0
2018/10/02/14:19:03.021908;[];0;-2351;-17535;241;-956;238;126;-689;-1096;434;145;78;106;0
2018/10/02/14:19:03.033933;[];0;-2239;-17343;-159;-924;186;146;-689;-1096;434;213;78;106;0
2018/10/02/14:19:03.050884;[];0;-2303;-17327;-287;-904;102;72;-715;-1078;335;25;79;106;0
2018/10/02/14:19:03.062901;[];0;-2367;-17199;33;-908;100;-6;-715;-1078;335;93;79;106;0
2018/10/02/14:19:03.074895;[];0;-2575;-17231;-767;-744;-28;-72;-728;-1060;322;161;79;106;0
2018/10/02/14:19:03.086893;[];0;-2639;-17183;-191;-716;26;2;-728;-1060;322;229;79;106;0
2018/10/02/14:19:03.103881;[];0;-2751;-16767;-223;-634;-96;26;-728;-1060;322;41;80;106;0
2018/10/02/14:19:03.115892;[];0;-2719;-16799;-431;-744;-190;82;-734;-1090;289;109;80;106;0
2018/10/02/14:19:03.127894;[];0;-2511;-16975;-335;-636;-90;6;-734;-1090;289;177;80;106;0
2018/10/02/14:19:03.140922;[];0;-2335;-17119;-559;-520;36;-100;-773;-1108;302;245;80;106;0
2018/10/02/14:19:03.156893;[];0;-2191;-17663;-351;-530;38;14;-773;-1108;302;57;81;106;0
2018/10/02/14:19:03.168887;[];0;-2047;-17887;-687;-470;164;-246;-773;-1108;302;125;81;106;0
2018/10/02/14:19:03.181891;[];0;-2143;-17871;-383;-376;48;-50;-747;-1090;223;193;81;106;0
2018/10/02/14:19:03.193939;[];0;-1727;-18175;-271;-240;186;-172;-747;-1090;223;5;82;106;0
2018/10/02/14:19:03.209869;[];0;-1791;-18383;-1119;-14;252;-198;-715;-1096;223;73;82;106;0
2018/10/02/14:19:03.222887;[];0;-1583;-18191;-895;146;172;-134;-715;-1096;223;158;82;106;0
2018/10/02/14:19:03.234893;[];0;-1567;-18143;-911;290;284;-206;-721;-1132;263;226;82;106;0
2018/10/02/14:19:03.246894;[];0;-1679;-17903;-959;384;152;-40;-721;-1132;263;21;83;106;0
2018/10/02/14:19:03.258970;[];0;-1903;-17775;-799;586;214;16;-721;-1132;263;106;83;106;0
2018/10/02/14:19:03.275907;[];0;-1951;-17519;-927;710;176;84;-695;-1108;203;173;83;106;0
2018/10/02/14:19:03.287895;[];0;-2143;-17263;-479;852;50;48;-695;-1108;203;241;83;106;0
2018/10/02/14:19:03.299887;[];0;-2015;-16879;-143;904;188;10;-695;-1108;203;53;84;106;0
2018/10/02/14:19:03.312882;[];0;-2015;-17039;17;1064;164;-24;-689;-1084;243;121;84;106;0
2018/10/02/14:19:03.328894;[];0;-2015;-17199;385;1164;168;-128;-689;-1084;243;189;84;106;0
2018/10/02/14:19:03.340887;[];0;-1903;-17279;225;1260;128;-108;-721;-1078;296;1;85;106;0
2018/10/02/14:19:03.353876;[];0;-1887;-17343;657;1362;188;-82;-721;-1078;296;69;85;106;0
2018/10/02/14:19:03.365895;[];0;-2047;-17583;545;1554;248;-152;-721;-1078;296;137;85;106;0
2018/10/02/14:19:03.381879;[];0;-2079;-17503;705;1476;170;-174;-702;-1084;368;205;85;106;0
2018/10/02/14:19:03.394896;[];0;-1951;-17615;945;1516;162;-134;-702;-1084;368;17;86;106;0
2018/10/02/14:19:03.406894;[];0;-1919;-17599;913;1652;-20;-54;-676;-1048;421;85;86;106;0
2018/10/02/14:19:03.418888;[];0;-1951;-17327;1953;1828;188;-140;-676;-1048;421;170;86;106;0
2018/10/02/14:19:03.435897;[];0;-1903;-17087;2625;1882;42;-74;-708;-1054;480;238;86;106;0
2018/10/02/14:19:03.447896;[];0;-1999;-16703;2721;1938;-34;-110;-708;-1054;480;50;87;106;0
2018/10/02/14:19:03.459891;[];0;-1999;-16591;3265;1956;32;-110;-708;-1054;480;118;87;106;0
2018/10/02/14:19:03.471888;[];0;-2143;-16223;3537;2078;38;-148;-702;-1024;559;186;87;106;0
2018/10/02/14:19:03.488873;[];0;-2079;-15343;4129;2004;50;-292;-702;-1024;559;254;87;106;0
2018/10/02/14:19:03.500890;[];0;-1807;-14751;4113;2086;-36;-264;-702;-1024;559;66;88;106;0
2018/10/02/14:19:03.512890;[];0;-1935;-14703;4833;1918;-188;-338;-663;-1018;611;134;88;106;0
2018/10/02/14:19:03.525898;[];0;-1503;-14143;5681;1888;-178;-392;-663;-1018;611;202;88;106;0
2018/10/02/14:19:03.537890;[];0;-1343;-14671;5985;1824;-178;-372;-695;-963;730;14;89;106;0
2018/10/02/14:19:03.553888;[];0;-1295;-15215;7041;1758;-148;-556;-695;-963;730;82;89;106;0
2018/10/02/14:19:03.566898;[];0;-1215;-15327;7201;1662;-132;-566;-695;-963;730;150;89;106;0
2018/10/02/14:19:03.578894;[];0;-783;-15167;7601;1798;-148;-592;-650;-915;769;218;89;106;0
2018/10/02/14:19:03.590889;[];0;-575;-14815;8545;1568;-112;-576;-650;-915;769;30;90;106;0
2018/10/02/14:19:03.607893;[];0;-367;-14959;8673;1630;-88;-496;-624;-897;828;98;90;106;0
2018/10/02/14:19:03.619894;[];0;-63;-14383;8609;1624;8;-476;-624;-897;828;166;90;106;0
2018/10/02/14:19:03.631889;[];0;-63;-15007;9473;1692;-62;-450;-650;-873;828;251;90;106;0
2018/10/02/14:19:03.643888;[];0;385;-14511;9345;1842;-40;-440;-650;-873;828;63;91;106;0
2018/10/02/14:19:03.660892;[];0;225;-14559;10017;1886;-8;-618;-650;-873;828;131;91;106;0
2018/10/02/14:19:03.672892;[];0;-383;-14479;9921;1862;146;-506;-585;-813;953;199;91;106;0
2018/10/02/14:19:03.684902;[];0;-303;-13695;10433;1854;92;-460;-585;-813;953;11;92;106;0
2018/10/02/14:19:03.697900;[];0;33;-13807;10929;1930;102;-330;-585;-813;953;79;92;106;0
2018/10/02/14:19:03.713887;[];0;337;-12927;11233;1984;272;-534;-579;-765;967;147;92;106;0
2018/10/02/14:19:03.725901;[];0;433;-12735;11793;2046;332;-438;-579;-765;967;215;92;106;0
2018/10/02/14:19:03.738914;[];0;337;-12495;11681;2016;300;-440;-598;-687;1013;27;93;106;0
2018/10/02/14:19:03.750893;[];0;81;-12495;11265;2112;406;-434;-598;-687;1013;95;93;106;0
2018/10/02/14:19:03.766900;[];0;-367;-11439;11633;1988;308;-396;-598;-687;1013;163;93;106;0
2018/10/02/14:19:03.779893;[];0;-335;-10751;11137;2034;260;-284;-598;-645;1072;231;93;106;0
2018/10/02/14:19:03.791913;[];0;-431;-11103;12177;2086;126;-242;-598;-645;1072;43;94;106;0
2018/10/02/14:19:03.803888;[];0;-111;-10303;12273;2064;188;-234;-605;-561;1118;111;94;106;0
2018/10/02/14:19:03.820879;[];0;-31;-9807;12849;2132;164;-192;-605;-561;1118;179;94;106;0
2018/10/02/14:19:03.832895;[];0;-63;-9167;13009;2220;100;-116;-605;-507;1118;8;95;106;0
2018/10/02/14:19:03.844901;[];0;-47;-9023;13425;2270;114;-220;-605;-507;1118;76;95;106;0
2018/10/02/14:19:03.856933;[];0;-111;-8399;13057;2122;148;-284;-605;-507;1118;144;95;106;0
2018/10/02/14:19:03.869135;[];0;-495;-7807;13633;2168;56;-184;-637;-411;1131;195;95;106;0
2018/10/02/14:19:03.885921;[];0;-287;-7311;13745;2094;22;-302;-637;-411;1131;24;96;106;0
2018/10/02/14:19:03.897922;[];0;-399;-6591;14385;2160;-18;-292;-637;-411;1131;92;96;106;0
2018/10/02/14:19:03.910918;[];0;-271;-5759;14721;2132;98;-408;-611;-315;1164;160;96;106;0
2018/10/02/14:19:03.922894;[];0;-223;-5359;14801;2002;-76;-190;-611;-315;1164;228;96;106;0
2018/10/02/14:19:03.938900;[];0;-399;-4927;14945;2062;-86;-232;-624;-243;1197;40;97;106;0
2018/10/02/14:19:03.951899;[];0;-271;-4991;14481;1896;-128;-362;-624;-243;1197;108;97;106;0
2018/10/02/14:19:03.963891;[];0;-511;-4527;14753;1598;-166;-220;-624;-243;1197;176;97;106;0
2018/10/02/14:19:03.975904;[];0;-207;-4303;14545;1570;-256;-396;-644;-153;1223;227;97;106;0
2018/10/02/14:19:03.992894;[];0;-47;-4207;14625;1400;-298;-294;-644;-153;1223;56;98;106;0
2018/10/02/14:19:04.004902;[];0;129;-3999;15057;1144;-430;-154;-618;-117;1190;124;98;106;0
2018/10/02/14:19:04.016902;[];0;97;-3551;15537;1040;-386;16;-618;-117;1190;192;98;106;0
2018/10/02/14:19:04.028896;[];0;401;-3599;16049;680;-346;26;-585;-75;1217;21;99;106;0
2018/10/02/14:19:04.045907;[];0;737;-3311;16049;566;-362;56;-585;-75;1217;89;99;106;0
2018/10/02/14:19:04.057903;[];0;801;-3263;16497;368;-322;10;-585;-75;1217;157;99;106;0
2018/10/02/14:19:04.069897;[];0;1041;-3087;16689;74;-254;84;-566;-63;1230;225;99;106;0
2018/10/02/14:19:04.082895;[];0;1153;-3439;16577;28;-146;146;-566;-63;1230;37;100;106;0
2018/10/02/14:19:04.098878;[];0;1073;-3295;16657;-2;46;112;-566;-63;1230;105;100;106;0
2018/10/02/14:19:04.110919;[];0;1217;-3199;16625;-192;-24;260;-546;-45;1230;173;100;106;0
2018/10/02/14:19:04.123948;[];0;1329;-3135;16657;-254;14;308;-546;-45;1230;241;100;106;0
2018/10/02/14:19:04.135915;[];0;1361;-3311;16385;-200;-20;274;-579;-33;1250;36;101;106;0
2018/10/02/14:19:04.147896;[];0;1169;-3311;16225;-204;122;262;-579;-33;1250;121;101;106;0
2018/10/02/14:19:04.164907;[];0;817;-3487;16369;-162;102;308;-579;-33;1250;189;101;106;0
2018/10/02/14:19:04.176906;[];0;993;-3615;16033;-132;170;308;-605;-33;1269;1;102;106;0
2018/10/02/14:19:04.188901;[];0;593;-3535;16241;-62;130;306;-605;-33;1269;69;102;106;0
2018/10/02/14:19:04.201882;[];0;529;-3455;15873;-186;200;272;-598;-45;1177;137;102;106;0
2018/10/02/14:19:04.217888;[];0;385;-3663;15857;-60;238;354;-598;-45;1177;205;102;106;0
2018/10/02/14:19:04.229995;[];0;657;-3503;16609;0;354;282;-598;-45;1177;17;103;106;0
2018/10/02/14:19:04.241901;[];0;705;-3359;16769;18;522;52;-572;-39;1184;102;103;106;0
2018/10/02/14:19:04.254828;[];0;449;-3343;16673;20;410;268;-572;-39;1184;170;103;106;0
2018/10/02/14:19:04.270909;[];0;193;-3071;16817;128;686;182;-585;-57;1217;238;103;106;0
2018/10/02/14:19:04.282910;[];0;81;-2847;16657;216;762;60;-585;-57;1217;50;104;106;0
2018/10/02/14:19:04.295908;[];0;465;-2991;16625;278;844;-22;-585;-57;1217;118;104;106;0
2018/10/02/14:19:04.307903;[];0;577;-3375;16801;466;952;-18;-637;-27;1164;186;104;106;0
2018/10/02/14:19:04.323919;[];0;449;-3391;17233;588;1132;-26;-637;-27;1164;254;104;106;0
2018/10/02/14:19:04.336907;[];0;385;-3791;16817;680;1274;-206;-721;-3;1164;66;105;106;0
2018/10/02/14:19:04.348903;[];0;-175;-3839;16785;680;1298;-114;-721;-3;1164;134;105;106;0
2018/10/02/14:19:04.360932;[];0;-863;-3503;15793;856;1396;-246;-721;-3;1164;202;105;106;0
2018/10/02/14:19:04.377919;[];0;-895;-3871;16049;812;1494;-126;-728;-3;1144;14;106;106;0
2018/10/02/14:19:04.389909;[];0;-1583;-3487;16065;922;1606;-108;-728;-3;1144;82;106;106;0
2018/10/02/14:19:04.401901;[];0;-1791;-2831;15905;1002;1586;-232;-851;57;1046;150;106;106;0
2018/10/02/14:19:04.413903;[];0;-2303;-3039;15633;940;1604;-136;-851;57;1046;218;106;106;0
2018/10/02/14:19:04.430885;[];0;-2815;-2559;15137;986;1692;-120;-851;57;1046;30;107;106;0
2018/10/02/14:19:04.442902;[];0;-3423;-2335;14881;1032;1662;-130;-864;99;1065;115;107;106;0
2018/10/02/14:19:04.454911;[];0;-3727;-1919;15505;890;1620;-188;-864;99;1065;183;107;106;0
2018/10/02/14:19:04.467925;[];0;-3935;-2127;14913;1082;1592;-168;-961;153;1013;251;107;106;0
2018/10/02/14:19:04.483901;[];0;-4751;-1519;14497;1014;1594;-68;-961;153;1013;63;108;106;0
2018/10/02/14:19:04.495912;[];0;-5487;-1055;14465;1066;1638;-48;-1038;129;927;148;108;106;0
2018/10/02/14:19:04.512934;[];0;-5567;-639;14833;1098;1624;-26;-1038;129;927;216;108;106;0
2018/10/02/14:19:04.524911;[];0;-6079;-223;14529;926;1572;-46;-1038;129;927;28;109;106;0
2018/10/02/14:19:04.536925;[];0;-5951;-79;14577;920;1520;-24;-1051;195;855;96;109;106;0
2018/10/02/14:19:04.549903;[];0;-6879;145;14113;846;1588;-34;-1051;195;855;164;109;106;0
2018/10/02/14:19:04.565909;[];0;-6959;257;14257;758;1578;-92;-1161;189;796;232;109;106;0
2018/10/02/14:19:04.577909;[];0;-7087;561;14049;788;1732;-4;-1161;189;796;44;110;106;0
2018/10/02/14:19:04.590910;[];0;-7039;849;14401;696;1648;-268;-1161;189;796;112;110;106;0
2018/10/02/14:19:04.602901;[];0;-7487;737;14129;718;1710;-148;-1200;237;750;180;110;106;0
2018/10/02/14:19:04.618888;[];0;-7519;897;13953;814;1784;-148;-1200;237;750;248;110;106;0
2018/10/02/14:19:04.631906;[];0;-8175;913;13265;616;1724;-62;-1194;291;651;60;111;106;0
2018/10/02/14:19:04.643927;[];0;-7887;609;13329;628;1862;-166;-1194;291;651;128;111;106;0
2018/10/02/14:19:04.655922;[];0;-8591;721;12913;548;2010;-196;-1194;291;651;196;111;106;0
2018/10/02/14:19:04.667927;[];0;-9407;817;12257;596;2146;-168;-1271;237;572;8;112;106;0
2018/10/02/14:19:04.684928;[];0;-9807;1057;12449;508;2142;-4;-1271;237;572;93;112;106;0
2018/10/02/14:19:04.696912;[];0;-9727;1361;11361;476;2150;-38;-1310;273;453;161;112;106;0
2018/10/02/14:19:04.708910;[];0;-10127;993;11521;470;2222;-158;-1310;273;453;229;112;106;0
2018/10/02/14:19:04.721903;[];0;-10831;1089;11281;452;2128;-132;-1310;273;453;40;113;106;0
2018/10/02/14:19:04.737911;[];0;-11519;881;9681;518;2196;-102;-1362;291;401;108;113;106;0
2018/10/02/14:19:04.749927;[];0;-11391;817;9777;520;2074;16;-1362;291;401;176;113;106;0
2018/10/02/14:19:04.762906;[];0;-12111;1393;8961;280;1972;20;-1381;297;276;244;113;106;0
2018/10/02/14:19:04.774916;[];0;-12639;1489;8769;298;1996;-120;-1381;297;276;56;114;106;0
2018/10/02/14:19:04.790925;[];0;-12895;1665;8433;242;1842;-100;-1381;297;276;124;114;106;0
2018/10/02/14:19:04.803903;[];0;-13551;1953;7841;158;1764;-186;-1433;291;164;192;114;106;0
2018/10/02/14:19:04.815913;[];0;-13631;1905;7601;112;1670;-338;-1433;291;164;4;115;106;0
2018/10/02/14:19:04.827905;[];0;-13679;1905;6673;130;1416;-148;-1381;303;125;72;115;106;0
2018/10/02/14:19:04.844929;[];0;-14415;1665;7441;72;1454;-262;-1381;303;125;140;115;106;0
2018/10/02/14:19:04.856945;[];0;-14399;1633;6833;104;1148;-256;-1381;303;125;208;115;106;0
2018/10/02/14:19:04.868911;[];0;-14943;1681;7105;40;1170;-420;-1427;291;65;20;116;106;0
2018/10/02/14:19:04.880907;[];0;-14815;1409;7249;144;1070;-374;-1427;291;65;105;116;106;0
2018/10/02/14:19:04.897893;[];0;-14655;1281;6705;82;970;-442;-1420;255;39;173;116;106;0
2018/10/02/14:19:04.909925;[];0;-14879;945;7569;142;828;-352;-1420;255;39;241;116;106;0
2018/10/02/14:19:04.921906;[];0;-14879;1457;6753;164;830;-390;-1420;255;39;53;117;106;0
2018/10/02/14:19:04.934914;[];0;-15263;913;6849;220;818;-536;-1440;261;-19;121;117;106;0
2018/10/02/14:19:04.946926;[];0;-14623;433;7169;194;664;-386;-1440;261;-19;189;117;106;0
2018/10/02/14:19:04.962905;[];0;-14959;625;5585;124;724;-384;-1440;255;-118;1;118;106;0
2018/10/02/14:19:04.975919;[];0;-14639;545;6561;198;894;-406;-1440;255;-118;69;118;106;0
2018/10/02/14:19:04.987915;[];0;-14975;193;6145;256;952;-380;-1440;255;-118;137;118;106;0
2018/10/02/14:19:04.999907;[];0;-14799;225;6129;234;982;-436;-1420;207;-138;205;118;106;0
2018/10/02/14:19:05.016935;[];0;-14863;-79;5777;146;920;-242;-1420;207;-138;17;119;106;0
2018/10/02/14:19:05.028940;[];0;-15199;-447;5425;100;1036;-276;-1407;201;-190;85;119;106;0
2018/10/02/14:19:05.040912;[];0;-15167;17;5953;42;948;-296;-1407;201;-190;153;119;106;0
2018/10/02/14:19:05.052908;[];0;-15359;-143;5505;-106;822;-136;-1407;201;-190;221;119;106;0
2018/10/02/14:19:05.069880;[];0;-14863;-63;6289;-108;846;-36;-1420;207;-217;33;120;106;0
2018/10/02/14:19:05.081930;[];0;-15247;81;4833;-62;938;-136;-1420;207;-217;118;120;106;0
2018/10/02/14:19:05.093929;[];0;-15535;49;4097;0;974;-74;-1381;171;-315;186;120;106;0
2018/10/02/14:19:05.106916;[];0;-15631;369;4753;-114;1112;-22;-1381;171;-315;254;120;106;0
2018/10/02/14:19:05.122906;[];0;-15743;465;3665;-36;1072;68;-1381;171;-315;66;121;106;0
2018/10/02/14:19:05.134922;[];0;-16127;529;3921;-16;1062;-188;-1446;183;-315;134;121;106;0
2018/10/02/14:19:05.147917;[];0;-15871;449;3809;-82;952;-86;-1446;183;-315;202;121;106;0
2018/10/02/14:19:05.159912;[];0;-15887;289;2929;-232;968;-136;-1427;183;-375;14;122;106;0
2018/10/02/14:19:05.175917;[];0;-16367;33;2385;-172;784;14;-1427;183;-375;82;122;106;0
2018/10/02/14:19:05.188930;[];0;-16383;177;2017;-110;784;-198;-1427;183;-375;150;122;106;0
2018/10/02/14:19:05.200931;[];0;-16367;-143;1121;-318;748;28;-1368;219;-421;218;122;106;0
2018/10/02/14:19:05.212911;[];0;-16543;-335;881;-332;598;-12;-1368;219;-421;30;123;106;0
2018/10/02/14:19:05.229932;[];0;-16751;-399;785;-322;546;-46;-1388;207;-388;98;123;106;0
2018/10/02/14:19:05.241868;[];0;-16607;-159;705;-262;424;64;-1388;207;-388;166;123;106;0
2018/10/02/14:19:05.253911;[];0;-16591;33;561;-372;198;-30;-1388;207;-388;234;123;106;0
2018/10/02/14:19:05.265940;[];0;-16783;33;1105;-378;94;18;-1375;243;-447;46;124;106;0
2018/10/02/14:19:05.278927;[];0;-16687;-191;753;-200;-42;52;-1375;243;-447;114;124;106;0
2018/10/02/14:19:05.294938;[];0;-16575;-207;1121;-184;-168;26;-1362;219;-394;199;124;106;0
2018/10/02/14:19:05.306894;[];0;-16367;1;1761;-236;-212;14;-1362;219;-394;11;125;106;0
2018/10/02/14:19:05.319911;[];0;-16495;225;1457;-96;-292;-36;-1362;219;-394;79;125;106;0
2018/10/02/14:19:05.331912;[];0;-15967;257;1873;134;-256;-48;-1343;207;-414;147;125;106;0
2018/10/02/14:19:05.347933;[];0;-16159;-63;1937;110;-212;-106;-1343;207;-414;215;125;106;0
2018/10/02/14:19:05.360949;[];0;-16031;97;2241;-68;-236;-82;-1330;213;-421;27;126;106;0
2018/10/02/14:19:05.372938;[];0;-15967;-79;1953;64;-384;-20;-1330;213;-421;95;126;106;0
2018/10/02/14:19:05.384940;[];0;-16111;-47;2001;-158;-358;-30;-1330;213;-421;163;126;106;0
2018/10/02/14:19:05.401918;[];0;-16191;1;1889;-230;-380;-50;-1394;213;-388;231;126;106;0
2018/10/02/14:19:05.413918;[];0;-16447;-191;1953;-230;-512;-44;-1394;213;-388;43;127;106;0
2018/10/02/14:19:05.425926;[];0;-16559;17;2545;-238;-552;20;-1381;177;-381;111;127;106;0
2018/10/02/14:19:05.437921;[];0;-16447;-15;2129;-298;-638;-22;-1381;177;-381;179;127;106;0
2018/10/02/14:19:05.454921;[];0;-16511;177;2017;-340;-936;60;-1381;177;-381;247;127;106;0
2018/10/02/14:19:05.466919;[];0;-16527;33;2481;-474;-922;42;-1375;201;-342;59;128;106;0
2018/10/02/14:19:05.478934;[];0;-16271;-319;2401;-476;-1046;94;-1375;201;-342;127;128;106;0
2018/10/02/14:19:05.491858;[];0;-16223;-543;2881;-412;-1146;160;-1394;255;-250;195;128;106;0
2018/10/02/14:19:05.507901;[];0;-15935;-767;3105;-514;-1438;98;-1394;255;-250;24;129;106;0
2018/10/02/14:19:05.519917;[];0;-15743;-719;3425;-486;-1436;162;-1394;255;-250;92;129;106;0
2018/10/02/14:19:05.532924;[];0;-15359;-623;3969;-438;-1632;150;-1440;213;-197;160;129;106;0
2018/10/02/14:19:05.544939;[];0;-15519;-159;4305;-270;-1546;182;-1440;213;-197;228;129;106;0
2018/10/02/14:19:05.556950;[];0;-15343;-191;4737;-286;-1696;274;-1440;231;-111;40;130;106;0
2018/10/02/14:19:05.574022;[];0;-14959;-207;4865;-98;-1698;258;-1440;231;-111;108;130;106;0
2018/10/02/14:19:05.585922;[];0;-14559;-159;5745;-144;-1718;190;-1440;231;-111;176;130;106;0
2018/10/02/14:19:05.597923;[];0;-14527;33;6593;-136;-1870;170;-1427;213;-52;244;130;106;0
2018/10/02/14:19:05.609916;[];0;-14383;241;6705;-174;-1816;272;-1427;213;-52;56;131;106;0
2018/10/02/14:19:05.626925;[];0;-13983;337;7041;-80;-1928;154;-1414;219;46;124;131;106;0
2018/10/02/14:19:05.638918;[];0;-13759;257;7393;-88;-2046;130;-1414;219;46;192;131;106;0
2018/10/02/14:19:05.650916;[];0;-13263;97;7809;-76;-1958;224;-1414;219;46;4;132;106;0
2018/10/02/14:19:05.663913;[];0;-13151;-79;7697;-116;-2224;166;-1427;219;144;72;132;106;0
2018/10/02/14:19:05.679919;[];0;-12671;177;8449;20;-2198;0;-1427;219;144;140;132;106;0
2018/10/02/14:19:05.691950;[];0;-12527;257;9585;-118;-2232;42;-1401;285;243;208;132;106;0
2018/10/02/14:19:05.704940;[];0;-12095;129;9089;-154;-2380;112;-1401;285;243;37;133;106;0
2018/10/02/14:19:05.716949;[];0;-11967;129;9729;-288;-2468;84;-1401;285;243;105;133;106;0
2018/10/02/14:19:05.732878;[];0;-11055;-287;10289;-290;-2552;174;-1362;231;335;173;133;106;0
2018/10/02/14:19:05.745943;[];0;-10671;-367;9873;-390;-2406;94;-1362;231;335;241;133;106;0
2018/10/02/14:19:05.757924;[];0;-9999;-415;11745;-466;-2488;224;-1336;231;473;53;134;106;0
2018/10/02/14:19:05.769920;[];0;-9215;-511;11825;-416;-2520;130;-1336;231;473;121;134;106;0
2018/10/02/14:19:05.786923;[];0;-8879;-479;12609;-524;-2444;250;-1336;231;473;189;134;106;0
2018/10/02/14:19:05.798928;[];0;-8271;-591;12897;-562;-2586;334;-1291;243;552;1;135;106;0
2018/10/02/14:19:05.810921;[];0;-8175;-783;12289;-566;-2628;486;-1291;243;552;69;135;106;0
2018/10/02/14:19:05.822913;[];0;-7375;-943;13345;-430;-2404;432;-1233;237;690;137;135;106;0
2018/10/02/14:19:05.839903;[];0;-6943;-1247;13713;-560;-2472;492;-1233;237;690;205;135;106;0
2018/10/02/14:19:05.851921;[];0;-6351;-751;14497;-568;-2540;566;-1233;237;690;0;136;106;0
2018/10/02/14:19:05.863942;[];0;-5647;-719;14961;-650;-2368;560;-1174;243;769;85;136;106;0
2018/10/02/14:19:05.876941;[];0;-5183;-607;14705;-618;-2334;354;-1174;243;769;153;136;106;0
2018/10/02/14:19:05.888943;[];0;-5087;-223;16049;-510;-2244;400;-1058;231;901;221;136;106;0
2018/10/02/14:19:05.904941;[];0;-4735;-511;16401;-538;-2198;410;-1058;231;901;50;137;106;0
2018/10/02/14:19:05.917928;[];0;-3855;-95;14929;-528;-2060;378;-1058;231;901;118;137;106;0
2018/10/02/14:19:05.929938;[];0;-3903;-367;16721;-476;-2078;282;-987;213;973;186;137;106;0
2018/10/02/14:19:05.941887;[];0;-3247;-591;16241;-582;-1808;234;-987;213;973;254;137;106;0
2018/10/02/14:19:05.958946;[];0;-2895;-847;15825;-522;-1634;252;-915;201;986;66;138;106;0
2018/10/02/14:19:05.970947;[];0;-2703;-879;16673;-552;-1700;148;-915;201;986;134;138;106;0
2018/10/02/14:19:05.982924;[];0;-2319;-975;16017;-660;-1584;198;-915;201;986;202;138;106;0
2018/10/02/14:19:05.994930;[];0;-1775;-1135;16481;-574;-1586;168;-864;159;1078;14;139;106;0
2018/10/02/14:19:06.011923;[];0;-1583;-1423;15889;-550;-1552;210;-864;159;1078;82;139;106;0
2018/10/02/14:19:06.023907;[];0;-1647;-1487;15425;-554;-1444;250;-779;165;1105;150;139;106;0
2018/10/02/14:19:06.035930;[];0;-927;-1471;16161;-618;-1494;362;-779;165;1105;218;139;106;0
2018/10/02/14:19:06.048938;[];0;-511;-1583;16113;-600;-1438;110;-779;165;1105;30;140;106;0
2018/10/02/14:19:06.064935;[];0;-175;-1631;16673;-680;-1588;216;-689;141;1131;98;140;106;0
2018/10/02/14:19:06.076943;[];0;113;-1871;16065;-600;-1512;236;-689;141;1131;166;140;106;0
2018/10/02/14:19:06.089926;[];0;97;-2031;15761;-700;-1530;218;-631;111;1190;234;140;106;0
2018/10/02/14:19:06.101923;[];0;625;-2255;16097;-530;-1540;272;-631;111;1190;63;141;106;0
2018/10/02/14:19:06.117909;[];0;801;-2623;15633;-444;-1604;214;-631;111;1190;131;141;106;0
2018/10/02/14:19:06.130928;[];0;1841;-2607;15601;-600;-1620;276;-572;123;1210;199;141;106;0
2018/10/02/14:19:06.142942;[];0;1825;-2671;15569;-610;-1742;254;-572;123;1210;11;142;106;0
2018/10/02/14:19:06.154932;[];0;1745;-2799;15249;-688;-1720;282;-443;81;1230;79;142;106;0
2018/10/02/14:19:06.166929;[];0;1809;-2847;15025;-574;-1772;130;-443;81;1230;147;142;106;0
2018/10/02/14:19:06.183923;[];0;2641;-3247;15137;-510;-1702;280;-443;81;1230;214;142;106;0
2018/10/02/14:19:06.195932;[];0;3121;-3359;15425;-510;-1838;242;-346;63;1269;26;143;106;0
2018/10/02/14:19:06.207953;[];0;3857;-3055;14641;-492;-1834;46;-346;63;1269;94;143;106;0
2018/10/02/14:19:06.220949;[];0;4017;-3103;15153;-552;-2044;132;-307;45;1282;179;143;106;0
2018/10/02/14:19:06.236946;[];0;4161;-3311;15025;-636;-2110;90;-307;45;1282;230;143;106;0
2018/10/02/14:19:06.248934;[];0;4465;-3279;14577;-502;-1984;-82;-307;45;1282;42;144;106;0
2018/10/02/14:19:06.261966;[];0;5681;-3279;14993;-414;-2010;76;-152;3;1276;110;144;106;0
2018/10/02/14:19:06.273927;[];0;6321;-4623;14529;-416;-2010;-22;-152;3;1276;178;144;106;0
2018/10/02/14:19:06.289933;[];0;6113;-4287;13681;-384;-1890;26;-55;-15;1302;246;144;106;0
2018/10/02/14:19:06.302925;[];0;6417;-5231;13377;-290;-1944;-30;-55;-15;1302;75;145;106;0
2018/10/02/14:19:06.314934;[];0;6513;-4895;15201;-276;-1820;-118;-55;-15;1302;143;145;106;0
2018/10/02/14:19:06.326951;[];0;7137;-3407;14705;-202;-1660;-200;29;-15;1276;211;145;106;0
2018/10/02/14:19:06.343875;[];0;7713;-3391;12817;-268;-1810;-170;29;-15;1276;23;146;106;0
2018/10/02/14:19:06.355903;[];0;7745;-3743;13825;-268;-1658;-224;119;-33;1243;91;146;106;0
2018/10/02/14:19:06.367934;[];0;7633;-5007;12321;-268;-1882;-316;119;-33;1243;159;146;106;0
2018/10/02/14:19:06.379930;[];0;7073;-4143;10897;-210;-1724;-294;119;-33;1243;227;146;106;0
2018/10/02/14:19:06.396948;[];0;7521;-3743;13377;-180;-1748;-382;242;-69;1289;39;147;106;0
2018/10/02/14:19:06.408946;[];0;8337;-3711;10609;-126;-1728;-372;242;-69;1289;107;147;106;0
2018/10/02/14:19:06.420955;[];0;8577;-3967;10289;-166;-1786;-336;313;-45;1263;175;147;106;0
2018/10/02/14:19:06.433922;[];0;9329;-5071;11777;-358;-2042;-314;313;-45;1263;243;147;106;0
2018/10/02/14:19:06.449911;[];0;9377;-4399;9297;-88;-1892;-312;313;-45;1263;55;148;106;0
2018/10/02/14:19:06.461925;[];0;10305;-4335;11425;-186;-1834;-232;385;-69;1263;123;148;106;0
2018/10/02/14:19:06.474938;[];0;11313;-4383;10065;-110;-1984;-330;385;-69;1263;191;148;106;0
2018/10/02/14:19:06.486934;[];0;11377;-3679;9889;-142;-1922;-114;482;-57;1210;3;149;106;0
2018/10/02/14:19:06.498927;[];0;12225;-4367;11265;48;-2072;-64;482;-57;1210;71;149;106;0
2018/10/02/14:19:06.515955;[];0;12913;-4239;8241;34;-2084;-168;482;-57;1210;156;149;106;0
2018/10/02/14:19:06.527936;[];0;13297;-4303;8225;32;-1990;-156;598;-45;1197;224;149;106;0
2018/10/02/14:19:06.539930;[];0;13553;-3695;8881;-2;-2142;-88;598;-45;1197;36;150;106;0
2018/10/02/14:19:06.551928;[];0;13121;-2687;7329;28;-2078;18;682;-75;1144;104;150;106;0
2018/10/02/14:19:06.568947;[];0;13457;-2463;8945;-26;-1978;54;682;-75;1144;172;150;106;0
2018/10/02/14:19:06.580940;[];0;14033;-2511;8529;-142;-2024;-84;682;-75;1144;240;150;106;0
2018/10/02/14:19:06.592935;[];0;14977;-2495;7665;-194;-1944;-148;760;-69;1105;52;151;106;0
2018/10/02/14:19:06.605947;[];0;15057;-2975;8065;-212;-1940;-170;760;-69;1105;120;151;106;0
2018/10/02/14:19:06.621931;[];0;14769;-3007;6785;-132;-1936;-226;877;-81;1026;188;151;106;0
2018/10/02/14:19:06.633931;[];0;14689;-2847;7537;-196;-1782;-288;877;-81;1026;0;152;106;0
2018/10/02/14:19:06.646937;[];0;15137;-3471;6401;-174;-1666;-302;877;-81;1026;68;152;106;0
2018/10/02/14:19:06.658930;[];0;14481;-4271;5617;-8;-1646;-240;954;-63;1013;136;152;106;0
2018/10/02/14:19:06.674938;[];0;15393;-3839;5473;-52;-1536;-170;954;-63;1013;204;152;106;0
2018/10/02/14:19:06.687937;[];0;16081;-3935;4849;-80;-1544;-172;1006;-57;894;16;153;106;0
2018/10/02/14:19:06.699933;[];0;15617;-3903;5649;-116;-1424;-330;1006;-57;894;84;153;106;0
2018/10/02/14:19:06.711951;[];0;15281;-3807;5761;-30;-1292;-26;1006;-57;894;169;153;106;0
2018/10/02/14:19:06.728928;[];0;16097;-3615;6177;-168;-1320;-64;1006;-39;881;237;153;106;0
2018/10/02/14:19:06.740948;[];0;16065;-3823;4929;-88;-1342;34;1006;-39;881;49;154;106;0
2018/10/02/14:19:06.752937;[];0;16081;-3311;2641;-100;-1344;-92;1071;-57;815;117;154;106;0
2018/10/02/14:19:06.764966;[];0;16209;-3375;3697;-100;-1308;56;1071;-57;815;185;154;106;0
2018/10/02/14:19:06.777932;[];0;16065;-3471;3329;-144;-1166;-34;1071;-57;815;253;154;106;0
2018/10/02/14:19:06.793930;[];0;16209;-3327;2049;-34;-1186;-210;1135;-39;736;65;155;106;0
2018/10/02/14:19:06.805939;[];0;16529;-3039;2577;-56;-1172;-270;1135;-39;736;133;155;106;0
2018/10/02/14:19:06.818933;[];0;16497;-2847;1377;-112;-1276;-258;1181;-45;736;201;155;106;0
2018/10/02/14:19:06.830930;[];0;16081;-2815;2097;16;-1302;-298;1181;-45;736;13;156;106;0
2018/10/02/14:19:06.846943;[];0;16129;-3407;1649;-90;-1330;-296;1181;-45;736;81;156;106;0
2018/10/02/14:19:06.859964;[];0;16673;-3071;833;-100;-1314;-348;1220;-33;664;149;156;106;0
2018/10/02/14:19:06.871933;[];0;17745;-3615;993;-34;-1322;-334;1220;-33;664;217;156;106;0
2018/10/02/14:19:06.883929;[];0;17217;-3743;225;-66;-1254;-394;1233;-9;651;29;157;106;0
2018/10/02/14:19:06.900952;[];0;16849;-3743;545;-152;-1268;-336;1233;-9;651;97;157;106;0
2018/10/02/14:19:06.912952;[];0;16449;-3759;801;-142;-1234;-274;1233;-9;651;165;157;106;0
2018/10/02/14:19:06.924963;[];0;17169;-3503;-191;-126;-1180;-198;1291;-27;592;250;157;106;0
2018/10/02/14:19:06.936956;[];0;17665;-2559;-223;-98;-1092;-246;1291;-27;592;62;158;106;0
2018/10/02/14:19:06.953930;[];0;17953;-2175;-1007;-250;-1132;-310;1317;-9;552;130;158;106;0
2018/10/02/14:19:06.965944;[];0;18241;-2031;-655;-134;-1090;-214;1317;-9;552;198;158;106;0
2018/10/02/14:19:06.977941;[];0;17633;-1743;-319;-34;-1060;-382;1317;-9;552;10;159;106;0
2018/10/02/14:19:06.994945;[];0;17169;-1919;-495;-56;-872;-344;1323;9;467;95;159;106;0
2018/10/02/14:19:07.006941;[];0;16897;-2239;-687;64;-808;-284;1323;9;467;163;159;106;0
2018/10/02/14:19:07.018931;[];0;16849;-2127;-991;-58;-660;-428;1368;45;480;231;159;106;0
2018/10/02/14:19:07.035943;[];0;17025;-2559;-1391;-2;-662;-254;1368;45;480;43;160;106;0
2018/10/02/14:19:07.047960;[];0;17761;-2703;-1231;-18;-612;-204;1368;45;480;111;160;106;0
2018/10/02/14:19:07.059936;[];0;17825;-2751;-1935;54;-498;-462;1368;27;414;179;160;106;0
2018/10/02/14:19:07.072958;[];0;17169;-2751;-1423;40;-396;-246;1368;27;414;247;160;106;0
2018/10/02/14:19:07.088949;[];0;16977;-2943;-959;-34;-266;-176;1323;99;407;59;161;106;0
2018/10/02/14:19:07.100945;[];0;16753;-2623;-1359;22;-62;0;1323;99;407;127;161;106;0
2018/10/02/14:19:07.113938;[];0;16801;-2479;-927;24;30;-4;1323;99;407;195;161;106;0
2018/10/02/14:19:07.125944;[];0;16689;-1887;-1647;-62;80;60;1336;69;368;7;162;106;0
2018/10/02/14:19:07.141934;[];0;16737;-1631;-1007;-70;244;118;1336;69;368;75;162;106;0
2018/10/02/14:19:07.154942;[];0;16417;-1791;-1119;-42;236;70;1343;63;388;143;162;106;0
2018/10/02/14:19:07.166945;[];0;16321;-1359;-943;-66;474;-4;1343;63;388;228;162;106;0
2018/10/02/14:19:07.178936;[];0;16721;-1631;-431;-24;588;104;1343;63;388;40;163;106;0
2018/10/02/14:19:07.194947;[];0;17201;-1951;-1247;58;764;180;1336;75;401;108;163;106;0
2018/10/02/14:19:07.207960;[];0;17313;-2111;-1263;78;802;136;1336;75;401;176;163;106;0
2018/10/02/14:19:07.219941;[];0;17297;-1935;-1039;-14;786;78;1362;27;421;244;163;106;0
2018/10/02/14:19:07.231937;[];0;17185;-1663;-799;148;956;6;1362;27;421;56;164;106;0
2018/10/02/14:19:07.248935;[];0;17057;-1679;81;158;1128;-84;1362;27;421;124;164;106;0
2018/10/02/14:19:07.260988;[];0;17009;-1679;-479;138;1088;146;1343;51;500;192;164;106;0
2018/10/02/14:19:07.272945;[];0;17217;-2031;113;106;1154;-44;1343;51;500;4;165;106;0
2018/10/02/14:19:07.285947;[];0;17697;-2351;289;-8;1230;-66;1278;39;513;72;165;106;0
2018/10/02/14:19:07.297949;[];0;18129;-2207;337;2;1320;-62;1278;39;513;140;165;106;0
2018/10/02/14:19:07.313939;[];0;18321;-2223;1217;-8;1294;-46;1278;39;513;208;165;106;0
2018/10/02/14:19:07.326946;[];0;18193;-2511;625;10;1374;4;1226;21;598;20;166;106;0
2018/10/02/14:19:07.338960;[];0;18033;-2255;1633;-16;1618;-58;1226;21;598;88;166;106;0
2018/10/02/14:19:07.350943;[];0;17585;-2543;2145;-32;1684;154;1213;45;703;156;166;106;0
2018/10/02/14:19:07.367947;[];0;17233;-2303;2529;-74;1782;-30;1213;45;703;241;166;106;0
2018/10/02/14:19:07.379946;[];0;17313;-2303;3457;114;1996;-18;1213;45;703;53;167;106;0
2018/10/02/14:19:07.391961;[];0;16849;-1839;3665;220;2152;-126;1161;27;730;121;167;106;0
2018/10/02/14:19:07.403906;[];0;16209;-783;3969;98;2218;-50;1161;27;730;189;167;106;0
2018/10/02/14:19:07.420959;[];0;16833;-2319;3281;74;2206;20;1110;45;828;1;168;106;0
2018/10/02/14:19:07.432945;[];0;17297;-3343;5345;224;2440;-40;1110;45;828;69;168;106;0
2018/10/02/14:19:07.444960;[];0;16721;-2943;5489;162;2402;-64;1110;45;828;137;168;106;0
2018/10/02/14:19:07.457946;[];0;15537;-2943;4737;134;2386;-46;1012;-3;914;205;168;106;0
2018/10/02/14:19:07.473936;[];0;16017;-2911;6945;94;2488;20;1012;-3;914;17;169;106;0
2018/10/02/14:19:07.485950;[];0;15393;-2127;5553;98;2474;28;967;39;973;85;169;106;0
2018/10/02/14:19:07.498947;[];0;14881;-1839;6769;136;2596;130;967;39;973;153;169;106;0
2018/10/02/14:19:07.510945;[];0;14737;-1983;6977;194;2536;-16;967;39;973;221;169;106;0
2018/10/02/14:19:07.526942;[];0;14385;-2223;6961;252;2580;186;857;27;1000;33;170;106;0
2018/10/02/14:19:07.539944;[];0;14113;-2175;8193;208;2594;36;857;27;1000;101;170;106;0
2018/10/02/14:19:07.551944;[];0;14369;-2127;8209;170;2616;118;760;27;1092;169;170;106;0
2018/10/02/14:19:07.563941;[];0;14753;-2287;8929;212;2496;16;760;27;1092;254;170;106;0
2018/10/02/14:19:07.575949;[];0;13953;-2303;9537;250;2522;-50;631;9;1118;66;171;106;0
2018/10/02/14:19:07.592966;[];0;12737;-1583;9233;154;2500;-144;631;9;1118;134;171;106;0
2018/10/02/14:19:07.604958;[];0;11873;-1583;9425;102;2470;-244;631;9;1118;202;171;106;0
2018/10/02/14:19:07.616960;[];0;11425;-1679;9793;298;2444;-380;533;27;1256;14;172;106;0
2018/10/02/14:19:07.629939;[];0;11201;-1807;10753;242;2404;-364;533;27;1256;81;172;106;0
2018/10/02/14:19:07.645949;[];0;10897;-2271;10833;412;2398;-466;533;27;1256;149;172;106;0
2018/10/02/14:19:07.657951;[];0;11009;-2399;10881;404;2262;-336;404;69;1223;217;172;106;0
2018/10/02/14:19:07.670942;[];0;10065;-1551;11729;508;2230;-284;404;69;1223;29;173;106;0
2018/10/02/14:19:07.682939;[];0;9329;-1183;11217;416;2118;-358;300;105;1296;97;173;106;0
2018/10/02/14:19:07.698944;[];0;8465;-847;11681;412;2052;-380;300;105;1296;165;173;106;0
2018/10/02/14:19:07.711949;[];0;8401;-1087;12625;334;2082;-380;300;105;1296;233;173;106;0
2018/10/02/14:19:07.723939;[];0;8193;-607;12129;418;1944;-302;171;117;1309;45;174;106;0
2018/10/02/14:19:07.735950;[];0;7617;-719;13617;322;1982;-372;171;117;1309;113;174;106;0
2018/10/02/14:19:07.751946;[];0;7921;-1151;13281;424;1910;-342;80;117;1302;181;174;106;0
2018/10/02/14:19:07.764963;[];0;7505;-1343;14385;206;1922;-294;80;117;1302;10;175;106;0
2018/10/02/14:19:07.776977;[];0;7169;-911;14465;238;1866;-346;-3;153;1296;78;175;106;0
2018/10/02/14:19:07.788956;[];0;6833;-335;14849;192;1978;-382;-3;153;1296;146;175;106;0
2018/10/02/14:19:07.805952;[];0;6337;-431;14609;256;2008;-478;-3;153;1296;214;175;106;0
2018/10/02/14:19:07.817950;[];0;5825;-175;14881;144;1998;-328;-139;153;1243;26;176;106;0
2018/10/02/14:19:07.829965;[];0;4897;449;14145;192;1970;-358;-139;153;1243;94;176;106;0
2018/10/02/14:19:07.842942;[];0;4721;-415;15441;136;2146;-264;-139;153;1243;162;176;106;0
2018/10/02/14:19:07.858925;[];0;4577;-463;14593;118;2112;-414;-223;159;1282;230;176;106;0
2018/10/02/14:19:07.870948;[];0;4097;-847;14689;124;2196;-292;-223;159;1282;42;177;106;0
2018/10/02/14:19:07.883942;[];0;3985;-1215;15121;90;2088;-36;-346;135;1263;110;177;106;0
2018/10/02/14:19:07.895953;[];0;2977;-1455;15217;4;1998;56;-346;135;1263;178;177;106;0
2018/10/02/14:19:07.907945;[];0;2097;-703;15489;0;1984;46;-346;135;1263;246;177;106;0
2018/10/02/14:19:07.924966;[];0;1953;-15;14737;0;2070;-70;-443;189;1223;58;178;106;0
2018/10/02/14:19:07.936978;[];0;1745;-431;15281;-14;2094;-44;-443;189;1223;126;178;106;0
2018/10/02/14:19:07.948957;[];0;1393;-335;14993;-24;1920;56;-553;189;1190;194;178;106;0
2018/10/02/14:19:07.960951;[];0;225;-559;15121;-52;1898;6;-553;189;1190;6;179;106;0
2018/10/02/14:19:07.977956;[];0;129;-687;14737;-126;1800;104;-637;183;1217;91;179;106;0
2018/10/02/14:19:07.989949;[];0;-143;-431;14785;-86;1678;14;-637;183;1217;159;179;106;0
2018/10/02/14:19:08.001943;[];0;-15;-399;14897;-142;1654;42;-637;183;1217;227;179;106;0
2018/10/02/14:19:08.014954;[];0;-495;-1167;15681;2;1564;102;-734;165;1118;39;180;106;0
2018/10/02/14:19:08.030950;[];0;-959;-1103;16017;-52;1300;110;-734;165;1118;107;180;106;0
2018/10/02/14:19:08.042943;[];0;-1983;-847;16001;-58;1320;236;-734;165;1118;175;180;106;0
2018/10/02/14:19:08.055955;[];0;-2655;97;15201;-30;1326;230;-773;165;1111;243;180;106;0
2018/10/02/14:19:08.067955;[];0;-3423;81;15233;-118;1284;228;-773;165;1111;55;181;106;0
2018/10/02/14:19:08.083944;[];0;-3455;433;14673;-6;1400;56;-818;165;1065;123;181;106;0
2018/10/02/14:19:08.096971;[];0;-3551;177;15137;-84;1194;182;-818;165;1065;191;181;106;0
2018/10/02/14:19:08.108960;[];0;-3327;-479;15585;-62;1302;64;-818;165;1065;3;182;106;0
2018/10/02/14:19:08.120958;[];0;-3199;-623;16769;-164;1290;-22;-889;189;1000;71;182;106;0
2018/10/02/14:19:08.136942;[];0;-3151;-1055;16209;-190;1242;42;-889;189;1000;139;182;106;0
2018/10/02/14:19:08.149952;[];0;-3903;-975;16081;-88;1462;-48;-961;201;1019;207;182;106;0
2018/10/02/14:19:08.161949;[];0;-4191;-1071;15905;-46;1574;100;-961;201;1019;19;183;106;0
2018/10/02/14:19:08.173946;[];0;-4751;-1103;15937;36;1572;136;-993;189;960;104;183;106;0
2018/10/02/14:19:08.186973;[];0;-5039;-927;15841;-76;1760;28;-993;189;960;172;183;106;0
2018/10/02/14:19:08.202968;[];0;-5503;-927;15537;68;1908;20;-993;189;960;240;183;106;0
2018/10/02/14:19:08.214956;[];0;-5599;-783;15473;-26;1968;-26;-1064;159;907;52;184;106;0
2018/10/02/14:19:08.227957;[];0;-6399;-879;15217;-26;2106;-18;-1064;159;907;120;184;106;0
2018/10/02/14:19:08.239945;[];0;-6399;-927;15265;24;2054;-92;-1064;159;907;188;184;106;0
2018/10/02/14:19:08.255959;[];0;-6447;-703;14961;144;2246;-142;-1148;189;809;0;185;106;0
2018/10/02/14:19:08.268967;[];0;-7359;-927;15009;130;2386;-114;-1148;189;809;68;185;106;0
2018/10/02/14:19:08.280924;[];0;-7455;-719;14113;242;2404;-186;-1207;177;723;136;185;106;0
2018/10/02/14:19:08.292989;[];0;-8127;-975;13249;306;2414;12;-1207;177;723;204;185;106;0
2018/10/02/14:19:08.309954;[];0;-8911;-1135;13073;266;2468;-204;-1207;177;723;16;186;106;0
2018/10/02/14:19:08.321952;[];0;-9279;-1135;12561;346;2290;-40;-1304;189;611;84;186;106;0
2018/10/02/14:19:08.333950;[];0;-9583;-1263;12193;292;2338;-144;-1304;189;611;152;186;106;0
2018/10/02/14:19:08.345960;[];0;-10031;-1423;11745;438;2410;-240;-1349;225;506;220;186;106;0
2018/10/02/14:19:08.362951;[];0;-10367;-1295;10961;466;2256;-12;-1349;225;506;32;187;106;0
2018/10/02/14:19:08.374967;[];0;-11167;-1663;10881;472;2196;-96;-1349;225;506;100;187;106;0
2018/10/02/14:19:08.386961;[];0;-11695;-1279;10337;510;2154;-28;-1375;177;414;185;187;106;0
2018/10/02/14:19:08.399956;[];0;-12079;-1183;9889;584;2060;48;-1375;177;414;253;187;106;0
2018/10/02/14:19:08.415962;[];0;-12319;-607;9569;450;1996;-14;-1375;195;263;65;188;106;0
2018/10/02/14:19:08.427959;[];0;-12895;-335;9153;526;1956;10;-1375;195;263;133;188;106;0
2018/10/02/14:19:08.440964;[];0;-13199;-223;8689;430;1898;4;-1375;195;263;201;188;106;0
2018/10/02/14:19:08.452962;[];0;-13439;-143;7905;536;1756;76;-1414;249;256;13;189;106;0
2018/10/02/14:19:08.468960;[];0;-13423;-175;7569;448;1666;-142;-1414;249;256;81;189;106;0
2018/10/02/14:19:08.481952;[];0;-13775;-175;7249;412;1570;10;-1427;231;164;149;189;106;0
2018/10/02/14:19:08.493952;[];0;-13871;-511;7425;400;1572;78;-1427;231;164;217;189;106;0
2018/10/02/14:19:08.505965;[];0;-13967;-207;6817;454;1524;84;-1427;231;164;29;190;106;0
2018/10/02/14:19:08.517957;[];0;-14111;-335;7569;246;1478;80;-1420;243;78;97;190;106;0
2018/10/02/14:19:08.534962;[];0;-14383;-495;6369;372;1470;-70;-1420;243;78;165;190;106;0
2018/10/02/14:19:08.546962;[];0;-14607;-175;6241;330;1380;130;-1440;225;19;233;190;106;0
2018/10/02/14:19:08.558956;[];0;-14383;97;5809;388;1336;-92;-1440;225;19;45;191;106;0
2018/10/02/14:19:08.571954;[];0;-14383;49;5569;332;1478;-34;-1440;225;19;113;191;106;0
2018/10/02/14:19:08.587963;[];0;-14655;177;5761;420;1354;-118;-1446;237;-118;198;191;106;0
2018/10/02/14:19:08.599960;[];0;-14783;193;5697;396;1410;-44;-1446;237;-118;10;192;106;0
2018/10/02/14:19:08.612984;[];0;-14591;353;4273;300;1404;-68;-1433;273;-171;78;192;106;0
2018/10/02/14:19:08.624975;[];0;-15039;-47;3809;450;1428;-162;-1433;273;-171;146;192;106;0
2018/10/02/14:19:08.640985;[];0;-15263;-143;4641;328;1202;-16;-1433;273;-171;214;192;106;0
2018/10/02/14:19:08.653964;[];0;-15039;-447;4849;350;1346;-56;-1453;273;-217;26;193;106;0
2018/10/02/14:19:08.665964;[];0;-15263;-495;5233;416;1228;44;-1453;273;-217;94;193;106;0
2018/10/02/14:19:08.677965;[];0;-15279;-191;4577;330;1352;44;-1381;237;-289;162;193;106;0
2018/10/02/14:19:08.694966;[];0;-15295;1;3921;314;1290;-38;-1381;237;-289;230;193;106;0
2018/10/02/14:19:08.706965;[];0;-15375;321;3441;296;1192;138;-1381;237;-289;42;194;106;0
2018/10/02/14:19:08.718970;[];0;-15407;465;2657;292;1286;56;-1368;213;-407;110;194;106;0
2018/10/02/14:19:08.730957;[];0;-15375;209;2785;304;1174;84;-1368;213;-407;178;194;106;0
2018/10/02/14:19:08.747942;[];0;-15583;609;2385;188;1248;80;-1368;261;-427;246;194;106;0
2018/10/02/14:19:08.759960;[];0;-15663;593;2065;190;1136;46;-1368;261;-427;58;195;106;0
2018/10/02/14:19:08.771957;[];0;-15807;881;2209;122;1232;142;-1368;261;-427;126;195;106;0
2018/10/02/14:19:08.784992;[];0;-16111;1041;1409;-4;1146;166;-1362;243;-467;194;195;106;0
2018/10/02/14:19:08.796981;[];0;-16079;1057;1569;54;1090;-74;-1362;243;-467;23;196;106;0
2018/10/02/14:19:08.812985;[];0;-15951;1089;1105;-116;1004;56;-1323;267;-519;91;196;106;0
2018/10/02/14:19:08.825964;[];0;-16079;929;161;-160;1002;-106;-1323;267;-519;159;196;106;0
2018/10/02/14:19:08.837965;[];0;-16367;881;97;-82;998;-176;-1323;267;-519;227;196;106;0
2018/10/02/14:19:08.849953;[];0;-16527;929;-511;-212;920;-90;-1317;279;-598;39;197;106;0
2018/10/02/14:19:08.866968;[];0;-16703;897;-223;-264;920;-94;-1317;279;-598;107;197;106;0
2018/10/02/14:19:08.878960;[];0;-16527;785;-815;-348;850;-164;-1297;297;-552;175;197;106;0
2018/10/02/14:19:08.890958;[];0;-16831;593;-1375;-270;786;-38;-1297;297;-552;243;197;106;0
2018/10/02/14:19:08.902956;[];0;-16495;417;-783;-268;762;-270;-1297;297;-552;55;198;106;0
2018/10/02/14:19:08.919978;[];0;-16607;-31;-1471;-306;634;-72;-1258;297;-644;106;198;106;0
2018/10/02/14:19:08.931957;[];0;-16623;-143;-1887;-220;606;-154;-1258;297;-644;191;198;106;0
2018/10/02/14:19:08.943957;[];0;-16847;449;-2031;-416;412;-72;-1226;285;-631;3;199;106;0
2018/10/02/14:19:08.956981;[];0;-16975;-223;-1951;-292;432;-94;-1226;285;-631;71;199;106;0
2018/10/02/14:19:08.972965;[];0;-17023;113;-1999;-266;260;-94;-1226;285;-631;139;199;106;0
2018/10/02/14:19:08.984978;[];0;-16895;209;-3007;-374;164;-104;-1252;243;-697;207;199;106;0
2018/10/02/14:19:08.997985;[];0;-16991;33;-3119;-392;106;-110;-1252;243;-697;36;200;106;0
2018/10/02/14:19:09.009959;[];0;-16943;545;-3759;-544;-162;-254;-1239;297;-664;104;200;106;0
2018/10/02/14:19:09.025969;[];0;-16991;305;-4287;-428;-238;-156;-1239;297;-664;172;200;106;0
2018/10/02/14:19:09.038966;[];0;-17327;129;-3695;-548;-586;-36;-1239;297;-664;240;200;106;0
2018/10/02/14:19:09.050963;[];0;-17583;-159;-4335;-482;-772;-106;-1252;273;-664;52;201;106;0
2018/10/02/14:19:09.062957;[];0;-17247;-847;-3711;-572;-1068;-156;-1252;273;-664;120;201;106;0
2018/10/02/14:19:09.079945;[];0;-17215;-591;-3215;-612;-1370;12;-1245;279;-578;188;201;106;0
2018/10/02/14:19:09.091955;[];0;-17167;-335;-3647;-556;-1558;-150;-1245;279;-578;255;202;106;0
2018/10/02/14:19:09.103956;[];0;-17103;-207;-1615;-666;-1774;-14;-1245;279;-578;67;202;106;0
2018/10/02/14:19:09.115968;[];0;-17167;-239;-2799;-590;-1966;0;-1258;303;-513;135;202;106;0
2018/10/02/14:19:09.128966;[];0;-16767;209;-1407;-652;-2254;224;-1258;303;-513;203;202;106;0
2018/10/02/14:19:09.144982;[];0;-16319;161;-1311;-680;-2568;28;-1381;333;-427;15;203;106;0
2018/10/02/14:19:09.156984;[];0;-16175;337;-479;-784;-2846;14;-1381;333;-427;83;203;106;0
2018/10/02/14:19:09.169965;[];0;-15535;337;1393;-684;-2824;-56;-1381;333;-427;151;203;106;0
2018/10/02/14:19:09.181958;[];0;-15183;337;2161;-814;-3048;-72;-1362;309;-335;219;203;106;0
2018/10/02/14:19:09.197973;[];0;-14815;193;3457;-810;-3216;-52;-1362;309;-335;48;204;106;0
2018/10/02/14:19:09.210962;[];0;-14191;33;4081;-718;-3316;-90;-1401;303;-138;116;204;106;0
2018/10/02/14:19:09.222963;[];0;-13503;-127;5057;-726;-3250;-216;-1401;303;-138;184;204;106;0
2018/10/02/14:19:09.234972;[];0;-12927;-351;6785;-670;-3330;-184;-1433;303;6;252;204;106;0
2018/10/02/14:19:09.251970;[];0;-12687;-719;7793;-724;-3242;-226;-1433;303;6;64;205;106;0
2018/10/02/14:19:09.264026;[];0;-11855;-895;8929;-666;-3386;-164;-1433;303;6;132;205;106;0
2018/10/02/14:19:09.275973;[];0;-11695;-1583;9281;-670;-3234;-298;-1394;267;125;200;205;106;0
2018/10/02/14:19:09.287972;[];0;-10895;-1311;9761;-632;-3172;-256;-1394;267;125;12;206;106;0
2018/10/02/14:19:09.304977;[];0;-10751;-1935;9889;-532;-3042;-288;-1394;267;125;80;206;106;0
2018/10/02/14:19:09.316987;[];0;-10239;-1935;10913;-498;-2918;-266;-1414;273;335;148;206;106;0
2018/10/02/14:19:09.328983;[];0;-9823;-2463;11329;-510;-2918;-390;-1414;273;335;216;206;106;0
2018/10/02/14:19:09.341961;[];0;-9007;-2767;11537;-454;-2770;-198;-1349;219;434;28;207;106;0
2018/10/02/14:19:09.357951;[];0;-8767;-2607;12065;-434;-2664;-190;-1349;219;434;96;207;106;0
2018/10/02/14:19:09.369999;[];0;-8303;-2831;13249;-488;-2702;-20;-1349;219;434;164;207;106;0
2018/10/02/14:19:09.382966;[];0;-8447;-2319;12945;-354;-2462;-26;-1310;201;611;232;207;106;0
2018/10/02/14:19:09.394974;[];0;-7519;-2255;13793;-384;-2484;118;-1310;201;611;61;208;106;0
2018/10/02/14:19:09.406974;[];0;-7039;-2063;14049;-338;-2252;-8;-1252;171;684;129;208;106;0
2018/10/02/14:19:09.423962;[];0;-7087;-2175;14193;-428;-2120;44;-1252;171;684;197;208;106;0
2018/10/02/14:19:09.435992;[];0;-6367;-2111;15153;-328;-2076;-16;-1174;165;809;9;209;106;0
2018/10/02/14:19:09.447991;[];0;-6191;-2383;15169;-158;-1970;14;-1174;165;809;77;209;106;0
2018/10/02/14:19:09.459963;[];0;-5487;-2399;15809;-186;-1694;-16;-1174;165;809;145;209;106;0
2018/10/02/14:19:09.476990;[];0;-5183;-2655;15521;-170;-1638;0;-1122;123;881;213;209;106;0
2018/10/02/14:19:09.488985;[];0;-5151;-2335;15489;-214;-1534;28;-1122;123;881;25;210;106;0
2018/10/02/14:19:09.504989;[];0;-5119;-2431;15569;-102;-1418;16;-1103;147;861;110;210;106;0
2018/10/02/14:19:09.517976;[];0;-4895;-2575;15217;-34;-1280;-28;-1103;147;861;178;210;106;0
2018/10/02/14:19:09.529985;[];0;-4607;-2671;15249;-32;-1258;110;-1103;147;861;246;210;106;0
2018/10/02/14:19:09.545985;[];0;-4271;-2687;15889;90;-1172;174;-1012;171;953;58;211;106;0
2018/10/02/14:19:09.558970;[];0;-4335;-2431;15617;18;-1128;78;-1012;171;953;126;211;106;0
2018/10/02/14:19:09.570970;[];0;-4047;-2031;15985;130;-1158;196;-980;135;1000;194;211;106;0
2018/10/02/14:19:09.582967;[];0;-3711;-1807;15281;72;-1088;84;-980;135;1000;6;212;106;0
2018/10/02/14:19:09.599967;[];0;-3775;-1743;15441;252;-1076;46;-980;135;1000;74;212;106;0
2018/10/02/14:19:09.611972;[];0;-3567;-1679;16065;108;-986;52;-922;153;1013;142;212;106;0
2018/10/02/14:19:09.623962;[];0;-3375;-1695;15617;162;-1024;-72;-922;153;1013;210;212;106;0
2018/10/02/14:19:09.636990;[];0;-3167;-1791;15985;226;-914;2;-889;153;1072;39;213;106;0
2018/10/02/14:19:09.648980;[];0;-2783;-1951;15825;200;-840;-172;-889;153;1072;107;213;106;0
2018/10/02/14:19:09.664997;[];0;-2879;-1647;15473;374;-828;-178;-889;153;1072;175;213;106;0
2018/10/02/14:19:09.677976;[];0;-2447;-1615;15537;382;-868;-76;-812;183;1092;243;213;106;0
2018/10/02/14:19:09.689965;[];0;-2287;-1487;15825;360;-970;-136;-812;183;1092;55;214;106;0
2018/10/02/14:19:09.701971;[];0;-2191;-1423;15809;324;-998;-62;-786;195;1085;123;214;106;0
2018/10/02/14:19:09.717920;[];0;-2047;-1215;15537;410;-910;-92;-786;195;1085;191;214;106;0
2018/10/02/14:19:09.730972;[];0;-1935;-1263;15345;306;-944;-158;-786;195;1085;3;215;106;0
2018/10/02/14:19:09.742966;[];0;-1679;-991;16529;290;-898;-218;-779;165;1052;71;215;106;0
2018/10/02/14:19:09.754974;[];0;-1583;-1183;16385;254;-880;-198;-779;165;1052;139;215;106;0
2018/10/02/14:19:09.771970;[];0;-1567;-1103;16257;332;-730;-232;-695;189;1164;207;215;106;0
2018/10/02/14:19:09.783966;[];0;-1167;-1039;16017;210;-574;-268;-695;189;1164;19;216;106;0
2018/10/02/14:19:09.795976;[];0;-1071;-527;16033;264;-516;-376;-695;189;1164;87;216;106;0
2018/10/02/14:19:09.809003;[];0;-735;-927;16257;158;-428;-170;-747;183;1118;155;216;106;0
2018/10/02/14:19:09.824992;[];0;-527;-991;16289;180;-488;-224;-747;183;1118;223;216;106;0
2018/10/02/14:19:09.836982;[];0;-271;-1055;16753;186;-386;-198;-656;225;1177;35;217;106;0
2018/10/02/14:19:09.849978;[];0;-431;-1007;16449;168;-210;-28;-656;225;1177;120;217;106;0
2018/10/02/14:19:09.861971;[];0;-575;-767;16289;42;-222;-238;-656;225;1177;188;217;106;0
2018/10/02/14:19:09.877956;[];0;-335;-671;15777;138;-300;-146;-682;189;1144;0;218;106;0
2018/10/02/14:19:09.889977;[];0;-95;-463;16353;0;-242;34;-682;189;1144;68;218;106;0
2018/10/02/14:19:09.902969;[];0;-159;-927;16433;36;-234;40;-669;213;1184;136;218;106;0
2018/10/02/14:19:09.914980;[];0;-159;-719;16801;-52;-88;-50;-669;213;1184;204;218;106;0
2018/10/02/14:19:09.926990;[];0;-63;-735;16721;-60;-102;-74;-669;213;1184;16;219;106;0
2018/10/02/14:19:09.944045;[];0;-175;-607;16545;-80;-106;76;-656;237;1157;84;219;106;0
2018/10/02/14:19:09.955981;[];0;-255;-719;16625;-134;6;30;-656;237;1157;152;219;106;0
2018/10/02/14:19:09.967973;[];0;-223;-703;16369;28;14;-68;-669;183;1157;220;219;106;0
2018/10/02/14:19:09.980983;[];0;-271;-671;16433;-102;126;96;-669;183;1157;32;220;106;0
2018/10/02/14:19:09.996993;[];0;-319;-831;16513;-94;138;-22;-669;183;1157;100;220;106;0
2018/10/02/14:19:10.008993;[];0;-271;-751;15921;-104;244;-44;-695;183;1131;168;220;106;0
2018/10/02/14:19:10.021973;[];0;-463;-959;16177;-60;238;-200;-695;183;1131;236;220;106;0
2018/10/02/14:19:10.033981;[];0;-415;-911;16081;-22;100;-48;-637;159;1157;48;221;106;0
2018/10/02/14:19:10.049982;[];0;-847;-799;15729;-124;84;-42;-637;159;1157;133;221;106;0
2018/10/02/14:19:10.061969;[];0;-879;-847;15745;-108;-44;46;-637;159;1157;201;221;106;0
2018/10/02/14:19:10.074982;[];0;-1103;-991;15521;-34;4;-94;-689;165;1157;13;222;106;0
2018/10/02/14:19:10.086981;[];0;-1007;-911;15553;-88;-132;96;-689;165;1157;81;222;106;0
2018/10/02/14:19:10.102973;[];0;-975;-1007;15633;-82;-88;28;-669;183;1177;149;222;106;0
2018/10/02/14:19:10.115984;[];0;-943;-831;15633;-80;-48;98;-669;183;1177;217;222;106;0
2018/10/02/14:19:10.127980;[];0;-687;-1055;15873;156;-180;-32;-669;183;1177;29;223;106;0
2018/10/02/14:19:10.139976;[];0;-543;-959;16081;18;-82;-72;-695;189;1164;97;223;106;0
2018/10/02/14:19:10.156986;[];0;-607;-1055;15953;32;-162;-78;-695;189;1164;165;223;106;0
2018/10/02/14:19:10.168994;[];0;-511;-1023;15985;28;-56;-120;-663;165;1177;233;223;106;0
2018/10/02/14:19:10.180993;[];0;-543;-1215;15953;-16;-42;-50;-663;165;1177;45;224;106;0
2018/10/02/14:19:10.193965;[];0;-671;-1135;15793;118;-136;-86;-663;165;1177;113;224;106;0
2018/10/02/14:19:10.205985;[];0;-783;-1151;15649;-10;-152;12;-676;183;1171;181;224;106;0
2018/10/02/14:19:10.221976;[];0;-671;-1247;15937;130;-54;64;-676;183;1171;249;224;106;0
2018/10/02/14:19:10.234980;[];0;-575;-1151;15537;64;-60;102;-644;177;1177;61;225;106;0
2018/10/02/14:19:10.246982;[];0;-399;-1151;15681;68;-90;-30;-644;177;1177;129;225;106;0
2018/10/02/14:19:10.258960;[];0;-191;-1311;15665;18;-228;0;-644;177;1177;214;225;106;0
2018/10/02/14:19:10.274987;[];0;-335;-1023;15425;-88;-194;152;-650;189;1164;26;226;106;0
2018/10/02/14:19:10.287985;[];0;-367;-1039;15457;170;-340;124;-650;189;1164;94;226;106;0
2018/10/02/14:19:10.300000;[];0;-415;-1103;15409;8;-416;56;-637;165;1197;162;226;106;0
2018/10/02/14:19:10.311976;[];0;-479;-1343;15649;-76;-480;294;-637;165;1197;230;226;106;0
2018/10/02/14:19:10.328995;[];0;-495;-1247;15217;-90;-448;134;-637;165;1197;42;227;106;0
2018/10/02/14:19:10.340988;[];0;-543;-943;15281;-80;-464;154;-605;201;1144;110;227;106;0
2018/10/02/14:19:10.352996;[];0;-575;-799;15425;94;-572;242;-605;201;1144;178;227;106;0
2018/10/02/14:19:10.365988;[];0;-383;-895;15185;12;-608;168;-579;171;1197;246;227;106;0
2018/10/02/14:19:10.381975;[];0;-63;-607;15201;28;-720;106;-579;171;1197;58;228;106;0
2018/10/02/14:19:10.394007;[];0;97;-575;15233;-100;-874;42;-579;171;1197;126;228;106;0
2018/10/02/14:19:10.406989;[];0;161;-367;15249;38;-944;146;-566;183;1236;194;228;106;0
2018/10/02/14:19:10.418987;[];0;497;-527;15569;78;-800;-204;-566;183;1236;6;229;106;0
2018/10/02/14:19:10.434986;[];0;689;-495;15185;6;-916;-232;-475;153;1184;74;229;106;0
2018/10/02/14:19:10.446989;[];0;1409;-815;15185;-72;-1028;-44;-475;153;1184;159;229;106;0
2018/10/02/14:19:10.459985;[];0;1761;-1183;15265;40;-1068;-150;-475;153;1184;227;229;106;0
2018/10/02/14:19:10.471982;[];0;2065;-1503;15041;34;-1122;34;-430;147;1276;39;230;106;0
2018/10/02/14:19:10.487985;[];0;2433;-895;15505;142;-1174;-106;-430;147;1276;107;230;106;0
2018/10/02/14:19:10.500989;[];0;2529;-831;15345;34;-1260;-110;-430;147;1276;158;230;106;0
2018/10/02/14:19:10.512986;[];0;3025;-671;15297;76;-1238;-120;-378;189;1217;4;231;106;0
2018/10/02/14:19:10.524989;[];0;3361;-607;15249;138;-1220;-92;-378;189;1217;55;231;106;0
2018/10/02/14:19:10.537998;[];0;3713;-623;15057;82;-1288;-234;-313;201;1289;123;231;106;0
2018/10/02/14:19:10.553983;[];0;3857;-815;15249;36;-1360;82;-313;201;1289;190;231;106;0
2018/10/02/14:19:10.565985;[];0;4033;-847;15249;56;-1264;-88;-255;177;1269;2;232;106;0
2018/10/02/14:19:10.579009;[];0;4209;-735;15089;58;-1366;-8;-255;177;1269;70;232;106;0
2018/10/02/14:19:10.590979;[];0;4545;-719;15057;0;-1314;-74;-255;177;1269;138;232;106;0
2018/10/02/14:19:10.606990;[];0;4881;-799;14689;-74;-1472;102;-203;189;1256;206;232;106;0
2018/10/02/14:19:10.619981;[];0;5441;-1007;14673;-16;-1494;-96;-203;189;1256;18;233;106;0
2018/10/02/14:19:10.631979;[];0;5857;-1311;14385;18;-1432;-16;-152;195;1289;86;233;106;0
2018/10/02/14:19:10.643984;[];0;5985;-1167;13953;-54;-1498;62;-152;195;1289;154;233;106;0
2018/10/02/14:19:10.659983;[];0;6753;-959;14145;110;-1590;66;-152;195;1289;239;233;106;0
2018/10/02/14:19:10.672989;[];0;7089;-831;13937;56;-1620;204;-87;207;1315;51;234;106;0
2018/10/02/14:19:10.685004;[];0;7313;-655;14001;64;-1786;118;-87;207;1315;119;234;106;0
2018/10/02/14:19:10.697002;[];0;7409;-607;14273;-10;-1748;164;61;195;1263;187;234;106;0
2018/10/02/14:19:10.714064;[];0;7873;-143;13777;-80;-1682;56;61;195;1263;255;234;106;0
2018/10/02/14:19:10.725991;[];0;8289;-303;13569;12;-1732;70;61;195;1263;67;235;106;0
2018/10/02/14:19:10.737988;[];0;8305;-479;12865;-54;-1782;70;119;189;1263;135;235;106;0
2018/10/02/14:19:10.750984;[];0;8705;-719;12929;-152;-1686;-48;119;189;1263;203;235;106;0
2018/10/02/14:19:10.766972;[];0;8849;-1071;12577;-70;-1766;-62;210;165;1282;15;236;106;0
2018/10/02/14:19:10.779004;[];0;9057;-1039;12225;-74;-1892;24;210;165;1282;83;236;106;0
2018/10/02/14:19:10.791981;[];0;9473;-1263;12001;-138;-1882;62;210;165;1282;151;236;106;0
2018/10/02/14:19:10.803979;[];0;9745;-927;11665;-58;-1758;70;320;165;1256;219;236;106;0
2018/10/02/14:19:10.815993;[];0;10305;-1199;11313;-164;-1770;116;320;165;1256;31;237;106;0
2018/10/02/14:19:10.832995;[];0;11297;-1119;11089;-70;-1770;156;411;171;1282;99;237;106;0
2018/10/02/14:19:10.845010;[];0;11697;-1455;10401;6;-1850;170;411;171;1282;167;237;106;0
2018/10/02/14:19:10.857009;[];0;12049;-1407;10417;144;-1858;186;411;171;1282;252;237;106;0
2018/10/02/14:19:10.869004;[];0;12145;-1311;10209;114;-1932;220;501;171;1197;64;238;106;0
2018/10/02/14:19:10.885994;[];0;13057;-1439;9729;304;-1844;322;501;171;1197;132;238;106;0
2018/10/02/14:19:10.897988;[];0;13169;-1183;9585;190;-1886;252;598;189;1164;200;238;106;0
2018/10/02/14:19:10.910012;[];0;13361;-975;9521;280;-1820;390;598;189;1164;12;239;106;0
2018/10/02/14:19:10.922987;[];0;13745;-703;9249;188;-1982;370;598;189;1164;80;239;106;0
2018/10/02/14:19:10.938989;[];0;13457;-767;8785;330;-1858;340;676;177;1111;148;239;106;0
2018/10/02/14:19:10.950988;[];0;13745;-543;8785;192;-1886;212;676;177;1111;216;239;106;0
2018/10/02/14:19:10.963986;[];0;13729;-351;8401;364;-1794;146;695;207;1052;28;240;106;0
2018/10/02/14:19:10.975992;[];0;14257;-463;8609;226;-1806;160;695;207;1052;96;240;106;0
2018/10/02/14:19:10.991985;[];0;14081;-703;8401;218;-1800;114;695;207;1052;164;240;106;0
2018/10/02/14:19:11.005008;[];0;14513;-623;7841;234;-1582;64;831;159;1039;232;240;106;0
2018/10/02/14:19:11.017011;[];0;14337;-1151;7985;256;-1566;66;831;159;1039;44;241;106;0
2018/10/02/14:19:11.028994;[];0;14321;-1007;6961;144;-1550;160;883;177;960;112;241;106;0
2018/10/02/14:19:11.045008;[];0;14609;-527;7249;90;-1474;318;883;177;960;180;241;106;0
2018/10/02/14:19:11.057995;[];0;14961;-415;6945;106;-1366;362;883;177;960;248;241;106;0
2018/10/02/14:19:11.070722;[];0;15377;-815;6337;108;-1268;194;948;165;934;77;242;106;0
2018/10/02/14:19:11.081984;[];0;16209;-495;6273;106;-1206;320;948;165;934;145;242;106;0
2018/10/02/14:19:11.098970;[];0;16017;-383;5953;42;-1038;286;1032;183;907;213;242;106;0
2018/10/02/14:19:11.110934;[];0;15745;-543;6593;54;-996;132;1032;183;907;25;243;106;0
2018/10/02/14:19:11.122987;[];0;15729;33;5889;56;-1016;176;1032;183;907;93;243;106;0
2018/10/02/14:19:11.135996;[];0;15409;-255;5553;180;-866;90;1032;183;881;161;243;106;0
2018/10/02/14:19:11.147998;[];0;15905;-815;5137;88;-694;-8;1032;183;881;229;243;106;0
2018/10/02/14:19:11.163986;[];0;15953;-847;4497;-42;-730;-6;1084;159;815;41;244;106;0
2018/10/02/14:19:11.177012;[];0;16065;-1167;4609;-48;-726;-8;1084;159;815;109;244;106;0
2018/10/02/14:19:11.188995;[];0;16097;-1167;4145;-140;-636;-2;1084;159;815;177;244;106;0
2018/10/02/14:19:11.201010;[];0;16225;-1247;4225;12;-626;-96;1071;159;861;245;244;106;0
2018/10/02/14:19:11.217997;[];0;16353;-1103;4369;-178;-664;-72;1071;159;861;57;245;106;0
2018/10/02/14:19:11.229994;[];0;16801;-1167;3585;24;-486;-136;1084;171;769;125;245;106;0
2018/10/02/14:19:11.241987;[];0;16737;-559;3745;24;-488;-40;1084;171;769;193;245;106;0
2018/10/02/14:19:11.254000;[];0;16593;-607;3681;32;-538;-120;1084;171;769;5;246;106;0
2018/10/02/14:19:11.271016;[];0;16545;-767;3089;-4;-596;42;1135;171;776;90;246;106;0
2018/10/02/14:19:11.282995;[];0;16433;-751;2961;48;-448;-148;1135;171;776;158;246;106;0
2018/10/02/14:19:11.294998;[];0;16273;-687;2545;42;-624;-140;1129;177;769;226;246;106;0
2018/10/02/14:19:11.307999;[];0;16321;-799;2529;14;-496;-166;1129;177;769;38;247;106;0
2018/10/02/14:19:11.324014;[];0;16177;-1039;2977;-40;-580;-120;1129;177;769;106;247;106;0
2018/10/02/14:19:11.336000;[];0;16049;-1359;2545;-52;-640;-132;1161;183;717;157;247;106;0
2018/10/02/14:19:11.349018;[];0;16321;-1311;2625;-122;-622;-166;1161;183;717;242;247;106;0
2018/10/02/14:19:11.361012;[];0;16401;-1199;2337;-18;-590;-140;1187;183;717;54;248;106;0
2018/10/02/14:19:11.376999;[];0;16481;-1071;1985;-180;-742;-50;1187;183;717;122;248;106;0
2018/10/02/14:19:11.389993;[];0;16337;-1183;2225;-52;-686;-50;1187;183;717;190;248;106;0
2018/10/02/14:19:11.401993;[];0;16513;-1295;1537;-58;-716;-90;1200;171;664;2;249;106;0
2018/10/02/14:19:11.414010;[];0;16801;-1519;2017;-92;-632;-30;1200;171;664;70;249;106;0
2018/10/02/14:19:11.426001;[];0;16545;-1295;1857;-130;-642;-64;1213;183;657;138;249;106;0
2018/10/02/14:19:11.443010;[];0;16161;-1231;1633;-48;-632;134;1213;183;657;206;249;106;0
2018/10/02/14:19:11.454998;[];0;16177;-1375;2241;-124;-594;118;1213;183;657;18;250;106;0
2018/10/02/14:19:11.466999;[];0;16209;-1279;1649;-52;-534;70;1258;201;618;86;250;106;0
2018/10/02/14:19:11.479987;[];0;16865;-783;881;-74;-584;76;1258;201;618;171;250;106;0
2018/10/02/14:19:11.496001;[];0;16865;-895;1137;-46;-540;118;1213;201;598;239;250;106;0
2018/10/02/14:19:11.508002;[];0;16577;-671;1185;-16;-482;30;1213;201;598;51;251;106;0
2018/10/02/14:19:11.521011;[];0;16577;-831;1793;-98;-398;78;1213;201;598;119;251;106;0
2018/10/02/14:19:11.533004;[];0;16273;-623;1377;-44;-340;196;1258;189;611;187;251;106;0
2018/10/02/14:19:11.549008;[];0;16561;-1007;1009;-30;-260;168;1258;189;611;255;251;106;0
2018/10/02/14:19:11.562003;[];0;16577;-1295;801;74;-154;140;1271;171;585;67;252;106;0
2018/10/02/14:19:11.573992;[];0;16465;-1263;929;-46;-54;200;1271;171;585;135;252;106;0
2018/10/02/14:19:11.586002;[];0;16801;-1151;657;-110;-134;94;1271;171;585;203;252;106;0
2018/10/02/14:19:11.601994;[];0;16641;-991;433;-152;-142;118;1278;183;546;15;253;106;0
2018/10/02/14:19:11.614933;[];0;16801;-687;257;-60;-84;62;1278;183;546;83;253;106;0
2018/10/02/14:19:11.627001;[];0;16593;-239;-31;-152;-164;118;1239;177;572;151;253;106;0
2018/10/02/14:19:11.639011;[];0;16177;-591;241;-44;-58;52;1239;177;572;219;253;106;0
2018/10/02/14:19:11.656001;[];0;16497;-1311;17;-50;-110;-142;1239;177;572;31;254;106;0
2018/10/02/14:19:11.668002;[];0;16257;-1647;-223;16;-26;-18;1278;171;552;99;254;106;0
2018/10/02/14:19:11.679999;[];0;16497;-1599;-31;124;-128;126;1278;171;552;184;254;106;0
2018/10/02/14:19:11.693006;[];0;16481;-1423;-271;36;-188;88;1284;159;585;252;254;106;0
2018/10/02/14:19:11.709006;[];0;16529;-1487;-143;222;-80;-58;1284;159;585;64;255;106;0
2018/10/02/14:19:11.721039;[];0;16449;-1135;129;128;-272;28;1284;159;585;132;255;106;0
2018/10/02/14:19:11.733994;[];0;16241;-1215;33;84;-188;6;1304;147;598;200;255;106;0
2018/10/02/14:19:11.746004;[];0;16433;-1103;321;200;-186;132;1304;147;598;12;0;107;0
2018/10/02/14:19:11.758017;[];0;16753;-879;49;-6;-208;-6;1284;183;572;80;0;107;0
2018/10/02/14:19:11.775006;[];0;16497;-863;481;-54;-124;104;1284;183;572;148;0;107;0
2018/10/02/14:19:11.787005;[];0;16721;-1151;465;-44;-150;50;1284;183;572;216;0;107;0
2018/10/02/14:19:11.799009;[];0;16673;-1151;209;12;-86;158;1265;159;539;28;1;107;0
2018/10/02/14:19:11.810992;[];0;16561;-1071;369;18;48;22;1265;159;539;96;1;107;0
2018/10/02/14:19:11.828023;[];0;16481;-1151;177;0;18;-18;1310;183;532;164;1;107;0
2018/10/02/14:19:11.840006;[];0;16705;-847;129;-68;-48;-44;1310;183;532;232;1;107;0
2018/10/02/14:19:11.851995;[];0;16593;-975;417;-58;-28;-44;1310;183;532;44;2;107;0
2018/10/02/14:19:11.865021;[];0;16609;-1343;241;12;-62;-100;1291;165;546;112;2;107;0
2018/10/02/14:19:11.881027;[];0;16449;-1375;-111;-10;128;-2;1291;165;546;197;2;107;0
2018/10/02/14:19:11.893006;[];0;16401;-1583;81;64;-26;10;1258;165;532;9;3;107;0
2018/10/02/14:19:11.906005;[];0;16369;-1487;-207;-16;76;-8;1258;165;532;77;3;107;0
2018/10/02/14:19:11.918022;[];0;16401;-1263;49;-66;-16;102;1258;165;532;145;3;107;0
2018/10/02/14:19:11.934017;[];0;16561;-1199;-47;-48;20;-32;1310;195;559;213;3;107;0
2018/10/02/14:19:11.947005;[];0;16497;-991;-15;24;28;76;1310;195;559;25;4;107;0
2018/10/02/14:19:11.958999;[];0;16609;-991;1;12;-10;10;1297;159;539;93;4;107;0
2018/10/02/14:19:11.971001;[];0;16177;-1311;-79;90;70;-40;1297;159;539;161;4;107;0
2018/10/02/14:19:11.987986;[];0;16401;-1199;145;-64;46;-120;1297;159;539;229;4;107;0
2018/10/02/14:19:11.999999;[];0;16337;-1327;-127;28;-38;-78;1278;165;532;40;5;107;0
2018/10/02/14:19:12.016025;[];0;16449;-1103;129;4;44;42;1278;165;532;125;5;107;0
2018/10/02/14:19:12.028006;[];0;16481;-1247;-79;50;32;88;1310;165;532;193;5;107;0
2018/10/02/14:19:12.041010;[];0;16593;-1487;97;-114;-86;20;1310;165;532;5;6;107;0
2018/10/02/14:19:12.053019;[];0;16305;-1391;209;-122;-40;84;1310;165;532;73;6;107;0
2018/10/02/14:19:12.069015;[];0;16257;-1231;177;18;44;-128;1310;177;532;141;6;107;0
2018/10/02/14:19:12.082002;[];0;16385;-1279;-63;2;-6;72;1310;177;532;209;6;107;0
2018/10/02/14:19:12.094049;[];0;16545;-1263;81;60;18;-86;1284;159;565;21;7;107;0
2018/10/02/14:19:12.106028;[];0;16689;-1327;193;68;-84;-10;1284;159;565;89;7;107;0
2018/10/02/14:19:12.123000;[];0;16657;-1055;433;-12;74;-64;1291;171;552;174;7;107;0
2018/10/02/14:19:12.135009;[];0;16785;-1199;353;-48;80;-38;1291;171;552;242;7;107;0
2018/10/02/14:19:12.147026;[];0;16689;-1359;161;56;42;18;1291;171;552;54;8;107;0
2018/10/02/14:19:12.160002;[];0;16817;-1327;225;-26;156;-86;1310;153;605;122;8;107;0
2018/10/02/14:19:12.176025;[];0;16689;-1263;385;100;154;-16;1310;153;605;190;8;107;0
2018/10/02/14:19:12.188008;[];0;16609;-1231;625;2;180;64;1310;153;605;2;9;107;0
2018/10/02/14:19:12.200003;[];0;17089;-1135;113;-40;302;-84;1291;189;559;70;9;107;0
2018/10/02/14:19:12.213020;[];0;17169;-1375;49;216;350;-104;1291;189;559;138;9;107;0
2018/10/02/14:19:12.228996;[];0;16897;-1423;417;130;388;-60;1245;165;552;206;9;107;0
2018/10/02/14:19:12.241009;[];0;16945;-895;177;72;326;46;1245;165;552;18;10;107;0
2018/10/02/14:19:12.254218;[];0;17137;-943;385;180;418;10;1245;165;552;86;10;107;0
2018/10/02/14:19:12.266029;[];0;17537;-655;305;162;566;18;1284;207;552;154;10;107;0
2018/10/02/14:19:12.278014;[];0;17713;-671;705;162;444;42;1284;207;552;222;10;107;0
2018/10/02/14:19:12.295029;[];0;18801;-303;1057;110;574;20;1239;195;585;34;11;107;0
2018/10/02/14:19:12.307016;[];0;18961;-79;1809;54;830;-54;1239;195;585;102;11;107;0
2018/10/02/14:19:12.319025;[];0;18737;-703;2417;58;1036;-218;1233;207;664;187;11;107;0
2018/10/02/14:19:12.332004;[];0;18961;-1071;3233;-14;1312;-218;1233;207;664;255;11;107;0
2018/10/02/14:19:12.348010;[];0;18705;-799;3185;-48;1460;-244;1233;207;664;67;12;107;0
2018/10/02/14:19:12.360006;[];0;18561;-783;3921;-196;1730;-280;1220;201;690;135;12;107;0
2018/10/02/14:19:12.373041;[];0;17201;-975;3777;-222;1996;-206;1220;201;690;203;12;107;0
2018/10/02/14:19:12.385027;[];0;16449;-31;5313;-268;2204;-380;1220;201;690;15;13;107;0
2018/10/02/14:19:12.401025;[];0;16577;801;5009;-370;2404;-394;1142;195;796;83;13;107;0
2018/10/02/14:19:12.413028;[];0;16161;529;5345;-452;2562;-478;1142;195;796;151;13;107;0
2018/10/02/14:19:12.426015;[];0;15825;209;6177;-588;2628;-330;1051;177;828;219;13;107;0
2018/10/02/14:19:12.438007;[];0;15473;145;5889;-572;2828;-418;1051;177;828;31;14;107;0
2018/10/02/14:19:12.454023;[];0;15681;-639;6769;-556;2848;-330;1051;177;828;99;14;107;0
2018/10/02/14:19:12.467013;[];0;15521;-1871;6337;-682;2966;-202;967;177;940;167;14;107;0
2018/10/02/14:19:12.479005;[];0;15281;-1823;6721;-542;2820;-420;967;177;940;235;14;107;0
2018/10/02/14:19:12.490967;[];0;14993;-2543;7153;-724;2914;-330;844;195;1046;47;15;107;0
2018/10/02/14:19:12.508009;[];0;14337;-1919;6689;-528;2962;-172;844;195;1046;115;15;107;0
2018/10/02/14:19:12.519967;[];0;14321;-1647;7377;-464;2910;-92;844;195;1046;183;15;107;0
2018/10/02/14:19:12.532004;[];0;14177;-1743;7473;-274;2884;-76;708;165;1118;12;16;107;0
2018/10/02/14:19:12.545031;[];0;13729;-1663;8257;-286;2680;128;708;165;1118;80;16;107;0
2018/10/02/14:19:12.557021;[];0;13153;-975;8801;-154;2662;112;572;153;1177;148;16;107;0
2018/10/02/14:19:12.573014;[];0;12241;-1183;9969;-32;2500;336;572;153;1177;216;16;107;0
2018/10/02/14:19:12.585032;[];0;11985;-1343;10561;-64;2588;216;572;153;1177;28;17;107;0
2018/10/02/14:19:12.598030;[];0;11185;-815;11185;80;2534;90;449;117;1256;96;17;107;0
2018/10/02/14:19:12.610003;[];0;10481;-655;11153;-52;2612;288;449;117;1256;164;17;107;0
2018/10/02/14:19:12.626019;[];0;9761;-495;12225;-98;2656;230;333;117;1236;232;17;107;0
2018/10/02/14:19:12.639011;[];0;9633;-399;12209;-102;2592;122;333;117;1236;44;18;107;0
2018/10/02/14:19:12.651014;[];0;9025;-271;12993;-124;2778;-100;333;117;1236;112;18;107;0
2018/10/02/14:19:12.663027;[];0;8785;-95;13505;-182;2734;6;190;129;1276;180;18;107;0
2018/10/02/14:19:12.680010;[];0;8449;209;12673;-122;2860;-154;190;129;1276;248;18;107;0
2018/10/02/14:19:12.692004;[];0;8641;-271;13889;-198;2942;-240;67;123;1302;60;19;107;0
2018/10/02/14:19:12.704002;[];0;7825;-1263;13489;-86;2844;-172;67;123;1302;128;19;107;0
2018/10/02/14:19:12.717032;[];0;7761;-1775;13521;56;2844;-230;67;123;1302;196;19;107;0
2018/10/02/14:19:12.733019;[];0;6801;-2623;13857;126;2754;-276;-87;117;1322;25;20;107;0
2018/10/02/14:19:12.745031;[];0;5617;-2143;13441;30;2844;-162;-87;117;1322;93;20;107;0
2018/10/02/14:19:12.756975;[];0;4833;-1999;14129;94;2636;-92;-249;123;1269;161;20;107;0
2018/10/02/14:19:12.770007;[];0;4305;-1647;13969;92;2520;54;-249;123;1269;229;20;107;0
2018/10/02/14:19:12.786021;[];0;3393;-1935;14481;154;2508;-50;-249;123;1269;41;21;107;0
2018/10/02/14:19:12.798012;[];0;2881;-1215;14609;10;2446;0;-339;111;1256;109;21;107;0
2018/10/02/14:19:12.811007;[];0;2193;-1039;14449;48;2324;90;-339;111;1256;177;21;107;0
2018/10/02/14:19:12.823011;[];0;2465;-1263;14689;4;2228;-106;-508;123;1197;245;21;107;0
2018/10/02/14:19:12.838991;[];0;2177;-1679;14433;10;2164;-20;-508;123;1197;57;22;107;0
2018/10/02/14:19:12.851943;[];0;1777;-1631;15105;28;2000;16;-508;123;1197;125;22;107;0
2018/10/02/14:19:12.863975;[];0;1025;-1567;14833;-108;1944;144;-605;123;1184;193;22;107;0
2018/10/02/14:19:12.876036;[];0;145;-1343;15681;-142;1880;368;-605;123;1184;5;23;107;0
2018/10/02/14:19:12.889035;[];0;-863;-1039;15393;-182;1790;292;-695;129;1177;73;23;107;0
2018/10/02/14:19:12.905036;[];0;-2079;-975;15409;-182;1772;66;-695;129;1177;141;23;107;0
2018/10/02/14:19:12.917046;[];0;-2671;-639;15361;-308;1732;260;-695;129;1177;209;23;107;0
2018/10/02/14:19:12.930015;[];0;-3663;-799;14593;-356;1620;186;-754;123;1111;38;24;107;0
2018/10/02/14:19:12.942007;[];0;-4159;-991;14337;-534;1486;272;-754;123;1111;106;24;107;0
2018/10/02/14:19:12.958036;[];0;-4447;-1759;14385;-512;1508;224;-838;93;1065;174;24;107;0
2018/10/02/14:19:12.969999;[];0;-4847;-2239;13345;-456;1262;264;-838;93;1065;242;24;107;0
2018/10/02/14:19:12.983006;[];0;-4847;-2335;13649;-390;1112;238;-838;93;1065;54;25;107;0
2018/10/02/14:19:12.995034;[];0;-5103;-2527;13521;-374;854;290;-877;99;1013;122;25;107;0
2018/10/02/14:19:13.011014;[];0;-5567;-2383;13345;-270;724;286;-877;99;1013;173;25;107;0
2018/10/02/14:19:13.024011;[];0;-5647;-2207;13473;-200;368;260;-889;81;1019;2;26;107;0
2018/10/02/14:19:13.036020;[];0;-5423;-1807;13473;-106;68;218;-889;81;1019;70;26;107;0
2018/10/02/14:19:13.048037;[];0;-5455;-1583;13697;88;-86;72;-889;81;1019;138;26;107;0
2018/10/02/14:19:13.065036;[];0;-5199;-1439;13905;202;-280;48;-922;129;1006;206;26;107;0
2018/10/02/14:19:13.077038;[];0;-4895;-1839;13889;302;-468;-208;-922;129;1006;18;27;107;0
2018/10/02/14:19:13.089033;[];0;-4463;-1919;14081;262;-604;-200;-902;147;1006;86;27;107;0
2018/10/02/14:19:13.102014;[];0;-4239;-1711;14241;360;-860;-226;-902;147;1006;154;27;107;0
2018/10/02/14:19:13.117998;[];0;-3343;-1823;14769;670;-862;-374;-889;129;1092;0;28;107;0
2018/10/02/14:19:13.130015;[];0;-2943;-1679;14913;576;-848;-356;-889;129;1092;51;28;107;0
2018/10/02/14:19:13.142014;[];0;-3023;-1567;15617;552;-818;-468;-889;129;1092;119;28;107;0
2018/10/02/14:19:13.155020;[];0;-2623;-1695;16001;530;-746;-404;-883;159;1098;187;28;107;0
2018/10/02/14:19:13.167033;[];0;-2639;-1503;15649;530;-714;-336;-883;159;1098;255;28;107;0
2018/10/02/14:19:13.183012;[];0;-2415;-1407;15857;362;-560;-404;-851;135;1059;67;29;107;0
2018/10/02/14:19:13.196036;[];0;-2303;-959;15937;314;-586;-288;-851;135;1059;135;29;107;0
2018/10/02/14:19:13.208027;[];0;-2015;-1247;16001;340;-540;-136;-851;135;1059;203;29;107;0
2018/10/02/14:19:13.224014;[];0;-1375;-1135;16321;178;-490;-198;-825;159;1125;49;30;107;0
2018/10/02/14:19:13.237041;[];0;-1231;-959;16449;218;-328;-176;-825;159;1125;100;30;107;0
2018/10/02/14:19:13.249035;[];0;-1407;-927;16657;60;-290;-82;-825;159;1125;151;30;107;0
2018/10/02/14:19:13.261060;[];0;-1487;-735;16577;96;-210;2;-786;153;1131;236;30;107;0
2018/10/02/14:19:13.278026;[];0;-1983;-735;16049;-26;-158;164;-786;153;1131;48;31;107;0
2018/10/02/14:19:13.290016;[];0;-1983;-575;16081;-84;-68;58;-773;141;1105;116;31;107;0
2018/10/02/14:19:13.302014;[];0;-1919;-879;15617;-58;-92;20;-773;141;1105;184;31;107;0
2018/10/02/14:19:13.315022;[];0;-1727;-671;15601;-180;32;-60;-779;147;1171;252;31;107;0
2018/10/02/14:19:13.331019;[];0;-1503;-687;15681;-44;-88;172;-779;147;1171;64;32;107;0
2018/10/02/14:19:13.343013;[];0;-1407;-719;15537;-52;-96;20;-779;147;1171;132;32;107;0
2018/10/02/14:19:13.355026;[];0;-1679;-911;15761;14;-198;-18;-773;171;1144;200;32;107;0
2018/10/02/14:19:13.368035;[];0;-1887;-1007;15713;-46;-92;60;-773;171;1144;12;33;107;0
2018/10/02/14:19:13.384014;[];0;-1951;-943;15585;-8;-240;52;-792;153;1078;80;33;107;0
2018/10/02/14:19:13.396026;[];0;-1567;-815;15777;-84;-210;104;-792;153;1078;148;33;107;0
2018/10/02/14:19:13.409048;[];0;-1567;-815;15697;-2;-100;-38;-792;153;1078;216;33;107;0
2018/10/02/14:19:13.421041;[];0;-1711;-1039;15905;26;-336;20;-754;171;1078;11;34;107;0
2018/10/02/14:19:13.437042;[];0;-1679;-1007;15585;82;-282;-70;-754;171;1078;96;34;107;0
2018/10/02/14:19:13.450018;[];0;-1311;-1215;15553;122;-164;24;-754;171;1078;164;34;107;0
2018/10/02/14:19:13.462019;[];0;-1087;-1247;15777;72;-262;-8;-734;153;1111;248;34;107;0
2018/10/02/14:19:13.474015;[];0;-1023;-1311;15729;28;-254;6;-734;153;1111;60;35;107;0
2018/10/02/14:19:13.491018;[];0;-1007;-1087;16065;-62;-352;86;-754;123;1118;128;35;107;0
2018/10/02/14:19:13.503016;[];0;-1055;-1231;16289;82;-204;-114;-754;123;1118;196;35;107;0
2018/10/02/14:19:13.515026;[];0;-1183;-1087;16081;28;-186;14;-721;147;1138;8;36;107;0
2018/10/02/14:19:13.527026;[];0;-1055;-1151;16017;46;-316;52;-721;147;1138;59;36;107;0
2018/10/02/14:19:13.540016;[];0;-703;-943;16161;-6;-168;84;-721;147;1138;144;36;107;0
2018/10/02/14:19:13.556028;[];0;-687;-1007;15809;48;-134;112;-721;159;1177;212;36;107;0
2018/10/02/14:19:13.568026;[];0;-607;-991;16033;50;-132;-124;-721;159;1177;24;37;107;0
2018/10/02/14:19:13.581031;[];0;-703;-927;15953;40;-236;66;-682;159;1164;92;37;107;0
2018/10/02/14:19:13.593027;[];0;-623;-1167;16065;-40;-268;96;-682;159;1164;160;37;107;0
2018/10/02/14:19:13.609051;[];0;-767;-1167;16113;-110;-150;100;-682;159;1164;228;37;107;0
2018/10/02/14:19:13.622022;[];0;-671;-1391;16001;-48;-100;70;-682;159;1164;40;38;107;0
2018/10/02/14:19:13.634017;[];0;-575;-1471;15825;-28;-20;120;-682;159;1164;108;38;107;0
2018/10/02/14:19:13.646030;[];0;-671;-1087;15985;-72;-202;210;-682;159;1164;176;38;107;0
2018/10/02/14:19:13.663020;[];0;-943;-1039;16033;-70;-66;286;-689;135;1144;244;38;107;0
2018/10/02/14:19:13.675028;[];0;-799;-815;15921;-74;-140;112;-689;135;1144;73;39;107;0
2018/10/02/14:19:13.687029;[];0;-831;-783;15809;-86;-66;240;-708;183;1125;141;39;107;0
2018/10/02/14:19:13.700020;[];0;-671;-607;15905;-78;-70;292;-708;183;1125;209;39;107;0
2018/10/02/14:19:13.716027;[];0;-511;-751;16001;-72;-54;132;-695;147;1131;21;40;107;0
2018/10/02/14:19:13.728028;[];0;-751;-687;15697;-90;-2;76;-695;147;1131;89;40;107;0
2018/10/02/14:19:13.740024;[];0;-767;-559;15953;-124;-202;100;-695;147;1131;157;40;107;0
2018/10/02/14:19:13.753042;[];0;-863;-879;16001;62;-74;84;-663;159;1171;225;40;107;0
2018/10/02/14:19:13.769022;[];0;-927;-1039;15953;32;-176;90;-663;159;1171;37;41;107;0
2018/10/02/14:19:13.781043;[];0;-655;-1119;15953;-32;-118;18;-644;153;1151;105;41;107;0
2018/10/02/14:19:13.794017;[];0;-191;-1071;15841;-70;-212;30;-644;153;1151;173;41;107;0
2018/10/02/14:19:13.806031;[];0;-143;-1311;15825;8;-236;48;-644;153;1151;241;41;107;0
2018/10/02/14:19:13.818022;[];0;-287;-1407;16065;10;-198;-106;-624;123;1157;53;42;107;0
2018/10/02/14:19:13.835033;[];0;-159;-1055;16785;-66;-216;-92;-624;123;1157;121;42;107;0
2018/10/02/14:19:13.847030;[];0;-95;-655;16929;-80;-178;-106;-624;123;1157;189;42;107;0
2018/10/02/14:19:13.859023;[];0;81;-671;16977;-38;-106;-68;-650;135;1203;1;43;107;0
2018/10/02/14:19:13.872026;[];0;209;-511;16673;-46;-108;-222;-650;135;1203;86;43;107;0
2018/10/02/14:19:13.888043;[];0;385;-607;16865;-96;-136;-256;-624;129;1190;154;43;107;0
2018/10/02/14:19:13.900025;[];0;433;-671;16417;-54;6;-560;-624;129;1190;222;43;107;0
2018/10/02/14:19:13.912023;[];0;49;-303;16529;-160;-92;-660;-611;135;1151;34;44;107;0
2018/10/02/14:19:13.924989;[];0;-111;-111;16705;-86;-30;-832;-611;135;1151;102;44;107;0
2018/10/02/14:19:13.941054;[];0;-527;-15;16497;-100;-64;-904;-611;135;1151;170;44;107;0
2018/10/02/14:19:13.953048;[];0;-671;273;16385;12;8;-1150;-631;147;1190;238;44;107;0
2018/10/02/14:19:13.966031;[];0;1;305;16337;-86;-32;-1276;-631;147;1190;50;45;107;0
2018/10/02/14:19:13.978033;[];0;321;913;16385;22;-46;-1584;-663;75;1177;118;45;107;0
2018/10/02/14:19:13.994023;[];0;609;945;16513;188;-4;-1836;-663;75;1177;186;45;107;0
2018/10/02/14:19:14.007035;[];0;977;1073;17377;292;50;-1976;-663;75;1177;254;45;107;0
2018/10/02/14:19:14.019031;[];0;1073;305;16497;426;-4;-2240;-644;51;1223;66;46;107;0
2018/10/02/14:19:14.031029;[];0;1825;-287;16913;374;108;-2322;-644;51;1223;134;46;107;0
2018/10/02/14:19:14.048035;[];0;1329;-799;16481;448;14;-2566;-644;51;1223;202;46;107;0
2018/10/02/14:19:14.060052;[];0;193;-783;16033;586;-2;-2564;-644;-3;1210;48;47;107;0
2018/10/02/14:19:14.072037;[];0;-575;-703;15777;394;104;-2550;-644;-3;1210;116;47;107;0
2018/10/02/14:19:14.085063;[];0;-463;-479;15329;384;70;-2682;-650;-27;1203;167;47;107;0
2018/10/02/14:19:14.101023;[];0;273;129;15089;186;24;-2626;-650;-27;1203;235;47;107;0
2018/10/02/14:19:14.113045;[];0;833;-767;14929;300;40;-2756;-682;-39;1171;64;48;107;0
2018/10/02/14:19:14.277102;[];0;561;-1487;14513;296;-294;-2038;-566;-243;1230;180;51;107;0
2018/10/02/14:19:14.293024;[];0;577;-751;15553;390;-362;-1882;-566;-243;1230;9;52;107;0
2018/10/02/14:19:14.310034;[];0;-15;-655;15985;434;-406;-1952;-559;-249;1230;94;52;107;0
2018/10/02/14:19:14.326047;[];0;97;129;14993;312;-636;-1778;-559;-249;1230;179;52;107;0
2018/10/02/14:19:14.338037;[];0;529;1361;15793;200;-672;-1744;-514;-273;1217;230;52;107;0
2018/10/02/14:19:14.355019;[];0;1697;193;15569;202;-628;-1772;-514;-273;1217;25;53;107;0
2018/10/02/14:19:14.367037;[];0;1761;1;16369;282;-710;-1870;-514;-273;1217;127;53;107;0
2018/10/02/14:19:14.379032;[];0;1937;849;17137;246;-724;-1780;-508;-291;1243;178;53;107;0
2018/10/02/14:19:14.392030;[];0;1585;689;15745;264;-536;-1884;-508;-291;1243;229;53;107;0
2018/10/02/14:19:14.404028;[];0;1953;689;15985;270;-772;-1820;-508;-291;1243;41;54;107;0
2018/10/02/14:19:14.420037;[];0;1697;1361;15249;292;-636;-1896;-378;-315;1276;109;54;107;0
2018/10/02/14:19:14.433049;[];0;2001;1537;16993;166;-664;-1870;-378;-315;1276;177;54;107;0
2018/10/02/14:19:14.445055;[];0;2769;1393;16017;118;-604;-1902;-326;-321;1276;245;54;107;0
2018/10/02/14:19:14.457051;[];0;3217;1681;16577;146;-428;-1842;-326;-321;1276;57;55;107;0
2018/10/02/14:19:14.474028;[];0;3761;849;17985;172;-296;-1868;-326;-321;1276;142;55;107;0
2018/10/02/14:19:14.486042;[];0;3137;1537;16225;22;-202;-1880;-313;-351;1269;193;55;107;0
2018/10/02/14:19:14.498038;[];0;2593;1729;17233;28;-204;-1854;-313;-351;1269;244;55;107;0
2018/10/02/14:19:14.515007;[];0;3217;2497;16273;-58;-174;-1736;-281;-339;1282;73;56;107;0
2018/10/02/14:19:14.527044;[];0;3009;1457;16305;-98;-44;-1696;-281;-339;1282;158;56;107;0
2018/10/02/14:19:14.543009;[];0;2897;1153;16385;-4;192;-1716;-281;-339;1282;226;56;107;0
2018/10/02/14:19:14.556041;[];0;2241;849;17121;-44;102;-1556;-281;-369;1269;38;57;107;0
2018/10/02/14:19:14.572038;[];0;945;1601;16561;-104;198;-1626;-281;-369;1269;106;57;107;0
2018/10/02/14:19:14.584032;[];0;609;1729;16225;-108;184;-1404;-242;-381;1322;225;57;107;0
2018/10/02/14:19:14.596062;[];0;945;2337;16081;54;330;-1608;-242;-381;1322;54;58;107;0
2018/10/02/14:19:14.613051;[];0;833;2033;15553;118;384;-1506;-236;-375;1263;122;58;107;0
2018/10/02/14:19:14.633064;[];0;321;2817;15889;28;360;-1414;-236;-375;1263;224;58;107;0
2018/10/02/14:19:14.646061;[];0;353;2129;14593;28;438;-1630;-190;-411;1289;53;59;107;0
2018/10/02/14:19:14.658033;[];0;657;1889;15537;8;430;-1448;-190;-411;1289;121;59;107;0
2018/10/02/14:19:14.678060;[];0;961;1089;16177;-96;198;-1402;-249;-405;1296;223;59;107;0
2018/10/02/14:19:14.691057;[];0;-495;1697;15617;-8;204;-1262;-249;-405;1296;18;60;107;0
2018/10/02/14:19:14.707057;[];0;49;2577;14929;-106;240;-1166;-249;-423;1269;86;60;107;0
2018/10/02/14:19:14.719064;[];0;-511;1665;15889;-196;170;-1216;-249;-423;1269;137;60;107;0
2018/10/02/14:19:14.732059;[];0;-735;2465;14785;-294;268;-1204;-249;-423;1269;205;60;107;0
2018/10/02/14:19:14.744056;[];0;-255;1969;15729;-446;286;-1084;-255;-459;1256;17;61;107;0
2018/10/02/14:19:14.760043;[];0;-15;1809;15617;-562;262;-1186;-255;-459;1256;85;61;107;0
2018/10/02/14:19:14.773060;[];0;-815;705;15649;-498;286;-1172;-255;-459;1256;153;61;107;0
2018/10/02/14:19:14.785077;[];0;-1023;1169;15057;-622;232;-1094;-216;-471;1289;221;61;107;0
2018/10/02/14:19:14.797071;[];0;-1071;225;15889;-458;290;-970;-216;-471;1289;33;62;107;0
2018/10/02/14:19:14.809066;[];0;-1087;145;15521;-352;300;-998;-229;-513;1243;101;62;107;0
2018/10/02/14:19:14.826063;[];0;-1135;-127;15889;-418;226;-998;-229;-513;1243;169;62;107;0
2018/10/02/14:19:14.838061;[];0;-1055;481;15489;-194;240;-1008;-229;-513;1243;237;62;107;0
2018/10/02/14:19:14.850062;[];0;-1215;49;15585;-222;326;-960;-236;-525;1250;49;63;107;0
2018/10/02/14:19:14.863060;[];0;-863;369;15089;-160;114;-982;-236;-525;1250;117;63;107;0
2018/10/02/14:19:14.879061;[];0;-895;-399;15057;-218;114;-1060;-223;-543;1243;185;63;107;0
2018/10/02/14:19:14.891039;[];0;-1183;-1423;14577;-162;-30;-1074;-223;-543;1243;253;63;107;0
2018/10/02/14:19:14.904057;[];0;-1471;-1263;14913;-192;-40;-770;-223;-543;1243;65;64;107;0
2018/10/02/14:19:14.916056;[];0;-1951;-815;15025;-94;-154;-806;-177;-561;1243;132;64;107;0
2018/10/02/14:19:14.932037;[];0;-2271;-783;15185;-8;-312;-798;-177;-561;1243;217;64;107;0
2018/10/02/14:19:14.945059;[];0;-2335;-63;15057;84;-262;-726;-190;-561;1250;29;65;107;0
2018/10/02/14:19:14.957060;[];0;-1823;-79;15393;-60;-508;-806;-190;-561;1250;97;65;107;0
2018/10/02/14:19:14.969049;[];0;-1151;-95;15329;-8;-502;-702;-190;-561;1250;165;65;107;0
2018/10/02/14:19:14.986045;[];0;-703;65;15569;-22;-560;-688;-145;-597;1230;233;65;107;0
2018/10/02/14:19:14.998063;[];0;-959;353;15393;-124;-662;-748;-145;-597;1230;45;66;107;0
2018/10/02/14:19:15.010041;[];0;-831;-47;15601;-112;-556;-912;-74;-585;1230;113;66;107;0
2018/10/02/14:19:15.022043;[];0;-415;-463;15601;-48;-580;-778;-74;-585;1230;181;66;107;0
2018/10/02/14:19:15.039020;[];0;-255;-415;15521;-114;-574;-832;-74;-585;1230;249;66;107;0
2018/10/02/14:19:15.051038;[];0;-351;-511;16049;-78;-570;-636;-80;-585;1243;61;67;107;0
2018/10/02/14:19:15.063036;[];0;-591;-799;15761;-202;-654;-696;-80;-585;1243;129;67;107;0
2018/10/02/14:19:15.076050;[];0;65;177;16001;-134;-572;-732;16;-633;1236;197;67;107;0
2018/10/02/14:19:15.088034;[];0;417;641;15969;-88;-614;-608;16;-633;1236;9;68;107;0
2018/10/02/14:19:15.104036;[];0;113;577;15953;-170;-534;-710;16;-633;1236;77;68;107;0
2018/10/02/14:19:15.117063;[];0;417;273;16369;-44;-492;-680;48;-603;1190;145;68;107;0
2018/10/02/14:19:15.129058;[];0;465;-495;16209;-98;-302;-646;48;-603;1190;213;68;107;0
2018/10/02/14:19:15.141065;[];0;865;-1055;16001;-150;-286;-552;93;-609;1217;42;69;107;0
2018/10/02/14:19:15.158046;[];0;1009;-1535;16593;-232;-240;-548;93;-609;1217;110;69;107;0
2018/10/02/14:19:15.170043;[];0;1313;-975;15649;-294;-92;-580;93;-609;1217;178;69;107;0
2018/10/02/14:19:15.182043;[];0;1329;-1279;16449;-340;2;-636;87;-627;1177;246;69;107;0
2018/10/02/14:19:15.194035;[];0;1025;-879;16369;-392;200;-386;87;-627;1177;58;70;107;0
2018/10/02/14:19:15.211067;[];0;1201;-1311;15857;-222;328;-410;93;-645;1230;126;70;107;0
2018/10/02/14:19:15.223060;[];0;1217;-1487;15665;-298;390;-296;93;-645;1230;194;70;107;0
2018/10/02/14:19:15.235050;[];0;1329;-1359;15249;-332;408;-372;93;-645;1230;6;71;107;0
2018/10/02/14:19:15.248052;[];0;1121;-1487;15249;-206;330;-270;100;-615;1223;74;71;107;0
2018/10/02/14:19:15.264069;[];0;897;-1887;15025;-224;426;-396;100;-615;1223;142;71;107;0
2018/10/02/14:19:15.276059;[];0;801;-2271;15105;-234;300;-218;93;-669;1197;210;71;107;0
2018/10/02/14:19:15.289065;[];0;33;-2079;14769;-160;394;-302;93;-669;1197;22;72;107;0
2018/10/02/14:19:15.301059;[];0;-175;-2095;14865;-200;278;-180;93;-669;1197;90;72;107;0
2018/10/02/14:19:15.317066;[];0;-255;-1967;14785;24;160;-336;113;-651;1197;158;72;107;0
2018/10/02/14:19:15.330044;[];0;-143;-1983;14241;64;224;-156;113;-651;1197;226;72;107;0
2018/10/02/14:19:15.342040;[];0;-63;-1327;15281;-50;132;-198;35;-669;1210;55;73;107;0
2018/10/02/14:19:15.354047;[];0;-31;-1855;15121;196;50;-92;35;-669;1210;123;73;107;0
2018/10/02/14:19:15.371038;[];0;-47;-1647;15569;128;84;42;35;-669;1210;191;73;107;0
2018/10/02/14:19:15.383039;[];0;-207;-975;15761;28;60;10;80;-657;1190;3;74;107;0
2018/10/02/14:19:15.395053;[];0;-335;-1247;15713;54;-46;-56;80;-657;1190;71;74;107;0
2018/10/02/14:19:15.407055;[];0;-255;-863;15921;106;38;-94;87;-675;1256;139;74;107;0
2018/10/02/14:19:15.419985;[];0;-239;-559;15969;10;150;0;87;-675;1256;207;74;107;0
2018/10/02/14:19:15.436070;[];0;193;-111;16161;36;86;-32;87;-675;1256;19;75;107;0
2018/10/02/14:19:15.448051;[];0;353;1;16385;60;96;-70;48;-627;1210;87;75;107;0
2018/10/02/14:19:15.461064;[];0;145;-111;15937;58;88;-176;48;-627;1210;155;75;107;0
2018/10/02/14:19:15.473056;[];0;-367;-271;16033;46;36;-182;55;-657;1243;223;75;107;0
2018/10/02/14:19:15.489063;[];0;-367;-271;15841;46;46;-142;55;-657;1243;35;76;107;0
2018/10/02/14:19:15.502045;[];0;-303;-783;16017;20;96;-214;55;-657;1243;103;76;107;0
2018/10/02/14:19:15.514051;[];0;-463;-1231;16177;22;32;-242;61;-657;1223;171;76;107;0
2018/10/02/14:19:15.526052;[];0;-623;-975;16081;-8;92;-198;61;-657;1223;239;76;107;0
2018/10/02/14:19:15.543044;[];0;-399;-527;16369;-80;70;-164;126;-675;1217;51;77;107;0
2018/10/02/14:19:15.555052;[];0;-191;-143;16209;-144;56;-218;126;-675;1217;136;77;107;0
2018/10/02/14:19:15.567046;[];0;-255;209;15697;-98;42;-200;126;-675;1217;204;77;107;0
2018/10/02/14:19:15.579046;[];0;-127;-431;15825;-170;48;-272;55;-651;1230;16;78;107;0
2018/10/02/14:19:15.596051;[];0;-463;-847;16145;-70;128;-374;55;-651;1230;84;78;107;0
2018/10/02/14:19:15.608052;[];0;-943;-1263;15953;-110;26;-198;80;-693;1177;152;78;107;0
2018/10/02/14:19:15.620071;[];0;-767;-1327;16385;-128;70;-254;80;-693;1177;220;78;107;0
2018/10/02/14:19:15.633053;[];0;-415;-1055;16001;-106;26;-286;80;-693;1177;32;79;107;0
2018/10/02/14:19:15.649041;[];0;-671;-783;16401;-34;44;-304;67;-669;1184;100;79;107;0
2018/10/02/14:19:15.661067;[];0;-511;-879;15665;-66;36;-400;67;-669;1184;168;79;107;0
2018/10/02/14:19:15.674047;[];0;-447;-959;15553;-174;14;-354;67;-645;1197;236;79;107;0
2018/10/02/14:19:15.686054;[];0;-719;-991;15281;-106;130;-262;67;-645;1197;48;80;107;0
2018/10/02/14:19:15.698046;[];0;-767;-1279;15297;-34;-24;-250;67;-645;1197;116;80;107;0
2018/10/02/14:19:15.715055;[];0;-1183;-2367;15329;-42;-114;-284;87;-675;1236;184;80;107;0
2018/10/02/14:19:15.727054;[];0;-1247;-2815;15569;174;-124;-198;87;-675;1236;252;80;107;0
2018/10/02/14:19:15.739044;[];0;-1007;-3295;15745;176;-204;-40;113;-663;1197;64;81;107;0
2018/10/02/14:19:15.751046;[];0;-751;-2895;15569;104;-340;138;113;-663;1197;149;81;107;0
2018/10/02/14:19:15.768056;[];0;-159;-2079;15825;42;-172;174;113;-663;1197;217;81;107;0
2018/10/02/14:19:15.780050;[];0;65;-1743;16049;170;-270;336;113;-675;1210;29;82;107;0
2018/10/02/14:19:15.792044;[];0;449;-1519;16513;144;-198;292;113;-675;1210;97;82;107;0
2018/10/02/14:19:15.805070;[];0;401;-991;17169;50;-206;316;100;-645;1210;165;82;107;0
2018/10/02/14:19:15.821060;[];0;-255;-1199;16657;124;-80;372;100;-645;1210;233;82;107;0
2018/10/02/14:19:15.833060;[];0;-175;-1775;16977;114;48;440;100;-645;1210;45;83;107;0
2018/10/02/14:19:15.846056;[];0;177;-1711;16785;130;92;334;126;-669;1190;113;83;107;0
2018/10/02/14:19:15.858056;[];0;65;-1679;16481;198;90;500;126;-669;1190;181;83;107;0
2018/10/02/14:19:15.874048;[];0;-303;-1535;16625;216;166;510;100;-645;1190;249;83;107;0
2018/10/02/14:19:15.887058;[];0;-495;-1711;16593;218;234;556;100;-645;1190;61;84;107;0
2018/10/02/14:19:15.899052;[];0;-431;-1423;16497;236;298;676;100;-645;1190;129;84;107;0
2018/10/02/14:19:15.911052;[];0;-383;-1407;16481;98;166;864;80;-615;1210;197;84;107;0
2018/10/02/14:19:15.928056;[];0;-463;-1183;16305;118;168;840;80;-615;1210;9;85;107;0
2018/10/02/14:19:15.940051;[];0;-735;-1887;16705;154;208;968;35;-627;1230;77;85;107;0
2018/10/02/14:19:15.952050;[];0;-1359;-1551;16721;58;240;1148;35;-627;1230;162;85;107;0
2018/10/02/14:19:15.964046;[];0;-1519;-1983;17057;132;212;1166;35;-627;1230;230;85;107;0
2018/10/02/14:19:15.981062;[];0;-1663;-2543;16177;94;280;1282;-22;-609;1217;42;86;107;0
2018/10/02/14:19:15.993059;[];0;-1855;-2671;16065;234;240;1456;-22;-609;1217;110;86;107;0
2018/10/02/14:19:16.005072;[];0;-1807;-1999;16113;198;200;1520;-67;-597;1184;178;86;107;0
2018/10/02/14:19:16.018057;[];0;-2191;-959;15617;338;152;1718;-67;-597;1184;246;86;107;0
2018/10/02/14:19:16.030049;[];0;-2191;1441;15569;286;64;1594;-67;-597;1184;58;87;107;0
2018/10/02/14:19:16.046061;[];0;-1791;1857;14593;340;126;1736;-106;-591;1217;126;87;107;0
2018/10/02/14:19:16.058986;[];0;-623;2481;15393;288;-8;1690;-106;-591;1217;194;87;107;0
2018/10/02/14:19:16.071000;[];0;-479;1329;14689;118;-50;1530;-152;-579;1256;6;88;107;0
2018/10/02/14:19:16.083047;[];0;-1151;481;14369;102;-60;1460;-152;-579;1256;74;88;107;0
2018/10/02/14:19:16.100075;[];0;-1407;449;15489;16;-184;1566;-152;-579;1256;142;88;107;0
2018/10/02/14:19:16.112052;[];0;-1519;497;14513;-170;-186;1610;-100;-579;1230;210;88;107;0
2018/10/02/14:19:16.124054;[];0;-383;-175;16417;-44;-234;1524;-100;-579;1230;22;89;107;0
2018/10/02/14:19:16.136059;[];0;-15;-255;15185;-142;-242;1694;-184;-567;1263;90;89;107;0
2018/10/02/14:19:16.153072;[];0;49;-319;15409;-44;-186;1754;-184;-567;1263;175;89;107;0
2018/10/02/14:19:16.165071;[];0;721;-847;16241;-88;-152;1742;-184;-567;1263;243;89;107;0
2018/10/02/14:19:16.177076;[];0;785;-591;15105;28;-76;1678;-216;-573;1263;55;90;107;0
2018/10/02/14:19:16.190053;[];0;1409;49;16289;82;-30;1858;-216;-573;1263;123;90;107;0
2018/10/02/14:19:16.206062;[];0;1185;257;15329;-52;-200;1798;-236;-543;1282;191;90;107;0
2018/10/02/14:19:16.218058;[];0;1281;65;16017;-36;-88;1818;-236;-543;1282;3;91;107;0
2018/10/02/14:19:16.231059;[];0;1473;449;16369;46;-18;1814;-236;-543;1282;71;91;107;0
2018/10/02/14:19:16.243050;[];0;993;721;15889;-2;0;1804;-262;-537;1263;139;91;107;0
2018/10/02/14:19:16.259758;[];0;1297;577;16353;-48;0;1750;-262;-537;1263;207;91;107;0
2018/10/02/14:19:16.272059;[];0;1457;401;16769;-104;74;1742;-326;-507;1256;19;92;107;0
2018/10/02/14:19:16.284060;[];0;1201;289;16545;-34;160;1744;-326;-507;1256;87;92;107;0
2018/10/02/14:19:16.296063;[];0;1265;-479;16865;-46;110;1728;-326;-507;1256;155;92;107;0
2018/10/02/14:19:16.309068;[];0;1009;-831;16481;-52;248;1792;-339;-537;1250;223;92;107;0
2018/10/02/14:19:16.325082;[];0;-207;-47;16257;36;304;1900;-339;-537;1250;35;93;107;0
2018/10/02/14:19:16.337077;[];0;-271;49;15457;108;362;1708;-352;-477;1302;103;93;107;0
2018/10/02/14:19:16.349066;[];0;257;769;15569;62;320;1742;-352;-477;1302;188;93;107;0
2018/10/02/14:19:16.362053;[];0;321;801;15121;146;258;1644;-352;-477;1302;255;94;107;0
2018/10/02/14:19:16.378063;[];0;257;545;15201;108;188;1518;-430;-453;1223;67;94;107;0
2018/10/02/14:19:16.390098;[];0;289;497;15153;76;50;1608;-430;-453;1223;135;94;107;0
2018/10/02/14:19:16.403056;[];0;65;65;14881;2;-38;1574;-430;-435;1263;203;94;107;0
2018/10/02/14:19:16.415055;[];0;-143;-447;15569;-86;-166;1610;-430;-435;1263;15;95;107;0
2018/10/02/14:19:16.431056;[];0;-639;721;15057;116;-82;1666;-430;-435;1263;83;95;107;0
2018/10/02/14:19:16.444057;[];0;-735;641;16209;132;-240;1540;-449;-399;1269;151;95;107;0
2018/10/02/14:19:16.456065;[];0;-207;721;15681;126;-192;1568;-449;-399;1269;219;95;107;0
2018/10/02/14:19:16.468063;[];0;753;465;15873;138;-206;1520;-430;-375;1276;31;96;107;0
2018/10/02/14:19:16.485079;[];0;1393;-47;15777;54;-260;1680;-430;-375;1276;99;96;107;0
2018/10/02/14:19:16.497078;[];0;1105;-703;15665;-60;-244;1582;-430;-375;1276;167;96;107;0
2018/10/02/14:19:16.509072;[];0;657;-447;15777;-172;-328;1694;-521;-375;1302;235;96;107;0
2018/10/02/14:19:16.521034;[];0;833;-223;15633;-246;-234;1654;-521;-375;1302;47;97;107;0
2018/10/02/14:19:16.538082;[];0;1505;-175;16209;-192;-232;1758;-514;-357;1263;115;97;107;0
2018/10/02/14:19:16.550058;[];0;1393;-1071;15617;-212;-230;1806;-514;-357;1263;183;97;107;0
2018/10/02/14:19:16.562056;[];0;1553;-895;16849;-308;-158;1926;-514;-357;1263;12;98;107;0
2018/10/02/14:19:16.575065;[];0;1505;-1423;16785;-208;-164;1980;-527;-333;1269;97;98;107;0
2018/10/02/14:19:16.591040;[];0;1249;-1279;16561;-208;-52;2124;-527;-333;1269;148;98;107;0
2018/10/02/14:19:16.603077;[];0;1553;-1119;16577;-220;102;2190;-514;-303;1289;216;98;107;0
2018/10/02/14:19:16.616066;[];0;1985;-511;15969;-286;70;2400;-514;-303;1289;28;99;107;0
2018/10/02/14:19:16.628065;[];0;2465;-239;16193;-370;14;2274;-514;-303;1289;96;99;107;0
2018/10/02/14:19:16.640053;[];0;2289;-1071;15745;-218;102;2212;-572;-255;1276;164;99;107;0
2018/10/02/14:19:16.657093;[];0;1777;-767;16225;-120;162;2218;-572;-255;1276;232;99;107;0
2018/10/02/14:19:16.669073;[];0;1217;-1279;15825;-186;-74;2340;-598;-237;1302;44;100;107;0
2018/10/02/14:19:16.681072;[];0;1297;-1087;16401;-104;228;2332;-598;-237;1302;112;100;107;0
2018/10/02/14:19:16.694057;[];0;1793;-1647;15457;-72;138;2390;-598;-237;1302;180;100;107;0
2018/10/02/14:19:16.710063;[];0;1553;-1599;15361;14;232;2428;-624;-189;1263;248;100;107;0
2018/10/02/14:19:16.722059;[];0;1553;-1471;15825;-38;208;2238;-624;-189;1263;60;101;107;0
2018/10/02/14:19:16.734056;[];0;1265;-559;15121;28;234;2302;-644;-159;1236;128;101;107;0
2018/10/02/14:19:16.747066;[];0;1521;-31;16001;124;156;2348;-644;-159;1236;196;101;107;0
2018/10/02/14:19:16.763062;[];0;1953;-63;15281;126;106;2184;-644;-159;1236;8;102;107;0
2018/10/02/14:19:16.775069;[];0;2321;1;14481;86;52;2182;-631;-123;1250;93;102;107;0
2018/10/02/14:19:16.788069;[];0;1169;-351;15169;-70;58;2174;-631;-123;1250;161;102;107;0
2018/10/02/14:19:16.800062;[];0;897;-591;14705;-142;50;2104;-637;-39;1243;229;102;107;0
2018/10/02/14:19:16.816067;[];0;961;-1503;15345;-128;-6;1978;-637;-39;1243;41;103;107;0
2018/10/02/14:19:16.829076;[];0;1009;-1487;15345;-98;-106;2208;-637;-39;1243;109;103;107;0
2018/10/02/14:19:16.841099;[];0;321;-2287;15569;-132;0;2190;-644;-3;1243;177;103;107;0
2018/10/02/14:19:16.853071;[];0;833;-1855;15729;-8;-84;2138;-644;-3;1243;245;103;107;0
2018/10/02/14:19:16.870065;[];0;1233;-1487;15473;-106;-258;2216;-605;-3;1276;57;104;107;0
2018/10/02/14:19:16.882064;[];0;1137;-447;15809;78;-88;2176;-605;-3;1276;125;104;107;0
2018/10/02/14:19:16.894057;[];0;1105;-207;15137;-38;-208;2148;-605;-3;1276;193;104;107;0
2018/10/02/14:19:16.906072;[];0;1105;81;15169;32;-198;2156;-663;99;1282;5;105;107;0
2018/10/02/14:19:16.919077;[];0;705;-15;15489;-88;-112;1874;-663;99;1282;73;105;107;0
2018/10/02/14:19:16.935072;[];0;993;65;15537;-118;-62;2006;-656;69;1263;141;105;107;0
2018/10/02/14:19:16.947072;[];0;1057;-1423;16081;-106;-118;1840;-656;69;1263;209;105;107;0
2018/10/02/14:19:16.960063;[];0;1185;-2495;15857;-104;-40;1830;-656;69;1263;21;106;107;0
2018/10/02/14:19:16.972059;[];0;1233;-2399;17121;-34;-42;1872;-592;141;1256;106;106;107;0
2018/10/02/14:19:16.988089;[];0;865;-2255;16577;-102;10;1994;-592;141;1256;174;106;107;0
2018/10/02/14:19:17.001082;[];0;1313;-1647;16257;30;50;1912;-585;135;1282;242;106;107;0
2018/10/02/14:19:17.013082;[];0;1009;-623;15457;28;14;1994;-585;135;1282;54;107;107;0
2018/10/02/14:19:17.029080;[];0;1745;385;16049;-90;26;1986;-546;201;1276;139;107;107;0
2018/10/02/14:19:17.042063;[];0;1441;-31;15585;-84;-92;1884;-546;201;1276;207;107;107;0
2018/10/02/14:19:17.058049;[];0;1089;-543;15729;-174;122;1806;-546;201;1276;19;108;107;0
2018/10/02/14:19:17.070020;[];0;577;-1135;16337;-238;14;1678;-495;213;1276;87;108;107;0
2018/10/02/14:19:17.083067;[];0;401;-1103;16193;-156;118;1588;-495;213;1276;155;108;107;0
2018/10/02/14:19:17.095088;[];0;241;-1903;16577;-216;166;1650;-546;255;1269;223;108;107;0
2018/10/02/14:19:17.107073;[];0;-223;-1343;16673;-288;114;1598;-546;255;1269;35;109;107;0
2018/10/02/14:19:17.124067;[];0;593;-1215;15969;-368;206;1686;-546;255;1269;103;109;107;0
2018/10/02/14:19:17.136075;[];0;849;-975;16241;-468;288;1566;-527;273;1276;171;109;107;0
2018/10/02/14:19:17.148072;[];0;849;-1375;16785;-580;350;1552;-527;273;1276;239;109;107;0
2018/10/02/14:19:17.160063;[];0;817;-2111;17121;-570;360;1548;-527;273;1276;51;110;107;0
2018/10/02/14:19:17.177089;[];0;1073;-1903;16289;-656;286;1456;-508;249;1289;119;110;107;0
2018/10/02/14:19:17.189078;[];0;929;-2591;16193;-716;432;1576;-508;249;1289;187;110;107;0
2018/10/02/14:19:17.201078;[];0;417;-2767;16513;-626;418;1476;-495;279;1256;255;110;107;0
2018/10/02/14:19:17.214066;[];0;-303;-2751;16289;-696;490;1450;-495;279;1256;84;111;107;0
2018/10/02/14:19:17.230070;[];0;-415;-2207;15889;-628;600;1420;-514;285;1217;152;111;107;0
2018/10/02/14:19:17.242064;[];0;-239;-1919;16321;-638;684;1358;-514;285;1217;220;111;107;0
2018/10/02/14:19:17.255014;[];0;225;-1871;15857;-670;538;1330;-514;285;1217;32;112;107;0
2018/10/02/14:19:17.267086;[];0;-271;-3311;15649;-728;732;1292;-540;255;1256;100;112;107;0
2018/10/02/14:19:17.283074;[];0;-207;241;15761;-740;784;1336;-540;255;1256;168;112;107;0
2018/10/02/14:19:17.296044;[];0;-863;-3215;14593;-504;766;1440;-566;267;1197;236;112;107;0
2018/10/02/14:19:17.308018;[];0;-1215;-5215;15697;-488;598;1566;-566;267;1197;48;113;107;0
2018/10/02/14:19:17.320074;[];0;-719;-4127;13873;-288;626;1622;-566;267;1197;116;113;107;0
2018/10/02/14:19:17.337092;[];0;-863;-4127;16241;-166;572;1640;-533;261;1197;184;113;107;0
2018/10/02/14:19:17.349097;[];0;-1935;-4287;14961;-136;534;1742;-533;261;1197;252;113;107;0
2018/10/02/14:19:17.361085;[];0;-1615;-3855;15553;14;500;1750;-533;261;1197;64;114;107;0
2018/10/02/14:19:17.373056;[];0;-2111;-3503;15329;86;588;1680;-553;261;1210;132;114;107;0
2018/10/02/14:19:17.390050;[];0;-2335;-3215;15553;82;536;1662;-553;261;1210;200;114;107;0
2018/10/02/14:19:17.402069;[];0;-2671;-3151;15361;80;466;1476;-579;315;1223;12;115;107;0
2018/10/02/14:19:17.414067;[];0;-3391;-3071;14801;30;342;1390;-579;315;1223;97;115;107;0
2018/10/02/14:19:17.427078;[];0;-3743;-3055;14705;28;372;1176;-572;363;1184;165;115;107;0
2018/10/02/14:19:17.439069;[];0;-3167;-2831;14721;-202;278;1148;-572;363;1184;233;115;107;0
2018/10/02/14:19:17.455077;[];0;-3791;-2623;14225;-204;208;884;-572;363;1184;45;116;107;0
2018/10/02/14:19:17.468081;[];0;-4159;-3055;15089;-90;294;874;-553;375;1190;113;116;107;0
2018/10/02/14:19:17.480072;[];0;-4527;-3263;14225;-172;126;966;-553;375;1190;181;116;107;0
2018/10/02/14:19:17.492065;[];0;-4383;-3455;14193;-120;176;628;-585;393;1203;249;116;107;0
2018/10/02/14:19:17.509104;[];0;-4447;-3263;14465;-110;-10;780;-585;393;1203;61;117;107;0
2018/10/02/14:19:17.521102;[];0;-4127;-2927;13489;-80;-108;790;-585;393;1203;129;117;107;0
2018/10/02/14:19:17.533088;[];0;-3887;-3327;14689;-64;-296;692;-579;393;1210;197;117;107;0
2018/10/02/14:19:17.545013;[];0;-3711;-3375;14641;-32;-238;728;-579;393;1210;9;118;107;0
2018/10/02/14:19:17.562071;[];0;-4095;-3503;14689;72;-390;734;-521;417;1230;77;118;107;0
2018/10/02/14:19:17.574069;[];0;-3375;-3423;15057;66;-602;902;-521;417;1230;145;118;107;0
2018/10/02/14:19:17.586078;[];0;-3551;-3183;14929;134;-554;786;-521;417;1230;213;118;107;0
2018/10/02/14:19:17.599072;[];0;-3487;-2927;14961;202;-680;892;-469;423;1177;25;119;107;0
2018/10/02/14:19:17.615096;[];0;-2719;-2655;14913;192;-780;1014;-469;423;1177;110;119;107;0
2018/10/02/14:19:17.627080;[];0;-2543;-2927;15153;222;-868;916;-417;465;1203;178;119;107;0
2018/10/02/14:19:17.640073;[];0;-2623;-2863;15761;312;-860;796;-417;465;1203;246;119;107;0
2018/10/02/14:19:17.652070;[];0;-2623;-2719;14961;338;-840;846;-417;465;1203;58;120;107;0
2018/10/02/14:19:17.668058;[];0;-2383;-2671;15745;308;-916;1064;-359;441;1217;126;120;107;0
2018/10/02/14:19:17.681095;[];0;-2735;-2687;15665;292;-980;786;-359;441;1217;194;120;107;0
2018/10/02/14:19:17.693098;[];0;-2815;-2943;16321;296;-824;870;-313;459;1203;6;121;107;0
2018/10/02/14:19:17.705012;[];0;-2719;-3103;15921;360;-784;754;-313;459;1203;74;121;107;0
2018/10/02/14:19:17.717092;[];0;-1919;-3007;15713;412;-736;846;-313;459;1203;142;121;107;0
2018/10/02/14:19:17.734072;[];0;-1279;-2719;16161;408;-824;954;-249;555;1190;210;121;107;0
2018/10/02/14:19:17.746083;[];0;-1055;-2191;15185;314;-812;1056;-249;555;1190;22;122;107;0
2018/10/02/14:19:17.758080;[];0;-639;-2079;15873;352;-824;1076;-229;531;1236;90;122;107;0
2018/10/02/14:19:17.771085;[];0;-191;-1567;15745;292;-772;1082;-229;531;1236;158;122;107;0
2018/10/02/14:19:17.787082;[];0;209;-1999;16097;270;-676;1206;-229;531;1236;226;122;107;0
2018/10/02/14:19:17.799076;[];0;577;-1247;17201;314;-680;1176;-165;561;1217;38;123;107;0
2018/10/02/14:19:17.812076;[];0;65;-911;16897;276;-734;1062;-165;561;1217;123;123;107;0
2018/10/02/14:19:17.824075;[];0;145;-1007;15937;424;-552;1300;-100;585;1256;190;123;107;0
2018/10/02/14:19:17.840079;[];0;17;-1951;16577;302;-586;1232;-100;585;1256;2;124;107;0
2018/10/02/14:19:17.853093;[];0;161;-2127;16449;260;-472;1266;-100;585;1256;70;124;107;0
2018/10/02/14:19:17.865084;[];0;-159;-1631;16865;366;-334;1154;-93;579;1177;138;124;107;0
2018/10/02/14:19:17.877097;[];0;657;-1775;16145;206;-342;1280;-93;579;1177;206;124;107;0
2018/10/02/14:19:17.894078;[];0;529;-1775;15633;228;-190;1260;-9;615;1210;18;125;107;0
2018/10/02/14:19:17.906085;[];0;1025;-1727;16065;178;-74;1280;-9;615;1210;86;125;107;0
2018/10/02/14:19:17.918084;[];0;657;-959;15713;218;-128;1396;-9;615;1210;154;125;107;0
2018/10/02/14:19:17.930099;[];0;497;-767;15313;160;-88;1204;74;597;1210;222;125;107;0
2018/10/02/14:19:17.947094;[];0;657;-767;15169;162;-78;1474;74;597;1210;34;126;107;0
2018/10/02/14:19:17.959077;[];0;609;-1055;15185;-44;-88;1374;119;609;1144;102;126;107;0
2018/10/02/14:19:17.971079;[];0;129;-575;15441;116;-24;1294;119;609;1144;170;126;107;0
2018/10/02/14:19:17.984078;[];0;161;-863;15249;54;-154;1438;119;609;1144;238;126;107;0
2018/10/02/14:19:18.000059;[];0;369;-1263;14833;-144;-200;1214;119;567;1184;50;127;107;0
2018/10/02/14:19:18.012078;[];0;993;-1887;15537;-90;-306;1490;119;567;1184;118;127;107;0
2018/10/02/14:19:18.025093;[];0;401;-1903;16497;-140;-280;1534;171;591;1157;203;127;107;0
2018/10/02/14:19:18.037097;[];0;1041;-1567;16289;-160;-194;1610;171;591;1157;15;128;107;0
2018/10/02/14:19:18.049095;[];0;321;-1311;16017;-264;-152;1652;171;591;1157;83;128;107;0
2018/10/02/14:19:18.066086;[];0;1137;-1167;16193;-186;-212;1596;203;573;1151;151;128;107;0
2018/10/02/14:19:18.078086;[];0;2289;-1183;17073;-240;-184;1830;203;573;1151;219;128;107;0
2018/10/02/14:19:18.090079;[];0;321;-1551;15441;-266;-188;1836;262;519;1151;31;129;107;0
2018/10/02/14:19:18.102073;[];0;1281;-1855;17153;-314;-206;1728;262;519;1151;99;129;107;0
2018/10/02/14:19:18.119084;[];0;2177;-1071;13521;-238;-162;1756;262;519;1151;167;129;107;0
2018/10/02/14:19:18.131089;[];0;833;-1807;15809;-70;-62;1842;281;513;1197;235;129;107;0
2018/10/02/14:19:18.143083;[];0;1745;-1375;17633;-6;-94;1706;281;513;1197;47;130;107;0
2018/10/02/14:19:18.156086;[];0;529;-1327;13601;248;-36;1672;300;501;1138;115;130;107;0
2018/10/02/14:19:18.172081;[];0;1409;-1103;16689;310;14;1586;300;501;1138;183;130;107;0
2018/10/02/14:19:18.184078;[];0;2161;-559;17377;418;-124;1778;300;501;1138;251;130;107;0
2018/10/02/14:19:18.197102;[];0;1569;-2191;17073;290;-152;1704;359;489;1157;63;131;107;0
2018/10/02/14:19:18.209090;[];0;2065;-255;17809;382;-36;1806;359;489;1157;131;131;107;0
2018/10/02/14:19:18.225106;[];0;1713;433;16017;342;-144;1594;391;495;1125;216;131;107;0
2018/10/02/14:19:18.238084;[];0;913;417;16177;386;-32;1544;391;495;1125;28;132;107;0
2018/10/02/14:19:18.250086;[];0;1233;465;17265;390;132;1456;391;495;1125;96;132;107;0
2018/10/02/14:19:18.262119;[];0;497;273;15233;352;16;1394;449;495;1125;164;132;107;0
2018/10/02/14:19:18.279071;[];0;321;193;16881;260;14;1160;449;495;1125;232;132;107;0
2018/10/02/14:19:18.291086;[];0;81;-31;15345;-10;110;1212;436;453;1118;44;133;107;0
2018/10/02/14:19:18.303077;[];0;801;-79;14993;136;208;1198;436;453;1118;112;133;107;0
2018/10/02/14:19:18.315036;[];0;1553;-1711;16081;40;202;1270;436;453;1118;180;133;107;0
2018/10/02/14:19:18.328103;[];0;1409;-1567;16737;-6;290;1336;501;477;1092;248;133;107;0
2018/10/02/14:19:18.344078;[];0;1489;-1327;16305;136;270;1240;501;477;1092;60;134;107;0
2018/10/02/14:19:18.356091;[];0;1457;417;16465;100;320;1192;488;429;1098;128;134;107;0
2018/10/02/14:19:18.369099;[];0;385;1873;16369;152;416;1244;488;429;1098;196;134;107;0
2018/10/02/14:19:18.381088;[];0;673;-639;15057;252;386;1338;488;429;1098;8;135;107;0
2018/10/02/14:19:18.397104;[];0;273;-1087;15409;262;518;1246;501;399;1125;76;135;107;0
2018/10/02/14:19:18.410086;[];0;337;-1199;15361;56;250;1158;501;399;1125;144;135;107;0
2018/10/02/14:19:18.422080;[];0;529;-383;15377;150;148;1162;501;399;1125;212;135;107;0
2018/10/02/14:19:18.434082;[];0;-767;-1535;16353;162;122;1080;546;423;1157;41;136;107;0
2018/10/02/14:19:18.451084;[];0;657;465;14513;296;126;1178;546;423;1157;109;136;107;0
2018/10/02/14:19:18.463082;[];0;-271;-303;13665;252;176;1082;533;435;1125;177;136;107;0
2018/10/02/14:19:18.475091;[];0;529;353;17377;224;126;1126;533;435;1125;245;136;107;0
2018/10/02/14:19:18.487090;[];0;433;817;14065;188;-2;1056;514;387;1138;57;137;107;0
2018/10/02/14:19:18.504081;[];0;801;1409;16257;142;150;988;514;387;1138;125;137;107;0
2018/10/02/14:19:18.516092;[];0;1345;977;15937;54;32;994;514;387;1138;193;137;107;0
2018/10/02/14:19:18.528093;[];0;881;1121;15761;-134;66;1000;553;369;1177;5;138;107;0
2018/10/02/14:19:18.541103;[];0;1233;1249;17441;-60;184;888;553;369;1177;73;138;107;0
2018/10/02/14:19:18.557106;[];0;193;353;15217;-18;74;948;592;387;1125;141;138;107;0
2018/10/02/14:19:18.569095;[];0;497;1521;17137;10;234;762;592;387;1125;209;138;107;0
2018/10/02/14:19:18.582088;[];0;1121;833;18241;0;86;570;592;387;1125;21;139;107;0
2018/10/02/14:19:18.594102;[];0;401;945;14497;90;54;582;546;327;1131;89;139;107;0
2018/10/02/14:19:18.610084;[];0;753;193;17521;-4;62;438;546;327;1131;157;139;107;0
2018/10/02/14:19:18.623029;[];0;385;97;14817;-10;36;384;546;327;1131;225;139;107;0
2018/10/02/14:19:18.635093;[];0;321;193;15569;-142;130;316;579;345;1111;54;140;107;0
2018/10/02/14:19:18.647093;[];0;529;609;16689;-102;230;360;579;345;1111;122;140;107;0
2018/10/02/14:19:18.659086;[];0;-255;1041;15121;-30;202;178;559;285;1131;190;140;107;0
2018/10/02/14:19:18.676095;[];0;-31;1281;16209;-86;152;310;559;285;1131;2;141;107;0
2018/10/02/14:19:18.688092;[];0;-767;1553;15505;-94;160;266;585;333;1131;70;141;107;0
2018/10/02/14:19:18.700087;[];0;-975;1473;14385;-88;48;112;585;333;1131;138;141;107;0
2018/10/02/14:19:18.713097;[];0;-815;817;15281;16;4;2;585;333;1131;206;141;107;0
2018/10/02/14:19:18.729106;[];0;-623;353;14465;-10;-162;-206;572;333;1157;18;142;107;0
2018/10/02/14:19:18.741106;[];0;-175;-207;15377;-132;-256;-178;572;333;1157;86;142;107;0
2018/10/02/14:19:18.754106;[];0;-31;-447;16177;-88;-242;-284;592;303;1118;154;142;107;0
2018/10/02/14:19:18.766097;[];0;-127;-431;16065;-88;-340;-158;592;303;1118;222;142;107;0
2018/10/02/14:19:18.782028;[];0;481;-671;16641;-178;-342;-198;592;303;1118;34;143;107;0
2018/10/02/14:19:18.795094;[];0;865;-799;16145;-230;-368;-114;585;303;1138;102;143;107;0
2018/10/02/14:19:18.807113;[];0;1233;-591;16321;-220;-134;-104;585;303;1138;170;143;107;0
2018/10/02/14:19:18.819089;[];0;1265;-575;16721;-214;-108;-112;585;303;1138;238;143;107;0
2018/10/02/14:19:18.836097;[];0;1297;-111;16417;-168;-136;-6;618;315;1157;50;144;107;0
2018/10/02/14:19:18.848051;[];0;881;-463;16721;-142;-68;-138;618;315;1157;135;144;107;0
2018/10/02/14:19:18.860090;[];0;625;-479;16481;-56;-66;-76;572;303;1125;203;144;107;0
2018/10/02/14:19:18.872087;[];0;353;-623;16321;-90;4;-344;572;303;1125;15;145;107;0
2018/10/02/14:19:18.889071;[];0;241;-543;16353;-126;-12;-292;605;291;1105;83;145;107;0
2018/10/02/14:19:18.901111;[];0;145;-575;16081;-54;-82;-420;605;291;1105;151;145;107;0
2018/10/02/14:19:18.913115;[];0;353;-911;15985;0;-180;-412;605;291;1105;219;145;107;0
2018/10/02/14:19:18.926074;[];0;449;-719;16017;-10;-126;-444;624;303;1138;31;146;107;0
2018/10/02/14:19:18.938111;[];0;625;-383;16001;-4;-200;-514;624;303;1138;99;146;107;0
2018/10/02/14:19:18.954092;[];0;625;-143;16369;114;-144;-586;605;279;1138;167;146;107;0
2018/10/02/14:19:18.967113;[];0;817;225;16433;-94;-282;-540;605;279;1138;235;146;107;0
2018/10/02/14:19:18.979090;[];0;1105;513;16401;-44;-324;-688;605;279;1138;47;147;107;0
2018/10/02/14:19:18.991087;[];0;1009;1009;16353;82;-212;-822;585;327;1098;115;147;107;0
2018/10/02/14:19:19.008115;[];0;1137;897;16417;208;-136;-1178;585;327;1098;183;147;107;0
2018/10/02/14:19:19.020093;[];0;865;1025;16065;202;-206;-1310;585;327;1098;251;147;107;0
2018/10/02/14:19:19.032090;[];0;1185;273;15937;152;-342;-1458;618;321;1111;63;148;107;0
2018/10/02/14:19:19.044092;[];0;1521;-223;16257;236;-400;-1544;618;321;1111;148;148;107;0
2018/10/02/14:19:19.061101;[];0;1633;-383;16401;96;-450;-1564;611;357;1118;216;148;107;0
2018/10/02/14:19:19.073109;[];0;1761;-559;17137;-4;-468;-1654;611;357;1118;28;149;107;0
2018/10/02/14:19:19.085116;[];0;1809;-447;17313;46;-378;-1660;592;411;1072;96;149;107;0
2018/10/02/14:19:19.098098;[];0;1393;193;16961;100;-298;-1800;592;411;1072;164;149;107;0
2018/10/02/14:19:19.114089;[];0;1665;401;16833;122;-294;-1786;592;411;1072;232;149;107;0
2018/10/02/14:19:19.126133;[];0;2417;785;16241;188;-248;-1752;540;435;1078;44;150;107;0
2018/10/02/14:19:19.139096;[];0;2721;961;16257;164;-274;-1856;540;435;1078;112;150;107;0
2018/10/02/14:19:19.151093;[];0;2065;1345;17137;160;-222;-2036;527;477;1065;180;150;107;0
2018/10/02/14:19:19.167101;[];0;1985;257;15841;108;-188;-1982;527;477;1065;248;150;107;0
2018/10/02/14:19:19.180098;[];0;1537;433;16289;174;8;-2028;527;477;1065;60;151;107;0
2018/10/02/14:19:19.192089;[];0;1377;-287;16113;-10;-182;-1860;540;489;1098;128;151;107;0
2018/10/02/14:19:19.204091;[];0;1441;-191;15105;70;30;-1978;540;489;1098;196;151;107;0
2018/10/02/14:19:19.221099;[];0;1377;737;15713;-36;-62;-1934;540;489;1098;8;152;107;0
2018/10/02/14:19:19.233097;[];0;1489;1521;15185;28;18;-1832;443;555;1032;76;152;107;0
2018/10/02/14:19:19.245124;[];0;1073;2225;15041;-44;-46;-1856;443;555;1032;161;152;107;0
2018/10/02/14:19:19.257114;[];0;897;2145;15057;-114;-12;-1920;398;591;1092;229;152;107;0
2018/10/02/14:19:19.270098;[];0;1137;2513;14769;-136;-24;-2006;398;591;1092;41;153;107;0
2018/10/02/14:19:19.286112;[];0;1409;1953;15089;-48;-98;-2124;391;633;1105;108;153;107;0
2018/10/02/14:19:19.298102;[];0;1617;1889;14593;-136;-90;-2228;391;633;1105;176;153;107;0
2018/10/02/14:19:19.311098;[];0;2017;1505;14753;-136;-162;-2312;391;633;1105;244;153;107;0
2018/10/02/14:19:19.323090;[];0;1553;1009;14801;-160;-174;-2284;294;651;1072;56;154;107;0
2018/10/02/14:19:19.339099;[];0;1665;1057;15217;-126;-258;-2374;294;651;1072;124;154;107;0
2018/10/02/14:19:19.352105;[];0;1633;641;15217;-204;-186;-2374;236;639;1144;192;154;107;0
2018/10/02/14:19:19.364137;[];0;2369;817;15617;-180;-138;-2528;236;639;1144;4;155;107;0
2018/10/02/14:19:19.376114;[];0;2513;753;15649;-208;-164;-2444;236;639;1144;72;155;107;0
2018/10/02/14:19:19.393124;[];0;2801;561;16001;-218;0;-2518;216;651;1111;140;155;107;0
2018/10/02/14:19:19.405129;[];0;2609;1361;15473;-204;-12;-2528;216;651;1111;208;155;107;0
2018/10/02/14:19:19.417117;[];0;2209;1169;16177;-72;218;-2576;119;687;1111;20;156;107;0
2018/10/02/14:19:19.429116;[];0;2065;577;16689;-212;154;-2570;119;687;1111;88;156;107;0
2018/10/02/14:19:19.446107;[];0;1713;49;15681;-352;198;-2596;119;687;1111;173;156;107;0
2018/10/02/14:19:19.458104;[];0;1457;-1119;15777;-234;242;-2552;61;675;1085;241;156;107;0
2018/10/02/14:19:19.470099;[];0;1553;-511;16001;-244;218;-2416;61;675;1085;53;157;107;0
2018/10/02/14:19:19.483095;[];0;1089;-335;15153;-286;312;-2248;-35;663;1125;121;157;107;0
2018/10/02/14:19:19.499090;[];0;897;-303;15985;-86;234;-2320;-35;663;1125;189;157;107;0
2018/10/02/14:19:19.511091;[];0;929;-527;15121;-134;394;-2438;-35;663;1125;1;158;107;0
2018/10/02/14:19:19.524092;[];0;1041;-559;14977;-162;226;-2262;-106;669;1131;69;158;107;0
2018/10/02/14:19:19.540100;[];0;1377;-1263;15361;-172;150;-2252;-106;669;1131;154;158;107;0
2018/10/02/14:19:19.552098;[];0;689;-927;15921;-8;252;-2290;-139;639;1157;222;158;107;0
2018/10/02/14:19:19.565134;[];0;401;-1055;15553;-28;234;-2144;-139;639;1157;34;159;107;0
2018/10/02/14:19:19.581107;[];0;193;-1247;15921;-70;248;-2308;-139;639;1157;102;159;107;0
2018/10/02/14:19:19.593109;[];0;625;-1087;15825;98;178;-2276;-275;627;1177;170;159;107;0
2018/10/02/14:19:19.606079;[];0;-111;-1151;15089;62;26;-2326;-275;627;1177;238;159;107;0
2018/10/02/14:19:19.618104;[];0;-143;-1647;16593;24;-102;-2142;-294;633;1157;50;160;107;0
2018/10/02/14:19:19.634121;[];0;481;-2063;15393;-52;-160;-2116;-294;633;1157;118;160;107;0
2018/10/02/14:19:19.647106;[];0;-255;-1327;14753;-74;-34;-1962;-294;633;1157;186;160;107;0
2018/10/02/14:19:19.659106;[];0;193;-1983;15153;-114;-278;-1978;-404;585;1203;254;160;107;0
2018/10/02/14:19:19.671124;[];0;-191;-1903;14785;-56;-292;-1800;-404;585;1203;66;161;107;0
2018/10/02/14:19:19.687087;[];0;-767;-1343;16193;-138;-414;-1720;-417;549;1217;151;161;107;0
2018/10/02/14:19:19.700120;[];0;417;-2335;16657;-32;-424;-1792;-417;549;1217;219;161;107;0
2018/10/02/14:19:19.712097;[];0;449;945;15553;-158;-456;-1732;-417;549;1217;31;162;107;0
2018/10/02/14:19:19.724094;[];0;993;-127;16865;-86;-410;-1744;-456;531;1144;99;162;107;0
2018/10/02/14:19:19.737133;[];0;1105;433;16289;-144;-442;-1622;-456;531;1144;167;162;107;0
2018/10/02/14:19:19.753103;[];0;289;129;15985;-272;-152;-1694;-430;459;1210;235;162;107;0
2018/10/02/14:19:19.765120;[];0;561;-335;16993;-98;-136;-1714;-430;459;1210;47;163;107;0
2018/10/02/14:19:19.778105;[];0;737;-351;15121;-142;-98;-1712;-430;459;1210;115;163;107;0
2018/10/02/14:19:19.790098;[];0;913;-303;16209;-134;-50;-1616;-443;489;1177;183;163;107;0
2018/10/02/14:19:19.806118;[];0;1105;-1071;15617;-122;-116;-1576;-443;489;1177;251;163;107;0
2018/10/02/14:19:19.819125;[];0;801;-1423;15041;-98;-90;-1436;-449;429;1230;63;164;107;0
2018/10/02/14:19:19.831102;[];0;817;-1439;16161;-64;-188;-1220;-449;429;1230;131;164;107;0
2018/10/02/14:19:19.843099;[];0;673;-1151;15585;-54;-166;-1338;-449;429;1230;199;164;107;0
2018/10/02/14:19:19.860105;[];0;385;-687;16033;-64;0;-1286;-482;357;1197;11;165;107;0
2018/10/02/14:19:19.872122;[];0;737;-687;16241;-170;-24;-1086;-482;357;1197;79;165;107;0
2018/10/02/14:19:19.884099;[];0;593;-639;16033;10;-22;-1212;-521;393;1230;147;165;107;0
2018/10/02/14:19:19.896108;[];0;737;-399;16353;-72;164;-1108;-521;393;1230;232;165;107;0
2018/10/02/14:19:19.913107;[];0;769;-191;15409;-28;58;-1212;-521;393;1230;44;166;107;0
2018/10/02/14:19:19.925115;[];0;321;-143;15569;-124;112;-1286;-579;405;1184;112;166;107;0
2018/10/02/14:19:19.937120;[];0;385;-287;15841;-162;56;-1254;-579;405;1184;180;166;107;0
2018/10/02/14:19:19.950112;[];0;561;-255;15313;-6;104;-1406;-605;351;1197;248;166;107;0
2018/10/02/14:19:19.966110;[];0;609;-79;16049;-110;-14;-1192;-605;351;1197;60;167;107;0
2018/10/02/14:19:19.978112;[];0;833;-351;15297;10;96;-1318;-605;351;1197;128;167;107;0
2018/10/02/14:19:19.991105;[];0;1089;-15;15745;18;152;-1350;-611;327;1184;196;167;107;0
2018/10/02/14:19:20.003099;[];0;1281;-111;15953;-28;-44;-1414;-611;327;1184;8;168;107;0
2018/10/02/14:19:20.019087;[];0;497;241;14801;16;-12;-1562;-650;279;1217;76;168;107;0
2018/10/02/14:19:20.032135;[];0;369;177;15857;100;-64;-1648;-650;279;1217;144;168;107;0
2018/10/02/14:19:20.044102;[];0;481;433;16097;88;-224;-1760;-650;279;1217;212;168;107;0
2018/10/02/14:19:20.056111;[];0;385;97;15553;-44;-268;-1864;-624;279;1217;24;169;107;0
2018/10/02/14:19:20.068099;[];0;593;-303;15841;106;-258;-1916;-624;279;1217;92;169;107;0
2018/10/02/14:19:20.085131;[];0;465;-271;15713;-56;-384;-1942;-611;249;1223;160;169;107;0
2018/10/02/14:19:20.097120;[];0;177;465;15905;-72;-476;-1968;-611;249;1223;245;169;107;0
2018/10/02/14:19:20.109111;[];0;225;-607;15457;-62;-476;-1992;-611;249;1223;57;170;107;0
2018/10/02/14:19:20.122086;[];0;-239;-2351;15201;-90;-580;-1908;-650;195;1263;125;170;107;0
2018/10/02/14:19:20.138110;[];0;337;-847;15185;-128;-656;-1878;-650;195;1263;193;170;107;0
2018/10/02/14:19:20.150107;[];0;289;-1215;15553;-184;-630;-1920;-637;141;1230;5;171;107;0
2018/10/02/14:19:20.163126;[];0;1169;-1663;15265;-268;-682;-1822;-637;141;1230;73;171;107;0
2018/10/02/14:19:20.175111;[];0;1425;-1535;15329;-348;-720;-1662;-637;141;1230;141;171;107;0
2018/10/02/14:19:20.191112;[];0;1617;-943;16193;-330;-712;-1666;-559;93;1243;209;171;107;0
2018/10/02/14:19:20.204104;[];0;1649;-543;16081;-292;-762;-1534;-559;93;1243;21;172;107;0
2018/10/02/14:19:20.216131;[];0;1089;-479;15889;-218;-572;-1442;-546;39;1263;89;172;107;0
2018/10/02/14:19:20.228112;[];0;961;2273;17041;-252;-422;-1538;-546;39;1263;157;172;107;0
2018/10/02/14:19:20.245121;[];0;1505;-1647;16993;-214;-312;-1398;-546;39;1263;225;172;107;0
2018/10/02/14:19:20.257120;[];0;1713;-2223;18289;-196;-224;-1566;-546;-9;1243;37;173;107;0
2018/10/02/14:19:20.269113;[];0;1937;-31;17089;-110;-20;-1444;-546;-9;1243;105;173;107;0
2018/10/02/14:19:20.281071;[];0;1713;145;16609;-136;-60;-1558;-508;-33;1276;173;173;107;0
2018/10/02/14:19:20.298097;[];0;1873;417;17281;-190;14;-1634;-508;-33;1276;241;173;107;0
2018/10/02/14:19:20.310110;[];0;1761;753;16625;-176;250;-1842;-508;-33;1276;70;174;107;0
2018/10/02/14:19:20.322106;[];0;1857;1089;16609;-258;356;-1884;-533;-63;1315;138;174;107;0
2018/10/02/14:19:20.335110;[];0;2017;465;16577;-300;344;-2040;-533;-63;1315;206;174;107;0
2018/10/02/14:19:20.347126;[];0;2049;-399;15153;-420;574;-2026;-546;-105;1263;18;175;107;0
2018/10/02/14:19:20.363107;[];0;2081;-303;17985;-502;460;-2158;-546;-105;1263;86;175;107;0
2018/10/02/14:19:20.376128;[];0;1409;-1263;15841;-598;532;-2072;-546;-105;1263;154;175;107;0
2018/10/02/14:19:20.388113;[];0;673;-1199;16769;-860;524;-1982;-559;-159;1289;222;175;107;0
2018/10/02/14:19:20.400110;[];0;865;-1439;16529;-796;708;-2150;-559;-159;1289;34;176;107;0
2018/10/02/14:19:20.417121;[];0;257;-1311;15857;-644;754;-2004;-553;-249;1269;102;176;107;0
2018/10/02/14:19:20.429127;[];0;705;-1535;16961;-686;868;-1988;-553;-249;1269;170;176;107;0
2018/10/02/14:19:20.441108;[];0;1009;-1391;16657;-562;902;-2004;-553;-249;1269;238;176;107;0
2018/10/02/14:19:20.453109;[];0;1489;-1087;17121;-588;780;-1990;-644;-315;1256;50;177;107;0
2018/10/02/14:19:20.470112;[];0;1601;-1791;15825;-422;940;-2174;-644;-315;1256;118;177;107;0
2018/10/02/14:19:20.482107;[];0;1793;-1887;15825;-184;972;-2168;-637;-351;1217;186;177;107;0
2018/10/02/14:19:20.494104;[];0;1489;-2543;14593;-160;936;-2300;-637;-351;1217;254;177;107;0
2018/10/02/14:19:20.507116;[];0;1761;-2863;14609;6;766;-2312;-637;-351;1217;83;178;107;0
2018/10/02/14:19:20.523104;[];0;2113;-3567;14865;30;694;-2322;-656;-423;1203;151;178;107;0
2018/10/02/14:19:20.535120;[];0;1633;-3791;14209;10;600;-2256;-656;-423;1203;219;178;107;0
2018/10/02/14:19:20.548120;[];0;1377;-3615;14817;2;374;-2122;-598;-453;1171;31;179;107;0
2018/10/02/14:19:20.560110;[];0;753;-3215;14401;112;312;-2030;-598;-453;1171;99;179;107;0
2018/10/02/14:19:20.576120;[];0;481;-2351;15185;130;314;-1926;-598;-453;1171;167;179;107;0
2018/10/02/14:19:20.589123;[];0;1217;-1823;15441;184;182;-1830;-585;-489;1157;235;179;107;0
2018/10/02/14:19:20.601120;[];0;1121;-2223;14705;268;136;-1836;-585;-489;1157;47;180;107;0
2018/10/02/14:19:20.613129;[];0;705;-2463;15409;328;200;-1780;-579;-501;1184;115;180;107;0
2018/10/02/14:19:20.630098;[];0;-255;-2159;14353;288;28;-1632;-579;-501;1184;183;180;107;0
2018/10/02/14:19:20.642113;[];0;-271;-2495;15521;392;46;-1646;-579;-501;1184;251;180;107;0
2018/10/02/14:19:20.654114;[];0;449;-1519;16321;348;-36;-1790;-533;-531;1190;63;181;107;0
2018/10/02/14:19:20.666121;[];0;177;-2111;14385;248;-174;-1660;-533;-531;1190;131;181;107;0
2018/10/02/14:19:20.679108;[];0;-207;-1919;16449;380;-214;-1522;-488;-567;1190;199;181;107;0
2018/10/02/14:19:20.695119;[];0;1041;-2175;14977;292;-250;-1368;-488;-567;1190;11;182;107;0
2018/10/02/14:19:20.707121;[];0;577;-2383;14145;338;-336;-1388;-488;-567;1190;96;182;107;0
2018/10/02/14:19:20.720115;[];0;609;-2479;16065;314;-248;-1322;-456;-567;1184;164;182;107;0
2018/10/02/14:19:20.732106;[];0;-1199;-351;15217;346;-574;-1186;-456;-567;1184;231;182;107;0
2018/10/02/14:19:20.748122;[];0;-207;-2031;16465;206;-518;-1108;-430;-567;1236;43;183;107;0
2018/10/02/14:19:20.761121;[];0;897;-1695;16609;206;-538;-936;-430;-567;1236;111;183;107;0
2018/10/02/14:19:20.773119;[];0;785;-2079;15233;288;-526;-1002;-430;-567;1236;179;183;107;0
2018/10/02/14:19:20.785120;[];0;1905;-943;17873;404;-572;-924;-372;-579;1289;247;183;107;0
2018/10/02/14:19:20.802119;[];0;1601;-1631;15905;326;-486;-914;-372;-579;1289;59;184;107;0
2018/10/02/14:19:20.814111;[];0;1569;-671;17169;412;-328;-1040;-339;-591;1223;127;184;107;0
2018/10/02/14:19:20.826120;[];0;1441;-1807;17825;380;-398;-812;-339;-591;1223;195;184;107;0
2018/10/02/14:19:20.838124;[];0;1281;-1791;16193;572;-242;-796;-339;-591;1223;7;185;107;0
2018/10/02/14:19:20.855120;[];0;1393;-1423;17649;364;-126;-794;-300;-555;1250;75;185;107;0
2018/10/02/14:19:20.867122;[];0;417;-1103;15569;456;-136;-716;-300;-555;1250;143;185;107;0
2018/10/02/14:19:20.879116;[];0;241;-1151;16161;360;40;-720;-249;-519;1269;211;185;107;0
2018/10/02/14:19:20.892113;[];0;753;-751;16481;374;-130;-568;-249;-519;1269;23;186;107;0
2018/10/02/14:19:20.908063;[];0;-239;-799;15297;412;114;-618;-249;-519;1269;108;186;107;0
2018/10/02/14:19:20.920135;[];0;193;-767;16673;294;166;-568;-242;-537;1250;176;186;107;0
2018/10/02/14:19:20.933125;[];0;657;-191;16417;312;50;-422;-242;-537;1250;244;186;107;0
2018/10/02/14:19:20.945125;[];0;449;-143;15585;182;132;-334;-288;-531;1302;56;187;107;0
2018/10/02/14:19:20.957121;[];0;673;-143;16625;264;160;-394;-288;-531;1302;124;187;107;0
2018/10/02/14:19:20.974117;[];0;481;209;15633;250;154;-268;-288;-531;1302;192;187;107;0
2018/10/02/14:19:20.986125;[];0;753;-239;16321;104;206;-34;-300;-507;1289;4;188;107;0
2018/10/02/14:19:20.998126;[];0;737;97;16113;154;142;-212;-300;-507;1289;72;188;107;0
2018/10/02/14:19:21.010117;[];0;689;1009;15969;168;300;-74;-288;-501;1276;140;188;107;0
2018/10/02/14:19:21.027057;[];0;993;609;16161;108;178;22;-288;-501;1276;208;188;107;0
2018/10/02/14:19:21.039138;[];0;609;529;15361;44;100;2;-288;-501;1276;20;189;107;0
2018/10/02/14:19:21.051135;[];0;449;353;15873;10;160;24;-268;-525;1276;88;189;107;0
2018/10/02/14:19:21.064117;[];0;209;385;15969;-2;224;116;-268;-525;1276;156;189;107;0
2018/10/02/14:19:21.080120;[];0;161;305;15745;4;338;90;-288;-519;1269;224;189;107;0
2018/10/02/14:19:21.092116;[];0;209;481;16033;-94;236;-8;-288;-519;1269;36;190;107;0
2018/10/02/14:19:21.105125;[];0;-63;529;15921;-44;250;-184;-288;-519;1269;104;190;107;0
2018/10/02/14:19:21.117125;[];0;-351;353;15745;-126;146;-112;-300;-495;1250;189;190;107;0
2018/10/02/14:19:21.133067;[];0;-431;145;15681;-2;86;-40;-300;-495;1250;1;191;107;0
2018/10/02/14:19:21.146126;[];0;-239;209;13809;-88;46;-164;-300;-519;1269;69;191;107;0
2018/10/02/14:19:21.158127;[];0;161;305;15889;-154;50;30;-300;-519;1269;137;191;107;0
2018/10/02/14:19:21.170116;[];0;145;65;15985;-142;72;58;-300;-519;1269;205;191;107;0
2018/10/02/14:19:21.187127;[];0;-319;-255;15857;-6;76;-154;-281;-507;1282;17;192;107;0
2018/10/02/14:19:21.199119;[];0;33;-79;16353;80;-2;-136;-281;-507;1282;85;192;107;0
2018/10/02/14:19:21.211122;[];0;-287;257;15809;-52;36;-50;-313;-507;1276;153;192;107;0
2018/10/02/14:19:21.223119;[];0;-95;241;16017;66;72;68;-313;-507;1276;221;192;107;0
2018/10/02/14:19:21.240102;[];0;225;-303;15857;80;-32;-74;-313;-507;1276;33;193;107;0
2018/10/02/14:19:21.252117;[];0;305;81;15681;-24;26;0;-326;-543;1243;101;193;107;0
2018/10/02/14:19:21.264286;[];0;49;321;16113;90;-32;-40;-326;-543;1243;169;193;107;0
2018/10/02/14:19:21.277128;[];0;-175;177;15921;-78;6;-50;-346;-531;1250;237;193;107;0
2018/10/02/14:19:21.289120;[];0;-63;-175;15393;62;-56;56;-346;-531;1250;49;194;107;0
2018/10/02/14:19:21.305127;[];0;81;241;16401;44;60;-8;-346;-531;1250;117;194;107;0
2018/10/02/14:19:21.318147;[];0;97;17;16353;-12;-12;-64;-313;-519;1256;202;194;107;0
2018/10/02/14:19:21.330127;[];0;145;-95;16337;-2;70;46;-313;-519;1256;14;195;107;0
2018/10/02/14:19:21.342139;[];0;305;161;16129;30;52;50;-268;-531;1302;82;195;107;0
2018/10/02/14:19:21.359127;[];0;241;385;16193;-34;-16;-120;-268;-531;1302;150;195;107;0
2018/10/02/14:19:21.371139;[];0;177;337;16209;164;166;72;-268;-531;1302;218;195;107;0
2018/10/02/14:19:21.383121;[];0;-127;65;15953;-42;166;-30;-281;-555;1250;30;196;107;0
2018/10/02/14:19:21.395166;[];0;-239;-111;15905;-22;126;-162;-281;-555;1250;98;196;107;0
2018/10/02/14:19:21.412120;[];0;-255;-495;15889;-140;54;130;-294;-531;1256;166;196;107;0
2018/10/02/14:19:21.424118;[];0;-111;-479;16737;-2;112;132;-294;-531;1256;234;196;107;0
2018/10/02/14:19:21.436128;[];0;-47;-879;16081;-60;-40;302;-294;-531;1256;46;197;107;0
2018/10/02/14:19:21.449123;[];0;81;-991;15937;-156;26;152;-333;-531;1256;114;197;107;0
2018/10/02/14:19:21.465132;[];0;-47;-15;15617;72;2;152;-333;-531;1256;182;197;107;0
2018/10/02/14:19:21.477128;[];0;-239;-479;15873;-66;26;148;-326;-519;1250;250;197;107;0
2018/10/02/14:19:21.490147;[];0;-175;-1151;15921;64;176;222;-326;-519;1250;62;198;107;0
2018/10/02/14:19:21.502121;[];0;-15;-1103;16033;90;180;434;-326;-519;1250;130;198;107;0
2018/10/02/14:19:21.518110;[];0;-127;-847;16209;24;10;390;-365;-531;1269;198;198;107;0
2018/10/02/14:19:21.531129;[];0;-127;-1215;15825;76;74;408;-365;-531;1269;27;199;107;0
2018/10/02/14:19:21.543124;[];0;1;-1039;15601;118;108;494;-313;-501;1282;95;199;107;0
2018/10/02/14:19:21.555130;[];0;-127;-1407;16001;126;30;780;-313;-501;1282;163;199;107;0
2018/10/02/14:19:21.567126;[];0;-159;-1311;15553;-10;52;798;-313;-501;1282;231;199;107;0
2018/10/02/14:19:21.584142;[];0;-79;-1231;15809;76;96;842;-378;-501;1282;43;200;107;0
2018/10/02/14:19:21.596133;[];0;337;-1039;15633;-42;-36;920;-378;-501;1282;111;200;107;0
2018/10/02/14:19:21.608130;[];0;513;-575;15665;-80;92;922;-411;-519;1230;179;200;107;0
2018/10/02/14:19:21.621128;[];0;705;-703;16065;-56;114;1132;-411;-519;1230;247;200;107;0
2018/10/02/14:19:21.637130;[];0;625;-511;15921;-138;-4;1174;-411;-519;1230;59;201;107;0
2018/10/02/14:19:21.649126;[];0;753;-1247;15889;-330;-42;1326;-385;-483;1217;127;201;107;0
2018/10/02/14:19:21.662123;[];0;865;-2207;16081;-458;-138;1608;-385;-483;1217;195;201;107;0
2018/10/02/14:19:21.674126;[];0;577;-2239;15713;-652;-128;1574;-456;-471;1217;7;202;107;0
2018/10/02/14:19:21.690128;[];0;609;-687;16305;-638;-84;1760;-456;-471;1217;75;202;107;0
2018/10/02/14:19:21.703126;[];0;737;145;16865;-626;138;1800;-456;-471;1217;143;202;107;0
2018/10/02/14:19:21.715133;[];0;833;241;16993;-734;90;1912;-443;-501;1223;211;202;107;0
2018/10/02/14:19:21.727131;[];0;465;-463;17057;-644;258;1842;-443;-501;1223;40;203;107;0
2018/10/02/14:19:21.744209;[];0;161;-1455;16401;-642;148;1764;-508;-483;1217;108;203;107;0
2018/10/02/14:19:21.756134;[];0;145;-1935;16529;-492;304;1860;-508;-483;1217;176;203;107;0
2018/10/02/14:19:21.768135;[];0;-319;-2543;16065;-454;262;1756;-508;-483;1217;244;203;107;0
2018/10/02/14:19:21.780127;[];0;-255;-2271;15857;-404;190;1978;-527;-453;1197;56;204;107;0
2018/10/02/14:19:21.797131;[];0;241;-1951;15569;-208;276;1996;-527;-453;1197;124;204;107;0
2018/10/02/14:19:21.809151;[];0;801;-1135;15233;-276;120;2204;-566;-465;1210;192;204;107;0
2018/10/02/14:19:21.821127;[];0;689;-1855;15409;-330;-48;2110;-566;-465;1210;4;205;107;0
2018/10/02/14:19:21.834151;[];0;49;-2175;14929;-232;62;2018;-566;-465;1210;72;205;107;0
2018/10/02/14:19:21.850108;[];0;209;-2735;15361;-98;-28;2204;-592;-429;1236;140;205;107;0
2018/10/02/14:19:21.862108;[];0;145;-2719;15377;-192;-236;2334;-592;-429;1236;208;205;107;0
2018/10/02/14:19:21.875134;[];0;241;-2927;15089;-76;-110;2350;-637;-453;1230;20;206;107;0
2018/10/02/14:19:21.887152;[];0;321;-2447;15281;18;-240;2376;-637;-453;1230;88;206;107;0
2018/10/02/14:19:21.899126;[];0;1201;-3199;14897;84;-238;2246;-637;-453;1230;156;206;107;0
2018/10/02/14:19:21.916134;[];0;1585;-2943;15713;-20;-216;2386;-689;-357;1223;224;206;107;0
2018/10/02/14:19:21.928088;[];0;1329;-2287;15553;-22;-416;2436;-689;-357;1223;53;207;107;0
2018/10/02/14:19:21.940130;[];0;705;-2127;15297;52;-424;2686;-689;-303;1230;121;207;107;0
2018/10/02/14:19:21.952057;[];0;481;-2159;15713;36;-512;2664;-689;-303;1230;172;207;107;0
2018/10/02/14:19:21.969128;[];0;-111;-1471;15681;0;-382;2732;-689;-303;1230;1;208;107;0
2018/10/02/14:19:21.981139;[];0;145;-1423;15793;16;-304;2770;-754;-237;1256;69;208;107;0
2018/10/02/14:19:21.993122;[];0;673;-1215;15985;108;-228;2886;-754;-237;1256;137;208;107;0
2018/10/02/14:19:22.006136;[];0;1009;-767;15537;-44;-262;2814;-676;-165;1223;205;208;107;0
2018/10/02/14:19:22.022128;[];0;1921;-1311;16065;10;-208;2702;-676;-165;1223;17;209;107;0
2018/10/02/14:19:22.034174;[];0;2049;-1791;15761;-106;-240;2700;-676;-165;1223;85;209;107;0
2018/10/02/14:19:22.051140;[];0;1953;-2063;15297;-194;-168;2570;-676;-105;1230;170;209;107;0
2018/10/02/14:19:22.063127;[];0;1217;-1455;15681;-180;-208;2696;-676;-105;1230;238;209;107;0
2018/10/02/14:19:22.075134;[];0;1169;-1343;15441;-230;-106;2664;-695;-57;1230;50;210;107;0
2018/10/02/14:19:22.088160;[];0;1105;-1471;15553;-198;-88;2716;-695;-57;1230;118;210;107;0
2018/10/02/14:19:22.104160;[];0;1457;-1695;15457;-178;-36;2760;-695;-57;1230;186;210;107;0
2018/10/02/14:19:22.116141;[];0;1361;-1599;15073;-218;-90;2638;-708;15;1243;254;210;107;0
2018/10/02/14:19:22.129166;[];0;1521;-991;15985;-240;-176;2636;-708;15;1243;66;211;107;0
2018/10/02/14:19:22.141127;[];0;1585;-847;15457;-130;-36;2544;-702;51;1243;134;211;107;0
2018/10/02/14:19:22.157135;[];0;1377;-399;16273;-186;-212;2558;-702;51;1243;202;211;107;0
2018/10/02/14:19:22.170134;[];0;1233;-895;16289;-180;-102;2506;-676;75;1230;31;212;107;0
2018/10/02/14:19:22.182128;[];0;801;-1439;15217;-102;-6;2382;-676;75;1230;99;212;107;0
2018/10/02/14:19:22.194150;[];0;849;-1599;16193;-118;-116;2366;-676;75;1230;166;212;107;0
2018/10/02/14:19:22.210134;[];0;1009;-2143;15761;-84;-2;2348;-650;159;1210;234;212;107;0
2018/10/02/14:19:22.223132;[];0;913;-1807;15633;-168;-48;2400;-650;159;1210;46;213;107;0
2018/10/02/14:19:22.235138;[];0;849;-1439;16257;-58;-44;2348;-592;183;1190;114;213;107;0
2018/10/02/14:19:22.247139;[];0;1393;-1375;16097;-102;-166;2446;-592;183;1190;182;213;107;0
2018/10/02/14:19:22.264175;[];0;1313;-1519;16065;-44;-92;2492;-592;183;1190;250;213;107;0
2018/10/02/14:19:22.276144;[];0;1185;-1743;15873;-34;-74;2436;-592;207;1184;62;214;107;0
2018/10/02/14:19:22.288141;[];0;1281;-2079;15969;-304;-94;2400;-592;207;1184;130;214;107;0
2018/10/02/14:19:22.301130;[];0;1329;-1631;15873;-124;-22;2268;-618;267;1197;198;214;107;0
2018/10/02/14:19:22.317122;[];0;1169;-1487;16033;-68;-38;2360;-618;267;1197;10;215;107;0
2018/10/02/14:19:22.329133;[];0;833;-1311;16817;-288;66;2378;-618;267;1197;78;215;107;0
2018/10/02/14:19:22.342138;[];0;945;-2239;16033;-190;44;2570;-527;285;1223;146;215;107;0
2018/10/02/14:19:22.354132;[];0;1553;-3231;16545;-302;232;2398;-527;285;1223;214;215;107;0
2018/10/02/14:19:22.366157;[];0;1441;-2671;16945;-326;214;2358;-514;309;1243;43;216;107;0
2018/10/02/14:19:22.382136;[];0;625;-991;16689;-306;376;2340;-514;309;1243;111;216;107;0
2018/10/02/14:19:22.395135;[];0;-527;609;17649;-510;376;2212;-514;309;1243;179;216;107;0
2018/10/02/14:19:22.407142;[];0;-15;161;16545;-510;364;2020;-482;315;1210;247;216;107;0
2018/10/02/14:19:22.419132;[];0;3105;-3807;15761;-384;504;2058;-482;315;1210;59;217;107;0
2018/10/02/14:19:22.436144;[];0;-255;-3423;19441;-378;540;1946;-514;351;1171;127;217;107;0
2018/10/02/14:19:22.448145;[];0;-351;-2815;15089;-344;460;2140;-514;351;1171;195;217;107;0
2018/10/02/14:19:22.460137;[];0;-1583;-2031;13665;-410;394;2094;-514;351;1171;7;218;107;0
2018/10/02/14:19:22.473133;[];0;-1471;-2287;16609;-374;222;2254;-482;375;1236;75;218;107;0
2018/10/02/14:19:22.489134;[];0;-1935;-1775;14641;-338;114;1998;-482;375;1236;143;218;107;0
2018/10/02/14:19:22.501132;[];0;-831;-2367;15617;-312;70;1896;-430;399;1217;211;218;107;0
2018/10/02/14:19:22.514132;[];0;-1951;-2031;15025;-404;46;1820;-430;399;1217;23;219;107;0
2018/10/02/14:19:22.526142;[];0;-2607;-2159;15297;-196;76;1572;-430;399;1217;91;219;107;0
2018/10/02/14:19:22.542136;[];0;-1951;-2079;15553;-64;36;1542;-385;387;1217;159;219;107;0
2018/10/02/14:19:22.555258;[];0;-2207;-1839;14641;-2;30;1390;-385;387;1217;227;219;107;0
2018/10/02/14:19:22.567143;[];0;-2287;-1199;15745;-24;0;1476;-385;387;1217;39;220;107;0
2018/10/02/14:19:22.579139;[];0;-2783;-1055;15441;52;-34;1316;-365;417;1243;124;220;107;0
2018/10/02/14:19:22.595103;[];0;-2799;-1967;14945;90;-118;1182;-365;417;1243;192;220;107;0
2018/10/02/14:19:22.608147;[];0;-2671;-2063;15169;-42;-32;1056;-352;411;1177;4;221;107;0
2018/10/02/14:19:22.620141;[];0;-2735;-2527;14673;72;-178;1260;-352;411;1177;72;221;107;0
2018/10/02/14:19:22.632139;[];0;-3503;-3039;15121;154;-12;1076;-333;435;1203;140;221;107;0
2018/10/02/14:19:22.649152;[];0;-3583;-3215;15537;162;-188;1066;-333;435;1203;208;221;107;0
2018/10/02/14:19:22.661135;[];0;-3263;-3727;14737;132;-310;1092;-333;435;1203;20;222;107;0
2018/10/02/14:19:22.673138;[];0;-2655;-3135;15009;108;-256;1096;-275;489;1203;88;222;107;0
2018/10/02/14:19:22.686148;[];0;-2319;-3071;14609;76;-380;1138;-275;489;1203;156;222;107;0
2018/10/02/14:19:22.698136;[];0;-2447;-2655;15089;38;-492;1092;-307;489;1190;224;222;107;0
2018/10/02/14:19:22.714137;[];0;-2063;-2927;15089;192;-496;1110;-307;489;1190;36;223;107;0
2018/10/02/14:19:22.727145;[];0;-2703;-3183;14321;216;-554;1132;-307;489;1190;104;223;107;0
2018/10/02/14:19:22.739138;[];0;-2127;-3359;14945;266;-604;1294;-197;507;1250;172;223;107;0
2018/10/02/14:19:22.751157;[];0;-879;-3135;14225;370;-652;1322;-197;507;1250;240;223;107;0
2018/10/02/14:19:22.767147;[];0;225;-2847;14241;434;-856;1210;-197;507;1250;52;224;107;0
2018/10/02/14:19:22.780141;[];0;449;-2191;14961;458;-900;1268;-139;531;1190;137;224;107;0
2018/10/02/14:19:22.792136;[];0;273;-1263;15041;530;-1054;1336;-139;531;1190;205;224;107;0
2018/10/02/14:19:22.804137;[];0;65;-191;17185;496;-1142;1316;-74;567;1171;17;225;107;0
2018/10/02/14:19:22.821132;[];0;-303;-287;16369;536;-1098;1336;-74;567;1171;85;225;107;0
2018/10/02/14:19:22.833137;[];0;-31;-239;16865;642;-1076;1210;-3;585;1177;153;225;107;0
2018/10/02/14:19:22.845109;[];0;305;-95;15873;666;-1020;1136;-3;585;1177;221;225;107;0
2018/10/02/14:19:22.858111;[];0;481;-111;16017;600;-1064;1088;-3;585;1177;33;226;107;0
2018/10/02/14:19:22.874158;[];0;177;817;16465;672;-832;784;55;597;1177;101;226;107;0
2018/10/02/14:19:22.886147;[];0;337;1297;17265;744;-738;664;55;597;1177;169;226;107;0
2018/10/02/14:19:22.899151;[];0;1377;1361;17681;520;-568;554;126;585;1125;237;226;107;0
2018/10/02/14:19:22.911148;[];0;1873;1617;17953;504;-352;602;126;585;1125;49;227;107;0
2018/10/02/14:19:22.927132;[];0;2321;1585;17825;414;-208;366;126;585;1125;117;227;107;0
2018/10/02/14:19:22.939162;[];0;1569;849;17681;226;-116;280;126;621;1092;185;227;107;0
2018/10/02/14:19:22.952140;[];0;2065;-95;17329;216;-86;342;126;621;1092;253;227;107;0
2018/10/02/14:19:22.964142;[];0;1969;-527;16849;-26;232;356;126;621;1092;65;228;107;0
2018/10/02/14:19:22.976149;[];0;1841;-783;16705;-2;376;458;139;633;1092;133;228;107;0
2018/10/02/14:19:22.993134;[];0;1457;-847;16785;-52;400;662;139;633;1092;218;228;107;0
2018/10/02/14:19:23.005103;[];0;1281;-1071;16209;-56;460;850;165;615;1026;30;229;107;0
2018/10/02/14:19:23.017142;[];0;1345;-1119;15729;126;512;1000;165;615;1026;98;229;107;0
2018/10/02/14:19:23.030143;[];0;1905;289;15617;32;518;1146;158;651;1098;166;229;107;0
2018/10/02/14:19:23.046152;[];0;625;-175;15153;6;494;1210;158;651;1098;234;229;107;0
2018/10/02/14:19:23.058170;[];0;1105;-335;15809;180;388;1250;158;651;1098;46;230;107;0
2018/10/02/14:19:23.071152;[];0;993;-159;15025;174;332;1280;165;633;1105;114;230;107;0
2018/10/02/14:19:23.083163;[];0;1249;161;15617;44;184;1252;165;633;1105;182;230;107;0
2018/10/02/14:19:23.099144;[];0;1009;65;16001;-26;150;1210;152;615;1105;250;230;107;0
2018/10/02/14:19:23.112144;[];0;1;33;16673;-124;138;1086;152;615;1105;62;231;107;0
2018/10/02/14:19:23.124144;[];0;241;-527;17665;-48;200;1144;152;615;1105;130;231;107;0
2018/10/02/14:19:23.136154;[];0;257;-127;15713;22;300;1196;184;627;1144;198;231;107;0
2018/10/02/14:19:23.152140;[];0;417;-47;16353;42;262;1188;184;627;1144;10;232;107;0
2018/10/02/14:19:23.165151;[];0;273;129;15809;200;360;1164;184;627;1144;78;232;107;0
2018/10/02/14:19:23.177141;[];0;241;-15;16113;196;424;1234;216;597;1125;146;232;107;0
2018/10/02/14:19:23.189153;[];0;1041;433;16289;24;348;1130;216;597;1125;231;232;107;0
2018/10/02/14:19:23.206154;[];0;1233;753;16545;22;396;1140;236;615;1059;43;233;107;0
2018/10/02/14:19:23.218147;[];0;673;545;15825;-62;204;1176;236;615;1059;111;233;107;0
2018/10/02/14:19:23.230148;[];0;113;1105;14961;-38;282;1072;242;603;1098;179;233;107;0
2018/10/02/14:19:23.243143;[];0;305;1505;15649;20;284;876;242;603;1098;247;233;107;0
2018/10/02/14:19:23.259170;[];0;321;1265;15425;66;294;972;242;603;1098;59;234;107;0
2018/10/02/14:19:23.271154;[];0;-239;1137;15809;82;310;764;255;603;1065;127;234;107;0
2018/10/02/14:19:23.284142;[];0;-239;1009;15969;16;222;742;255;603;1065;195;234;107;0
2018/10/02/14:19:23.296156;[];0;-703;865;15793;196;168;728;281;585;1098;7;235;107;0
2018/10/02/14:19:23.308144;[];0;-895;449;16081;-70;132;790;281;585;1098;75;235;107;0
2018/10/02/14:19:23.325211;[];0;-847;353;15937;-4;214;812;281;585;1098;143;235;107;0
2018/10/02/14:19:23.337159;[];0;-815;-95;15921;-64;154;576;281;579;1111;211;235;107;0
2018/10/02/14:19:23.349155;[];0;-751;-47;15937;-88;194;494;281;579;1111;23;236;107;0
2018/10/02/14:19:23.361140;[];0;-799;225;15761;-14;162;510;281;579;1111;91;236;107;0
2018/10/02/14:19:23.378154;[];0;-639;81;16113;-76;78;490;307;591;1072;159;236;107;0
2018/10/02/14:19:23.390150;[];0;-639;161;16161;-6;146;500;307;591;1072;244;236;107;0
2018/10/02/14:19:23.402143;[];0;-863;1025;15569;8;132;428;236;561;1072;56;237;107;0
2018/10/02/14:19:23.415155;[];0;-1263;1457;15489;154;174;410;236;561;1072;124;237;107;0
2018/10/02/14:19:23.431122;[];0;-1503;1969;15793;22;72;272;281;597;1085;192;237;107;0
2018/10/02/14:19:23.443140;[];0;-1311;1809;15345;54;114;260;281;597;1085;4;238;107;0
2018/10/02/14:19:23.456176;[];0;-1295;1393;15281;-104;98;-8;281;597;1085;72;238;107;0
2018/10/02/14:19:23.468156;[];0;-1295;1345;14993;-80;-62;-64;294;567;1085;140;238;107;0
2018/10/02/14:19:23.484145;[];0;-1247;1201;15489;-34;-70;-20;294;567;1085;208;238;107;0
2018/10/02/14:19:23.497145;[];0;-1119;913;15217;58;8;-84;281;555;1105;20;239;107;0
2018/10/02/14:19:23.509153;[];0;-1183;977;15665;28;-62;-98;281;555;1105;88;239;107;0
2018/10/02/14:19:23.521147;[];0;-1167;1233;15777;54;-106;-72;281;555;1105;156;239;107;0
2018/10/02/14:19:23.537132;[];0;-1231;497;15313;-70;8;-120;313;609;1118;224;239;107;0
2018/10/02/14:19:23.550151;[];0;-1199;753;15425;72;-64;-172;313;609;1118;36;240;107;0
2018/10/02/14:19:23.562146;[];0;-959;673;15425;16;-174;-46;313;609;1118;104;240;107;0
2018/10/02/14:19:23.574190;[];0;-895;193;15713;-92;-198;-106;320;561;1118;172;240;107;0
2018/10/02/14:19:23.587160;[];0;-1007;65;16033;-184;-60;-194;320;561;1118;1;241;107;0
2018/10/02/14:19:23.603148;[];0;-831;-335;15649;-194;-210;-90;313;573;1131;69;241;107;0
2018/10/02/14:19:23.615176;[];0;-607;-447;15857;-52;-48;-214;313;573;1131;137;241;107;0
2018/10/02/14:19:23.628160;[];0;-607;-703;15729;-116;-174;14;326;567;1072;205;241;107;0
2018/10/02/14:19:23.640146;[];0;-287;-383;16129;-42;-110;-184;326;567;1072;16;242;107;0
2018/10/02/14:19:23.656162;[];0;145;-143;16289;-124;-80;-106;326;567;1072;84;242;107;0
2018/10/02/14:19:23.669159;[];0;-255;-15;16081;0;-64;24;339;537;1157;152;242;107;0
2018/10/02/14:19:23.681144;[];0;-303;-63;16481;-72;48;-106;339;537;1157;220;242;107;0
2018/10/02/14:19:23.693140;[];0;-31;-15;16161;-64;-42;-142;268;531;1098;32;243;107;0
2018/10/02/14:19:23.710174;[];0;81;1;16465;-48;52;-50;268;531;1098;100;243;107;0
2018/10/02/14:19:23.722150;[];0;145;-239;16193;-62;2;-36;268;531;1098;168;243;107;0
2018/10/02/14:19:23.734151;[];0;-127;-303;15985;-18;58;-2;326;567;1157;236;243;107;0
2018/10/02/14:19:23.746158;[];0;-639;-559;16209;-12;128;-66;326;567;1157;48;244;107;0
2018/10/02/14:19:23.763152;[];0;-1023;-575;16369;-20;136;152;281;543;1131;116;244;107;0
2018/10/02/14:19:23.775160;[];0;-895;-271;15873;-80;68;42;281;543;1131;184;244;107;0
2018/10/02/14:19:23.787161;[];0;-703;-159;15793;-6;174;160;281;543;1131;252;244;107;0
2018/10/02/14:19:23.800151;[];0;-831;-239;15457;-126;112;238;288;543;1125;81;245;107;0
2018/10/02/14:19:23.816164;[];0;-879;81;15649;26;58;62;288;543;1125;149;245;107;0
2018/10/02/14:19:23.828155;[];0;-1023;-47;15617;-16;12;-44;320;549;1138;217;245;107;0
2018/10/02/14:19:23.841146;[];0;-1167;497;15697;-28;-124;94;320;549;1138;29;246;107;0
2018/10/02/14:19:23.853139;[];0;-975;193;15569;-16;-216;128;320;549;1138;97;246;107;0
2018/10/02/14:19:23.869134;[];0;-623;465;15793;-110;-144;66;300;525;1098;165;246;107;0
2018/10/02/14:19:23.882157;[];0;-431;513;16017;98;-40;32;300;525;1098;233;246;107;0
2018/10/02/14:19:23.894151;[];0;-671;705;15985;10;-154;-6;313;537;1138;45;247;107;0
2018/10/02/14:19:23.906163;[];0;-559;689;16145;64;-178;-102;313;537;1138;113;247;107;0
2018/10/02/14:19:23.918151;[];0;-671;353;16273;-34;-46;-16;313;537;1138;181;247;107;0
2018/10/02/14:19:23.935160;[];0;-671;497;15921;22;-106;-160;339;567;1118;249;247;107;0
2018/10/02/14:19:23.947162;[];0;-591;481;15889;86;-124;-188;339;567;1118;61;248;107;0
2018/10/02/14:19:23.959153;[];0;-767;513;15905;-34;-276;-214;313;591;1171;129;248;107;0
2018/10/02/14:19:23.972149;[];0;-623;369;15601;-56;-30;-218;313;591;1171;197;248;107;0
2018/10/02/14:19:23.988161;[];0;-415;865;15873;-62;-162;-334;313;591;1171;9;249;107;0
2018/10/02/14:19:24.000195;[];0;-543;1281;15953;-52;-108;-410;333;567;1098;94;249;107;0
2018/10/02/14:19:24.013150;[];0;-415;1281;15905;8;-112;-424;333;567;1098;162;249;107;0
2018/10/02/14:19:24.025148;[];0;-559;1169;16257;-60;-268;-582;288;561;1092;230;249;107;0
2018/10/02/14:19:24.041146;[];0;-815;1377;16081;-30;-110;-850;288;561;1092;42;250;107;0
2018/10/02/14:19:24.054151;[];0;-415;1489;16017;100;-200;-938;288;561;1092;110;250;107;0
2018/10/02/14:19:24.066165;[];0;-287;1281;15553;-138;-138;-1002;281;579;1092;178;250;107;0
2018/10/02/14:19:24.078158;[];0;-495;1569;15297;-68;-254;-1082;281;579;1092;246;250;107;0
2018/10/02/14:19:24.095167;[];0;-527;1569;15441;-4;-366;-1138;288;591;1105;58;251;107;0
2018/10/02/14:19:24.107161;[];0;-383;1153;15601;-242;-232;-1294;288;591;1105;126;251;107;0
2018/10/02/14:19:24.119159;[];0;177;1377;15761;-160;-236;-1380;288;591;1105;194;251;107;0
2018/10/02/14:19:24.131163;[];0;465;1329;15809;-116;-240;-1538;294;591;1144;6;252;107;0
2018/10/02/14:19:24.148091;[];0;401;977;15521;-36;-224;-1472;294;591;1144;74;252;107;0
2018/10/02/14:19:24.160159;[];0;929;737;15745;-4;-164;-1422;229;603;1125;142;252;107;0
2018/10/02/14:19:24.172156;[];0;1457;177;15921;-64;-332;-1384;229;603;1125;210;252;107;0
2018/10/02/14:19:24.185150;[];0;1649;305;16161;104;-254;-1584;229;603;1125;22;253;107;0
2018/10/02/14:19:24.197149;[];0;2129;369;16289;94;-346;-1496;158;621;1138;90;253;107;0
2018/10/02/14:19:24.213157;[];0;1393;17;16017;48;-256;-1784;158;621;1138;175;253;107;0
2018/10/02/14:19:24.226167;[];0;177;-319;16449;168;-294;-1584;145;591;1144;243;253;107;0
2018/10/02/14:19:24.238165;[];0;-271;-79;16257;180;-230;-1822;145;591;1144;55;254;107;0
2018/10/02/14:19:24.250158;[];0;1;49;16609;-86;-270;-1910;145;591;1144;123;254;107;0
2018/10/02/14:19:24.267187;[];0;1361;545;16385;-30;-232;-1952;106;639;1085;191;254;107;0
2018/10/02/14:19:24.279162;[];0;2017;1665;16545;24;-198;-2182;106;639;1085;3;255;107;0
2018/10/02/14:19:24.291162;[];0;2081;2465;16609;-30;-100;-2214;74;645;1111;71;255;107;0
2018/10/02/14:19:24.303156;[];0;2769;1569;16481;50;-148;-2248;74;645;1111;139;255;107;0
2018/10/02/14:19:24.320160;[];0;2209;993;16257;-58;-124;-2458;74;645;1111;207;255;107;0
2018/10/02/14:19:24.332141;[];0;1233;129;16369;-114;-202;-2464;22;621;1111;19;0;108;0
2018/10/02/14:19:24.344157;[];0;817;-559;16129;-48;-100;-2456;22;621;1111;87;0;108;0
2018/10/02/14:19:24.357152;[];0;625;-1055;16353;-92;-36;-2304;-80;615;1092;155;0;108;0
2018/10/02/14:19:24.373156;[];0;833;-991;16289;30;-88;-2336;-80;615;1092;223;0;108;0
2018/10/02/14:19:24.385152;[];0;1105;-559;15473;36;-54;-2316;-80;615;1092;35;1;108;0
2018/10/02/14:19:24.398169;[];0;1649;-351;15761;-22;-80;-2406;-80;639;1164;103;1;108;0
2018/10/02/14:19:24.410161;[];0;1265;257;15601;86;-74;-2442;-80;639;1164;188;1;108;0
2018/10/02/14:19:24.426170;[];0;929;225;15313;48;-200;-2424;-93;627;1131;0;2;108;0
2018/10/02/14:19:24.439167;[];0;1041;1;15553;-44;-322;-2254;-93;627;1131;68;2;108;0
2018/10/02/14:19:24.451168;[];0;961;33;15809;26;-230;-2274;-93;627;1131;136;2;108;0
2018/10/02/14:19:24.463158;[];0;1409;65;15761;98;-316;-2344;-158;633;1118;204;2;108;0
2018/10/02/14:19:24.480158;[];0;1873;257;15553;174;-146;-2472;-158;633;1118;16;3;108;0
2018/10/02/14:19:24.492161;[];0;1713;753;15569;50;-116;-2536;-229;591;1131;84;3;108;0
2018/10/02/14:19:24.504156;[];0;1569;545;15713;14;-288;-2358;-229;591;1131;152;3;108;0
2018/10/02/14:19:24.516170;[];0;1393;513;15841;-110;-230;-2528;-229;591;1131;220;3;108;0
2018/10/02/14:19:24.529147;[];0;1425;-223;15745;-140;-248;-2470;-275;573;1164;32;4;108;0
2018/10/02/14:19:24.545155;[];0;2017;-47;15537;-142;-190;-2444;-275;573;1164;100;4;108;0
2018/10/02/14:19:24.561148;[];0;2625;-319;16113;-246;-154;-2624;-313;555;1157;185;4;108;0
2018/10/02/14:19:24.574161;[];0;1585;-495;16385;-196;-182;-2412;-313;555;1157;253;4;108;0
2018/10/02/14:19:24.586170;[];0;1409;-831;16241;-114;-136;-2432;-313;555;1157;65;5;108;0
2018/10/02/14:19:24.598173;[];0;1281;-671;16305;-70;-232;-2512;-391;519;1197;133;5;108;0
2018/10/02/14:19:24.615174;[];0;625;-543;15905;-78;-162;-2266;-391;519;1197;201;5;108;0
2018/10/02/14:19:24.627172;[];0;1393;-623;16849;146;-72;-2170;-430;465;1184;13;6;108;0
2018/10/02/14:19:24.639163;[];0;1617;-591;16081;54;-92;-2178;-430;465;1184;81;6;108;0
2018/10/02/14:19:24.652169;[];0;1457;-15;15377;98;68;-2042;-430;465;1184;166;6;108;0
2018/10/02/14:19:24.668151;[];0;1617;321;15313;58;-6;-2284;-462;441;1118;234;6;108;0
2018/10/02/14:19:24.680187;[];0;1425;641;16113;124;28;-2400;-462;441;1118;46;7;108;0
2018/10/02/14:19:24.692172;[];0;1361;865;16129;-74;16;-2276;-501;405;1171;114;7;108;0
2018/10/02/14:19:24.705151;[];0;1665;353;16209;-114;22;-2262;-501;405;1171;182;7;108;0
2018/10/02/14:19:24.717154;[];0;1313;-255;16417;-82;78;-2332;-501;405;1171;250;7;108;0
2018/10/02/14:19:24.733164;[];0;1105;-479;15921;28;210;-2136;-546;387;1177;62;8;108;0
2018/10/02/14:19:24.746193;[];0;1297;-271;16353;134;262;-2068;-546;387;1177;130;8;108;0
2018/10/02/14:19:24.758192;[];0;1281;-543;15777;90;200;-1850;-592;357;1203;198;8;108;0
2018/10/02/14:19:24.770186;[];0;1169;-111;15649;188;154;-1856;-592;357;1203;10;9;108;0
2018/10/02/14:19:24.787194;[];0;1185;-511;16081;180;212;-1828;-592;357;1203;78;9;108;0
2018/10/02/14:19:24.799191;[];0;513;33;15105;60;260;-1876;-611;297;1164;146;9;108;0
2018/10/02/14:19:24.811177;[];0;161;289;16033;122;226;-1780;-611;297;1164;214;9;108;0
2018/10/02/14:19:24.824164;[];0;465;113;16097;96;256;-1912;-656;291;1171;26;10;108;0
2018/10/02/14:19:24.840168;[];0;161;497;15425;162;262;-1814;-656;291;1171;94;10;108;0
2018/10/02/14:19:24.852187;[];0;257;449;15377;250;210;-1878;-656;291;1171;179;10;108;0
2018/10/02/14:19:24.864261;[];0;49;689;15201;218;64;-1830;-721;273;1131;247;10;108;0
2018/10/02/14:19:24.877165;[];0;-399;49;15377;232;126;-1906;-721;273;1131;59;11;108;0
2018/10/02/14:19:24.893148;[];0;-543;81;14881;254;-62;-1778;-708;207;1138;127;11;108;0
2018/10/02/14:19:24.905156;[];0;-623;-351;14433;-2;-102;-1620;-708;207;1138;195;11;108;0
2018/10/02/14:19:24.918174;[];0;-319;81;15489;82;-86;-1576;-708;207;1138;7;12;108;0
2018/10/02/14:19:24.930164;[];0;-447;-639;15265;-76;2;-1408;-766;201;1138;75;12;108;0
2018/10/02/14:19:24.946176;[];0;-1087;-351;15457;-96;-234;-1414;-766;201;1138;143;12;108;0
2018/10/02/14:19:24.959189;[];0;-879;-335;15585;-222;-84;-1248;-760;147;1210;211;12;108;0
2018/10/02/14:19:24.971177;[];0;-975;-943;15345;-266;-220;-1108;-760;147;1210;23;13;108;0
2018/10/02/14:19:24.983162;[];0;-767;-671;16193;-258;-144;-906;-760;147;1210;91;13;108;0
2018/10/02/14:19:24.996174;[];0;-783;-463;15937;-364;-118;-898;-741;99;1164;159;13;108;0
2018/10/02/14:19:25.012166;[];0;-447;1;16289;-514;-132;-856;-741;99;1164;227;13;108;0
2018/10/02/14:19:25.024165;[];0;-175;97;15761;-466;-38;-790;-721;63;1177;39;14;108;0
2018/10/02/14:19:25.037156;[];0;-47;97;15873;-472;56;-708;-721;63;1177;107;14;108;0
2018/10/02/14:19:25.049166;[];0;1;-303;16401;-504;-36;-722;-721;63;1177;192;14;108;0
2018/10/02/14:19:25.065153;[];0;-239;-223;15649;-438;-30;-776;-695;39;1210;4;15;108;0
2018/10/02/14:19:25.077157;[];0;-1167;-271;16097;-556;106;-918;-695;39;1210;72;15;108;0
2018/10/02/14:19:25.090169;[];0;-1103;1393;15697;-490;108;-844;-779;3;1177;140;15;108;0
2018/10/02/14:19:25.102166;[];0;-783;497;14993;-382;182;-982;-779;3;1177;207;15;108;0
2018/10/02/14:19:25.118176;[];0;-367;-895;15393;-396;250;-1048;-779;3;1177;19;16;108;0
2018/10/02/14:19:25.131196;[];0;65;-799;15057;-440;194;-1260;-747;-33;1171;87;16;108;0
2018/10/02/14:19:25.143168;[];0;97;-1071;15057;-576;196;-1162;-747;-33;1171;155;16;108;0
2018/10/02/14:19:25.155180;[];0;-47;-1407;15665;-456;172;-992;-779;-105;1177;223;16;108;0
2018/10/02/14:19:25.172174;[];0;-479;-1775;15665;-458;154;-954;-779;-105;1177;35;17;108;0
2018/10/02/14:19:25.184201;[];0;-879;-2287;15649;-422;256;-1106;-779;-105;1177;103;17;108;0
2018/10/02/14:19:25.196177;[];0;-1151;-2607;15633;-376;262;-990;-792;-159;1164;171;17;108;0
2018/10/02/14:19:25.209157;[];0;-1519;-2927;16065;-384;296;-938;-792;-159;1164;239;17;108;0
2018/10/02/14:19:25.225172;[];0;-1455;-3439;15857;-334;320;-726;-805;-177;1184;51;18;108;0
2018/10/02/14:19:25.237156;[];0;-1471;-3503;15553;-354;290;-630;-805;-177;1184;119;18;108;0
2018/10/02/14:19:25.249155;[];0;-1199;-3823;15969;-182;294;-512;-805;-177;1184;187;18;108;0
2018/10/02/14:19:25.262213;[];0;-1199;-4271;15553;-188;368;-586;-786;-213;1151;16;19;108;0
2018/10/02/14:19:25.278161;[];0;-1615;-4207;15889;-246;240;-330;-786;-213;1151;84;19;108;0
2018/10/02/14:19:25.290194;[];0;-1679;-3839;16065;-26;188;-154;-812;-213;1157;152;19;108;0
2018/10/02/14:19:25.303176;[];0;-1663;-3583;15777;-38;224;-122;-812;-213;1157;220;19;108;0
2018/10/02/14:19:25.315161;[];0;-1679;-3759;15793;144;114;134;-812;-213;1157;32;20;108;0
2018/10/02/14:19:25.327201;[];0;-1567;-3151;15825;194;130;182;-766;-195;1138;100;20;108;0
2018/10/02/14:19:25.344177;[];0;-1439;-3103;15521;130;58;252;-766;-195;1138;168;20;108;0
2018/10/02/14:19:25.356183;[];0;-1727;-3151;15249;134;88;282;-838;-195;1138;236;20;108;0
2018/10/02/14:19:25.368182;[];0;-1903;-2911;15201;278;-50;392;-838;-195;1138;48;21;108;0
2018/10/02/14:19:25.381163;[];0;-2079;-2607;15569;136;-60;524;-838;-195;1138;116;21;108;0
2018/10/02/14:19:25.397160;[];0;-2239;-2111;15681;234;-220;560;-870;-189;1131;184;21;108;0
2018/10/02/14:19:25.409159;[];0;-2463;-1407;15745;278;-384;490;-870;-189;1131;252;21;108;0
2018/10/02/14:19:25.422172;[];0;-2463;-1391;15489;178;-380;512;-818;-165;1138;64;22;108;0
2018/10/02/14:19:25.434218;[];0;-2399;-1343;15617;154;-476;500;-818;-165;1138;132;22;108;0
2018/10/02/14:19:25.450179;[];0;-2351;-1375;15153;148;-484;546;-818;-165;1138;200;22;108;0
2018/10/02/14:19:25.462173;[];0;-2383;-1999;15025;48;-528;512;-799;-153;1164;29;23;108;0
2018/10/02/14:19:25.475181;[];0;-2063;-2255;15617;156;-564;706;-799;-153;1164;97;23;108;0
2018/10/02/14:19:25.487185;[];0;-1663;-1903;15233;142;-520;714;-799;-105;1164;165;23;108;0
2018/10/02/14:19:25.503169;[];0;-1343;-1727;15361;180;-574;666;-799;-105;1164;233;23;108;0
2018/10/02/14:19:25.516178;[];0;-783;-991;15617;100;-636;702;-799;-105;1164;45;24;108;0
2018/10/02/14:19:25.528180;[];0;-1151;-895;15329;138;-656;684;-741;-135;1184;113;24;108;0
2018/10/02/14:19:25.540176;[];0;-1279;-639;15569;42;-594;622;-741;-135;1184;181;24;108;0
2018/10/02/14:19:25.557161;[];0;-623;-527;16033;58;-586;538;-728;-99;1236;249;24;108;0
2018/10/02/14:19:25.569159;[];0;-399;-831;15457;58;-598;548;-728;-99;1236;61;25;108;0
2018/10/02/14:19:25.581157;[];0;-31;-623;16561;-46;-418;474;-728;-99;1236;129;25;108;0
2018/10/02/14:19:25.594173;[];0;-335;-255;16129;-42;-448;388;-715;-51;1171;197;25;108;0
2018/10/02/14:19:25.606185;[];0;-143;-255;16513;-54;-198;238;-715;-51;1171;9;26;108;0
2018/10/02/14:19:25.622175;[];0;-111;-127;16417;-22;-254;276;-676;-81;1223;77;26;108;0
2018/10/02/14:19:25.635187;[];0;289;-399;15313;-2;-76;182;-676;-81;1223;145;26;108;0
2018/10/02/14:19:25.647186;[];0;129;-975;16129;-76;-140;268;-676;-81;1223;213;26;108;0
2018/10/02/14:19:25.659176;[];0;273;-1103;16113;-38;10;170;-676;-93;1190;42;27;108;0
2018/10/02/14:19:25.675185;[];0;449;-1439;15265;32;80;250;-676;-93;1190;110;27;108;0
2018/10/02/14:19:25.688185;[];0;65;-1343;15713;102;-2;252;-682;-51;1197;178;27;108;0
2018/10/02/14:19:25.700178;[];0;385;-1295;15809;38;-62;282;-682;-51;1197;246;27;108;0
2018/10/02/14:19:25.712184;[];0;321;-1327;15857;60;-20;404;-682;-51;1197;58;28;108;0
2018/10/02/14:19:25.729159;[];0;81;-751;16001;26;-18;276;-676;-57;1197;126;28;108;0
2018/10/02/14:19:25.741157;[];0;257;-511;16097;14;-34;352;-676;-57;1197;194;28;108;0
2018/10/02/14:19:25.753155;[];0;321;-175;16369;8;-10;334;-650;-45;1177;6;29;108;0
2018/10/02/14:19:25.766190;[];0;257;-63;16593;-52;-64;216;-650;-45;1177;74;29;108;0
2018/10/02/14:19:25.782178;[];0;401;1;16369;82;-80;62;-650;-45;1177;142;29;108;0
2018/10/02/14:19:25.794225;[];0;321;-287;16641;118;26;-36;-650;-39;1223;210;29;108;0
2018/10/02/14:19:25.807190;[];0;273;-351;16689;88;-30;-112;-650;-39;1223;22;30;108;0
2018/10/02/14:19:25.819181;[];0;161;-479;16689;126;-76;4;-656;-33;1223;90;30;108;0
2018/10/02/14:19:25.835199;[];0;465;-703;16801;36;-68;-28;-656;-33;1223;158;30;108;0
2018/10/02/14:19:25.847197;[];0;513;-799;16977;100;48;-128;-656;-33;1223;226;30;108;0
2018/10/02/14:19:25.860184;[];0;497;-943;16785;78;-40;-14;-676;-63;1184;38;31;108;0
2018/10/02/14:19:25.872178;[];0;513;-1039;16593;24;94;-2;-676;-63;1184;123;31;108;0
2018/10/02/14:19:25.888167;[];0;513;-1055;16593;84;4;64;-689;-33;1164;191;31;108;0
2018/10/02/14:19:25.901160;[];0;449;-1087;16433;-66;-48;36;-689;-33;1164;3;32;108;0
2018/10/02/14:19:25.913154;[];0;129;-1311;16241;50;140;-86;-689;-33;1164;71;32;108;0
2018/10/02/14:19:25.925191;[];0;225;-1055;16065;44;-4;-6;-669;-45;1184;139;32;108;0
2018/10/02/14:19:25.938187;[];0;145;-1071;16177;-46;76;106;-669;-45;1184;207;32;108;0
2018/10/02/14:19:25.954222;[];0;113;-1263;16017;-60;94;-24;-689;-57;1190;19;33;108;0
2018/10/02/14:19:25.966192;[];0;241;-1151;15985;-60;34;158;-689;-57;1190;87;33;108;0
2018/10/02/14:19:25.979191;[];0;305;-895;16033;24;10;140;-689;-57;1190;155;33;108;0
2018/10/02/14:19:25.991177;[];0;225;-767;16193;10;210;84;-715;-45;1177;223;33;108;0
2018/10/02/14:19:26.007193;[];0;241;-815;16017;14;122;112;-715;-45;1177;35;34;108;0
2018/10/02/14:19:26.019186;[];0;241;-783;15841;108;50;64;-702;-45;1190;103;34;108;0
2018/10/02/14:19:26.032178;[];0;33;-943;15905;44;80;106;-702;-45;1190;171;34;108;0
2018/10/02/14:19:26.044201;[];0;1;-591;16081;14;8;32;-702;-45;1190;239;34;108;0
2018/10/02/14:19:26.060126;[];0;17;-879;15921;22;-16;86;-676;-45;1151;51;35;108;0
2018/10/02/14:19:26.073157;[];0;129;-671;15937;84;-38;10;-676;-45;1151;119;35;108;0
2018/10/02/14:19:26.085163;[];0;177;-719;16017;94;-18;40;-689;-21;1250;204;35;108;0
2018/10/02/14:19:26.097163;[];0;257;-559;16049;-84;-48;98;-689;-21;1250;16;36;108;0
2018/10/02/14:19:26.114178;[];0;113;-783;16209;-74;-104;62;-689;-21;1250;84;36;108;0
2018/10/02/14:19:26.126220;[];0;-31;-607;16257;36;-50;104;-721;-21;1210;152;36;108;0
2018/10/02/14:19:26.138190;[];0;49;-815;16065;-152;28;-28;-721;-21;1210;220;36;108;0
2018/10/02/14:19:26.151182;[];0;161;-911;15937;-70;-96;-34;-637;-15;1184;32;37;108;0
2018/10/02/14:19:26.167169;[];0;33;-975;16145;-62;168;60;-637;-15;1184;100;37;108;0
2018/10/02/14:19:26.179186;[];0;225;-1151;16177;-180;56;38;-637;-15;1184;168;37;108;0
2018/10/02/14:19:26.192188;[];0;145;-1167;15745;-46;42;-58;-728;-15;1184;236;37;108;0
2018/10/02/14:19:26.204194;[];0;1;-1311;15553;-46;38;-116;-728;-15;1184;48;38;108;0
2018/10/02/14:19:26.216190;[];0;-207;-1167;15473;-98;14;22;-689;-57;1164;116;38;108;0
2018/10/02/14:19:26.232183;[];0;-319;-1311;15505;-6;4;62;-689;-57;1164;184;38;108;0
2018/10/02/14:19:26.245193;[];0;-127;-1391;15713;2;-18;180;-689;-57;1164;252;38;108;0
2018/10/02/14:19:26.257164;[];0;-111;-1279;15841;-108;-152;0;-656;-45;1203;64;39;108;0
2018/10/02/14:19:26.269186;[];0;193;-1199;15537;-6;-78;160;-656;-45;1203;132;39;108;0
2018/10/02/14:19:26.286203;[];0;97;-1055;15777;-18;-14;90;-644;-27;1184;217;39;108;0
2018/10/02/14:19:26.298193;[];0;145;-1119;15937;-30;-98;40;-644;-27;1184;29;40;108;0
2018/10/02/14:19:26.310186;[];0;353;-1231;15953;-4;-18;34;-644;-27;1184;97;40;108;0
2018/10/02/14:19:26.323209;[];0;273;-1263;16081;-32;-76;2;-702;3;1223;165;40;108;0
2018/10/02/14:19:26.339209;[];0;305;-1199;16081;-8;34;104;-702;3;1223;233;40;108;0
2018/10/02/14:19:26.351210;[];0;321;-1007;15825;-30;-62;-16;-708;-15;1184;45;41;108;0
2018/10/02/14:19:26.364185;[];0;369;-639;15905;-70;-56;-36;-708;-15;1184;113;41;108;0
2018/10/02/14:19:26.376205;[];0;305;-911;16017;12;-16;-96;-708;-15;1184;181;41;108;0
2018/10/02/14:19:26.392184;[];0;209;-1103;16113;24;96;-174;-695;-57;1210;249;41;108;0
2018/10/02/14:19:26.404206;[];0;49;-1183;16017;2;-26;-12;-695;-57;1210;61;42;108;0
2018/10/02/14:19:26.417177;[];0;113;-1295;16033;68;12;-72;-695;-45;1184;129;42;108;0
2018/10/02/14:19:26.429188;[];0;81;-1103;15953;56;-62;-18;-695;-45;1184;197;42;108;0
2018/10/02/14:19:26.445167;[];0;-127;-927;16097;-44;108;-8;-695;-45;1184;9;43;108;0
2018/10/02/14:19:26.458192;[];0;65;-1135;16001;-16;64;-52;-689;-33;1210;77;43;108;0
2018/10/02/14:19:26.470187;[];0;-63;-1135;15697;-52;-48;98;-689;-33;1210;145;43;108;0
2018/10/02/14:19:26.482205;[];0;-79;-1103;15745;-48;10;-84;-702;-51;1177;230;43;108;0
2018/10/02/14:19:26.499186;[];0;-47;-1183;15873;-52;26;-6;-702;-51;1177;42;44;108;0
2018/10/02/14:19:26.511213;[];0;-175;-1023;15617;-72;76;20;-702;-51;1177;110;44;108;0
2018/10/02/14:19:26.523183;[];0;-79;-1151;15857;-72;12;32;-669;-39;1184;178;44;108;0
2018/10/02/14:19:26.536196;[];0;-175;-1215;15761;-72;36;44;-669;-39;1184;246;44;108;0
2018/10/02/14:19:26.548185;[];0;-63;-1215;15489;82;26;20;-676;-27;1210;58;45;108;0
2018/10/02/14:19:26.564215;[];0;-175;-1167;15713;-4;-72;-80;-676;-27;1210;125;45;108;0
2018/10/02/14:19:26.577169;[];0;-63;-991;15825;82;-6;52;-676;-27;1210;193;45;108;0
2018/10/02/14:19:26.589190;[];0;49;-1231;15921;-138;-34;0;-695;-45;1217;5;46;108;0
2018/10/02/14:19:26.601162;[];0;-31;-1087;15777;72;-74;78;-695;-45;1217;73;46;108;0
2018/10/02/14:19:26.617170;[];0;-127;-1103;15857;2;-18;34;-682;-27;1230;141;46;108;0
2018/10/02/14:19:26.630190;[];0;-15;-1215;15953;-34;-50;-4;-682;-27;1230;209;46;108;0
2018/10/02/14:19:26.642189;[];0;-31;-847;15825;0;12;84;-682;-27;1230;21;47;108;0
2018/10/02/14:19:26.654194;[];0;145;-1055;15921;-138;-26;-12;-682;-21;1230;89;47;108;0
2018/10/02/14:19:26.671193;[];0;225;-1087;15713;16;-40;-6;-682;-21;1230;157;47;108;0
2018/10/02/14:19:26.683186;[];0;-47;-1119;15729;28;-38;2;-715;-33;1190;242;47;108;0
2018/10/02/14:19:26.695194;[];0;-31;-1087;15841;36;-12;-6;-715;-33;1190;54;48;108;0
2018/10/02/14:19:26.708199;[];0;-127;-1007;15745;64;-64;24;-715;-33;1190;122;48;108;0
2018/10/02/14:19:26.724190;[];0;17;-1071;16033;-40;-68;-52;-669;-39;1210;190;48;108;0
2018/10/02/14:19:26.736197;[];0;-15;-1119;16113;-34;-112;74;-669;-39;1210;2;49;108;0
2018/10/02/14:19:26.749198;[];0;273;-1231;15777;0;-58;-128;-695;-39;1177;70;49;108;0
2018/10/02/14:19:26.761166;[];0;65;-1247;16033;10;-42;-42;-695;-39;1177;138;49;108;0
2018/10/02/14:19:26.777157;[];0;225;-1311;16129;114;2;14;-695;-39;1177;206;49;108;0
2018/10/02/14:19:26.790196;[];0;1;-1327;16001;20;60;50;-689;-45;1171;18;50;108;0
2018/10/02/14:19:26.802190;[];0;33;-1407;16017;108;34;-94;-689;-45;1171;86;50;108;0
2018/10/02/14:19:26.814185;[];0;145;-1311;15617;70;38;44;-708;-39;1230;154;50;108;0
2018/10/02/14:19:26.826199;[];0;-111;-1279;15857;28;-8;86;-708;-39;1230;222;50;108;0
2018/10/02/14:19:26.843212;[];0;-63;-1423;16033;42;106;-90;-708;-39;1230;34;51;108;0
2018/10/02/14:19:26.855197;[];0;1;-1151;15841;-26;4;34;-702;-45;1210;102;51;108;0
2018/10/02/14:19:26.867200;[];0;1;-1087;15761;0;-4;34;-702;-45;1210;170;51;108;0
2018/10/02/14:19:26.880185;[];0;97;-1007;15489;-34;-14;6;-702;-39;1203;255;51;108;0
2018/10/02/14:19:26.896199;[];0;-207;-1151;15777;6;-24;-66;-702;-39;1203;67;52;108;0
2018/10/02/14:19:26.908155;[];0;129;-1023;15921;8;-82;64;-702;-39;1203;135;52;108;0
2018/10/02/14:19:26.921168;[];0;-15;-847;16113;62;-22;-56;-669;-33;1157;203;52;108;0
2018/10/02/14:19:26.933120;[];0;209;-863;16305;-40;-124;-22;-669;-33;1157;15;53;108;0
2018/10/02/14:19:26.949194;[];0;97;-1007;16017;-2;-88;2;-708;-27;1230;83;53;108;0
2018/10/02/14:19:26.962214;[];0;273;-1167;16225;46;-24;-106;-708;-27;1230;151;53;108;0
2018/10/02/14:19:26.974197;[];0;321;-1135;16417;20;60;-100;-708;-27;1230;219;53;108;0
2018/10/02/14:19:26.986201;[];0;177;-1359;16113;72;-104;90;-695;-21;1190;31;54;108;0
2018/10/02/14:19:27.002196;[];0;65;-1151;16129;-78;94;-50;-695;-21;1190;99;54;108;0
2018/10/02/14:19:27.015218;[];0;193;-1263;15985;26;88;-10;-650;-21;1256;167;54;108;0
2018/10/02/14:19:27.027200;[];0;145;-1103;16129;2;130;52;-650;-21;1256;235;54;108;0
2018/10/02/14:19:27.039196;[];0;209;-991;16113;44;176;-90;-650;-21;1256;47;55;108;0
2018/10/02/14:19:27.056201;[];0;-63;-975;15937;-80;-84;80;-637;-45;1197;115;55;108;0
2018/10/02/14:19:27.068192;[];0;17;-943;15873;-168;-102;88;-637;-45;1197;200;55;108;0
2018/10/02/14:19:27.084202;[];0;129;-1087;15713;-20;42;92;-689;3;1210;12;56;108;0
2018/10/02/14:19:27.097172;[];0;-31;-847;15985;-16;16;14;-689;3;1210;80;56;108;0
2018/10/02/14:19:27.109196;[];0;17;-1007;15985;6;18;-74;-689;3;1210;148;56;108;0
2018/10/02/14:19:27.121174;[];0;113;-1151;16001;-12;-16;-10;-734;-27;1210;233;56;108;0
2018/10/02/14:19:27.138207;[];0;145;-1087;16049;58;22;6;-734;-27;1210;45;57;108;0
2018/10/02/14:19:27.150201;[];0;1;-799;16049;-98;-62;14;-689;-21;1190;113;57;108;0
2018/10/02/14:19:27.162198;[];0;225;-1119;16065;50;40;32;-689;-21;1190;181;57;108;0
2018/10/02/14:19:27.175204;[];0;33;-911;16049;64;4;92;-682;-63;1203;249;57;108;0
2018/10/02/14:19:27.191199;[];0;65;-991;15793;48;142;-100;-682;-63;1203;61;58;108;0
2018/10/02/14:19:27.203193;[];0;-31;-767;15969;-22;8;-124;-682;-63;1203;129;58;108;0
2018/10/02/14:19:27.215203;[];0;-191;-975;15777;60;46;-18;-695;-27;1210;197;58;108;0
2018/10/02/14:19:27.228203;[];0;-127;-1055;15793;52;64;18;-695;-27;1210;9;59;108;0
2018/10/02/14:19:27.244206;[];0;1;-1119;15937;-194;-74;28;-689;-27;1230;77;59;108;0
2018/10/02/14:19:27.256205;[];0;177;-1087;15857;-22;44;4;-689;-27;1230;145;59;108;0
2018/10/02/14:19:27.269209;[];0;81;-1071;15777;-64;40;-44;-689;-27;1230;213;59;108;0
2018/10/02/14:19:27.281168;[];0;65;-991;15825;-62;-66;78;-676;-15;1171;25;60;108;0
2018/10/02/14:19:27.297191;[];0;97;-1135;16017;4;18;-80;-676;-15;1171;93;60;108;0
2018/10/02/14:19:27.310202;[];0;65;-1327;15889;-48;-102;110;-695;-51;1236;161;60;108;0
2018/10/02/14:19:27.322198;[];0;129;-1407;15937;18;32;-14;-695;-51;1236;229;60;108;0
2018/10/02/14:19:27.334193;[];0;17;-1327;15969;56;-12;-44;-695;-51;1236;58;61;108;0
2018/10/02/14:19:27.347220;[];0;129;-1007;15969;-26;-24;52;-689;-3;1190;126;61;108;0
2018/10/02/14:19:27.363199;[];0;-47;-863;15889;24;46;0;-689;-3;1190;194;61;108;0
2018/10/02/14:19:27.375222;[];0;-95;-991;15809;16;24;-32;-663;-9;1190;6;62;108;0
2018/10/02/14:19:27.387207;[];0;-31;-975;15985;78;44;-44;-663;-9;1190;74;62;108;0
2018/10/02/14:19:27.400195;[];0;-63;-1039;15937;-2;-34;-54;-663;-9;1190;142;62;108;0
2018/10/02/14:19:27.416224;[];0;113;-1215;15793;-8;-22;26;-656;-15;1217;210;62;108;0
2018/10/02/14:19:27.428207;[];0;-31;-991;15969;-62;-4;50;-656;-15;1217;22;63;108;0
2018/10/02/14:19:27.441170;[];0;-255;-1055;15761;-30;14;152;-689;-9;1144;90;63;108;0
2018/10/02/14:19:27.453169;[];0;-111;-1167;15985;54;58;24;-689;-9;1144;158;63;108;0
2018/10/02/14:19:27.469201;[];0;-15;-991;16033;10;-86;-32;-689;-9;1144;226;63;108;0
2018/10/02/14:19:27.482205;[];0;193;-1247;15793;-70;-6;-16;-676;-27;1217;38;64;108;0
2018/10/02/14:19:27.494200;[];0;193;-1391;16001;-68;-8;-34;-676;-27;1217;106;64;108;0
2018/10/02/14:19:27.506207;[];0;241;-1247;16177;-6;64;10;-689;-39;1171;174;64;108;0
2018/10/02/14:19:27.523198;[];0;257;-911;16161;-30;48;20;-689;-39;1171;242;64;108;0
2018/10/02/14:19:27.535204;[];0;145;-1167;15889;0;90;-104;-689;-39;1171;54;65;108;0
