time,.header.seq,.header.stamp.secs,.header.stamp.nsecs,.header.frame_id,.child_frame_id,.transform.translation.x,.transform.translation.y,.transform.translation.z,.transform.rotation.x,.transform.rotation.y,.transform.rotation.z,.transform.rotation.w
2018/10/02/14:03:24.176462,51385,1538481804,160660158,/world,vicon/IMUframe/IMUframe,-0.140507117027,0.183798264163,1.38512613394,-0.0211951605662,-0.00864896134299,0.0491573571757,0.998528675037
2018/10/02/14:03:24.186487,51386,1538481804,170634379,/world,vicon/IMUframe/IMUframe,-0.140504035277,0.183791519445,1.3850850856,-0.0211085348067,-0.00855767486882,0.0491442645382,0.998531941012
2018/10/02/14:03:24.196519,51387,1538481804,180648085,/world,vicon/IMUframe/IMUframe,-0.140497522833,0.183792113436,1.38502406972,-0.0209537837886,-0.00850413056823,0.0490622926736,0.998539688819
2018/10/02/14:03:24.206492,51388,1538481804,190653940,/world,vicon/IMUframe/IMUframe,-0.140475089974,0.183792560605,1.38496309031,-0.020789726059,-0.00849166951528,0.0489980405312,0.998546378925
2018/10/02/14:03:24.216447,51389,1538481804,200630817,/world,vicon/IMUframe/IMUframe,-0.140496570476,0.183804021101,1.38490814598,-0.0206331826927,-0.00846870721439,0.0489434479542,0.998552498205
2018/10/02/14:03:24.226368,51390,1538481804,210648485,/world,vicon/IMUframe/IMUframe,-0.140463877628,0.183789175098,1.38483406236,-0.0204454758934,-0.00846427679946,0.0490654972479,0.998550407097
2018/10/02/14:03:24.236433,51391,1538481804,220649184,/world,vicon/IMUframe/IMUframe,-0.14044966981,0.183795823123,1.3847687787,-0.020265336506,-0.00849175902409,0.049060070894,0.998554112509
2018/10/02/14:03:24.246313,51392,1538481804,230629372,/world,vicon/IMUframe/IMUframe,-0.140471060576,0.183830343159,1.38471584034,-0.0202261864733,-0.00847983850556,0.0488998136316,0.998562868299
2018/10/02/14:03:24.256422,51393,1538481804,240649951,/world,vicon/IMUframe/IMUframe,-0.140458169099,0.183845277502,1.38465571857,-0.0201516807461,-0.00849213711745,0.0489278287525,0.998562897841
2018/10/02/14:03:24.269436,51394,1538481804,250674143,/world,vicon/IMUframe/IMUframe,-0.140448312502,0.183845235627,1.38460440059,-0.0201329327299,-0.00851851963256,0.0489444540224,0.99856223655
2018/10/02/14:03:24.276511,51395,1538481804,260684560,/world,vicon/IMUframe/IMUframe,-0.140419474667,0.18384876342,1.38455618662,-0.0201464545215,-0.00853680760494,0.0489888285256,0.998559631652
2018/10/02/14:03:24.286207,51396,1538481804,270671795,/world,vicon/IMUframe/IMUframe,-0.140414584739,0.183853566169,1.38449934976,-0.0201647804502,-0.00855909344672,0.0490393183038,0.998556592692
2018/10/02/14:03:24.296296,51397,1538481804,280637512,/world,vicon/IMUframe/IMUframe,-0.140401224471,0.183889162012,1.38445592387,-0.0201716682187,-0.00861437530194,0.0490820175702,0.998553880314
2018/10/02/14:03:24.306355,51398,1538481804,290701568,/world,vicon/IMUframe/IMUframe,-0.140371867892,0.183892824779,1.38439587533,-0.0201835204322,-0.00868609319936,0.0492034266542,0.998547044507
2018/10/02/14:03:24.316451,51399,1538481804,300676337,/world,vicon/IMUframe/IMUframe,-0.140346448496,0.183929796845,1.38435469306,-0.0201798980701,-0.00874334963181,0.0492572339173,0.99854396521
2018/10/02/14:03:24.326320,51400,1538481804,310631032,/world,vicon/IMUframe/IMUframe,-0.140337002995,0.18395184774,1.38432697035,-0.0202044639541,-0.00880641086768,0.0493283043785,0.998539405908
2018/10/02/14:03:24.336460,51401,1538481804,320656254,/world,vicon/IMUframe/IMUframe,-0.140346626362,0.183979774137,1.38428398376,-0.0202617036822,-0.00883501593335,0.0493539885669,0.998536724247
2018/10/02/14:03:24.346313,51402,1538481804,330670763,/world,vicon/IMUframe/IMUframe,-0.140348859826,0.184002974533,1.38426737136,-0.0202829938419,-0.00884699178547,0.0493858515049,0.998534610601
2018/10/02/14:03:24.356390,51403,1538481804,340639885,/world,vicon/IMUframe/IMUframe,-0.140351897684,0.184025648381,1.38425114883,-0.0203275226224,-0.00888522251886,0.0493690410755,0.998534196925
2018/10/02/14:03:24.366426,51404,1538481804,350673193,/world,vicon/IMUframe/IMUframe,-0.140368465745,0.184068008003,1.38422843156,-0.020279297463,-0.00888833482706,0.0493184908433,0.998537647793
2018/10/02/14:03:24.376407,51405,1538481804,360655620,/world,vicon/IMUframe/IMUframe,-0.140385767173,0.184098014982,1.384216786,-0.0202413079083,-0.00893148524129,0.0492220534526,0.998542792012
2018/10/02/14:03:24.386378,51406,1538481804,370648564,/world,vicon/IMUframe/IMUframe,-0.140402853451,0.184131321395,1.38421102834,-0.0201951651934,-0.00895519255628,0.0490505806117,0.998551951764
2018/10/02/14:03:24.396428,51407,1538481804,380649505,/world,vicon/IMUframe/IMUframe,-0.140436541866,0.184151473349,1.38420414594,-0.0201018023915,-0.00899249731102,0.0489153028065,0.998560136238
2018/10/02/14:03:24.406528,51408,1538481804,390646305,/world,vicon/IMUframe/IMUframe,-0.14045858229,0.184177486529,1.38421212568,-0.0200213230546,-0.00905069788444,0.0487351792092,0.998570034499
2018/10/02/14:03:24.416675,51409,1538481804,400650560,/world,vicon/IMUframe/IMUframe,-0.140491997229,0.184217627588,1.3842177315,-0.0199106006119,-0.00904452869329,0.0486518700564,0.998576366646
2018/10/02/14:03:24.426529,51410,1538481804,410650933,/world,vicon/IMUframe/IMUframe,-0.1404826195,0.184306577485,1.38426870056,-0.019743162279,-0.00895002729301,0.0482916813411,0.998598026269
2018/10/02/14:03:24.436493,51411,1538481804,420671271,/world,vicon/IMUframe/IMUframe,-0.140521308271,0.184243452848,1.38428528985,-0.0197864022666,-0.00902822899147,0.0485255424352,0.99858512962
2018/10/02/14:03:24.446320,51412,1538481804,430656251,/world,vicon/IMUframe/IMUframe,-0.140511399519,0.184248919478,1.38434466393,-0.0197691897937,-0.0089886230063,0.0485136576773,0.99858640528
2018/10/02/14:03:24.456203,51413,1538481804,440633303,/world,vicon/IMUframe/IMUframe,-0.140488957096,0.18424878642,1.38440137861,-0.0198070280054,-0.00895391615243,0.0485857702762,0.998582461269
2018/10/02/14:03:24.466485,51414,1538481804,450667332,/world,vicon/IMUframe/IMUframe,-0.140458621658,0.184320155334,1.38450750727,-0.0198452362818,-0.00876388535625,0.0483377187081,0.998595426517
2018/10/02/14:03:24.476552,51415,1538481804,460671421,/world,vicon/IMUframe/IMUframe,-0.140471765023,0.184265409267,1.38454480891,-0.0200319611029,-0.00880061777667,0.0486991489252,0.998573814275
2018/10/02/14:03:24.486326,51416,1538481804,470649618,/world,vicon/IMUframe/IMUframe,-0.140441374406,0.184263361946,1.38463849598,-0.0201982879931,-0.00874089522641,0.0487605963415,0.998567989752
2018/10/02/14:03:24.496354,51417,1538481804,480653784,/world,vicon/IMUframe/IMUframe,-0.140434653478,0.184289182748,1.38472846961,-0.0203613650874,-0.0086629320425,0.0488464859655,0.998561159483
2018/10/02/14:03:24.506319,51418,1538481804,490691537,/world,vicon/IMUframe/IMUframe,-0.140392577674,0.184308629089,1.38482666749,-0.0205336251799,-0.00863971514087,0.0489186928209,0.9985542985
2018/10/02/14:03:24.516450,51419,1538481804,500655913,/world,vicon/IMUframe/IMUframe,-0.140384098989,0.184350937888,1.38493442357,-0.0207218838548,-0.00862313724172,0.0489533064262,0.998548856503
2018/10/02/14:03:24.526494,51420,1538481804,510651936,/world,vicon/IMUframe/IMUframe,-0.140359932473,0.184393892405,1.38504054876,-0.0208704441931,-0.00865795173624,0.0489726005559,0.998544515195
2018/10/02/14:03:24.536439,51421,1538481804,520650318,/world,vicon/IMUframe/IMUframe,-0.140334203606,0.184449477653,1.38514464648,-0.0210213180875,-0.00869004862459,0.0489477888261,0.998542288143
2018/10/02/14:03:24.546425,51422,1538481804,530638551,/world,vicon/IMUframe/IMUframe,-0.14032832483,0.184505232691,1.38525139365,-0.0211852534531,-0.00876417565153,0.0489156103963,0.998539752499
2018/10/02/14:03:24.556405,51423,1538481804,540629175,/world,vicon/IMUframe/IMUframe,-0.14029462544,0.184549004169,1.38535144924,-0.0213787683081,-0.00880761077411,0.0489194684798,0.998535056902
2018/10/02/14:03:24.566263,51424,1538481804,550629837,/world,vicon/IMUframe/IMUframe,-0.140200374346,0.184663468228,1.38549184316,-0.021473365089,-0.00886939651117,0.0488598283225,0.998535400261
2018/10/02/14:03:24.576458,51425,1538481804,560632658,/world,vicon/IMUframe/IMUframe,-0.140183073285,0.184707427857,1.3855974357,-0.0216073613973,-0.00884254879894,0.0488064318513,0.998535359151
2018/10/02/14:03:24.586347,51426,1538481804,570691793,/world,vicon/IMUframe/IMUframe,-0.140169326054,0.184762239986,1.38569871627,-0.0217614547763,-0.00878906831459,0.0488071367256,0.998532450534
2018/10/02/14:03:24.596408,51427,1538481804,580649338,/world,vicon/IMUframe/IMUframe,-0.140139711029,0.184819465766,1.38580853878,-0.0218908754239,-0.00874642516462,0.0487788688487,0.998531377361
2018/10/02/14:03:24.606392,51428,1538481804,590661886,/world,vicon/IMUframe/IMUframe,-0.14009101773,0.184883181186,1.38593357728,-0.022021418007,-0.00867904144622,0.0487723912712,0.998529411304
2018/10/02/14:03:24.616314,51429,1538481804,600650750,/world,vicon/IMUframe/IMUframe,-0.140022029012,0.184937127559,1.3860513705,-0.022141678029,-0.00861723092528,0.0487553201352,0.998528120878
2018/10/02/14:03:24.626480,51430,1538481804,610632816,/world,vicon/IMUframe/IMUframe,-0.139995600615,0.184987933024,1.38617240415,-0.0223088485242,-0.00852780587256,0.0487302826499,0.998526389915
2018/10/02/14:03:24.636380,51431,1538481804,620679107,/world,vicon/IMUframe/IMUframe,-0.139958069953,0.185024137246,1.38630099623,-0.0225024211911,-0.00843761398584,0.0487362448379,0.998522521604
2018/10/02/14:03:24.646460,51432,1538481804,630638293,/world,vicon/IMUframe/IMUframe,-0.139911380386,0.185046381174,1.38640301318,-0.0226701340332,-0.00832642148803,0.0487794081175,0.998517553712
2018/10/02/14:03:24.656516,51433,1538481804,640651347,/world,vicon/IMUframe/IMUframe,-0.139883308727,0.18509126154,1.38651269848,-0.0228293658711,-0.00818475331808,0.0487724042209,0.998515439266
2018/10/02/14:03:24.666548,51434,1538481804,650648579,/world,vicon/IMUframe/IMUframe,-0.139823571565,0.185120069976,1.38660516041,-0.0229313243947,-0.00807720906734,0.0487967116831,0.998512791097
2018/10/02/14:03:24.676499,51435,1538481804,660631750,/world,vicon/IMUframe/IMUframe,-0.139778533657,0.185142062857,1.38666726545,-0.0229982784681,-0.00806213261078,0.0488011410592,0.998511156591
2018/10/02/14:03:24.686424,51436,1538481804,670648640,/world,vicon/IMUframe/IMUframe,-0.139720925295,0.185162606058,1.38672402035,-0.0230261762354,-0.00813674561708,0.0487859117482,0.998510652619
2018/10/02/14:03:24.696429,51437,1538481804,680631210,/world,vicon/IMUframe/IMUframe,-0.139692155811,0.18517624538,1.38674632679,-0.0230087847791,-0.00829399991452,0.0487298994455,0.998512494808
2018/10/02/14:03:24.706420,51438,1538481804,690631799,/world,vicon/IMUframe/IMUframe,-0.139649490527,0.185214359885,1.38676500997,-0.0229111502336,-0.00849156566655,0.0486753861791,0.998515738127
2018/10/02/14:03:24.716486,51439,1538481804,700650185,/world,vicon/IMUframe/IMUframe,-0.139591697703,0.185233613279,1.38677935928,-0.0228124576664,-0.00875767040426,0.0486945380197,0.998514765515
2018/10/02/14:03:24.726556,51440,1538481804,710652164,/world,vicon/IMUframe/IMUframe,-0.139553261046,0.185293843475,1.38677743584,-0.0227313044991,-0.00895827889323,0.0486662232277,0.99851621707
2018/10/02/14:03:24.736614,51441,1538481804,720654302,/world,vicon/IMUframe/IMUframe,-0.139501268575,0.185313307352,1.38677932594,-0.0226941440985,-0.00912228524328,0.0487242640779,0.998512746952
2018/10/02/14:03:24.746605,51442,1538481804,730640158,/world,vicon/IMUframe/IMUframe,-0.139457437833,0.185357124593,1.38679423287,-0.0227083542408,-0.00923210303669,0.0487136987443,0.998511930062
2018/10/02/14:03:24.756596,51443,1538481804,740650354,/world,vicon/IMUframe/IMUframe,-0.139379453656,0.185381149559,1.38681919628,-0.0227850293927,-0.00928910823422,0.0488099172298,0.998504955863
2018/10/02/14:03:24.766382,51444,1538481804,750659880,/world,vicon/IMUframe/IMUframe,-0.13934441654,0.185422362699,1.38684839823,-0.0229639614551,-0.00926449081292,0.0488265033479,0.998500274539
2018/10/02/14:03:24.776290,51445,1538481804,760648671,/world,vicon/IMUframe/IMUframe,-0.139285294143,0.185460838183,1.38687808612,-0.0231136251874,-0.00921021427839,0.0489755815787,0.99849002233
2018/10/02/14:03:24.786317,51446,1538481804,770655348,/world,vicon/IMUframe/IMUframe,-0.139243459733,0.18550229943,1.38691491352,-0.0232812389475,-0.00910431085688,0.049097260871,0.998481123713
2018/10/02/14:03:24.796551,51447,1538481804,780653933,/world,vicon/IMUframe/IMUframe,-0.139179787194,0.185525684238,1.38695742739,-0.0233849166285,-0.00897345458158,0.0493440224162,0.99846772118
2018/10/02/14:03:24.806527,51448,1538481804,790671486,/world,vicon/IMUframe/IMUframe,-0.139129815469,0.185569272254,1.38699310377,-0.0234793519717,-0.00885818780199,0.0495082468544,0.998458404759
2018/10/02/14:03:24.816507,51449,1538481804,800654134,/world,vicon/IMUframe/IMUframe,-0.139109351526,0.185630674151,1.38702977176,-0.0235855773193,-0.00877525083639,0.0495958114977,0.998452287792
2018/10/02/14:03:24.826409,51450,1538481804,810660953,/world,vicon/IMUframe/IMUframe,-0.139105426863,0.18571275425,1.38707239262,-0.0236926654138,-0.00868757199359,0.0495249387969,0.998454037067
2018/10/02/14:03:24.836523,51451,1538481804,820636552,/world,vicon/IMUframe/IMUframe,-0.139086549407,0.185801374911,1.38711164904,-0.0237287952062,-0.0085993050727,0.0494856486314,0.998455891269
2018/10/02/14:03:24.846479,51452,1538481804,830653859,/world,vicon/IMUframe/IMUframe,-0.139116484068,0.185893732448,1.38714142588,-0.0237731066502,-0.00849271980525,0.0493344561463,0.998463231445
2018/10/02/14:03:24.856464,51453,1538481804,840678001,/world,vicon/IMUframe/IMUframe,-0.139139101639,0.185986424765,1.38716630465,-0.0237549490973,-0.00839874727475,0.0491988342776,0.998471150381
2018/10/02/14:03:24.866698,51454,1538481804,850654994,/world,vicon/IMUframe/IMUframe,-0.139156485682,0.186069579849,1.38717619008,-0.0236777986798,-0.0083206783771,0.0490506727353,0.99848092604
2018/10/02/14:03:24.876521,51455,1538481804,860654859,/world,vicon/IMUframe/IMUframe,-0.13918892997,0.186149672366,1.38719914598,-0.0236028685438,-0.00824769597219,0.0489255442407,0.998489444726
2018/10/02/14:03:24.886630,51456,1538481804,870706004,/world,vicon/IMUframe/IMUframe,-0.139209430774,0.186234339113,1.38719685284,-0.0234739595693,-0.00821898917633,0.0488473289039,0.998496549768
2018/10/02/14:03:24.896559,51457,1538481804,880640016,/world,vicon/IMUframe/IMUframe,-0.139246019489,0.186307924234,1.38719229163,-0.0233652193736,-0.00815256119733,0.0487680907107,0.99850351807
2018/10/02/14:03:24.906348,51458,1538481804,890662027,/world,vicon/IMUframe/IMUframe,-0.139298053458,0.186388583763,1.38720279063,-0.023291906135,-0.00809940410081,0.0486604690442,0.998510914069
2018/10/02/14:03:24.916377,51459,1538481804,900655478,/world,vicon/IMUframe/IMUframe,-0.13935052859,0.186465265926,1.38721313054,-0.0232742220885,-0.00803243602945,0.0485562878729,0.998516938998
2018/10/02/14:03:24.926346,51460,1538481804,910657238,/world,vicon/IMUframe/IMUframe,-0.13941096054,0.186540798189,1.38718354637,-0.0233082208725,-0.00799602910727,0.0484191046918,0.998523099712
2018/10/02/14:03:24.936432,51461,1538481804,920633306,/world,vicon/IMUframe/IMUframe,-0.139465604193,0.186607092428,1.38717592332,-0.0233858531339,-0.00796373935643,0.0483191994084,0.998526382074
2018/10/02/14:03:24.946130,51462,1538481804,930657065,/world,vicon/IMUframe/IMUframe,-0.139533684031,0.186658820386,1.38713769739,-0.0234155100168,-0.00793666089923,0.0482248709614,0.998530462793
2018/10/02/14:03:24.956325,51463,1538481804,940674282,/world,vicon/IMUframe/IMUframe,-0.139597668065,0.186714966681,1.38709661506,-0.0233769886701,-0.00797602957212,0.0482158648477,0.998531486599
2018/10/02/14:03:24.966379,51464,1538481804,950681283,/world,vicon/IMUframe/IMUframe,-0.139665647276,0.186783016701,1.38705413184,-0.023285360881,-0.00808025020454,0.0481641733527,0.998535284269
2018/10/02/14:03:24.976348,51465,1538481804,960636727,/world,vicon/IMUframe/IMUframe,-0.139724651592,0.186863882166,1.38698945459,-0.0231986330837,-0.00820564032155,0.0481663246933,0.998536176638
2018/10/02/14:03:24.986364,51466,1538481804,970658222,/world,vicon/IMUframe/IMUframe,-0.139778896819,0.186933602009,1.3869505751,-0.0231210863756,-0.00836812009486,0.0480712447254,0.998541208645
2018/10/02/14:03:24.996460,51467,1538481804,980651336,/world,vicon/IMUframe/IMUframe,-0.139873051126,0.187032149119,1.38691430406,-0.023108339408,-0.00848684391649,0.0479147865665,0.998548021559
2018/10/02/14:03:25.006393,51468,1538481804,990671658,/world,vicon/IMUframe/IMUframe,-0.139914773995,0.187084009106,1.38687168739,-0.0231468089189,-0.00857229866817,0.0478560965596,0.998549215089
2018/10/02/14:03:25.016273,51469,1538481805,642834,/world,vicon/IMUframe/IMUframe,-0.139998822262,0.18715566916,1.3868240682,-0.023181908323,-0.00866455904242,0.0477368101448,0.9985533143
2018/10/02/14:03:25.026288,51470,1538481805,10637430,/world,vicon/IMUframe/IMUframe,-0.140069448081,0.187216837883,1.38677673402,-0.0232294536339,-0.00872697144973,0.0476683046298,0.998554938492
2018/10/02/14:03:25.036129,51471,1538481805,20665632,/world,vicon/IMUframe/IMUframe,-0.140149882076,0.187276042555,1.38671893906,-0.0232295820567,-0.00876069289685,0.0475474133297,0.998560403913
2018/10/02/14:03:25.046273,51472,1538481805,30635863,/world,vicon/IMUframe/IMUframe,-0.140220711142,0.187332301586,1.38668432409,-0.0232219540316,-0.00880722568864,0.0474685286479,0.998563925052
2018/10/02/14:03:25.056309,51473,1538481805,40700057,/world,vicon/IMUframe/IMUframe,-0.140270422628,0.187369151994,1.38662642367,-0.0231403180364,-0.00881563385987,0.0474399510747,0.998567104066
2018/10/02/14:03:25.066110,51474,1538481805,50655852,/world,vicon/IMUframe/IMUframe,-0.140329961473,0.187419865644,1.38657742639,-0.0229940287341,-0.00886965082415,0.0474072920784,0.998571556071
2018/10/02/14:03:25.076153,51475,1538481805,60665853,/world,vicon/IMUframe/IMUframe,-0.140371061383,0.187468594521,1.38653705446,-0.0228457559258,-0.008917858007,0.0473582680743,0.998576856176
2018/10/02/14:03:25.086231,51476,1538481805,70688556,/world,vicon/IMUframe/IMUframe,-0.140413529958,0.187510155551,1.3864761117,-0.0227426639463,-0.00898494757988,0.0473201548711,0.998580414837
2018/10/02/14:03:25.096209,51477,1538481805,80661303,/world,vicon/IMUframe/IMUframe,-0.140452774494,0.187541817143,1.3864353345,-0.0226369925805,-0.00905457085663,0.0471946514944,0.998588126398
2018/10/02/14:03:25.106222,51478,1538481805,90661140,/world,vicon/IMUframe/IMUframe,-0.140510776336,0.187611616215,1.38641540311,-0.0225971004254,-0.00910118053662,0.0470254633884,0.998596587896
2018/10/02/14:03:25.116191,51479,1538481805,100662177,/world,vicon/IMUframe/IMUframe,-0.140534186697,0.187647861861,1.38639110143,-0.0225594009979,-0.00919855738688,0.0469061940723,0.998602157481
2018/10/02/14:03:25.126473,51480,1538481805,110663173,/world,vicon/IMUframe/IMUframe,-0.140542817448,0.187690918091,1.38638353929,-0.0225056169399,-0.00927671194198,0.0468551255852,0.998605045565
2018/10/02/14:03:25.136386,51481,1538481805,120637952,/world,vicon/IMUframe/IMUframe,-0.140556445483,0.187738526827,1.38637920437,-0.022532037534,-0.00935219988942,0.0467584390875,0.998608277562
2018/10/02/14:03:25.146403,51482,1538481805,130632389,/world,vicon/IMUframe/IMUframe,-0.140538257148,0.18776780727,1.38638234895,-0.0225321606605,-0.00943819087253,0.0467734621469,0.998606762208
2018/10/02/14:03:25.156382,51483,1538481805,140638649,/world,vicon/IMUframe/IMUframe,-0.14052543992,0.18779303971,1.38641110374,-0.0225983457948,-0.0095054409379,0.0468267448394,0.998602131646
2018/10/02/14:03:25.166313,51484,1538481805,150642437,/world,vicon/IMUframe/IMUframe,-0.140576173708,0.187883662868,1.38635449027,-0.022923219332,-0.00973612270842,0.0470582360584,0.998581622277
2018/10/02/14:03:25.176358,51485,1538481805,160640355,/world,vicon/IMUframe/IMUframe,-0.140541148281,0.187917026121,1.38637867514,-0.0230133120624,-0.00972398486167,0.0471965661949,0.998573139898
2018/10/02/14:03:25.186449,51486,1538481805,170672357,/world,vicon/IMUframe/IMUframe,-0.140509353457,0.187943330917,1.38642329351,-0.0230989784622,-0.00969439798588,0.0473793006883,0.998562796076
2018/10/02/14:03:25.196505,51487,1538481805,180635750,/world,vicon/IMUframe/IMUframe,-0.140461740792,0.187990544464,1.38647657922,-0.0231756027116,-0.00967193825518,0.0475148392439,0.998554798246
2018/10/02/14:03:25.206424,51488,1538481805,190656174,/world,vicon/IMUframe/IMUframe,-0.140405065088,0.188003625966,1.38654842509,-0.0232831499228,-0.0096262181613,0.0477714833974,0.998540493034
2018/10/02/14:03:25.216349,51489,1538481805,200638110,/world,vicon/IMUframe/IMUframe,-0.140373863852,0.188037994856,1.38663405458,-0.0233778100691,-0.00951418009757,0.0478920056862,0.998533581891
2018/10/02/14:03:25.226200,51490,1538481805,210638082,/world,vicon/IMUframe/IMUframe,-0.140348638554,0.188080195728,1.38671951567,-0.0235104340916,-0.00939046056531,0.0480053448123,0.998526196756
2018/10/02/14:03:25.236183,51491,1538481805,220638925,/world,vicon/IMUframe/IMUframe,-0.140339650952,0.188119897618,1.38682053671,-0.0236982686785,-0.00929806974155,0.0479916800292,0.99852327795
2018/10/02/14:03:25.246254,51492,1538481805,230661455,/world,vicon/IMUframe/IMUframe,-0.140344395122,0.188159655358,1.38691050237,-0.0238583461686,-0.00920641284668,0.0479893802541,0.998520425762
2018/10/02/14:03:25.256372,51493,1538481805,240666199,/world,vicon/IMUframe/IMUframe,-0.140314882675,0.188209075174,1.38699024003,-0.0239659332928,-0.00916909715787,0.047914204274,0.99852180283
2018/10/02/14:03:25.266496,51494,1538481805,250663351,/world,vicon/IMUframe/IMUframe,-0.140300867491,0.188248001043,1.38707709122,-0.024072590089,-0.00911989383588,0.0478823830338,0.998521214265
2018/10/02/14:03:25.276413,51495,1538481805,260673741,/world,vicon/IMUframe/IMUframe,-0.140296572292,0.188307032432,1.3871420396,-0.0241067459623,-0.00908318927556,0.0477988723168,0.998524725922
2018/10/02/14:03:25.286387,51496,1538481805,270635616,/world,vicon/IMUframe/IMUframe,-0.140345804108,0.188401077074,1.38723048492,-0.0240816517715,-0.00894421766921,0.0478390251148,0.998524663038
2018/10/02/14:03:25.296615,51497,1538481805,280633099,/world,vicon/IMUframe/IMUframe,-0.140187031307,0.188287460451,1.38736088808,-0.0238819983955,-0.00868312898413,0.0476097559326,0.99854272045
2018/10/02/14:03:25.306335,51498,1538481805,290633371,/world,vicon/IMUframe/IMUframe,-0.140189238901,0.188291565616,1.38741135895,-0.0238972989762,-0.00852658449378,0.0476514261086,0.998541715728
2018/10/02/14:03:25.316563,51499,1538481805,300703415,/world,vicon/IMUframe/IMUframe,-0.14019942172,0.188302034567,1.387453991,-0.0238817599376,-0.00837945265312,0.0477547291421,0.99853839794
2018/10/02/14:03:25.326784,51500,1538481805,310701500,/world,vicon/IMUframe/IMUframe,-0.140206255132,0.188301431452,1.38750052772,-0.0238191479985,-0.0082576214659,0.0478606740718,0.998535835989
2018/10/02/14:03:25.336644,51501,1538481805,320700213,/world,vicon/IMUframe/IMUframe,-0.140221428154,0.188306823703,1.38752613314,-0.0237932609812,-0.00811541508984,0.0479741389454,0.998532174125
2018/10/02/14:03:25.346652,51502,1538481805,330672853,/world,vicon/IMUframe/IMUframe,-0.140237054132,0.188303084745,1.38756492013,-0.0237972777887,-0.00799825799144,0.0480745255297,0.998528195613
2018/10/02/14:03:25.356711,51503,1538481805,340688636,/world,vicon/IMUframe/IMUframe,-0.140271032656,0.188300869231,1.38756178383,-0.0238443067396,-0.00788963364574,0.0481041556289,0.998526510879
2018/10/02/14:03:25.366658,51504,1538481805,350693326,/world,vicon/IMUframe/IMUframe,-0.140316615598,0.188308331494,1.38755126773,-0.0238715169246,-0.00781607101351,0.0480915078688,0.998527048499
2018/10/02/14:03:25.376639,51505,1538481805,360700202,/world,vicon/IMUframe/IMUframe,-0.140442454822,0.188367125655,1.3875405538,-0.0238092623929,-0.0077578201009,0.0481225997318,0.998527491182
2018/10/02/14:03:25.386408,51506,1538481805,370642580,/world,vicon/IMUframe/IMUframe,-0.140510519295,0.188387904062,1.38748312102,-0.0238072053273,-0.00775055576428,0.0480552010712,0.998530842543
2018/10/02/14:03:25.396346,51507,1538481805,380656347,/world,vicon/IMUframe/IMUframe,-0.140622816135,0.188419787833,1.38741032755,-0.0237581178595,-0.00775976228299,0.0479199653985,0.998538439341
2018/10/02/14:03:25.406368,51508,1538481805,390654862,/world,vicon/IMUframe/IMUframe,-0.140724216586,0.188416952254,1.38733730175,-0.023657235286,-0.00780896442403,0.0479332397702,0.998539813837
2018/10/02/14:03:25.416396,51509,1538481805,400655639,/world,vicon/IMUframe/IMUframe,-0.140776350407,0.188394901709,1.38720410825,-0.0235338994677,-0.00789889202201,0.0477998639786,0.998548414492
2018/10/02/14:03:25.426328,51510,1538481805,410636498,/world,vicon/IMUframe/IMUframe,-0.140943080024,0.188437414338,1.38708156463,-0.0233479279736,-0.00795096595088,0.0476590219877,0.998559098914
2018/10/02/14:03:25.436219,51511,1538481805,420633116,/world,vicon/IMUframe/IMUframe,-0.141163576771,0.188530327491,1.38686955267,-0.0234422223409,-0.00828403518873,0.0477204984776,0.998551246055
2018/10/02/14:03:25.446407,51512,1538481805,430655039,/world,vicon/IMUframe/IMUframe,-0.141268769315,0.188561157433,1.38672336084,-0.0232454978055,-0.00850605282838,0.0476365962231,0.998557984594
2018/10/02/14:03:25.456444,51513,1538481805,440678737,/world,vicon/IMUframe/IMUframe,-0.141413502775,0.188603542643,1.38658047159,-0.0231193631467,-0.00874274359317,0.0475394115119,0.998563500152
2018/10/02/14:03:25.466414,51514,1538481805,450657946,/world,vicon/IMUframe/IMUframe,-0.141555734191,0.188654457777,1.38644945616,-0.0230221996652,-0.00893814321117,0.0473652673581,0.998572290506
2018/10/02/14:03:25.476568,51515,1538481805,460657578,/world,vicon/IMUframe/IMUframe,-0.141804733304,0.188791082626,1.38632239325,-0.0228184150097,-0.00906966304989,0.0473935413351,0.998574440584
2018/10/02/14:03:25.486360,51516,1538481805,470642502,/world,vicon/IMUframe/IMUframe,-0.141953358292,0.188833672635,1.38620786072,-0.0226934745742,-0.00921849645759,0.0473275014054,0.998579057033
2018/10/02/14:03:25.496315,51517,1538481805,480666544,/world,vicon/IMUframe/IMUframe,-0.142058148298,0.188868886337,1.38610997276,-0.0225983008983,-0.00932795854266,0.047305827827,0.99858122586
2018/10/02/14:03:25.506392,51518,1538481805,490686566,/world,vicon/IMUframe/IMUframe,-0.142186698858,0.188922686935,1.38601606509,-0.0225095970331,-0.00946090173787,0.0472323184322,0.998585458273
2018/10/02/14:03:25.516259,51519,1538481805,500682495,/world,vicon/IMUframe/IMUframe,-0.142303258737,0.188999723377,1.38595363691,-0.0224478127665,-0.00959596953595,0.0471751505098,0.998588262621
2018/10/02/14:03:25.526215,51520,1538481805,510641831,/world,vicon/IMUframe/IMUframe,-0.14243371855,0.189079641448,1.38589541757,-0.0224932272992,-0.00963422639839,0.0470267085787,0.998593873949
2018/10/02/14:03:25.536309,51521,1538481805,520658792,/world,vicon/IMUframe/IMUframe,-0.142533627352,0.18915337274,1.38585943938,-0.0225429013957,-0.0097242463385,0.0468247439311,0.998601371913
2018/10/02/14:03:25.546349,51522,1538481805,530683917,/world,vicon/IMUframe/IMUframe,-0.142630749535,0.189232865337,1.38583799696,-0.0226028461729,-0.00977615300829,0.0466885618383,0.998605886409
2018/10/02/14:03:25.556441,51523,1538481805,540657602,/world,vicon/IMUframe/IMUframe,-0.142713411733,0.189303499057,1.38582733538,-0.0226979599832,-0.00978927704765,0.0465773250298,0.998608795005
2018/10/02/14:03:25.566378,51524,1538481805,550626638,/world,vicon/IMUframe/IMUframe,-0.142776299067,0.189363556448,1.38585904625,-0.0228790601332,-0.00975739057342,0.0464180695991,0.998612389644
2018/10/02/14:03:25.576398,51525,1538481805,560654961,/world,vicon/IMUframe/IMUframe,-0.142836598669,0.189415214595,1.38588718531,-0.023091560174,-0.0096677501942,0.0462263586453,0.99861726313
2018/10/02/14:03:25.586576,51526,1538481805,570692686,/world,vicon/IMUframe/IMUframe,-0.142917037567,0.189468676847,1.38590962653,-0.0233032408216,-0.00955694024848,0.0460233003305,0.998622791492
2018/10/02/14:03:25.596525,51527,1538481805,580685453,/world,vicon/IMUframe/IMUframe,-0.142959243818,0.189469769898,1.38596834982,-0.0234202644897,-0.00934500591785,0.0460314169715,0.998621685488
2018/10/02/14:03:25.606342,51528,1538481805,590684340,/world,vicon/IMUframe/IMUframe,-0.14298396075,0.189463471866,1.38602039525,-0.0234905202042,-0.00907432057184,0.0461144914152,0.998618698928
2018/10/02/14:03:25.616459,51529,1538481805,600634477,/world,vicon/IMUframe/IMUframe,-0.143002423131,0.189451676902,1.38609227585,-0.0235136912927,-0.00880125539028,0.0462135135151,0.998616019997
2018/10/02/14:03:25.626441,51530,1538481805,610661419,/world,vicon/IMUframe/IMUframe,-0.143018666923,0.189420263256,1.38616131547,-0.0234823137776,-0.0085456223152,0.0463478691335,0.998612751924
2018/10/02/14:03:25.636507,51531,1538481805,620642139,/world,vicon/IMUframe/IMUframe,-0.14303763556,0.189396131271,1.38624320313,-0.0234469362394,-0.00827521030566,0.0464271060935,0.998612179925
2018/10/02/14:03:25.646382,51532,1538481805,630641278,/world,vicon/IMUframe/IMUframe,-0.143036937632,0.189358529451,1.38630742875,-0.0234098620914,-0.00808162124521,0.0465875904149,0.998607161087
2018/10/02/14:03:25.656344,51533,1538481805,640641200,/world,vicon/IMUframe/IMUframe,-0.143013451379,0.189318202425,1.38639077779,-0.0233805184918,-0.00788797585234,0.0467247447986,0.998602988888
2018/10/02/14:03:25.666322,51534,1538481805,650625089,/world,vicon/IMUframe/IMUframe,-0.142999493814,0.189269322526,1.38645443814,-0.0233930641581,-0.00778432277177,0.0468440155984,0.998597920622
2018/10/02/14:03:25.676399,51535,1538481805,660659467,/world,vicon/IMUframe/IMUframe,-0.142997210563,0.18923266358,1.38651737554,-0.0233991015125,-0.00771173400554,0.0469509961321,0.998593318208
2018/10/02/14:03:25.686533,51536,1538481805,670662460,/world,vicon/IMUframe/IMUframe,-0.142971374042,0.189220178513,1.38658550293,-0.0234348556479,-0.00772231089829,0.0469651282103,0.998591733486
2018/10/02/14:03:25.696852,51537,1538481805,680663347,/world,vicon/IMUframe/IMUframe,-0.14294285619,0.189191999131,1.38663323032,-0.0234922584256,-0.00778583374213,0.0470576167613,0.998585537294
2018/10/02/14:03:25.706605,51538,1538481805,690643206,/world,vicon/IMUframe/IMUframe,-0.142923748419,0.189172051079,1.38666932643,-0.0236223517307,-0.00784637682663,0.0471241599785,0.998578856383
2018/10/02/14:03:25.716519,51539,1538481805,700685815,/world,vicon/IMUframe/IMUframe,-0.142907444128,0.18914745662,1.38670743802,-0.0238040854271,-0.00797284345707,0.0472704440799,0.998566624918
2018/10/02/14:03:25.726553,51540,1538481805,710650794,/world,vicon/IMUframe/IMUframe,-0.142847617998,0.189184071719,1.38676589043,-0.0239331499042,-0.00797793250349,0.0470179059207,0.998575422015
2018/10/02/14:03:25.736499,51541,1538481805,720662247,/world,vicon/IMUframe/IMUframe,-0.142857822828,0.18905672743,1.38677625847,-0.0242728755355,-0.00811239374084,0.0474914845758,0.998543727372
2018/10/02/14:03:25.746421,51542,1538481805,730657833,/world,vicon/IMUframe/IMUframe,-0.142814936799,0.188959838202,1.38679282327,-0.0244558614101,-0.0081731439361,0.0477656298187,0.998525690791
2018/10/02/14:03:25.756224,51543,1538481805,740658590,/world,vicon/IMUframe/IMUframe,-0.14278603934,0.188879187209,1.3867795202,-0.0246053276667,-0.00825721434632,0.047956013985,0.99851220172
2018/10/02/14:03:25.766487,51544,1538481805,750648096,/world,vicon/IMUframe/IMUframe,-0.142743917216,0.188783382403,1.38675933795,-0.0246219330697,-0.00833786434587,0.0483106480922,0.998494026878
2018/10/02/14:03:25.776546,51545,1538481805,760689441,/world,vicon/IMUframe/IMUframe,-0.142703463566,0.188687782342,1.38672300758,-0.0245764056973,-0.00836395250443,0.0486323152533,0.998479315006
2018/10/02/14:03:25.786574,51546,1538481805,770662768,/world,vicon/IMUframe/IMUframe,-0.142657401,0.188614199951,1.38667274936,-0.0244512711963,-0.00850121999244,0.0489486779232,0.99846576883
2018/10/02/14:03:25.796648,51547,1538481805,780662591,/world,vicon/IMUframe/IMUframe,-0.142615358862,0.188529359883,1.38661542722,-0.0243524500532,-0.00861149423501,0.0492732050095,0.998451276534
2018/10/02/14:03:25.806631,51548,1538481805,790660248,/world,vicon/IMUframe/IMUframe,-0.142560195515,0.188461160462,1.38653761705,-0.0242587026915,-0.00868585918117,0.0495589106566,0.998438774071
2018/10/02/14:03:25.816624,51549,1538481805,800689484,/world,vicon/IMUframe/IMUframe,-0.142521164667,0.18841493156,1.38647812316,-0.0242881837196,-0.00873239560834,0.0496968225634,0.998430796413
2018/10/02/14:03:25.826512,51550,1538481805,810686713,/world,vicon/IMUframe/IMUframe,-0.142520146283,0.188370695191,1.38642398969,-0.0243797023612,-0.00868821562151,0.0497059587355,0.998428496533
2018/10/02/14:03:25.836657,51551,1538481805,820688822,/world,vicon/IMUframe/IMUframe,-0.14252323322,0.188320652024,1.38636104139,-0.0244887894078,-0.00856814169805,0.0497044098448,0.998426941635
2018/10/02/14:03:25.846409,51552,1538481805,830660375,/world,vicon/IMUframe/IMUframe,-0.142541896432,0.188295376399,1.38630953582,-0.0245471226568,-0.00842630003949,0.0496137833932,0.998431223838
2018/10/02/14:03:25.856388,51553,1538481805,840685043,/world,vicon/IMUframe/IMUframe,-0.142544724738,0.188287376604,1.38627680282,-0.0245407681025,-0.0082478091674,0.0495307717055,0.998436992003
2018/10/02/14:03:25.866511,51554,1538481805,850644163,/world,vicon/IMUframe/IMUframe,-0.142558633074,0.188279214223,1.38622769513,-0.0244756151078,-0.00803977166583,0.0494903048324,0.998442294809
2018/10/02/14:03:25.876581,51555,1538481805,860661265,/world,vicon/IMUframe/IMUframe,-0.142585928076,0.188286939873,1.38618909875,-0.0243933763109,-0.00785348173848,0.04935711203,0.998452383196
2018/10/02/14:03:25.886600,51556,1538481805,870693964,/world,vicon/IMUframe/IMUframe,-0.142649632073,0.188324573944,1.38610995966,-0.0243053480368,-0.00767818159115,0.0491245063668,0.998467364744
2018/10/02/14:03:25.896591,51557,1538481805,880669017,/world,vicon/IMUframe/IMUframe,-0.142690886917,0.188334955806,1.38603406492,-0.0241828996049,-0.00757324521075,0.0489468588664,0.998479863758
2018/10/02/14:03:25.906641,51558,1538481805,890668294,/world,vicon/IMUframe/IMUframe,-0.14273223347,0.188358924876,1.38595179202,-0.0240511505595,-0.00758992318661,0.0487271980221,0.998493663173
2018/10/02/14:03:25.916547,51559,1538481805,900650977,/world,vicon/IMUframe/IMUframe,-0.142765725031,0.188353496367,1.38582988179,-0.0238532029105,-0.00763878096915,0.0485449323167,0.998506916993
2018/10/02/14:03:25.926440,51560,1538481805,910670800,/world,vicon/IMUframe/IMUframe,-0.142813307314,0.188362986201,1.38572224295,-0.0236196191921,-0.00775558273197,0.0483390631452,0.998521556853
2018/10/02/14:03:25.936414,51561,1538481805,920689393,/world,vicon/IMUframe/IMUframe,-0.142854708779,0.188345760974,1.38560431085,-0.0234124492642,-0.00793787758735,0.0481959491017,0.998531921277
2018/10/02/14:03:25.946485,51562,1538481805,930690214,/world,vicon/IMUframe/IMUframe,-0.142913050938,0.188331380448,1.38547880077,-0.0232058152513,-0.00808461767993,0.048098025192,0.998540289156
2018/10/02/14:03:25.956533,51563,1538481805,940667864,/world,vicon/IMUframe/IMUframe,-0.142945115855,0.188294449167,1.38536638438,-0.0230155693725,-0.00828876217366,0.048125872701,0.998541676829
2018/10/02/14:03:25.966527,51564,1538481805,950658490,/world,vicon/IMUframe/IMUframe,-0.14298342527,0.188260642885,1.38525533208,-0.0228689890713,-0.00849545727708,0.0480922921988,0.998544925367
2018/10/02/14:03:25.976476,51565,1538481805,960643930,/world,vicon/IMUframe/IMUframe,-0.143016309671,0.188228814315,1.38514010751,-0.0227478292639,-0.00865679650971,0.0481074572399,0.998545576674
2018/10/02/14:03:25.986719,51566,1538481805,970700524,/world,vicon/IMUframe/IMUframe,-0.143057727021,0.188197786417,1.3850365663,-0.0226792477515,-0.00884542703125,0.0480979725311,0.998545940446
2018/10/02/14:03:25.996385,51567,1538481805,980676043,/world,vicon/IMUframe/IMUframe,-0.143067700743,0.188177630347,1.3849360058,-0.0226411638637,-0.00905472183715,0.0480434508159,0.998547553472
2018/10/02/14:03:26.006305,51568,1538481805,990670799,/world,vicon/IMUframe/IMUframe,-0.143070602763,0.188140407888,1.38483699209,-0.0226650998336,-0.00930507520994,0.0480316971547,0.998545274333
2018/10/02/14:03:26.016261,51569,1538481806,651681,/world,vicon/IMUframe/IMUframe,-0.143084739032,0.18811909219,1.38476802098,-0.0226940887377,-0.00955305290683,0.0479957162499,0.998544004408
2018/10/02/14:03:26.026300,51570,1538481806,10664294,/world,vicon/IMUframe/IMUframe,-0.143069779161,0.188096302156,1.38469171141,-0.022765345527,-0.00976093963232,0.0479658400864,0.99854180748
2018/10/02/14:03:26.036298,51571,1538481806,20668655,/world,vicon/IMUframe/IMUframe,-0.14306285337,0.188050829331,1.38464069829,-0.0228307505172,-0.00995075758662,0.0479457365248,0.998539406134
2018/10/02/14:03:26.046497,51572,1538481806,30674153,/world,vicon/IMUframe/IMUframe,-0.143027129792,0.188006708962,1.38460748572,-0.0229120037675,-0.0100436269112,0.047990649443,0.998534457697
2018/10/02/14:03:26.056397,51573,1538481806,40685601,/world,vicon/IMUframe/IMUframe,-0.14296571192,0.187931236983,1.38458515202,-0.0229678389764,-0.0101278556401,0.0480821971046,0.998527920108
2018/10/02/14:03:26.066478,51574,1538481806,50641211,/world,vicon/IMUframe/IMUframe,-0.142921364276,0.187872168143,1.38456784627,-0.0230032712816,-0.0101686711763,0.0481566027966,0.998523104011
2018/10/02/14:03:26.076456,51575,1538481806,60661609,/world,vicon/IMUframe/IMUframe,-0.142873872959,0.187809157941,1.38456650994,-0.0229981011999,-0.0101646461831,0.048260875437,0.998518229784
2018/10/02/14:03:26.086619,51576,1538481806,70658820,/world,vicon/IMUframe/IMUframe,-0.142894973253,0.187673227615,1.38452858092,-0.0230911859075,-0.0100704607924,0.0483772648646,0.998511403639
2018/10/02/14:03:26.096524,51577,1538481806,80664705,/world,vicon/IMUframe/IMUframe,-0.142837586907,0.187587427254,1.38454308113,-0.0230845049213,-0.0100380318568,0.0484965937326,0.998506096098
2018/10/02/14:03:26.106486,51578,1538481806,90685084,/world,vicon/IMUframe/IMUframe,-0.142673313885,0.187418269525,1.38453345574,-0.0231164118476,-0.0100489170262,0.0485138494904,0.998504410194
2018/10/02/14:03:26.116583,51579,1538481806,100650007,/world,vicon/IMUframe/IMUframe,-0.142605235252,0.187330568612,1.38454566749,-0.0230864982085,-0.00998133189901,0.0486277229257,0.99850024095
2018/10/02/14:03:26.126481,51580,1538481806,110662115,/world,vicon/IMUframe/IMUframe,-0.142533498826,0.187241039768,1.38458466371,-0.0230748373271,-0.00990245877112,0.0486979163975,0.998497874876
2018/10/02/14:03:26.136182,51581,1538481806,120675524,/world,vicon/IMUframe/IMUframe,-0.142465114826,0.187160288675,1.38461425419,-0.0230255338861,-0.00978959097379,0.0487755316429,0.998496337605
2018/10/02/14:03:26.146327,51582,1538481806,130644003,/world,vicon/IMUframe/IMUframe,-0.14238473978,0.18706240883,1.38465976587,-0.0230128331806,-0.0096613727597,0.048875010914,0.998493014845
2018/10/02/14:03:26.156266,51583,1538481806,140668019,/world,vicon/IMUframe/IMUframe,-0.142328559468,0.186992886795,1.38471752665,-0.0229898447005,-0.00948783400259,0.0489624039331,0.998490926873
2018/10/02/14:03:26.166407,51584,1538481806,150660190,/world,vicon/IMUframe/IMUframe,-0.142244683341,0.18691677242,1.38477281231,-0.0229633752722,-0.00931848291688,0.0490744367882,0.998487630833
2018/10/02/14:03:26.176484,51585,1538481806,160682352,/world,vicon/IMUframe/IMUframe,-0.142254841833,0.186910769635,1.38485329514,-0.0228907265464,-0.00910863280458,0.0492321879651,0.998483469625
2018/10/02/14:03:26.186593,51586,1538481806,170709239,/world,vicon/IMUframe/IMUframe,-0.142182559495,0.186846438366,1.38493945226,-0.0229054610175,-0.00890279879542,0.0493257013174,0.998480372976
2018/10/02/14:03:26.196536,51587,1538481806,180684551,/world,vicon/IMUframe/IMUframe,-0.14212055488,0.186781356253,1.3850109589,-0.0229904188294,-0.00873103906212,0.0494253506831,0.998475009356
2018/10/02/14:03:26.206556,51588,1538481806,190709220,/world,vicon/IMUframe/IMUframe,-0.142000683625,0.186667302484,1.38507847996,-0.0231796953899,-0.00859777545236,0.0493780447114,0.9984741302
2018/10/02/14:03:26.216581,51589,1538481806,200660456,/world,vicon/IMUframe/IMUframe,-0.141878688221,0.186680539377,1.3851874507,-0.0232469732385,-0.00853540711566,0.0494640978158,0.998468841821
2018/10/02/14:03:26.226496,51590,1538481806,210640356,/world,vicon/IMUframe/IMUframe,-0.141842371912,0.186633633626,1.3852437488,-0.0234209864053,-0.00844877672111,0.0494980534751,0.998463829225
2018/10/02/14:03:26.236129,51591,1538481806,220662622,/world,vicon/IMUframe/IMUframe,-0.141809848972,0.186594771913,1.38528651596,-0.0235223038791,-0.00842581598274,0.0495800385215,0.998457573773
2018/10/02/14:03:26.246164,51592,1538481806,230682404,/world,vicon/IMUframe/IMUframe,-0.141796759167,0.186557177571,1.3853189015,-0.0236839493137,-0.00841303112104,0.0495764463005,0.998454038714
2018/10/02/14:03:26.256189,51593,1538481806,240693389,/world,vicon/IMUframe/IMUframe,-0.141774781626,0.186526146888,1.38534826018,-0.0237810434331,-0.00843690074403,0.0495196714571,0.998454346887
2018/10/02/14:03:26.266130,51594,1538481806,250700432,/world,vicon/IMUframe/IMUframe,-0.141763486572,0.186485704356,1.38537025933,-0.0238660026673,-0.00852381374227,0.0495205071043,0.998451540082
2018/10/02/14:03:26.276167,51595,1538481806,260660583,/world,vicon/IMUframe/IMUframe,-0.141770124959,0.186441940213,1.38536749639,-0.0238907094126,-0.0085847121592,0.0495703852701,0.998447952387
2018/10/02/14:03:26.286239,51596,1538481806,270719114,/world,vicon/IMUframe/IMUframe,-0.141769654099,0.186387899516,1.38536303651,-0.023912057799,-0.00868060977723,0.0495985479006,0.998445213596
2018/10/02/14:03:26.296390,51597,1538481806,280662867,/world,vicon/IMUframe/IMUframe,-0.141806361913,0.186333150675,1.38536222025,-0.0238729752266,-0.00873234761685,0.0496455815145,0.998443360134
2018/10/02/14:03:26.306241,51598,1538481806,290687347,/world,vicon/IMUframe/IMUframe,-0.141821065274,0.186287773732,1.38535424143,-0.0238648782178,-0.00881712548959,0.0496551758709,0.998442331532
2018/10/02/14:03:26.316446,51599,1538481806,300663109,/world,vicon/IMUframe/IMUframe,-0.141865187194,0.186225363156,1.38535182541,-0.0238344282303,-0.00886292220292,0.0496889163068,0.998440974839
2018/10/02/14:03:26.326446,51600,1538481806,310668906,/world,vicon/IMUframe/IMUframe,-0.141891573974,0.186168120339,1.38533668773,-0.0238247535585,-0.0089296141246,0.0496922487684,0.998440445656
2018/10/02/14:03:26.336443,51601,1538481806,320664468,/world,vicon/IMUframe/IMUframe,-0.142011222513,0.18606776865,1.38528490879,-0.0238638210789,-0.0088972602232,0.0497030946418,0.998439261641
2018/10/02/14:03:26.346531,51602,1538481806,330666853,/world,vicon/IMUframe/IMUframe,-0.142085087287,0.186011394387,1.38528381627,-0.0238806986129,-0.008964373695,0.049567447661,0.998445001175
2018/10/02/14:03:26.356340,51603,1538481806,340667819,/world,vicon/IMUframe/IMUframe,-0.142154016122,0.185984466857,1.38525579884,-0.0238811474553,-0.00903008665786,0.0494222486862,0.998451596056
2018/10/02/14:03:26.366462,51604,1538481806,350650414,/world,vicon/IMUframe/IMUframe,-0.142220635006,0.185935890091,1.38523928591,-0.0238559125669,-0.00912285549547,0.0493090462123,0.998456952955
2018/10/02/14:03:26.376196,51605,1538481806,360635769,/world,vicon/IMUframe/IMUframe,-0.142297783013,0.185904281329,1.38523757558,-0.0237720688208,-0.00920626997879,0.0491870551198,0.998464204138
2018/10/02/14:03:26.386419,51606,1538481806,370650844,/world,vicon/IMUframe/IMUframe,-0.142344952975,0.185859602403,1.38522963788,-0.0236658864677,-0.0092505565965,0.0491706588688,0.99846712481
2018/10/02/14:03:26.396336,51607,1538481806,380676523,/world,vicon/IMUframe/IMUframe,-0.142391934839,0.185825113936,1.38523625997,-0.0235932034281,-0.00923760985981,0.0491628266286,0.998469350453
2018/10/02/14:03:26.406201,51608,1538481806,390651138,/world,vicon/IMUframe/IMUframe,-0.142533320143,0.185834637745,1.38528135849,-0.023550449789,-0.00917833070155,0.0491542553568,0.998471328452
2018/10/02/14:03:26.416211,51609,1538481806,400639774,/world,vicon/IMUframe/IMUframe,-0.142613644844,0.185803305781,1.38529519397,-0.023585603734,-0.00906215263029,0.049111987403,0.998473639802
2018/10/02/14:03:26.426233,51610,1538481806,410676187,/world,vicon/IMUframe/IMUframe,-0.142675858144,0.185758039764,1.38533263646,-0.0236414674328,-0.0089428445319,0.0490832947316,0.998474805254
2018/10/02/14:03:26.436474,51611,1538481806,420678333,/world,vicon/IMUframe/IMUframe,-0.14266133653,0.185671637102,1.38535135463,-0.0237540988058,-0.00876842884644,0.0489766271121,0.998478916874
2018/10/02/14:03:26.446363,51612,1538481806,430692409,/world,vicon/IMUframe/IMUframe,-0.1427245599,0.185629926183,1.38538704764,-0.0237928337588,-0.00855616125051,0.0489567512399,0.998480810869
2018/10/02/14:03:26.456458,51613,1538481806,440671848,/world,vicon/IMUframe/IMUframe,-0.142810340076,0.185618847617,1.38542734663,-0.0238260887959,-0.00834124825553,0.0488458384637,0.998487268389
2018/10/02/14:03:26.466614,51614,1538481806,450663309,/world,vicon/IMUframe/IMUframe,-0.142880897322,0.185589486391,1.3854542652,-0.0238461128945,-0.00817671167775,0.0487365071946,0.998493493796
2018/10/02/14:03:26.476682,51615,1538481806,460666589,/world,vicon/IMUframe/IMUframe,-0.142969714331,0.185574166535,1.3854761164,-0.0238202744193,-0.00803603813544,0.0486170909146,0.998501074155
2018/10/02/14:03:26.486553,51616,1538481806,470715541,/world,vicon/IMUframe/IMUframe,-0.143132959605,0.185632300511,1.38551409452,-0.0237573674784,-0.0078921353126,0.0485288445545,0.998508013457
2018/10/02/14:03:26.496441,51617,1538481806,480695384,/world,vicon/IMUframe/IMUframe,-0.143210917313,0.185632722153,1.38550884957,-0.0237235974844,-0.0078655371225,0.0483715564712,0.998516658235
2018/10/02/14:03:26.506413,51618,1538481806,490647038,/world,vicon/IMUframe/IMUframe,-0.143299379722,0.185642765288,1.38550560466,-0.0236819917532,-0.0078318760772,0.0481780624986,0.998527265165
2018/10/02/14:03:26.516348,51619,1538481806,500667071,/world,vicon/IMUframe/IMUframe,-0.143278210129,0.185558333783,1.38548936369,-0.0236931250642,-0.00789258144216,0.0480014790424,0.998535027424
2018/10/02/14:03:26.526497,51620,1538481806,510666246,/world,vicon/IMUframe/IMUframe,-0.143332391736,0.185542606751,1.38547560817,-0.0236750835315,-0.00793240888239,0.0479410046721,0.998538045034
2018/10/02/14:03:26.536423,51621,1538481806,520648136,/world,vicon/IMUframe/IMUframe,-0.143477384769,0.185585986287,1.38547014275,-0.0235618755155,-0.0079434574215,0.0480203204875,0.998536823721
2018/10/02/14:03:26.546308,51622,1538481806,530664955,/world,vicon/IMUframe/IMUframe,-0.143518822494,0.18556320711,1.38546612736,-0.0235052145993,-0.00791835098119,0.0480887601034,0.998535064861
2018/10/02/14:03:26.556597,51623,1538481806,540688808,/world,vicon/IMUframe/IMUframe,-0.143478070958,0.185478757294,1.38544611219,-0.0235601072013,-0.00795187145965,0.0480783168499,0.998534007702
2018/10/02/14:03:26.566408,51624,1538481806,550647279,/world,vicon/IMUframe/IMUframe,-0.143514103363,0.185443875522,1.38544487857,-0.0235935818237,-0.0079257126924,0.0481208705649,0.998531375467
2018/10/02/14:03:26.576181,51625,1538481806,560655896,/world,vicon/IMUframe/IMUframe,-0.14351928203,0.18541699199,1.38543541231,-0.0236850946753,-0.00792478205722,0.0481895680024,0.998525903347
2018/10/02/14:03:26.586377,51626,1538481806,570665753,/world,vicon/IMUframe/IMUframe,-0.14353470704,0.185379854732,1.38541114122,-0.0238042789007,-0.00791270598474,0.0482858258553,0.998518514807
2018/10/02/14:03:26.596635,51627,1538481806,580662239,/world,vicon/IMUframe/IMUframe,-0.143554129858,0.185362491616,1.38540779431,-0.0239423996999,-0.00792786583603,0.048348811466,0.998512044429
2018/10/02/14:03:26.606279,51628,1538481806,590648326,/world,vicon/IMUframe/IMUframe,-0.143556614514,0.185335840131,1.38537465453,-0.0240531527215,-0.0079233462271,0.0484786019822,0.998503125473
2018/10/02/14:03:26.616155,51629,1538481806,600674010,/world,vicon/IMUframe/IMUframe,-0.143555097942,0.185317782876,1.3853423691,-0.0241165517733,-0.00796165249503,0.0485683799992,0.99849692863
2018/10/02/14:03:26.626300,51630,1538481806,610677016,/world,vicon/IMUframe/IMUframe,-0.143537367613,0.185267473226,1.38531490182,-0.02412452697,-0.00797661869415,0.048756365567,0.998487454888
2018/10/02/14:03:26.636236,51631,1538481806,620662866,/world,vicon/IMUframe/IMUframe,-0.143512072786,0.185227210293,1.38526360429,-0.0240970515153,-0.0080157270083,0.0489606682622,0.998477808062
2018/10/02/14:03:26.646326,51632,1538481806,630669370,/world,vicon/IMUframe/IMUframe,-0.143461154901,0.185242670648,1.38524511696,-0.0239620419331,-0.00798872184944,0.0488573511714,0.998486334461
2018/10/02/14:03:26.656222,51633,1538481806,640694910,/world,vicon/IMUframe/IMUframe,-0.143461950649,0.18511108296,1.38517322025,-0.0239760220577,-0.00809179888287,0.0493324699787,0.998461807263
2018/10/02/14:03:26.666294,51634,1538481806,650650653,/world,vicon/IMUframe/IMUframe,-0.143435820039,0.185078516592,1.38510455069,-0.0238642914586,-0.00814783054229,0.0494533622311,0.998458047899
2018/10/02/14:03:26.676178,51635,1538481806,660680483,/world,vicon/IMUframe/IMUframe,-0.14338216454,0.185036469266,1.3850421599,-0.0237535684183,-0.0082627006027,0.0496245674668,0.998451249721
2018/10/02/14:03:26.686059,51636,1538481806,670660013,/world,vicon/IMUframe/IMUframe,-0.143310743904,0.185002645739,1.38497476932,-0.023657133631,-0.00836848225345,0.0497649384516,0.998445671749
2018/10/02/14:03:26.696110,51637,1538481806,680644774,/world,vicon/IMUframe/IMUframe,-0.143225672373,0.184983041678,1.3849105048,-0.0235242620298,-0.00847197702307,0.0499006933653,0.998441162765
2018/10/02/14:03:26.706120,51638,1538481806,690654870,/world,vicon/IMUframe/IMUframe,-0.143147794858,0.184988683558,1.38487597599,-0.023520766289,-0.00852823827664,0.049912707679,0.998440165617
2018/10/02/14:03:26.716207,51639,1538481806,700704306,/world,vicon/IMUframe/IMUframe,-0.143053349949,0.184989530271,1.38484402352,-0.0235013015218,-0.00855101367143,0.0499845012898,0.998436837573
2018/10/02/14:03:26.726220,51640,1538481806,710675878,/world,vicon/IMUframe/IMUframe,-0.142985704243,0.185013265,1.3848205755,-0.023568947564,-0.00849068205119,0.0498882598513,0.99844057137
2018/10/02/14:03:26.736141,51641,1538481806,720675366,/world,vicon/IMUframe/IMUframe,-0.142888173411,0.185042100037,1.38481463195,-0.0236117902588,-0.00838285500372,0.0498697092821,0.998441396978
2018/10/02/14:03:26.746283,51642,1538481806,730671801,/world,vicon/IMUframe/IMUframe,-0.142807013082,0.185078144382,1.38481127857,-0.0236943070944,-0.0082210241453,0.0497881244989,0.998444859385
2018/10/02/14:03:26.756196,51643,1538481806,740695924,/world,vicon/IMUframe/IMUframe,-0.142714696183,0.185097198237,1.38481480697,-0.0236954222038,-0.00800987368902,0.0498169405308,0.998445111824
2018/10/02/14:03:26.766406,51644,1538481806,750675985,/world,vicon/IMUframe/IMUframe,-0.142630753367,0.185130224994,1.38482474881,-0.0237067775871,-0.0077976023215,0.0498169297561,0.998446523157
2018/10/02/14:03:26.776293,51645,1538481806,760673598,/world,vicon/IMUframe/IMUframe,-0.142543555862,0.185159091566,1.38480261875,-0.0236843678452,-0.00757844624756,0.0498537427428,0.998446905051
2018/10/02/14:03:26.786287,51646,1538481806,770662794,/world,vicon/IMUframe/IMUframe,-0.142445496591,0.185184891643,1.38480032521,-0.0236034621102,-0.00739845161948,0.0499315791636,0.998446281425
2018/10/02/14:03:26.796455,51647,1538481806,780687621,/world,vicon/IMUframe/IMUframe,-0.142337560797,0.185211391465,1.38478164784,-0.023512920304,-0.00727729482537,0.0500152668687,0.998445119493
2018/10/02/14:03:26.806592,51648,1538481806,790688187,/world,vicon/IMUframe/IMUframe,-0.142244099784,0.185238316187,1.38475937459,-0.0233999485647,-0.00710892870007,0.0500375029411,0.99844787237
2018/10/02/14:03:26.816474,51649,1538481806,800651152,/world,vicon/IMUframe/IMUframe,-0.142160052477,0.185265215488,1.38473703443,-0.0232636501756,-0.00709372810163,0.0501024160917,0.998447910261
2018/10/02/14:03:26.826401,51650,1538481806,810669180,/world,vicon/IMUframe/IMUframe,-0.1420862238,0.185287660778,1.3847031739,-0.0231640144238,-0.00706903621234,0.0501445764857,0.998448285397
2018/10/02/14:03:26.836520,51651,1538481806,820666193,/world,vicon/IMUframe/IMUframe,-0.142020050926,0.185302974873,1.38467475631,-0.0230565739344,-0.00711151875921,0.0502265571114,0.998446349916
2018/10/02/14:03:26.846706,51652,1538481806,830669326,/world,vicon/IMUframe/IMUframe,-0.141943455552,0.185317061268,1.38464759124,-0.0229505247903,-0.00718556168063,0.0502926101244,0.998444938132
2018/10/02/14:03:26.856543,51653,1538481806,840669666,/world,vicon/IMUframe/IMUframe,-0.141884124571,0.185329206001,1.38461227134,-0.0228998266695,-0.00731046764221,0.0503240013746,0.998443613774
2018/10/02/14:03:26.866505,51654,1538481806,850679179,/world,vicon/IMUframe/IMUframe,-0.141833950778,0.185356700394,1.38459381131,-0.0228396480789,-0.00742883719979,0.0503127494696,0.998444685546
2018/10/02/14:03:26.876309,51655,1538481806,860695326,/world,vicon/IMUframe/IMUframe,-0.141788343636,0.185386460419,1.38458964258,-0.0228384114855,-0.00755721314159,0.0502885029245,0.998444971926
2018/10/02/14:03:26.886145,51656,1538481806,870665784,/world,vicon/IMUframe/IMUframe,-0.141751972467,0.18541664581,1.38458426286,-0.0228895775626,-0.00768554127797,0.050264972798,0.998444005543
2018/10/02/14:03:26.896143,51657,1538481806,880668577,/world,vicon/IMUframe/IMUframe,-0.141704775333,0.185438610803,1.38459445172,-0.0229793862484,-0.00782099932338,0.0502610902295,0.998441086187
2018/10/02/14:03:26.906205,51658,1538481806,890671739,/world,vicon/IMUframe/IMUframe,-0.141685604358,0.185474292964,1.38463151184,-0.0231034047836,-0.00787342711279,0.0501799740408,0.998441892169
2018/10/02/14:03:26.916425,51659,1538481806,900722192,/world,vicon/IMUframe/IMUframe,-0.141644370599,0.185507298773,1.38466797261,-0.0232083953583,-0.00793819146436,0.0501603241473,0.998439931785
2018/10/02/14:03:26.926537,51660,1538481806,910679357,/world,vicon/IMUframe/IMUframe,-0.1416072405,0.185525461363,1.38473681788,-0.0233094272211,-0.00792057136376,0.050214892388,0.998434975216
2018/10/02/14:03:26.936371,51661,1538481806,920652414,/world,vicon/IMUframe/IMUframe,-0.141545925926,0.185535213662,1.38480009387,-0.023444143537,-0.00793775668322,0.0503403714166,0.998425365843
2018/10/02/14:03:26.946348,51662,1538481806,930670952,/world,vicon/IMUframe/IMUframe,-0.141489499068,0.185549198353,1.38487647888,-0.0235431222925,-0.00794895595388,0.0504226315355,0.998418796759
2018/10/02/14:03:26.956135,51663,1538481806,940641287,/world,vicon/IMUframe/IMUframe,-0.141449374028,0.185573353711,1.38495669641,-0.0236855681726,-0.00790998329557,0.0505047682034,0.998411585677
2018/10/02/14:03:26.966177,51664,1538481806,950647626,/world,vicon/IMUframe/IMUframe,-0.141408667892,0.185581947361,1.38505369568,-0.0238584384319,-0.00784698048701,0.050615018278,0.99840238368
2018/10/02/14:03:26.976334,51665,1538481806,960680607,/world,vicon/IMUframe/IMUframe,-0.141369762149,0.185581675287,1.38514721397,-0.0239845271225,-0.00775344992208,0.0507279573518,0.99839436137
2018/10/02/14:03:26.986241,51666,1538481806,970666148,/world,vicon/IMUframe/IMUframe,-0.141346204947,0.185598658211,1.38525546047,-0.0241732340901,-0.00766157889473,0.050744071202,0.998389700568
2018/10/02/14:03:26.996207,51667,1538481806,980685536,/world,vicon/IMUframe/IMUframe,-0.141314330001,0.185602077664,1.38535412261,-0.0243453201382,-0.00753333734464,0.0507508269157,0.998386151638
2018/10/02/14:03:27.006227,51668,1538481806,990672399,/world,vicon/IMUframe/IMUframe,-0.141315064462,0.1856176797,1.38545466778,-0.0244727767693,-0.00737908616232,0.050687075977,0.998387426109
2018/10/02/14:03:27.016305,51669,1538481807,664230,/world,vicon/IMUframe/IMUframe,-0.141299953884,0.1856323695,1.38554432094,-0.0245819275105,-0.00724632547308,0.0505815579835,0.998391068469
2018/10/02/14:03:27.026401,51670,1538481807,10691526,/world,vicon/IMUframe/IMUframe,-0.141232487099,0.185719447221,1.38566314024,-0.0246031038155,-0.00718806957927,0.0504428314624,0.998397986623
2018/10/02/14:03:27.036467,51671,1538481807,20670179,/world,vicon/IMUframe/IMUframe,-0.141235909344,0.185717212067,1.38574955443,-0.0246764328835,-0.00706292450652,0.0503531034307,0.998401599424
2018/10/02/14:03:27.046331,51672,1538481807,30654325,/world,vicon/IMUframe/IMUframe,-0.141250406595,0.185712394366,1.38582151989,-0.0247341796263,-0.00696393758328,0.0502646112963,0.998405324897
2018/10/02/14:03:27.056356,51673,1538481807,40670015,/world,vicon/IMUframe/IMUframe,-0.141269570429,0.185707787311,1.38587577379,-0.0247588518414,-0.00685903916993,0.0501934318124,0.998409020512
2018/10/02/14:03:27.066422,51674,1538481807,50664774,/world,vicon/IMUframe/IMUframe,-0.141289448385,0.185692617464,1.38592461942,-0.0247483007334,-0.00680902004421,0.0501363456431,0.998412492762
2018/10/02/14:03:27.076442,51675,1538481807,60674676,/world,vicon/IMUframe/IMUframe,-0.141315156757,0.18568798532,1.38595761125,-0.0247122202895,-0.00675622560558,0.0501595302307,0.998412580605
2018/10/02/14:03:27.086478,51676,1538481807,70655317,/world,vicon/IMUframe/IMUframe,-0.141311941473,0.18566754748,1.38597816432,-0.0246280818746,-0.00675934145105,0.050156020763,0.998414814828
2018/10/02/14:03:27.096418,51677,1538481807,80654462,/world,vicon/IMUframe/IMUframe,-0.141353404578,0.185661626874,1.38599481714,-0.0245973695322,-0.00684460342573,0.0501343626398,0.998416078846
2018/10/02/14:03:27.106440,51678,1538481807,90652470,/world,vicon/IMUframe/IMUframe,-0.141405700679,0.185652306885,1.38600051511,-0.0245426539603,-0.00698313344159,0.0500922715403,0.998418578711
2018/10/02/14:03:27.116409,51679,1538481807,100665675,/world,vicon/IMUframe/IMUframe,-0.141440383796,0.18562231492,1.38599749401,-0.0245157252479,-0.00713446752212,0.0500694652022,0.998419314338
2018/10/02/14:03:27.126484,51680,1538481807,110665540,/world,vicon/IMUframe/IMUframe,-0.141491145884,0.185610865319,1.38600446908,-0.0245413892189,-0.00726881779746,0.0500430760249,0.998419037802
2018/10/02/14:03:27.136463,51681,1538481807,120655081,/world,vicon/IMUframe/IMUframe,-0.141531405771,0.185591662933,1.38599867897,-0.0246008463629,-0.00737200597888,0.0499841853253,0.998419767985
2018/10/02/14:03:27.146391,51682,1538481807,130653359,/world,vicon/IMUframe/IMUframe,-0.14160786078,0.185580497978,1.38598894321,-0.0247582067634,-0.00751345423543,0.0498160573262,0.998423226711
2018/10/02/14:03:27.156252,51683,1538481807,140629793,/world,vicon/IMUframe/IMUframe,-0.141698242485,0.1855736366,1.38597477385,-0.0248584456318,-0.00766480154857,0.0496580674851,0.998427455968
2018/10/02/14:03:27.166456,51684,1538481807,150649855,/world,vicon/IMUframe/IMUframe,-0.14177530459,0.185559106851,1.3859420251,-0.0249153778216,-0.00787115987356,0.0495376816294,0.998430411641
2018/10/02/14:03:27.176405,51685,1538481807,160692496,/world,vicon/IMUframe/IMUframe,-0.141864743689,0.185587519451,1.38592781184,-0.0248856104124,-0.00815332770458,0.0493557144694,0.99843790147
2018/10/02/14:03:27.186531,51686,1538481807,170722078,/world,vicon/IMUframe/IMUframe,-0.141901774777,0.185608981876,1.38589880341,-0.0247849311971,-0.008528927433,0.049300377099,0.998440001903
2018/10/02/14:03:27.196464,51687,1538481807,180670066,/world,vicon/IMUframe/IMUframe,-0.141913803181,0.18563532914,1.38587584664,-0.0246763742919,-0.00893314525603,0.0491805119457,0.998445067449
2018/10/02/14:03:27.206336,51688,1538481807,190700518,/world,vicon/IMUframe/IMUframe,-0.141940541872,0.185684755492,1.38587720303,-0.0246190967739,-0.00938875864573,0.0489803266207,0.998452141512
2018/10/02/14:03:27.216390,51689,1538481807,200651989,/world,vicon/IMUframe/IMUframe,-0.141937838211,0.185729206126,1.38588158016,-0.0246530455889,-0.00981417435757,0.0487860144303,0.998456726213
2018/10/02/14:03:27.226439,51690,1538481807,210671863,/world,vicon/IMUframe/IMUframe,-0.14192220343,0.185760657911,1.38588704341,-0.0247384473781,-0.0101388345555,0.0487386163307,0.998453684721
2018/10/02/14:03:27.236349,51691,1538481807,220654279,/world,vicon/IMUframe/IMUframe,-0.141899708785,0.185804774589,1.38593809245,-0.0249224662768,-0.0103494194757,0.048684724041,0.998449577012
2018/10/02/14:03:27.246374,51692,1538481807,230669301,/world,vicon/IMUframe/IMUframe,-0.141843458003,0.185830750965,1.38600394036,-0.0251053439545,-0.0103946048528,0.0487596210379,0.998440871184
2018/10/02/14:03:27.256523,51693,1538481807,240693709,/world,vicon/IMUframe/IMUframe,-0.141797113342,0.185842395571,1.38606780364,-0.0253351748412,-0.010320762309,0.0489282126925,0.998427584146
2018/10/02/14:03:27.266528,51694,1538481807,250671502,/world,vicon/IMUframe/IMUframe,-0.141740981753,0.185861352733,1.3861442703,-0.0255541973616,-0.0101496199997,0.0491073669914,0.998414961185
2018/10/02/14:03:27.276464,51695,1538481807,260681251,/world,vicon/IMUframe/IMUframe,-0.141664072391,0.185852510425,1.38622221554,-0.0257679722585,-0.00989582932387,0.0493104436957,0.998402005362
2018/10/02/14:03:27.286338,51696,1538481807,270674923,/world,vicon/IMUframe/IMUframe,-0.141602020317,0.185844369165,1.38631974187,-0.0259703495168,-0.00956352929939,0.0495006060559,0.998390589826
2018/10/02/14:03:27.296558,51697,1538481807,280697701,/world,vicon/IMUframe/IMUframe,-0.141535181415,0.185833966354,1.38638919368,-0.0261213839309,-0.00927955851723,0.049651581052,0.998381832564
2018/10/02/14:03:27.306505,51698,1538481807,290680220,/world,vicon/IMUframe/IMUframe,-0.141471957925,0.185826860402,1.38643734473,-0.0262499265463,-0.00901774087016,0.0497383405717,0.998376541783
2018/10/02/14:03:27.316202,51699,1538481807,300668287,/world,vicon/IMUframe/IMUframe,-0.141407488805,0.185833218964,1.3864735019,-0.0262713988914,-0.00884913221305,0.0497520783571,0.998376801192
2018/10/02/14:03:27.326293,51700,1538481807,310656198,/world,vicon/IMUframe/IMUframe,-0.141325101932,0.185827587521,1.38647836059,-0.0262006632887,-0.0087203192178,0.0497814111931,0.998378331283
2018/10/02/14:03:27.336318,51701,1538481807,320678860,/world,vicon/IMUframe/IMUframe,-0.141261687027,0.185832465422,1.38645398824,-0.0260427900061,-0.00861845994735,0.0497285597601,0.998385980261
2018/10/02/14:03:27.346475,51702,1538481807,330668436,/world,vicon/IMUframe/IMUframe,-0.141196632662,0.185812489901,1.38643423961,-0.0258412726665,-0.00854889899405,0.0496905642094,0.998393706301
2018/10/02/14:03:27.356247,51703,1538481807,340686404,/world,vicon/IMUframe/IMUframe,-0.141120061129,0.185772725168,1.38639438169,-0.0256506426987,-0.00843934337605,0.0497116119726,0.998398506433
2018/10/02/14:03:27.366206,51704,1538481807,350653947,/world,vicon/IMUframe/IMUframe,-0.141048665432,0.185706314059,1.38632105321,-0.0254183534283,-0.00831452952913,0.0497871613751,0.998401730001
2018/10/02/14:03:27.376315,51705,1538481807,360683492,/world,vicon/IMUframe/IMUframe,-0.140996699376,0.18564580487,1.38624263356,-0.0251520656508,-0.00821698181826,0.0498926742872,0.998404014343
2018/10/02/14:03:27.386292,51706,1538481807,370719609,/world,vicon/IMUframe/IMUframe,-0.140960681968,0.185584687442,1.38612388807,-0.0248517867956,-0.00809719490347,0.0500808866503,0.998403089398
2018/10/02/14:03:27.396283,51707,1538481807,380690364,/world,vicon/IMUframe/IMUframe,-0.140940421782,0.185526427541,1.38600639067,-0.0245828186764,-0.00802201567894,0.0502062660263,0.998404058056
2018/10/02/14:03:27.406224,51708,1538481807,390693961,/world,vicon/IMUframe/IMUframe,-0.140921081294,0.185467962265,1.38587625981,-0.0243169823023,-0.00799787538633,0.0503961521615,0.998401195015
2018/10/02/14:03:27.416487,51709,1538481807,400699120,/world,vicon/IMUframe/IMUframe,-0.14091301075,0.185410815086,1.38573691835,-0.0241282061243,-0.00804687880305,0.0504891328738,0.99840068353
2018/10/02/14:03:27.426341,51710,1538481807,410703068,/world,vicon/IMUframe/IMUframe,-0.140926840874,0.185385679914,1.38559981979,-0.0239378181171,-0.00818769591755,0.0505308819496,0.998402009447
2018/10/02/14:03:27.436210,51711,1538481807,420654298,/world,vicon/IMUframe/IMUframe,-0.140955689442,0.185381214826,1.38543785057,-0.0237568291881,-0.00845201506969,0.0504766411044,0.99840687358
2018/10/02/14:03:27.446206,51712,1538481807,430670384,/world,vicon/IMUframe/IMUframe,-0.140989459455,0.185389311516,1.38529349073,-0.0235909354564,-0.0087239303704,0.0503842724721,0.998413133873
2018/10/02/14:03:27.456418,51713,1538481807,440702861,/world,vicon/IMUframe/IMUframe,-0.141112849127,0.185370312041,1.38513418282,-0.0235230964392,-0.00900937336504,0.0502310164737,0.998419921731
2018/10/02/14:03:27.466500,51714,1538481807,450679727,/world,vicon/IMUframe/IMUframe,-0.141166811443,0.185422520528,1.38502046887,-0.0233767188619,-0.00937029119594,0.0501135439635,0.998425940854
2018/10/02/14:03:27.476507,51715,1538481807,460658447,/world,vicon/IMUframe/IMUframe,-0.141214605206,0.18548893629,1.38493531771,-0.023304048394,-0.0096955899065,0.0499847820272,0.998430988316
2018/10/02/14:03:27.486565,51716,1538481807,470674787,/world,vicon/IMUframe/IMUframe,-0.141280793398,0.185572509142,1.38487815309,-0.0233271543282,-0.0100385488974,0.0498067055048,0.998435958634
2018/10/02/14:03:27.496528,51717,1538481807,480683363,/world,vicon/IMUframe/IMUframe,-0.141303826281,0.185631075835,1.38483495035,-0.0233976681497,-0.0102633936447,0.0497472457536,0.998434987075
2018/10/02/14:03:27.506326,51718,1538481807,490670760,/world,vicon/IMUframe/IMUframe,-0.14133054732,0.185707298758,1.38483874941,-0.0235614499804,-0.0104806494271,0.0496128431118,0.998435566204
2018/10/02/14:03:27.516433,51719,1538481807,500684739,/world,vicon/IMUframe/IMUframe,-0.14136742564,0.185809970685,1.38486379019,-0.0238151982093,-0.0106238682812,0.0494193379517,0.998437628895
2018/10/02/14:03:27.526555,51720,1538481807,510690647,/world,vicon/IMUframe/IMUframe,-0.141390678309,0.185908999075,1.38489716809,-0.024069299822,-0.0106884864256,0.0493270593163,0.998435409169
2018/10/02/14:03:27.536632,51721,1538481807,520704316,/world,vicon/IMUframe/IMUframe,-0.141310876394,0.186051756133,1.38500034759,-0.0242824765792,-0.0107848451952,0.0493105568724,0.998430026304
2018/10/02/14:03:27.546651,51722,1538481807,530703720,/world,vicon/IMUframe/IMUframe,-0.141290202202,0.186100179165,1.38506041772,-0.0244721378752,-0.0107553950181,0.0494267125809,0.998419969767
2018/10/02/14:03:27.556352,51723,1538481807,540692236,/world,vicon/IMUframe/IMUframe,-0.141251085195,0.186136049368,1.38514274363,-0.0246368055065,-0.0106335836154,0.0495848557252,0.998409383368
2018/10/02/14:03:27.566224,51724,1538481807,550703811,/world,vicon/IMUframe/IMUframe,-0.141185878717,0.186140795496,1.38525164367,-0.0247644788339,-0.0105063160351,0.0498474716129,0.998394494919
2018/10/02/14:03:27.576280,51725,1538481807,560697972,/world,vicon/IMUframe/IMUframe,-0.141105263687,0.186151525713,1.38534568333,-0.0249172753061,-0.01034570876,0.0501108109185,0.998379187649
2018/10/02/14:03:27.586296,51726,1538481807,570660973,/world,vicon/IMUframe/IMUframe,-0.141020015919,0.186156837787,1.38544585957,-0.0250401181664,-0.0101937744001,0.0503281113847,0.998366746567
2018/10/02/14:03:27.596231,51727,1538481807,580684636,/world,vicon/IMUframe/IMUframe,-0.14094438253,0.186157116156,1.38554645347,-0.025127182372,-0.0100160519688,0.0505638693077,0.99835444534
2018/10/02/14:03:27.606398,51728,1538481807,590704138,/world,vicon/IMUframe/IMUframe,-0.140854740936,0.186162823862,1.38563894545,-0.025214714493,-0.00982449026811,0.0507041600711,0.998347026697
2018/10/02/14:03:27.616404,51729,1538481807,600733446,/world,vicon/IMUframe/IMUframe,-0.140773669999,0.186147716195,1.38571492751,-0.0252511819311,-0.00965125180689,0.05089207037,0.998338233427
2018/10/02/14:03:27.626507,51730,1538481807,610676812,/world,vicon/IMUframe/IMUframe,-0.140655152114,0.1861124978,1.3858031674,-0.0252071725775,-0.00940982008661,0.051176328346,0.998327119312
2018/10/02/14:03:27.636616,51731,1538481807,620675835,/world,vicon/IMUframe/IMUframe,-0.140560689097,0.186106919483,1.38588487397,-0.0251584660594,-0.00914311188415,0.0513557324447,0.998321613427
2018/10/02/14:03:27.646577,51732,1538481807,630677140,/world,vicon/IMUframe/IMUframe,-0.140479964562,0.186107917235,1.38597133855,-0.0251723039042,-0.00896273243181,0.0514736022288,0.998316829878
2018/10/02/14:03:27.656586,51733,1538481807,640707280,/world,vicon/IMUframe/IMUframe,-0.140389802943,0.186121578379,1.38605936446,-0.0252112364999,-0.00875746583403,0.0516265300135,0.998309772438
2018/10/02/14:03:27.666351,51734,1538481807,650657859,/world,vicon/IMUframe/IMUframe,-0.140317459085,0.18614702313,1.38612455635,-0.0252998091466,-0.00861677121208,0.051706535989,0.998304615359
2018/10/02/14:03:27.676496,51735,1538481807,660705795,/world,vicon/IMUframe/IMUframe,-0.140248319178,0.186201353761,1.38622661276,-0.0254438842915,-0.00853339782836,0.0516774556156,0.998303175621
2018/10/02/14:03:27.686432,51736,1538481807,670696269,/world,vicon/IMUframe/IMUframe,-0.140176741106,0.186278433551,1.38631660798,-0.0256443645158,-0.00841176186713,0.0515645655317,0.998304915551
2018/10/02/14:03:27.696292,51737,1538481807,680657230,/world,vicon/IMUframe/IMUframe,-0.140124357293,0.186367436249,1.38641327037,-0.0259022940238,-0.0083707098325,0.0514340315365,0.998305335447
2018/10/02/14:03:27.706334,51738,1538481807,690655750,/world,vicon/IMUframe/IMUframe,-0.140066023462,0.18645882228,1.38651079396,-0.0260526182078,-0.00836159814799,0.0513435396035,0.998306158301
2018/10/02/14:03:27.716281,51739,1538481807,700688913,/world,vicon/IMUframe/IMUframe,-0.139986076483,0.18651032162,1.386577296,-0.0262058603083,-0.00835694117417,0.0514246867178,0.998298009622
2018/10/02/14:03:27.726407,51740,1538481807,710720667,/world,vicon/IMUframe/IMUframe,-0.139930138529,0.186567248348,1.3866517411,-0.0263051408848,-0.00836690934689,0.0514161041194,0.998295757092
2018/10/02/14:03:27.736561,51741,1538481807,720698109,/world,vicon/IMUframe/IMUframe,-0.139886106384,0.186632847788,1.38672210118,-0.0264288167438,-0.00841834295458,0.0514222659255,0.998291740782
2018/10/02/14:03:27.746390,51742,1538481807,730675682,/world,vicon/IMUframe/IMUframe,-0.1398120652,0.186660663218,1.38678090792,-0.0264555207198,-0.00847211528496,0.0515730211337,0.998282801704
2018/10/02/14:03:27.756502,51743,1538481807,740678278,/world,vicon/IMUframe/IMUframe,-0.139759095484,0.186690417662,1.38681696035,-0.0264841181997,-0.00855327888138,0.0517605806542,0.99827164399
2018/10/02/14:03:27.766202,51744,1538481807,750655057,/world,vicon/IMUframe/IMUframe,-0.139705021226,0.186714942127,1.38685052052,-0.0264910790065,-0.00861471268981,0.0520345524545,0.998256687836
2018/10/02/14:03:27.776297,51745,1538481807,760660679,/world,vicon/IMUframe/IMUframe,-0.139661637609,0.186744455306,1.38687110142,-0.026583487564,-0.00867133592444,0.0522997487203,0.998239882196
2018/10/02/14:03:27.786286,51746,1538481807,770685220,/world,vicon/IMUframe/IMUframe,-0.139598376767,0.186754088989,1.38690579487,-0.0266914241923,-0.00879623628611,0.0525458498467,0.998222984992
2018/10/02/14:03:27.796492,51747,1538481807,780704453,/world,vicon/IMUframe/IMUframe,-0.139565068127,0.186783797283,1.38691144438,-0.0268554828828,-0.00887510668656,0.0526306166877,0.998213420921
2018/10/02/14:03:27.806516,51748,1538481807,790665584,/world,vicon/IMUframe/IMUframe,-0.139535848956,0.186810576396,1.38692286127,-0.0270214111085,-0.00894370703539,0.0527259317996,0.998203300717
2018/10/02/14:03:27.816586,51749,1538481807,800677943,/world,vicon/IMUframe/IMUframe,-0.13952927825,0.186861578901,1.38693890901,-0.0271445539738,-0.00904648872487,0.0526489895405,0.998203094631
2018/10/02/14:03:27.826436,51750,1538481807,810679099,/world,vicon/IMUframe/IMUframe,-0.139495444058,0.186896630111,1.38694004048,-0.027202893602,-0.00911942011234,0.0526541104062,0.998200572738
2018/10/02/14:03:27.836571,51751,1538481807,820722075,/world,vicon/IMUframe/IMUframe,-0.139484583223,0.186922435827,1.38695115451,-0.0271785028527,-0.00919055529212,0.0527018963804,0.998198062908
2018/10/02/14:03:27.846430,51752,1538481807,830661599,/world,vicon/IMUframe/IMUframe,-0.139465846685,0.186939683057,1.38696432392,-0.027089032851,-0.00924918728997,0.05278076701,0.99819578614
2018/10/02/14:03:27.856407,51753,1538481807,840679900,/world,vicon/IMUframe/IMUframe,-0.13944628849,0.186953010694,1.38697288936,-0.026948239131,-0.00929395772632,0.0528362549042,0.998196245698
2018/10/02/14:03:27.866284,51754,1538481807,850674140,/world,vicon/IMUframe/IMUframe,-0.139441368434,0.186980073613,1.38700302736,-0.026765450149,-0.00926990323399,0.0529106482956,0.998197446836
2018/10/02/14:03:27.876318,51755,1538481807,860654289,/world,vicon/IMUframe/IMUframe,-0.13944851618,0.187004345487,1.38703008385,-0.0266525718296,-0.00922680231039,0.0528796365646,0.9982025098
2018/10/02/14:03:27.886534,51756,1538481807,870700056,/world,vicon/IMUframe/IMUframe,-0.139478328279,0.187043695117,1.3870597444,-0.0265920025339,-0.00920555186506,0.0527945159295,0.998208827002
2018/10/02/14:03:27.896565,51757,1538481807,880679285,/world,vicon/IMUframe/IMUframe,-0.139494764486,0.187045015381,1.38712838109,-0.0266700317625,-0.00920552575913,0.0526204170224,0.998215938269
2018/10/02/14:03:27.906583,51758,1538481807,890664286,/world,vicon/IMUframe/IMUframe,-0.139524413357,0.187055896654,1.38720460254,-0.0267962614391,-0.00920907084602,0.0523026207176,0.998229226808
2018/10/02/14:03:27.916540,51759,1538481807,900677792,/world,vicon/IMUframe/IMUframe,-0.139545913166,0.187036808352,1.38731524616,-0.0269579611609,-0.00921454487927,0.0520268779601,0.998239232079
2018/10/02/14:03:27.926556,51760,1538481807,910689247,/world,vicon/IMUframe/IMUframe,-0.139513117912,0.186969412442,1.38745681605,-0.0270496274824,-0.00923362477915,0.0519907593661,0.998238457868
2018/10/02/14:03:27.936576,51761,1538481807,920681484,/world,vicon/IMUframe/IMUframe,-0.139487307701,0.186895442907,1.38763612261,-0.0270879556187,-0.00912651460297,0.0520597851695,0.998234806125
2018/10/02/14:03:27.946474,51762,1538481807,930680023,/world,vicon/IMUframe/IMUframe,-0.139435190653,0.186767211512,1.38785467642,-0.0271314307698,-0.00890352221664,0.0524324242186,0.998216135738
2018/10/02/14:03:27.956471,51763,1538481807,940687330,/world,vicon/IMUframe/IMUframe,-0.13937879289,0.186658889745,1.38809895775,-0.0272284215015,-0.00867447308553,0.0529135897893,0.998190121467
2018/10/02/14:03:27.966401,51764,1538481807,950676774,/world,vicon/IMUframe/IMUframe,-0.139315339124,0.186543284225,1.38838247154,-0.0273766948587,-0.00832888518352,0.0534664740833,0.998159547567
2018/10/02/14:03:27.976580,51765,1538481807,960683633,/world,vicon/IMUframe/IMUframe,-0.139149505683,0.186362864308,1.38876449983,-0.0274897862709,-0.0078648707246,0.0539224953304,0.998135672119
2018/10/02/14:03:27.986547,51766,1538481807,970673752,/world,vicon/IMUframe/IMUframe,-0.139081138307,0.186287196747,1.38908623288,-0.0280676736141,-0.00762813430898,0.0543048737973,0.998100695294
2018/10/02/14:03:27.996162,51767,1538481807,980709820,/world,vicon/IMUframe/IMUframe,-0.138957518438,0.186316492729,1.38946477904,-0.0285445978573,-0.00744977201547,0.0545548120658,0.998074886625
2018/10/02/14:03:28.006063,51768,1538481807,990665471,/world,vicon/IMUframe/IMUframe,-0.138957968368,0.186284748942,1.38975497994,-0.0293247895161,-0.00717673768155,0.054587825337,0.998052463792
2018/10/02/14:03:28.016243,51769,1538481808,789440,/world,vicon/IMUframe/IMUframe,-0.138850099183,0.186369288149,1.39011220151,-0.029958454235,-0.00716798749041,0.054503100885,0.998038337425
2018/10/02/14:03:28.026105,51770,1538481808,10787985,/world,vicon/IMUframe/IMUframe,-0.138797673218,0.186418850393,1.39037592988,-0.0305522826027,-0.00716576864718,0.0543580666748,0.998028261311
2018/10/02/14:03:28.036162,51771,1538481808,20808076,/world,vicon/IMUframe/IMUframe,-0.138752143676,0.186498889705,1.39061560779,-0.0310433593246,-0.0072359378361,0.054133944118,0.998024782828
2018/10/02/14:03:28.046111,51772,1538481808,30797608,/world,vicon/IMUframe/IMUframe,-0.138694401953,0.186594802949,1.39080346235,-0.031359830048,-0.00732196772745,0.0539156004649,0.998026080759
2018/10/02/14:03:28.056767,51773,1538481808,40792419,/world,vicon/IMUframe/IMUframe,-0.138661731032,0.186709203787,1.39095368872,-0.0314662772994,-0.00744913151635,0.0535542026091,0.998041247252
2018/10/02/14:03:28.066560,51774,1538481808,50697945,/world,vicon/IMUframe/IMUframe,-0.1386051731,0.186801222137,1.39107623145,-0.0314111356876,-0.00760356996452,0.0533453691216,0.998053003538
2018/10/02/14:03:28.076526,51775,1538481808,60724597,/world,vicon/IMUframe/IMUframe,-0.138554078145,0.186864424976,1.39115026376,-0.0312536427433,-0.00766101267941,0.0532310752403,0.998063610863
2018/10/02/14:03:28.086498,51776,1538481808,70725363,/world,vicon/IMUframe/IMUframe,-0.138494416575,0.18690178498,1.39120500825,-0.03098425134,-0.0076860478885,0.053147100771,0.998076292934
2018/10/02/14:03:28.096076,51777,1538481808,80694314,/world,vicon/IMUframe/IMUframe,-0.138423951947,0.186955021586,1.39121506388,-0.0306639345371,-0.00766191114773,0.0531152250327,0.998088067811
2018/10/02/14:03:28.106152,51778,1538481808,90688987,/world,vicon/IMUframe/IMUframe,-0.138361142871,0.186993435101,1.39118703077,-0.0303186994614,-0.00762574300343,0.0531028227585,0.998099551509
2018/10/02/14:03:28.116126,51779,1538481808,100733866,/world,vicon/IMUframe/IMUframe,-0.138290024931,0.187030992949,1.39112130133,-0.0299703027084,-0.00758390384036,0.0530361607799,0.998113936887
2018/10/02/14:03:28.126442,51780,1538481808,110720806,/world,vicon/IMUframe/IMUframe,-0.138196232753,0.187071158872,1.39105085977,-0.0296864267753,-0.007517489763,0.0529346905266,0.998128309363
2018/10/02/14:03:28.136505,51781,1538481808,120727931,/world,vicon/IMUframe/IMUframe,-0.138106703683,0.187122131806,1.39096849414,-0.0294583922819,-0.0074589813309,0.0527403536013,0.998145791868
2018/10/02/14:03:28.146419,51782,1538481808,130725155,/world,vicon/IMUframe/IMUframe,-0.138013787854,0.18715689763,1.39086836381,-0.0292994333847,-0.00738861199164,0.0526222135131,0.998157229229
2018/10/02/14:03:28.156376,51783,1538481808,140729748,/world,vicon/IMUframe/IMUframe,-0.137872533459,0.187165582215,1.39076574635,-0.0291360850147,-0.00729711160513,0.0526535515329,0.998161031208
2018/10/02/14:03:28.166276,51784,1538481808,150720838,/world,vicon/IMUframe/IMUframe,-0.137765373647,0.187192787464,1.39063393713,-0.0289966903816,-0.00718736825183,0.0527378320541,0.998161437221
2018/10/02/14:03:28.176372,51785,1538481808,160750669,/world,vicon/IMUframe/IMUframe,-0.137628404821,0.18720424106,1.39053081099,-0.0288704159714,-0.00711772804702,0.0528358830519,0.998160411202
2018/10/02/14:03:28.186321,51786,1538481808,170745048,/world,vicon/IMUframe/IMUframe,-0.137473003684,0.187204384805,1.39040281022,-0.0287044389898,-0.00709148937997,0.0531014013813,0.99815129471
2018/10/02/14:03:28.196150,51787,1538481808,180736167,/world,vicon/IMUframe/IMUframe,-0.137299720864,0.187211579267,1.39025642948,-0.0284888253076,-0.00713168661413,0.0534328978573,0.998139494913
2018/10/02/14:03:28.206149,51788,1538481808,190724067,/world,vicon/IMUframe/IMUframe,-0.137122617888,0.187208374426,1.39011513019,-0.0283306579779,-0.00722564225724,0.0538047399032,0.998123346023
2018/10/02/14:03:28.216159,51789,1538481808,200782593,/world,vicon/IMUframe/IMUframe,-0.136947540346,0.187232831983,1.38998058957,-0.0282475217914,-0.00731283004967,0.0540920935576,0.998109535794
2018/10/02/14:03:28.226296,51790,1538481808,210782840,/world,vicon/IMUframe/IMUframe,-0.136767918133,0.187266690717,1.38985108054,-0.0281911182869,-0.00743045898831,0.0543434411861,0.998096608315
2018/10/02/14:03:28.236280,51791,1538481808,220811389,/world,vicon/IMUframe/IMUframe,-0.136618371524,0.18730976628,1.38971880426,-0.0281533714353,-0.00746825318176,0.0545822286464,0.998084361759
2018/10/02/14:03:28.246235,51792,1538481808,230742878,/world,vicon/IMUframe/IMUframe,-0.136475074899,0.187352871642,1.38958802341,-0.0281724841195,-0.00751147837338,0.0546765115877,0.998078337563
2018/10/02/14:03:28.256303,51793,1538481808,240717889,/world,vicon/IMUframe/IMUframe,-0.136352530948,0.187388031372,1.38947017973,-0.0281381249558,-0.0075552172408,0.0548034879523,0.998072012595
2018/10/02/14:03:28.266313,51794,1538481808,250756043,/world,vicon/IMUframe/IMUframe,-0.136231241816,0.187430843128,1.38934867938,-0.0279973181499,-0.0075655811192,0.0549527111834,0.998067688933
2018/10/02/14:03:28.276140,51795,1538481808,260707264,/world,vicon/IMUframe/IMUframe,-0.13612006577,0.187475780469,1.38923316918,-0.027799939911,-0.00755349212558,0.0550852398306,0.998065992032
2018/10/02/14:03:28.286194,51796,1538481808,270780501,/world,vicon/IMUframe/IMUframe,-0.136018735457,0.187526867323,1.38913783377,-0.0275340069364,-0.00755723929307,0.0552077602766,0.998066565817
2018/10/02/14:03:28.296096,51797,1538481808,280745638,/world,vicon/IMUframe/IMUframe,-0.135932197577,0.187578004907,1.38905229907,-0.0273732023267,-0.0075069739838,0.0552157371246,0.998070927094
2018/10/02/14:03:28.306107,51798,1538481808,290787267,/world,vicon/IMUframe/IMUframe,-0.135879417218,0.187628503464,1.38897549964,-0.0272498475387,-0.00751400431101,0.0551516916399,0.998077790785
2018/10/02/14:03:28.316717,51799,1538481808,300769476,/world,vicon/IMUframe/IMUframe,-0.135827036971,0.187665740887,1.38892175987,-0.0271568304552,-0.00750252454903,0.0550924123788,0.998083686262
2018/10/02/14:03:28.326222,51800,1538481808,310782658,/world,vicon/IMUframe/IMUframe,-0.135787574384,0.187701790694,1.38886003344,-0.0270619414003,-0.00750514617896,0.0550649877783,0.998087757279
2018/10/02/14:03:28.336127,51801,1538481808,320701207,/world,vicon/IMUframe/IMUframe,-0.1357644357,0.18776494855,1.38880407203,-0.0269809856405,-0.00748808745675,0.0550073429853,0.998093255752
2018/10/02/14:03:28.346470,51802,1538481808,330823446,/world,vicon/IMUframe/IMUframe,-0.135756638139,0.187826635875,1.38875740027,-0.0269227999821,-0.00752481673923,0.0548852395709,0.998101272643
2018/10/02/14:03:28.356211,51803,1538481808,340786089,/world,vicon/IMUframe/IMUframe,-0.135759222762,0.187891033633,1.38870135243,-0.026844425104,-0.00755015513831,0.0548394754632,0.998105707793
2018/10/02/14:03:28.366251,51804,1538481808,350814997,/world,vicon/IMUframe/IMUframe,-0.135756120005,0.187951521602,1.38865399867,-0.0268454662036,-0.00759183258085,0.0547818078801,0.998108530445
2018/10/02/14:03:28.375822,51805,1538481808,360750563,/world,vicon/IMUframe/IMUframe,-0.135772415246,0.18802640853,1.38861861075,-0.0268538957812,-0.0076402273077,0.0546949882057,0.998112695778
2018/10/02/14:03:28.385875,51806,1538481808,370794728,/world,vicon/IMUframe/IMUframe,-0.135796934769,0.188072863037,1.38857594447,-0.026889905624,-0.00769398094536,0.0546840214698,0.99811191428
2018/10/02/14:03:28.395922,51807,1538481808,380776795,/world,vicon/IMUframe/IMUframe,-0.135833556107,0.18813761045,1.38854392595,-0.0269504978805,-0.00775853155938,0.054622346848,0.998113157451
2018/10/02/14:03:28.405844,51808,1538481808,390781485,/world,vicon/IMUframe/IMUframe,-0.135856889126,0.18818960205,1.38852519439,-0.0269980881986,-0.00785576337152,0.0546034479386,0.998112144846
2018/10/02/14:03:28.416292,51809,1538481808,400764629,/world,vicon/IMUframe/IMUframe,-0.135903524801,0.188245936416,1.38851101385,-0.0270415420348,-0.00794559941187,0.0545590237549,0.998112686715
2018/10/02/14:03:28.426413,51810,1538481808,410782880,/world,vicon/IMUframe/IMUframe,-0.135945713437,0.188309135956,1.38851060288,-0.0270119108142,-0.00805852237552,0.0545655307082,0.998112228033
2018/10/02/14:03:28.436330,51811,1538481808,420747113,/world,vicon/IMUframe/IMUframe,-0.136000951413,0.188377626857,1.38851343497,-0.0270234578722,-0.0081419335834,0.0545934254836,0.998109713176
2018/10/02/14:03:28.446011,51812,1538481808,430767303,/world,vicon/IMUframe/IMUframe,-0.136065646733,0.188443262134,1.38853154987,-0.0270394619737,-0.00826368266535,0.0545570394595,0.998110268703
2018/10/02/14:03:28.456085,51813,1538481808,440785348,/world,vicon/IMUframe/IMUframe,-0.136134417557,0.188536032685,1.38856378577,-0.0270440456553,-0.00837845323075,0.0544402257883,0.99811556592
2018/10/02/14:03:28.465678,51814,1538481808,450742229,/world,vicon/IMUframe/IMUframe,-0.136243262166,0.18861816708,1.38859017413,-0.0271599615867,-0.00841427359706,0.0542033735407,0.998125007593
2018/10/02/14:03:28.476097,51815,1538481808,460719836,/world,vicon/IMUframe/IMUframe,-0.136329284262,0.18868101009,1.38863545016,-0.0272925244139,-0.0084354657927,0.0540432535274,0.998129895242
2018/10/02/14:03:28.486232,51816,1538481808,470782158,/world,vicon/IMUframe/IMUframe,-0.13641142205,0.188755378323,1.38869855895,-0.0274306122618,-0.00842130801343,0.0538626275875,0.998135992955
2018/10/02/14:03:28.496208,51817,1538481808,480752082,/world,vicon/IMUframe/IMUframe,-0.136524560889,0.188843807293,1.3887523413,-0.027638355378,-0.00836983018922,0.0535666293879,0.998146624234
2018/10/02/14:03:28.505950,51818,1538481808,490720906,/world,vicon/IMUframe/IMUframe,-0.136628054854,0.188885321196,1.38880101895,-0.0277398345163,-0.00830516604066,0.0533764948543,0.998154534927
2018/10/02/14:03:28.516412,51819,1538481808,500761816,/world,vicon/IMUframe/IMUframe,-0.136735395014,0.188952260714,1.3888581771,-0.0278164330214,-0.00821564558047,0.0530614985997,0.998169938732
2018/10/02/14:03:28.526340,51820,1538481808,510694116,/world,vicon/IMUframe/IMUframe,-0.136824480961,0.188968773008,1.38890743026,-0.0278385196852,-0.00811978335368,0.0529250477352,0.998177351608
2018/10/02/14:03:28.536333,51821,1538481808,520725440,/world,vicon/IMUframe/IMUframe,-0.13690011876,0.188998361479,1.3889522206,-0.0277638629316,-0.00804223124839,0.052829990332,0.998185094335
2018/10/02/14:03:28.546449,51822,1538481808,530773282,/world,vicon/IMUframe/IMUframe,-0.136957822287,0.189016770726,1.38899143877,-0.0276519846632,-0.00796076369829,0.0528073143951,0.998190052812
2018/10/02/14:03:28.556253,51823,1538481808,540735061,/world,vicon/IMUframe/IMUframe,-0.137040408493,0.189039540632,1.38903748304,-0.0275395985692,-0.00784856736356,0.0527814896653,0.99819541416
2018/10/02/14:03:28.566242,51824,1538481808,550729816,/world,vicon/IMUframe/IMUframe,-0.137111482268,0.189049828245,1.38910159996,-0.0274923221406,-0.0077505485934,0.0527585711906,0.998198694843
2018/10/02/14:03:28.576153,51825,1538481808,560720696,/world,vicon/IMUframe/IMUframe,-0.137169714406,0.189063155053,1.3891548319,-0.027484822617,-0.00767360550057,0.0527249735727,0.99820127102
2018/10/02/14:03:28.586215,51826,1538481808,570749211,/world,vicon/IMUframe/IMUframe,-0.13722073825,0.189101048911,1.38920793146,-0.0275252034276,-0.00762390908391,0.0526091301455,0.998206651256
2018/10/02/14:03:28.596197,51827,1538481808,580749894,/world,vicon/IMUframe/IMUframe,-0.137287020494,0.189130451955,1.38927017004,-0.0276556676622,-0.00757530026513,0.0524942764921,0.99820946189
2018/10/02/14:03:28.606559,51828,1538481808,590760562,/world,vicon/IMUframe/IMUframe,-0.137319916579,0.189160166574,1.38931305496,-0.0277990907345,-0.00757735266005,0.0524002307208,0.998210403723
2018/10/02/14:03:28.616507,51829,1538481808,600781194,/world,vicon/IMUframe/IMUframe,-0.137354991773,0.189187339096,1.38937109066,-0.0279456325783,-0.00756861570833,0.052327598229,0.998210188357
2018/10/02/14:03:28.626708,51830,1538481808,610725996,/world,vicon/IMUframe/IMUframe,-0.137400629173,0.189206793037,1.38940942822,-0.0281044193785,-0.00758372319387,0.052271832174,0.998208537489
2018/10/02/14:03:28.636530,51831,1538481808,620726685,/world,vicon/IMUframe/IMUframe,-0.137448075996,0.189219239943,1.38943093357,-0.0282612274109,-0.00758715348929,0.0521784435487,0.998208970184
2018/10/02/14:03:28.646318,51832,1538481808,630653282,/world,vicon/IMUframe/IMUframe,-0.137480496973,0.189214479183,1.38945589656,-0.0283967272498,-0.00762600037968,0.0521429503181,0.998206683374
2018/10/02/14:03:28.656387,51833,1538481808,640731340,/world,vicon/IMUframe/IMUframe,-0.137511366291,0.189197909163,1.38944842336,-0.0284390926536,-0.00766880445429,0.0521924301511,0.998202563452
2018/10/02/14:03:28.666224,51834,1538481808,650694486,/world,vicon/IMUframe/IMUframe,-0.13753603177,0.189169285553,1.38942335566,-0.0283642492097,-0.00775941064817,0.0522623824276,0.998200332747
2018/10/02/14:03:28.676208,51835,1538481808,660771285,/world,vicon/IMUframe/IMUframe,-0.137568405231,0.189124084421,1.38939458134,-0.0282996814371,-0.00787084034316,0.0523456929652,0.99819692763
2018/10/02/14:03:28.686237,51836,1538481808,670770551,/world,vicon/IMUframe/IMUframe,-0.13757373278,0.189073997078,1.38935207256,-0.0281754119484,-0.00799626777435,0.052462965121,0.998193289476
2018/10/02/14:03:28.696333,51837,1538481808,680781149,/world,vicon/IMUframe/IMUframe,-0.137592349573,0.189037071364,1.38930795399,-0.0280795093246,-0.00815685537818,0.0524952885877,0.998192993134
2018/10/02/14:03:28.706377,51838,1538481808,690788430,/world,vicon/IMUframe/IMUframe,-0.137599139695,0.189006056147,1.38926647456,-0.0279876587549,-0.00828949080416,0.052570892013,0.998190501163
2018/10/02/14:03:28.716379,51839,1538481808,700748339,/world,vicon/IMUframe/IMUframe,-0.137613089826,0.188959931288,1.38920578497,-0.027943554227,-0.00838747969822,0.0526147575877,0.998188607051
2018/10/02/14:03:28.726188,51840,1538481808,710754317,/world,vicon/IMUframe/IMUframe,-0.137628237756,0.188920532593,1.3891660286,-0.0278853720166,-0.00847186655622,0.0526556776489,0.998187363733
2018/10/02/14:03:28.736270,51841,1538481808,720733157,/world,vicon/IMUframe/IMUframe,-0.137647123199,0.188896374106,1.38912511507,-0.0278575466496,-0.00853841198489,0.0526452958647,0.998188121267
2018/10/02/14:03:28.746200,51842,1538481808,730784166,/world,vicon/IMUframe/IMUframe,-0.137666743519,0.188868826525,1.38907191624,-0.0278065903165,-0.00856497262754,0.0527258447052,0.998185063041
2018/10/02/14:03:28.756275,51843,1538481808,740812334,/world,vicon/IMUframe/IMUframe,-0.137676223487,0.18885833669,1.38903872258,-0.0277439138841,-0.00858667938492,0.0527479179805,0.998185454376
2018/10/02/14:03:28.765961,51844,1538481808,750790548,/world,vicon/IMUframe/IMUframe,-0.137693697117,0.188857928797,1.38900827231,-0.0276840918121,-0.00853929204701,0.0527536065653,0.99818722119
2018/10/02/14:03:28.776369,51845,1538481808,760788007,/world,vicon/IMUframe/IMUframe,-0.137733531707,0.188837845516,1.38898078076,-0.0276637489728,-0.00844416883625,0.0527657786318,0.998187951045
2018/10/02/14:03:28.786442,51846,1538481808,770783502,/world,vicon/IMUframe/IMUframe,-0.137781429808,0.188856917394,1.38896950793,-0.0276491859987,-0.00835114038936,0.0526397436209,0.998195791596
2018/10/02/14:03:28.796468,51847,1538481808,780719735,/world,vicon/IMUframe/IMUframe,-0.137854532824,0.188873671069,1.38893790331,-0.0276527708108,-0.00823728709825,0.0524782094217,0.998205143697
2018/10/02/14:03:28.806330,51848,1538481808,790732654,/world,vicon/IMUframe/IMUframe,-0.138006364922,0.188973603166,1.38883649386,-0.0279201913852,-0.00834926539598,0.052357095232,0.998203129257
2018/10/02/14:03:28.816478,51849,1538481808,800726953,/world,vicon/IMUframe/IMUframe,-0.138086558553,0.189000260104,1.38879803183,-0.0278146711456,-0.00831234843132,0.0521882392338,0.998215225599
2018/10/02/14:03:28.826439,51850,1538481808,810723863,/world,vicon/IMUframe/IMUframe,-0.138143230275,0.189042950877,1.38875005052,-0.0276391867534,-0.008334754432,0.0520115124914,0.998229136918
2018/10/02/14:03:28.836255,51851,1538481808,820718715,/world,vicon/IMUframe/IMUframe,-0.138213149475,0.189090482329,1.38871580945,-0.0274440199368,-0.0084252078491,0.0518107363094,0.998244203212
2018/10/02/14:03:28.846427,51852,1538481808,830722049,/world,vicon/IMUframe/IMUframe,-0.138272480311,0.189136799909,1.3886829359,-0.0272607009027,-0.00856405454754,0.051644644802,0.998256651277
2018/10/02/14:03:28.856487,51853,1538481808,840755647,/world,vicon/IMUframe/IMUframe,-0.138328960183,0.189167040398,1.38862979238,-0.0271235616518,-0.0086942157307,0.0515782864875,0.998262692571
2018/10/02/14:03:28.866345,51854,1538481808,850728547,/world,vicon/IMUframe/IMUframe,-0.138372013715,0.189189190822,1.38860182749,-0.0270039599614,-0.00880577418753,0.0515114865304,0.998268406413
2018/10/02/14:03:28.876424,51855,1538481808,860763049,/world,vicon/IMUframe/IMUframe,-0.138410713358,0.189213037424,1.38855782704,-0.0269868916186,-0.00885554626193,0.051510726344,0.998268466923
2018/10/02/14:03:28.886229,51856,1538481808,870754864,/world,vicon/IMUframe/IMUframe,-0.138451902364,0.189235406419,1.38851031667,-0.0269998935248,-0.00893272202197,0.0514778144429,0.99826912546
2018/10/02/14:03:28.896343,51857,1538481808,880734026,/world,vicon/IMUframe/IMUframe,-0.138494177417,0.189267811986,1.38848083781,-0.0270110579222,-0.0089701198977,0.0515164371715,0.998266495681
2018/10/02/14:03:28.906281,51858,1538481808,890771849,/world,vicon/IMUframe/IMUframe,-0.138531506821,0.189302370757,1.38843978252,-0.0270556530193,-0.00899438463679,0.051517002995,0.998265040501
2018/10/02/14:03:28.916512,51859,1538481808,900717724,/world,vicon/IMUframe/IMUframe,-0.138551814813,0.189342224109,1.3884098521,-0.0270385576023,-0.00901051855607,0.0516132457221,0.998260386785
2018/10/02/14:03:28.926456,51860,1538481808,910762746,/world,vicon/IMUframe/IMUframe,-0.138573158312,0.189384351533,1.38839730106,-0.0270455023784,-0.00904739004239,0.0516906701318,0.998255859064
2018/10/02/14:03:28.936306,51861,1538481808,920712448,/world,vicon/IMUframe/IMUframe,-0.138599086062,0.189429887772,1.38837316367,-0.0271016950769,-0.00902661500949,0.0517133922065,0.998253346306
2018/10/02/14:03:28.946316,51862,1538481808,930678254,/world,vicon/IMUframe/IMUframe,-0.138622930529,0.189495664671,1.38836634446,-0.0271572653981,-0.00904892898062,0.0516894268005,0.998252875266
2018/10/02/14:03:28.956396,51863,1538481808,940788247,/world,vicon/IMUframe/IMUframe,-0.138665458136,0.18955945158,1.38834937745,-0.027293627205,-0.00904403140541,0.0516217725438,0.998252701479
2018/10/02/14:03:28.966287,51864,1538481808,950753130,/world,vicon/IMUframe/IMUframe,-0.13870844565,0.18962496492,1.38832592293,-0.0273966336881,-0.00901608901609,0.0515215621652,0.998255309645
2018/10/02/14:03:28.976436,51865,1538481808,960718633,/world,vicon/IMUframe/IMUframe,-0.138757701288,0.18967301518,1.38830777691,-0.0275039208272,-0.0090014314089,0.0514255364883,0.998257443132
2018/10/02/14:03:28.986317,51866,1538481808,970775907,/world,vicon/IMUframe/IMUframe,-0.138891901524,0.189796258967,1.38827287847,-0.0275054673773,-0.00896230815999,0.051346748876,0.998261808183
2018/10/02/14:03:28.996178,51867,1538481808,980664131,/world,vicon/IMUframe/IMUframe,-0.138947153814,0.189842173928,1.38822399372,-0.0274749581388,-0.00898336149897,0.051184202373,0.998270806605
2018/10/02/14:03:29.006342,51868,1538481808,990785819,/world,vicon/IMUframe/IMUframe,-0.138991612114,0.189877430714,1.38817635967,-0.027387470111,-0.00901378469819,0.0510650186032,0.998279040169
2018/10/02/14:03:29.016305,51869,1538481809,786382,/world,vicon/IMUframe/IMUframe,-0.139037577788,0.18990295208,1.38811848158,-0.0272392836543,-0.0090455580009,0.0509722698935,0.998287547257
2018/10/02/14:03:29.026360,51870,1538481809,10743715,/world,vicon/IMUframe/IMUframe,-0.139082023101,0.189931158052,1.38805162324,-0.0270558190991,-0.00905034167803,0.0508667183803,0.998297876853
2018/10/02/14:03:29.036257,51871,1538481809,20682834,/world,vicon/IMUframe/IMUframe,-0.139120938099,0.189950787313,1.38799164581,-0.0268413976047,-0.00901299169031,0.0507755925256,0.998308641933
2018/10/02/14:03:29.046255,51872,1538481809,30757508,/world,vicon/IMUframe/IMUframe,-0.13917440489,0.189955835031,1.3879213974,-0.0267230033802,-0.00896521753879,0.0506624526946,0.998317996358
2018/10/02/14:03:29.056284,51873,1538481809,40716168,/world,vicon/IMUframe/IMUframe,-0.139207957092,0.189971312829,1.38785639351,-0.0266145767376,-0.00899448909039,0.0505639448088,0.99832562371
2018/10/02/14:03:29.066522,51874,1538481809,50780743,/world,vicon/IMUframe/IMUframe,-0.13914082852,0.189885838616,1.38777450467,-0.0266467724701,-0.00901319514106,0.0504337077537,0.998331184003
2018/10/02/14:03:29.076378,51875,1538481809,60782913,/world,vicon/IMUframe/IMUframe,-0.139264636615,0.189907888066,1.38766648313,-0.0265929361078,-0.00894525414627,0.0505496841795,0.998327364949
2018/10/02/14:03:29.086396,51876,1538481809,70741365,/world,vicon/IMUframe/IMUframe,-0.13919183694,0.189817690175,1.38760298424,-0.0266240641231,-0.00896922463567,0.0505279418195,0.998327420897
2018/10/02/14:03:29.096444,51877,1538481809,80759049,/world,vicon/IMUframe/IMUframe,-0.139190007201,0.189788112504,1.38756562047,-0.0266290372903,-0.00899226642125,0.0505823296496,0.998324326782
2018/10/02/14:03:29.106374,51878,1538481809,90746115,/world,vicon/IMUframe/IMUframe,-0.139179486469,0.189796732897,1.38757203149,-0.0265648650074,-0.00902783042231,0.0506809557831,0.998320713471
2018/10/02/14:03:29.116181,51879,1538481809,100678371,/world,vicon/IMUframe/IMUframe,-0.139193190423,0.189754911241,1.38754503847,-0.0265469016624,-0.00903854270254,0.0508121779413,0.998314424082
2018/10/02/14:03:29.125985,51880,1538481809,110716881,/world,vicon/IMUframe/IMUframe,-0.139202000411,0.189706788242,1.38750754349,-0.0264737679997,-0.00900835981482,0.050920837786,0.998311102483
2018/10/02/14:03:29.135779,51881,1538481809,120762555,/world,vicon/IMUframe/IMUframe,-0.139240569569,0.189672622495,1.38748266694,-0.0264294193336,-0.00899814466879,0.0509271568477,0.998312047349
2018/10/02/14:03:29.145879,51882,1538481809,130794067,/world,vicon/IMUframe/IMUframe,-0.13930067313,0.189641642481,1.38747595616,-0.026381764398,-0.00903982418415,0.0509112429041,0.998313742985
2018/10/02/14:03:29.156250,51883,1538481809,140791140,/world,vicon/IMUframe/IMUframe,-0.139344308428,0.189611654517,1.38746286189,-0.026298014317,-0.00908041038131,0.0508777893893,0.998317289812
2018/10/02/14:03:29.165905,51884,1538481809,150754845,/world,vicon/IMUframe/IMUframe,-0.139387084623,0.189593796344,1.38745237252,-0.0262179705804,-0.00916042591612,0.0507727353083,0.998324012515
2018/10/02/14:03:29.175893,51885,1538481809,160724961,/world,vicon/IMUframe/IMUframe,-0.139501045313,0.189517107882,1.38740087068,-0.0262184294055,-0.00915662213212,0.050643812921,0.998330583746
2018/10/02/14:03:29.185950,51886,1538481809,170763109,/world,vicon/IMUframe/IMUframe,-0.139566289505,0.189503100067,1.38740024082,-0.0260995529615,-0.00922964413444,0.0504948027327,0.998340574104
2018/10/02/14:03:29.196269,51887,1538481809,180771497,/world,vicon/IMUframe/IMUframe,-0.139626151625,0.189491420892,1.3874124751,-0.0260389076115,-0.00930489349026,0.0503606729967,0.998348234266
2018/10/02/14:03:29.206380,51888,1538481809,190786926,/world,vicon/IMUframe/IMUframe,-0.139699457186,0.189485850893,1.38743386922,-0.0259762162695,-0.00932494028313,0.0502132500972,0.998357106046
2018/10/02/14:03:29.216340,51889,1538481809,200777455,/world,vicon/IMUframe/IMUframe,-0.139846723633,0.189554059928,1.38746622684,-0.0259238019716,-0.00928669152633,0.0503042610329,0.998354243329
2018/10/02/14:03:29.226277,51890,1538481809,210732483,/world,vicon/IMUframe/IMUframe,-0.139761695871,0.189532935834,1.38755175962,-0.0259735058464,-0.00933374081251,0.0501539395252,0.998360075637
2018/10/02/14:03:29.235922,51891,1538481809,220722758,/world,vicon/IMUframe/IMUframe,-0.139821484614,0.189523731278,1.38759166325,-0.026133706041,-0.00919343414388,0.0501432941606,0.998357731591
2018/10/02/14:03:29.246004,51892,1538481809,230742444,/world,vicon/IMUframe/IMUframe,-0.139895113831,0.189515555988,1.38761973722,-0.0262938447837,-0.00908217546541,0.0500807184235,0.998357686131
2018/10/02/14:03:29.256030,51893,1538481809,240754119,/world,vicon/IMUframe/IMUframe,-0.139944816168,0.189516320087,1.38766681601,-0.0264519777166,-0.00895026219962,0.0501536476933,0.998351039116
2018/10/02/14:03:29.266172,51894,1538481809,250787957,/world,vicon/IMUframe/IMUframe,-0.140101368337,0.189587361886,1.38771374295,-0.0265240517317,-0.00881503244223,0.0502414346014,0.998345916069
2018/10/02/14:03:29.276435,51895,1538481809,260812709,/world,vicon/IMUframe/IMUframe,-0.140068944424,0.189504272491,1.38771708777,-0.0267471495605,-0.00876864846561,0.0500826970375,0.998348348149
2018/10/02/14:03:29.286181,51896,1538481809,270781663,/world,vicon/IMUframe/IMUframe,-0.140258084814,0.189592851638,1.38773604801,-0.0267551963626,-0.00873470486195,0.0500450049423,0.998350320218
2018/10/02/14:03:29.296529,51897,1538481809,280734177,/world,vicon/IMUframe/IMUframe,-0.140224548477,0.189489301537,1.38769857392,-0.0268154887241,-0.00882567443498,0.0498364690572,0.99835833416
2018/10/02/14:03:29.306490,51898,1538481809,290787632,/world,vicon/IMUframe/IMUframe,-0.140296904655,0.189466917174,1.38768162893,-0.0267599197107,-0.00893199295503,0.0497262171323,0.998364377133
2018/10/02/14:03:29.316395,51899,1538481809,300734108,/world,vicon/IMUframe/IMUframe,-0.140356887269,0.189438785785,1.38764455807,-0.026622042103,-0.00908763712698,0.0496646357433,0.998369723941
2018/10/02/14:03:29.326540,51900,1538481809,310733484,/world,vicon/IMUframe/IMUframe,-0.140453019517,0.189360318278,1.38753620128,-0.0265147758659,-0.00920590068521,0.0496118666473,0.998374118625
2018/10/02/14:03:29.336292,51901,1538481809,320737994,/world,vicon/IMUframe/IMUframe,-0.140493952079,0.189321880945,1.3874879369,-0.0263056255839,-0.00940023538313,0.0496439228944,0.998376246992
2018/10/02/14:03:29.346465,51902,1538481809,330752470,/world,vicon/IMUframe/IMUframe,-0.140542729536,0.189297239522,1.38744965675,-0.026150916448,-0.00956239353805,0.0494997602229,0.998385929356
2018/10/02/14:03:29.356564,51903,1538481809,340767703,/world,vicon/IMUframe/IMUframe,-0.140581996839,0.189284375653,1.38741867272,-0.026013544833,-0.00974250783307,0.0494692868509,0.998389287144
2018/10/02/14:03:29.366472,51904,1538481809,350729735,/world,vicon/IMUframe/IMUframe,-0.140596019204,0.18924702542,1.38743571415,-0.0259489040883,-0.00987353969964,0.0494861208261,0.998388847812
2018/10/02/14:03:29.376618,51905,1538481809,360733244,/world,vicon/IMUframe/IMUframe,-0.140610780391,0.189239978413,1.38746001876,-0.0259336866492,-0.00991333216474,0.0495108810906,0.998387621315
2018/10/02/14:03:29.386450,51906,1538481809,370732627,/world,vicon/IMUframe/IMUframe,-0.140614642297,0.189212782839,1.3875085002,-0.0260186849611,-0.0098808997658,0.0496289651208,0.998379868424
2018/10/02/14:03:29.396424,51907,1538481809,380732864,/world,vicon/IMUframe/IMUframe,-0.140631554376,0.189191270039,1.38759293503,-0.0261801461846,-0.0097590780659,0.0497076693171,0.998372930298
2018/10/02/14:03:29.406487,51908,1538481809,390733922,/world,vicon/IMUframe/IMUframe,-0.140743804689,0.189248290858,1.38769720089,-0.026325143039,-0.00950833836615,0.0499465553444,0.998359614545
2018/10/02/14:03:29.416479,51909,1538481809,400764125,/world,vicon/IMUframe/IMUframe,-0.140748928625,0.189204662035,1.38779444797,-0.0265183520164,-0.00930841325546,0.0501088372828,0.998348253304
2018/10/02/14:03:29.426408,51910,1538481809,410668912,/world,vicon/IMUframe/IMUframe,-0.140744018029,0.189173622764,1.3878862262,-0.0267038380439,-0.00913361988806,0.0502450862726,0.998338075667
2018/10/02/14:03:29.436267,51911,1538481809,420670593,/world,vicon/IMUframe/IMUframe,-0.140735531601,0.189144829327,1.38798036752,-0.0268254221595,-0.00895334802459,0.0503646009809,0.998330426889
2018/10/02/14:03:29.446134,51912,1538481809,430688873,/world,vicon/IMUframe/IMUframe,-0.140736277011,0.189119929242,1.38807751916,-0.0268897590405,-0.00879140298218,0.0504587032329,0.99832538351
2018/10/02/14:03:29.456161,51913,1538481809,440794132,/world,vicon/IMUframe/IMUframe,-0.140734360917,0.18909753297,1.38818121267,-0.0269425653845,-0.00871493239037,0.0504622840055,0.998324449273
2018/10/02/14:03:29.466223,51914,1538481809,450792270,/world,vicon/IMUframe/IMUframe,-0.140743906718,0.189097993174,1.38826675262,-0.0269858147945,-0.00865162812212,0.0504336316041,0.998325279623
2018/10/02/14:03:29.476253,51915,1538481809,460778108,/world,vicon/IMUframe/IMUframe,-0.140752704685,0.189092090005,1.38834790348,-0.026981468355,-0.00860497136271,0.0504011352624,0.998327441473
2018/10/02/14:03:29.486320,51916,1538481809,470784079,/world,vicon/IMUframe/IMUframe,-0.140718344956,0.189143653841,1.38846613096,-0.0269509046535,-0.0086304095833,0.0503023137378,0.998333031609
2018/10/02/14:03:29.496350,51917,1538481809,480772874,/world,vicon/IMUframe/IMUframe,-0.140741032526,0.189150380059,1.38853020955,-0.0269670171148,-0.0085947413869,0.0502130861282,0.998337396069
2018/10/02/14:03:29.506419,51918,1538481809,490759392,/world,vicon/IMUframe/IMUframe,-0.140655411744,0.189057324175,1.38858606036,-0.0270868405135,-0.00859676619721,0.0500296151701,0.998343345893
2018/10/02/14:03:29.516020,51919,1538481809,500701264,/world,vicon/IMUframe/IMUframe,-0.140673697661,0.189048434176,1.38863645977,-0.0271311917054,-0.0085566924994,0.049937918173,0.998347076812
2018/10/02/14:03:29.526082,51920,1538481809,510731498,/world,vicon/IMUframe/IMUframe,-0.140702121718,0.189046757375,1.38868247721,-0.0271807909116,-0.00853755450604,0.0498500457017,0.998350283073
2018/10/02/14:03:29.536110,51921,1538481809,520731491,/world,vicon/IMUframe/IMUframe,-0.140729167618,0.189030949523,1.38872964476,-0.0272246759086,-0.00852959373156,0.0497985077536,0.998351727438
2018/10/02/14:03:29.546383,51922,1538481809,530793930,/world,vicon/IMUframe/IMUframe,-0.140757703564,0.188998826814,1.38874778686,-0.0272389511308,-0.00851723728339,0.0497986085012,0.998351438523
2018/10/02/14:03:29.556245,51923,1538481809,540786643,/world,vicon/IMUframe/IMUframe,-0.140797350921,0.188957304075,1.38877302844,-0.0272810651718,-0.00853726343593,0.0497165794074,0.998354205855
2018/10/02/14:03:29.566149,51924,1538481809,550754467,/world,vicon/IMUframe/IMUframe,-0.140811669794,0.188904046922,1.3887792886,-0.0273162461242,-0.00858757948375,0.0497901286977,0.998349146972
2018/10/02/14:03:29.576169,51925,1538481809,560812856,/world,vicon/IMUframe/IMUframe,-0.140837869999,0.188868696866,1.38875963679,-0.0273378278153,-0.00864915113092,0.0498280391809,0.998346133296
2018/10/02/14:03:29.586189,51926,1538481809,570793372,/world,vicon/IMUframe/IMUframe,-0.140869768924,0.188831572513,1.38874930401,-0.0274254753406,-0.00876220558188,0.0497697070937,0.998345653224
2018/10/02/14:03:29.595901,51927,1538481809,580755142,/world,vicon/IMUframe/IMUframe,-0.140852177529,0.1888641633,1.3887637124,-0.0273922994041,-0.00877896117216,0.0494161564722,0.998363979345
2018/10/02/14:03:29.606083,51928,1538481809,590792268,/world,vicon/IMUframe/IMUframe,-0.140919393987,0.188729829194,1.38869920245,-0.0275824036259,-0.00897437619252,0.0496509913643,0.998345356397
2018/10/02/14:03:29.616411,51929,1538481809,600790067,/world,vicon/IMUframe/IMUframe,-0.140951178472,0.188654901371,1.38864868386,-0.0276457662252,-0.00906188812028,0.0496757770871,0.998341580304
2018/10/02/14:03:29.626778,51930,1538481809,610794087,/world,vicon/IMUframe/IMUframe,-0.14103365837,0.188491593422,1.38850820212,-0.0276666626978,-0.009040121871,0.0498176066131,0.998334131463
2018/10/02/14:03:29.636524,51931,1538481809,620755981,/world,vicon/IMUframe/IMUframe,-0.141076602546,0.188421007416,1.38844435648,-0.0275845195464,-0.00911282340469,0.0499147999684,0.998330888771
2018/10/02/14:03:29.646251,51932,1538481809,630685493,/world,vicon/IMUframe/IMUframe,-0.141095349857,0.188334365287,1.38838937012,-0.0273776970518,-0.00917674766122,0.0501261031738,0.998325409266
2018/10/02/14:03:29.656428,51933,1538481809,640735230,/world,vicon/IMUframe/IMUframe,-0.141107209167,0.18825829642,1.38833193863,-0.0271851297074,-0.00920905819076,0.0502617200013,0.998323555503
2018/10/02/14:03:29.666436,51934,1538481809,650750915,/world,vicon/IMUframe/IMUframe,-0.141136814712,0.188191864854,1.3882888262,-0.0270303349187,-0.00926389490367,0.0503977307761,0.998320394452
2018/10/02/14:03:29.676439,51935,1538481809,660750915,/world,vicon/IMUframe/IMUframe,-0.141160560389,0.188140890407,1.38824284454,-0.0269167649865,-0.00930020993146,0.0504567576416,0.998320143775
2018/10/02/14:03:29.686341,51936,1538481809,670720935,/world,vicon/IMUframe/IMUframe,-0.141190600082,0.188097147801,1.38820020401,-0.0268933206946,-0.00928200547669,0.0504757540421,0.998319984739
2018/10/02/14:03:29.696309,51937,1538481809,680738502,/world,vicon/IMUframe/IMUframe,-0.141199796026,0.188067710037,1.38816264332,-0.0269305663432,-0.0092850164418,0.0504138528426,0.998322080547
2018/10/02/14:03:29.706291,51938,1538481809,690753925,/world,vicon/IMUframe/IMUframe,-0.141341915061,0.188114365084,1.38813055276,-0.0269483629685,-0.00917424347507,0.0504239050428,0.998322116749
2018/10/02/14:03:29.716145,51939,1538481809,700770194,/world,vicon/IMUframe/IMUframe,-0.14137711431,0.188094408491,1.38806894606,-0.0270298019107,-0.00914314067008,0.0502585124055,0.998328540471
2018/10/02/14:03:29.725950,51940,1538481809,710737977,/world,vicon/IMUframe/IMUframe,-0.141405897543,0.188063476284,1.38801725445,-0.0270939454154,-0.00905652476333,0.050124028512,0.998334352432
2018/10/02/14:03:29.736127,51941,1538481809,720801675,/world,vicon/IMUframe/IMUframe,-0.141434062174,0.188048614697,1.38795379916,-0.0270425305361,-0.0090181401517,0.0499944504039,0.998342591308
2018/10/02/14:03:29.746460,51942,1538481809,730790203,/world,vicon/IMUframe/IMUframe,-0.141436190327,0.188017152445,1.38787730617,-0.0268837273973,-0.00896876624117,0.0499836885151,0.998347863881
2018/10/02/14:03:29.756353,51943,1538481809,740775742,/world,vicon/IMUframe/IMUframe,-0.141431929493,0.18798591368,1.38780344014,-0.026701330736,-0.00893199405198,0.0499154090102,0.998356504643
2018/10/02/14:03:29.766598,51944,1538481809,750745115,/world,vicon/IMUframe/IMUframe,-0.141327942978,0.187868914687,1.38770266304,-0.0265595880909,-0.00888727111797,0.049762603092,0.998368312811
2018/10/02/14:03:29.776259,51945,1538481809,760764594,/world,vicon/IMUframe/IMUframe,-0.141324019374,0.187828004722,1.38763502985,-0.0263840950526,-0.00875760098033,0.0497317305201,0.99837565021
2018/10/02/14:03:29.786356,51946,1538481809,770737361,/world,vicon/IMUframe/IMUframe,-0.141406384585,0.187872359131,1.38757609883,-0.0261709657944,-0.00858376893671,0.0498022210486,0.998379255713
2018/10/02/14:03:29.796314,51947,1538481809,780795278,/world,vicon/IMUframe/IMUframe,-0.141274285343,0.187767138835,1.38748129159,-0.0261215157793,-0.00851564104128,0.0496621784097,0.998388110059
2018/10/02/14:03:29.806495,51948,1538481809,790766305,/world,vicon/IMUframe/IMUframe,-0.14124449836,0.187739002776,1.38740317524,-0.026023944072,-0.00840342631288,0.0496761325751,0.998390914729
2018/10/02/14:03:29.816507,51949,1538481809,800674451,/world,vicon/IMUframe/IMUframe,-0.141178794752,0.187709611481,1.38730998543,-0.025938499962,-0.00835163164111,0.0497032539019,0.998392223037
2018/10/02/14:03:29.826553,51950,1538481809,810734334,/world,vicon/IMUframe/IMUframe,-0.141097999288,0.187673339097,1.38719386012,-0.0258720453936,-0.00830912651043,0.0497736259803,0.998390796152
2018/10/02/14:03:29.836452,51951,1538481809,820735280,/world,vicon/IMUframe/IMUframe,-0.141105333176,0.187713731042,1.38709031264,-0.0257498586644,-0.00825117781381,0.0499006422277,0.998388095256
2018/10/02/14:03:29.846737,51952,1538481809,830735209,/world,vicon/IMUframe/IMUframe,-0.140930048201,0.18762100292,1.3869479871,-0.0257942981735,-0.00824678895032,0.0498946793319,0.998387282385
2018/10/02/14:03:29.856465,51953,1538481809,840738763,/world,vicon/IMUframe/IMUframe,-0.140839789264,0.187570781758,1.38681960022,-0.025825365291,-0.00819596737375,0.0499700175759,0.99838312985
2018/10/02/14:03:29.866378,51954,1538481809,850735246,/world,vicon/IMUframe/IMUframe,-0.140750860739,0.187510190486,1.38668491327,-0.0257836865562,-0.00821567011544,0.0501284455347,0.99837610309
2018/10/02/14:03:29.876449,51955,1538481809,860744545,/world,vicon/IMUframe/IMUframe,-0.140646936797,0.187439178723,1.3865331418,-0.025769466961,-0.00824057402714,0.050295956694,0.998367840153
2018/10/02/14:03:29.886407,51956,1538481809,870767887,/world,vicon/IMUframe/IMUframe,-0.140533183912,0.187342608529,1.38636815701,-0.0255879568431,-0.00822808274246,0.0506056168852,0.998356963545
2018/10/02/14:03:29.896461,51957,1538481809,880743160,/world,vicon/IMUframe/IMUframe,-0.140410019052,0.187241145363,1.38621260365,-0.0253305662852,-0.00826445768484,0.050835143461,0.998351566003
2018/10/02/14:03:29.906392,51958,1538481809,890770719,/world,vicon/IMUframe/IMUframe,-0.140322494714,0.18713772494,1.386024169,-0.0251135932621,-0.00829551700396,0.0509795115792,0.998349428422
2018/10/02/14:03:29.916383,51959,1538481809,900737070,/world,vicon/IMUframe/IMUframe,-0.140216983152,0.187034711546,1.38584911549,-0.0247957671131,-0.00841763862123,0.0512024327568,0.998344942479
2018/10/02/14:03:29.926243,51960,1538481809,910732506,/world,vicon/IMUframe/IMUframe,-0.14010599035,0.186912760955,1.38569405928,-0.0244947506377,-0.0085130112755,0.0514414355556,0.998339278271
2018/10/02/14:03:29.936193,51961,1538481809,920758694,/world,vicon/IMUframe/IMUframe,-0.140004538737,0.18680589273,1.38553730716,-0.0241564014345,-0.00857181237423,0.0517108254501,0.998333102143
2018/10/02/14:03:29.946013,51962,1538481809,930751066,/world,vicon/IMUframe/IMUframe,-0.139901534257,0.186703406591,1.38540697667,-0.023774540956,-0.00851856389485,0.0520221214197,0.998326551863
2018/10/02/14:03:29.956168,51963,1538481809,940809425,/world,vicon/IMUframe/IMUframe,-0.139799374592,0.186588730993,1.38530102447,-0.0234537172656,-0.00839540192079,0.0523831526714,0.998316305431
2018/10/02/14:03:29.966235,51964,1538481809,950793068,/world,vicon/IMUframe/IMUframe,-0.139750750965,0.186516600018,1.38522071195,-0.023290671424,-0.00818105800251,0.0525850373934,0.998311288505
2018/10/02/14:03:29.976333,51965,1538481809,960766118,/world,vicon/IMUframe/IMUframe,-0.139624582782,0.186402281958,1.38522698342,-0.022896510085,-0.00774558424919,0.052617563824,0.998322166301
2018/10/02/14:03:29.986428,51966,1538481809,970791085,/world,vicon/IMUframe/IMUframe,-0.13959899827,0.186372835912,1.38518156204,-0.022907673269,-0.00744366170651,0.0526711046406,0.998321383695
2018/10/02/14:03:29.996520,51967,1538481809,980714980,/world,vicon/IMUframe/IMUframe,-0.139572184729,0.186357434614,1.38516519641,-0.0229944135826,-0.00715426356213,0.0526600736842,0.998322087353
2018/10/02/14:03:30.006320,51968,1538481809,990762540,/world,vicon/IMUframe/IMUframe,-0.139587128983,0.186353567525,1.38515385009,-0.0231549545267,-0.00684264420483,0.0525591351212,0.99832588047
2018/10/02/14:03:30.016348,51969,1538481810,741058,/world,vicon/IMUframe/IMUframe,-0.139592728264,0.18634409659,1.38513885539,-0.0233475176044,-0.00654225139273,0.0524141633054,0.998331031198
2018/10/02/14:03:30.026396,51970,1538481810,10762047,/world,vicon/IMUframe/IMUframe,-0.139628887091,0.186359167039,1.38511611884,-0.0234434498138,-0.00634085350778,0.0522570806718,0.998338317284
2018/10/02/14:03:30.036222,51971,1538481810,20748396,/world,vicon/IMUframe/IMUframe,-0.139673390517,0.186351323449,1.38508824995,-0.0234731849061,-0.00616984673314,0.0520826021467,0.998347807698
2018/10/02/14:03:30.045966,51972,1538481810,30701858,/world,vicon/IMUframe/IMUframe,-0.139740436062,0.186346857021,1.38503382775,-0.0234122838044,-0.0060841729726,0.0519241756959,0.998358015836
2018/10/02/14:03:30.056324,51973,1538481810,40797575,/world,vicon/IMUframe/IMUframe,-0.139851350845,0.186352981283,1.38498236844,-0.0232531230226,-0.00606440134025,0.0517368770151,0.998371579555
2018/10/02/14:03:30.066320,51974,1538481810,50787755,/world,vicon/IMUframe/IMUframe,-0.139944875668,0.186339413291,1.38492267189,-0.0230331991168,-0.0061610551455,0.0516074232338,0.998382785812
2018/10/02/14:03:30.076786,51975,1538481810,61075343,/world,vicon/IMUframe/IMUframe,-0.140023400344,0.186312544328,1.38485965941,-0.0227324086033,-0.00630767788863,0.0516353107841,0.998387322375
2018/10/02/14:03:30.086417,51976,1538481810,70759661,/world,vicon/IMUframe/IMUframe,-0.140112286619,0.186286854479,1.38482086088,-0.0224468652965,-0.00643550647662,0.0516640025081,0.998391483006
2018/10/02/14:03:30.096326,51977,1538481810,80802551,/world,vicon/IMUframe/IMUframe,-0.140296383456,0.186357536802,1.38472211382,-0.0225517484436,-0.00679836121574,0.0516910706843,0.998385313463
2018/10/02/14:03:30.106426,51978,1538481810,90768385,/world,vicon/IMUframe/IMUframe,-0.140340557335,0.18629507939,1.38478075701,-0.0222530728444,-0.00673195995584,0.0514203614908,0.998406444234
2018/10/02/14:03:30.116619,51979,1538481810,100734785,/world,vicon/IMUframe/IMUframe,-0.140459466121,0.186303250549,1.38479347154,-0.0223637083827,-0.00687027865356,0.0512643081117,0.998411054893
2018/10/02/14:03:30.126409,51980,1538481810,110746804,/world,vicon/IMUframe/IMUframe,-0.140576412469,0.186322097528,1.38482818309,-0.0225785002483,-0.00690104564872,0.0511327742592,0.99841275347
2018/10/02/14:03:30.136175,51981,1538481810,120764790,/world,vicon/IMUframe/IMUframe,-0.140783513343,0.186426317004,1.38480430951,-0.0231070858796,-0.00717218505664,0.0511029622158,0.998400275239
2018/10/02/14:03:30.146215,51982,1538481810,130756552,/world,vicon/IMUframe/IMUframe,-0.140932344951,0.186473845753,1.38485672271,-0.0233824811893,-0.00714136735275,0.0509493319025,0.998401936108
2018/10/02/14:03:30.156336,51983,1538481810,140799862,/world,vicon/IMUframe/IMUframe,-0.141060704846,0.186494350019,1.38493204384,-0.0236986201566,-0.00710048293182,0.0509024885542,0.998397163059
2018/10/02/14:03:30.165894,51984,1538481810,150763546,/world,vicon/IMUframe/IMUframe,-0.141191409549,0.186505419722,1.38501743366,-0.0240050859077,-0.00704662291005,0.0509144644324,0.99838961246
2018/10/02/14:03:30.176104,51985,1538481810,160800076,/world,vicon/IMUframe/IMUframe,-0.141328419758,0.186523111208,1.38510538697,-0.0242787271761,-0.00699614135642,0.0508337008141,0.998387466004
2018/10/02/14:03:30.185930,51986,1538481810,170789936,/world,vicon/IMUframe/IMUframe,-0.141472805814,0.186557261573,1.38518354509,-0.0244597683884,-0.00692620790459,0.0507339374662,0.998388609192
2018/10/02/14:03:30.195980,51987,1538481810,180796522,/world,vicon/IMUframe/IMUframe,-0.141708651733,0.186644617792,1.38527691422,-0.0245472886419,-0.00688485623998,0.0506620845271,0.99839039587
2018/10/02/14:03:30.206190,51988,1538481810,190717306,/world,vicon/IMUframe/IMUframe,-0.141864000593,0.186670385851,1.38534767257,-0.0246072780233,-0.00686756115834,0.050488314278,0.99839784084
2018/10/02/14:03:30.216070,51989,1538481810,200764591,/world,vicon/IMUframe/IMUframe,-0.142029022122,0.186684156798,1.38540570026,-0.0246538323925,-0.00688428835263,0.0502131981018,0.998410451597
2018/10/02/14:03:30.226102,51990,1538481810,210800878,/world,vicon/IMUframe/IMUframe,-0.142109714048,0.186616298961,1.38545348586,-0.0246906118659,-0.00693684125287,0.0498483072812,0.998427463655
2018/10/02/14:03:30.236136,51991,1538481810,220765288,/world,vicon/IMUframe/IMUframe,-0.142281406992,0.186625129786,1.38549216692,-0.0246642893681,-0.0070192451295,0.0495641852506,0.998441683108
2018/10/02/14:03:30.246009,51992,1538481810,230797790,/world,vicon/IMUframe/IMUframe,-0.142452388641,0.186617858033,1.38552683343,-0.0245484113535,-0.00712286252053,0.049193059654,0.998462159128
2018/10/02/14:03:30.256231,51993,1538481810,240803010,/world,vicon/IMUframe/IMUframe,-0.142650819859,0.186643190665,1.38557129632,-0.0244076852835,-0.00722063851101,0.048751526298,0.998486562735
2018/10/02/14:03:30.266437,51994,1538481810,250799303,/world,vicon/IMUframe/IMUframe,-0.142802769046,0.186637069933,1.38561446608,-0.0242765068687,-0.00733139496966,0.0483959935998,0.998506249187
2018/10/02/14:03:30.276266,51995,1538481810,260797553,/world,vicon/IMUframe/IMUframe,-0.142959773721,0.186640251364,1.38567174623,-0.0241163282052,-0.00742875874207,0.0481097795513,0.998523242278
2018/10/02/14:03:30.286233,51996,1538481810,270809512,/world,vicon/IMUframe/IMUframe,-0.1431875757,0.186726500345,1.38574439717,-0.0239475431818,-0.00746229850711,0.0479585361372,0.99853432995
2018/10/02/14:03:30.296268,51997,1538481810,280799440,/world,vicon/IMUframe/IMUframe,-0.143310787054,0.186739886816,1.38582329432,-0.0239452922264,-0.00756291991469,0.047731561067,0.998544502414
2018/10/02/14:03:30.306262,51998,1538481810,290802015,/world,vicon/IMUframe/IMUframe,-0.143436243473,0.186789518095,1.38593309389,-0.0240547540149,-0.0076005484178,0.0474637022366,0.998554353775
2018/10/02/14:03:30.316219,51999,1538481810,300797121,/world,vicon/IMUframe/IMUframe,-0.143523415282,0.186807704373,1.38601763156,-0.0242130915086,-0.00763080114874,0.0472723400569,0.998559373768
2018/10/02/14:03:30.326068,52000,1538481810,310801439,/world,vicon/IMUframe/IMUframe,-0.143601691927,0.186836007645,1.38610926866,-0.0244769284254,-0.00763235529931,0.0471054034799,0.998560818423
2018/10/02/14:03:30.336366,52001,1538481810,320796693,/world,vicon/IMUframe/IMUframe,-0.143690980528,0.186874013299,1.38621360224,-0.0247973417101,-0.00765832421527,0.0468750829916,0.998563552564
2018/10/02/14:03:30.346320,52002,1538481810,330802252,/world,vicon/IMUframe/IMUframe,-0.143766249776,0.186924459942,1.38629748126,-0.0251131396427,-0.00767335309205,0.0466776487958,0.998564793578
2018/10/02/14:03:30.356282,52003,1538481810,340784264,/world,vicon/IMUframe/IMUframe,-0.143823686909,0.186952610595,1.38636883275,-0.0254011541458,-0.00771353497025,0.0465752012526,0.99856198274
2018/10/02/14:03:30.366325,52004,1538481810,350805339,/world,vicon/IMUframe/IMUframe,-0.143853098198,0.186956580927,1.38645603634,-0.0256259155593,-0.0077437116091,0.0465816925266,0.998555703656
2018/10/02/14:03:30.376397,52005,1538481810,360802418,/world,vicon/IMUframe/IMUframe,-0.143864914952,0.186949288214,1.38651559189,-0.0258102410214,-0.00780144599327,0.0466063605824,0.998549355842
2018/10/02/14:03:30.386343,52006,1538481810,370737340,/world,vicon/IMUframe/IMUframe,-0.14386392429,0.186936665219,1.38657205945,-0.0259475450584,-0.00791320042632,0.0466465551851,0.998543041162
2018/10/02/14:03:30.396128,52007,1538481810,380713786,/world,vicon/IMUframe/IMUframe,-0.143848140469,0.186932534364,1.38661491756,-0.0259752942592,-0.00804510754279,0.0466979193336,0.998538864873
2018/10/02/14:03:30.406165,52008,1538481810,390797894,/world,vicon/IMUframe/IMUframe,-0.143828620224,0.186910981771,1.38663114619,-0.0259391302174,-0.00820290945832,0.0467421044569,0.998536453752
2018/10/02/14:03:30.416130,52009,1538481810,400784727,/world,vicon/IMUframe/IMUframe,-0.143813472207,0.186891384113,1.38664617995,-0.0258849141504,-0.00841262526244,0.0467944240332,0.998533665349
2018/10/02/14:03:30.426015,52010,1538481810,410770581,/world,vicon/IMUframe/IMUframe,-0.143772656054,0.186871963744,1.38664943003,-0.0258241706553,-0.00855092894036,0.0468201813655,0.998532855965
2018/10/02/14:03:30.435936,52011,1538481810,420794960,/world,vicon/IMUframe/IMUframe,-0.143723402335,0.186846061119,1.38665312465,-0.0258060263937,-0.00866320511768,0.0468228391323,0.998532232637
2018/10/02/14:03:30.446158,52012,1538481810,430811736,/world,vicon/IMUframe/IMUframe,-0.143652741909,0.186795331521,1.38668006533,-0.0257703832271,-0.00869612906234,0.0468916442288,0.998529638213
2018/10/02/14:03:30.456094,52013,1538481810,440762632,/world,vicon/IMUframe/IMUframe,-0.143581637324,0.186768698601,1.38669154348,-0.0258184730758,-0.00862307589397,0.0469139255827,0.998527982881
2018/10/02/14:03:30.466072,52014,1538481810,450765855,/world,vicon/IMUframe/IMUframe,-0.143430139008,0.186645289488,1.38668559283,-0.0259799463321,-0.00855144790582,0.0467865917755,0.998530385095
2018/10/02/14:03:30.476070,52015,1538481810,460795018,/world,vicon/IMUframe/IMUframe,-0.143368498302,0.186587330841,1.3867044037,-0.0260364111641,-0.00840185136843,0.0468328551574,0.998528015563
2018/10/02/14:03:30.486048,52016,1538481810,470798351,/world,vicon/IMUframe/IMUframe,-0.143300343516,0.186543002636,1.38670670786,-0.0260364065598,-0.0082102914162,0.0468587814945,0.998528392809
2018/10/02/14:03:30.496060,52017,1538481810,480803414,/world,vicon/IMUframe/IMUframe,-0.143350587276,0.18657800453,1.38672244137,-0.0259209297257,-0.00796530259029,0.0469527060901,0.998528969408
2018/10/02/14:03:30.505946,52018,1538481810,490785780,/world,vicon/IMUframe/IMUframe,-0.143277152829,0.186528773601,1.38670703834,-0.025754455036,-0.00780081641741,0.0470041549774,0.998532155078
2018/10/02/14:03:30.515960,52019,1538481810,500770771,/world,vicon/IMUframe/IMUframe,-0.143115101769,0.186381828396,1.38665882039,-0.0256094384744,-0.0077403477573,0.0470246717376,0.998535389421
2018/10/02/14:03:30.525846,52020,1538481810,510796515,/world,vicon/IMUframe/IMUframe,-0.143056848723,0.186318892626,1.38663298116,-0.0253874102723,-0.0076986987338,0.0470926863524,0.9985381757
2018/10/02/14:03:30.535984,52021,1538481810,520800015,/world,vicon/IMUframe/IMUframe,-0.14301239113,0.186261063029,1.38659901317,-0.0251422401545,-0.00765109887489,0.047179211623,0.998540660382
2018/10/02/14:03:30.546227,52022,1538481810,530779745,/world,vicon/IMUframe/IMUframe,-0.142957560375,0.186203706844,1.38656775205,-0.0249274992274,-0.00768412609453,0.0472039087493,0.998544623433
2018/10/02/14:03:30.556384,52023,1538481810,540790585,/world,vicon/IMUframe/IMUframe,-0.14292251202,0.186156823854,1.38654933953,-0.0247689122736,-0.00767049881588,0.0471996803828,0.99854887442
2018/10/02/14:03:30.566363,52024,1538481810,550790849,/world,vicon/IMUframe/IMUframe,-0.142966011739,0.186178346563,1.3865338198,-0.0245677204603,-0.00764266497336,0.0472633932514,0.998551044485
2018/10/02/14:03:30.576542,52025,1538481810,560801142,/world,vicon/IMUframe/IMUframe,-0.14291560648,0.186124544414,1.38652967706,-0.0245376985159,-0.00768567435178,0.0472734728182,0.998550975428
2018/10/02/14:03:30.586166,52026,1538481810,570781609,/world,vicon/IMUframe/IMUframe,-0.142904865176,0.18609205794,1.3865353567,-0.0245328159639,-0.00769965420556,0.0472096245807,0.998554008361
2018/10/02/14:03:30.596363,52027,1538481810,580706955,/world,vicon/IMUframe/IMUframe,-0.142900556635,0.186060314047,1.38653088139,-0.0245659364229,-0.00767207203465,0.0471328373472,0.998557033785
2018/10/02/14:03:30.606451,52028,1538481810,590800329,/world,vicon/IMUframe/IMUframe,-0.142889444164,0.186053361414,1.38654527611,-0.0245930513233,-0.00766463126101,0.0470839814094,0.998558728342
2018/10/02/14:03:30.616328,52029,1538481810,600707549,/world,vicon/IMUframe/IMUframe,-0.142868509005,0.186023264225,1.3865718578,-0.0246623885582,-0.00765664196139,0.0470998778325,0.998556329875
2018/10/02/14:03:30.626228,52030,1538481810,610799594,/world,vicon/IMUframe/IMUframe,-0.142863806935,0.18600677471,1.38658567499,-0.0247703822981,-0.00761891636668,0.0470634318266,0.998555663776
2018/10/02/14:03:30.636414,52031,1538481810,620803577,/world,vicon/IMUframe/IMUframe,-0.142880653919,0.186014581324,1.38661514297,-0.0249132134466,-0.00761003263655,0.0469593507807,0.998557078275
2018/10/02/14:03:30.646537,52032,1538481810,630803373,/world,vicon/IMUframe/IMUframe,-0.142908126542,0.185999590645,1.38663535751,-0.0250348168695,-0.00757411038203,0.0469295711548,0.998555710087
2018/10/02/14:03:30.656435,52033,1538481810,640798543,/world,vicon/IMUframe/IMUframe,-0.142931959327,0.18597968899,1.38664286198,-0.0251519058994,-0.00751290709999,0.0468808451328,0.998555518845
2018/10/02/14:03:30.666632,52034,1538481810,650775804,/world,vicon/IMUframe/IMUframe,-0.142895406469,0.185905351985,1.3866190947,-0.0253136682077,-0.00752934921267,0.0467113363214,0.998559251202
2018/10/02/14:03:30.676371,52035,1538481810,660782731,/world,vicon/IMUframe/IMUframe,-0.143034551364,0.185949684729,1.38660996043,-0.0253194402869,-0.00748616458828,0.0467307506936,0.998558521181
2018/10/02/14:03:30.686481,52036,1538481810,670774284,/world,vicon/IMUframe/IMUframe,-0.143021318642,0.185856287727,1.38655741985,-0.025398405651,-0.00751493792076,0.0465622153575,0.9985641726
2018/10/02/14:03:30.696362,52037,1538481810,680789822,/world,vicon/IMUframe/IMUframe,-0.143084607087,0.185824779469,1.3864931003,-0.0253109109737,-0.00760129202679,0.0464789535107,0.998569619519
2018/10/02/14:03:30.706485,52038,1538481810,690704350,/world,vicon/IMUframe/IMUframe,-0.143148583399,0.185804116913,1.38639996019,-0.0251595639889,-0.0077441212927,0.0463700902398,0.998577407944
2018/10/02/14:03:30.716256,52039,1538481810,700807619,/world,vicon/IMUframe/IMUframe,-0.143203083936,0.185762440114,1.38630578143,-0.0250076387141,-0.00793153270843,0.0463074254358,0.998582661147
2018/10/02/14:03:30.726549,52040,1538481810,710792226,/world,vicon/IMUframe/IMUframe,-0.143323460263,0.185653772539,1.38617220895,-0.0248849837216,-0.00807289609183,0.0462935425434,0.998585236148
2018/10/02/14:03:30.736440,52041,1538481810,720795913,/world,vicon/IMUframe/IMUframe,-0.14341910912,0.185635030679,1.38605334865,-0.0247559792764,-0.0083040984865,0.0461296665487,0.998594130417
2018/10/02/14:03:30.746412,52042,1538481810,730773870,/world,vicon/IMUframe/IMUframe,-0.143500935939,0.185597307294,1.38595067785,-0.0246510822211,-0.00851676714947,0.046029074849,0.998599575952
2018/10/02/14:03:30.756249,52043,1538481810,740787121,/world,vicon/IMUframe/IMUframe,-0.143586455021,0.185574136029,1.38585938575,-0.0245958781169,-0.0086631643616,0.0459802702346,0.998601926251
2018/10/02/14:03:30.766376,52044,1538481810,750803554,/world,vicon/IMUframe/IMUframe,-0.143641563976,0.185511353378,1.38576636163,-0.0245559967209,-0.0088108744576,0.046004144537,0.998600515823
2018/10/02/14:03:30.776309,52045,1538481810,760805131,/world,vicon/IMUframe/IMUframe,-0.143701781316,0.185477107987,1.3856779451,-0.0245305706329,-0.00891116508474,0.046009291434,0.998600013691
2018/10/02/14:03:30.786233,52046,1538481810,770801114,/world,vicon/IMUframe/IMUframe,-0.143776724592,0.18543013967,1.38558658269,-0.0245377494521,-0.00901376498688,0.0459717514457,0.998600645384
2018/10/02/14:03:30.796373,52047,1538481810,780802818,/world,vicon/IMUframe/IMUframe,-0.143845673248,0.185387144345,1.38550440097,-0.0245145352145,-0.00912195270297,0.0459680979257,0.998600401319
2018/10/02/14:03:30.806441,52048,1538481810,790800694,/world,vicon/IMUframe/IMUframe,-0.143977528338,0.185414201671,1.3854357299,-0.0244034999212,-0.00922197919056,0.0460303476314,0.998599334763
2018/10/02/14:03:30.816547,52049,1538481810,800800583,/world,vicon/IMUframe/IMUframe,-0.143928732116,0.185321670071,1.38533041713,-0.0243845276121,-0.00938148144661,0.0459111094366,0.99860380164
2018/10/02/14:03:30.826439,52050,1538481810,810803435,/world,vicon/IMUframe/IMUframe,-0.143955470913,0.185270969229,1.38525043602,-0.0243084654696,-0.00950415773876,0.0459156328937,0.998604288068
2018/10/02/14:03:30.836215,52051,1538481810,820785833,/world,vicon/IMUframe/IMUframe,-0.143982933084,0.185238747446,1.3851808192,-0.0242195718379,-0.00962758517854,0.0458564661706,0.998607984373
2018/10/02/14:03:30.846265,52052,1538481810,830779443,/world,vicon/IMUframe/IMUframe,-0.144065963419,0.18526343963,1.38513217675,-0.0240761294914,-0.00966322336777,0.0459466376005,0.998606964023
2018/10/02/14:03:30.856354,52053,1538481810,840802077,/world,vicon/IMUframe/IMUframe,-0.143984443672,0.185138900595,1.38506307574,-0.0240196720738,-0.00973467194657,0.0458866073159,0.998610389884
2018/10/02/14:03:30.866312,52054,1538481810,850803308,/world,vicon/IMUframe/IMUframe,-0.143962818987,0.185081661048,1.38503055691,-0.02388414906,-0.00973195560006,0.0459560822969,0.998610472088
2018/10/02/14:03:30.876460,52055,1538481810,860807059,/world,vicon/IMUframe/IMUframe,-0.144030534789,0.185081068302,1.38502406815,-0.0236761311572,-0.00965336848729,0.0460801499183,0.998610471142
2018/10/02/14:03:30.886455,52056,1538481810,870805313,/world,vicon/IMUframe/IMUframe,-0.144005540804,0.185019475705,1.38502826228,-0.0235733097577,-0.00958325577732,0.0460794828771,0.998613609728
2018/10/02/14:03:30.896402,52057,1538481810,880773221,/world,vicon/IMUframe/IMUframe,-0.143971777919,0.184960283225,1.38504093782,-0.0235086823384,-0.00949872561703,0.0460665333553,0.998616538302
2018/10/02/14:03:30.906513,52058,1538481810,890805369,/world,vicon/IMUframe/IMUframe,-0.14385218676,0.184834643608,1.38503799308,-0.0235061747974,-0.00945016080851,0.0459910819794,0.998620535832
2018/10/02/14:03:30.916114,52059,1538481810,900726740,/world,vicon/IMUframe/IMUframe,-0.143796756548,0.184782874087,1.38506144299,-0.0234545942626,-0.00938124605421,0.045990951698,0.998622404411
2018/10/02/14:03:30.926115,52060,1538481810,910662874,/world,vicon/IMUframe/IMUframe,-0.143808916512,0.184794053337,1.38509892025,-0.0233509316721,-0.00927668876199,0.0461005981779,0.998620754783
2018/10/02/14:03:30.936348,52061,1538481810,920784494,/world,vicon/IMUframe/IMUframe,-0.143733549965,0.184747527771,1.38512875515,-0.0233419077162,-0.00922493181265,0.0461115228243,0.998620940818
2018/10/02/14:03:30.946331,52062,1538481810,930772990,/world,vicon/IMUframe/IMUframe,-0.143568316005,0.184629080848,1.38516244245,-0.0233882847502,-0.00920538872025,0.0461231993746,0.998619496823
2018/10/02/14:03:30.956182,52063,1538481810,940771956,/world,vicon/IMUframe/IMUframe,-0.143468550244,0.184586224232,1.38519816003,-0.0234691812569,-0.00916205620702,0.0461659641421,0.998616021308
2018/10/02/14:03:30.966199,52064,1538481810,950803440,/world,vicon/IMUframe/IMUframe,-0.143337012413,0.184485506148,1.38525069286,-0.0235200804201,-0.009103806589,0.0463625567732,0.998606248655
2018/10/02/14:03:30.976401,52065,1538481810,960772781,/world,vicon/IMUframe/IMUframe,-0.143230047538,0.184413138739,1.38531344672,-0.0235940746383,-0.00899581398181,0.0465324082522,0.998597581589
2018/10/02/14:03:30.986495,52066,1538481810,970774358,/world,vicon/IMUframe/IMUframe,-0.143098602471,0.184305941691,1.38534049188,-0.02363139792,-0.00884589166353,0.0468332498296,0.998583974407
2018/10/02/14:03:30.996325,52067,1538481810,980771976,/world,vicon/IMUframe/IMUframe,-0.142985890546,0.184198469678,1.38539148643,-0.0236674228749,-0.00871479103369,0.0470469034308,0.998574230786
2018/10/02/14:03:31.006230,52068,1538481810,990732036,/world,vicon/IMUframe/IMUframe,-0.142862462691,0.184090886679,1.38544253747,-0.0236648391581,-0.00859737262054,0.0473398207942,0.99856146628
2018/10/02/14:03:31.016336,52069,1538481811,791996,/world,vicon/IMUframe/IMUframe,-0.142660195351,0.183931098301,1.38553902809,-0.0234031511504,-0.0082910972155,0.0474548944727,0.998564761652
2018/10/02/14:03:31.026254,52070,1538481811,10786456,/world,vicon/IMUframe/IMUframe,-0.142555156324,0.183849153107,1.38557222519,-0.0234192188619,-0.00820903827091,0.0477007103423,0.998553350659
2018/10/02/14:03:31.036466,52071,1538481811,20806782,/world,vicon/IMUframe/IMUframe,-0.142511855849,0.183822814827,1.38552690868,-0.023667493377,-0.0083942249136,0.0480465387975,0.998529377062
2018/10/02/14:03:31.046496,52072,1538481811,30811109,/world,vicon/IMUframe/IMUframe,-0.142341612531,0.183696187102,1.38561070278,-0.0234119324017,-0.00814686443137,0.0481388322047,0.998533005391
2018/10/02/14:03:31.056465,52073,1538481811,40798479,/world,vicon/IMUframe/IMUframe,-0.142248021374,0.183636208879,1.38564514872,-0.0234425550105,-0.00811144839821,0.0483492057439,0.998522411027
2018/10/02/14:03:31.066375,52074,1538481811,50786030,/world,vicon/IMUframe/IMUframe,-0.142147023267,0.183566804258,1.38567244599,-0.0235054909397,-0.00804370996576,0.0484732871119,0.998515463607
2018/10/02/14:03:31.076538,52075,1538481811,60806456,/world,vicon/IMUframe/IMUframe,-0.142078541818,0.183511308355,1.38571255161,-0.0236118695222,-0.00795965473601,0.048532777676,0.998510737551
2018/10/02/14:03:31.086462,52076,1538481811,70809016,/world,vicon/IMUframe/IMUframe,-0.14204361817,0.183455787779,1.3857508845,-0.0237544705158,-0.00785086962786,0.0485100654191,0.998509320202
2018/10/02/14:03:31.096530,52077,1538481811,80804962,/world,vicon/IMUframe/IMUframe,-0.142032059276,0.183397194153,1.38577717415,-0.0238929894187,-0.00775627055373,0.048429472126,0.99851066672
2018/10/02/14:03:31.106004,52078,1538481811,90780725,/world,vicon/IMUframe/IMUframe,-0.142033841696,0.183331621968,1.38581597378,-0.0239833292837,-0.00768191897062,0.0483011947566,0.998515289128
2018/10/02/14:03:31.116288,52079,1538481811,100798892,/world,vicon/IMUframe/IMUframe,-0.142040890226,0.183278998197,1.38585262808,-0.0240157973756,-0.00770762484847,0.0481282449367,0.998522661753
2018/10/02/14:03:31.126451,52080,1538481811,110808932,/world,vicon/IMUframe/IMUframe,-0.142041736077,0.183225984998,1.38587448722,-0.0239691404193,-0.00781916735433,0.0479966871035,0.998529247922
2018/10/02/14:03:31.136404,52081,1538481811,120809016,/world,vicon/IMUframe/IMUframe,-0.142074408417,0.183166917702,1.38590845765,-0.0238993887596,-0.00795743246274,0.0478435871803,0.998537174897
2018/10/02/14:03:31.146380,52082,1538481811,130697158,/world,vicon/IMUframe/IMUframe,-0.142109070421,0.183107316347,1.38596864534,-0.0238085714791,-0.00814895684557,0.0476965294979,0.998544834998
2018/10/02/14:03:31.156216,52083,1538481811,140866567,/world,vicon/IMUframe/IMUframe,-0.142145091369,0.18302090603,1.38603203263,-0.0237553035698,-0.00837332938133,0.0476318277261,0.998547335831
2018/10/02/14:03:31.166178,52084,1538481811,150792893,/world,vicon/IMUframe/IMUframe,-0.142187510441,0.182942957295,1.38612461694,-0.0237501188419,-0.00863625063389,0.0475135697317,0.998550853848
2018/10/02/14:03:31.176175,52085,1538481811,160788394,/world,vicon/IMUframe/IMUframe,-0.142229831309,0.182880705177,1.38625387794,-0.0237869473398,-0.00888325678689,0.047387265516,0.998553812247
2018/10/02/14:03:31.186186,52086,1538481811,170808165,/world,vicon/IMUframe/IMUframe,-0.142268950399,0.18279136307,1.38640047458,-0.0239476534918,-0.00913936138627,0.0472972688448,0.998551926705
2018/10/02/14:03:31.196140,52087,1538481811,180767706,/world,vicon/IMUframe/IMUframe,-0.142323678041,0.182731862599,1.38660852695,-0.0242107044471,-0.00945373845575,0.0472080617755,0.99854687798
2018/10/02/14:03:31.206159,52088,1538481811,190806530,/world,vicon/IMUframe/IMUframe,-0.142343521172,0.182651241254,1.38681230308,-0.0245220963973,-0.0097547021998,0.047248365597,0.998534478384
2018/10/02/14:03:31.216018,52089,1538481811,200801796,/world,vicon/IMUframe/IMUframe,-0.142315911387,0.182665530521,1.38709674977,-0.0250340838862,-0.0101874225286,0.0470607986598,0.998526310267
2018/10/02/14:03:31.225996,52090,1538481811,210782558,/world,vicon/IMUframe/IMUframe,-0.142388812211,0.182583644355,1.38733650172,-0.0256857460576,-0.0104324695695,0.046957596159,0.998512088155
2018/10/02/14:03:31.236040,52091,1538481811,220760110,/world,vicon/IMUframe/IMUframe,-0.142393120374,0.182538986429,1.38760954756,-0.0263521763683,-0.0107266312348,0.0468658464198,0.998495916177
2018/10/02/14:03:31.245945,52092,1538481811,230770094,/world,vicon/IMUframe/IMUframe,-0.142401276701,0.182496184036,1.38791787721,-0.0270539069073,-0.0111045534865,0.046759749028,0.998477992188
2018/10/02/14:03:31.255968,52093,1538481811,240773714,/world,vicon/IMUframe/IMUframe,-0.142398195585,0.182453001193,1.38821321573,-0.0276928067361,-0.0114156921746,0.0467790107231,0.998456065425
2018/10/02/14:03:31.265993,52094,1538481811,250813459,/world,vicon/IMUframe/IMUframe,-0.142315442274,0.182480539576,1.38853046418,-0.0281990902488,-0.0117638033361,0.0468156758034,0.998436135534
2018/10/02/14:03:31.275924,52095,1538481811,260819939,/world,vicon/IMUframe/IMUframe,-0.142265230799,0.182435524599,1.38884057905,-0.0286956359419,-0.012016078827,0.0470029300444,0.998410185693
2018/10/02/14:03:31.285789,52096,1538481811,270773099,/world,vicon/IMUframe/IMUframe,-0.142219133242,0.182410253795,1.38910493169,-0.028988477145,-0.0122270155396,0.047192285853,0.998390232544
2018/10/02/14:03:31.295883,52097,1538481811,280812171,/world,vicon/IMUframe/IMUframe,-0.142185538389,0.182400518164,1.38937965915,-0.0292222921213,-0.0123158469732,0.0474493006935,0.998370142492
2018/10/02/14:03:31.306017,52098,1538481811,290808908,/world,vicon/IMUframe/IMUframe,-0.14217720728,0.182429368023,1.38965873191,-0.0294808966697,-0.0123323499768,0.047543546778,0.998357852193
2018/10/02/14:03:31.316242,52099,1538481811,300812371,/world,vicon/IMUframe/IMUframe,-0.142162264358,0.182469180679,1.38992997461,-0.0297349066338,-0.0122893476017,0.0476064750162,0.998347850601
2018/10/02/14:03:31.326076,52100,1538481811,310802544,/world,vicon/IMUframe/IMUframe,-0.142161403179,0.182552901339,1.39021006703,-0.0299823416708,-0.0121632048201,0.0475610872231,0.998344158404
2018/10/02/14:03:31.336273,52101,1538481811,320808749,/world,vicon/IMUframe/IMUframe,-0.142169922318,0.182674022451,1.39046298111,-0.0302512040888,-0.0120390289112,0.0473278170473,0.998348638587
2018/10/02/14:03:31.346063,52102,1538481811,330808681,/world,vicon/IMUframe/IMUframe,-0.142193390566,0.182832401688,1.39069790053,-0.0305424480747,-0.0118773803309,0.0469612221466,0.998359018749
2018/10/02/14:03:31.356252,52103,1538481811,340790471,/world,vicon/IMUframe/IMUframe,-0.142215626391,0.183001530487,1.39092533473,-0.0307438577402,-0.0115944446637,0.0466363415,0.998371391675
2018/10/02/14:03:31.366387,52104,1538481811,350809752,/world,vicon/IMUframe/IMUframe,-0.142218926219,0.183209498005,1.39112885271,-0.030888320576,-0.0113370755236,0.0463531611277,0.998383076191
2018/10/02/14:03:31.376514,52105,1538481811,360748181,/world,vicon/IMUframe/IMUframe,-0.14222855508,0.183410558964,1.39130534398,-0.0309532010842,-0.0110744551486,0.046157174988,0.998393094419
2018/10/02/14:03:31.386377,52106,1538481811,370788521,/world,vicon/IMUframe/IMUframe,-0.142238233104,0.18365595753,1.39147994327,-0.0309227797532,-0.0107951961831,0.0459329024762,0.998407438825
2018/10/02/14:03:31.396435,52107,1538481811,380780627,/world,vicon/IMUframe/IMUframe,-0.142181323906,0.183891972025,1.39163913304,-0.0308677343174,-0.0105783211759,0.0457415219158,0.998420249831
2018/10/02/14:03:31.406432,52108,1538481811,390805405,/world,vicon/IMUframe/IMUframe,-0.142164554068,0.184157254771,1.39177896634,-0.0308758510808,-0.010342606498,0.0455057984241,0.998433239942
2018/10/02/14:03:31.416444,52109,1538481811,400811736,/world,vicon/IMUframe/IMUframe,-0.142122201987,0.184411371155,1.39192787767,-0.0308934791346,-0.0101324557815,0.0453306414075,0.998442817209
2018/10/02/14:03:31.426427,52110,1538481811,410810280,/world,vicon/IMUframe/IMUframe,-0.142052723618,0.184645249634,1.39205409985,-0.0308890354755,-0.00988890315653,0.0453021439482,0.998446690032
2018/10/02/14:03:31.436567,52111,1538481811,420806414,/world,vicon/IMUframe/IMUframe,-0.141970946978,0.18487175037,1.39218154858,-0.0309075945129,-0.0096643015804,0.0452982601299,0.998448491163
2018/10/02/14:03:31.446441,52112,1538481811,430804938,/world,vicon/IMUframe/IMUframe,-0.141914675163,0.185114802255,1.39228580886,-0.0309590614338,-0.00941525400834,0.0453026788399,0.998449075715
2018/10/02/14:03:31.456450,52113,1538481811,440818240,/world,vicon/IMUframe/IMUframe,-0.141841076018,0.185335094033,1.39238059216,-0.0310337166864,-0.00919801893419,0.0452861743488,0.998449531669
2018/10/02/14:03:31.466391,52114,1538481811,450808239,/world,vicon/IMUframe/IMUframe,-0.141773973351,0.185585846467,1.3924683041,-0.0311562821308,-0.00908332370591,0.0451733367219,0.998451876138
2018/10/02/14:03:31.476575,52115,1538481811,460810695,/world,vicon/IMUframe/IMUframe,-0.141726996045,0.185958442097,1.39261710065,-0.031129703036,-0.00906956667517,0.0450902682095,0.998456585066
2018/10/02/14:03:31.486531,52116,1538481811,470811587,/world,vicon/IMUframe/IMUframe,-0.14161534694,0.186178424681,1.39267402915,-0.031172887731,-0.00907704752066,0.0450596931078,0.998456550049
2018/10/02/14:03:31.496410,52117,1538481811,480809451,/world,vicon/IMUframe/IMUframe,-0.141498467502,0.186389135678,1.39272932462,-0.031126517538,-0.00917548978177,0.0450837847361,0.99845600937
2018/10/02/14:03:31.506205,52118,1538481811,490758442,/world,vicon/IMUframe/IMUframe,-0.141376999004,0.186552262429,1.39278452609,-0.0310345850675,-0.00928078166154,0.0452071189084,0.998452321356
2018/10/02/14:03:31.516195,52119,1538481811,500820701,/world,vicon/IMUframe/IMUframe,-0.141284984886,0.186700859201,1.39279154254,-0.030944993831,-0.00937482118886,0.0454486794923,0.998443257084
2018/10/02/14:03:31.526214,52120,1538481811,510774568,/world,vicon/IMUframe/IMUframe,-0.141219311526,0.18700605952,1.39283401256,-0.0309869259213,-0.00976780679239,0.0459103361938,0.998417067864
2018/10/02/14:03:31.536327,52121,1538481811,520803100,/world,vicon/IMUframe/IMUframe,-0.141106639394,0.187193107584,1.39288236039,-0.0308770161673,-0.00987178569903,0.0461687077004,0.998407536104
2018/10/02/14:03:31.546555,52122,1538481811,530807837,/world,vicon/IMUframe/IMUframe,-0.140997618152,0.187392428252,1.3929595197,-0.0308898327131,-0.00997946660598,0.0464066521509,0.998395037607
2018/10/02/14:03:31.556264,52123,1538481811,540814569,/world,vicon/IMUframe/IMUframe,-0.140865438929,0.187579544042,1.39306934837,-0.0310511873814,-0.0100689680447,0.0465924153906,0.998380481817
2018/10/02/14:03:31.566182,52124,1538481811,550805444,/world,vicon/IMUframe/IMUframe,-0.140659109605,0.187752642443,1.39325325462,-0.0312579244484,-0.0102446972067,0.0465781779048,0.998372907125
2018/10/02/14:03:31.576003,52125,1538481811,560809866,/world,vicon/IMUframe/IMUframe,-0.140526933249,0.187969575776,1.39338072963,-0.0315611345066,-0.0103420696742,0.0464892363052,0.9983665095
2018/10/02/14:03:31.585960,52126,1538481811,570791968,/world,vicon/IMUframe/IMUframe,-0.140392607435,0.188187715655,1.39354084425,-0.0319367682299,-0.0104233989404,0.0464924873209,0.998353566735
2018/10/02/14:03:31.595890,52127,1538481811,580776133,/world,vicon/IMUframe/IMUframe,-0.140265900831,0.188366397217,1.39369174956,-0.0322518396588,-0.0104591771646,0.046499839087,0.998342721422
2018/10/02/14:03:31.605933,52128,1538481811,590775830,/world,vicon/IMUframe/IMUframe,-0.140124250816,0.188534860282,1.39385684762,-0.0323458845315,-0.0104573529203,0.0466325127928,0.998333509542
2018/10/02/14:03:31.616017,52129,1538481811,600818354,/world,vicon/IMUframe/IMUframe,-0.140009737805,0.188726801867,1.39402678714,-0.032416403567,-0.0104384368399,0.0468055842271,0.998323320924
2018/10/02/14:03:31.626151,52130,1538481811,610784663,/world,vicon/IMUframe/IMUframe,-0.139863661949,0.188907366416,1.39419954121,-0.0324346389571,-0.0104459865285,0.0470396091958,0.998311650101
2018/10/02/14:03:31.636214,52131,1538481811,620809764,/world,vicon/IMUframe/IMUframe,-0.139740625888,0.189109385239,1.39440323213,-0.0324289234277,-0.0104018459715,0.0471509994746,0.998307041833
2018/10/02/14:03:31.646323,52132,1538481811,630811192,/world,vicon/IMUframe/IMUframe,-0.139626405686,0.189298503382,1.39460107269,-0.0324259549652,-0.010281545949,0.0472640710471,0.998303037582
2018/10/02/14:03:31.656265,52133,1538481811,640808336,/world,vicon/IMUframe/IMUframe,-0.139525792369,0.189507208531,1.39479349757,-0.0324603929543,-0.0101380760683,0.0472210712433,0.998305420567
2018/10/02/14:03:31.665851,52134,1538481811,650754163,/world,vicon/IMUframe/IMUframe,-0.139438873921,0.189708688078,1.39501480819,-0.0326947696878,-0.00994630397576,0.047109483027,0.998304973283
2018/10/02/14:03:31.675924,52135,1538481811,660824996,/world,vicon/IMUframe/IMUframe,-0.139325555891,0.189919452859,1.39519904986,-0.0328907810221,-0.00975058369371,0.0470182339323,0.998304767253
2018/10/02/14:03:31.685818,52136,1538481811,670793800,/world,vicon/IMUframe/IMUframe,-0.1392387566,0.190127633634,1.39538366593,-0.0331494167586,-0.00956360082489,0.0467880965997,0.998308833841
2018/10/02/14:03:31.696065,52137,1538481811,680828007,/world,vicon/IMUframe/IMUframe,-0.139150405926,0.190306115511,1.39557678813,-0.03343964672,-0.00932162203652,0.0466453419867,0.998308123507
2018/10/02/14:03:31.706024,52138,1538481811,690815162,/world,vicon/IMUframe/IMUframe,-0.139097529621,0.19046430457,1.39575836966,-0.0336973940236,-0.00905518621132,0.0464927504507,0.998309027002
2018/10/02/14:03:31.716142,52139,1538481811,700804312,/world,vicon/IMUframe/IMUframe,-0.139025156829,0.190598496417,1.39592684183,-0.0338137446677,-0.0087333880983,0.0464244867922,0.998311136685
2018/10/02/14:03:31.725921,52140,1538481811,710808089,/world,vicon/IMUframe/IMUframe,-0.138945890917,0.190750360146,1.39607402414,-0.0337670510177,-0.00843664563885,0.0463724268263,0.998317688567
2018/10/02/14:03:31.736251,52141,1538481811,720807114,/world,vicon/IMUframe/IMUframe,-0.138798335449,0.190837486847,1.39625171284,-0.0334106035284,-0.00799519337089,0.046225921896,0.99834010868
2018/10/02/14:03:31.745874,52142,1538481811,730812740,/world,vicon/IMUframe/IMUframe,-0.13872216408,0.191002630289,1.39634198821,-0.0332565723142,-0.00793419514914,0.0461633899268,0.998348631679
2018/10/02/14:03:31.756249,52143,1538481811,740810634,/world,vicon/IMUframe/IMUframe,-0.138644006836,0.191139513332,1.39640510494,-0.0331289991814,-0.00795701899156,0.0461263954242,0.998354401456
2018/10/02/14:03:31.766397,52144,1538481811,750739866,/world,vicon/IMUframe/IMUframe,-0.138564905704,0.191289332723,1.39644532912,-0.0329856655682,-0.00806379269656,0.0461183634723,0.998358661837
2018/10/02/14:03:31.776361,52145,1538481811,760799425,/world,vicon/IMUframe/IMUframe,-0.138485475404,0.191412027885,1.3964851681,-0.0329041097043,-0.0081907272687,0.0460627495753,0.998362887257
2018/10/02/14:03:31.786355,52146,1538481811,770741272,/world,vicon/IMUframe/IMUframe,-0.138407334741,0.191520490207,1.3965081233,-0.0329020883633,-0.00839689117528,0.0460085752492,0.998363739227
2018/10/02/14:03:31.796323,52147,1538481811,780811568,/world,vicon/IMUframe/IMUframe,-0.138336032843,0.191620136613,1.39653659809,-0.0329600332185,-0.00860323008439,0.0459177552101,0.998364252364
2018/10/02/14:03:31.806276,52148,1538481811,790813065,/world,vicon/IMUframe/IMUframe,-0.13823344406,0.191698892588,1.39656531897,-0.0330327176867,-0.00876361241733,0.0459777003553,0.998357696284
2018/10/02/14:03:31.816396,52149,1538481811,800811688,/world,vicon/IMUframe/IMUframe,-0.138134139634,0.191783842508,1.39658432526,-0.033127459743,-0.0088806874642,0.046045683419,0.998350389312
2018/10/02/14:03:31.826349,52150,1538481811,810816637,/world,vicon/IMUframe/IMUframe,-0.138036752535,0.191831140788,1.39660436449,-0.0332290351634,-0.00892363818032,0.0461944574271,0.998339757801
2018/10/02/14:03:31.836411,52151,1538481811,820808853,/world,vicon/IMUframe/IMUframe,-0.138017133693,0.191969872097,1.39655231671,-0.033582391782,-0.00919392589464,0.046478679235,0.998312289349
2018/10/02/14:03:31.846076,52152,1538481811,830807696,/world,vicon/IMUframe/IMUframe,-0.137899985619,0.192010480588,1.39654804167,-0.0336513708426,-0.00918864824998,0.0466749848473,0.998300856342
2018/10/02/14:03:31.855894,52153,1538481811,840774263,/world,vicon/IMUframe/IMUframe,-0.137793841074,0.192053875649,1.39655097378,-0.0336814630405,-0.0091454273553,0.0468496039714,0.998292058875
2018/10/02/14:03:31.865993,52154,1538481811,850806587,/world,vicon/IMUframe/IMUframe,-0.137686521705,0.192086503609,1.39654619291,-0.0336485864557,-0.00905386936604,0.0470055294598,0.998286672394
2018/10/02/14:03:31.875910,52155,1538481811,860776278,/world,vicon/IMUframe/IMUframe,-0.137644423404,0.192136910795,1.39649892133,-0.0335047130375,-0.00892953498486,0.047083878317,0.998288939141
2018/10/02/14:03:31.885964,52156,1538481811,870795526,/world,vicon/IMUframe/IMUframe,-0.137523565463,0.192115411095,1.39652872063,-0.0330514016355,-0.00854780819664,0.0469556120191,0.998313432908
2018/10/02/14:03:31.896234,52157,1538481811,880824549,/world,vicon/IMUframe/IMUframe,-0.137486592894,0.192174138834,1.39647793544,-0.0327564977275,-0.00841764321004,0.0469129157298,0.998326266046
2018/10/02/14:03:31.906411,52158,1538481811,890805320,/world,vicon/IMUframe/IMUframe,-0.1374630037,0.192281593634,1.39642014218,-0.0323830389445,-0.00836884451944,0.0467746691145,0.998345346841
2018/10/02/14:03:31.916250,52159,1538481811,900814960,/world,vicon/IMUframe/IMUframe,-0.137449854636,0.192357057688,1.39637739971,-0.0320598313807,-0.00828765383447,0.0466119654793,0.998364065199
2018/10/02/14:03:31.926119,52160,1538481811,910788505,/world,vicon/IMUframe/IMUframe,-0.137472575436,0.192453322383,1.39633806695,-0.0318400882459,-0.00816578881484,0.0464355697387,0.998380321589
2018/10/02/14:03:31.936190,52161,1538481811,920809394,/world,vicon/IMUframe/IMUframe,-0.13750776374,0.192543115038,1.39631949986,-0.0317213829517,-0.00797851140749,0.0461741060442,0.998397740958
2018/10/02/14:03:31.946090,52162,1538481811,930800795,/world,vicon/IMUframe/IMUframe,-0.137569004475,0.192626206704,1.39630665707,-0.0316678342172,-0.00775088198357,0.0459397652214,0.998412044236
2018/10/02/14:03:31.956342,52163,1538481811,940820211,/world,vicon/IMUframe/IMUframe,-0.137682113275,0.192690540346,1.39628797201,-0.0317207266713,-0.00748644910968,0.0456903669927,0.998423827311
2018/10/02/14:03:31.966252,52164,1538481811,950803894,/world,vicon/IMUframe/IMUframe,-0.137789959756,0.192748478296,1.39628348727,-0.0317956787806,-0.00725130001121,0.0454581839846,0.998433776957
2018/10/02/14:03:31.976354,52165,1538481811,960814926,/world,vicon/IMUframe/IMUframe,-0.137925799706,0.19284316778,1.3962661762,-0.0318451891996,-0.00703216528488,0.0451612074166,0.998447243434
2018/10/02/14:03:31.986115,52166,1538481811,970761269,/world,vicon/IMUframe/IMUframe,-0.138076415905,0.192907515874,1.3962416379,-0.0318469301007,-0.00688081569762,0.044881679023,0.998460846657
2018/10/02/14:03:31.995919,52167,1538481811,980771093,/world,vicon/IMUframe/IMUframe,-0.138246844284,0.192975641094,1.39621048504,-0.0317875618899,-0.00681596901207,0.0446469219353,0.998473708135
2018/10/02/14:03:32.005909,52168,1538481811,990760281,/world,vicon/IMUframe/IMUframe,-0.138371163662,0.193033848376,1.39618126339,-0.031650187229,-0.00689997778191,0.044504449024,0.998483855639
2018/10/02/14:03:32.016116,52169,1538481812,793390,/world,vicon/IMUframe/IMUframe,-0.138538124189,0.193103240876,1.39613371124,-0.031492571437,-0.00707771314361,0.0443236154326,0.998495638967
2018/10/02/14:03:32.025848,52170,1538481812,10799664,/world,vicon/IMUframe/IMUframe,-0.138690459142,0.193163721737,1.39609180259,-0.0313901799081,-0.0073642514677,0.0440863618986,0.998507294465
2018/10/02/14:03:32.035946,52171,1538481812,20795960,/world,vicon/IMUframe/IMUframe,-0.138826660178,0.193308012427,1.39608844062,-0.0312414316975,-0.00751308014344,0.0435039022486,0.998536397465
2018/10/02/14:03:32.045893,52172,1538481812,30783371,/world,vicon/IMUframe/IMUframe,-0.139013566021,0.19328932444,1.39602535738,-0.0314177238836,-0.00793584790379,0.043388606425,0.998532612275
2018/10/02/14:03:32.055908,52173,1538481812,40788188,/world,vicon/IMUframe/IMUframe,-0.139264049356,0.193431170755,1.39590791205,-0.0318210894273,-0.00849986540516,0.0431889057074,0.998523854988
2018/10/02/14:03:32.065928,52174,1538481812,50776675,/world,vicon/IMUframe/IMUframe,-0.139408858792,0.193476784282,1.39586613513,-0.0319680590195,-0.00876075627362,0.042963057397,0.998526648643
2018/10/02/14:03:32.075989,52175,1538481812,60790710,/world,vicon/IMUframe/IMUframe,-0.139545193084,0.19351104753,1.39582108851,-0.0320992718279,-0.00902345459872,0.0427458888847,0.998529420197
2018/10/02/14:03:32.086222,52176,1538481812,70803444,/world,vicon/IMUframe/IMUframe,-0.139667882761,0.193536224853,1.39577541409,-0.0322565457302,-0.00921641703319,0.0425655308767,0.99853029423
2018/10/02/14:03:32.096121,52177,1538481812,80820210,/world,vicon/IMUframe/IMUframe,-0.139761010486,0.193518187616,1.39570742491,-0.0324050966537,-0.00936125177061,0.0424381697827,0.998529558111
2018/10/02/14:03:32.106174,52178,1538481812,90716010,/world,vicon/IMUframe/IMUframe,-0.139844635078,0.193487956849,1.39566461129,-0.0324770715581,-0.00945128562449,0.0423463624556,0.998530269251
2018/10/02/14:03:32.115708,52179,1538481812,100722480,/world,vicon/IMUframe/IMUframe,-0.139889364403,0.193446764805,1.39560129114,-0.0325090926297,-0.00950603719696,0.0422756592542,0.998531703447
2018/10/02/14:03:32.125765,52180,1538481812,110672664,/world,vicon/IMUframe/IMUframe,-0.139951926186,0.193364852027,1.39551818459,-0.0324824150046,-0.00945492225589,0.0422502434639,0.99853413266
2018/10/02/14:03:32.135782,52181,1538481812,120810020,/world,vicon/IMUframe/IMUframe,-0.140016492244,0.193281768847,1.39543100271,-0.0323247432015,-0.00933575126279,0.0422177834142,0.998541743488
2018/10/02/14:03:32.146429,52182,1538481812,130813829,/world,vicon/IMUframe/IMUframe,-0.140041916986,0.193132309178,1.39533414074,-0.032144846176,-0.0091877480944,0.042246996761,0.998547688102
2018/10/02/14:03:32.156495,52183,1538481812,140739589,/world,vicon/IMUframe/IMUframe,-0.14007936365,0.192980068677,1.3952366254,-0.0319222101212,-0.00902885833695,0.0422177877858,0.998557514925
2018/10/02/14:03:32.166424,52184,1538481812,150712776,/world,vicon/IMUframe/IMUframe,-0.140109855415,0.192812472483,1.39514284414,-0.0316519963257,-0.00875941594467,0.0422593722984,0.998566757515
2018/10/02/14:03:32.175935,52185,1538481812,160745255,/world,vicon/IMUframe/IMUframe,-0.140128279894,0.192640719073,1.39501717443,-0.0313047780504,-0.0084132697263,0.0423049636306,0.998578748931
2018/10/02/14:03:32.185937,52186,1538481812,170683884,/world,vicon/IMUframe/IMUframe,-0.140144906814,0.192416592476,1.39493632825,-0.0310075027245,-0.00795078564911,0.0423553631831,0.99858967699
2018/10/02/14:03:32.195971,52187,1538481812,180791202,/world,vicon/IMUframe/IMUframe,-0.140186076705,0.192207522725,1.39483866719,-0.0306457458848,-0.0074088921706,0.0424050985934,0.998602901152
2018/10/02/14:03:32.206409,52188,1538481812,190831527,/world,vicon/IMUframe/IMUframe,-0.140154801003,0.191890928745,1.39478922617,-0.0300386902573,-0.00664698252805,0.0424600351299,0.99862437389
2018/10/02/14:03:32.216295,52189,1538481812,200816016,/world,vicon/IMUframe/IMUframe,-0.140216056812,0.191644226505,1.39473620868,-0.0297382473464,-0.00604976803638,0.0426234752617,0.998630199978
2018/10/02/14:03:32.226269,52190,1538481812,210811269,/world,vicon/IMUframe/IMUframe,-0.140305398703,0.191420588132,1.39470390219,-0.0293864743282,-0.00525275351738,0.0427381484678,0.998640222689
2018/10/02/14:03:32.235981,52191,1538481812,220814336,/world,vicon/IMUframe/IMUframe,-0.140428048267,0.19126287823,1.39472181757,-0.0289236882067,-0.00432627496164,0.0426717844664,0.998661014767
2018/10/02/14:03:32.246130,52192,1538481812,230810501,/world,vicon/IMUframe/IMUframe,-0.140593424178,0.191154850818,1.39486303115,-0.0285218055016,-0.00286201843879,0.0423742937095,0.998690509965
2018/10/02/14:03:32.256036,52193,1538481812,240814546,/world,vicon/IMUframe/IMUframe,-0.140758221859,0.191091511035,1.39511210091,-0.0281551268378,-0.00095531434234,0.0419445264073,0.998722700709
2018/10/02/14:03:32.266107,52194,1538481812,250814084,/world,vicon/IMUframe/IMUframe,-0.140940431814,0.191072671146,1.39543964874,-0.0278165830678,0.00119561855739,0.0413220818616,0.99875787544
2018/10/02/14:03:32.276053,52195,1538481812,260781702,/world,vicon/IMUframe/IMUframe,-0.141162418997,0.191097445652,1.39584805685,-0.0276219144898,0.00357145573713,0.0404216882868,0.99879445416
2018/10/02/14:03:32.285668,52196,1538481812,270772532,/world,vicon/IMUframe/IMUframe,-0.141405970451,0.191147867788,1.39627452847,-0.027630127543,0.00606725946382,0.0392601774097,0.998828515254
2018/10/02/14:03:32.296083,52197,1538481812,280811894,/world,vicon/IMUframe/IMUframe,-0.141628047372,0.191151939106,1.39672120076,-0.0276428254896,0.00865380927328,0.0382553932007,0.998848091891
2018/10/02/14:03:32.306399,52198,1538481812,290740575,/world,vicon/IMUframe/IMUframe,-0.141894780852,0.191155947664,1.39715541749,-0.0276976775747,0.0111376052466,0.0371705821195,0.998862923644
2018/10/02/14:03:32.316264,52199,1538481812,300795585,/world,vicon/IMUframe/IMUframe,-0.14219544191,0.191137396893,1.39752232382,-0.0276794987788,0.0134908620885,0.0363249819098,0.998865525322
2018/10/02/14:03:32.326109,52200,1538481812,310819284,/world,vicon/IMUframe/IMUframe,-0.142530980698,0.19103774657,1.39786457777,-0.027685491674,0.0156709397021,0.0356781653709,0.99885684846
2018/10/02/14:03:32.336059,52201,1538481812,320793010,/world,vicon/IMUframe/IMUframe,-0.142880001484,0.190875004048,1.39817716382,-0.0276768621943,0.017683202474,0.0353604322067,0.998834788883
2018/10/02/14:03:32.346225,52202,1538481812,330825687,/world,vicon/IMUframe/IMUframe,-0.143138914751,0.190598702167,1.39847811282,-0.0276223273033,0.019543119244,0.0354442403633,0.998798668076
2018/10/02/14:03:32.356323,52203,1538481812,340814844,/world,vicon/IMUframe/IMUframe,-0.143273244269,0.190260127378,1.39880884068,-0.0274035755575,0.0213478902174,0.0361091693927,0.998743930903
2018/10/02/14:03:32.366159,52204,1538481812,350814317,/world,vicon/IMUframe/IMUframe,-0.143291043996,0.189932395347,1.39913368122,-0.0271069416562,0.0229097043405,0.0370254450289,0.998683871694
2018/10/02/14:03:32.376321,52205,1538481812,360816052,/world,vicon/IMUframe/IMUframe,-0.143198007735,0.189595535868,1.39946142288,-0.0268357045405,0.0243389766661,0.038152292587,0.998614971722
2018/10/02/14:03:32.386315,52206,1538481812,370795619,/world,vicon/IMUframe/IMUframe,-0.143057242367,0.189285028166,1.3998067626,-0.0266988471919,0.0253984361823,0.0391473303307,0.998553742933
2018/10/02/14:03:32.396240,52207,1538481812,380820172,/world,vicon/IMUframe/IMUframe,-0.142926136351,0.189056319757,1.40011070689,-0.0267064596716,0.0260775730973,0.0399080467034,0.998505920364
2018/10/02/14:03:32.406216,52208,1538481812,390821633,/world,vicon/IMUframe/IMUframe,-0.142818430198,0.188880325652,1.40037457374,-0.0268828750294,0.0262567376061,0.0404518336356,0.998474608548
2018/10/02/14:03:32.416171,52209,1538481812,400819459,/world,vicon/IMUframe/IMUframe,-0.142718341924,0.188778303238,1.4005961956,-0.0271745722639,0.025929083766,0.0408725311438,0.998458142055
2018/10/02/14:03:32.426304,52210,1538481812,410824690,/world,vicon/IMUframe/IMUframe,-0.142643993619,0.188716358428,1.40077633995,-0.0276060632836,0.025331700973,0.0412392950526,0.99844655878
2018/10/02/14:03:32.436191,52211,1538481812,420815549,/world,vicon/IMUframe/IMUframe,-0.142573317392,0.188657656095,1.4009260851,-0.028243665489,0.0244149580602,0.0416935539031,0.998432698155
2018/10/02/14:03:32.446138,52212,1538481812,430803741,/world,vicon/IMUframe/IMUframe,-0.142534134401,0.188603820146,1.40105246046,-0.0289719110712,0.0234088615893,0.0422439614634,0.998412791028
2018/10/02/14:03:32.456018,52213,1538481812,440818113,/world,vicon/IMUframe/IMUframe,-0.142494357456,0.188533493592,1.40116607359,-0.0297651066101,0.02232350162,0.0429774836328,0.998383010475
2018/10/02/14:03:32.466130,52214,1538481812,450797050,/world,vicon/IMUframe/IMUframe,-0.142478568575,0.188468695146,1.40130645359,-0.0306517887827,0.0212570540496,0.0436273473479,0.998351270877
2018/10/02/14:03:32.476189,52215,1538481812,460826126,/world,vicon/IMUframe/IMUframe,-0.142418933136,0.188383420532,1.40139766029,-0.0314003058553,0.0201433450568,0.0444617794205,0.998314287493
2018/10/02/14:03:32.486292,52216,1538481812,470798802,/world,vicon/IMUframe/IMUframe,-0.142370170536,0.188315832769,1.40149281275,-0.032223010987,0.0190382707451,0.0452056781597,0.998276348749
2018/10/02/14:03:32.496194,52217,1538481812,480811717,/world,vicon/IMUframe/IMUframe,-0.14236055867,0.188272929431,1.40156363835,-0.0330071089429,0.0179244848978,0.045744381236,0.998246810757
2018/10/02/14:03:32.505904,52218,1538481812,490785639,/world,vicon/IMUframe/IMUframe,-0.142307096519,0.188238652938,1.40163590572,-0.033654011873,0.0168795565924,0.0460810331879,0.998227943124
2018/10/02/14:03:32.515912,52219,1538481812,500814414,/world,vicon/IMUframe/IMUframe,-0.142299489611,0.188197817564,1.40168358919,-0.0340847503701,0.0159046909323,0.0463649249255,0.998216191181
2018/10/02/14:03:32.525954,52220,1538481812,510821070,/world,vicon/IMUframe/IMUframe,-0.142218362361,0.188150479735,1.40174029776,-0.0344087869706,0.0150376984699,0.0466518246969,0.998205144375
2018/10/02/14:03:32.536237,52221,1538481812,520834706,/world,vicon/IMUframe/IMUframe,-0.142178260682,0.188141568718,1.4017884915,-0.0345478907245,0.014353782656,0.0467353994175,0.998206498983
2018/10/02/14:03:32.546142,52222,1538481812,530747503,/world,vicon/IMUframe/IMUframe,-0.142117863798,0.188139543577,1.40186309054,-0.0344973284088,0.0137397751997,0.0467896014656,0.998214348777
2018/10/02/14:03:32.556199,52223,1538481812,540818092,/world,vicon/IMUframe/IMUframe,-0.142092250687,0.188126972008,1.40193389291,-0.0343450521753,0.0132290565555,0.0467588319781,0.998227940445
2018/10/02/14:03:32.566269,52224,1538481812,550811167,/world,vicon/IMUframe/IMUframe,-0.142087074377,0.188129005027,1.40198835299,-0.0341813924901,0.0127674639671,0.0466993428248,0.998242353164
2018/10/02/14:03:32.576128,52225,1538481812,560810828,/world,vicon/IMUframe/IMUframe,-0.14210377179,0.188118993301,1.40204471009,-0.0339937252741,0.012311505312,0.0464713478768,0.998265128764
2018/10/02/14:03:32.586245,52226,1538481812,570815316,/world,vicon/IMUframe/IMUframe,-0.142140818454,0.188133685384,1.40207378576,-0.0338164134452,0.0118637325906,0.0462112017638,0.99828864907
2018/10/02/14:03:32.596125,52227,1538481812,580820173,/world,vicon/IMUframe/IMUframe,-0.142220344968,0.188132634543,1.40207006319,-0.0336399244072,0.0114318292096,0.0459817055182,0.998310248132
2018/10/02/14:03:32.606253,52228,1538481812,590811913,/world,vicon/IMUframe/IMUframe,-0.142298603018,0.188115156496,1.4020610649,-0.0334511325826,0.0110285857063,0.0457059395752,0.998333791431
2018/10/02/14:03:32.616223,52229,1538481812,600812405,/world,vicon/IMUframe/IMUframe,-0.142379360994,0.188081208885,1.40200425865,-0.0332213583079,0.0106702984914,0.0455923387858,0.998350552024
2018/10/02/14:03:32.626155,52230,1538481812,610808432,/world,vicon/IMUframe/IMUframe,-0.142436650537,0.188033630978,1.40193990693,-0.0329011302388,0.0102352511937,0.0455742610479,0.998366536895
2018/10/02/14:03:32.636162,52231,1538481812,620811154,/world,vicon/IMUframe/IMUframe,-0.142514119858,0.188004628207,1.40188094563,-0.0326344785193,0.00983688613609,0.04555572688,0.998380139141
2018/10/02/14:03:32.646168,52232,1538481812,630813434,/world,vicon/IMUframe/IMUframe,-0.142595108842,0.187969769324,1.40180541362,-0.0324205670887,0.00947223456265,0.0454851292041,0.998393853458
2018/10/02/14:03:32.656155,52233,1538481812,640811297,/world,vicon/IMUframe/IMUframe,-0.142669979002,0.187946066718,1.40175323896,-0.0322395884716,0.00907429664212,0.0453325795813,0.998410348156
2018/10/02/14:03:32.665935,52234,1538481812,650813107,/world,vicon/IMUframe/IMUframe,-0.142779291476,0.18792360103,1.40170034255,-0.0321137767613,0.00862756942777,0.0451872607473,0.998424950537
2018/10/02/14:03:32.675893,52235,1538481812,660811599,/world,vicon/IMUframe/IMUframe,-0.142844057772,0.18789479916,1.40162004247,-0.0319904969937,0.00805074503018,0.04506309809,0.998439337565
2018/10/02/14:03:32.685755,52236,1538481812,670790386,/world,vicon/IMUframe/IMUframe,-0.14292870126,0.18786795774,1.40153329295,-0.0318533066731,0.00750628972851,0.044981419219,0.998451648501
2018/10/02/14:03:32.695983,52237,1538481812,680832032,/world,vicon/IMUframe/IMUframe,-0.142967365205,0.187820863716,1.40145822965,-0.0316732097223,0.00702221338887,0.0450344781629,0.998458507942
2018/10/02/14:03:32.705572,52238,1538481812,690790166,/world,vicon/IMUframe/IMUframe,-0.143006888507,0.187791413806,1.40138236698,-0.0314399305452,0.00649249046925,0.0451122075791,0.998465956887
2018/10/02/14:03:32.715925,52239,1538481812,700795933,/world,vicon/IMUframe/IMUframe,-0.143042794748,0.187732005634,1.40131653139,-0.0311845908643,0.00600550405724,0.0452625068162,0.998470210217
2018/10/02/14:03:32.725870,52240,1538481812,710791324,/world,vicon/IMUframe/IMUframe,-0.143088033845,0.187689112645,1.40124055898,-0.0308475562264,0.00568483072478,0.0453860983951,0.998476946678
2018/10/02/14:03:32.735819,52241,1538481812,720818971,/world,vicon/IMUframe/IMUframe,-0.143174856483,0.187665195583,1.40117329521,-0.0305139836441,0.00549833629549,0.0454140057269,0.998486971965
2018/10/02/14:03:32.745923,52242,1538481812,730782331,/world,vicon/IMUframe/IMUframe,-0.143272060326,0.187667462969,1.40112114396,-0.0300095078347,0.00543116661451,0.0453306458225,0.998506416814
2018/10/02/14:03:32.755948,52243,1538481812,740791668,/world,vicon/IMUframe/IMUframe,-0.143394791165,0.187695482225,1.40105432973,-0.0293224829813,0.00555220943355,0.0451416824877,0.998534723214
2018/10/02/14:03:32.766224,52244,1538481812,750833317,/world,vicon/IMUframe/IMUframe,-0.143520641831,0.187703327684,1.40102060711,-0.0284675044945,0.0059440858159,0.0450212950642,0.998562643014
2018/10/02/14:03:32.776317,52245,1538481812,760832296,/world,vicon/IMUframe/IMUframe,-0.143646311886,0.187722402671,1.40098578331,-0.0272702343117,0.00652027448435,0.0449132000638,0.998597328657
2018/10/02/14:03:32.786371,52246,1538481812,770817572,/world,vicon/IMUframe/IMUframe,-0.143741498371,0.18772920655,1.40095394491,-0.0258583268849,0.00732193312837,0.0448092725107,0.998633999683
2018/10/02/14:03:32.796235,52247,1538481812,780811990,/world,vicon/IMUframe/IMUframe,-0.143810178583,0.187720083471,1.40093553736,-0.0240768944282,0.00827391112933,0.0447845816138,0.998672211889
2018/10/02/14:03:32.806314,52248,1538481812,790815967,/world,vicon/IMUframe/IMUframe,-0.143872925301,0.187710502811,1.40093301553,-0.0221266316775,0.00932526135707,0.0446584711501,0.998713709041
2018/10/02/14:03:32.816271,52249,1538481812,800814565,/world,vicon/IMUframe/IMUframe,-0.143932165858,0.187661168469,1.40093493294,-0.0200094383881,0.0105211380005,0.0444919923143,0.998753918966
2018/10/02/14:03:32.826315,52250,1538481812,810820399,/world,vicon/IMUframe/IMUframe,-0.143982997744,0.187620736574,1.40094204348,-0.017615677363,0.0119114621905,0.0442273177764,0.998795148838
2018/10/02/14:03:32.836272,52251,1538481812,820819169,/world,vicon/IMUframe/IMUframe,-0.144001815037,0.187562123946,1.40090964266,-0.0149907800209,0.0135319342721,0.0438045372858,0.998835985426
2018/10/02/14:03:32.846271,52252,1538481812,830821497,/world,vicon/IMUframe/IMUframe,-0.144008123253,0.187465222301,1.40091843884,-0.0122186682571,0.0154690481599,0.0432635037517,0.998869201617
2018/10/02/14:03:32.856378,52253,1538481812,840815574,/world,vicon/IMUframe/IMUframe,-0.144023170825,0.187342727206,1.4009252641,-0.00905828020099,0.0177740541599,0.0426005886968,0.998892997473
2018/10/02/14:03:32.866299,52254,1538481812,850817321,/world,vicon/IMUframe/IMUframe,-0.144008754218,0.187202732612,1.40090628571,-0.00542486164291,0.0203595359444,0.0420384617667,0.998893802115
2018/10/02/14:03:32.876293,52255,1538481812,860813848,/world,vicon/IMUframe/IMUframe,-0.144019150755,0.18707117347,1.40088793692,-0.00136916622325,0.0230213308148,0.0414259202937,0.998875386041
2018/10/02/14:03:32.886485,52256,1538481812,870814720,/world,vicon/IMUframe/IMUframe,-0.144030719435,0.186924169828,1.40083143614,0.00325514005555,0.025791415352,0.040910386471,0.998824582815
2018/10/02/14:03:32.896497,52257,1538481812,880786687,/world,vicon/IMUframe/IMUframe,-0.143992774483,0.186738422668,1.40071787347,0.00843428718912,0.028757947469,0.0404801652528,0.998730794297
2018/10/02/14:03:32.906421,52258,1538481812,890818703,/world,vicon/IMUframe/IMUframe,-0.143939081314,0.186508675684,1.40059833365,0.0140818038611,0.0319945702631,0.0400596433685,0.998585637413
2018/10/02/14:03:32.916550,52259,1538481812,900816958,/world,vicon/IMUframe/IMUframe,-0.143846800957,0.186498794638,1.40037112536,0.0203052950904,0.0352685223981,0.0396400843847,0.998384940806
2018/10/02/14:03:32.926580,52260,1538481812,910821404,/world,vicon/IMUframe/IMUframe,-0.143795101537,0.186282496838,1.40010487567,0.0270307367865,0.0386899541079,0.0393327630789,0.998110895877
2018/10/02/14:03:32.936529,52261,1538481812,920730388,/world,vicon/IMUframe/IMUframe,-0.143715609894,0.186031343643,1.3998049867,0.034254060532,0.0421655896285,0.0392493921566,0.997751576097
2018/10/02/14:03:32.946462,52262,1538481812,930738030,/world,vicon/IMUframe/IMUframe,-0.14368255392,0.185789597188,1.3994197082,0.0416852559293,0.0459432407023,0.0392223300836,0.997302946398
2018/10/02/14:03:32.956358,52263,1538481812,940760796,/world,vicon/IMUframe/IMUframe,-0.143556947379,0.185476175823,1.39908368799,0.0494209386783,0.0496938254776,0.0391135556879,0.996773908312
2018/10/02/14:03:32.966615,52264,1538481812,950824558,/world,vicon/IMUframe/IMUframe,-0.143569012806,0.185171626813,1.39867038658,0.0571096571086,0.0537153428953,0.0386868471287,0.996170907456
2018/10/02/14:03:32.976596,52265,1538481812,960826540,/world,vicon/IMUframe/IMUframe,-0.143403308109,0.184834911008,1.39831810443,0.064931164715,0.0579620615142,0.0385590723129,0.995458457805
2018/10/02/14:03:32.986511,52266,1538481812,970717259,/world,vicon/IMUframe/IMUframe,-0.143141091629,0.184362994638,1.39794713166,0.0727974631822,0.0621456188215,0.0384384836576,0.994666242711
2018/10/02/14:03:32.996588,52267,1538481812,980814052,/world,vicon/IMUframe/IMUframe,-0.142985003025,0.184022578794,1.39758720507,0.0808700820469,0.0665491102186,0.0384441542303,0.993757159856
2018/10/02/14:03:33.006513,52268,1538481812,990716110,/world,vicon/IMUframe/IMUframe,-0.142819353855,0.183715574146,1.397253943,0.0889808166888,0.0711569700218,0.0383150114966,0.992749243149
2018/10/02/14:03:33.016308,52269,1538481813,815705,/world,vicon/IMUframe/IMUframe,-0.142650163784,0.183382275241,1.39692332106,0.096755654967,0.0759301970528,0.0383332732016,0.991667035135
2018/10/02/14:03:33.026419,52270,1538481813,10823064,/world,vicon/IMUframe/IMUframe,-0.142482993097,0.183070986661,1.39661134876,0.104276884971,0.0809886084501,0.0382750457212,0.990506030995
2018/10/02/14:03:33.036546,52271,1538481813,20852923,/world,vicon/IMUframe/IMUframe,-0.14226836432,0.182681003333,1.39615784322,0.111468384019,0.0865590389759,0.0383285103574,0.98924883494
2018/10/02/14:03:33.046656,52272,1538481813,30805430,/world,vicon/IMUframe/IMUframe,-0.142423579256,0.18200115712,1.39594529886,0.12000243607,0.0914590561013,0.0382694453354,0.98781076424
2018/10/02/14:03:33.056461,52273,1538481813,40835380,/world,vicon/IMUframe/IMUframe,-0.142308089664,0.181611907731,1.39554650739,0.126926291783,0.0969746669051,0.0382043798085,0.986420830983
2018/10/02/14:03:33.066046,52274,1538481813,50716398,/world,vicon/IMUframe/IMUframe,-0.142107777136,0.181187622439,1.39520671777,0.134132158257,0.102143224633,0.0379207487771,0.98495550285
2018/10/02/14:03:33.076044,52275,1538481813,60711578,/world,vicon/IMUframe/IMUframe,-0.141795608187,0.180728186048,1.39506904894,0.140975531262,0.108266471198,0.0381013442672,0.983337459047
2018/10/02/14:03:33.086094,52276,1538481813,70801134,/world,vicon/IMUframe/IMUframe,-0.141540569263,0.180298471045,1.39467654304,0.14848969852,0.113366902094,0.0377724120345,0.981667968221
2018/10/02/14:03:33.096355,52277,1538481813,80815850,/world,vicon/IMUframe/IMUframe,-0.141234767177,0.179835023926,1.39433237216,0.156314850262,0.118084597429,0.037281212545,0.979914183298
2018/10/02/14:03:33.106493,52278,1538481813,90831460,/world,vicon/IMUframe/IMUframe,-0.141058950021,0.179440026691,1.39386407036,0.164038476475,0.123345685441,0.0369283285368,0.978015091228
2018/10/02/14:03:33.116572,52279,1538481813,100822271,/world,vicon/IMUframe/IMUframe,-0.140814826041,0.179074970446,1.39331899254,0.172059013022,0.128114540541,0.036192539019,0.97604941507
2018/10/02/14:03:33.126467,52280,1538481813,110817744,/world,vicon/IMUframe/IMUframe,-0.140600990977,0.178697908977,1.39284490533,0.1801794432,0.132886268813,0.0351839935166,0.973980849098
2018/10/02/14:03:33.136511,52281,1538481813,120800580,/world,vicon/IMUframe/IMUframe,-0.140411992378,0.178391284969,1.39238565715,0.188367074905,0.137651307574,0.0340789891227,0.97180686616
2018/10/02/14:03:33.146593,52282,1538481813,130829351,/world,vicon/IMUframe/IMUframe,-0.140374135338,0.178024572402,1.39191599314,0.196651152415,0.142665321201,0.0322431693474,0.96950260877
2018/10/02/14:03:33.156425,52283,1538481813,140818475,/world,vicon/IMUframe/IMUframe,-0.140267631964,0.177709560533,1.391475124,0.204916504322,0.147512066973,0.0304627335982,0.967120177752
2018/10/02/14:03:33.166258,52284,1538481813,150799315,/world,vicon/IMUframe/IMUframe,-0.140286405437,0.177527202742,1.3910939077,0.212640822791,0.152553907206,0.0284005221774,0.964730323054
2018/10/02/14:03:33.176409,52285,1538481813,160752472,/world,vicon/IMUframe/IMUframe,-0.140549229384,0.177150961232,1.3910266667,0.220362769289,0.158675283073,0.026764876424,0.962053036918
2018/10/02/14:03:33.186506,52286,1538481813,170797895,/world,vicon/IMUframe/IMUframe,-0.140590431396,0.176884514407,1.39079550469,0.227429518617,0.164251877203,0.0239862795855,0.959542491653
2018/10/02/14:03:33.196632,52287,1538481813,180768161,/world,vicon/IMUframe/IMUframe,-0.140666680414,0.176875535123,1.39050823352,0.234485407612,0.169780304458,0.0207728763544,0.956953358029
2018/10/02/14:03:33.206240,52288,1538481813,190765729,/world,vicon/IMUframe/IMUframe,-0.140682732224,0.176552360301,1.39047503647,0.241257949522,0.1761185757,0.017912378445,0.954178178216
2018/10/02/14:03:33.216349,52289,1538481813,200762970,/world,vicon/IMUframe/IMUframe,-0.140622136778,0.17642298569,1.39020612785,0.247641375723,0.181876870279,0.014538834041,0.951516250724
2018/10/02/14:03:33.226546,52290,1538481813,210834240,/world,vicon/IMUframe/IMUframe,-0.140723092571,0.176294500889,1.39007770686,0.254172019321,0.188038577314,0.011349873083,0.948635471832
2018/10/02/14:03:33.236447,52291,1538481813,220753073,/world,vicon/IMUframe/IMUframe,-0.140778739564,0.176146451822,1.39005207714,0.260853077834,0.194407950497,0.00859751601179,0.945561898178
2018/10/02/14:03:33.246274,52292,1538481813,230782355,/world,vicon/IMUframe/IMUframe,-0.140845393439,0.175912001797,1.38989332439,0.267666037061,0.200615797951,0.00573392386903,0.942377480808
2018/10/02/14:03:33.256302,52293,1538481813,240773225,/world,vicon/IMUframe/IMUframe,-0.141027030035,0.175736533279,1.38962039419,0.274294650262,0.206613578092,0.00300813130297,0.93918274331
2018/10/02/14:03:33.266342,52294,1538481813,250800066,/world,vicon/IMUframe/IMUframe,-0.141062242727,0.175513138682,1.38946266496,0.280806964544,0.212576138418,0.000465767428487,0.935926608821
2018/10/02/14:03:33.276120,52295,1538481813,260762665,/world,vicon/IMUframe/IMUframe,-0.14108927514,0.175355305347,1.38926746465,0.287026857138,0.218214667966,-0.00213144559529,0.932734366744
2018/10/02/14:03:33.286339,52296,1538481813,270776087,/world,vicon/IMUframe/IMUframe,-0.141133904307,0.175006410017,1.38916495775,0.293024868158,0.224072113181,-0.0041715038152,0.929467973247
2018/10/02/14:03:33.296245,52297,1538481813,280809469,/world,vicon/IMUframe/IMUframe,-0.141207492015,0.174824617607,1.38894697716,0.298523838276,0.229309833548,-0.00666380249651,0.926421130996
2018/10/02/14:03:33.306149,52298,1538481813,290778493,/world,vicon/IMUframe/IMUframe,-0.141152818207,0.174353461294,1.3889386377,0.303691906414,0.234855944398,-0.00837611442752,0.9233329584
2018/10/02/14:03:33.316201,52299,1538481813,300799839,/world,vicon/IMUframe/IMUframe,-0.141085207585,0.174136617713,1.38878645247,0.309406559632,0.240006177143,-0.00981688078254,0.920091432762
2018/10/02/14:03:33.326206,52300,1538481813,310794815,/world,vicon/IMUframe/IMUframe,-0.141076080979,0.173949320509,1.38866627025,0.31431453747,0.244781781561,-0.0116506839268,0.917143670596
2018/10/02/14:03:33.336215,52301,1538481813,320842187,/world,vicon/IMUframe/IMUframe,-0.141038532163,0.173746754764,1.38850778393,0.318832772471,0.249379607138,-0.0134910820194,0.914315845563
2018/10/02/14:03:33.346345,52302,1538481813,330823496,/world,vicon/IMUframe/IMUframe,-0.140940096053,0.173473746454,1.38834647229,0.323186158453,0.253990394911,-0.0145773407815,0.911497168077
2018/10/02/14:03:33.356401,52303,1538481813,340835514,/world,vicon/IMUframe/IMUframe,-0.140864139361,0.173169861653,1.38814618781,0.327619349728,0.258563108528,-0.0154390675616,0.90861010108
2018/10/02/14:03:33.366235,52304,1538481813,350774185,/world,vicon/IMUframe/IMUframe,-0.140623993065,0.172748126697,1.38803684521,0.331752375474,0.263131140288,-0.0156443206163,0.90579115673
2018/10/02/14:03:33.376373,52305,1538481813,360783902,/world,vicon/IMUframe/IMUframe,-0.140437828951,0.172472259438,1.38792179671,0.336194886934,0.267321971631,-0.0153700705674,0.902926199871
2018/10/02/14:03:33.386125,52306,1538481813,370789432,/world,vicon/IMUframe/IMUframe,-0.140166267793,0.172120203155,1.38763620638,0.339455283835,0.271483231724,-0.0150964834399,0.900466024543
2018/10/02/14:03:33.396228,52307,1538481813,380793299,/world,vicon/IMUframe/IMUframe,-0.139952352951,0.171650426593,1.38746896418,0.34304843709,0.275157636034,-0.0144426639096,0.897996355561
2018/10/02/14:03:33.406071,52308,1538481813,390782941,/world,vicon/IMUframe/IMUframe,-0.139770542235,0.171132424459,1.38724001222,0.346561901088,0.278735601268,-0.0131484526243,0.895560400807
2018/10/02/14:03:33.416086,52309,1538481813,400831542,/world,vicon/IMUframe/IMUframe,-0.139487212758,0.17077322412,1.38686249084,0.349663051654,0.281821650414,-0.0116372552374,0.893407455731
2018/10/02/14:03:33.426256,52310,1538481813,410819055,/world,vicon/IMUframe/IMUframe,-0.13922549177,0.170377393797,1.38650355422,0.352521895421,0.284792131512,-0.00947366603077,0.891365247656
2018/10/02/14:03:33.436229,52311,1538481813,420825304,/world,vicon/IMUframe/IMUframe,-0.138902647245,0.169686881539,1.38621829731,0.356498544608,0.28721848068,-0.00760274415539,0.889019983088
2018/10/02/14:03:33.446312,52312,1538481813,430819868,/world,vicon/IMUframe/IMUframe,-0.138532210267,0.169259813436,1.38576986009,0.359710260357,0.289212386685,-0.00531880787298,0.887094377315
2018/10/02/14:03:33.456335,52313,1538481813,440823098,/world,vicon/IMUframe/IMUframe,-0.138245495389,0.168671514889,1.38544723357,0.362683812913,0.291360655817,-0.00232923852832,0.885191501733
2018/10/02/14:03:33.466473,52314,1538481813,450806348,/world,vicon/IMUframe/IMUframe,-0.137947563877,0.168193356693,1.38512931798,0.365417940745,0.29316998957,0.000342603511914,0.88347097769
2018/10/02/14:03:33.476475,52315,1538481813,460801073,/world,vicon/IMUframe/IMUframe,-0.137530132423,0.167792802302,1.38482266346,0.368062366136,0.294555099135,0.00322967164898,0.881905299581
2018/10/02/14:03:33.486294,52316,1538481813,470756209,/world,vicon/IMUframe/IMUframe,-0.137257869756,0.167360749592,1.3845720762,0.370135226719,0.296043884226,0.00550973663369,0.880526873728
2018/10/02/14:03:33.496324,52317,1538481813,480773381,/world,vicon/IMUframe/IMUframe,-0.136920829159,0.166872168723,1.38437589402,0.372428639684,0.297233575144,0.00727300139975,0.879145160711
2018/10/02/14:03:33.506175,52318,1538481813,490755158,/world,vicon/IMUframe/IMUframe,-0.136640087964,0.166576048478,1.38417335871,0.373832094086,0.298465328507,0.0091621084227,0.87811392705
2018/10/02/14:03:33.516203,52319,1538481813,500770602,/world,vicon/IMUframe/IMUframe,-0.136308034974,0.166463424587,1.38399221646,0.375107446015,0.299553000742,0.0104707734448,0.877184568146
2018/10/02/14:03:33.526305,52320,1538481813,510818133,/world,vicon/IMUframe/IMUframe,-0.136042921815,0.166235950003,1.383979673,0.376286194658,0.300974186319,0.0119989826107,0.87617307839
2018/10/02/14:03:33.536308,52321,1538481813,520796889,/world,vicon/IMUframe/IMUframe,-0.135738654975,0.166128428684,1.3839044523,0.377360607027,0.301964590039,0.013016260854,0.875355319616
2018/10/02/14:03:33.546147,52322,1538481813,530752675,/world,vicon/IMUframe/IMUframe,-0.135494936602,0.166076641964,1.38396944973,0.378319589615,0.303126959162,0.0135625520791,0.874530955383
2018/10/02/14:03:33.555923,52323,1538481813,540789889,/world,vicon/IMUframe/IMUframe,-0.135279669129,0.166105314179,1.38409644914,0.379142443462,0.304310794801,0.0137026348446,0.873760943011
2018/10/02/14:03:33.565780,52324,1538481813,550785808,/world,vicon/IMUframe/IMUframe,-0.135097751073,0.166190770531,1.38426014904,0.379823072062,0.305561633332,0.0134522602866,0.873032392789
2018/10/02/14:03:33.575875,52325,1538481813,560817040,/world,vicon/IMUframe/IMUframe,-0.134976875253,0.166333408738,1.3844822148,0.380497198111,0.306777945413,0.012883246234,0.872320581211
2018/10/02/14:03:33.586198,52326,1538481813,570834598,/world,vicon/IMUframe/IMUframe,-0.134812728822,0.166551930538,1.38465514396,0.381130490973,0.307798148227,0.0119407118448,0.871697922562
2018/10/02/14:03:33.596205,52327,1538481813,580831478,/world,vicon/IMUframe/IMUframe,-0.134751215735,0.166645847687,1.38492497911,0.381848055044,0.309122067027,0.0113577531345,0.870922850762
2018/10/02/14:03:33.606232,52328,1538481813,590842141,/world,vicon/IMUframe/IMUframe,-0.134665426459,0.166824218001,1.38511361343,0.38260522986,0.310266367645,0.0104553323731,0.870194636399
2018/10/02/14:03:33.616100,52329,1538481813,600821356,/world,vicon/IMUframe/IMUframe,-0.1345892304,0.166998125744,1.38524647115,0.383488845562,0.311310106039,0.00957978541784,0.869442666838
2018/10/02/14:03:33.626277,52330,1538481813,610834186,/world,vicon/IMUframe/IMUframe,-0.134521346995,0.167169801356,1.38539497543,0.384471849576,0.312288063204,0.00875779730987,0.868666140384
2018/10/02/14:03:33.636073,52331,1538481813,620811751,/world,vicon/IMUframe/IMUframe,-0.134461212357,0.167367375521,1.38551790567,0.385468662736,0.313057705088,0.00782190099589,0.867955990358
2018/10/02/14:03:33.646142,52332,1538481813,630800255,/world,vicon/IMUframe/IMUframe,-0.134396941402,0.167558203676,1.38564605845,0.386348480789,0.313725627512,0.00690950301489,0.867331159824
2018/10/02/14:03:33.656018,52333,1538481813,640807572,/world,vicon/IMUframe/IMUframe,-0.134347134571,0.167793442732,1.38573387258,0.387039993018,0.314205836134,0.00585302177542,0.866856665476
2018/10/02/14:03:33.666157,52334,1538481813,650810023,/world,vicon/IMUframe/IMUframe,-0.134328109303,0.167929969377,1.3859149787,0.387567900937,0.314813108846,0.0050344550442,0.866405495669
2018/10/02/14:03:33.676124,52335,1538481813,660823974,/world,vicon/IMUframe/IMUframe,-0.134239339221,0.168107305463,1.38603372765,0.38780351178,0.315172210817,0.00406371361417,0.866174578253
2018/10/02/14:03:33.686148,52336,1538481813,670806943,/world,vicon/IMUframe/IMUframe,-0.134134921616,0.168289630965,1.38614630818,0.387788724196,0.31544424042,0.00312013867663,0.866086081926
2018/10/02/14:03:33.696139,52337,1538481813,680815672,/world,vicon/IMUframe/IMUframe,-0.134077770783,0.168381128054,1.38633773273,0.387651651448,0.315973402181,0.00256418308873,0.865956367959
2018/10/02/14:03:33.706432,52338,1538481813,690816774,/world,vicon/IMUframe/IMUframe,-0.133973442354,0.168473715426,1.38646998044,0.3874141234,0.316382597712,0.00205309217392,0.86591462262
2018/10/02/14:03:33.715969,52339,1538481813,700769394,/world,vicon/IMUframe/IMUframe,-0.133845806255,0.168559746816,1.38659093093,0.387110254606,0.316720708223,0.00168269865701,0.865927717703
2018/10/02/14:03:33.725927,52340,1538481813,710772854,/world,vicon/IMUframe/IMUframe,-0.133712051551,0.168617801247,1.38668474315,0.386831019844,0.316964797906,0.00139227345018,0.865963706254
2018/10/02/14:03:33.736038,52341,1538481813,720848172,/world,vicon/IMUframe/IMUframe,-0.133560325775,0.168670092637,1.38675097328,0.386605962723,0.317095758507,0.00120831990625,0.866016541116
2018/10/02/14:03:33.746107,52342,1538481813,730830514,/world,vicon/IMUframe/IMUframe,-0.133400471805,0.168708450247,1.38679343905,0.38640164023,0.317147396385,0.00121266251187,0.86608881233
2018/10/02/14:03:33.756068,52343,1538481813,740819621,/world,vicon/IMUframe/IMUframe,-0.133247473709,0.168739526844,1.38680011762,0.386157833513,0.317159102083,0.00133625405023,0.866193076633
2018/10/02/14:03:33.766210,52344,1538481813,750824833,/world,vicon/IMUframe/IMUframe,-0.133100424247,0.168748624167,1.38680901381,0.385857672785,0.31711978289,0.00159551494259,0.866340783979
2018/10/02/14:03:33.776063,52345,1538481813,760842842,/world,vicon/IMUframe/IMUframe,-0.132954685067,0.168745004434,1.38680070388,0.385524381555,0.316997140601,0.00179048361076,0.86653364519
2018/10/02/14:03:33.785975,52346,1538481813,770830566,/world,vicon/IMUframe/IMUframe,-0.132809787948,0.168734725488,1.38678120852,0.385129704648,0.316892106835,0.00198823548801,0.866747108529
2018/10/02/14:03:33.795992,52347,1538481813,780828740,/world,vicon/IMUframe/IMUframe,-0.132663197371,0.168735475744,1.38677742379,0.384742786102,0.316772989408,0.00221010997119,0.866961923696
2018/10/02/14:03:33.806022,52348,1538481813,790836863,/world,vicon/IMUframe/IMUframe,-0.132536904914,0.168730845754,1.38673935472,0.384395129811,0.316686455022,0.00243164688602,0.867147138885
2018/10/02/14:03:33.816020,52349,1538481813,800834492,/world,vicon/IMUframe/IMUframe,-0.13243131749,0.168741094964,1.3866900378,0.384187263905,0.316563853631,0.00260046907398,0.867283523646
2018/10/02/14:03:33.826148,52350,1538481813,810825970,/world,vicon/IMUframe/IMUframe,-0.132311185013,0.168796600366,1.38660095722,0.384047966113,0.316288533378,0.00264252314516,0.867445525926
2018/10/02/14:03:33.835644,52351,1538481813,820793846,/world,vicon/IMUframe/IMUframe,-0.132228042252,0.168750958816,1.38656340372,0.384042599937,0.316232443935,0.00296210225711,0.86746731857
2018/10/02/14:03:33.845924,52352,1538481813,830806141,/world,vicon/IMUframe/IMUframe,-0.132156338824,0.168763981153,1.38646308262,0.384081473771,0.316083040737,0.00314262133776,0.867503923216
2018/10/02/14:03:33.855932,52353,1538481813,840810733,/world,vicon/IMUframe/IMUframe,-0.132113250314,0.168782271058,1.38636234924,0.384173290764,0.315978922538,0.00328692337968,0.867500662426
2018/10/02/14:03:33.866104,52354,1538481813,850826901,/world,vicon/IMUframe/IMUframe,-0.132070922236,0.168794443649,1.38625035266,0.384346568377,0.315960594592,0.00341464252039,0.867430088398
2018/10/02/14:03:33.875712,52355,1538481813,860799048,/world,vicon/IMUframe/IMUframe,-0.132029927615,0.168819828793,1.38614892239,0.384631837845,0.316041496445,0.00348759149376,0.867273865942
2018/10/02/14:03:33.885727,52356,1538481813,870782836,/world,vicon/IMUframe/IMUframe,-0.13199569813,0.168831296153,1.38604552829,0.384985313852,0.316261729127,0.00353443697789,0.867036524353
2018/10/02/14:03:33.895693,52357,1538481813,880791240,/world,vicon/IMUframe/IMUframe,-0.131972301767,0.168809763134,1.38592822952,0.385364740514,0.316658800438,0.00358871124135,0.86672275961
2018/10/02/14:03:33.905932,52358,1538481813,890827810,/world,vicon/IMUframe/IMUframe,-0.131986689823,0.168784383885,1.38583237515,0.385787204273,0.317166005776,0.00359286990898,0.866349265069
2018/10/02/14:03:33.915840,52359,1538481813,900779984,/world,vicon/IMUframe/IMUframe,-0.132018394801,0.168741764449,1.38573974046,0.386143771342,0.317838856331,0.00359673701692,0.865943712225
2018/10/02/14:03:33.925947,52360,1538481813,910826744,/world,vicon/IMUframe/IMUframe,-0.132042364142,0.168698702696,1.38566386074,0.386443691636,0.318590153649,0.00355673675516,0.865533902754
2018/10/02/14:03:33.935942,52361,1538481813,920782620,/world,vicon/IMUframe/IMUframe,-0.132080953863,0.168681898622,1.3856107541,0.386766515617,0.319426869534,0.00335800555311,0.865081996817
2018/10/02/14:03:33.945757,52362,1538481813,930794410,/world,vicon/IMUframe/IMUframe,-0.132136519647,0.168683334204,1.38554321427,0.387108111587,0.320341205836,0.00310664497729,0.86459190983
2018/10/02/14:03:33.955946,52363,1538481813,940862489,/world,vicon/IMUframe/IMUframe,-0.132202399215,0.168671169646,1.3854607297,0.387506795309,0.321267624636,0.00284505776802,0.864070311142
2018/10/02/14:03:33.965727,52364,1538481813,950776547,/world,vicon/IMUframe/IMUframe,-0.132287544907,0.168686681481,1.38542126801,0.388023503429,0.322211639158,0.00260931468347,0.863487470583
2018/10/02/14:03:33.975830,52365,1538481813,960802009,/world,vicon/IMUframe/IMUframe,-0.132343103789,0.168716799612,1.3853428873,0.388716166288,0.323063097851,0.00239212545313,0.862858189165
2018/10/02/14:03:33.985784,52366,1538481813,970798579,/world,vicon/IMUframe/IMUframe,-0.132424059463,0.16874156881,1.38527074901,0.38940547258,0.323860863232,0.00218039497432,0.862248667769
2018/10/02/14:03:33.996180,52367,1538481813,980767788,/world,vicon/IMUframe/IMUframe,-0.132502192197,0.168769436412,1.38518758135,0.390075220242,0.324539251068,0.00198538866931,0.861691160046
2018/10/02/14:03:34.006129,52368,1538481813,990794131,/world,vicon/IMUframe/IMUframe,-0.132587396418,0.168808749039,1.38508384852,0.390745561416,0.325131293647,0.00174113664745,0.861164628029
2018/10/02/14:03:34.016051,52369,1538481814,802560,/world,vicon/IMUframe/IMUframe,-0.132658847982,0.168834167561,1.38501358097,0.391326908319,0.325658447798,0.00152414928199,0.860701750418
2018/10/02/14:03:34.025971,52370,1538481814,10726023,/world,vicon/IMUframe/IMUframe,-0.13273597409,0.168857577673,1.38492280704,0.39181592205,0.326213403832,0.00129143276951,0.860269394196
2018/10/02/14:03:34.036332,52371,1538481814,20836896,/world,vicon/IMUframe/IMUframe,-0.132791631303,0.168850264942,1.38485156408,0.392113905944,0.326838316941,0.00113521285048,0.859896569732
2018/10/02/14:03:34.046191,52372,1538481814,30850892,/world,vicon/IMUframe/IMUframe,-0.132838026415,0.168813587505,1.38478860883,0.392309365768,0.327527010556,0.0010852910847,0.859545368803
2018/10/02/14:03:34.056209,52373,1538481814,40811385,/world,vicon/IMUframe/IMUframe,-0.132884130143,0.16875753738,1.38471261589,0.392499988598,0.328277971173,0.00109870402538,0.859171767135
2018/10/02/14:03:34.066304,52374,1538481814,50814169,/world,vicon/IMUframe/IMUframe,-0.13292610086,0.168703587078,1.38463694727,0.392661766643,0.32901275753,0.00114582948308,0.858816644852
2018/10/02/14:03:34.076155,52375,1538481814,60819566,/world,vicon/IMUframe/IMUframe,-0.132977187438,0.168647483772,1.38455642564,0.39277132602,0.329788116793,0.00127164355473,0.858468908232
2018/10/02/14:03:34.086327,52376,1538481814,70785542,/world,vicon/IMUframe/IMUframe,-0.132998289153,0.168592835534,1.38443246781,0.392883128398,0.330486386273,0.00137566782985,0.858148998395
2018/10/02/14:03:34.096148,52377,1538481814,80818365,/world,vicon/IMUframe/IMUframe,-0.133024168112,0.16855514007,1.38430321922,0.393064153323,0.331153229725,0.00147221744079,0.857808802934
2018/10/02/14:03:34.106228,52378,1538481814,90777366,/world,vicon/IMUframe/IMUframe,-0.133038023784,0.168550476924,1.38417514255,0.393418616051,0.331791532419,0.00159303589143,0.857399343245
2018/10/02/14:03:34.116111,52379,1538481814,100824454,/world,vicon/IMUframe/IMUframe,-0.133052082489,0.168536286201,1.38400700697,0.393998228022,0.332411824844,0.0017751224023,0.85689242263
2018/10/02/14:03:34.126322,52380,1538481814,110859440,/world,vicon/IMUframe/IMUframe,-0.133075300101,0.168537736835,1.38384675195,0.394800149844,0.333088122521,0.00199815218537,0.85625997904
2018/10/02/14:03:34.136276,52381,1538481814,120829410,/world,vicon/IMUframe/IMUframe,-0.132983891412,0.168462859961,1.38370283309,0.395841985544,0.334000278531,0.00228868035698,0.85542252622
2018/10/02/14:03:34.146244,52382,1538481814,130813466,/world,vicon/IMUframe/IMUframe,-0.132992285438,0.168480201853,1.38351014381,0.396973085425,0.334837469166,0.00251986593988,0.854570002379
2018/10/02/14:03:34.156169,52383,1538481814,140803292,/world,vicon/IMUframe/IMUframe,-0.132995412709,0.168473337821,1.38332914494,0.398096673632,0.335776341219,0.0026376020359,0.8536781186
2018/10/02/14:03:34.166378,52384,1538481814,150832320,/world,vicon/IMUframe/IMUframe,-0.132975791439,0.168418222008,1.38316442939,0.399231618479,0.336907964615,0.00280882094679,0.852701148534
2018/10/02/14:03:34.176219,52385,1538481814,160833020,/world,vicon/IMUframe/IMUframe,-0.132994150528,0.16837924388,1.38298823693,0.400380928425,0.338236922692,0.00286801675368,0.851635292107
2018/10/02/14:03:34.186184,52386,1538481814,170805687,/world,vicon/IMUframe/IMUframe,-0.133010012662,0.168304285568,1.38282642025,0.401454027859,0.3398037488,0.00296221311602,0.850505321036
2018/10/02/14:03:34.198059,52387,1538481814,182711158,/world,vicon/IMUframe/IMUframe,-0.132797563079,0.168156057661,1.38271876071,0.40273924912,0.341999685363,0.00290392338989,0.849016418957
2018/10/02/14:03:34.206220,52388,1538481814,190909006,/world,vicon/IMUframe/IMUframe,-0.13282424447,0.168077109149,1.38255610264,0.403886890251,0.343716678256,0.00281407203139,0.847777273799
2018/10/02/14:03:34.216129,52389,1538481814,200876763,/world,vicon/IMUframe/IMUframe,-0.132812843917,0.16798409246,1.38241288672,0.405111572187,0.345486588586,0.00260419286156,0.846473182899
2018/10/02/14:03:34.228270,52390,1538481814,210827032,/world,vicon/IMUframe/IMUframe,-0.132753609702,0.167846554499,1.3822389914,0.406361566253,0.34732768832,0.00236768916202,0.845120197633
2018/10/02/14:03:34.236422,52391,1538481814,220917548,/world,vicon/IMUframe/IMUframe,-0.132741400226,0.167681354837,1.38206122347,0.407688286268,0.349253559198,0.00206353662917,0.843687118809
2018/10/02/14:03:34.246566,52392,1538481814,230913228,/world,vicon/IMUframe/IMUframe,-0.132691145486,0.167508252877,1.38187137749,0.409075919813,0.351346008713,0.00172443901804,0.842146008897
2018/10/02/14:03:34.256529,52393,1538481814,240894514,/world,vicon/IMUframe/IMUframe,-0.132646698567,0.167315419419,1.38163111951,0.410579631664,0.353499379256,0.0013842556912,0.840512128862
2018/10/02/14:03:34.266415,52394,1538481814,250888318,/world,vicon/IMUframe/IMUframe,-0.132599096581,0.167132581063,1.38139816247,0.412249747627,0.355774012521,0.00101235549995,0.838733552883
2018/10/02/14:03:34.276659,52395,1538481814,260938583,/world,vicon/IMUframe/IMUframe,-0.132642612235,0.166865146044,1.38111376683,0.413689588252,0.358346348373,0.000404003785169,0.836928106805
2018/10/02/14:03:34.286954,52396,1538481814,270939684,/world,vicon/IMUframe/IMUframe,-0.132717740471,0.166854764804,1.38066938766,0.414896007496,0.361959959701,0.00099380827733,0.834772605493
2018/10/02/14:03:34.296468,52397,1538481814,280867406,/world,vicon/IMUframe/IMUframe,-0.132718028026,0.166769049691,1.38027946484,0.416899679618,0.364757869651,0.000946369372703,0.832553576683
2018/10/02/14:03:34.306624,52398,1538481814,290850124,/world,vicon/IMUframe/IMUframe,-0.132722128576,0.166595521577,1.37990707657,0.419098450226,0.367542093787,0.000887070436118,0.830221965151
2018/10/02/14:03:34.316368,52399,1538481814,300880708,/world,vicon/IMUframe/IMUframe,-0.132745865071,0.166448954314,1.37952154154,0.421560825351,0.370351484757,0.000809711990405,0.82772313767
2018/10/02/14:03:34.326313,52400,1538481814,310890872,/world,vicon/IMUframe/IMUframe,-0.132813920002,0.166300105506,1.37913290615,0.424290820089,0.373136660026,0.000659039456142,0.825073268625
2018/10/02/14:03:34.336300,52401,1538481814,320880719,/world,vicon/IMUframe/IMUframe,-0.132875428275,0.166152198481,1.37872520534,0.427115017515,0.375862892702,0.000479730465542,0.822374377982
2018/10/02/14:03:34.346251,52402,1538481814,330916787,/world,vicon/IMUframe/IMUframe,-0.133005221839,0.166028181106,1.37832899395,0.430139067778,0.378440181407,0.000115695611167,0.819611736179
2018/10/02/14:03:34.356623,52403,1538481814,341119821,/world,vicon/IMUframe/IMUframe,-0.133141251703,0.165892793477,1.37793012923,0.433246242263,0.381033920443,-0.000217136226779,0.816768509364
2018/10/02/14:03:34.366189,52404,1538481814,350884748,/world,vicon/IMUframe/IMUframe,-0.133398240747,0.165962335496,1.37741322498,0.436207267788,0.384352227645,-0.000107146879911,0.813631718379
2018/10/02/14:03:34.376033,52405,1538481814,360762258,/world,vicon/IMUframe/IMUframe,-0.133620438815,0.16584335366,1.3770184699,0.43985036136,0.386654088397,-0.000854698587049,0.810573590137
2018/10/02/14:03:34.386181,52406,1538481814,370898770,/world,vicon/IMUframe/IMUframe,-0.13385892954,0.165707537955,1.3766307608,0.443611606798,0.389082351015,-0.00165050582388,0.807354285474
2018/10/02/14:03:34.396297,52407,1538481814,380925858,/world,vicon/IMUframe/IMUframe,-0.134102144742,0.165615531605,1.37624975091,0.447600331168,0.391360138128,-0.00261965208913,0.804042488458
2018/10/02/14:03:34.406510,52408,1538481814,390930695,/world,vicon/IMUframe/IMUframe,-0.134284314321,0.16555242958,1.37579562307,0.451589067581,0.393562733477,-0.00375017200252,0.80072568653
2018/10/02/14:03:34.416340,52409,1538481814,400885434,/world,vicon/IMUframe/IMUframe,-0.134566655593,0.165525293578,1.37542812062,0.455688195329,0.395873223853,-0.00495903197303,0.797250316573
2018/10/02/14:03:34.426239,52410,1538481814,410849840,/world,vicon/IMUframe/IMUframe,-0.134842457763,0.165488041107,1.37512813655,0.459946464647,0.398026313292,-0.00644510073592,0.793714535751
2018/10/02/14:03:34.436120,52411,1538481814,420939098,/world,vicon/IMUframe/IMUframe,-0.135096512701,0.165570029411,1.37483763115,0.464466032545,0.400145488026,-0.00791242577258,0.78999511805
2018/10/02/14:03:34.446216,52412,1538481814,430894226,/world,vicon/IMUframe/IMUframe,-0.135483933881,0.165392825143,1.37449093519,0.468176403528,0.403001293996,-0.00963003555339,0.786325679749
2018/10/02/14:03:34.456770,52413,1538481814,440965288,/world,vicon/IMUframe/IMUframe,-0.13577289984,0.165496058062,1.37429961942,0.47240187306,0.40516419212,-0.0110927901598,0.782659183655
2018/10/02/14:03:34.466370,52414,1538481814,450881304,/world,vicon/IMUframe/IMUframe,-0.135997762215,0.165544809267,1.37404104303,0.476366328531,0.40743668738,-0.0127705567251,0.779042604547
2018/10/02/14:03:34.476408,52415,1538481814,460905180,/world,vicon/IMUframe/IMUframe,-0.136260825419,0.165590930269,1.37382218755,0.479991762654,0.409744575882,-0.0142715345317,0.775573087221
2018/10/02/14:03:34.486553,52416,1538481814,470971389,/world,vicon/IMUframe/IMUframe,-0.136689729664,0.165515428625,1.37373012164,0.483953847424,0.411992253412,-0.0160829410388,0.771875893975
2018/10/02/14:03:34.496327,52417,1538481814,480908845,/world,vicon/IMUframe/IMUframe,-0.136967882186,0.165611484531,1.37349111876,0.487518041612,0.414420966203,-0.0173986763865,0.768295976779
2018/10/02/14:03:34.506667,52418,1538481814,490917063,/world,vicon/IMUframe/IMUframe,-0.137256777323,0.165570341774,1.37345732216,0.490803283118,0.417148033049,-0.018898131745,0.764684586232
2018/10/02/14:03:34.516281,52419,1538481814,500903647,/world,vicon/IMUframe/IMUframe,-0.137605092097,0.16559270684,1.37329761009,0.493949482588,0.419536226926,-0.0202175888078,0.76131104816
2018/10/02/14:03:34.526372,52420,1538481814,510900205,/world,vicon/IMUframe/IMUframe,-0.137908336497,0.165575821067,1.37317049934,0.496888665308,0.421958725074,-0.0215416914609,0.758016123939
2018/10/02/14:03:34.536673,52421,1538481814,520983010,/world,vicon/IMUframe/IMUframe,-0.138184688563,0.165577108908,1.37303501051,0.49974848415,0.424364519737,-0.0226454178732,0.754753861883
2018/10/02/14:03:34.546290,52422,1538481814,530920733,/world,vicon/IMUframe/IMUframe,-0.13844793024,0.165542773136,1.37291965222,0.502250651662,0.426957173567,-0.0235837244368,0.751595411632
2018/10/02/14:03:34.556238,52423,1538481814,540898861,/world,vicon/IMUframe/IMUframe,-0.138667602591,0.165538482715,1.37280077332,0.504577246407,0.429611312584,-0.0242848258228,0.748495938361
2018/10/02/14:03:34.566393,52424,1538481814,550884478,/world,vicon/IMUframe/IMUframe,-0.138874362802,0.165522075484,1.37265437803,0.506847104201,0.432177105352,-0.0249424746239,0.745457467286
2018/10/02/14:03:34.576278,52425,1538481814,560935863,/world,vicon/IMUframe/IMUframe,-0.139098788337,0.165463806602,1.37251255468,0.509388834873,0.434350848261,-0.025984680544,0.742419794926
2018/10/02/14:03:34.586124,52426,1538481814,570830737,/world,vicon/IMUframe/IMUframe,-0.139265609064,0.165367969514,1.37238983833,0.511304067342,0.436638555643,-0.0265818238602,0.739735310152
2018/10/02/14:03:34.596353,52427,1538481814,580949933,/world,vicon/IMUframe/IMUframe,-0.139328320119,0.165318544745,1.37224177822,0.513161830094,0.438910527212,-0.0271867151647,0.737077585981
2018/10/02/14:03:34.606316,52428,1538481814,590929525,/world,vicon/IMUframe/IMUframe,-0.139554292247,0.165313253162,1.37204379339,0.514533532158,0.441274700901,-0.0272109910885,0.734705005151
2018/10/02/14:03:34.616016,52429,1538481814,600893201,/world,vicon/IMUframe/IMUframe,-0.139734076718,0.165222950644,1.37191403231,0.51559763455,0.443030545651,-0.0273650293255,0.7328943785
2018/10/02/14:03:34.626460,52430,1538481814,610915871,/world,vicon/IMUframe/IMUframe,-0.139889526337,0.165144525383,1.3717867693,0.516552646238,0.444546354241,-0.0273443082282,0.731303077665
2018/10/02/14:03:34.636480,52431,1538481814,620964784,/world,vicon/IMUframe/IMUframe,-0.140063517583,0.165044331272,1.37162218105,0.517283205956,0.445829108748,-0.027124248109,0.73001285317
2018/10/02/14:03:34.646350,52432,1538481814,630952711,/world,vicon/IMUframe/IMUframe,-0.140170866334,0.164876362209,1.37142819584,0.517873211956,0.446816925423,-0.026717765484,0.72900489196
2018/10/02/14:03:34.656537,52433,1538481814,640982523,/world,vicon/IMUframe/IMUframe,-0.140228023092,0.164690944597,1.37122970818,0.518349206687,0.447610503843,-0.0261865401138,0.728198600585
2018/10/02/14:03:34.666325,52434,1538481814,650887016,/world,vicon/IMUframe/IMUframe,-0.140282110509,0.164494941696,1.37101404427,0.518661241709,0.448230472494,-0.0254256425563,0.727621808755
2018/10/02/14:03:34.676376,52435,1538481814,660953444,/world,vicon/IMUframe/IMUframe,-0.140295676945,0.164286197574,1.37079532357,0.518825244674,0.448765665692,-0.0244795853277,0.727207324418
2018/10/02/14:03:34.686269,52436,1538481814,670899164,/world,vicon/IMUframe/IMUframe,-0.140266665772,0.164105828572,1.37060082108,0.518811824566,0.44918664138,-0.0234718602551,0.726990181277
2018/10/02/14:03:34.696322,52437,1538481814,680911674,/world,vicon/IMUframe/IMUframe,-0.140195458617,0.163948957041,1.37040521887,0.5187074689,0.449422661039,-0.0224444533474,0.726951222549
2018/10/02/14:03:34.706293,52438,1538481814,690964117,/world,vicon/IMUframe/IMUframe,-0.140120404412,0.163791331922,1.3702486296,0.518480715032,0.449538034461,-0.0212169617396,0.727078499371
2018/10/02/14:03:34.716354,52439,1538481814,700894979,/world,vicon/IMUframe/IMUframe,-0.14002452901,0.16364964807,1.37009200382,0.518154478062,0.449421086968,-0.0201150810847,0.727414604587
2018/10/02/14:03:34.726307,52440,1538481814,710953969,/world,vicon/IMUframe/IMUframe,-0.139923524493,0.163513699016,1.36992841335,0.517658569615,0.449205602287,-0.0188583669027,0.727934265011
2018/10/02/14:03:34.736324,52441,1538481814,720903671,/world,vicon/IMUframe/IMUframe,-0.13979329948,0.163382042852,1.36981567085,0.517217973919,0.448805123655,-0.0175790155796,0.728526256663
2018/10/02/14:03:34.746273,52442,1538481814,730853753,/world,vicon/IMUframe/IMUframe,-0.139695689399,0.163234526917,1.36971487448,0.516588657384,0.448492058676,-0.0163168636208,0.729194618965
2018/10/02/14:03:34.756505,52443,1538481814,741064653,/world,vicon/IMUframe/IMUframe,-0.139546334301,0.163097229682,1.3696464513,0.515563174456,0.448011388856,-0.0149813923997,0.730243771957
2018/10/02/14:03:34.766185,52444,1538481814,750854061,/world,vicon/IMUframe/IMUframe,-0.139427888617,0.163020846075,1.36958020355,0.514939373731,0.447749548316,-0.0138101110823,0.730867336933
2018/10/02/14:03:34.776647,52445,1538481814,761044005,/world,vicon/IMUframe/IMUframe,-0.139321353485,0.16294177509,1.36950567262,0.51421223598,0.447474195346,-0.0127978752628,0.731566015651
2018/10/02/14:03:34.785988,52446,1538481814,770933538,/world,vicon/IMUframe/IMUframe,-0.139217739486,0.162921992857,1.36943972424,0.513659120146,0.447313338087,-0.0119230075266,0.732067570482
2018/10/02/14:03:34.796052,52447,1538481814,780901310,/world,vicon/IMUframe/IMUframe,-0.139148046102,0.162893536782,1.36941105845,0.513219908451,0.447147213759,-0.0113233472549,0.732486502677
2018/10/02/14:03:34.806368,52448,1538481814,791029785,/world,vicon/IMUframe/IMUframe,-0.139095257209,0.162894989423,1.36938338974,0.512940945937,0.446983220219,-0.0109844199846,0.732787096871
2018/10/02/14:03:34.816399,52449,1538481814,800898487,/world,vicon/IMUframe/IMUframe,-0.13905585859,0.162911248359,1.36938133414,0.512854206938,0.44676359044,-0.0108628546223,0.732983529878
2018/10/02/14:03:34.826407,52450,1538481814,811132457,/world,vicon/IMUframe/IMUframe,-0.139043051408,0.162989144134,1.36938811118,0.512897336353,0.446565724627,-0.0109393698052,0.733072783657
2018/10/02/14:03:34.836296,52451,1538481814,820894350,/world,vicon/IMUframe/IMUframe,-0.139042662044,0.163092154409,1.36938686222,0.513035658648,0.446345265426,-0.0111946682095,0.733106401821
2018/10/02/14:03:34.846029,52452,1538481814,830858337,/world,vicon/IMUframe/IMUframe,-0.13907512416,0.163196868314,1.36941714479,0.51322074116,0.446165873683,-0.0115597403277,0.733080388776
2018/10/02/14:03:34.856247,52453,1538481814,840945376,/world,vicon/IMUframe/IMUframe,-0.139099226586,0.163298672193,1.36945848638,0.513486145038,0.44595457195,-0.0120108144372,0.733015851771
2018/10/02/14:03:34.866101,52454,1538481814,850889299,/world,vicon/IMUframe/IMUframe,-0.139129618762,0.163420019436,1.36950952681,0.513733143279,0.445812072188,-0.0125545748005,0.73292034795
2018/10/02/14:03:34.876445,52455,1538481814,860893786,/world,vicon/IMUframe/IMUframe,-0.139186453502,0.163560640024,1.36959224708,0.51396229203,0.445770689704,-0.0131027802399,0.732775253213
2018/10/02/14:03:34.886447,52456,1538481814,870900788,/world,vicon/IMUframe/IMUframe,-0.13906154111,0.163721296646,1.36978441831,0.514488158226,0.445601729217,-0.013555774952,0.73250069961
2018/10/02/14:03:34.896360,52457,1538481814,880891146,/world,vicon/IMUframe/IMUframe,-0.139116086341,0.163839691985,1.36987503369,0.514711818167,0.445702546306,-0.013976740695,0.732274289577
2018/10/02/14:03:34.906398,52458,1538481814,890910415,/world,vicon/IMUframe/IMUframe,-0.139167737657,0.163945673362,1.36994877333,0.514892902993,0.445849867362,-0.0143510884844,0.73205002594
2018/10/02/14:03:34.916294,52459,1538481814,900884480,/world,vicon/IMUframe/IMUframe,-0.13921699953,0.164051685009,1.37003062449,0.515036849542,0.446092299356,-0.0147304087573,0.731793494865
2018/10/02/14:03:34.926509,52460,1538481814,910916870,/world,vicon/IMUframe/IMUframe,-0.139254541405,0.164176304136,1.37011086709,0.515182746846,0.446320104559,-0.0150545189719,0.731545257026
2018/10/02/14:03:34.936323,52461,1538481814,920954663,/world,vicon/IMUframe/IMUframe,-0.139270351933,0.164303100726,1.37019122115,0.515277820672,0.446531488216,-0.0153930334849,0.731342226372
2018/10/02/14:03:34.946252,52462,1538481814,930915285,/world,vicon/IMUframe/IMUframe,-0.139275243229,0.16442721595,1.37025500672,0.515352430986,0.446649368529,-0.0156873515198,0.731211406141
2018/10/02/14:03:34.956490,52463,1538481814,940995607,/world,vicon/IMUframe/IMUframe,-0.139282484802,0.16454079235,1.37032006944,0.515375554407,0.446763129995,-0.0159653558051,0.731119587353
2018/10/02/14:03:34.966324,52464,1538481814,950901046,/world,vicon/IMUframe/IMUframe,-0.139289211193,0.164635518753,1.37037914074,0.515380398563,0.446807849101,-0.0161694398494,0.731084358999
2018/10/02/14:03:34.976273,52465,1538481814,960927163,/world,vicon/IMUframe/IMUframe,-0.139263411392,0.164711923732,1.37042706036,0.515339929596,0.446870127058,-0.016389406016,0.731069924069
2018/10/02/14:03:34.986299,52466,1538481814,970927796,/world,vicon/IMUframe/IMUframe,-0.139224990559,0.164782204058,1.37048354338,0.515246739742,0.446900631813,-0.0165791453144,0.731112682431
2018/10/02/14:03:34.996244,52467,1538481814,980919354,/world,vicon/IMUframe/IMUframe,-0.139179494302,0.164865160662,1.37052996616,0.515109668521,0.447010685723,-0.0166420789969,0.731140559299
2018/10/02/14:03:35.006541,52468,1538481814,990975941,/world,vicon/IMUframe/IMUframe,-0.139155554864,0.164936544758,1.37054697666,0.514971969871,0.447114903793,-0.0166278962274,0.731174155807
2018/10/02/14:03:35.016255,52469,1538481815,884090,/world,vicon/IMUframe/IMUframe,-0.139107265701,0.164995721653,1.37058206196,0.514897509513,0.447194035365,-0.0165573827128,0.731179801765
2018/10/02/14:03:35.026298,52470,1538481815,10966031,/world,vicon/IMUframe/IMUframe,-0.139056820046,0.1650569701,1.37061032301,0.514840607772,0.44726574731,-0.0164533639418,0.731178354909
2018/10/02/14:03:35.036172,52471,1538481815,20857730,/world,vicon/IMUframe/IMUframe,-0.139027556776,0.165140666616,1.37062253007,0.514710248333,0.447498882246,-0.0161197486699,0.731134915288
2018/10/02/14:03:35.046136,52472,1538481815,30831482,/world,vicon/IMUframe/IMUframe,-0.138964868959,0.165190933344,1.37066630839,0.51470986036,0.447517041224,-0.0160128304084,0.731126423216
2018/10/02/14:03:35.056217,52473,1538481815,40852027,/world,vicon/IMUframe/IMUframe,-0.138901180448,0.165243460081,1.37069893749,0.51468933725,0.447523774956,-0.0159317271578,0.731138521103
2018/10/02/14:03:35.066114,52474,1538481815,50838922,/world,vicon/IMUframe/IMUframe,-0.138836705966,0.165303003015,1.37074163445,0.514609083833,0.44750777474,-0.0159315607343,0.731204805616
2018/10/02/14:03:35.076233,52475,1538481815,60860633,/world,vicon/IMUframe/IMUframe,-0.138785927043,0.165354065465,1.37080233737,0.514408213687,0.447557583101,-0.015945405358,0.731315351643
2018/10/02/14:03:35.086109,52476,1538481815,70824778,/world,vicon/IMUframe/IMUframe,-0.13870968271,0.165409036054,1.37085670601,0.514145284737,0.447552951448,-0.0160441116164,0.731500901104
2018/10/02/14:03:35.096459,52477,1538481815,80834087,/world,vicon/IMUframe/IMUframe,-0.138644399715,0.165430006821,1.37094346964,0.513903638593,0.447454670161,-0.0162266993198,0.731726767735
2018/10/02/14:03:35.106183,52478,1538481815,90831495,/world,vicon/IMUframe/IMUframe,-0.138568554214,0.165483553718,1.37102985344,0.513650918603,0.447391411856,-0.0163934835782,0.731939145088
2018/10/02/14:03:35.115976,52479,1538481815,100790787,/world,vicon/IMUframe/IMUframe,-0.138481858008,0.165555602505,1.37110208847,0.513372433652,0.447307627909,-0.0164994019711,0.732183310459
2018/10/02/14:03:35.125944,52480,1538481815,110842016,/world,vicon/IMUframe/IMUframe,-0.138413458663,0.165626392872,1.37120775325,0.513025822134,0.447170823752,-0.0166197469871,0.732507026736
2018/10/02/14:03:35.136141,52481,1538481815,120868968,/world,vicon/IMUframe/IMUframe,-0.1383578193,0.165718900708,1.37130976974,0.512754115028,0.44699145048,-0.0167362888254,0.732804037486
2018/10/02/14:03:35.145995,52482,1538481815,130813213,/world,vicon/IMUframe/IMUframe,-0.138313943981,0.165816981194,1.37140966676,0.51251208159,0.446742720465,-0.0168654525489,0.733121998337
2018/10/02/14:03:35.156077,52483,1538481815,140814528,/world,vicon/IMUframe/IMUframe,-0.138282094202,0.165909557575,1.37154893456,0.512224164118,0.446452268959,-0.0169952571033,0.733497060984
2018/10/02/14:03:35.166020,52484,1538481815,150820841,/world,vicon/IMUframe/IMUframe,-0.138259551491,0.166015305893,1.37167655082,0.511960885973,0.446095544863,-0.0172004481534,0.733893017183
2018/10/02/14:03:35.176027,52485,1538481815,160816794,/world,vicon/IMUframe/IMUframe,-0.138248361632,0.166114627432,1.37183341046,0.51160578008,0.445707244622,-0.0173013096581,0.734374048128
2018/10/02/14:03:35.186147,52486,1538481815,170841979,/world,vicon/IMUframe/IMUframe,-0.138224887721,0.166222268169,1.37199592086,0.510828366038,0.445596435546,-0.0169068663912,0.734991397874
2018/10/02/14:03:35.196036,52487,1538481815,180818332,/world,vicon/IMUframe/IMUframe,-0.138195689033,0.16630417847,1.37216401591,0.510362578141,0.444965807131,-0.016974121104,0.735695146464
2018/10/02/14:03:35.206097,52488,1538481815,190880749,/world,vicon/IMUframe/IMUframe,-0.138181158235,0.166370312982,1.37237255932,0.50980514198,0.444149327642,-0.0168829262063,0.736576580383
2018/10/02/14:03:35.216196,52489,1538481815,200835110,/world,vicon/IMUframe/IMUframe,-0.138144940135,0.166430900961,1.37259756157,0.509078581002,0.443126760648,-0.0166444400351,0.737699556038
2018/10/02/14:03:35.226063,52490,1538481815,210840035,/world,vicon/IMUframe/IMUframe,-0.138093216159,0.166465892403,1.37281706912,0.508063220114,0.441971970509,-0.0162901199755,0.739098893006
2018/10/02/14:03:35.236187,52491,1538481815,220837041,/world,vicon/IMUframe/IMUframe,-0.138024280987,0.166450834138,1.37308351606,0.506594356414,0.440921318257,-0.0155883244338,0.740747968811
2018/10/02/14:03:35.246228,52492,1538481815,230863842,/world,vicon/IMUframe/IMUframe,-0.13796551669,0.166366824373,1.37334079298,0.504764781751,0.439922137135,-0.0147382711472,0.742606094593
2018/10/02/14:03:35.256238,52493,1538481815,240837443,/world,vicon/IMUframe/IMUframe,-0.138145226622,0.166265081378,1.37356140334,0.502368384261,0.439077267779,-0.0137160903792,0.74474762724
2018/10/02/14:03:35.266197,52494,1538481815,250843284,/world,vicon/IMUframe/IMUframe,-0.138070435962,0.166167361069,1.37389819583,0.500023504458,0.438155011576,-0.0127736776704,0.746882530241
2018/10/02/14:03:35.275992,52495,1538481815,260811790,/world,vicon/IMUframe/IMUframe,-0.137940397749,0.166116133285,1.37422056302,0.497693697809,0.436980143677,-0.0119209124588,0.749137656936
2018/10/02/14:03:35.286156,52496,1538481815,270841073,/world,vicon/IMUframe/IMUframe,-0.13777510332,0.166074806139,1.3745302017,0.495342906896,0.43551990036,-0.0109543186394,0.751556933227
2018/10/02/14:03:35.296142,52497,1538481815,280839971,/world,vicon/IMUframe/IMUframe,-0.137620776174,0.166047638292,1.37480175429,0.493128510383,0.433740763136,-0.00994088096477,0.754051988611
2018/10/02/14:03:35.306248,52498,1538481815,290853267,/world,vicon/IMUframe/IMUframe,-0.137455411138,0.166061986933,1.37503645611,0.491005721289,0.431477184568,-0.00887589845466,0.756744368519
2018/10/02/14:03:35.316247,52499,1538481815,300839355,/world,vicon/IMUframe/IMUframe,-0.13731957905,0.166062138064,1.37523388582,0.488876553316,0.428949566274,-0.00766437976798,0.759567799801
2018/10/02/14:03:35.326322,52500,1538481815,310830045,/world,vicon/IMUframe/IMUframe,-0.137244132704,0.166008816587,1.37536568061,0.486485494998,0.426276341343,-0.00639095413731,0.762613597881
2018/10/02/14:03:35.336137,52501,1538481815,320838347,/world,vicon/IMUframe/IMUframe,-0.13709995665,0.165958645451,1.37548905577,0.484218517064,0.423302912107,-0.00486647783404,0.765717565247
2018/10/02/14:03:35.346647,52502,1538481815,330827489,/world,vicon/IMUframe/IMUframe,-0.136914116202,0.165928987391,1.37563140536,0.481757950791,0.420270568106,-0.00322852217139,0.768941807342
2018/10/02/14:03:35.356083,52503,1538481815,340841881,/world,vicon/IMUframe/IMUframe,-0.136791374093,0.165921390664,1.37566453659,0.479144183705,0.417040890561,-0.00128609209784,0.772331595099
2018/10/02/14:03:35.366193,52504,1538481815,350824540,/world,vicon/IMUframe/IMUframe,-0.136525970232,0.165765396706,1.37573338109,0.476145645921,0.41384044223,0.000993107978808,0.775899752534
2018/10/02/14:03:35.376134,52505,1538481815,360823284,/world,vicon/IMUframe/IMUframe,-0.13628993548,0.165749187533,1.37578177405,0.473135389967,0.410592052186,0.00293823960908,0.779453934618
2018/10/02/14:03:35.386126,52506,1538481815,370830255,/world,vicon/IMUframe/IMUframe,-0.13612142559,0.165713476412,1.37602989355,0.469945349286,0.407576035898,0.00556367435611,0.782944563283
2018/10/02/14:03:35.395953,52507,1538481815,380815756,/world,vicon/IMUframe/IMUframe,-0.135855353115,0.165527912018,1.37616136259,0.466201137077,0.404465294389,0.00815587391594,0.78676413692
2018/10/02/14:03:35.405826,52508,1538481815,390842361,/world,vicon/IMUframe/IMUframe,-0.135772584148,0.165443712882,1.37641329236,0.462885168607,0.401330674034,0.0105602301886,0.790290764404
2018/10/02/14:03:35.415869,52509,1538481815,400806401,/world,vicon/IMUframe/IMUframe,-0.135655510553,0.165111602558,1.3765250898,0.458601484629,0.398591971725,0.0129647472154,0.794129103926
2018/10/02/14:03:35.425745,52510,1538481815,410846421,/world,vicon/IMUframe/IMUframe,-0.13549374045,0.164970094985,1.37668545437,0.454633534967,0.395461928146,0.0152778390632,0.797925309728
2018/10/02/14:03:35.436088,52511,1538481815,420888500,/world,vicon/IMUframe/IMUframe,-0.135326288917,0.164811675606,1.37686245308,0.450670026527,0.392251600892,0.0176344737452,0.801700838296
2018/10/02/14:03:35.446002,52512,1538481815,430833555,/world,vicon/IMUframe/IMUframe,-0.135115463009,0.164663181957,1.37701666694,0.446678395947,0.388856490637,0.0199034154003,0.805526470291
2018/10/02/14:03:35.456127,52513,1538481815,440837811,/world,vicon/IMUframe/IMUframe,-0.134957560704,0.164521145128,1.37717984393,0.442543229587,0.385427673621,0.0222537344038,0.809386044888
2018/10/02/14:03:35.466172,52514,1538481815,450828345,/world,vicon/IMUframe/IMUframe,-0.134802885218,0.164393885369,1.37735232432,0.438326302553,0.381842374445,0.02459531913,0.813302848787
2018/10/02/14:03:35.476032,52515,1538481815,460812254,/world,vicon/IMUframe/IMUframe,-0.134680836482,0.164259442248,1.3775426295,0.433999678512,0.378197419016,0.0270495314729,0.817238835438
2018/10/02/14:03:35.486315,52516,1538481815,470866275,/world,vicon/IMUframe/IMUframe,-0.134600791449,0.164174189249,1.37773264911,0.429572289141,0.374314085173,0.0294886187739,0.821271596615
2018/10/02/14:03:35.496294,52517,1538481815,480782169,/world,vicon/IMUframe/IMUframe,-0.134446425247,0.164057846972,1.37786027305,0.424983697992,0.370262196533,0.0320053230484,0.82539107189
2018/10/02/14:03:35.506291,52518,1538481815,490857801,/world,vicon/IMUframe/IMUframe,-0.134423737916,0.163864001979,1.37808239043,0.420222592197,0.366141613625,0.0345748844469,0.829552812752
2018/10/02/14:03:35.516297,52519,1538481815,500838304,/world,vicon/IMUframe/IMUframe,-0.134371257681,0.163785354217,1.37826341419,0.415263937879,0.361825576529,0.0371276333126,0.833822314952
2018/10/02/14:03:35.526285,52520,1538481815,510806706,/world,vicon/IMUframe/IMUframe,-0.134337543849,0.163750962599,1.37839933318,0.410237794701,0.357486257314,0.0397006030263,0.838052736855
2018/10/02/14:03:35.536074,52521,1538481815,520843613,/world,vicon/IMUframe/IMUframe,-0.134410035632,0.163784410014,1.37843247754,0.404938324641,0.352810869855,0.0421318100521,0.84248107037
2018/10/02/14:03:35.546214,52522,1538481815,530763572,/world,vicon/IMUframe/IMUframe,-0.134317061475,0.163741207786,1.37857410598,0.399795391948,0.348437768442,0.0443148110976,0.846635082912
2018/10/02/14:03:35.556182,52523,1538481815,540837287,/world,vicon/IMUframe/IMUframe,-0.134016572517,0.163417320106,1.37897510843,0.395565594297,0.342279714849,0.0451849044783,0.851076249121
2018/10/02/14:03:35.566180,52524,1538481815,550839985,/world,vicon/IMUframe/IMUframe,-0.133905679558,0.163399104432,1.37916136925,0.39037579439,0.337612105696,0.047212021683,0.855216832301
2018/10/02/14:03:35.576219,52525,1538481815,560829687,/world,vicon/IMUframe/IMUframe,-0.133868972729,0.16346255171,1.37930754313,0.385018278318,0.333163065401,0.0492229702071,0.859267360266
2018/10/02/14:03:35.586122,52526,1538481815,570834520,/world,vicon/IMUframe/IMUframe,-0.133727705716,0.163442107313,1.37954100875,0.379919629396,0.328679403939,0.0510708126413,0.863146972839
2018/10/02/14:03:35.596272,52527,1538481815,580858021,/world,vicon/IMUframe/IMUframe,-0.133599596391,0.163471606383,1.37977943714,0.374646945959,0.324178838285,0.0530962634497,0.86702279872
2018/10/02/14:03:35.606159,52528,1538481815,590839038,/world,vicon/IMUframe/IMUframe,-0.133466979173,0.163522236981,1.38001620572,0.369310782591,0.319638024051,0.0550914864765,0.870865091481
2018/10/02/14:03:35.616183,52529,1538481815,600841433,/world,vicon/IMUframe/IMUframe,-0.133334755854,0.163547131867,1.38028831638,0.363833421718,0.315196546898,0.0570019564444,0.874658307584
2018/10/02/14:03:35.626320,52530,1538481815,610844435,/world,vicon/IMUframe/IMUframe,-0.133218907956,0.163604704249,1.38058146216,0.358323085012,0.310852170769,0.0589287514226,0.878352376288
2018/10/02/14:03:35.636335,52531,1538481815,620844127,/world,vicon/IMUframe/IMUframe,-0.133095663655,0.163630916538,1.38091268165,0.352648347771,0.306679779757,0.0607789421494,0.881982185588
2018/10/02/14:03:35.646339,52532,1538481815,630830179,/world,vicon/IMUframe/IMUframe,-0.133043524015,0.163739710758,1.38126208703,0.347034223733,0.302598847835,0.0624480575104,0.885495016903
2018/10/02/14:03:35.656406,52533,1538481815,640852621,/world,vicon/IMUframe/IMUframe,-0.132942786885,0.163839706326,1.38165153161,0.341408758007,0.29857950459,0.0639634654188,0.888931389077
2018/10/02/14:03:35.666294,52534,1538481815,650837020,/world,vicon/IMUframe/IMUframe,-0.132894641615,0.163993247727,1.38205648021,0.33581692849,0.294670646728,0.0653435328394,0.892259168186
2018/10/02/14:03:35.676646,52535,1538481815,660858945,/world,vicon/IMUframe/IMUframe,-0.132874954904,0.164187628977,1.38249405904,0.330376474045,0.290710409156,0.0665139733908,0.89549692057
2018/10/02/14:03:35.686239,52536,1538481815,670768644,/world,vicon/IMUframe/IMUframe,-0.132871187086,0.164408311247,1.38294695447,0.325045649969,0.286703565174,0.0676046393789,0.89865232648
2018/10/02/14:03:35.696342,52537,1538481815,680737327,/world,vicon/IMUframe/IMUframe,-0.132852631785,0.164560848783,1.38350989756,0.319790685979,0.283144005634,0.0688449037659,0.901567395406
2018/10/02/14:03:35.706309,52538,1538481815,690830198,/world,vicon/IMUframe/IMUframe,-0.132969482211,0.164917243483,1.38399277234,0.31459174258,0.27864383054,0.0694785342265,0.904744375215
2018/10/02/14:03:35.715986,52539,1538481815,700847099,/world,vicon/IMUframe/IMUframe,-0.132969384309,0.165062028517,1.38457096711,0.30990683112,0.273187810872,0.069894599275,0.907987291215
2018/10/02/14:03:35.726156,52540,1538481815,710843891,/world,vicon/IMUframe/IMUframe,-0.133084668996,0.1653720407,1.38511764231,0.304469172445,0.268730764691,0.0709375274024,0.911070889857
2018/10/02/14:03:35.736244,52541,1538481815,720807296,/world,vicon/IMUframe/IMUframe,-0.13322859423,0.165675171729,1.3856688965,0.298919537135,0.264104291539,0.0718634229401,0.91418361501
2018/10/02/14:03:35.746007,52542,1538481815,730837257,/world,vicon/IMUframe/IMUframe,-0.133114170291,0.166155030383,1.38609656705,0.29303166597,0.25885623292,0.0720761647298,0.917567937482
2018/10/02/14:03:35.756011,52543,1538481815,740807531,/world,vicon/IMUframe/IMUframe,-0.133237715052,0.16644667969,1.38654426898,0.286812138241,0.254065311822,0.0725995416662,0.92082513065
2018/10/02/14:03:35.765887,52544,1538481815,750829886,/world,vicon/IMUframe/IMUframe,-0.133300511627,0.166713252709,1.38712508766,0.280873939088,0.249236935323,0.0736154873461,0.923889355082
2018/10/02/14:03:35.776033,52545,1538481815,760806953,/world,vicon/IMUframe/IMUframe,-0.133320758018,0.16694392025,1.38768972037,0.275134578327,0.244419567225,0.0749265558393,0.926793423691
2018/10/02/14:03:35.786446,52546,1538481815,770791485,/world,vicon/IMUframe/IMUframe,-0.133396368099,0.167005990267,1.38831072351,0.26864901262,0.239564985509,0.0753895728814,0.929920823531
2018/10/02/14:03:35.796236,52547,1538481815,780853779,/world,vicon/IMUframe/IMUframe,-0.133419176844,0.167264420917,1.38889956433,0.262675691905,0.234706942339,0.0762972598355,0.932787682295
2018/10/02/14:03:35.806349,52548,1538481815,790833969,/world,vicon/IMUframe/IMUframe,-0.133463154244,0.16752013141,1.38953483618,0.257227078797,0.229249675979,0.0770085913089,0.93560060542
2018/10/02/14:03:35.816274,52549,1538481815,800841344,/world,vicon/IMUframe/IMUframe,-0.133480598712,0.167815310766,1.39011454066,0.251539606734,0.223976867697,0.0779925878042,0.938338609047
2018/10/02/14:03:35.826216,52550,1538481815,810845068,/world,vicon/IMUframe/IMUframe,-0.133543229491,0.168001690559,1.39080375448,0.24566649338,0.218705000045,0.0788313976617,0.941064135821
2018/10/02/14:03:35.836340,52551,1538481815,820831348,/world,vicon/IMUframe/IMUframe,-0.133384682145,0.16830505464,1.39139970737,0.240389234412,0.213389767249,0.0805508343343,0.943498482405
2018/10/02/14:03:35.846331,52552,1538481815,830839709,/world,vicon/IMUframe/IMUframe,-0.133389538407,0.168612802825,1.39196944982,0.23475427512,0.207405966492,0.0818393075473,0.946137158723
2018/10/02/14:03:35.856335,52553,1538481815,840822920,/world,vicon/IMUframe/IMUframe,-0.133462412379,0.168998708178,1.3924973407,0.22928453343,0.201148763802,0.0831997786863,0.948707317552
2018/10/02/14:03:35.866397,52554,1538481815,850800460,/world,vicon/IMUframe/IMUframe,-0.133517982644,0.16960363576,1.3930141222,0.223635188989,0.194434198454,0.0844353474731,0.951342901805
2018/10/02/14:03:35.876086,52555,1538481815,860846144,/world,vicon/IMUframe/IMUframe,-0.133579172184,0.169891193126,1.39360401655,0.217552946474,0.188060709208,0.0858217230443,0.953906975017
2018/10/02/14:03:35.886250,52556,1538481815,870849458,/world,vicon/IMUframe/IMUframe,-0.133654422605,0.170237222238,1.39417658212,0.211258303569,0.18156596604,0.0871409278148,0.956457101939
2018/10/02/14:03:35.896308,52557,1538481815,880818602,/world,vicon/IMUframe/IMUframe,-0.13382259256,0.170781748987,1.39469153301,0.204038892713,0.17612363194,0.088820060868,0.958884556826
2018/10/02/14:03:35.906182,52558,1538481815,890844682,/world,vicon/IMUframe/IMUframe,-0.133924345539,0.170994753541,1.39538791095,0.196742878777,0.170247821552,0.0899916739139,0.961358110973
2018/10/02/14:03:35.916370,52559,1538481815,900836830,/world,vicon/IMUframe/IMUframe,-0.134085578886,0.171374049095,1.39593259354,0.189895458972,0.163731133236,0.0911568678632,0.963754250892
2018/10/02/14:03:35.926500,52560,1538481815,910838408,/world,vicon/IMUframe/IMUframe,-0.134161831483,0.171729859534,1.39661953331,0.182213755977,0.158183303972,0.0925643913124,0.966026926611
2018/10/02/14:03:35.936341,52561,1538481815,920848836,/world,vicon/IMUframe/IMUframe,-0.134212771672,0.172110477336,1.39733064809,0.175213310231,0.152752492546,0.0941695099479,0.968038777806
2018/10/02/14:03:35.946380,52562,1538481815,930783429,/world,vicon/IMUframe/IMUframe,-0.134294359237,0.172512845419,1.39804227124,0.168121625902,0.14757488956,0.0956286454116,0.969954603604
2018/10/02/14:03:35.956306,52563,1538481815,940835395,/world,vicon/IMUframe/IMUframe,-0.13436381476,0.173209515717,1.39876546659,0.160009465016,0.14307185096,0.0973320918616,0.971830170586
2018/10/02/14:03:35.966171,52564,1538481815,950843983,/world,vicon/IMUframe/IMUframe,-0.134473629239,0.173636251814,1.39959070071,0.15329104996,0.138029653186,0.0986170597342,0.97351134784
2018/10/02/14:03:35.976426,52565,1538481815,960835681,/world,vicon/IMUframe/IMUframe,-0.134580974777,0.174050560383,1.40044598207,0.146499185945,0.133199699043,0.0997400502677,0.975114224624
2018/10/02/14:03:35.985919,52566,1538481815,970734547,/world,vicon/IMUframe/IMUframe,-0.134711320283,0.174550186407,1.40123102722,0.139731643519,0.128662509375,0.10111287575,0.976574222903
2018/10/02/14:03:35.996032,52567,1538481815,980789293,/world,vicon/IMUframe/IMUframe,-0.134809446424,0.174777061571,1.40206557097,0.132867262013,0.124299125364,0.102625030759,0.977938710339
2018/10/02/14:03:36.005885,52568,1538481815,990820271,/world,vicon/IMUframe/IMUframe,-0.134758016912,0.175202756112,1.40286926997,0.126331848455,0.119901473677,0.104408230063,0.979164348907
2018/10/02/14:03:36.016316,52569,1538481816,840728,/world,vicon/IMUframe/IMUframe,-0.13491820228,0.175791462176,1.4036760059,0.119775945986,0.115610954508,0.105056901473,0.980434025018
2018/10/02/14:03:36.026308,52570,1538481816,10850856,/world,vicon/IMUframe/IMUframe,-0.135016960769,0.176230829536,1.40433965042,0.113244791949,0.11156381554,0.106414257141,0.981532036174
2018/10/02/14:03:36.036105,52571,1538481816,20843738,/world,vicon/IMUframe/IMUframe,-0.135150465667,0.176728429008,1.40499977906,0.107001136134,0.107585186558,0.107635215898,0.982543049845
2018/10/02/14:03:36.046353,52572,1538481816,30822280,/world,vicon/IMUframe/IMUframe,-0.135197835174,0.177138779054,1.40567651865,0.101114411473,0.103682681696,0.108832849255,0.983453704163
2018/10/02/14:03:36.055975,52573,1538481816,40826551,/world,vicon/IMUframe/IMUframe,-0.135596801254,0.177763041336,1.40627652064,0.0949452217739,0.0995231385703,0.110290337555,0.984335609024
2018/10/02/14:03:36.066171,52574,1538481816,50831124,/world,vicon/IMUframe/IMUframe,-0.135771254206,0.178281616113,1.40690861905,0.0890278831117,0.095168519364,0.11154904611,0.985177039553
2018/10/02/14:03:36.075974,52575,1538481816,60848571,/world,vicon/IMUframe/IMUframe,-0.135909517312,0.17865989463,1.40751732436,0.0832432197561,0.0908786965484,0.112547737104,0.985973952877
2018/10/02/14:03:36.086069,52576,1538481816,70817467,/world,vicon/IMUframe/IMUframe,-0.135796460209,0.178958206176,1.4080365197,0.0773944589905,0.0862985946135,0.114349465282,0.986654372146
2018/10/02/14:03:36.095991,52577,1538481816,80831308,/world,vicon/IMUframe/IMUframe,-0.135890758093,0.179414886558,1.40850760408,0.071649774682,0.0814655853077,0.1155486328,0.987359195864
2018/10/02/14:03:36.106528,52578,1538481816,90845095,/world,vicon/IMUframe/IMUframe,-0.136028713912,0.179736332139,1.40898375963,0.0661005328285,0.0768957861957,0.117645421108,0.98786502748
2018/10/02/14:03:36.116335,52579,1538481816,100842284,/world,vicon/IMUframe/IMUframe,-0.13598654825,0.180279803856,1.40937046131,0.0607615483737,0.0718712117875,0.118437493247,0.988491337012
2018/10/02/14:03:36.126315,52580,1538481816,110805922,/world,vicon/IMUframe/IMUframe,-0.136058890529,0.180659115312,1.40983242238,0.0555316418568,0.0673793013078,0.119895709183,0.988939475108
2018/10/02/14:03:36.136042,52581,1538481816,120807769,/world,vicon/IMUframe/IMUframe,-0.13611921506,0.180972567479,1.41026872642,0.0503457655889,0.06307851977,0.121108752422,0.989352856325
2018/10/02/14:03:36.145988,52582,1538481816,130811201,/world,vicon/IMUframe/IMUframe,-0.136202156967,0.181360122266,1.41065332462,0.0456419680384,0.0589195223806,0.122454546314,0.98967175605
2018/10/02/14:03:36.156357,52583,1538481816,140828307,/world,vicon/IMUframe/IMUframe,-0.136382312155,0.181802051076,1.41106404746,0.0411947867233,0.0552054552761,0.123776392475,0.989916537856
2018/10/02/14:03:36.166131,52584,1538481816,150809445,/world,vicon/IMUframe/IMUframe,-0.136406193217,0.182088786344,1.41142424839,0.0370969646143,0.0515253246028,0.12524274526,0.990092526434
2018/10/02/14:03:36.175882,52585,1538481816,160811846,/world,vicon/IMUframe/IMUframe,-0.136432579145,0.182529620641,1.41179930564,0.0325975749636,0.0474594688948,0.125321224367,0.990444136558
2018/10/02/14:03:36.185782,52586,1538481816,170732467,/world,vicon/IMUframe/IMUframe,-0.13652255934,0.182828149824,1.41218770848,0.0288060521775,0.0441590461057,0.126374159482,0.990580517586
2018/10/02/14:03:36.195611,52587,1538481816,180666059,/world,vicon/IMUframe/IMUframe,-0.136646490236,0.1830872133,1.41255835329,0.0249939477523,0.0411102919192,0.127267813873,0.990700837804
2018/10/02/14:03:36.205581,52588,1538481816,190867248,/world,vicon/IMUframe/IMUframe,-0.136750698788,0.183337673456,1.41290873662,0.0214812856719,0.0382521812663,0.128104078466,0.990789922271
2018/10/02/14:03:36.215955,52589,1538481816,200821896,/world,vicon/IMUframe/IMUframe,-0.136945484799,0.183569715486,1.4132034527,0.0181514789883,0.0352600120897,0.128668248041,0.990894412793
2018/10/02/14:03:36.226224,52590,1538481816,210830726,/world,vicon/IMUframe/IMUframe,-0.137097851273,0.183902432794,1.41360817889,0.0147390356019,0.0327946635572,0.129393063913,0.990941323128
2018/10/02/14:03:36.236074,52591,1538481816,220727705,/world,vicon/IMUframe/IMUframe,-0.137261164848,0.184210833822,1.41392803941,0.0120957525684,0.0303124324203,0.130071457405,0.990967338099
2018/10/02/14:03:36.246340,52592,1538481816,230720062,/world,vicon/IMUframe/IMUframe,-0.137398548426,0.184439283267,1.41429405363,0.00937646640826,0.0286392822549,0.130260718179,0.991021704449
2018/10/02/14:03:36.256535,52593,1538481816,240722293,/world,vicon/IMUframe/IMUframe,-0.137537842328,0.184703547217,1.41473610584,0.00700025027939,0.0275047144383,0.130407116661,0.991054222081
2018/10/02/14:03:36.266550,52594,1538481816,250839655,/world,vicon/IMUframe/IMUframe,-0.137673956165,0.184971345383,1.41517860011,0.00482426108231,0.0268070205666,0.130343193284,0.991094729134
2018/10/02/14:03:36.276390,52595,1538481816,260825630,/world,vicon/IMUframe/IMUframe,-0.137818002428,0.185261006892,1.41559183538,0.00299063792205,0.0263825849384,0.130037458154,0.991153507169
2018/10/02/14:03:36.286501,52596,1538481816,270839159,/world,vicon/IMUframe/IMUframe,-0.137978963645,0.185524241065,1.41597667584,0.00149261144534,0.0262791069669,0.129516717229,0.991227824774
2018/10/02/14:03:36.296537,52597,1538481816,280830671,/world,vicon/IMUframe/IMUframe,-0.138121830999,0.185812588838,1.41640138401,0.000354883861469,0.0264879401676,0.12869316338,0.991330587031
2018/10/02/14:03:36.306470,52598,1538481816,290841531,/world,vicon/IMUframe/IMUframe,-0.138296172629,0.186080892353,1.41679548375,-0.000413061026845,0.0269540403673,0.127675122877,0.991449631644
2018/10/02/14:03:36.316501,52599,1538481816,300846070,/world,vicon/IMUframe/IMUframe,-0.138488920352,0.186328711598,1.4171341854,-0.000877808800723,0.027555162076,0.126460953083,0.991588407476
2018/10/02/14:03:36.326753,52600,1538481816,310828091,/world,vicon/IMUframe/IMUframe,-0.138695249521,0.186572061215,1.41741252267,-0.00107396043014,0.0283458505741,0.12514592517,0.991732754717
2018/10/02/14:03:36.336558,52601,1538481816,320842239,/world,vicon/IMUframe/IMUframe,-0.138929805346,0.186764225185,1.41762838804,-0.00103108415481,0.0290141159119,0.123688391572,0.991896315012
2018/10/02/14:03:36.346587,52602,1538481816,330736651,/world,vicon/IMUframe/IMUframe,-0.139124488466,0.18695979117,1.41780421317,-0.000726449412745,0.0296209229326,0.122384769934,0.992040342569
2018/10/02/14:03:36.356485,52603,1538481816,340854881,/world,vicon/IMUframe/IMUframe,-0.139328091222,0.187142166357,1.41792653507,-0.000117884272986,0.0302214990407,0.121004766983,0.992191762446
2018/10/02/14:03:36.366534,52604,1538481816,350824396,/world,vicon/IMUframe/IMUframe,-0.139494724694,0.187281292666,1.41799729603,0.000689373422596,0.030575980019,0.119899100957,0.992314889438
2018/10/02/14:03:36.376420,52605,1538481816,360820284,/world,vicon/IMUframe/IMUframe,-0.139643595724,0.187449287343,1.41806468173,0.00164434779249,0.0309504790502,0.118791140773,0.992435402855
2018/10/02/14:03:36.386401,52606,1538481816,370749274,/world,vicon/IMUframe/IMUframe,-0.139775260392,0.18761809594,1.4180890661,0.00268472555817,0.0312995217128,0.117736269984,0.992547884447
2018/10/02/14:03:36.396370,52607,1538481816,380812386,/world,vicon/IMUframe/IMUframe,-0.139926949977,0.187816480361,1.41812537365,0.0036773224801,0.0316305366996,0.116677992735,0.992659172354
2018/10/02/14:03:36.406191,52608,1538481816,390813770,/world,vicon/IMUframe/IMUframe,-0.140050536112,0.187993058943,1.41816172993,0.00450705828362,0.0318419004684,0.11564736893,0.992769593541
2018/10/02/14:03:36.416263,52609,1538481816,400838265,/world,vicon/IMUframe/IMUframe,-0.140099962387,0.188137864704,1.41823785123,0.00506760939443,0.0318737720473,0.114666966319,0.992879584253
2018/10/02/14:03:36.426222,52610,1538481816,410815784,/world,vicon/IMUframe/IMUframe,-0.140259866957,0.188367676691,1.41827846234,0.00532048074146,0.0319676995398,0.113742650823,0.99298155474
2018/10/02/14:03:36.436508,52611,1538481816,420844895,/world,vicon/IMUframe/IMUframe,-0.140364717443,0.188536614614,1.41836525271,0.00521122212423,0.0318595474472,0.11289795067,0.993082003228
2018/10/02/14:03:36.446523,52612,1538481816,430796759,/world,vicon/IMUframe/IMUframe,-0.140476706908,0.188691736226,1.41844019552,0.00479437288875,0.0315599781172,0.112125463018,0.993181183024
2018/10/02/14:03:36.456455,52613,1538481816,440843226,/world,vicon/IMUframe/IMUframe,-0.140578787585,0.188857964127,1.41852590148,0.00410452285876,0.0310020680401,0.111491911134,0.99327316405
2018/10/02/14:03:36.466336,52614,1538481816,450781789,/world,vicon/IMUframe/IMUframe,-0.140685691342,0.189005356352,1.41859787392,0.00317529399523,0.030209213129,0.111005820112,0.993355439333
2018/10/02/14:03:36.476418,52615,1538481816,460824818,/world,vicon/IMUframe/IMUframe,-0.140806297901,0.189140065652,1.41867398633,0.0019936096352,0.0292122751476,0.110716090749,0.993420664044
2018/10/02/14:03:36.486311,52616,1538481816,470847192,/world,vicon/IMUframe/IMUframe,-0.140919592995,0.189278991248,1.41874596635,0.000614782071287,0.0279429965763,0.11050083699,0.993482952048
2018/10/02/14:03:36.496540,52617,1538481816,480874906,/world,vicon/IMUframe/IMUframe,-0.141008832108,0.189416717107,1.41882843412,-0.000985867000314,0.0264328372585,0.110396955288,0.993535528023
2018/10/02/14:03:36.506236,52618,1538481816,490847075,/world,vicon/IMUframe/IMUframe,-0.14111938422,0.189543225623,1.41893177755,-0.00276401281036,0.0246854075028,0.110358978591,0.993581343793
2018/10/02/14:03:36.516383,52619,1538481816,500833444,/world,vicon/IMUframe/IMUframe,-0.141207689126,0.189682742686,1.41905613107,-0.00458451851785,0.0227519819303,0.11040946464,0.993615156701
2018/10/02/14:03:36.526541,52620,1538481816,510867565,/world,vicon/IMUframe/IMUframe,-0.141260018268,0.189824392048,1.41915941053,-0.00655322703026,0.0205733469533,0.110431898479,0.993649127413
2018/10/02/14:03:36.536440,52621,1538481816,520841215,/world,vicon/IMUframe/IMUframe,-0.141332334437,0.189993955606,1.41928448402,-0.00860008050794,0.0182270693219,0.110585161007,0.99366228404
2018/10/02/14:03:36.549335,52622,1538481816,533656413,/world,vicon/IMUframe/IMUframe,-0.141406303198,0.190157413772,1.41943281486,-0.0107898144474,0.0157999776526,0.11078759883,0.993659926009
2018/10/02/14:03:36.556466,52623,1538481816,540898037,/world,vicon/IMUframe/IMUframe,-0.141501753181,0.190325432688,1.41957787688,-0.0129991898402,0.0131568624473,0.111011393761,0.993647014029
2018/10/02/14:03:36.566803,52624,1538481816,550884347,/world,vicon/IMUframe/IMUframe,-0.141605249499,0.190484191111,1.41975399842,-0.0153740798178,0.0104283612519,0.11127903443,0.99361555113
2018/10/02/14:03:36.576795,52625,1538481816,561086974,/world,vicon/IMUframe/IMUframe,-0.141749636355,0.190682202853,1.41992500748,-0.0177742230516,0.00755537388013,0.111525209253,0.993573913215
2018/10/02/14:03:36.586539,52626,1538481816,570808669,/world,vicon/IMUframe/IMUframe,-0.141852135548,0.190849559252,1.42011534575,-0.0202330199213,0.00462705185387,0.111839288395,0.993509531342
2018/10/02/14:03:36.596467,52627,1538481816,580908068,/world,vicon/IMUframe/IMUframe,-0.14195735726,0.191014191614,1.42035834045,-0.0227423259722,0.00163566020769,0.112218225924,0.993421955161
2018/10/02/14:03:36.606348,52628,1538481816,590912976,/world,vicon/IMUframe/IMUframe,-0.142100689038,0.19119817795,1.4205926681,-0.0255626044378,-0.00151778516462,0.112728277726,0.993295819473
2018/10/02/14:03:36.616520,52629,1538481816,600947500,/world,vicon/IMUframe/IMUframe,-0.1422734635,0.191383880853,1.42086955142,-0.028483702681,-0.00460025028602,0.113121008421,0.993162199156
2018/10/02/14:03:36.626561,52630,1538481816,611016615,/world,vicon/IMUframe/IMUframe,-0.142412349448,0.191558604976,1.42115022936,-0.0314976152898,-0.00769253669658,0.113485507336,0.993010455501
2018/10/02/14:03:36.636660,52631,1538481816,620899882,/world,vicon/IMUframe/IMUframe,-0.142619780204,0.191806068337,1.42137672999,-0.0348637278568,-0.01094403452,0.114036623237,0.992804309594
2018/10/02/14:03:36.646465,52632,1538481816,630923649,/world,vicon/IMUframe/IMUframe,-0.142729931212,0.191994283954,1.42172836594,-0.0377388220643,-0.0139302475421,0.114457852078,0.992613283011
2018/10/02/14:03:36.656616,52633,1538481816,640896459,/world,vicon/IMUframe/IMUframe,-0.142896939354,0.19215705525,1.42208670393,-0.0408477521555,-0.0169643578027,0.114787216434,0.992404940864
2018/10/02/14:03:36.666393,52634,1538481816,650907369,/world,vicon/IMUframe/IMUframe,-0.143022037192,0.19235195502,1.42240999267,-0.0438692944367,-0.020120080135,0.115353839493,0.992151278332
2018/10/02/14:03:36.676638,52635,1538481816,661134315,/world,vicon/IMUframe/IMUframe,-0.143096139939,0.192549126963,1.422791941,-0.0468619420977,-0.0233060995641,0.116030197793,0.991865806098
2018/10/02/14:03:36.686447,52636,1538481816,670928729,/world,vicon/IMUframe/IMUframe,-0.143224365669,0.192745407919,1.42317995763,-0.0498437553313,-0.0263697391598,0.11651309774,0.991587078862
2018/10/02/14:03:36.696305,52637,1538481816,680905551,/world,vicon/IMUframe/IMUframe,-0.143338817666,0.192956324072,1.42358724975,-0.0528454765646,-0.0295139820749,0.117169985657,0.991265592528
2018/10/02/14:03:36.706442,52638,1538481816,690897836,/world,vicon/IMUframe/IMUframe,-0.14337931633,0.193138293195,1.42407265346,-0.0560911472471,-0.0323818482497,0.11771005979,0.990933671306
2018/10/02/14:03:36.716607,52639,1538481816,700849194,/world,vicon/IMUframe/IMUframe,-0.14353863371,0.193350636116,1.42445708313,-0.0591609145748,-0.0354838831414,0.118397946735,0.990566911638
2018/10/02/14:03:36.726654,52640,1538481816,710980604,/world,vicon/IMUframe/IMUframe,-0.143619562271,0.193501509565,1.42489110366,-0.062331928215,-0.0385506388545,0.119169977524,0.990165185929
2018/10/02/14:03:36.736567,52641,1538481816,720828341,/world,vicon/IMUframe/IMUframe,-0.143700241812,0.19357753102,1.42529187023,-0.0654428623148,-0.0419334500856,0.119944520303,0.989733362874
2018/10/02/14:03:36.746449,52642,1538481816,730912760,/world,vicon/IMUframe/IMUframe,-0.14374400528,0.193744477216,1.4257099304,-0.0684582226843,-0.0451279179285,0.120982937233,0.989262387675
2018/10/02/14:03:36.756428,52643,1538481816,740866849,/world,vicon/IMUframe/IMUframe,-0.143793773273,0.193862345217,1.42618952234,-0.071670393517,-0.0484200062941,0.121965689884,0.988758427613
2018/10/02/14:03:36.766582,52644,1538481816,750922425,/world,vicon/IMUframe/IMUframe,-0.143792605983,0.194081944852,1.42658507133,-0.0746170570527,-0.0517966326546,0.123263653804,0.988208214545
2018/10/02/14:03:36.776664,52645,1538481816,760972532,/world,vicon/IMUframe/IMUframe,-0.143779890257,0.194234861238,1.4270570751,-0.0779067499069,-0.0553760444918,0.124684771426,0.987581763597
2018/10/02/14:03:36.786619,52646,1538481816,770861472,/world,vicon/IMUframe/IMUframe,-0.143764929949,0.194373064445,1.42757811437,-0.0815621933461,-0.0591492876669,0.126104016943,0.986887403555
2018/10/02/14:03:36.796476,52647,1538481816,781045721,/world,vicon/IMUframe/IMUframe,-0.143757486066,0.194502720951,1.42806949678,-0.0851724670175,-0.0630612710883,0.127522008654,0.986157727881
2018/10/02/14:03:36.806366,52648,1538481816,790904020,/world,vicon/IMUframe/IMUframe,-0.143740100772,0.194811945203,1.4284945068,-0.0889593880874,-0.0672028844399,0.128715348649,0.985394519275
2018/10/02/14:03:36.816354,52649,1538481816,800941713,/world,vicon/IMUframe/IMUframe,-0.143748440158,0.195018518729,1.42901675415,-0.0931412643217,-0.0714222713471,0.129829941427,0.984564751728
2018/10/02/14:03:36.827079,52650,1538481816,811123819,/world,vicon/IMUframe/IMUframe,-0.143770658422,0.195288282899,1.42954796035,-0.0975536103251,-0.0756393639816,0.130864716053,0.983685115177
2018/10/02/14:03:36.836788,52651,1538481816,820907352,/world,vicon/IMUframe/IMUframe,-0.143867326644,0.195576690337,1.43005156619,-0.102099835417,-0.0799925003416,0.131722455059,0.982764477548
2018/10/02/14:03:36.846894,52652,1538481816,830946770,/world,vicon/IMUframe/IMUframe,-0.143492171277,0.195696379189,1.43090831452,-0.107742175888,-0.0847109047415,0.133672785473,0.981502558619
2018/10/02/14:03:36.856502,52653,1538481816,840834447,/world,vicon/IMUframe/IMUframe,-0.143652964758,0.195944419404,1.43141371299,-0.112644942225,-0.0895857569197,0.134516790088,0.980403356957
2018/10/02/14:03:36.866761,52654,1538481816,850875927,/world,vicon/IMUframe/IMUframe,-0.143649871674,0.196017223105,1.43196281526,-0.118113694725,-0.0951793801517,0.136083789071,0.979015445774
2018/10/02/14:03:36.877047,52655,1538481816,861112737,/world,vicon/IMUframe/IMUframe,-0.143945768288,0.196248638115,1.43239166944,-0.123654854408,-0.100491052566,0.136912609122,0.977683979003
2018/10/02/14:03:36.886671,52656,1538481816,870917391,/world,vicon/IMUframe/IMUframe,-0.144000608061,0.196428347992,1.43290468625,-0.129381872618,-0.106292675011,0.13784584624,0.976197070755
2018/10/02/14:03:36.896702,52657,1538481816,880944129,/world,vicon/IMUframe/IMUframe,-0.143938550164,0.196570092572,1.43352163316,-0.13496817697,-0.112796375568,0.138892520734,0.974561150748
2018/10/02/14:03:36.906688,52658,1538481816,890791256,/world,vicon/IMUframe/IMUframe,-0.143854301744,0.196743927886,1.43407247665,-0.140801520093,-0.119331773792,0.13990480033,0.972811136114
2018/10/02/14:03:36.916184,52659,1538481816,900856136,/world,vicon/IMUframe/IMUframe,-0.143962182031,0.196962481778,1.43462894779,-0.146820808758,-0.125554924881,0.140884859664,0.970994885296
2018/10/02/14:03:36.926517,52660,1538481816,910849632,/world,vicon/IMUframe/IMUframe,-0.144198405143,0.197307465368,1.43516262321,-0.15299126175,-0.132173373928,0.142153962704,0.968976843862
2018/10/02/14:03:36.936481,52661,1538481816,920852523,/world,vicon/IMUframe/IMUframe,-0.144365159308,0.197627170914,1.43574139123,-0.158883747027,-0.138600253064,0.142994976767,0.967004840423
2018/10/02/14:03:36.946249,52662,1538481816,930821612,/world,vicon/IMUframe/IMUframe,-0.144481618102,0.197801616679,1.43630315221,-0.164905372589,-0.145074043794,0.143886568556,0.964912636096
2018/10/02/14:03:36.956286,52663,1538481816,940862746,/world,vicon/IMUframe/IMUframe,-0.144766066795,0.198164954068,1.43689173877,-0.170723266119,-0.151895934569,0.144872550642,0.962700958521
2018/10/02/14:03:36.966531,52664,1538481816,950849968,/world,vicon/IMUframe/IMUframe,-0.144898733016,0.198535056229,1.43743909776,-0.177079223593,-0.158159804208,0.145375344998,0.960465738052
2018/10/02/14:03:36.976605,52665,1538481816,960851579,/world,vicon/IMUframe/IMUframe,-0.145068271788,0.198683432453,1.43891456351,-0.187608166964,-0.164878255752,0.144445012306,0.957472701902
2018/10/02/14:03:36.986127,52666,1538481816,970782418,/world,vicon/IMUframe/IMUframe,-0.145121427066,0.198974705594,1.43932528087,-0.193773712248,-0.171521666032,0.145213767639,0.954958129036
2018/10/02/14:03:36.996247,52667,1538481816,980768637,/world,vicon/IMUframe/IMUframe,-0.145262266595,0.199273045111,1.43989790574,-0.199889302268,-0.178266961793,0.145975153778,0.952342591535
2018/10/02/14:03:37.006272,52668,1538481816,990841762,/world,vicon/IMUframe/IMUframe,-0.145599739809,0.199779216764,1.44016298955,-0.205539153078,-0.184714014214,0.147079314435,0.949737892668
2018/10/02/14:03:37.016361,52669,1538481817,850342,/world,vicon/IMUframe/IMUframe,-0.145777534485,0.200067804061,1.44062049395,-0.211570228428,-0.191301977961,0.147751109599,0.94700116224
2018/10/02/14:03:37.026268,52670,1538481817,10854312,/world,vicon/IMUframe/IMUframe,-0.145979244266,0.20034681315,1.44108827386,-0.217620292452,-0.198028347326,0.148395855988,0.944142389629
2018/10/02/14:03:37.036361,52671,1538481817,20845332,/world,vicon/IMUframe/IMUframe,-0.146014403202,0.200589076351,1.44135755544,-0.22360739308,-0.204600957051,0.149114046387,0.941224300209
2018/10/02/14:03:37.046247,52672,1538481817,30866281,/world,vicon/IMUframe/IMUframe,-0.146310042371,0.201020580861,1.44166823836,-0.22961370846,-0.211163326561,0.149802501165,0.938214690275
2018/10/02/14:03:37.056268,52673,1538481817,40792831,/world,vicon/IMUframe/IMUframe,-0.146549047584,0.201317219361,1.44210662208,-0.235728436978,-0.218011965808,0.150163303,0.93506891147
2018/10/02/14:03:37.066006,52674,1538481817,50831447,/world,vicon/IMUframe/IMUframe,-0.146711868412,0.201623297388,1.44237808166,-0.241830399484,-0.224536732604,0.150777765076,0.931862317704
2018/10/02/14:03:37.076313,52675,1538481817,60839374,/world,vicon/IMUframe/IMUframe,-0.14692897645,0.202208764639,1.4418117233,-0.244758012252,-0.230196711231,0.151734896393,0.929558772103
2018/10/02/14:03:37.086553,52676,1538481817,70848679,/world,vicon/IMUframe/IMUframe,-0.147213221307,0.202303079795,1.44305291179,-0.254086140702,-0.237552754773,0.151678915813,0.925203992804
2018/10/02/14:03:37.096663,52677,1538481817,80853375,/world,vicon/IMUframe/IMUframe,-0.147541647654,0.202649308153,1.44346343823,-0.26039237654,-0.244056874773,0.151919687331,0.921711701519
2018/10/02/14:03:37.106375,52678,1538481817,90770977,/world,vicon/IMUframe/IMUframe,-0.147645871739,0.203116299138,1.44380158106,-0.26650857497,-0.250424248908,0.152694062534,0.918120579387
2018/10/02/14:03:37.116494,52679,1538481817,100748423,/world,vicon/IMUframe/IMUframe,-0.147915747468,0.203511892025,1.44445417746,-0.272980149436,-0.256966967909,0.153002619142,0.914352237353
2018/10/02/14:03:37.126627,52680,1538481817,110859317,/world,vicon/IMUframe/IMUframe,-0.148144879239,0.203934404862,1.44491728473,-0.279050074881,-0.263278582734,0.15380325483,0.910582232633
2018/10/02/14:03:37.136488,52681,1538481817,120819447,/world,vicon/IMUframe/IMUframe,-0.148384031196,0.204366404462,1.44527999808,-0.285198904984,-0.269633791383,0.154601109361,0.906673976755
2018/10/02/14:03:37.146585,52682,1538481817,130753968,/world,vicon/IMUframe/IMUframe,-0.148685500493,0.204881797176,1.44561995489,-0.291399821123,-0.275920154258,0.155334839841,0.902676741838
2018/10/02/14:03:37.156577,52683,1538481817,140847405,/world,vicon/IMUframe/IMUframe,-0.14880103869,0.205507659839,1.44535938726,-0.297079580083,-0.281329255196,0.156973637187,0.898864200253
2018/10/02/14:03:37.166598,52684,1538481817,150831817,/world,vicon/IMUframe/IMUframe,-0.148824371565,0.205836445217,1.44463525317,-0.299809756227,-0.286998981998,0.158851512804,0.895830280401
2018/10/02/14:03:37.176394,52685,1538481817,160740891,/world,vicon/IMUframe/IMUframe,-0.149106445067,0.206315740153,1.44489748388,-0.306310966988,-0.293246360658,0.159610252401,0.89146213088
2018/10/02/14:03:37.186252,52686,1538481817,170752098,/world,vicon/IMUframe/IMUframe,-0.149409039795,0.206813755255,1.44512022079,-0.312909892899,-0.299333353055,0.160348217156,0.88700360311
2018/10/02/14:03:37.196057,52687,1538481817,180848607,/world,vicon/IMUframe/IMUframe,-0.149737586768,0.207334460176,1.4453119279,-0.319422886749,-0.305430761667,0.161078748076,0.882459464319
2018/10/02/14:03:37.205938,52688,1538481817,190825547,/world,vicon/IMUframe/IMUframe,-0.149985410774,0.208049559649,1.44514914021,-0.32660003736,-0.310998391537,0.161593377218,0.87778129195
2018/10/02/14:03:37.216432,52689,1538481817,200858468,/world,vicon/IMUframe/IMUframe,-0.150357313015,0.208717615401,1.4452802216,-0.332943494668,-0.316633072699,0.161906388744,0.87331463283
2018/10/02/14:03:37.226191,52690,1538481817,210842133,/world,vicon/IMUframe/IMUframe,-0.150771489837,0.20931685084,1.44548148459,-0.339486280779,-0.322302648325,0.162210350743,0.868652905456
2018/10/02/14:03:37.236308,52691,1538481817,220821726,/world,vicon/IMUframe/IMUframe,-0.151295341197,0.209997998649,1.44546036385,-0.345646350025,-0.327765278476,0.16222146923,0.864165908759
2018/10/02/14:03:37.246087,52692,1538481817,230828800,/world,vicon/IMUframe/IMUframe,-0.151736303954,0.210607673821,1.44553686271,-0.351779009065,-0.332868835119,0.162107903693,0.859750484122
2018/10/02/14:03:37.256400,52693,1538481817,240852474,/world,vicon/IMUframe/IMUframe,-0.152162295216,0.211152719506,1.4455627371,-0.357771751583,-0.338012760982,0.16219137993,0.855243066887
2018/10/02/14:03:37.266504,52694,1538481817,250880544,/world,vicon/IMUframe/IMUframe,-0.152581418051,0.211764263976,1.4455253666,-0.363510793476,-0.343216126456,0.162406427534,0.850697799376
2018/10/02/14:03:37.276215,52695,1538481817,260848797,/world,vicon/IMUframe/IMUframe,-0.153074356951,0.212106042618,1.44536741212,-0.369230542327,-0.348259435011,0.162853905054,0.846086743867
2018/10/02/14:03:37.286353,52696,1538481817,270829371,/world,vicon/IMUframe/IMUframe,-0.153496573111,0.212613574861,1.44521107362,-0.374555291403,-0.353645388967,0.163036449071,0.841464431107
2018/10/02/14:03:37.295779,52697,1538481817,280827067,/world,vicon/IMUframe/IMUframe,-0.153904829753,0.213025252115,1.44491488018,-0.379843011334,-0.358971170585,0.163030513974,0.836827363883
2018/10/02/14:03:37.306353,52698,1538481817,290770576,/world,vicon/IMUframe/IMUframe,-0.154394403692,0.213382614447,1.44464623197,-0.38451050382,-0.364527945736,0.163266736363,0.832234956023
2018/10/02/14:03:37.316586,52699,1538481817,300866719,/world,vicon/IMUframe/IMUframe,-0.154917510094,0.213794196936,1.4443264792,-0.389292770378,-0.369901704808,0.163165760547,0.827647752548
2018/10/02/14:03:37.326485,52700,1538481817,310970348,/world,vicon/IMUframe/IMUframe,-0.154958356706,0.214295071047,1.443937233,-0.393705610979,-0.376067777061,0.162531519599,0.822892717234
2018/10/02/14:03:37.336623,52701,1538481817,320931293,/world,vicon/IMUframe/IMUframe,-0.155413477349,0.214691331301,1.44353688646,-0.397983581736,-0.381471393235,0.16204364928,0.818431732363
2018/10/02/14:03:37.346572,52702,1538481817,330973200,/world,vicon/IMUframe/IMUframe,-0.155847691383,0.215025389775,1.44311058542,-0.401592438189,-0.386799393983,0.161918415134,0.814181901816
2018/10/02/14:03:37.356227,52703,1538481817,340840533,/world,vicon/IMUframe/IMUframe,-0.15612295401,0.215355051382,1.44255451506,-0.405300543049,-0.391566953111,0.161235406167,0.81019129521
2018/10/02/14:03:37.366313,52704,1538481817,350924182,/world,vicon/IMUframe/IMUframe,-0.156545259383,0.215708993622,1.44214119644,-0.408890093806,-0.396306256444,0.160204081333,0.806278422516
2018/10/02/14:03:37.376220,52705,1538481817,360914788,/world,vicon/IMUframe/IMUframe,-0.15703376066,0.216059160403,1.44174106799,-0.412357626824,-0.400753035765,0.158911374319,0.802561752788
2018/10/02/14:03:37.386240,52706,1538481817,370891371,/world,vicon/IMUframe/IMUframe,-0.157534072138,0.216328037601,1.44128007336,-0.414913596331,-0.404941953689,0.158063311909,0.799302640525
2018/10/02/14:03:37.396094,52707,1538481817,380973478,/world,vicon/IMUframe/IMUframe,-0.157891515888,0.216628135727,1.4407084982,-0.417340445605,-0.408817831385,0.156933730337,0.796283076227
2018/10/02/14:03:37.406173,52708,1538481817,390947215,/world,vicon/IMUframe/IMUframe,-0.158222355116,0.216913583907,1.44007272161,-0.419994846012,-0.412210054219,0.155316795773,0.793450624472
2018/10/02/14:03:37.416134,52709,1538481817,400969997,/world,vicon/IMUframe/IMUframe,-0.158787554229,0.217180673176,1.43960125059,-0.422056640052,-0.416024683724,0.153744743832,0.790666939276
2018/10/02/14:03:37.426542,52710,1538481817,410951726,/world,vicon/IMUframe/IMUframe,-0.159080849644,0.217471374059,1.43905921876,-0.424069373777,-0.419201338844,0.152442073258,0.788160401211
2018/10/02/14:03:37.436862,52711,1538481817,420950200,/world,vicon/IMUframe/IMUframe,-0.159375688296,0.217715740794,1.43848046832,-0.426084984234,-0.422052932324,0.150890977277,0.785846563588
2018/10/02/14:03:37.446521,52712,1538481817,431064300,/world,vicon/IMUframe/IMUframe,-0.159605389707,0.217945890147,1.43785333889,-0.428238787073,-0.424703809224,0.149087131597,0.78358869496
2018/10/02/14:03:37.456019,52713,1538481817,440902400,/world,vicon/IMUframe/IMUframe,-0.159930560022,0.218109417032,1.43724209644,-0.429705483304,-0.42771612315,0.147795363483,0.781388921184
2018/10/02/14:03:37.466252,52714,1538481817,450903153,/world,vicon/IMUframe/IMUframe,-0.160066770449,0.218478993457,1.43658686298,-0.431529254656,-0.430468757595,0.145927220761,0.779220377911
2018/10/02/14:03:37.476130,52715,1538481817,460940752,/world,vicon/IMUframe/IMUframe,-0.160304464,0.218622868427,1.43593409429,-0.433195415135,-0.433323544333,0.144472908411,0.776981349176
2018/10/02/14:03:37.486545,52716,1538481817,470930870,/world,vicon/IMUframe/IMUframe,-0.160791764579,0.218469412693,1.43534670613,-0.434890049162,-0.43636883604,0.143236394277,0.774555497965
2018/10/02/14:03:37.496726,52717,1538481817,481021535,/world,vicon/IMUframe/IMUframe,-0.160974336251,0.218572429952,1.43459710448,-0.436804491168,-0.439282964997,0.141462367149,0.772153295557
2018/10/02/14:03:37.506396,52718,1538481817,490907972,/world,vicon/IMUframe/IMUframe,-0.16127247852,0.218628715816,1.43398067861,-0.438085839456,-0.442588316371,0.140261673558,0.769755183426
2018/10/02/14:03:37.516181,52719,1538481817,500965601,/world,vicon/IMUframe/IMUframe,-0.161454512621,0.218681471665,1.43323305751,-0.439825145219,-0.44578492288,0.138794698816,0.767180341085
2018/10/02/14:03:37.528064,52720,1538481817,510944406,/world,vicon/IMUframe/IMUframe,-0.161410209589,0.219224720798,1.43317239371,-0.442255455385,-0.449006949342,0.138900608804,0.763877930365
2018/10/02/14:03:37.536106,52721,1538481817,520883615,/world,vicon/IMUframe/IMUframe,-0.161766888396,0.219014672468,1.43238818247,-0.44404490938,-0.451936553822,0.138028964025,0.761265705824
2018/10/02/14:03:37.546682,52722,1538481817,530942904,/world,vicon/IMUframe/IMUframe,-0.162223667727,0.218673051328,1.4312707457,-0.444603916015,-0.456182240014,0.135223134749,0.758906994031
2018/10/02/14:03:37.556411,52723,1538481817,540943800,/world,vicon/IMUframe/IMUframe,-0.1625554599,0.21877351791,1.43052712253,-0.446284544842,-0.459660955667,0.134104611113,0.756014460277
2018/10/02/14:03:37.566410,52724,1538481817,550933810,/world,vicon/IMUframe/IMUframe,-0.162892410742,0.218803306898,1.42985164488,-0.448127535452,-0.463257307915,0.132818137316,0.752950012307
2018/10/02/14:03:37.576599,52725,1538481817,560972162,/world,vicon/IMUframe/IMUframe,-0.163201101977,0.218883689463,1.42918414454,-0.450011943698,-0.46673443447,0.131710117753,0.749867096951
2018/10/02/14:03:37.586368,52726,1538481817,570801194,/world,vicon/IMUframe/IMUframe,-0.163497540099,0.218987220273,1.42858705492,-0.452024453052,-0.470226964367,0.130651465907,0.746652991879
2018/10/02/14:03:37.596692,52727,1538481817,580982751,/world,vicon/IMUframe/IMUframe,-0.16388238785,0.219040803094,1.42809973167,-0.45447266291,-0.473522981291,0.129678333877,0.743245662335
2018/10/02/14:03:37.605930,52728,1538481817,590801710,/world,vicon/IMUframe/IMUframe,-0.164263502665,0.218960220896,1.42749433812,-0.456569267939,-0.476799359809,0.129213851448,0.73993962906
2018/10/02/14:03:37.616122,52729,1538481817,600908413,/world,vicon/IMUframe/IMUframe,-0.164765235731,0.218987790349,1.42698305578,-0.458412653189,-0.480061936221,0.12845237343,0.736816370983
2018/10/02/14:03:37.625832,52730,1538481817,610880413,/world,vicon/IMUframe/IMUframe,-0.165241888633,0.219028924898,1.42654841249,-0.460829124609,-0.482470457518,0.127181313917,0.733950740121
2018/10/02/14:03:37.636234,52731,1538481817,620972765,/world,vicon/IMUframe/IMUframe,-0.165587143022,0.219144060291,1.42608704952,-0.463512082125,-0.484355826281,0.125401151545,0.731321088485
2018/10/02/14:03:37.646537,52732,1538481817,630997160,/world,vicon/IMUframe/IMUframe,-0.166079347148,0.219157013141,1.42567280172,-0.465723910784,-0.486170000885,0.12400233635,0.728946767428
2018/10/02/14:03:37.656443,52733,1538481817,640907911,/world,vicon/IMUframe/IMUframe,-0.166533323755,0.21921982488,1.42530318038,-0.467690455222,-0.487846684658,0.122678621937,0.72678828147
2018/10/02/14:03:37.666307,52734,1538481817,650943863,/world,vicon/IMUframe/IMUframe,-0.166877445692,0.219289971178,1.42500749024,-0.469732820019,-0.489198173942,0.121047964856,0.724833508203
2018/10/02/14:03:37.676158,52735,1538481817,660917425,/world,vicon/IMUframe/IMUframe,-0.167344431217,0.219265632106,1.42468310088,-0.471411176324,-0.490503645146,0.119863663922,0.723056276515
2018/10/02/14:03:37.685939,52736,1538481817,670850050,/world,vicon/IMUframe/IMUframe,-0.167925876746,0.219058601128,1.42426662331,-0.472975293764,-0.491228110211,0.118926047522,0.721696550115
2018/10/02/14:03:37.695931,52737,1538481817,680861932,/world,vicon/IMUframe/IMUframe,-0.168326642618,0.218987786826,1.42394123198,-0.47407478815,-0.492376883607,0.117916489533,0.72035671804
2018/10/02/14:03:37.706110,52738,1538481817,690853304,/world,vicon/IMUframe/IMUframe,-0.168621862924,0.218908489739,1.42366017702,-0.47489545261,-0.493454059254,0.117160535053,0.719201508286
2018/10/02/14:03:37.716326,52739,1538481817,700863250,/world,vicon/IMUframe/IMUframe,-0.168870603098,0.218497099499,1.42345359947,-0.475813894242,-0.494197383775,0.11700159735,0.718109121328
2018/10/02/14:03:37.726346,52740,1538481817,710859860,/world,vicon/IMUframe/IMUframe,-0.16909098226,0.218397870478,1.42320973874,-0.476189518266,-0.495224999813,0.116471329603,0.717237876603
2018/10/02/14:03:37.736438,52741,1538481817,720839981,/world,vicon/IMUframe/IMUframe,-0.169223224492,0.218388505263,1.42309982751,-0.476515192611,-0.496246862061,0.116483763634,0.716312680269
2018/10/02/14:03:37.746379,52742,1538481817,730859590,/world,vicon/IMUframe/IMUframe,-0.16945998193,0.218279746326,1.42285970457,-0.476707674588,-0.497328696426,0.116157881803,0.715486762418
2018/10/02/14:03:37.756273,52743,1538481817,740857070,/world,vicon/IMUframe/IMUframe,-0.16967682847,0.218132256636,1.42264537198,-0.476899144702,-0.498533125836,0.115649988515,0.714602692678
2018/10/02/14:03:37.766323,52744,1538481817,750862976,/world,vicon/IMUframe/IMUframe,-0.169884576502,0.21805046025,1.42247904007,-0.477121313344,-0.499509907307,0.11527808656,0.713831960348
2018/10/02/14:03:37.776266,52745,1538481817,760861733,/world,vicon/IMUframe/IMUframe,-0.17005546939,0.21795645805,1.42228999115,-0.477182386122,-0.500507824672,0.114930498025,0.71314785875
2018/10/02/14:03:37.786236,52746,1538481817,770829953,/world,vicon/IMUframe/IMUframe,-0.170238419566,0.217884620525,1.42210946428,-0.477313167569,-0.501403719589,0.114379352572,0.712519342722
2018/10/02/14:03:37.796175,52747,1538481817,780850902,/world,vicon/IMUframe/IMUframe,-0.170456669524,0.217854817006,1.42192368377,-0.477524963012,-0.502249731697,0.113722084281,0.711886510799
2018/10/02/14:03:37.806077,52748,1538481817,790829968,/world,vicon/IMUframe/IMUframe,-0.170666286386,0.217832854617,1.42179687717,-0.477763556485,-0.502971300892,0.112912316141,0.71134567085
2018/10/02/14:03:37.816042,52749,1538481817,800850818,/world,vicon/IMUframe/IMUframe,-0.170849011433,0.217782297077,1.4216939916,-0.47805111953,-0.503550302833,0.112260933097,0.710845765643
2018/10/02/14:03:37.826051,52750,1538481817,810862839,/world,vicon/IMUframe/IMUframe,-0.171250158319,0.218218997934,1.42173540173,-0.479610892012,-0.504294045964,0.111605632513,0.709369501924
2018/10/02/14:03:37.836105,52751,1538481817,820844498,/world,vicon/IMUframe/IMUframe,-0.171447095211,0.218184538645,1.42171412635,-0.479997017202,-0.504714500159,0.111043262503,0.708897404889
2018/10/02/14:03:37.845961,52752,1538481817,830859043,/world,vicon/IMUframe/IMUframe,-0.171615103584,0.21815140795,1.42172555299,-0.480342416647,-0.50503403101,0.110693027435,0.708490539082
2018/10/02/14:03:37.856008,52753,1538481817,840872802,/world,vicon/IMUframe/IMUframe,-0.171805679439,0.218436245602,1.42176280387,-0.480504170727,-0.505296048712,0.110228642211,0.708266398685
2018/10/02/14:03:37.865848,52754,1538481817,850862254,/world,vicon/IMUframe/IMUframe,-0.171952378832,0.218407346406,1.42180997331,-0.480828015435,-0.505409097596,0.110183615531,0.707972905207
2018/10/02/14:03:37.876001,52755,1538481817,860885359,/world,vicon/IMUframe/IMUframe,-0.172047556304,0.218074305301,1.42184033736,-0.481321303021,-0.50542001352,0.110416397853,0.707593550195
2018/10/02/14:03:37.885979,52756,1538481817,870862224,/world,vicon/IMUframe/IMUframe,-0.172167782115,0.218067402736,1.42192815855,-0.481584990129,-0.505419314837,0.110385335762,0.707419459106
2018/10/02/14:03:37.895910,52757,1538481817,880857485,/world,vicon/IMUframe/IMUframe,-0.172300748443,0.218045745992,1.42199856545,-0.481821276328,-0.505362180846,0.110345451916,0.707305595263
2018/10/02/14:03:37.905978,52758,1538481817,890857792,/world,vicon/IMUframe/IMUframe,-0.172439556687,0.218024278864,1.42207927508,-0.482028279061,-0.50522748603,0.110264922326,0.707273336448
2018/10/02/14:03:37.915906,52759,1538481817,900872597,/world,vicon/IMUframe/IMUframe,-0.172552813223,0.218000484333,1.42219187632,-0.482257466467,-0.505042025423,0.110225090438,0.70725576564
2018/10/02/14:03:37.926011,52760,1538481817,910856550,/world,vicon/IMUframe/IMUframe,-0.172648976053,0.218011058659,1.42228417656,-0.48243410579,-0.504798021342,0.110165860482,0.707318721938
2018/10/02/14:03:37.935980,52761,1538481817,920871651,/world,vicon/IMUframe/IMUframe,-0.172755025262,0.217999329584,1.42236746773,-0.482562450632,-0.504512439159,0.110066731577,0.70745034778
2018/10/02/14:03:37.946037,52762,1538481817,930862334,/world,vicon/IMUframe/IMUframe,-0.172872214193,0.218002300994,1.42247290172,-0.482684675778,-0.504191816218,0.109982026193,0.707608698464
2018/10/02/14:03:37.956030,52763,1538481817,940834458,/world,vicon/IMUframe/IMUframe,-0.172959292255,0.217987521949,1.42257223033,-0.482786735638,-0.503943138632,0.109910401742,0.707727337685
2018/10/02/14:03:37.965822,52764,1538481817,950827827,/world,vicon/IMUframe/IMUframe,-0.17304472698,0.218001317902,1.42265872488,-0.482909003377,-0.503735524693,0.109874376503,0.707797313507
2018/10/02/14:03:37.975943,52765,1538481817,960747440,/world,vicon/IMUframe/IMUframe,-0.173177803601,0.218333065321,1.42278228846,-0.482895855734,-0.503592822568,0.109609610048,0.70794886465
2018/10/02/14:03:37.986305,52766,1538481817,970862477,/world,vicon/IMUframe/IMUframe,-0.173259473527,0.217990740153,1.42282206451,-0.483303651802,-0.50338467262,0.109848704331,0.707781543757
2018/10/02/14:03:37.996061,52767,1538481817,980876321,/world,vicon/IMUframe/IMUframe,-0.173359167616,0.217974357953,1.42286697524,-0.483453377352,-0.503299314556,0.109782020397,0.70775033726
2018/10/02/14:03:38.006138,52768,1538481817,990863744,/world,vicon/IMUframe/IMUframe,-0.173467843461,0.217940921408,1.42290486917,-0.483594238281,-0.503237368207,0.109597216329,0.707726793413
2018/10/02/14:03:38.016046,52769,1538481818,875914,/world,vicon/IMUframe/IMUframe,-0.173613384592,0.217904392909,1.42291251757,-0.483756823452,-0.503200050346,0.109299352858,0.707688276405
2018/10/02/14:03:38.026207,52770,1538481818,10859083,/world,vicon/IMUframe/IMUframe,-0.173636816664,0.21781380405,1.42296217453,-0.483776106363,-0.503032328831,0.109341410832,0.707787829042
2018/10/02/14:03:38.036505,52771,1538481818,20849928,/world,vicon/IMUframe/IMUframe,-0.173742447051,0.217742055928,1.4229901585,-0.483928188159,-0.502990444286,0.109119127227,0.707747933756
2018/10/02/14:03:38.046180,52772,1538481818,30858949,/world,vicon/IMUframe/IMUframe,-0.173851757611,0.217683986111,1.42300827286,-0.484082525049,-0.503024435288,0.10885837848,0.707658377948
2018/10/02/14:03:38.055965,52773,1538481818,40814013,/world,vicon/IMUframe/IMUframe,-0.173968338055,0.217627697229,1.42302458139,-0.484206773611,-0.5031113587,0.108667905308,0.707540845105
2018/10/02/14:03:38.065968,52774,1538481818,50830955,/world,vicon/IMUframe/IMUframe,-0.174066319409,0.217588082728,1.42304623216,-0.484285270006,-0.503268630514,0.108542152863,0.707394560234
2018/10/02/14:03:38.075879,52775,1538481818,60879085,/world,vicon/IMUframe/IMUframe,-0.174131887782,0.217512227745,1.42307913411,-0.484403596523,-0.503447312431,0.10844794624,0.707200821717
2018/10/02/14:03:38.085836,52776,1538481818,70826388,/world,vicon/IMUframe/IMUframe,-0.174306923678,0.217069986981,1.42271505915,-0.483664196958,-0.503811570163,0.107548490386,0.707584743029
2018/10/02/14:03:38.095821,52777,1538481818,80873311,/world,vicon/IMUframe/IMUframe,-0.17444133553,0.216927144212,1.42266792605,-0.483580009548,-0.504069464934,0.107114758818,0.707524400519
2018/10/02/14:03:38.106083,52778,1538481818,90766133,/world,vicon/IMUframe/IMUframe,-0.174574284007,0.216853570458,1.42272182026,-0.483616802248,-0.504238648379,0.106878283276,0.707414451809
2018/10/02/14:03:38.116111,52779,1538481818,100872396,/world,vicon/IMUframe/IMUframe,-0.174723954009,0.216766899398,1.42277174645,-0.483682488362,-0.504323829575,0.1065874751,0.707352695285
2018/10/02/14:03:38.126261,52780,1538481818,110881422,/world,vicon/IMUframe/IMUframe,-0.174863086904,0.216689603183,1.42280963855,-0.483689971947,-0.504311440987,0.106348892115,0.707392320197
2018/10/02/14:03:38.136395,52781,1538481818,120868167,/world,vicon/IMUframe/IMUframe,-0.17500507142,0.216633817425,1.42284112707,-0.483680903948,-0.504256072507,0.106130852249,0.707470733456
2018/10/02/14:03:38.146332,52782,1538481818,130837997,/world,vicon/IMUframe/IMUframe,-0.17510973436,0.216581845734,1.42289509893,-0.483699745569,-0.504205405033,0.106003321064,0.707513082278
2018/10/02/14:03:38.155517,52783,1538481818,140834019,/world,vicon/IMUframe/IMUframe,-0.175249680089,0.21656560605,1.42298584417,-0.483716934479,-0.504157959473,0.105922253082,0.707547281459
2018/10/02/14:03:38.165502,52784,1538481818,150773413,/world,vicon/IMUframe/IMUframe,-0.17538159514,0.216538451451,1.42308347857,-0.483755669664,-0.504108192613,0.105987667302,0.707546462494
2018/10/02/14:03:38.175533,52785,1538481818,160755797,/world,vicon/IMUframe/IMUframe,-0.175485085377,0.216507504793,1.42316914517,-0.483806141625,-0.50411621126,0.106060415355,0.707495336498
2018/10/02/14:03:38.185508,52786,1538481818,170752164,/world,vicon/IMUframe/IMUframe,-0.175586615246,0.216475158754,1.42324821965,-0.483925506651,-0.504116888601,0.106122363998,0.707403923158
2018/10/02/14:03:38.195358,52787,1538481818,180733577,/world,vicon/IMUframe/IMUframe,-0.175692902002,0.216456495864,1.42332985075,-0.484087137247,-0.504205554893,0.106132318512,0.707228628475
2018/10/02/14:03:38.204970,52788,1538481818,190797079,/world,vicon/IMUframe/IMUframe,-0.175796149662,0.216437713792,1.42341197879,-0.484224468502,-0.504335806407,0.10612015165,0.707043543139
2018/10/02/14:03:38.214869,52789,1538481818,200828494,/world,vicon/IMUframe/IMUframe,-0.175930018923,0.216427346238,1.42348693023,-0.484469483031,-0.504375229139,0.106067489864,0.706855456112
2018/10/02/14:03:38.225093,52790,1538481818,210787854,/world,vicon/IMUframe/IMUframe,-0.176054181296,0.216423848067,1.42358161165,-0.484751437686,-0.504397204946,0.105984554772,0.706658883376
2018/10/02/14:03:38.235932,52791,1538481818,220850613,/world,vicon/IMUframe/IMUframe,-0.176166698855,0.216431673695,1.42368422377,-0.485081311058,-0.504397171807,0.105902113678,0.706444871914
2018/10/02/14:03:38.245857,52792,1538481818,230844962,/world,vicon/IMUframe/IMUframe,-0.176325055956,0.216433567487,1.42373893613,-0.485375709176,-0.504353643057,0.105853031159,0.706281076818
2018/10/02/14:03:38.256171,52793,1538481818,240861760,/world,vicon/IMUframe/IMUframe,-0.176469559435,0.21642487683,1.42380416217,-0.485668753737,-0.504255509232,0.105833586142,0.706152600432
2018/10/02/14:03:38.266184,52794,1538481818,250867031,/world,vicon/IMUframe/IMUframe,-0.176606527123,0.216424367393,1.42387528143,-0.485943759872,-0.504200527937,0.105771751686,0.706011916624
2018/10/02/14:03:38.275725,52795,1538481818,260825577,/world,vicon/IMUframe/IMUframe,-0.176753456048,0.216431147558,1.42396496957,-0.486250924268,-0.504091889266,0.105723703936,0.705885191976
2018/10/02/14:03:38.285792,52796,1538481818,270863640,/world,vicon/IMUframe/IMUframe,-0.176891681525,0.216414152468,1.42404398702,-0.486590599119,-0.504023890007,0.105729657734,0.70569876479
2018/10/02/14:03:38.295767,52797,1538481818,280765437,/world,vicon/IMUframe/IMUframe,-0.17700948315,0.216407996519,1.42413824349,-0.486928209627,-0.504010157888,0.10574330332,0.705473623333
2018/10/02/14:03:38.305918,52798,1538481818,290875289,/world,vicon/IMUframe/IMUframe,-0.177113082382,0.216397916811,1.42422512968,-0.487259282231,-0.503998076823,0.105777959219,0.705248434086
2018/10/02/14:03:38.316009,52799,1538481818,300879176,/world,vicon/IMUframe/IMUframe,-0.177231737492,0.216389967248,1.42430904697,-0.487593357717,-0.50400754853,0.105740700139,0.705016320995
2018/10/02/14:03:38.325984,52800,1538481818,310860527,/world,vicon/IMUframe/IMUframe,-0.177341827189,0.216371126084,1.42437657634,-0.487939832009,-0.504085099139,0.105587615424,0.704744058957
2018/10/02/14:03:38.336031,52801,1538481818,320869338,/world,vicon/IMUframe/IMUframe,-0.177455435909,0.216364952329,1.42444259287,-0.488243824835,-0.504136434881,0.105468689047,0.704514569166
2018/10/02/14:03:38.345914,52802,1538481818,330826440,/world,vicon/IMUframe/IMUframe,-0.177543473138,0.216344109109,1.4245015112,-0.488551203228,-0.504204568677,0.105329110933,0.704273564135
2018/10/02/14:03:38.355662,52803,1538481818,340826494,/world,vicon/IMUframe/IMUframe,-0.177648762454,0.21633463386,1.42455921624,-0.488812934432,-0.504267650351,0.105215742257,0.704063704165
2018/10/02/14:03:38.365585,52804,1538481818,350712517,/world,vicon/IMUframe/IMUframe,-0.177745981095,0.216291979332,1.4246144393,-0.489082910872,-0.504321780131,0.10503393691,0.703864561174
2018/10/02/14:03:38.375607,52805,1538481818,360851615,/world,vicon/IMUframe/IMUframe,-0.177852527133,0.216257828488,1.42467850882,-0.489264915996,-0.504363493052,0.1049425617,0.703721797016
2018/10/02/14:03:38.385526,52806,1538481818,370838041,/world,vicon/IMUframe/IMUframe,-0.177938573592,0.21619601281,1.42472136671,-0.489429688508,-0.504339124116,0.104895428131,0.703631705546
2018/10/02/14:03:38.395630,52807,1538481818,380839147,/world,vicon/IMUframe/IMUframe,-0.178017901158,0.216128148986,1.42476867355,-0.489525562288,-0.504269060746,0.104896345215,0.703615090089
2018/10/02/14:03:38.405655,52808,1538481818,390824863,/world,vicon/IMUframe/IMUframe,-0.178108596161,0.216069807774,1.42481519175,-0.489505848371,-0.50423213919,0.104948641435,0.703647466335
2018/10/02/14:03:38.415601,52809,1538481818,400856788,/world,vicon/IMUframe/IMUframe,-0.178164631487,0.215995705797,1.42487568186,-0.489460308661,-0.504120701568,0.105019017319,0.703748485254
2018/10/02/14:03:38.425633,52810,1538481818,410825935,/world,vicon/IMUframe/IMUframe,-0.178219600276,0.215966536063,1.42492968521,-0.489376654235,-0.503994008817,0.105114479893,0.703883140502
2018/10/02/14:03:38.435699,52811,1538481818,420844222,/world,vicon/IMUframe/IMUframe,-0.178253930963,0.215903722641,1.42497959215,-0.489230382168,-0.50388542393,0.105193855649,0.704050683863
2018/10/02/14:03:38.445618,52812,1538481818,430826160,/world,vicon/IMUframe/IMUframe,-0.178284171617,0.21585672788,1.42500884966,-0.4890762332,-0.503794169061,0.105243775245,0.704215606978
2018/10/02/14:03:38.455500,52813,1538481818,440831411,/world,vicon/IMUframe/IMUframe,-0.178316154103,0.215796541157,1.42502450876,-0.488898889774,-0.50371144047,0.105231160146,0.704399789361
2018/10/02/14:03:38.465987,52814,1538481818,450962516,/world,vicon/IMUframe/IMUframe,-0.178352829765,0.215748985606,1.42501238538,-0.488644586173,-0.503715915088,0.105172597604,0.704581769566
2018/10/02/14:03:38.475716,52815,1538481818,460924678,/world,vicon/IMUframe/IMUframe,-0.17838698395,0.215660507447,1.42498654364,-0.488411439905,-0.503783405745,0.105004721701,0.704720195458
2018/10/02/14:03:38.485714,52816,1538481818,470934645,/world,vicon/IMUframe/IMUframe,-0.178415309503,0.215570739667,1.42492447692,-0.488140538552,-0.50395456089,0.104770185109,0.704820419321
2018/10/02/14:03:38.496566,52817,1538481818,480998778,/world,vicon/IMUframe/IMUframe,-0.178442212383,0.215464402843,1.4248536496,-0.487853651007,-0.504185947389,0.104526486658,0.704889749707
2018/10/02/14:03:38.506214,52818,1538481818,490918395,/world,vicon/IMUframe/IMUframe,-0.178442454883,0.215380220928,1.42477161356,-0.48755112381,-0.504471287652,0.104261688153,0.704934125993
2018/10/02/14:03:38.516208,52819,1538481818,500992986,/world,vicon/IMUframe/IMUframe,-0.178459646761,0.215264003238,1.42468933036,-0.487274886728,-0.504733942027,0.104052850318,0.704967968684
2018/10/02/14:03:38.526041,52820,1538481818,510880977,/world,vicon/IMUframe/IMUframe,-0.178441554039,0.215174190754,1.42463833236,-0.487027578432,-0.504972296964,0.103893408458,0.704991685642
2018/10/02/14:03:38.535958,52821,1538481818,520964468,/world,vicon/IMUframe/IMUframe,-0.178435407866,0.215105698661,1.42458874252,-0.486858039988,-0.505096165773,0.103819342801,0.705030961222
2018/10/02/14:03:38.546382,52822,1538481818,530860600,/world,vicon/IMUframe/IMUframe,-0.17844713789,0.215028557658,1.42453549433,-0.486693852649,-0.505151915404,0.103772513944,0.705111268885
2018/10/02/14:03:38.556036,52823,1538481818,540916286,/world,vicon/IMUframe/IMUframe,-0.178469179669,0.214942006566,1.42450447009,-0.486551816951,-0.505186946464,0.103721881683,0.705191640481
2018/10/02/14:03:38.566380,52824,1538481818,550959970,/world,vicon/IMUframe/IMUframe,-0.17849031361,0.214872334771,1.42448574724,-0.486456449957,-0.505186619442,0.103679189588,0.705263941712
2018/10/02/14:03:38.576197,52825,1538481818,560844567,/world,vicon/IMUframe/IMUframe,-0.178492250095,0.214802217884,1.42449158209,-0.486422381126,-0.505184499373,0.103639268058,0.705294825481
2018/10/02/14:03:38.586070,52826,1538481818,570940206,/world,vicon/IMUframe/IMUframe,-0.178458432982,0.215157828911,1.42457546887,-0.485874669437,-0.505237460611,0.103096312961,0.70571386854
2018/10/02/14:03:38.596007,52827,1538481818,580955698,/world,vicon/IMUframe/IMUframe,-0.178489802948,0.215120847139,1.42463228688,-0.485914632564,-0.505218635359,0.103089666746,0.7057008013
2018/10/02/14:03:38.606053,52828,1538481818,590939353,/world,vicon/IMUframe/IMUframe,-0.178533466824,0.215105139203,1.42469759223,-0.486017730695,-0.505169160735,0.103061994441,0.705669263745
2018/10/02/14:03:38.615775,52829,1538481818,600960535,/world,vicon/IMUframe/IMUframe,-0.178577724649,0.215094479485,1.4247642118,-0.486125125796,-0.505127338504,0.10305908018,0.705625651432
2018/10/02/14:03:38.626247,52830,1538481818,610903941,/world,vicon/IMUframe/IMUframe,-0.178628824904,0.215077678,1.42483500212,-0.486193080635,-0.505094529826,0.102997324503,0.705611334538
2018/10/02/14:03:38.636422,52831,1538481818,620889848,/world,vicon/IMUframe/IMUframe,-0.178682549371,0.215054090835,1.42492407072,-0.486267734201,-0.505021585164,0.102894211137,0.705627146947
2018/10/02/14:03:38.646454,52832,1538481818,630946826,/world,vicon/IMUframe/IMUframe,-0.178762041917,0.214991445924,1.42498772699,-0.486264765482,-0.50490832432,0.102738622556,0.705732907918
2018/10/02/14:03:38.656184,52833,1538481818,640841846,/world,vicon/IMUframe/IMUframe,-0.178818179505,0.21492079243,1.42503898377,-0.486264199662,-0.504770060844,0.102555792405,0.70585878421
2018/10/02/14:03:38.666459,52834,1538481818,650859855,/world,vicon/IMUframe/IMUframe,-0.178887463152,0.214840539903,1.42511166726,-0.486153037475,-0.504642235852,0.102389334966,0.706050891957
2018/10/02/14:03:38.676069,52835,1538481818,660858817,/world,vicon/IMUframe/IMUframe,-0.178937549217,0.214743942317,1.42518577147,-0.485997492461,-0.504471775418,0.102212124774,0.706305420252
2018/10/02/14:03:38.686219,52836,1538481818,670866278,/world,vicon/IMUframe/IMUframe,-0.178997265535,0.214625508663,1.42527282273,-0.48577261436,-0.50421618797,0.101983170802,0.706675622757
2018/10/02/14:03:38.696278,52837,1538481818,680974123,/world,vicon/IMUframe/IMUframe,-0.179054741524,0.214504411868,1.42537095579,-0.485498063596,-0.503956838766,0.101827041936,0.707071699643
2018/10/02/14:03:38.706127,52838,1538481818,690840496,/world,vicon/IMUframe/IMUframe,-0.179132916178,0.214412775655,1.42551056973,-0.485196097637,-0.503585522348,0.101594384341,0.707576815327
2018/10/02/14:03:38.716554,52839,1538481818,701293831,/world,vicon/IMUframe/IMUframe,-0.17918108453,0.214306600209,1.42566280711,-0.484769372657,-0.503096784541,0.101347322019,0.708252074503
2018/10/02/14:03:38.726190,52840,1538481818,710860158,/world,vicon/IMUframe/IMUframe,-0.179279380305,0.214172450068,1.42581146306,-0.484252747009,-0.502382291025,0.101069161186,0.709151842228
2018/10/02/14:03:38.736422,52841,1538481818,720925406,/world,vicon/IMUframe/IMUframe,-0.179321192673,0.213991122662,1.42601159787,-0.483614374639,-0.501533190615,0.100749410306,0.71023316712
2018/10/02/14:03:38.746209,52842,1538481818,730915095,/world,vicon/IMUframe/IMUframe,-0.179404281008,0.213806223215,1.42624656856,-0.482819768145,-0.500410300711,0.100282670166,0.711630514027
2018/10/02/14:03:38.756272,52843,1538481818,740944810,/world,vicon/IMUframe/IMUframe,-0.17945430848,0.21363914098,1.42651862438,-0.481814956385,-0.499157617383,0.0998243657954,0.713253893649
2018/10/02/14:03:38.766558,52844,1538481818,751166844,/world,vicon/IMUframe/IMUframe,-0.179514126306,0.213482687799,1.42684614453,-0.480600497659,-0.497735788035,0.0993144366838,0.715135574297
2018/10/02/14:03:38.775966,52845,1538481818,760889755,/world,vicon/IMUframe/IMUframe,-0.179495044195,0.213187083908,1.42715391462,-0.478956447777,-0.495980169711,0.0989285547539,0.717507862982
2018/10/02/14:03:38.786422,52846,1538481818,770825437,/world,vicon/IMUframe/IMUframe,-0.17943887764,0.212861557894,1.42750579593,-0.477048952137,-0.493793900017,0.0985078486258,0.720338868402
2018/10/02/14:03:38.796543,52847,1538481818,781006693,/world,vicon/IMUframe/IMUframe,-0.179388267507,0.212528252472,1.42790125946,-0.474930848625,-0.491328531232,0.0981075502296,0.723472094839
2018/10/02/14:03:38.806343,52848,1538481818,790977783,/world,vicon/IMUframe/IMUframe,-0.179341509093,0.212144025584,1.42828620761,-0.472485700655,-0.488539461155,0.0977608379677,0.727000189911
2018/10/02/14:03:38.816504,52849,1538481818,800979980,/world,vicon/IMUframe/IMUframe,-0.179123848648,0.211639915964,1.42876915103,-0.469628142549,-0.485443476932,0.0976823535941,0.730925575025
2018/10/02/14:03:38.826326,52850,1538481818,810878333,/world,vicon/IMUframe/IMUframe,-0.179032377243,0.211293911439,1.4291889636,-0.466620800523,-0.482133262298,0.0973887437178,0.735070050065
2018/10/02/14:03:38.836141,52851,1538481818,820912227,/world,vicon/IMUframe/IMUframe,-0.178801082695,0.210871210514,1.42963389007,-0.463271606076,-0.478735607505,0.0973391315878,0.73940295548
2018/10/02/14:03:38.846356,52852,1538481818,830831743,/world,vicon/IMUframe/IMUframe,-0.178546390138,0.210399478914,1.43012860896,-0.459583516121,-0.475260572182,0.0973175943684,0.743935256636
2018/10/02/14:03:38.856039,52853,1538481818,840874863,/world,vicon/IMUframe/IMUframe,-0.178298821796,0.209921941138,1.43059802213,-0.455694872894,-0.471601625946,0.0971749825103,0.748659543449
2018/10/02/14:03:38.866320,52854,1538481818,850743243,/world,vicon/IMUframe/IMUframe,-0.177995656518,0.209412727274,1.4310889456,-0.451559312399,-0.46794102546,0.0970277274509,0.753465994046
2018/10/02/14:03:38.876023,52855,1538481818,860852915,/world,vicon/IMUframe/IMUframe,-0.177662278382,0.208915702893,1.43160890261,-0.447336655323,-0.464218094464,0.097054122729,0.758269064935
2018/10/02/14:03:38.886392,52856,1538481818,870953498,/world,vicon/IMUframe/IMUframe,-0.177377797079,0.208603175227,1.43210315733,-0.442878658058,-0.460526325458,0.0968657669775,0.763145478257
2018/10/02/14:03:38.896489,52857,1538481818,881078026,/world,vicon/IMUframe/IMUframe,-0.177000595787,0.207993486359,1.4324754101,-0.437918373267,-0.456832459375,0.0974424086949,0.768138385582
2018/10/02/14:03:38.906301,52858,1538481818,890872499,/world,vicon/IMUframe/IMUframe,-0.176630263112,0.207587701295,1.43299985943,-0.43329585783,-0.452909339319,0.0975887592099,0.773048681534
2018/10/02/14:03:38.916492,52859,1538481818,900927965,/world,vicon/IMUframe/IMUframe,-0.176281290048,0.207199907301,1.43352602828,-0.428809208058,-0.44887700622,0.0977259755676,0.77786999561
2018/10/02/14:03:38.926229,52860,1538481818,910906826,/world,vicon/IMUframe/IMUframe,-0.175937237082,0.206809043148,1.43405145805,-0.424324987557,-0.444848009836,0.0978230771458,0.78261689137
2018/10/02/14:03:38.936627,52861,1538481818,920854625,/world,vicon/IMUframe/IMUframe,-0.175547639531,0.206491308517,1.43462900198,-0.420154219036,-0.44048464783,0.0972500194453,0.787391986859
2018/10/02/14:03:38.946419,52862,1538481818,931173498,/world,vicon/IMUframe/IMUframe,-0.175268282541,0.206117453617,1.43515240183,-0.415777872982,-0.436182238398,0.0970746821241,0.792117618372
2018/10/02/14:03:38.955877,52863,1538481818,940827031,/world,vicon/IMUframe/IMUframe,-0.175008141687,0.205753740086,1.43568994458,-0.411425665207,-0.431682778073,0.096927129931,0.796858853629
2018/10/02/14:03:38.966480,52864,1538481818,950981449,/world,vicon/IMUframe/IMUframe,-0.174828438967,0.205342268668,1.43623811879,-0.406840589674,-0.427143217624,0.0969084297827,0.801647155841
2018/10/02/14:03:38.976424,52865,1538481818,960886685,/world,vicon/IMUframe/IMUframe,-0.174278794293,0.205276175581,1.43678454294,-0.402412048544,-0.422494499135,0.0963510134416,0.806399047368
2018/10/02/14:03:38.986314,52866,1538481818,970938358,/world,vicon/IMUframe/IMUframe,-0.173987862832,0.204940518155,1.43731346281,-0.397936565811,-0.417538462541,0.096117134363,0.811214902706
2018/10/02/14:03:38.996831,52867,1538481818,980948687,/world,vicon/IMUframe/IMUframe,-0.173781138374,0.204571203954,1.43783074933,-0.393512067094,-0.412610138004,0.0959602904249,0.815899963065
2018/10/02/14:03:39.006484,52868,1538481818,990830297,/world,vicon/IMUframe/IMUframe,-0.173754813873,0.204135140321,1.43832194852,-0.389190486949,-0.407101492843,0.0957033676463,0.820755752227
2018/10/02/14:03:39.016659,52869,1538481819,920628,/world,vicon/IMUframe/IMUframe,-0.17362293954,0.203770248225,1.43896140536,-0.384798214521,-0.402190838913,0.0951481349674,0.825299761061
2018/10/02/14:03:39.026460,52870,1538481819,10799897,/world,vicon/IMUframe/IMUframe,-0.173327758121,0.203337866123,1.43943452184,-0.379333989418,-0.39695132749,0.0954703156175,0.830313667786
2018/10/02/14:03:39.036570,52871,1538481819,20844520,/world,vicon/IMUframe/IMUframe,-0.172754548911,0.203216806206,1.44008711322,-0.374775138204,-0.391027664154,0.0963459787662,0.835079884817
2018/10/02/14:03:39.046685,52872,1538481819,30954541,/world,vicon/IMUframe/IMUframe,-0.172690819712,0.202878432905,1.44031477006,-0.368701513615,-0.385490705906,0.0956934277805,0.840415895494
2018/10/02/14:03:39.056493,52873,1538481819,40824816,/world,vicon/IMUframe/IMUframe,-0.172497526449,0.202645881213,1.44075652025,-0.363080271228,-0.379626422904,0.0952398620062,0.845568367646
2018/10/02/14:03:39.066405,52874,1538481819,50881910,/world,vicon/IMUframe/IMUframe,-0.172384986385,0.202388027766,1.44127141904,-0.357541241258,-0.373555190447,0.0946602632137,0.850682205679
2018/10/02/14:03:39.076426,52875,1538481819,60878956,/world,vicon/IMUframe/IMUframe,-0.172051243983,0.20217584426,1.44169220187,-0.351563459712,-0.367284107893,0.09399652135,0.85596154812
2018/10/02/14:03:39.086157,52876,1538481819,70851832,/world,vicon/IMUframe/IMUframe,-0.171678236063,0.201600939678,1.44220228662,-0.345425941367,-0.360818246532,0.0935641499176,0.861241465473
2018/10/02/14:03:39.096517,52877,1538481819,80971428,/world,vicon/IMUframe/IMUframe,-0.171677227854,0.201304932975,1.44334990734,-0.337535809053,-0.355254696324,0.0933215016684,0.866691857394
2018/10/02/14:03:39.106428,52878,1538481819,90899400,/world,vicon/IMUframe/IMUframe,-0.17139680273,0.20120713611,1.44355283937,-0.33118514712,-0.348345218736,0.092378339688,0.872031105676
2018/10/02/14:03:39.118291,52879,1538481819,102819933,/world,vicon/IMUframe/IMUframe,-0.171200629515,0.200796790966,1.4441617713,-0.324129027208,-0.341784386489,0.0916010087473,0.877344323552
2018/10/02/14:03:39.126284,52880,1538481819,110841350,/world,vicon/IMUframe/IMUframe,-0.170697313542,0.200541459771,1.44469352715,-0.317040713911,-0.334091777646,0.090296319058,0.883014407922
2018/10/02/14:03:39.136272,52881,1538481819,120858246,/world,vicon/IMUframe/IMUframe,-0.170547215444,0.200410694028,1.44522084117,-0.309573018117,-0.327098698091,0.089792950225,0.888317631397
2018/10/02/14:03:39.146720,52882,1538481819,131028430,/world,vicon/IMUframe/IMUframe,-0.170121209854,0.200146862649,1.44568564633,-0.302059942615,-0.319629199427,0.0889986830685,0.893686858107
2018/10/02/14:03:39.156484,52883,1538481819,140881547,/world,vicon/IMUframe/IMUframe,-0.169643277692,0.199849376035,1.44614723288,-0.29446979127,-0.311912477981,0.088150231844,0.899014841221
2018/10/02/14:03:39.166625,52884,1538481819,150888205,/world,vicon/IMUframe/IMUframe,-0.169187296804,0.199576561157,1.44658890543,-0.286706144413,-0.303922462585,0.0873273391148,0.904325527305
2018/10/02/14:03:39.176492,52885,1538481819,160843784,/world,vicon/IMUframe/IMUframe,-0.168682259015,0.19927904607,1.44704968994,-0.278805175782,-0.295760868375,0.0865590219306,0.909560728274
2018/10/02/14:03:39.186657,52886,1538481819,170877687,/world,vicon/IMUframe/IMUframe,-0.167921247355,0.199951635676,1.44766760339,-0.273470896219,-0.2869964938,0.0866095091636,0.913972359752
2018/10/02/14:03:39.196836,52887,1538481819,181060130,/world,vicon/IMUframe/IMUframe,-0.16747920099,0.199484885177,1.44811572572,-0.265945102387,-0.278647104545,0.0849047659135,0.918923377856
2018/10/02/14:03:39.206690,52888,1538481819,190887129,/world,vicon/IMUframe/IMUframe,-0.167234688765,0.199022521534,1.44807634929,-0.255938853872,-0.269960731922,0.0826803102223,0.924543386002
2018/10/02/14:03:39.216859,52889,1538481819,200919740,/world,vicon/IMUframe/IMUframe,-0.166838199447,0.198944885505,1.44850039126,-0.248231113747,-0.261505572099,0.0812817001817,0.929187513446
2018/10/02/14:03:39.226684,52890,1538481819,210866126,/world,vicon/IMUframe/IMUframe,-0.166488880434,0.198819867953,1.44898773459,-0.240474098009,-0.253132817664,0.0796447557401,0.933676977167
2018/10/02/14:03:39.236448,52891,1538481819,220862130,/world,vicon/IMUframe/IMUframe,-0.166014357222,0.19876597898,1.44961273991,-0.23335149436,-0.244946804156,0.0787561802402,0.93773429461
2018/10/02/14:03:39.246318,52892,1538481819,230839762,/world,vicon/IMUframe/IMUframe,-0.165526899703,0.198515726783,1.44987524619,-0.226412855221,-0.236379318671,0.0769572066337,0.941774720962
2018/10/02/14:03:39.256541,52893,1538481819,240804095,/world,vicon/IMUframe/IMUframe,-0.165188302709,0.198312984769,1.45032386322,-0.219154339368,-0.228461857395,0.0755031130188,0.945555833981
2018/10/02/14:03:39.266408,52894,1538481819,250782394,/world,vicon/IMUframe/IMUframe,-0.164634765517,0.198091540913,1.45053152567,-0.212394382485,-0.220159597361,0.0741072878569,0.949171474426
2018/10/02/14:03:39.276856,52895,1538481819,260805808,/world,vicon/IMUframe/IMUframe,-0.164170941978,0.197939402968,1.45083845098,-0.205517114297,-0.212445741359,0.0729290683754,0.952528673424
2018/10/02/14:03:39.286818,52896,1538481819,270822001,/world,vicon/IMUframe/IMUframe,-0.163680304178,0.197740974914,1.45103233142,-0.198754725227,-0.205041496487,0.0718057629315,0.95566650895
2018/10/02/14:03:39.296643,52897,1538481819,280788009,/world,vicon/IMUframe/IMUframe,-0.163270658146,0.197606441048,1.45096075144,-0.191515910966,-0.197464223958,0.0703400194528,0.958844000746
2018/10/02/14:03:39.306453,52898,1538481819,290784000,/world,vicon/IMUframe/IMUframe,-0.162702095893,0.19738543733,1.45117805284,-0.185005151792,-0.190170619806,0.0696926115342,0.961639833342
2018/10/02/14:03:39.316612,52899,1538481819,300817778,/world,vicon/IMUframe/IMUframe,-0.162145744512,0.197122238772,1.45142700168,-0.178603615069,-0.183057359022,0.0693732898284,0.964250018745
2018/10/02/14:03:39.326595,52900,1538481819,310770090,/world,vicon/IMUframe/IMUframe,-0.161582900569,0.196831907644,1.45151287685,-0.172305869971,-0.175853286425,0.0691519621552,0.966749354775
2018/10/02/14:03:39.336328,52901,1538481819,320778564,/world,vicon/IMUframe/IMUframe,-0.161125914729,0.196575611851,1.45149899772,-0.165977116781,-0.168931277792,0.0685598006155,0.969130215104
2018/10/02/14:03:39.346646,52902,1538481819,330813016,/world,vicon/IMUframe/IMUframe,-0.160484068251,0.196220022816,1.45165808615,-0.161090440427,-0.161653251201,0.0688446116723,0.971173782504
2018/10/02/14:03:39.356485,52903,1538481819,340791421,/world,vicon/IMUframe/IMUframe,-0.160144213417,0.19602104896,1.45168325089,-0.155225219223,-0.15492046573,0.0687027951578,0.973234147856
2018/10/02/14:03:39.366755,52904,1538481819,350887867,/world,vicon/IMUframe/IMUframe,-0.159624671916,0.195714600387,1.45162654841,-0.149678297884,-0.148978074573,0.068763454365,0.975024885725
2018/10/02/14:03:39.377109,52905,1538481819,360864256,/world,vicon/IMUframe/IMUframe,-0.15942115546,0.195308043431,1.45123822356,-0.142744516652,-0.14343871032,0.0681659867829,0.976935380459
2018/10/02/14:03:39.386667,52906,1538481819,370827854,/world,vicon/IMUframe/IMUframe,-0.158895779661,0.194882217134,1.45108684173,-0.137491798562,-0.138186696553,0.0680808273034,0.978450531799
2018/10/02/14:03:39.396809,52907,1538481819,380968208,/world,vicon/IMUframe/IMUframe,-0.15849279483,0.194540087514,1.45085855059,-0.132249299942,-0.133011981106,0.0681820023543,0.979882212361
2018/10/02/14:03:39.406839,52908,1538481819,390814424,/world,vicon/IMUframe/IMUframe,-0.157947902361,0.194145578501,1.45057102327,-0.126987018809,-0.127233577585,0.0680915144777,0.981350834027
2018/10/02/14:03:39.417359,52909,1538481819,401609154,/world,vicon/IMUframe/IMUframe,-0.157460768804,0.193784151832,1.45025226695,-0.121748768454,-0.121599388892,0.0682194872783,0.982719149888
2018/10/02/14:03:39.426478,52910,1538481819,410863601,/world,vicon/IMUframe/IMUframe,-0.157171463111,0.193590880487,1.44985737422,-0.116596659295,-0.116010253692,0.0682451193244,0.984016993638
2018/10/02/14:03:39.436506,52911,1538481819,420912184,/world,vicon/IMUframe/IMUframe,-0.156866621451,0.193399310457,1.44961060457,-0.111084414247,-0.110772179923,0.0685309376518,0.985237680791
2018/10/02/14:03:39.446882,52912,1538481819,430909713,/world,vicon/IMUframe/IMUframe,-0.156583750982,0.193264597836,1.44924345293,-0.106130503214,-0.105189746684,0.0683687485255,0.986406177852
2018/10/02/14:03:39.456507,52913,1538481819,440872051,/world,vicon/IMUframe/IMUframe,-0.15627154658,0.193098967014,1.44901310445,-0.101115556645,-0.0999856605772,0.0682031786432,0.987485107891
2018/10/02/14:03:39.466508,52914,1538481819,450854418,/world,vicon/IMUframe/IMUframe,-0.155886206143,0.192945387111,1.44871366822,-0.0963150037715,-0.095119012721,0.0678073626793,0.988472536307
2018/10/02/14:03:39.476485,52915,1538481819,460879786,/world,vicon/IMUframe/IMUframe,-0.155654064223,0.192710725695,1.44840906184,-0.0916203889068,-0.0905268120578,0.0675330887786,0.989368426096
2018/10/02/14:03:39.486572,52916,1538481819,470884848,/world,vicon/IMUframe/IMUframe,-0.155292623408,0.192421059418,1.44797248921,-0.0869776667191,-0.0863218494976,0.0673077060898,0.990178315503
2018/10/02/14:03:39.497181,52917,1538481819,481052325,/world,vicon/IMUframe/IMUframe,-0.155103516105,0.192253739298,1.44749502369,-0.0822650263142,-0.0821021275657,0.067166530933,0.990949223329
2018/10/02/14:03:39.506814,52918,1538481819,490840588,/world,vicon/IMUframe/IMUframe,-0.154828628544,0.191982063813,1.44703667775,-0.0775242597457,-0.0781128759913,0.067005567171,0.991664571175
2018/10/02/14:03:39.516706,52919,1538481819,500889637,/world,vicon/IMUframe/IMUframe,-0.154557389848,0.191710723102,1.44652455973,-0.0728147980855,-0.074262906461,0.0670021338363,0.992317358492
2018/10/02/14:03:39.526464,52920,1538481819,510820744,/world,vicon/IMUframe/IMUframe,-0.154281156822,0.19143027742,1.4460072521,-0.0680729046694,-0.0704694381263,0.0671037385218,0.992923575214
2018/10/02/14:03:39.536503,52921,1538481819,520809323,/world,vicon/IMUframe/IMUframe,-0.154025275759,0.19121688746,1.44547473108,-0.0635500080938,-0.0669851905287,0.0671819511718,0.993459091336
2018/10/02/14:03:39.546685,52922,1538481819,530894521,/world,vicon/IMUframe/IMUframe,-0.153731711014,0.190994875855,1.44494685793,-0.0591820582102,-0.0636860890853,0.0675209608965,0.993922776619
2018/10/02/14:03:39.556656,52923,1538481819,540835074,/world,vicon/IMUframe/IMUframe,-0.153363010329,0.190655147366,1.44454236066,-0.0554231423384,-0.0608496082815,0.0680472785981,0.994281232017
2018/10/02/14:03:39.566561,52924,1538481819,550892411,/world,vicon/IMUframe/IMUframe,-0.153037879659,0.190412400768,1.44404475802,-0.0520055004526,-0.0584692290725,0.0685433804723,0.994574573457
2018/10/02/14:03:39.576554,52925,1538481819,560835310,/world,vicon/IMUframe/IMUframe,-0.152709847176,0.190120653386,1.44358127437,-0.0491935692769,-0.056413754544,0.0688826653824,0.9948128766
2018/10/02/14:03:39.586567,52926,1538481819,570818019,/world,vicon/IMUframe/IMUframe,-0.15242124275,0.189818666396,1.4430409886,-0.0464842661117,-0.0546002222902,0.0691524776193,0.995025609504
2018/10/02/14:03:39.596602,52927,1538481819,580904968,/world,vicon/IMUframe/IMUframe,-0.152085462496,0.189457861736,1.44256000089,-0.044485925593,-0.0530603782684,0.069389955058,0.995183718124
2018/10/02/14:03:39.606486,52928,1538481819,590854218,/world,vicon/IMUframe/IMUframe,-0.15174066734,0.189043217739,1.44208419261,-0.0426000035257,-0.0516234661783,0.06990490448,0.995305762954
2018/10/02/14:03:39.616562,52929,1538481819,600864307,/world,vicon/IMUframe/IMUframe,-0.151436495309,0.188655838332,1.4416190272,-0.0408581588273,-0.0504631972595,0.0704786330344,0.995397829446
2018/10/02/14:03:39.626539,52930,1538481819,610871258,/world,vicon/IMUframe/IMUframe,-0.151098557164,0.188246361624,1.44111510075,-0.0390572863633,-0.0494216918912,0.0713967104153,0.995456947585
2018/10/02/14:03:39.636368,52931,1538481819,620754171,/world,vicon/IMUframe/IMUframe,-0.150844017185,0.187919713527,1.44064023124,-0.0373995687605,-0.0485714197713,0.072136616718,0.995509114959
2018/10/02/14:03:39.646353,52932,1538481819,630783296,/world,vicon/IMUframe/IMUframe,-0.15054205162,0.187546097646,1.44018636292,-0.0358271470974,-0.047913011205,0.0731687668051,0.995523525816
2018/10/02/14:03:39.656435,52933,1538481819,640775046,/world,vicon/IMUframe/IMUframe,-0.150288565959,0.187237420837,1.43975249243,-0.0345645076332,-0.047511911851,0.074158771976,0.995514133292
2018/10/02/14:03:39.666738,52934,1538481819,650782379,/world,vicon/IMUframe/IMUframe,-0.150017197618,0.186917447639,1.4393530539,-0.0335553102263,-0.0473517526152,0.0751806380845,0.995479645366
2018/10/02/14:03:39.676661,52935,1538481819,660838038,/world,vicon/IMUframe/IMUframe,-0.149825506524,0.186632410466,1.43895883025,-0.0329153308412,-0.0473676007606,0.075813197011,0.995452284418
2018/10/02/14:03:39.686760,52936,1538481819,670804164,/world,vicon/IMUframe/IMUframe,-0.149636408864,0.186339625309,1.43862745991,-0.0326819333013,-0.0474059724982,0.0763808794995,0.995414750872
2018/10/02/14:03:39.696683,52937,1538481819,680817587,/world,vicon/IMUframe/IMUframe,-0.149438947243,0.186046442123,1.43834545369,-0.0325639488826,-0.0473739369025,0.0769644165865,0.995375194545
2018/10/02/14:03:39.706643,52938,1538481819,690792065,/world,vicon/IMUframe/IMUframe,-0.149310389169,0.185795270525,1.438092372,-0.032605679775,-0.0471343937035,0.0775089600478,0.995342945767
2018/10/02/14:03:39.716786,52939,1538481819,700856791,/world,vicon/IMUframe/IMUframe,-0.149237328366,0.185559783538,1.43787988411,-0.0327638765497,-0.0467838509405,0.0779805241755,0.995317455656
2018/10/02/14:03:39.726400,52940,1538481819,710811165,/world,vicon/IMUframe/IMUframe,-0.149154760446,0.185332860039,1.43771354894,-0.032883521898,-0.0464183824112,0.0784923243826,0.99529039118
2018/10/02/14:03:39.736433,52941,1538481819,720842778,/world,vicon/IMUframe/IMUframe,-0.149066270899,0.185101703516,1.43755409429,-0.0330747174059,-0.0460557819123,0.0789896565445,0.995261554658
2018/10/02/14:03:39.746654,52942,1538481819,730993661,/world,vicon/IMUframe/IMUframe,-0.149033428728,0.18492351305,1.43743169319,-0.0333290776231,-0.0457880257309,0.0793244510396,0.995238795843
2018/10/02/14:03:39.756583,52943,1538481819,740870162,/world,vicon/IMUframe/IMUframe,-0.14900464184,0.184763533302,1.43731828722,-0.0336027106661,-0.0455958945358,0.0796368347439,0.99521346795
2018/10/02/14:03:39.766701,52944,1538481819,750940958,/world,vicon/IMUframe/IMUframe,-0.148986693585,0.184595806046,1.43722189184,-0.0339392771399,-0.04552233723,0.0798240180124,0.995190418176
2018/10/02/14:03:39.776734,52945,1538481819,760852351,/world,vicon/IMUframe/IMUframe,-0.148960041872,0.184442093505,1.43715543029,-0.0343952413617,-0.0455113278971,0.079872745279,0.995171357589
2018/10/02/14:03:39.786901,52946,1538481819,770878948,/world,vicon/IMUframe/IMUframe,-0.148950907012,0.184316049099,1.4370828366,-0.0348069566948,-0.0455158723977,0.0798780971611,0.995156405154
2018/10/02/14:03:39.796779,52947,1538481819,780916251,/world,vicon/IMUframe/IMUframe,-0.148939983021,0.184198174966,1.4370329104,-0.0352205016066,-0.0454427414577,0.0799310976926,0.995140941343
2018/10/02/14:03:39.806585,52948,1538481819,790845591,/world,vicon/IMUframe/IMUframe,-0.148924841844,0.184065327827,1.43700103506,-0.0355779552818,-0.0454372111867,0.0800889748036,0.995115784747
2018/10/02/14:03:39.816815,52949,1538481819,800880591,/world,vicon/IMUframe/IMUframe,-0.148868897489,0.183908542099,1.43696121226,-0.0358493878323,-0.045475476873,0.0804158519722,0.995077933203
2018/10/02/14:03:39.826858,52950,1538481819,810858405,/world,vicon/IMUframe/IMUframe,-0.148842855107,0.183779906033,1.43692309796,-0.0361554502701,-0.0455226197357,0.0805345873351,0.995055101364
2018/10/02/14:03:39.836701,52951,1538481819,820877747,/world,vicon/IMUframe/IMUframe,-0.148833073928,0.18364462305,1.43688155693,-0.0363549269987,-0.0455505549357,0.0807427075735,0.995029688704
2018/10/02/14:03:39.847068,52952,1538481819,831027321,/world,vicon/IMUframe/IMUframe,-0.148815779079,0.183490744794,1.43685857158,-0.0365427055065,-0.0454596102544,0.0808797589489,0.995015838619
2018/10/02/14:03:39.856516,52953,1538481819,840800705,/world,vicon/IMUframe/IMUframe,-0.148783221803,0.183296060022,1.43682258222,-0.036618953619,-0.045214621938,0.081139059297,0.995003087058
2018/10/02/14:03:39.866789,52954,1538481819,850845215,/world,vicon/IMUframe/IMUframe,-0.14885593926,0.183209881067,1.43680787017,-0.0366674834983,-0.0448199591113,0.0808790759844,0.99504032179
2018/10/02/14:03:39.876434,52955,1538481819,860876929,/world,vicon/IMUframe/IMUframe,-0.148865889201,0.183045164699,1.43676058602,-0.0365401692973,-0.0443863379949,0.0808051432549,0.995070448687
2018/10/02/14:03:39.886452,52956,1538481819,870862913,/world,vicon/IMUframe/IMUframe,-0.148968624275,0.18294552594,1.43673531737,-0.0364188192495,-0.0438816475795,0.0803240537303,0.995136230374
2018/10/02/14:03:39.896843,52957,1538481819,881290359,/world,vicon/IMUframe/IMUframe,-0.149040005721,0.182824219016,1.4367049837,-0.0361275657486,-0.0432856480778,0.0798850434469,0.995208285485
2018/10/02/14:03:39.906411,52958,1538481819,890874870,/world,vicon/IMUframe/IMUframe,-0.149112293124,0.182703982237,1.43664958592,-0.035705276742,-0.042715035339,0.0793962743433,0.995287290479
2018/10/02/14:03:39.916687,52959,1538481819,900918026,/world,vicon/IMUframe/IMUframe,-0.149196153363,0.182590760779,1.43658993084,-0.0352054496982,-0.0422147440331,0.0786617267505,0.99538476201
2018/10/02/14:03:39.927223,52960,1538481819,910842439,/world,vicon/IMUframe/IMUframe,-0.149294190861,0.182494457015,1.43650200954,-0.0345113035538,-0.0416996088508,0.0778218811686,0.995496794249
2018/10/02/14:03:39.936818,52961,1538481819,920854422,/world,vicon/IMUframe/IMUframe,-0.149305373511,0.18232907198,1.4364124404,-0.0336053688453,-0.0412235361175,0.0773667896876,0.995583084985
2018/10/02/14:03:39.946924,52962,1538481819,930970515,/world,vicon/IMUframe/IMUframe,-0.149339214967,0.182138518066,1.43632948231,-0.0326555196445,-0.040756034114,0.0768970348516,0.99567033136
2018/10/02/14:03:39.956713,52963,1538481819,940817445,/world,vicon/IMUframe/IMUframe,-0.149387438923,0.181981591217,1.43620116531,-0.0315244057942,-0.0403598869715,0.0763695037948,0.99576352125
2018/10/02/14:03:39.966559,52964,1538481819,950916174,/world,vicon/IMUframe/IMUframe,-0.149402932375,0.181779284935,1.43607511966,-0.030328211236,-0.0401017253044,0.0760117216757,0.995838475557
2018/10/02/14:03:39.976548,52965,1538481819,960877278,/world,vicon/IMUframe/IMUframe,-0.149444582134,0.181604295092,1.43595478602,-0.0290926540003,-0.0398074180052,0.0755577967894,0.995921686831
2018/10/02/14:03:39.986526,52966,1538481819,970885384,/world,vicon/IMUframe/IMUframe,-0.149452639215,0.181411272964,1.43584841438,-0.027874501012,-0.0394518407361,0.0750930918003,0.99600581927
2018/10/02/14:03:39.997008,52967,1538481819,980993652,/world,vicon/IMUframe/IMUframe,-0.14936780295,0.181158884825,1.4358767028,-0.0262639930858,-0.0387562732218,0.0744087493504,0.996128250766
2018/10/02/14:03:40.006583,52968,1538481819,990822326,/world,vicon/IMUframe/IMUframe,-0.149342167293,0.180979708314,1.43585900696,-0.0249057694125,-0.0381148970037,0.0739979328898,0.996218481662
2018/10/02/14:03:40.016707,52969,1538481820,983451,/world,vicon/IMUframe/IMUframe,-0.149331874362,0.180824360291,1.43586283953,-0.0236360721286,-0.0373287498074,0.0735512116132,0.996312260189
2018/10/02/14:03:40.026543,52970,1538481820,10819496,/world,vicon/IMUframe/IMUframe,-0.149296325985,0.18064555872,1.43590750525,-0.02250525657,-0.0363966535795,0.0731470253704,0.996402684518
2018/10/02/14:03:40.036391,52971,1538481820,20790177,/world,vicon/IMUframe/IMUframe,-0.149267817481,0.180500049369,1.43599168685,-0.0214441989836,-0.0351798432021,0.0728525359415,0.996491361211
2018/10/02/14:03:40.046376,52972,1538481820,30760472,/world,vicon/IMUframe/IMUframe,-0.149223320199,0.180359867642,1.43607440116,-0.0205790806383,-0.0339289437318,0.0725976801901,0.996571575477
2018/10/02/14:03:40.056434,52973,1538481820,40812219,/world,vicon/IMUframe/IMUframe,-0.149123678645,0.18017218825,1.43622505732,-0.019623781768,-0.0322228726342,0.0722110697032,0.996675551562
2018/10/02/14:03:40.066297,52974,1538481820,50796288,/world,vicon/IMUframe/IMUframe,-0.14906151925,0.1800423291,1.43634153983,-0.0189108373579,-0.0306356777077,0.0720924262858,0.99674797093
2018/10/02/14:03:40.076370,52975,1538481820,60786784,/world,vicon/IMUframe/IMUframe,-0.149025373445,0.179919446264,1.43649729147,-0.018388658851,-0.0289644744855,0.0720091180559,0.996813725508
2018/10/02/14:03:40.086313,52976,1538481820,70803332,/world,vicon/IMUframe/IMUframe,-0.14891625555,0.17980891038,1.43665236674,-0.017894310793,-0.0272596325093,0.0719604456887,0.996874315214
2018/10/02/14:03:40.096431,52977,1538481820,80809374,/world,vicon/IMUframe/IMUframe,-0.148787422374,0.179664288643,1.43677791144,-0.0173853599673,-0.0255239152787,0.0721649110409,0.996914492132
2018/10/02/14:03:40.106577,52978,1538481820,90802212,/world,vicon/IMUframe/IMUframe,-0.148652539477,0.17952330489,1.4369224091,-0.0169042747257,-0.0237713722357,0.0722852012402,0.996957379751
2018/10/02/14:03:40.116655,52979,1538481820,100788081,/world,vicon/IMUframe/IMUframe,-0.148482984456,0.179393449812,1.4370548081,-0.0163462496401,-0.0220651861094,0.0723482344332,0.997001334332
2018/10/02/14:03:40.126683,52980,1538481820,110776328,/world,vicon/IMUframe/IMUframe,-0.148289000897,0.17923794755,1.43716718361,-0.0157451787047,-0.0203934894855,0.0724041165949,0.99704254615
2018/10/02/14:03:40.136606,52981,1538481820,120775192,/world,vicon/IMUframe/IMUframe,-0.14807218342,0.179095740552,1.43726617268,-0.0149640674284,-0.0188071202797,0.0723754319602,0.99708784255
2018/10/02/14:03:40.146462,52982,1538481820,130796766,/world,vicon/IMUframe/IMUframe,-0.147870053361,0.178975658874,1.43729870224,-0.013866925462,-0.0173448159334,0.0723776470479,0.997130052674
2018/10/02/14:03:40.156289,52983,1538481820,140760877,/world,vicon/IMUframe/IMUframe,-0.147679934533,0.178908234233,1.43733998297,-0.0126052959632,-0.016005723232,0.0722031333183,0.997181844438
2018/10/02/14:03:40.166238,52984,1538481820,150752398,/world,vicon/IMUframe/IMUframe,-0.147520812721,0.178880060514,1.43734561409,-0.0111914980845,-0.0148350092213,0.0719093162386,0.997238047364
2018/10/02/14:03:40.176443,52985,1538481820,160776185,/world,vicon/IMUframe/IMUframe,-0.147360960969,0.178834378272,1.43731285667,-0.00982486456814,-0.0138035296594,0.0716150298517,0.997288434759
2018/10/02/14:03:40.186734,52986,1538481820,170862747,/world,vicon/IMUframe/IMUframe,-0.147235988381,0.178855489842,1.43729443234,-0.00836342952556,-0.0127970196915,0.0711050767724,0.997351671874
2018/10/02/14:03:40.196712,52987,1538481820,180777851,/world,vicon/IMUframe/IMUframe,-0.147150775862,0.17886488964,1.43727076246,-0.00711286729268,-0.0119347541809,0.0704994283758,0.997415058719
2018/10/02/14:03:40.206629,52988,1538481820,190782608,/world,vicon/IMUframe/IMUframe,-0.147075567825,0.178910236553,1.43723541936,-0.00581996122853,-0.0109884434053,0.069819123583,0.997482166329
2018/10/02/14:03:40.216844,52989,1538481820,200782903,/world,vicon/IMUframe/IMUframe,-0.147041229283,0.178935781887,1.4372144312,-0.00475090665674,-0.00993478148929,0.0691474074911,0.997545670654
2018/10/02/14:03:40.226435,52990,1538481820,210760046,/world,vicon/IMUframe/IMUframe,-0.146949592479,0.178944352254,1.43717665583,-0.00371241866112,-0.00893177787152,0.0687111575014,0.997589704301
2018/10/02/14:03:40.236617,52991,1538481820,220798152,/world,vicon/IMUframe/IMUframe,-0.146880869767,0.178954711745,1.4371555137,-0.00274154848385,-0.0078123716942,0.0683075595813,0.997629955477
2018/10/02/14:03:40.246347,52992,1538481820,230806618,/world,vicon/IMUframe/IMUframe,-0.146771685785,0.178931963436,1.43712463239,-0.00177247052167,-0.00671632123159,0.0680304673711,0.997659062449
2018/10/02/14:03:40.256475,52993,1538481820,240779367,/world,vicon/IMUframe/IMUframe,-0.146659605259,0.178951294966,1.43707636831,-0.000907920011338,-0.00568131911362,0.0677869471123,0.997683230337
2018/10/02/14:03:40.266426,52994,1538481820,250777046,/world,vicon/IMUframe/IMUframe,-0.146564200452,0.178948083987,1.43697500341,4.4843016875e-05,-0.00474056976319,0.067689548554,0.997695168879
2018/10/02/14:03:40.276512,52995,1538481820,260777549,/world,vicon/IMUframe/IMUframe,-0.146435085625,0.178905963839,1.43687545583,0.000950191492123,-0.00393805079809,0.0677553545097,0.997693740998
2018/10/02/14:03:40.286462,52996,1538481820,270796753,/world,vicon/IMUframe/IMUframe,-0.146291629978,0.178897385551,1.43672461953,0.00193699152319,-0.00340925786389,0.0678622593647,0.997686994392
2018/10/02/14:03:40.296422,52997,1538481820,280788446,/world,vicon/IMUframe/IMUframe,-0.146109690138,0.178827795353,1.43654961589,0.00299796270495,-0.00300801574924,0.0682838925761,0.99765689196
2018/10/02/14:03:40.306090,52998,1538481820,290761836,/world,vicon/IMUframe/IMUframe,-0.14593426223,0.178772600749,1.43638058179,0.00388604458822,-0.00275037008282,0.0686546176511,0.997629128282
2018/10/02/14:03:40.316180,52999,1538481820,300757526,/world,vicon/IMUframe/IMUframe,-0.145743202316,0.178696675934,1.43618850207,0.00491689035086,-0.00250336665363,0.0692104485745,0.997586823867
2018/10/02/14:03:40.326351,53000,1538481820,310881118,/world,vicon/IMUframe/IMUframe,-0.145569810581,0.178637431899,1.43603822706,0.00576277118167,-0.00229989839872,0.0697079632347,0.997548144601
2018/10/02/14:03:40.336451,53001,1538481820,320821806,/world,vicon/IMUframe/IMUframe,-0.145386376442,0.178577198728,1.43588020713,0.0066404586259,-0.00215017415879,0.0703417062088,0.997498534048
2018/10/02/14:03:40.346411,53002,1538481820,330778599,/world,vicon/IMUframe/IMUframe,-0.145226207466,0.178550759429,1.43572884582,0.00742691757585,-0.00200775167417,0.0709099621247,0.997453050073
2018/10/02/14:03:40.356581,53003,1538481820,340785550,/world,vicon/IMUframe/IMUframe,-0.145012579814,0.178302521652,1.43568707291,0.00913601942957,-0.0025303977414,0.0712196077103,0.997415609319
2018/10/02/14:03:40.366380,53004,1538481820,350783062,/world,vicon/IMUframe/IMUframe,-0.144864791029,0.178280334014,1.4355900974,0.00969262224071,-0.00254435868174,0.0717058273913,0.99737548277
2018/10/02/14:03:40.376539,53005,1538481820,360808378,/world,vicon/IMUframe/IMUframe,-0.144758138113,0.178267256877,1.43549010578,0.0102438789472,-0.00256841083023,0.0721294580472,0.997339364255
2018/10/02/14:03:40.386483,53006,1538481820,370765817,/world,vicon/IMUframe/IMUframe,-0.144658789041,0.178238141483,1.43540293985,0.0107713324405,-0.00270379032976,0.0725637923428,0.99730194222
2018/10/02/14:03:40.396258,53007,1538481820,380787881,/world,vicon/IMUframe/IMUframe,-0.144516381782,0.178183922669,1.43531898034,0.0114036722797,-0.00305823374657,0.0731776149042,0.99724903617
2018/10/02/14:03:40.406198,53008,1538481820,390792670,/world,vicon/IMUframe/IMUframe,-0.144397308327,0.178125285089,1.43522387657,0.0120995140989,-0.00368265374489,0.07384722651,0.99718936364
2018/10/02/14:03:40.416243,53009,1538481820,400794643,/world,vicon/IMUframe/IMUframe,-0.144316598414,0.178096063653,1.43514082474,0.0128030818454,-0.0044370112273,0.0744325126278,0.99713399054
2018/10/02/14:03:40.426196,53010,1538481820,410854508,/world,vicon/IMUframe/IMUframe,-0.144227991588,0.17803930149,1.43503197695,0.0135208890501,-0.00545526121035,0.0751288026525,0.997067243819
2018/10/02/14:03:40.436048,53011,1538481820,420771014,/world,vicon/IMUframe/IMUframe,-0.144140022131,0.177970182434,1.43493715397,0.0143565249693,-0.00685476065359,0.0757041129557,0.997003405074
2018/10/02/14:03:40.446761,53012,1538481820,430882642,/world,vicon/IMUframe/IMUframe,-0.144036089708,0.177878213441,1.43482824925,0.0153895857883,-0.00851717695762,0.0763643095304,0.996924826943
2018/10/02/14:03:40.456703,53013,1538481820,440894788,/world,vicon/IMUframe/IMUframe,-0.143907734251,0.177777077984,1.43465987156,0.0165515367142,-0.0106540246937,0.0771596904369,0.996824418121
2018/10/02/14:03:40.466703,53014,1538481820,450808154,/world,vicon/IMUframe/IMUframe,-0.14383312871,0.177699958507,1.43452496837,0.0177748566041,-0.0131799581918,0.0778291807289,0.996721105326
2018/10/02/14:03:40.476361,53015,1538481820,460808165,/world,vicon/IMUframe/IMUframe,-0.143728825262,0.177572593234,1.4343673589,0.0192450676343,-0.0161546651992,0.0785108795167,0.996596556266
2018/10/02/14:03:40.486422,53016,1538481820,470783434,/world,vicon/IMUframe/IMUframe,-0.143619311283,0.177429294317,1.4341755794,0.0206495335127,-0.0194355281211,0.0792006639289,0.996455273379
2018/10/02/14:03:40.496521,53017,1538481820,480782281,/world,vicon/IMUframe/IMUframe,-0.14356627866,0.177361681882,1.43404430035,0.0218961938961,-0.0229560089123,0.079911640416,0.996296997925
2018/10/02/14:03:40.506264,53018,1538481820,490756289,/world,vicon/IMUframe/IMUframe,-0.143538783034,0.177231567059,1.43379713143,0.0231506700919,-0.0265354093829,0.0804908295446,0.996133095968
2018/10/02/14:03:40.516268,53019,1538481820,500778749,/world,vicon/IMUframe/IMUframe,-0.143493615863,0.177008411252,1.43355836316,0.0245725202462,-0.0304376235234,0.0813072934554,0.995921114524
2018/10/02/14:03:40.526374,53020,1538481820,510809222,/world,vicon/IMUframe/IMUframe,-0.143472387722,0.176763019532,1.43336600403,0.0263719523445,-0.0348676363755,0.0821962341392,0.995656842068
2018/10/02/14:03:40.536461,53021,1538481820,520801332,/world,vicon/IMUframe/IMUframe,-0.143559680625,0.176490164144,1.43313579918,0.0279495624544,-0.0394175899234,0.0827384568283,0.995399127649
2018/10/02/14:03:40.546477,53022,1538481820,530782499,/world,vicon/IMUframe/IMUframe,-0.143595930656,0.176176473635,1.43277927571,0.0297107213769,-0.0442084907909,0.0832140795869,0.995107179823
2018/10/02/14:03:40.556451,53023,1538481820,540786592,/world,vicon/IMUframe/IMUframe,-0.143689491938,0.175879472458,1.43242849562,0.0317246320077,-0.0494393465532,0.0835132445263,0.994773761579
2018/10/02/14:03:40.566357,53024,1538481820,550772836,/world,vicon/IMUframe/IMUframe,-0.143827562675,0.175479468597,1.43207306653,0.0339681011924,-0.0548958923797,0.0839833083667,0.994373879895
2018/10/02/14:03:40.576437,53025,1538481820,560776337,/world,vicon/IMUframe/IMUframe,-0.143955124207,0.175206929358,1.43160644082,0.0362719258333,-0.0607193227874,0.0840432330767,0.993948814683
2018/10/02/14:03:40.586544,53026,1538481820,570866817,/world,vicon/IMUframe/IMUframe,-0.144114057803,0.174892928093,1.43122082473,0.0384890500607,-0.0666544007744,0.0839130943703,0.993496037474
2018/10/02/14:03:40.596447,53027,1538481820,580822446,/world,vicon/IMUframe/IMUframe,-0.144185346194,0.174539899871,1.43088507105,0.0411451294469,-0.0726109871222,0.0840959090629,0.992956494994
2018/10/02/14:03:40.606499,53028,1538481820,590903436,/world,vicon/IMUframe/IMUframe,-0.144194883082,0.174171807502,1.43045705299,0.0438924971751,-0.0783584484746,0.0845912229078,0.992359676353
2018/10/02/14:03:40.616648,53029,1538481820,600926036,/world,vicon/IMUframe/IMUframe,-0.144309521729,0.173822610704,1.43006507861,0.0465809987728,-0.0840513252118,0.0848616967145,0.991747991031
2018/10/02/14:03:40.626478,53030,1538481820,610812864,/world,vicon/IMUframe/IMUframe,-0.144365061801,0.173443872665,1.42966385306,0.0496639720955,-0.0895906582575,0.0856384839294,0.991046443866
2018/10/02/14:03:40.636383,53031,1538481820,620889806,/world,vicon/IMUframe/IMUframe,-0.144469009656,0.172970936288,1.42925925183,0.052858367957,-0.094924421611,0.0862211701716,0.990333911836
2018/10/02/14:03:40.646306,53032,1538481820,630912651,/world,vicon/IMUframe/IMUframe,-0.144698708543,0.17246505926,1.42869773634,0.0563939862956,-0.0999776467658,0.0868370870161,0.989587544776
2018/10/02/14:03:40.656366,53033,1538481820,640955304,/world,vicon/IMUframe/IMUframe,-0.144915460407,0.172026771151,1.42811504425,0.0605213069107,-0.105055057152,0.0871954613911,0.988785900936
2018/10/02/14:03:40.666632,53034,1538481820,651040875,/world,vicon/IMUframe/IMUframe,-0.145067435207,0.171617364351,1.42748574706,0.0650183202438,-0.110541788603,0.087588754012,0.987867066551
2018/10/02/14:03:40.676531,53035,1538481820,660968939,/world,vicon/IMUframe/IMUframe,-0.145260287547,0.171184682675,1.4267860629,0.0698629341317,-0.116283856672,0.0878700093641,0.986851608179
2018/10/02/14:03:40.686407,53036,1538481820,670930003,/world,vicon/IMUframe/IMUframe,-0.145460320776,0.170762509513,1.42599996485,0.0749212465651,-0.12193358589,0.0880352701926,0.985783342651
2018/10/02/14:03:40.696487,53037,1538481820,680817321,/world,vicon/IMUframe/IMUframe,-0.14573634319,0.170341149666,1.4252242859,0.0803359580483,-0.128125236308,0.0881169483617,0.984563589148
2018/10/02/14:03:40.706338,53038,1538481820,690870339,/world,vicon/IMUframe/IMUframe,-0.146022548577,0.169917055138,1.42425006336,0.0859927696914,-0.133949902354,0.0882310272288,0.983299523571
2018/10/02/14:03:40.716783,53039,1538481820,701052136,/world,vicon/IMUframe/IMUframe,-0.146414432527,0.169471621572,1.4232744277,0.0924097415334,-0.14040312219,0.0882109067462,0.981817823672
2018/10/02/14:03:40.726240,53040,1538481820,710859521,/world,vicon/IMUframe/IMUframe,-0.146647835212,0.169009768028,1.42213153886,0.0987052948414,-0.146354648616,0.0881294082475,0.980342179548
2018/10/02/14:03:40.736770,53041,1538481820,721387857,/world,vicon/IMUframe/IMUframe,-0.146810414197,0.168519226994,1.42094161569,0.105190925953,-0.152812265724,0.0878265124217,0.978708222228
2018/10/02/14:03:40.746405,53042,1538481820,730995838,/world,vicon/IMUframe/IMUframe,-0.147048299468,0.168050107452,1.41967846454,0.112385312842,-0.159320464704,0.0876046395967,0.976888917997
2018/10/02/14:03:40.756809,53043,1538481820,741392078,/world,vicon/IMUframe/IMUframe,-0.147272469393,0.167657387185,1.41831450565,0.119909292692,-0.165793181057,0.0870960885708,0.974960847417
2018/10/02/14:03:40.766633,53044,1538481820,750936286,/world,vicon/IMUframe/IMUframe,-0.147474290688,0.167221118218,1.41685708475,0.127992513686,-0.172550573078,0.0869025902547,0.972775491045
2018/10/02/14:03:40.776510,53045,1538481820,760912668,/world,vicon/IMUframe/IMUframe,-0.147625620864,0.166808952339,1.41533814349,0.136541691209,-0.179608631541,0.0863906106866,0.970378157433
2018/10/02/14:03:40.786634,53046,1538481820,770867561,/world,vicon/IMUframe/IMUframe,-0.147779507431,0.166417090783,1.41369047648,0.145473668492,-0.186668395369,0.0859469854814,0.967783776281
2018/10/02/14:03:40.796585,53047,1538481820,780837852,/world,vicon/IMUframe/IMUframe,-0.147760719061,0.165939732352,1.41197420839,0.154653569423,-0.193812306252,0.0851995455445,0.965018186797
2018/10/02/14:03:40.807010,53048,1538481820,790886271,/world,vicon/IMUframe/IMUframe,-0.147921523314,0.165583365515,1.41014173994,0.164282934925,-0.201062549983,0.0843664422265,0.962012095409
2018/10/02/14:03:40.817078,53049,1538481820,801104518,/world,vicon/IMUframe/IMUframe,-0.148092907568,0.16524911135,1.40824344447,0.174057775231,-0.208614413936,0.0832709388311,0.958775191547
2018/10/02/14:03:40.826516,53050,1538481820,810864074,/world,vicon/IMUframe/IMUframe,-0.148391716639,0.165066887991,1.40617729974,0.184385365818,-0.2162115515,0.0816600092456,0.955293800231
2018/10/02/14:03:40.836878,53051,1538481820,820897292,/world,vicon/IMUframe/IMUframe,-0.148593461142,0.164965256561,1.40411886315,0.1948881164,-0.224247027729,0.0797609718274,0.951509369378
2018/10/02/14:03:40.846980,53052,1538481820,830826980,/world,vicon/IMUframe/IMUframe,-0.148737214809,0.165186096093,1.40214184524,0.205565499425,-0.232668681269,0.0775992157342,0.947410403109
2018/10/02/14:03:40.857179,53053,1538481820,840868581,/world,vicon/IMUframe/IMUframe,-0.148809196851,0.165138669714,1.40025484458,0.216111644198,-0.241158097137,0.0754008802359,0.943108284709
2018/10/02/14:03:40.867246,53054,1538481820,851110282,/world,vicon/IMUframe/IMUframe,-0.148932045339,0.165420033724,1.3983451074,0.226364176403,-0.249489829217,0.0726464025253,0.938742022581
2018/10/02/14:03:40.877160,53055,1538481820,860886652,/world,vicon/IMUframe/IMUframe,-0.148761910181,0.165637819155,1.39690418471,0.236492373564,-0.257615397316,0.0690741371553,0.934309599591
2018/10/02/14:03:40.886994,53056,1538481820,870904738,/world,vicon/IMUframe/IMUframe,-0.1487383789,0.16576920635,1.39515052942,0.24580942136,-0.264920557141,0.0671049181814,0.929995568124
2018/10/02/14:03:40.896516,53057,1538481820,880849174,/world,vicon/IMUframe/IMUframe,-0.148850486546,0.1657834823,1.39331090519,0.254785104288,-0.271180287275,0.0656089780771,0.925873244252
2018/10/02/14:03:40.906421,53058,1538481820,890854266,/world,vicon/IMUframe/IMUframe,-0.148977320695,0.165665142454,1.39173527547,0.262739463381,-0.277119831319,0.0636019673997,0.922023515543
2018/10/02/14:03:40.916255,53059,1538481820,900785193,/world,vicon/IMUframe/IMUframe,-0.149000017684,0.165654890286,1.39025244127,0.270611344669,-0.282912191388,0.0614793621214,0.918123346906
2018/10/02/14:03:40.926388,53060,1538481820,910764119,/world,vicon/IMUframe/IMUframe,-0.149295999618,0.165677415447,1.3884044639,0.278156759571,-0.288193865661,0.0596269455641,0.914340057234
2018/10/02/14:03:40.936507,53061,1538481820,920786384,/world,vicon/IMUframe/IMUframe,-0.149352112714,0.165567711703,1.38695712853,0.284751043023,-0.293236841815,0.0579267782272,0.910809248122
2018/10/02/14:03:40.946285,53062,1538481820,930769254,/world,vicon/IMUframe/IMUframe,-0.149261918187,0.165144214985,1.38567670946,0.290413335704,-0.298563559757,0.0562140147888,0.907391800587
2018/10/02/14:03:40.956287,53063,1538481820,940780391,/world,vicon/IMUframe/IMUframe,-0.149318966236,0.165113523026,1.38455806907,0.296674050221,-0.303572663276,0.0549476819658,0.903774805072
2018/10/02/14:03:40.966316,53064,1538481820,950837055,/world,vicon/IMUframe/IMUframe,-0.149454989533,0.165084694409,1.38342749584,0.302560366978,-0.308227244594,0.0540275318198,0.900296737653
2018/10/02/14:03:40.976593,53065,1538481820,960831622,/world,vicon/IMUframe/IMUframe,-0.149601475638,0.164939031847,1.38235604458,0.307708445703,-0.312719970053,0.0532507275774,0.897042971538
2018/10/02/14:03:40.986437,53066,1538481820,970827012,/world,vicon/IMUframe/IMUframe,-0.14972123055,0.164662437508,1.38140146669,0.312145398778,-0.317098902411,0.0525894084168,0.894006649994
2018/10/02/14:03:40.996658,53067,1538481820,980818212,/world,vicon/IMUframe/IMUframe,-0.149915560388,0.164464897926,1.38044095919,0.316199594327,-0.321206366222,0.0521722881708,0.891135421355
2018/10/02/14:03:41.006739,53068,1538481820,990780310,/world,vicon/IMUframe/IMUframe,-0.150099107249,0.164246432905,1.37954863048,0.320019269499,-0.325202997243,0.0519831387824,0.888329010567
2018/10/02/14:03:41.016741,53069,1538481821,812902,/world,vicon/IMUframe/IMUframe,-0.150275965618,0.163927980154,1.37865753398,0.323485548722,-0.329108216406,0.0520385635394,0.885627952115
2018/10/02/14:03:41.026423,53070,1538481821,10793724,/world,vicon/IMUframe/IMUframe,-0.150436923741,0.163606751508,1.37771397694,0.326654010176,-0.332906152935,0.0524393981819,0.88301798424
2018/10/02/14:03:41.036300,53071,1538481821,20799243,/world,vicon/IMUframe/IMUframe,-0.150525221693,0.163178568702,1.37669422772,0.329542821929,-0.337101835813,0.0528617538836,0.880323529041
2018/10/02/14:03:41.046307,53072,1538481821,30764340,/world,vicon/IMUframe/IMUframe,-0.150570110922,0.162768928796,1.37580010923,0.33241123656,-0.341583437864,0.0536917867227,0.877462658365
2018/10/02/14:03:41.056309,53073,1538481821,40766711,/world,vicon/IMUframe/IMUframe,-0.150710650541,0.16313746536,1.37479516446,0.336359917122,-0.345936959689,0.0550270104537,0.874163402457
2018/10/02/14:03:41.066206,53074,1538481821,50779652,/world,vicon/IMUframe/IMUframe,-0.150698564458,0.1627998624,1.37402006096,0.339109917718,-0.351573337117,0.0558537003658,0.870793325933
2018/10/02/14:03:41.076244,53075,1538481821,60873280,/world,vicon/IMUframe/IMUframe,-0.150497506105,0.162361318789,1.37335966702,0.341491532111,-0.356950347299,0.0571024372297,0.86758820573
2018/10/02/14:03:41.086209,53076,1538481821,70850129,/world,vicon/IMUframe/IMUframe,-0.150420388892,0.162028345885,1.37256846001,0.344041538169,-0.362314158762,0.0578093019353,0.864304318504
2018/10/02/14:03:41.096346,53077,1538481821,80769622,/world,vicon/IMUframe/IMUframe,-0.150378512384,0.161695788589,1.37184819549,0.346396752587,-0.367629241429,0.0587021312457,0.861052896418
2018/10/02/14:03:41.106351,53078,1538481821,90887748,/world,vicon/IMUframe/IMUframe,-0.150361801417,0.161367142865,1.37116336404,0.348596992842,-0.372971777413,0.0598214653443,0.857784111603
2018/10/02/14:03:41.116236,53079,1538481821,100746847,/world,vicon/IMUframe/IMUframe,-0.150388435349,0.160994762452,1.37036621611,0.35094540247,-0.377830983879,0.0608625063772,0.85462086765
2018/10/02/14:03:41.126112,53080,1538481821,110742144,/world,vicon/IMUframe/IMUframe,-0.150386467051,0.160701686582,1.369701785,0.353201915394,-0.382875276711,0.0618626038855,0.851368279704
2018/10/02/14:03:41.136051,53081,1538481821,120846105,/world,vicon/IMUframe/IMUframe,-0.150387904483,0.1603909894,1.36899255219,0.355646916549,-0.387763796428,0.0629385818043,0.848052618562
2018/10/02/14:03:41.146093,53082,1538481821,130841990,/world,vicon/IMUframe/IMUframe,-0.150370241329,0.160157532364,1.36824369988,0.358511935091,-0.392381180335,0.0637919830026,0.84465187185
2018/10/02/14:03:41.156192,53083,1538481821,140871176,/world,vicon/IMUframe/IMUframe,-0.150353005326,0.15990919603,1.36757366488,0.361356871229,-0.397190572467,0.0646457562358,0.841119365464
2018/10/02/14:03:41.166284,53084,1538481821,150846900,/world,vicon/IMUframe/IMUframe,-0.150320910533,0.159748930952,1.36676733678,0.364074500093,-0.402052598758,0.0653765811436,0.837573500567
2018/10/02/14:03:41.176178,53085,1538481821,160847983,/world,vicon/IMUframe/IMUframe,-0.150353576992,0.159616668123,1.36605587574,0.36733437788,-0.4063921719,0.0657332944644,0.834020378315
2018/10/02/14:03:41.186347,53086,1538481821,170784088,/world,vicon/IMUframe/IMUframe,-0.150388143104,0.159424156646,1.36539263912,0.37054727705,-0.410666120134,0.0660510809291,0.830472942336
2018/10/02/14:03:41.196363,53087,1538481821,180843389,/world,vicon/IMUframe/IMUframe,-0.150403155992,0.159178052268,1.36477458743,0.37351652767,-0.414926543946,0.0666501317671,0.826969846259
2018/10/02/14:03:41.206365,53088,1538481821,190784940,/world,vicon/IMUframe/IMUframe,-0.150545285247,0.158829999366,1.36417587959,0.377216821079,-0.418567644484,0.0671410909688,0.823407961335
2018/10/02/14:03:41.216419,53089,1538481821,200787017,/world,vicon/IMUframe/IMUframe,-0.150610827823,0.158639289943,1.36359710145,0.380391862051,-0.422407200387,0.0678963140118,0.819917239049
2018/10/02/14:03:41.226207,53090,1538481821,210788906,/world,vicon/IMUframe/IMUframe,-0.150696550551,0.15848330902,1.36296091797,0.383853748882,-0.426037134656,0.0685335932051,0.816364995554
2018/10/02/14:03:41.236424,53091,1538481821,220785160,/world,vicon/IMUframe/IMUframe,-0.150811535687,0.158356983335,1.36233847383,0.387334367524,-0.429720745888,0.0692022145093,0.812725797422
2018/10/02/14:03:41.246333,53092,1538481821,230841171,/world,vicon/IMUframe/IMUframe,-0.150852236553,0.158191490269,1.36174093011,0.390903578051,-0.433203514108,0.0701114956346,0.809081878558
2018/10/02/14:03:41.256422,53093,1538481821,240797278,/world,vicon/IMUframe/IMUframe,-0.151031332925,0.158027905462,1.36124047303,0.394426547214,-0.436864664044,0.0703502464208,0.805374327248
2018/10/02/14:03:41.266368,53094,1538481821,250769149,/world,vicon/IMUframe/IMUframe,-0.150990702406,0.157791799618,1.3607396245,0.397562486113,-0.440259684003,0.0713243610427,0.801890463716
2018/10/02/14:03:41.276372,53095,1538481821,260784377,/world,vicon/IMUframe/IMUframe,-0.151149039087,0.157621957816,1.36015629939,0.400623282585,-0.443407369372,0.0718016406835,0.798583379888
2018/10/02/14:03:41.286531,53096,1538481821,270784168,/world,vicon/IMUframe/IMUframe,-0.151400542881,0.157475292356,1.35964405007,0.403287649686,-0.446846582384,0.0721112994527,0.79529061601
2018/10/02/14:03:41.296344,53097,1538481821,280786741,/world,vicon/IMUframe/IMUframe,-0.151514499937,0.157255220881,1.35916808651,0.405526306932,-0.450085191715,0.0727170558725,0.792265084659
2018/10/02/14:03:41.306133,53098,1538481821,290769440,/world,vicon/IMUframe/IMUframe,-0.151705017283,0.157076994902,1.35870594881,0.4077715324,-0.452904561,0.0730414196008,0.789471207209
2018/10/02/14:03:41.316333,53099,1538481821,300772209,/world,vicon/IMUframe/IMUframe,-0.151786457698,0.15678063687,1.3582451545,0.409746163217,-0.455379207927,0.0735463234927,0.786974457665
2018/10/02/14:03:41.326043,53100,1538481821,310864056,/world,vicon/IMUframe/IMUframe,-0.152091763751,0.156636435714,1.35776250417,0.411519832335,-0.458167562556,0.0736183818524,0.784419687457
2018/10/02/14:03:41.336280,53101,1538481821,320760226,/world,vicon/IMUframe/IMUframe,-0.1521835434,0.156263511613,1.35736593441,0.412929114706,-0.460497390635,0.0741868210084,0.782258278981
2018/10/02/14:03:41.346049,53102,1538481821,330870762,/world,vicon/IMUframe/IMUframe,-0.152344191037,0.155986356102,1.35691856319,0.414309357931,-0.462988059823,0.0743408243347,0.780040546529
2018/10/02/14:03:41.356245,53103,1538481821,340855499,/world,vicon/IMUframe/IMUframe,-0.152679840456,0.155855692718,1.35666106492,0.41608750001,-0.465345371443,0.0733053641616,0.777786089614
2018/10/02/14:03:41.366397,53104,1538481821,350768080,/world,vicon/IMUframe/IMUframe,-0.153048661779,0.155608355969,1.35617957058,0.417846177373,-0.467395006349,0.0728700454712,0.775652265237
2018/10/02/14:03:41.376341,53105,1538481821,360801445,/world,vicon/IMUframe/IMUframe,-0.153120291412,0.155284436506,1.35570812395,0.419184349406,-0.469425738776,0.072862123029,0.773702183024
2018/10/02/14:03:41.386458,53106,1538481821,370772806,/world,vicon/IMUframe/IMUframe,-0.153340384203,0.154966815219,1.35526183483,0.420829917848,-0.472143012601,0.0721765228549,0.771215732104
2018/10/02/14:03:41.396435,53107,1538481821,380769341,/world,vicon/IMUframe/IMUframe,-0.153527073269,0.154765478367,1.35473107257,0.422349196887,-0.474794746897,0.0716310347782,0.768804330805
2018/10/02/14:03:41.406477,53108,1538481821,390818810,/world,vicon/IMUframe/IMUframe,-0.153689973187,0.154517510823,1.35424346896,0.42385348295,-0.477701627666,0.0709084916266,0.766238452266
2018/10/02/14:03:41.416621,53109,1538481821,400789464,/world,vicon/IMUframe/IMUframe,-0.15385909202,0.154332063807,1.35360563092,0.424893584457,-0.480654133176,0.0700330537363,0.763892935909
2018/10/02/14:03:41.426577,53110,1538481821,410837904,/world,vicon/IMUframe/IMUframe,-0.153831421965,0.154146702541,1.35308583913,0.426291329247,-0.482722325771,0.0695973783212,0.761847139354
2018/10/02/14:03:41.436577,53111,1538481821,420924698,/world,vicon/IMUframe/IMUframe,-0.153881331573,0.153947404625,1.35257860266,0.427582421365,-0.48510763852,0.0689933887036,0.759660295332
2018/10/02/14:03:41.446381,53112,1538481821,430786092,/world,vicon/IMUframe/IMUframe,-0.153831611602,0.153770688989,1.35203355977,0.428981484416,-0.487596026748,0.0685432921686,0.757315533861
2018/10/02/14:03:41.456792,53113,1538481821,440933259,/world,vicon/IMUframe/IMUframe,-0.153869270762,0.153643874133,1.35147751548,0.430952751025,-0.489604616304,0.0680652733276,0.754939841739
2018/10/02/14:03:41.466528,53114,1538481821,450864696,/world,vicon/IMUframe/IMUframe,-0.153703736085,0.153349626269,1.3510551344,0.432472279155,-0.49229879716,0.0680825704868,0.752312691421
2018/10/02/14:03:41.476795,53115,1538481821,460907403,/world,vicon/IMUframe/IMUframe,-0.153572432142,0.153111137178,1.35059020053,0.434151154277,-0.494863847531,0.0680711456908,0.74965916707
2018/10/02/14:03:41.487221,53116,1538481821,470990347,/world,vicon/IMUframe/IMUframe,-0.153495862676,0.152902725966,1.35013598095,0.435686432282,-0.497346348622,0.0682358926513,0.747106287747
2018/10/02/14:03:41.496942,53117,1538481821,480876224,/world,vicon/IMUframe/IMUframe,-0.153360704026,0.152657606322,1.34969184158,0.437313759071,-0.49982218406,0.0685918793994,0.744465992862
2018/10/02/14:03:41.506610,53118,1538481821,490976623,/world,vicon/IMUframe/IMUframe,-0.153249263024,0.152394641127,1.34920805105,0.439000711594,-0.502169607697,0.0688646886724,0.741863676817
2018/10/02/14:03:41.516847,53119,1538481821,500860053,/world,vicon/IMUframe/IMUframe,-0.153171516224,0.152159358001,1.34871134631,0.44069772026,-0.504327646776,0.0690661611839,0.739370684728
2018/10/02/14:03:41.526575,53120,1538481821,510902264,/world,vicon/IMUframe/IMUframe,-0.153079321398,0.151982741896,1.34821887575,0.442247146276,-0.506460589243,0.0692495099367,0.736966511131
2018/10/02/14:03:41.537391,53121,1538481821,520964048,/world,vicon/IMUframe/IMUframe,-0.152998881271,0.151737365183,1.34774008045,0.443823040532,-0.508434660305,0.0694040818347,0.734641666609
2018/10/02/14:03:41.546648,53122,1538481821,530880625,/world,vicon/IMUframe/IMUframe,-0.153078382562,0.151693626562,1.34717703065,0.445449935259,-0.510417935306,0.0691481692947,0.732302135172
2018/10/02/14:03:41.556725,53123,1538481821,540921226,/world,vicon/IMUframe/IMUframe,-0.152879872478,0.151382267085,1.34675004412,0.44678505519,-0.512168596827,0.0695616411916,0.730224363438
2018/10/02/14:03:41.566242,53124,1538481821,550826011,/world,vicon/IMUframe/IMUframe,-0.152785425731,0.151233796736,1.34627069626,0.448241593423,-0.514061503292,0.0694153844675,0.728012190254
2018/10/02/14:03:41.576901,53125,1538481821,561002866,/world,vicon/IMUframe/IMUframe,-0.152705592869,0.150999285998,1.34584206549,0.449572284969,-0.515901227451,0.06924790825,0.725903169373
2018/10/02/14:03:41.586946,53126,1538481821,570999827,/world,vicon/IMUframe/IMUframe,-0.15258841466,0.150768654149,1.34543368785,0.450869790145,-0.517573414222,0.0690079978894,0.723928235015
2018/10/02/14:03:41.597215,53127,1538481821,581016579,/world,vicon/IMUframe/IMUframe,-0.152502147393,0.150538527576,1.34504853732,0.45214285738,-0.519056284323,0.0686738252861,0.722102012146
2018/10/02/14:03:41.606690,53128,1538481821,590880519,/world,vicon/IMUframe/IMUframe,-0.152538085777,0.150410546317,1.34460309487,0.453679065572,-0.519988532154,0.0681424120642,0.720516372866
2018/10/02/14:03:41.616496,53129,1538481821,600822573,/world,vicon/IMUframe/IMUframe,-0.152380691022,0.150159716528,1.34427183435,0.454679072674,-0.521409186071,0.0679603965941,0.718874666439
2018/10/02/14:03:41.626371,53130,1538481821,610815124,/world,vicon/IMUframe/IMUframe,-0.152334667722,0.149963601656,1.34392988623,0.456159294834,-0.522257776834,0.067693571496,0.717344472796
2018/10/02/14:03:41.636756,53131,1538481821,620980715,/world,vicon/IMUframe/IMUframe,-0.152362263201,0.149927990692,1.34363486262,0.457920204828,-0.522646270595,0.0672396458982,0.715980999653
2018/10/02/14:03:41.646845,53132,1538481821,631000532,/world,vicon/IMUframe/IMUframe,-0.152165781358,0.149771198937,1.34343155928,0.459159150507,-0.523762270768,0.0671672365834,0.714377015697
2018/10/02/14:03:41.657067,53133,1538481821,641031084,/world,vicon/IMUframe/IMUframe,-0.152073769558,0.149595037137,1.34322750923,0.460556305185,-0.524410661066,0.0670857246454,0.713008312619
2018/10/02/14:03:41.666548,53134,1538481821,650854455,/world,vicon/IMUframe/IMUframe,-0.151970244073,0.149417818355,1.3430220891,0.461848367624,-0.524936861706,0.0671763320836,0.711775749062
2018/10/02/14:03:41.676992,53135,1538481821,660900451,/world,vicon/IMUframe/IMUframe,-0.151835740752,0.149187134528,1.34291497844,0.463006177686,-0.525408905546,0.067326016173,0.710660234531
2018/10/02/14:03:41.687002,53136,1538481821,670875643,/world,vicon/IMUframe/IMUframe,-0.151690619284,0.148934518229,1.34285549596,0.46384007213,-0.525768574556,0.0675548079185,0.709828247834
2018/10/02/14:03:41.696656,53137,1538481821,680838029,/world,vicon/IMUframe/IMUframe,-0.151515997009,0.148904101529,1.34267620845,0.463736550453,-0.526898624435,0.0673692845586,0.709075194066
2018/10/02/14:03:41.706890,53138,1538481821,691150457,/world,vicon/IMUframe/IMUframe,-0.151407063509,0.148221546056,1.34270673154,0.464682110616,-0.526174436772,0.0682350514957,0.708911119894
2018/10/02/14:03:41.716589,53139,1538481821,700845546,/world,vicon/IMUframe/IMUframe,-0.151328807916,0.147821089481,1.3426183777,0.464645740152,-0.526226747628,0.0685577213183,0.708864997787
2018/10/02/14:03:41.726477,53140,1538481821,710891133,/world,vicon/IMUframe/IMUframe,-0.151275506935,0.14744193234,1.34254155061,0.464501948714,-0.526155136911,0.0688707192539,0.708982041784
2018/10/02/14:03:41.736735,53141,1538481821,721062330,/world,vicon/IMUframe/IMUframe,-0.151242717887,0.147040498523,1.34250238455,0.464206465796,-0.525954929431,0.0692910289466,0.709283104711
2018/10/02/14:03:41.746625,53142,1538481821,730898771,/world,vicon/IMUframe/IMUframe,-0.151217837639,0.14671924779,1.34249511747,0.463840641875,-0.525742310142,0.0694833017101,0.709661153689
2018/10/02/14:03:41.759888,53143,1538481821,740879299,/world,vicon/IMUframe/IMUframe,-0.15132101947,0.146450665684,1.34250207707,0.463339183356,-0.525873385449,0.0692933945233,0.709910141581
2018/10/02/14:03:41.766785,53144,1538481821,750923147,/world,vicon/IMUframe/IMUframe,-0.151405136473,0.146156684991,1.34253807302,0.46316532846,-0.525381131655,0.0693356214216,0.710383781216
2018/10/02/14:03:41.777270,53145,1538481821,760956246,/world,vicon/IMUframe/IMUframe,-0.151491002071,0.145921773465,1.34257930486,0.462997962367,-0.524855749962,0.0692650355355,0.710887954201
2018/10/02/14:03:41.787057,53146,1538481821,771038232,/world,vicon/IMUframe/IMUframe,-0.151519257083,0.14573808984,1.34263735031,0.463089095275,-0.523915158661,0.0693490753398,0.711513950751
2018/10/02/14:03:41.796907,53147,1538481821,780985597,/world,vicon/IMUframe/IMUframe,-0.151650368568,0.145622461468,1.34269363057,0.462987314263,-0.523441877934,0.0691533782477,0.711947440148
2018/10/02/14:03:41.806520,53148,1538481821,790859695,/world,vicon/IMUframe/IMUframe,-0.151750022407,0.145855461398,1.342599785,0.462201945375,-0.523902638288,0.0684237429945,0.712189285711
2018/10/02/14:03:41.816405,53149,1538481821,800777101,/world,vicon/IMUframe/IMUframe,-0.15200265636,0.145501066784,1.34272683822,0.462570985993,-0.522998250634,0.0684378279723,0.712612921896
2018/10/02/14:03:41.826538,53150,1538481821,810853415,/world,vicon/IMUframe/IMUframe,-0.152087839135,0.145399430735,1.34277615981,0.462696248524,-0.522224940629,0.0684651221516,0.713095940275
2018/10/02/14:03:41.836383,53151,1538481821,820850234,/world,vicon/IMUframe/IMUframe,-0.152283775018,0.145370807895,1.34275739083,0.462505804051,-0.522001642777,0.0682356636545,0.713404906321
2018/10/02/14:03:41.846351,53152,1538481821,830803037,/world,vicon/IMUframe/IMUframe,-0.152390373727,0.145580341632,1.34263460022,0.461846496025,-0.522279953052,0.067666191247,0.713682528378
2018/10/02/14:03:41.856500,53153,1538481821,840796145,/world,vicon/IMUframe/IMUframe,-0.152594317118,0.145498458212,1.342623449,0.461483757274,-0.522132648242,0.0673504342307,0.71405473069
2018/10/02/14:03:41.866511,53154,1538481821,850813432,/world,vicon/IMUframe/IMUframe,-0.152755628004,0.144921562746,1.34264079178,0.461260109548,-0.52146885145,0.0666654019694,0.714748258121
2018/10/02/14:03:41.876593,53155,1538481821,860780038,/world,vicon/IMUframe/IMUframe,-0.153123621487,0.145018663904,1.34271614903,0.460893763641,-0.521354597099,0.0668412793952,0.715051442967
2018/10/02/14:03:41.886611,53156,1538481821,870827061,/world,vicon/IMUframe/IMUframe,-0.153434453537,0.145022903102,1.34266433305,0.460700979424,-0.52086022247,0.0664506850089,0.715572178518
2018/10/02/14:03:41.896473,53157,1538481821,880808431,/world,vicon/IMUframe/IMUframe,-0.153678320296,0.144949528857,1.34260532852,0.460260381187,-0.52066251877,0.0662022620656,0.716022474197
2018/10/02/14:03:41.906320,53158,1538481821,890797149,/world,vicon/IMUframe/IMUframe,-0.153845403906,0.14484113175,1.3425906555,0.459638255231,-0.520807275389,0.0661886977277,0.716318024709
2018/10/02/14:03:41.916070,53159,1538481821,900773948,/world,vicon/IMUframe/IMUframe,-0.154066932657,0.144827717128,1.34253049083,0.459459963122,-0.520679961348,0.0660888417229,0.716534147922
2018/10/02/14:03:41.926196,53160,1538481821,910845681,/world,vicon/IMUframe/IMUframe,-0.154273935351,0.144838114293,1.3424818217,0.45939662998,-0.520687880904,0.0658942835247,0.716586917577
2018/10/02/14:03:41.936254,53161,1538481821,920859500,/world,vicon/IMUframe/IMUframe,-0.154452043138,0.144817779642,1.34244772581,0.459308632146,-0.520757568102,0.0658713491521,0.716594795586
2018/10/02/14:03:41.946255,53162,1538481821,930861656,/world,vicon/IMUframe/IMUframe,-0.154588114152,0.144819553618,1.34240916862,0.459205348839,-0.520909747634,0.0658816605783,0.7165494325
2018/10/02/14:03:41.956225,53163,1538481821,940865468,/world,vicon/IMUframe/IMUframe,-0.154837348753,0.144878351342,1.34232227576,0.459429117251,-0.520660922159,0.065813036374,0.716593144401
2018/10/02/14:03:41.966165,53164,1538481821,950822595,/world,vicon/IMUframe/IMUframe,-0.154974750532,0.144825997182,1.34227629978,0.459264017262,-0.520803890579,0.0658558602385,0.716591149595
2018/10/02/14:03:41.976230,53165,1538481821,960844933,/world,vicon/IMUframe/IMUframe,-0.155104229913,0.144769906072,1.34221465748,0.459055310107,-0.520904814167,0.06592477683,0.716645184621
2018/10/02/14:03:41.986508,53166,1538481821,971004593,/world,vicon/IMUframe/IMUframe,-0.155254674635,0.144735183718,1.34214204909,0.458830356121,-0.520975705206,0.0659639324065,0.716734105864
2018/10/02/14:03:41.996701,53167,1538481821,980947989,/world,vicon/IMUframe/IMUframe,-0.155317504235,0.144627459334,1.34211936178,0.458376431911,-0.521352686074,0.0660150444576,0.716745727087
2018/10/02/14:03:42.007055,53168,1538481821,991024096,/world,vicon/IMUframe/IMUframe,-0.155494078518,0.144624962277,1.34204141493,0.458292716555,-0.521309050539,0.0658219867231,0.716848746838
2018/10/02/14:03:42.016469,53169,1538481822,959405,/world,vicon/IMUframe/IMUframe,-0.155664360242,0.144611001475,1.34197860117,0.458253650156,-0.521313413517,0.0655762551466,0.716893068572
2018/10/02/14:03:42.026518,53170,1538481822,10845233,/world,vicon/IMUframe/IMUframe,-0.155816266083,0.144592090015,1.34191885749,0.458274838482,-0.521281248742,0.0652397384394,0.716933615234
2018/10/02/14:03:42.036450,53171,1538481822,20845149,/world,vicon/IMUframe/IMUframe,-0.155954821973,0.144577148754,1.34185554123,0.458326774254,-0.521285537573,0.064964598721,0.716922281166
2018/10/02/14:03:42.046343,53172,1538481822,30793689,/world,vicon/IMUframe/IMUframe,-0.156092192569,0.144556351736,1.34181445943,0.458393722169,-0.521272085,0.0647607928103,0.716907698794
2018/10/02/14:03:42.056708,53173,1538481822,40943777,/world,vicon/IMUframe/IMUframe,-0.1562274095,0.144520361724,1.34176781509,0.458485140461,-0.521282838917,0.0645302063798,0.716862211511
2018/10/02/14:03:42.066531,53174,1538481822,50847813,/world,vicon/IMUframe/IMUframe,-0.156349399928,0.144454131175,1.34172019914,0.458552279664,-0.521263030225,0.0643670838757,0.716848337272
2018/10/02/14:03:42.076671,53175,1538481822,60941434,/world,vicon/IMUframe/IMUframe,-0.156536974751,0.144428710069,1.34166383895,0.458394344108,-0.521757331607,0.063888549117,0.716632517749
2018/10/02/14:03:42.086764,53176,1538481822,70961030,/world,vicon/IMUframe/IMUframe,-0.156563903039,0.14431878326,1.34163830549,0.458678123403,-0.52125283726,0.0640342040585,0.716805049836
2018/10/02/14:03:42.096556,53177,1538481822,80866096,/world,vicon/IMUframe/IMUframe,-0.156644661137,0.144244139509,1.34160473488,0.458776600315,-0.521235882398,0.0638795105831,0.716768159192
2018/10/02/14:03:42.106731,53178,1538481822,90989284,/world,vicon/IMUframe/IMUframe,-0.156824599662,0.144293269817,1.34154157621,0.459290771938,-0.520827137681,0.0636624385172,0.716755309286
2018/10/02/14:03:42.116471,53179,1538481822,100837684,/world,vicon/IMUframe/IMUframe,-0.156894387295,0.144247042621,1.34151757443,0.459519670805,-0.520844429102,0.0635985441479,0.716601687131
2018/10/02/14:03:42.126669,53180,1538481822,111120748,/world,vicon/IMUframe/IMUframe,-0.156961334643,0.144201195174,1.34149772255,0.459752684848,-0.520866038075,0.063501488325,0.716445113136
2018/10/02/14:03:42.136544,53181,1538481822,120950005,/world,vicon/IMUframe/IMUframe,-0.15703412225,0.144189217433,1.34149220087,0.459999910187,-0.520854359373,0.0634772811992,0.716297042938
2018/10/02/14:03:42.146450,53182,1538481822,130895189,/world,vicon/IMUframe/IMUframe,-0.157117068243,0.144168934867,1.34148654622,0.460203164701,-0.520896871958,0.0634316025938,0.716139600759
2018/10/02/14:03:42.156202,53183,1538481822,140857409,/world,vicon/IMUframe/IMUframe,-0.157128027431,0.144071042311,1.34155352405,0.460065572805,-0.521248943089,0.0634949358387,0.715966201137
2018/10/02/14:03:42.166298,53184,1538481822,150870464,/world,vicon/IMUframe/IMUframe,-0.157197635906,0.144024224765,1.34158765732,0.460151620208,-0.521323554203,0.063385337107,0.715866284506
2018/10/02/14:03:42.176338,53185,1538481822,160866870,/world,vicon/IMUframe/IMUframe,-0.157317022314,0.143996155053,1.34163418971,0.460232787618,-0.521259069661,0.063232975489,0.715874538106
2018/10/02/14:03:42.186144,53186,1538481822,170866861,/world,vicon/IMUframe/IMUframe,-0.157445525128,0.143968084952,1.34168835939,0.460247288539,-0.521147640795,0.0630740226939,0.715960360319
2018/10/02/14:03:42.196247,53187,1538481822,180801378,/world,vicon/IMUframe/IMUframe,-0.1575793687,0.143954707567,1.34174064684,0.460281632377,-0.52094415211,0.0629252532634,0.716099449644
2018/10/02/14:03:42.206278,53188,1538481822,190777364,/world,vicon/IMUframe/IMUframe,-0.157799715206,0.14397891956,1.34178331515,0.460053609328,-0.521271520068,0.062508743758,0.71604422759
2018/10/02/14:03:42.216402,53189,1538481822,200879360,/world,vicon/IMUframe/IMUframe,-0.157911253892,0.143934417062,1.34187081476,0.459985774697,-0.521121162667,0.0623687039088,0.7162094426
2018/10/02/14:03:42.226356,53190,1538481822,210891503,/world,vicon/IMUframe/IMUframe,-0.158039935099,0.143894715798,1.3419534938,0.459887966655,-0.520949580436,0.0621939580372,0.716412244698
2018/10/02/14:03:42.236285,53191,1538481822,220781318,/world,vicon/IMUframe/IMUframe,-0.158114889279,0.143820365439,1.3420884349,0.459951215088,-0.520242412813,0.0623026197537,0.716875927355
2018/10/02/14:03:42.246323,53192,1538481822,230827652,/world,vicon/IMUframe/IMUframe,-0.158258657043,0.143779563078,1.34220980057,0.459818039713,-0.519958308491,0.0621454753049,0.717181056418
2018/10/02/14:03:42.256380,53193,1538481822,240890909,/world,vicon/IMUframe/IMUframe,-0.1583852786,0.143726419469,1.34236045161,0.459589946669,-0.519665357045,0.0620166114544,0.717550651531
2018/10/02/14:03:42.266285,53194,1538481822,250828151,/world,vicon/IMUframe/IMUframe,-0.158507504445,0.14368569626,1.34253355167,0.459333179286,-0.519264827162,0.0618667079556,0.718017813237
2018/10/02/14:03:42.276332,53195,1538481822,260777727,/world,vicon/IMUframe/IMUframe,-0.158683442809,0.143683656271,1.34271272523,0.459021418069,-0.518677659253,0.0617830535288,0.718648507855
2018/10/02/14:03:42.286302,53196,1538481822,270903132,/world,vicon/IMUframe/IMUframe,-0.158872269009,0.143667499477,1.34291721357,0.458644892076,-0.518031423788,0.0615439308742,0.71937518133
2018/10/02/14:03:42.296388,53197,1538481822,280844503,/world,vicon/IMUframe/IMUframe,-0.159073102145,0.143667595031,1.34315828072,0.45811609918,-0.517349266749,0.061379274922,0.720216606638
2018/10/02/14:03:42.305862,53198,1538481822,290825156,/world,vicon/IMUframe/IMUframe,-0.159287738488,0.143687332493,1.34344734931,0.457419877106,-0.516592219045,0.0612139222984,0.721215911477
2018/10/02/14:03:42.315934,53199,1538481822,300938490,/world,vicon/IMUframe/IMUframe,-0.159500388137,0.14367730328,1.34378009493,0.456411324099,-0.515770468945,0.0610690804582,0.722454215857
2018/10/02/14:03:42.326101,53200,1538481822,310786091,/world,vicon/IMUframe/IMUframe,-0.159735433599,0.143655020935,1.34417247941,0.455169487191,-0.514855948182,0.0608452204344,0.723907417908
2018/10/02/14:03:42.336241,53201,1538481822,320867731,/world,vicon/IMUframe/IMUframe,-0.1599899462,0.14361076483,1.34459324399,0.453625403083,-0.513559244946,0.0605295076246,0.72582165462
2018/10/02/14:03:42.346026,53202,1538481822,330883629,/world,vicon/IMUframe/IMUframe,-0.160286954417,0.143566677341,1.34503599256,0.451822156177,-0.512003599602,0.0602250500098,0.728067302201
2018/10/02/14:03:42.355981,53203,1538481822,340876517,/world,vicon/IMUframe/IMUframe,-0.160684031678,0.143543962543,1.34557840642,0.449546142763,-0.510702932657,0.0595908592522,0.730438025842
2018/10/02/14:03:42.366088,53204,1538481822,350883792,/world,vicon/IMUframe/IMUframe,-0.161020533806,0.143456811247,1.34618747058,0.447216290999,-0.508600826658,0.0593164586603,0.733351447752
2018/10/02/14:03:42.376125,53205,1538481822,360882303,/world,vicon/IMUframe/IMUframe,-0.161329303803,0.143330691298,1.34688897696,0.444776780867,-0.505880302417,0.0592925407296,0.736711021664
2018/10/02/14:03:42.386673,53206,1538481822,370889286,/world,vicon/IMUframe/IMUframe,-0.161845000226,0.143274620363,1.34759290303,0.442113862001,-0.503109426611,0.0588991529796,0.740234508558
2018/10/02/14:03:42.396574,53207,1538481822,380867164,/world,vicon/IMUframe/IMUframe,-0.162248510481,0.143105263967,1.34829854752,0.438866191914,-0.500524039794,0.0588002640739,0.74391846336
2018/10/02/14:03:42.406377,53208,1538481822,390795509,/world,vicon/IMUframe/IMUframe,-0.162662652723,0.142932997971,1.34916507521,0.435141209907,-0.498045196475,0.0588184370888,0.747758986016
2018/10/02/14:03:42.416216,53209,1538481822,400795751,/world,vicon/IMUframe/IMUframe,-0.163243378322,0.142827072779,1.35000859318,0.430950321002,-0.495215618188,0.058672633265,0.752064381843
2018/10/02/14:03:42.426415,53210,1538481822,410781865,/world,vicon/IMUframe/IMUframe,-0.16395959063,0.142741911214,1.3508961513,0.426744685719,-0.492373519488,0.0583335974322,0.756342833593
2018/10/02/14:03:42.436315,53211,1538481822,420901877,/world,vicon/IMUframe/IMUframe,-0.164451616174,0.142432010767,1.35195287957,0.422193486383,-0.489294634886,0.0585877878783,0.760861939801
2018/10/02/14:03:42.446386,53212,1538481822,430777589,/world,vicon/IMUframe/IMUframe,-0.165055841861,0.142160255308,1.35305627976,0.417850162212,-0.485020681075,0.058711576175,0.765969406498
2018/10/02/14:03:42.456240,53213,1538481822,440809052,/world,vicon/IMUframe/IMUframe,-0.165825159109,0.141943653864,1.35421276241,0.412989532192,-0.481229528355,0.0580638608567,0.771029425769
2018/10/02/14:03:42.466196,53214,1538481822,450778647,/world,vicon/IMUframe/IMUframe,-0.166578981964,0.141716860742,1.35540635279,0.40816723739,-0.476396944847,0.0574934105138,0.776620863104
2018/10/02/14:03:42.476132,53215,1538481822,460828832,/world,vicon/IMUframe/IMUframe,-0.167467858895,0.141518862291,1.35654797378,0.403002202038,-0.471530279268,0.0570949640039,0.782296993456
2018/10/02/14:03:42.486444,53216,1538481822,470867220,/world,vicon/IMUframe/IMUframe,-0.168124063427,0.141227410846,1.35776743299,0.398009246037,-0.466278104582,0.0560785443239,0.788053656881
2018/10/02/14:03:42.496598,53217,1538481822,480857339,/world,vicon/IMUframe/IMUframe,-0.168555429053,0.140996786649,1.35897282427,0.391733333547,-0.460844558385,0.0553129193127,0.794422915929
2018/10/02/14:03:42.506424,53218,1538481822,490795495,/world,vicon/IMUframe/IMUframe,-0.169525912783,0.140673703338,1.3602861419,0.385424912312,-0.455705488049,0.0548391936504,0.800482859261
2018/10/02/14:03:42.516632,53219,1538481822,500814228,/world,vicon/IMUframe/IMUframe,-0.17022389645,0.140110752923,1.36167213439,0.378432258654,-0.450299444922,0.0548592628574,0.806851843148
2018/10/02/14:03:42.526531,53220,1538481822,510819002,/world,vicon/IMUframe/IMUframe,-0.171186568765,0.139697374402,1.36305058572,0.370941341977,-0.444467772441,0.0541067483719,0.813586737757
2018/10/02/14:03:42.536474,53221,1538481822,520782146,/world,vicon/IMUframe/IMUframe,-0.172075789414,0.139409831837,1.36469187877,0.363329189402,-0.437937162014,0.0539348178195,0.820544927278
2018/10/02/14:03:42.546310,53222,1538481822,530786943,/world,vicon/IMUframe/IMUframe,-0.172832656871,0.138403623165,1.36597502094,0.353250770275,-0.431185082626,0.0530493156088,0.828540335731
2018/10/02/14:03:42.556442,53223,1538481822,540769529,/world,vicon/IMUframe/IMUframe,-0.173854389653,0.13817564271,1.36755927718,0.344825756217,-0.423080287274,0.0520939976805,0.836292104336
2018/10/02/14:03:42.566430,53224,1538481822,550827464,/world,vicon/IMUframe/IMUframe,-0.174694890511,0.137730217218,1.36920835868,0.336468995017,-0.414256891098,0.051137955246,0.844135506364
2018/10/02/14:03:42.576629,53225,1538481822,560814226,/world,vicon/IMUframe/IMUframe,-0.175482864715,0.137321583458,1.37075227241,0.327425482978,-0.405579584493,0.0503792994496,0.851915300911
2018/10/02/14:03:42.586171,53226,1538481822,570781235,/world,vicon/IMUframe/IMUframe,-0.176329954999,0.136917150903,1.37231374074,0.318811154541,-0.396956759858,0.0498070962125,0.859246199707
2018/10/02/14:03:42.596298,53227,1538481822,580800933,/world,vicon/IMUframe/IMUframe,-0.177102495849,0.136537931291,1.37390236356,0.310373735804,-0.388587970239,0.0492612368891,0.866164455545
2018/10/02/14:03:42.606343,53228,1538481822,590863677,/world,vicon/IMUframe/IMUframe,-0.177817617167,0.136185560901,1.37557677633,0.301958119883,-0.380352028694,0.0492451010675,0.872770615985
2018/10/02/14:03:42.616495,53229,1538481822,600962478,/world,vicon/IMUframe/IMUframe,-0.178506706683,0.135730793607,1.37731648542,0.292895123749,-0.372343746085,0.0491313226545,0.879294429852
2018/10/02/14:03:42.626447,53230,1538481822,610789810,/world,vicon/IMUframe/IMUframe,-0.179223860782,0.135408548869,1.37911892767,0.283853614879,-0.364040566001,0.0493973869726,0.885698306302
2018/10/02/14:03:42.636506,53231,1538481822,620795096,/world,vicon/IMUframe/IMUframe,-0.179936409369,0.135133215115,1.38085386461,0.274622985015,-0.355196842675,0.0495393244276,0.892167738932
2018/10/02/14:03:42.646369,53232,1538481822,630804421,/world,vicon/IMUframe/IMUframe,-0.180537887535,0.134700565523,1.38282044215,0.26462329673,-0.346227525569,0.0499023765254,0.898671666507
2018/10/02/14:03:42.656526,53233,1538481822,640785803,/world,vicon/IMUframe/IMUframe,-0.181131627251,0.13411468871,1.38493917362,0.254552975389,-0.336605687942,0.0503034783282,0.905190009685
2018/10/02/14:03:42.666534,53234,1538481822,650798733,/world,vicon/IMUframe/IMUframe,-0.181697514458,0.133846599894,1.38675640195,0.244099651998,-0.327544844012,0.0508413398741,0.911342357852
2018/10/02/14:03:42.676830,53235,1538481822,660786791,/world,vicon/IMUframe/IMUframe,-0.182227123505,0.13358556535,1.38859320442,0.233704771888,-0.318001233863,0.051463898505,0.917392370804
2018/10/02/14:03:42.686668,53236,1538481822,670798899,/world,vicon/IMUframe/IMUframe,-0.182665495302,0.13340884948,1.3904506949,0.223064500323,-0.308618505894,0.0522220908524,0.923184542625
2018/10/02/14:03:42.696892,53237,1538481822,680825892,/world,vicon/IMUframe/IMUframe,-0.183067936787,0.133278161392,1.3923759739,0.211987099179,-0.299422756329,0.0531841259272,0.928751275382
2018/10/02/14:03:42.706640,53238,1538481822,690799003,/world,vicon/IMUframe/IMUframe,-0.183265146261,0.132903791143,1.39432430533,0.201245808591,-0.289853937316,0.0552104933054,0.934043157983
2018/10/02/14:03:42.716691,53239,1538481822,700827711,/world,vicon/IMUframe/IMUframe,-0.183271465916,0.131277730074,1.39640322184,0.187966434415,-0.280941284715,0.0570586279453,0.939406688848
2018/10/02/14:03:42.726734,53240,1538481822,710802540,/world,vicon/IMUframe/IMUframe,-0.183377190365,0.131335916089,1.39825729309,0.177911563359,-0.271758634086,0.0590275394352,0.943933509317
2018/10/02/14:03:42.736544,53241,1538481822,720824183,/world,vicon/IMUframe/IMUframe,-0.183479234073,0.132166386227,1.4001021909,0.169515214987,-0.262718835557,0.0615992251442,0.947865465556
2018/10/02/14:03:42.746506,53242,1538481822,730810679,/world,vicon/IMUframe/IMUframe,-0.183506276878,0.131929552694,1.4019738337,0.159243748042,-0.253987563022,0.0639883526827,0.951859883208
2018/10/02/14:03:42.756676,53243,1538481822,740801412,/world,vicon/IMUframe/IMUframe,-0.183411457954,0.131876466273,1.40384615606,0.149294343856,-0.245528767142,0.0660045690108,0.955547079043
2018/10/02/14:03:42.766298,53244,1538481822,750780289,/world,vicon/IMUframe/IMUframe,-0.183322151754,0.131678381181,1.40575705207,0.139652433312,-0.23741850017,0.0675658371331,0.958939263614
2018/10/02/14:03:42.776288,53245,1538481822,760809338,/world,vicon/IMUframe/IMUframe,-0.183160363418,0.132193337987,1.40757137713,0.13036760725,-0.229093868655,0.0697158059306,0.962112255783
2018/10/02/14:03:42.786238,53246,1538481822,770803091,/world,vicon/IMUframe/IMUframe,-0.182980680649,0.132191802964,1.40933962473,0.121339978483,-0.221580663659,0.0716880833461,0.964903849003
2018/10/02/14:03:42.796280,53247,1538481822,780798563,/world,vicon/IMUframe/IMUframe,-0.182722980225,0.132082628207,1.4110360532,0.112320486327,-0.214069485535,0.0737633571067,0.967531565822
2018/10/02/14:03:42.806350,53248,1538481822,790889516,/world,vicon/IMUframe/IMUframe,-0.182444307086,0.132219966857,1.41266434739,0.103872812544,-0.206831386211,0.0760671780584,0.969868548265
2018/10/02/14:03:42.816150,53249,1538481822,800761609,/world,vicon/IMUframe/IMUframe,-0.182069268165,0.132442916973,1.41426105346,0.0959512003153,-0.199981725187,0.0784117327539,0.97193223885
2018/10/02/14:03:42.826318,53250,1538481822,810780151,/world,vicon/IMUframe/IMUframe,-0.181826420209,0.132551682563,1.41573326182,0.0885090936714,-0.19328937166,0.0809785612903,0.973780176299
2018/10/02/14:03:42.836191,53251,1538481822,820836379,/world,vicon/IMUframe/IMUframe,-0.181426019414,0.132744374866,1.41712828679,0.0816153244543,-0.187210271304,0.0835704368887,0.975349801461
2018/10/02/14:03:42.846090,53252,1538481822,830777459,/world,vicon/IMUframe/IMUframe,-0.181055061126,0.132883867824,1.41845435576,0.0751748326518,-0.181700155259,0.0860434837129,0.976693563522
2018/10/02/14:03:42.856289,53253,1538481822,840832288,/world,vicon/IMUframe/IMUframe,-0.180853372741,0.13320058737,1.41974926685,0.069521384161,-0.17613593128,0.0882409331583,0.977934787484
2018/10/02/14:03:42.866111,53254,1538481822,850853786,/world,vicon/IMUframe/IMUframe,-0.180259765951,0.133328049424,1.4208447784,0.0639167701066,-0.172408466864,0.0904124440058,0.978782691419
2018/10/02/14:03:42.876274,53255,1538481822,860784875,/world,vicon/IMUframe/IMUframe,-0.179946240218,0.133551715681,1.42195552155,0.0588385534019,-0.168325730839,0.0921699981933,0.979647469452
2018/10/02/14:03:42.886138,53256,1538481822,870845648,/world,vicon/IMUframe/IMUframe,-0.179685554156,0.133799200773,1.42297050083,0.0541445534293,-0.164443913317,0.0935347126302,0.980447767217
2018/10/02/14:03:42.896266,53257,1538481822,880781019,/world,vicon/IMUframe/IMUframe,-0.179484315517,0.134057486425,1.42388056109,0.0499050574659,-0.160633807846,0.0946126790118,0.981200645121
2018/10/02/14:03:42.906272,53258,1538481822,890851762,/world,vicon/IMUframe/IMUframe,-0.179204200429,0.134385338426,1.4247195941,0.0460965729953,-0.157145161446,0.0955533007651,0.981860514994
2018/10/02/14:03:42.916103,53259,1538481822,900790731,/world,vicon/IMUframe/IMUframe,-0.178910717267,0.134720984792,1.42550593839,0.0428381950309,-0.153872219674,0.0964535123541,0.982438267279
2018/10/02/14:03:42.926127,53260,1538481822,910843387,/world,vicon/IMUframe/IMUframe,-0.178608994659,0.135069783164,1.42624357278,0.0399608537614,-0.15098942392,0.097452268469,0.982908123581
2018/10/02/14:03:42.936368,53261,1538481822,920881104,/world,vicon/IMUframe/IMUframe,-0.178342683624,0.135423547938,1.42703226626,0.0374821562401,-0.148091578866,0.0984681310042,0.983345310361
2018/10/02/14:03:42.946188,53262,1538481822,930891852,/world,vicon/IMUframe/IMUframe,-0.178040820787,0.135816914289,1.42772198421,0.0354263233974,-0.145644640876,0.0991084712113,0.983722585452
2018/10/02/14:03:42.956379,53263,1538481822,940793568,/world,vicon/IMUframe/IMUframe,-0.177816081344,0.13614018367,1.42841749442,0.0333499008765,-0.142714793705,0.099972476558,0.984137071601
2018/10/02/14:03:42.966372,53264,1538481822,950891122,/world,vicon/IMUframe/IMUframe,-0.17769986128,0.136436950684,1.42902804197,0.0311034276838,-0.139116185993,0.100724890303,0.98464905426
2018/10/02/14:03:42.976054,53265,1538481822,960780575,/world,vicon/IMUframe/IMUframe,-0.177660047119,0.136715752903,1.42961032848,0.0290194426965,-0.135186704853,0.101077724989,0.985223690482
2018/10/02/14:03:42.986284,53266,1538481822,970785329,/world,vicon/IMUframe/IMUframe,-0.177627380587,0.13699383904,1.43016650461,0.0267048933775,-0.13051401749,0.101190775549,0.985907382492
2018/10/02/14:03:42.996104,53267,1538481822,980873101,/world,vicon/IMUframe/IMUframe,-0.177710507402,0.137237570039,1.430783462,0.0247200182068,-0.125668436115,0.101025274497,0.986605422029
2018/10/02/14:03:43.006078,53268,1538481822,990838265,/world,vicon/IMUframe/IMUframe,-0.177759644349,0.137515466128,1.43139089926,0.0227131492318,-0.12049477481,0.100739958837,0.987328001623
2018/10/02/14:03:43.016198,53269,1538481823,865601,/world,vicon/IMUframe/IMUframe,-0.177822053699,0.137798818408,1.43204012476,0.0206805974603,-0.114907088249,0.100327680577,0.988080477729
2018/10/02/14:03:43.026077,53270,1538481823,10780455,/world,vicon/IMUframe/IMUframe,-0.177870114732,0.13803683269,1.4327052377,0.0187432975027,-0.108969563187,0.0999004592097,0.9888347796
2018/10/02/14:03:43.036445,53271,1538481823,20780417,/world,vicon/IMUframe/IMUframe,-0.178039496953,0.138397082399,1.43335931371,0.0168786084735,-0.102560996687,0.0993337879144,0.989610606811
2018/10/02/14:03:43.046233,53272,1538481823,30802646,/world,vicon/IMUframe/IMUframe,-0.17800240816,0.138561350131,1.43410996178,0.014927721633,-0.0958861610657,0.0985539080189,0.990388880419
2018/10/02/14:03:43.056485,53273,1538481823,40787564,/world,vicon/IMUframe/IMUframe,-0.177983638235,0.138915511764,1.43477475986,0.0133786360334,-0.089287678645,0.097532294169,0.991128737417
2018/10/02/14:03:43.066369,53274,1538481823,50799662,/world,vicon/IMUframe/IMUframe,-0.178099311843,0.139328360253,1.43540039216,0.0115527514478,-0.0816565643091,0.0966219172304,0.991898656391
2018/10/02/14:03:43.076881,53275,1538481823,60811280,/world,vicon/IMUframe/IMUframe,-0.178182424895,0.139593498007,1.43631629005,0.0100389513424,-0.072871582647,0.0961346646674,0.992646502108
2018/10/02/14:03:43.086718,53276,1538481823,70782844,/world,vicon/IMUframe/IMUframe,-0.178380475762,0.139853780813,1.43729230661,0.00874551635137,-0.0638301028983,0.0959379857539,0.993300124231
2018/10/02/14:03:43.096360,53277,1538481823,80803986,/world,vicon/IMUframe/IMUframe,-0.178099658586,0.140242405591,1.43780117592,0.00717033451293,-0.0578975495849,0.0950391690998,0.993762555338
2018/10/02/14:03:43.106311,53278,1538481823,90819471,/world,vicon/IMUframe/IMUframe,-0.178064555783,0.140571454077,1.43857821699,0.00585008587701,-0.0500990491322,0.0944522835747,0.994250787226
2018/10/02/14:03:43.116570,53279,1538481823,100789025,/world,vicon/IMUframe/IMUframe,-0.177892612318,0.141044630256,1.43907296291,0.00421315681808,-0.0431002802685,0.0934834364553,0.994678572333
2018/10/02/14:03:43.126374,53280,1538481823,110801270,/world,vicon/IMUframe/IMUframe,-0.177662491981,0.14138264961,1.43970287787,0.00288122317591,-0.0362387618423,0.0927510608076,0.995025472745
2018/10/02/14:03:43.136529,53281,1538481823,120854040,/world,vicon/IMUframe/IMUframe,-0.177520534823,0.141718592047,1.44032213425,0.00171024895519,-0.0296956334753,0.0918124511585,0.995331963826
2018/10/02/14:03:43.146352,53282,1538481823,130782589,/world,vicon/IMUframe/IMUframe,-0.177338728988,0.142076039225,1.44097122565,0.000416799911838,-0.0231652518934,0.0911146420333,0.995570851014
2018/10/02/14:03:43.156374,53283,1538481823,140799108,/world,vicon/IMUframe/IMUframe,-0.177068476428,0.142428350693,1.44165113695,-0.000749135094531,-0.0170498536092,0.0905451825752,0.995746107801
2018/10/02/14:03:43.166260,53284,1538481823,150834010,/world,vicon/IMUframe/IMUframe,-0.176775414642,0.142780859434,1.44230465708,-0.0019538803065,-0.0111626624397,0.0902501168403,0.995854654922
2018/10/02/14:03:43.176327,53285,1538481823,160815687,/world,vicon/IMUframe/IMUframe,-0.176433034448,0.143218177729,1.44294487899,-0.00309284148655,-0.00569515089615,0.0901351255816,0.995908459008
2018/10/02/14:03:43.186299,53286,1538481823,170804412,/world,vicon/IMUframe/IMUframe,-0.176116202999,0.14356047191,1.4435585865,-0.00454309472073,-0.000631667400939,0.0899839980937,0.995932649015
2018/10/02/14:03:43.196330,53287,1538481823,180837345,/world,vicon/IMUframe/IMUframe,-0.17583311333,0.143853999653,1.44413580083,-0.00613095579748,0.00406666139747,0.0899354556283,0.995920422256
2018/10/02/14:03:43.206361,53288,1538481823,190838107,/world,vicon/IMUframe/IMUframe,-0.17559684905,0.14416140005,1.44470431938,-0.00792423056154,0.00827699812726,0.0897579800617,0.995897686957
2018/10/02/14:03:43.216605,53289,1538481823,200828894,/world,vicon/IMUframe/IMUframe,-0.175329192001,0.144609240661,1.44526598684,-0.00989160276006,0.0122888964333,0.0895914996929,0.995853655113
2018/10/02/14:03:43.226443,53290,1538481823,210826381,/world,vicon/IMUframe/IMUframe,-0.175109548129,0.144887234254,1.44577707088,-0.0116595831181,0.015477016404,0.0894606507433,0.99580184176
2018/10/02/14:03:43.236375,53291,1538481823,220805902,/world,vicon/IMUframe/IMUframe,-0.17488038466,0.145211761971,1.4463063589,-0.0137540057181,0.0185490822987,0.0894297892341,0.995725399731
2018/10/02/14:03:43.246383,53292,1538481823,230813944,/world,vicon/IMUframe/IMUframe,-0.17466374597,0.145527339564,1.44681599357,-0.0158912437126,0.0213061609817,0.0893423500919,0.995646252621
2018/10/02/14:03:43.256354,53293,1538481823,240807931,/world,vicon/IMUframe/IMUframe,-0.174318455835,0.145931404906,1.44739924296,-0.0180931886626,0.0239096693588,0.0894603626805,0.995538953404
2018/10/02/14:03:43.266468,53294,1538481823,250807729,/world,vicon/IMUframe/IMUframe,-0.17413884224,0.146125632538,1.44782900512,-0.0200437258164,0.0257741054321,0.0897627197558,0.995427847052
2018/10/02/14:03:43.276182,53295,1538481823,260796819,/world,vicon/IMUframe/IMUframe,-0.173922299324,0.146365479558,1.44829838835,-0.0221216373867,0.0275068571371,0.090078785913,0.995308905967
2018/10/02/14:03:43.286329,53296,1538481823,270785066,/world,vicon/IMUframe/IMUframe,-0.173667505222,0.146498605817,1.44877293854,-0.0240174142066,0.0289645560476,0.0908373181689,0.995154661314
2018/10/02/14:03:43.296266,53297,1538481823,280836550,/world,vicon/IMUframe/IMUframe,-0.173502791983,0.146723568054,1.44910024446,-0.0263350917333,0.030576634052,0.0913384770763,0.995001917083
2018/10/02/14:03:43.306338,53298,1538481823,290812838,/world,vicon/IMUframe/IMUframe,-0.173307842861,0.146948234697,1.44947889016,-0.0286587322909,0.0318396837706,0.0921083634691,0.994827101048
2018/10/02/14:03:43.316127,53299,1538481823,300814301,/world,vicon/IMUframe/IMUframe,-0.173087620323,0.147153814536,1.44985255922,-0.0309867044839,0.0328563846466,0.0928556696656,0.994654767617
2018/10/02/14:03:43.326149,53300,1538481823,310807266,/world,vicon/IMUframe/IMUframe,-0.172865094115,0.147373183667,1.45020381755,-0.0334123486395,0.0336663263032,0.0937171706074,0.994468343068
2018/10/02/14:03:43.336254,53301,1538481823,320833347,/world,vicon/IMUframe/IMUframe,-0.172609600489,0.147557664294,1.45055414002,-0.0360470091999,0.0344675350992,0.0946372150948,0.994261735999
2018/10/02/14:03:43.346087,53302,1538481823,330838253,/world,vicon/IMUframe/IMUframe,-0.172395242262,0.147705401847,1.45092642347,-0.0388886370065,0.0352236128753,0.0955336981627,0.994042395234
2018/10/02/14:03:43.356165,53303,1538481823,340796248,/world,vicon/IMUframe/IMUframe,-0.172229446028,0.147863147804,1.45130781196,-0.0418953445771,0.0360772449243,0.0963447568836,0.993811300158
2018/10/02/14:03:43.366114,53304,1538481823,350807315,/world,vicon/IMUframe/IMUframe,-0.172111341971,0.148013739479,1.45166969109,-0.0450166498171,0.0368085986694,0.0969265566796,0.993591400382
2018/10/02/14:03:43.376348,53305,1538481823,360819462,/world,vicon/IMUframe/IMUframe,-0.17201781147,0.148165896366,1.45201784133,-0.0481759969334,0.0374641305279,0.0973619152827,0.993376147134
2018/10/02/14:03:43.386280,53306,1538481823,370805359,/world,vicon/IMUframe/IMUframe,-0.171942510477,0.148344834342,1.45238608669,-0.0511967241363,0.0381247702372,0.0977010309218,0.993166605303
2018/10/02/14:03:43.396354,53307,1538481823,380820468,/world,vicon/IMUframe/IMUframe,-0.171904844446,0.148548633943,1.45274367557,-0.0542242190009,0.0388019181291,0.0980609636888,0.992944204185
2018/10/02/14:03:43.406205,53308,1538481823,390782476,/world,vicon/IMUframe/IMUframe,-0.171878697925,0.148860805275,1.4530918236,-0.0577621060489,0.0397254339123,0.0984697088824,0.992667691344
2018/10/02/14:03:43.416258,53309,1538481823,400828741,/world,vicon/IMUframe/IMUframe,-0.171881620222,0.148995381752,1.45342049546,-0.0606122727775,0.0404170925268,0.0986908386081,0.992447847192
2018/10/02/14:03:43.426095,53310,1538481823,410844874,/world,vicon/IMUframe/IMUframe,-0.171874067413,0.14913157374,1.45375229152,-0.0632918516264,0.0411973134652,0.0988933684069,0.992228312721
2018/10/02/14:03:43.436100,53311,1538481823,420786072,/world,vicon/IMUframe/IMUframe,-0.171874649562,0.149228857743,1.45404691176,-0.0657905509378,0.0419891555387,0.0990673998586,0.992015203769
2018/10/02/14:03:43.446058,53312,1538481823,430837282,/world,vicon/IMUframe/IMUframe,-0.171890954207,0.149335793022,1.45431287304,-0.0679025480617,0.042897324763,0.0991166595958,0.991829093789
2018/10/02/14:03:43.456311,53313,1538481823,440839803,/world,vicon/IMUframe/IMUframe,-0.171907891031,0.149392871388,1.45455553718,-0.069675294142,0.0437515724084,0.099145017065,0.991665981513
2018/10/02/14:03:43.466228,53314,1538481823,450851893,/world,vicon/IMUframe/IMUframe,-0.171899567739,0.14945639942,1.45480483849,-0.0711451268789,0.0447084352683,0.0991289926196,0.991520534109
2018/10/02/14:03:43.476374,53315,1538481823,460852200,/world,vicon/IMUframe/IMUframe,-0.171881174059,0.149487309833,1.45502403131,-0.0721624509389,0.0456630476308,0.099184195294,0.991397983738
2018/10/02/14:03:43.486134,53316,1538481823,470787834,/world,vicon/IMUframe/IMUframe,-0.171852690574,0.149535092047,1.45520513664,-0.0728065837773,0.0465729092131,0.0992230005416,0.991304676499
2018/10/02/14:03:43.496045,53317,1538481823,480815540,/world,vicon/IMUframe/IMUframe,-0.171809118003,0.149557539234,1.45536357479,-0.0730427524389,0.0474878665695,0.0993398193887,0.991232192339
2018/10/02/14:03:43.506187,53318,1538481823,490835967,/world,vicon/IMUframe/IMUframe,-0.171777212001,0.149549724055,1.4554948874,-0.0729993674408,0.0484039577636,0.0995344915527,0.991171546311
2018/10/02/14:03:43.516223,53319,1538481823,500835366,/world,vicon/IMUframe/IMUframe,-0.171772730763,0.149551674103,1.45560759162,-0.0727489685231,0.0493233678537,0.0995657546003,0.991141490138
2018/10/02/14:03:43.526277,53320,1538481823,510836128,/world,vicon/IMUframe/IMUframe,-0.171814988102,0.149489020363,1.45568657413,-0.0723353723169,0.0502690567344,0.0994926440772,0.991131590467
2018/10/02/14:03:43.536224,53321,1538481823,520863496,/world,vicon/IMUframe/IMUframe,-0.171875200543,0.149427855528,1.45575704507,-0.0718056885958,0.0512404849382,0.099190615087,0.991150633187
2018/10/02/14:03:43.546279,53322,1538481823,530793221,/world,vicon/IMUframe/IMUframe,-0.171934464414,0.149358509407,1.45577870139,-0.0710676335773,0.0520490583334,0.098905205331,0.991190217538
2018/10/02/14:03:43.556215,53323,1538481823,540870428,/world,vicon/IMUframe/IMUframe,-0.172018509424,0.149317676277,1.45578160417,-0.0701024872992,0.0529528416927,0.0985072713485,0.991250702558
2018/10/02/14:03:43.566264,53324,1538481823,550793413,/world,vicon/IMUframe/IMUframe,-0.172100596084,0.149250864392,1.45576348024,-0.0690381157521,0.0536659882716,0.0980464116897,0.991332740018
2018/10/02/14:03:43.576052,53325,1538481823,560842435,/world,vicon/IMUframe/IMUframe,-0.17216502776,0.149203906738,1.45573810101,-0.0678513915709,0.0543222417494,0.0976852120081,0.99141458637
2018/10/02/14:03:43.586094,53326,1538481823,570852367,/world,vicon/IMUframe/IMUframe,-0.172184132843,0.149135505995,1.45571448937,-0.0666857023373,0.0548760687964,0.0973896722859,0.991492252067
2018/10/02/14:03:43.596045,53327,1538481823,580827283,/world,vicon/IMUframe/IMUframe,-0.172254723843,0.149102019591,1.45566244306,-0.0655047494691,0.0553702228061,0.0971213011056,0.991569825628
2018/10/02/14:03:43.606126,53328,1538481823,590834874,/world,vicon/IMUframe/IMUframe,-0.172326202688,0.149090349203,1.45560357586,-0.0644439825812,0.0557597567849,0.0968158986116,0.991647368982
2018/10/02/14:03:43.616006,53329,1538481823,600856495,/world,vicon/IMUframe/IMUframe,-0.172433909336,0.149054056217,1.45556275611,-0.0636037577262,0.0561090077846,0.0965213923983,0.991710624153
2018/10/02/14:03:43.625877,53330,1538481823,610828771,/world,vicon/IMUframe/IMUframe,-0.172530035437,0.149016753096,1.4555553549,-0.0628803568926,0.0564126369133,0.0962888472153,0.9917621353
2018/10/02/14:03:43.636011,53331,1538481823,620859460,/world,vicon/IMUframe/IMUframe,-0.172621182394,0.148971943708,1.45554875834,-0.0623457949315,0.0567798967105,0.0961347418443,0.991789875223
2018/10/02/14:03:43.646085,53332,1538481823,630876853,/world,vicon/IMUframe/IMUframe,-0.172678821565,0.148950646747,1.45555469092,-0.061998104916,0.0571539798607,0.0961039436612,0.991793168753
2018/10/02/14:03:43.656088,53333,1538481823,640931596,/world,vicon/IMUframe/IMUframe,-0.172718822229,0.148947778734,1.45560142282,-0.0618000948446,0.0575196266256,0.0961194136342,0.991782889121
2018/10/02/14:03:43.666139,53334,1538481823,650835852,/world,vicon/IMUframe/IMUframe,-0.172756684345,0.148971533839,1.45565227102,-0.0616864064677,0.0578154996994,0.096136381861,0.991771118421
2018/10/02/14:03:43.676124,53335,1538481823,660816571,/world,vicon/IMUframe/IMUframe,-0.172776549806,0.149006147286,1.45572721364,-0.0617779295321,0.057988291742,0.0962319541137,0.9917460645
2018/10/02/14:03:43.686269,53336,1538481823,670831348,/world,vicon/IMUframe/IMUframe,-0.172781854056,0.149003792068,1.45580733413,-0.0621151308534,0.0579941190271,0.096413558502,0.991707022469
2018/10/02/14:03:43.696041,53337,1538481823,680822284,/world,vicon/IMUframe/IMUframe,-0.172782405581,0.149002240894,1.45590603795,-0.0627244112408,0.0579687876803,0.0967177355311,0.991640533421
2018/10/02/14:03:43.706125,53338,1538481823,690856420,/world,vicon/IMUframe/IMUframe,-0.172787640747,0.14900407692,1.4560519912,-0.0635291295429,0.0579110939563,0.097025516061,0.991562607267
2018/10/02/14:03:43.716197,53339,1538481823,700863573,/world,vicon/IMUframe/IMUframe,-0.172809259112,0.149027840449,1.456206572,-0.0645027141252,0.0578783262724,0.0973682211495,0.991468067428
2018/10/02/14:03:43.726036,53340,1538481823,710858077,/world,vicon/IMUframe/IMUframe,-0.172816644792,0.149009327829,1.45639190143,-0.0657872320132,0.0578095038262,0.0978054078499,0.991344644191
2018/10/02/14:03:43.736230,53341,1538481823,720836333,/world,vicon/IMUframe/IMUframe,-0.172836188164,0.149006234154,1.45659497425,-0.0672483013126,0.0577139889607,0.0982385853123,0.991209332989
2018/10/02/14:03:43.746102,53342,1538481823,730916050,/world,vicon/IMUframe/IMUframe,-0.172851004733,0.148966895536,1.45683080488,-0.0690111639637,0.0576224643375,0.0986722829073,0.991050398031
2018/10/02/14:03:43.756203,53343,1538481823,740840303,/world,vicon/IMUframe/IMUframe,-0.17289263088,0.14898526967,1.45707501671,-0.0708738236073,0.0575675268811,0.0991146220968,0.990877980713
2018/10/02/14:03:43.766260,53344,1538481823,750848714,/world,vicon/IMUframe/IMUframe,-0.172898433054,0.149024160153,1.4573561888,-0.0728040866697,0.0575992528854,0.0996590398354,0.990681566807
2018/10/02/14:03:43.776295,53345,1538481823,760826803,/world,vicon/IMUframe/IMUframe,-0.172882136224,0.149070196927,1.45766562416,-0.0748401944591,0.0577196602419,0.100304329216,0.990457685949
2018/10/02/14:03:43.786247,53346,1538481823,770802562,/world,vicon/IMUframe/IMUframe,-0.172822234149,0.149145702986,1.458089596,-0.0772456531181,0.058087817836,0.101156152151,0.990164808189
2018/10/02/14:03:43.796312,53347,1538481823,780775466,/world,vicon/IMUframe/IMUframe,-0.172747514683,0.149152650965,1.45857302401,-0.0795288638879,0.058465256804,0.102023532027,0.989872806207
2018/10/02/14:03:43.806270,53348,1538481823,790792277,/world,vicon/IMUframe/IMUframe,-0.172747221397,0.149122959996,1.45899160852,-0.0819602946971,0.0587397590854,0.103049574153,0.989551886493
2018/10/02/14:03:43.816293,53349,1538481823,800791927,/world,vicon/IMUframe/IMUframe,-0.172705230198,0.149150253621,1.45951858175,-0.0846907994344,0.0593294761084,0.103957424132,0.989191758823
2018/10/02/14:03:43.826365,53350,1538481823,810814703,/world,vicon/IMUframe/IMUframe,-0.172682267501,0.149227052799,1.46008511965,-0.0875369560063,0.0600945562468,0.104822075751,0.988806481612
2018/10/02/14:03:43.836454,53351,1538481823,820792882,/world,vicon/IMUframe/IMUframe,-0.172697378466,0.149385812506,1.4606494571,-0.0909170692245,0.060799923731,0.105611432283,0.988374261689
2018/10/02/14:03:43.846170,53352,1538481823,830820303,/world,vicon/IMUframe/IMUframe,-0.172700873923,0.149474230057,1.46132075157,-0.0940829058026,0.0616251225848,0.106227024443,0.987960814193
2018/10/02/14:03:43.856231,53353,1538481823,840810498,/world,vicon/IMUframe/IMUframe,-0.172691551017,0.149542645896,1.46202098607,-0.0974313448601,0.0626040158328,0.106740332054,0.987519301965
2018/10/02/14:03:43.866114,53354,1538481823,850827165,/world,vicon/IMUframe/IMUframe,-0.172716897032,0.149650743504,1.4627467588,-0.100816080246,0.0638173944481,0.107176842226,0.987054498303
2018/10/02/14:03:43.876236,53355,1538481823,860866388,/world,vicon/IMUframe/IMUframe,-0.172782104023,0.149751409362,1.46352863709,-0.104520106741,0.0653588296322,0.107511042205,0.986531878086
2018/10/02/14:03:43.886508,53356,1538481823,870839276,/world,vicon/IMUframe/IMUframe,-0.172786146436,0.149750021265,1.46441182229,-0.108708563608,0.0671819107824,0.107786250681,0.985926550624
2018/10/02/14:03:43.896458,53357,1538481823,880865289,/world,vicon/IMUframe/IMUframe,-0.172940281518,0.149898316966,1.46524101877,-0.113021891704,0.0689823799884,0.108076526599,0.98528521132
2018/10/02/14:03:43.906865,53358,1538481823,890837513,/world,vicon/IMUframe/IMUframe,-0.173128579867,0.150073451675,1.46605759743,-0.117039840285,0.0711384986291,0.107767522333,0.98469647655
2018/10/02/14:03:43.916454,53359,1538481823,900822823,/world,vicon/IMUframe/IMUframe,-0.173242313345,0.150225128388,1.46698316771,-0.12137043186,0.0736808008219,0.107427482912,0.984022201871
2018/10/02/14:03:43.926467,53360,1538481823,910814181,/world,vicon/IMUframe/IMUframe,-0.173325064373,0.150387138792,1.46794178037,-0.125778782676,0.0763791249871,0.106927123598,0.983317099075
2018/10/02/14:03:43.936222,53361,1538481823,920792342,/world,vicon/IMUframe/IMUframe,-0.173443441634,0.150500708784,1.46889899364,-0.130248275536,0.0793014809314,0.106409852885,0.982559720857
2018/10/02/14:03:43.946516,53362,1538481823,930831540,/world,vicon/IMUframe/IMUframe,-0.173646506645,0.150718240743,1.46984705391,-0.134648800134,0.0827048179234,0.10557761644,0.981775422702
2018/10/02/14:03:43.956253,53363,1538481823,940830699,/world,vicon/IMUframe/IMUframe,-0.173753826169,0.150831126351,1.47079491377,-0.139062081769,0.0863080198048,0.105167031214,0.98089375504
2018/10/02/14:03:43.966346,53364,1538481823,950794577,/world,vicon/IMUframe/IMUframe,-0.173821425997,0.15071307433,1.4718221921,-0.142477210616,0.0895701581266,0.104642464056,0.980167019413
2018/10/02/14:03:43.976135,53365,1538481823,960860420,/world,vicon/IMUframe/IMUframe,-0.173838930113,0.150877180392,1.47290453385,-0.146547393979,0.0934454647916,0.104156255184,0.979256493945
2018/10/02/14:03:43.986316,53366,1538481823,970826604,/world,vicon/IMUframe/IMUframe,-0.173939763209,0.151189376939,1.47454899017,-0.156348054916,0.0979739267065,0.102105261488,0.977512614234
2018/10/02/14:03:43.996320,53367,1538481823,980802763,/world,vicon/IMUframe/IMUframe,-0.173969880521,0.15132355998,1.47552141518,-0.160503271408,0.102025079373,0.101565776144,0.976480402344
2018/10/02/14:03:44.006274,53368,1538481823,990845824,/world,vicon/IMUframe/IMUframe,-0.173928267287,0.151512399743,1.47655018594,-0.164580152997,0.106325972605,0.10066900719,0.975435242228
2018/10/02/14:03:44.016412,53369,1538481824,844738,/world,vicon/IMUframe/IMUframe,-0.174000540379,0.151617708774,1.47747841313,-0.168826241559,0.110357740681,0.100078964969,0.974321851343
2018/10/02/14:03:44.026482,53370,1538481824,10836428,/world,vicon/IMUframe/IMUframe,-0.174028348703,0.151806351588,1.47849014089,-0.172922603804,0.114422663332,0.0992291504469,0.973220839744
2018/10/02/14:03:44.036418,53371,1538481824,20833970,/world,vicon/IMUframe/IMUframe,-0.173864125686,0.152270722052,1.47900020945,-0.174191748326,0.118774340961,0.100617338021,0.972330212445
2018/10/02/14:03:44.046330,53372,1538481824,30794905,/world,vicon/IMUframe/IMUframe,-0.173785878343,0.152452240349,1.4799762483,-0.178759734106,0.122931693601,0.0997213374628,0.971075903843
2018/10/02/14:03:44.056347,53373,1538481824,40810502,/world,vicon/IMUframe/IMUframe,-0.173781306318,0.152730058417,1.48098262103,-0.1829905055,0.127074631488,0.0985433219582,0.969874077717
2018/10/02/14:03:44.066354,53374,1538481824,50837125,/world,vicon/IMUframe/IMUframe,-0.173746500301,0.153043908324,1.48204527833,-0.187377166121,0.1314121996,0.0975278655406,0.968560244309
2018/10/02/14:03:44.076314,53375,1538481824,60851178,/world,vicon/IMUframe/IMUframe,-0.17365908619,0.153313857592,1.48309066889,-0.191834745617,0.135750309851,0.0963669704948,0.967204575437
2018/10/02/14:03:44.086274,53376,1538481824,70835290,/world,vicon/IMUframe/IMUframe,-0.173584351424,0.15363658862,1.48415179218,-0.196379495214,0.140213915838,0.0951732452481,0.965772853757
2018/10/02/14:03:44.096447,53377,1538481824,80852982,/world,vicon/IMUframe/IMUframe,-0.173531699347,0.153971377478,1.48520564028,-0.201020851592,0.144542333464,0.0938943849518,0.964303881324
2018/10/02/14:03:44.106515,53378,1538481824,90844345,/world,vicon/IMUframe/IMUframe,-0.173448108478,0.154327924804,1.48624708639,-0.205742915121,0.149018253424,0.0925571323593,0.962754688523
2018/10/02/14:03:44.116236,53379,1538481824,100816167,/world,vicon/IMUframe/IMUframe,-0.173329126997,0.154685290782,1.48725378893,-0.210523626269,0.153569424764,0.0910613306826,0.961147266871
2018/10/02/14:03:44.126286,53380,1538481824,110822884,/world,vicon/IMUframe/IMUframe,-0.173133624476,0.155088165936,1.48828404207,-0.215337783666,0.158075090534,0.0895515977431,0.959490706584
2018/10/02/14:03:44.136248,53381,1538481824,120843256,/world,vicon/IMUframe/IMUframe,-0.173005318851,0.155690885266,1.48932648448,-0.220326937222,0.162585850693,0.0883459534662,0.957714401267
2018/10/02/14:03:44.146404,53382,1538481824,130829051,/world,vicon/IMUframe/IMUframe,-0.172807585655,0.156156465157,1.49038061818,-0.225062088466,0.166869135149,0.0871914113594,0.955980860611
2018/10/02/14:03:44.156669,53383,1538481824,140845586,/world,vicon/IMUframe/IMUframe,-0.172409426774,0.156395877672,1.49229374392,-0.233545195751,0.170214371083,0.0845248165138,0.95359281919
2018/10/02/14:03:44.166380,53384,1538481824,150795072,/world,vicon/IMUframe/IMUframe,-0.172174741661,0.156857617145,1.49331529233,-0.238304278275,0.174675887952,0.0834311723461,0.951703023324
2018/10/02/14:03:44.176468,53385,1538481824,160828297,/world,vicon/IMUframe/IMUframe,-0.171949742105,0.157389888593,1.49446609092,-0.243222146923,0.179048364724,0.0819998517234,0.949768758516
2018/10/02/14:03:44.186421,53386,1538481824,170850712,/world,vicon/IMUframe/IMUframe,-0.171665244254,0.157912784701,1.49551416451,-0.24799103156,0.183636082713,0.080894840377,0.947752215609
2018/10/02/14:03:44.196348,53387,1538481824,180857181,/world,vicon/IMUframe/IMUframe,-0.171360407492,0.158471418383,1.49654048301,-0.252776025221,0.18822674973,0.0796289965688,0.945692441899
2018/10/02/14:03:44.206486,53388,1538481824,190815177,/world,vicon/IMUframe/IMUframe,-0.171066800619,0.159062518428,1.49758714156,-0.257526642366,0.192950545917,0.0784642829189,0.943553640027
2018/10/02/14:03:44.216424,53389,1538481824,200822916,/world,vicon/IMUframe/IMUframe,-0.170693344605,0.159642345768,1.4986367247,-0.26239886377,0.197647341997,0.0773094852749,0.941331826712
2018/10/02/14:03:44.226499,53390,1538481824,210813916,/world,vicon/IMUframe/IMUframe,-0.170295501555,0.160254657428,1.49968306009,-0.267141624579,0.20227928463,0.0763028674232,0.939093347783
2018/10/02/14:03:44.236328,53391,1538481824,220844612,/world,vicon/IMUframe/IMUframe,-0.169762281544,0.160916146745,1.50079330482,-0.272348730611,0.206963195159,0.0751515411988,0.936666776735
2018/10/02/14:03:44.246579,53392,1538481824,230795378,/world,vicon/IMUframe/IMUframe,-0.169252205264,0.161614064306,1.50186837858,-0.277659026011,0.211954047993,0.0740192538928,0.93407820704
2018/10/02/14:03:44.256040,53393,1538481824,240825904,/world,vicon/IMUframe/IMUframe,-0.168718526965,0.16224247153,1.50296097778,-0.282924617447,0.216674229812,0.0731604163137,0.931479195937
2018/10/02/14:03:44.266157,53394,1538481824,250785966,/world,vicon/IMUframe/IMUframe,-0.168148835735,0.162950731393,1.50405998629,-0.288408566175,0.221705896057,0.0720268898402,0.92869754051
2018/10/02/14:03:44.276686,53395,1538481824,260865916,/world,vicon/IMUframe/IMUframe,-0.16752076862,0.163683437468,1.50513243731,-0.293988369071,0.22675604591,0.0710293086558,0.925800935302
2018/10/02/14:03:44.286427,53396,1538481824,270901579,/world,vicon/IMUframe/IMUframe,-0.167084514405,0.16448531362,1.50607718077,-0.299297145285,0.232207982929,0.0700473981816,0.922818526849
2018/10/02/14:03:44.296573,53397,1538481824,280798989,/world,vicon/IMUframe/IMUframe,-0.166424165235,0.165268590103,1.50715919386,-0.304782596594,0.237616409441,0.0689564620942,0.919723337267
2018/10/02/14:03:44.306336,53398,1538481824,290788300,/world,vicon/IMUframe/IMUframe,-0.165622206016,0.165981743271,1.50810791648,-0.310336057013,0.243054159618,0.067801163821,0.916525618515
2018/10/02/14:03:44.316373,53399,1538481824,300813118,/world,vicon/IMUframe/IMUframe,-0.164877818565,0.166772147947,1.50921734651,-0.315786110481,0.248658001694,0.0664070636371,0.913257046247
2018/10/02/14:03:44.326293,53400,1538481824,310819437,/world,vicon/IMUframe/IMUframe,-0.164120214655,0.167610389946,1.51034440551,-0.321053908883,0.254283941991,0.0647519625368,0.909984201942
2018/10/02/14:03:44.336147,53401,1538481824,320850690,/world,vicon/IMUframe/IMUframe,-0.163369119589,0.168424468428,1.51149914954,-0.326217772644,0.259981403865,0.0630881130543,0.906648512074
2018/10/02/14:03:44.346065,53402,1538481824,330829481,/world,vicon/IMUframe/IMUframe,-0.162555483002,0.169255911379,1.51267486261,-0.331160488322,0.265601049032,0.0613507688862,0.903340963803
2018/10/02/14:03:44.356131,53403,1538481824,340854908,/world,vicon/IMUframe/IMUframe,-0.16179596906,0.17011647737,1.51381544971,-0.335764533621,0.271216045984,0.0594376826543,0.900095104
2018/10/02/14:03:44.366057,53404,1538481824,350848366,/world,vicon/IMUframe/IMUframe,-0.160960028353,0.170993879821,1.51498028209,-0.340153638728,0.276702455038,0.0576809619368,0.896885812167
2018/10/02/14:03:44.376149,53405,1538481824,360838639,/world,vicon/IMUframe/IMUframe,-0.160157445077,0.171828918208,1.51614398296,-0.344232785642,0.282098348562,0.0559723648282,0.893751310714
2018/10/02/14:03:44.386067,53406,1538481824,370849782,/world,vicon/IMUframe/IMUframe,-0.159358663188,0.172656962013,1.51728382102,-0.347960927265,0.287336415147,0.054325318188,0.890735503632
2018/10/02/14:03:44.396241,53407,1538481824,380879237,/world,vicon/IMUframe/IMUframe,-0.158251163297,0.173214519917,1.51850305643,-0.351213862536,0.292824547764,0.0540612593343,0.887682368434
2018/10/02/14:03:44.406116,53408,1538481824,390838756,/world,vicon/IMUframe/IMUframe,-0.157335650115,0.173942756366,1.51959916851,-0.354404637552,0.297814241461,0.0530280383134,0.884811876965
2018/10/02/14:03:44.416829,53409,1538481824,401084383,/world,vicon/IMUframe/IMUframe,-0.156386309918,0.17462498742,1.52069482218,-0.357261644267,0.302618951567,0.0521635949824,0.882079841651
2018/10/02/14:03:44.427833,53410,1538481824,412314420,/world,vicon/IMUframe/IMUframe,-0.155128280116,0.175039658346,1.5218207036,-0.359744138148,0.307096611792,0.0524922242353,0.879500081005
2018/10/02/14:03:44.436446,53411,1538481824,420961382,/world,vicon/IMUframe/IMUframe,-0.1542511705,0.175718846371,1.52294613061,-0.362024610589,0.311427948727,0.051696728567,0.877085094124
2018/10/02/14:03:44.446275,53412,1538481824,430818499,/world,vicon/IMUframe/IMUframe,-0.153350205134,0.176427239005,1.52408059792,-0.364084461364,0.315544399328,0.0508467124998,0.874807892553
2018/10/02/14:03:44.456308,53413,1538481824,440822078,/world,vicon/IMUframe/IMUframe,-0.15247578892,0.177106022964,1.52520921264,-0.36594337231,0.319573859895,0.0502356233343,0.872602073389
2018/10/02/14:03:44.466145,53414,1538481824,450864385,/world,vicon/IMUframe/IMUframe,-0.151466446076,0.177697628537,1.52639312712,-0.367639674477,0.323450000868,0.0499428664314,0.870475086824
2018/10/02/14:03:44.476386,53415,1538481824,460860386,/world,vicon/IMUframe/IMUframe,-0.15051155823,0.178324963349,1.52764825175,-0.369265585305,0.32728559066,0.0498398759449,0.868356526101
2018/10/02/14:03:44.486266,53416,1538481824,470877533,/world,vicon/IMUframe/IMUframe,-0.149520846344,0.178870610956,1.52892632073,-0.370856917701,0.330839569407,0.0498143337191,0.866330686323
2018/10/02/14:03:44.496325,53417,1538481824,480816278,/world,vicon/IMUframe/IMUframe,-0.148527338272,0.179549678792,1.53021175426,-0.372389009547,0.334492021809,0.0494654920396,0.864288538633
2018/10/02/14:03:44.506215,53418,1538481824,490859055,/world,vicon/IMUframe/IMUframe,-0.147628021282,0.18014547883,1.53161533043,-0.374142739791,0.337962386749,0.0494279577161,0.862180672713
2018/10/02/14:03:44.516446,53419,1538481824,500814138,/world,vicon/IMUframe/IMUframe,-0.146804062128,0.180693570426,1.53299488965,-0.37583217339,0.3416749892,0.0496031161403,0.859969714623
2018/10/02/14:03:44.526315,53420,1538481824,510875902,/world,vicon/IMUframe/IMUframe,-0.145796511715,0.181200350621,1.53445416652,-0.37779549877,0.344893157632,0.0502196560435,0.857786253722
2018/10/02/14:03:44.536310,53421,1538481824,520808424,/world,vicon/IMUframe/IMUframe,-0.144738286769,0.181732687404,1.53597168806,-0.379939188162,0.348030400431,0.0508377159747,0.855532921815
2018/10/02/14:03:44.546310,53422,1538481824,530818091,/world,vicon/IMUframe/IMUframe,-0.143794899684,0.18230801276,1.53755218839,-0.382113102967,0.351502864102,0.0515595315105,0.853098427955
2018/10/02/14:03:44.556229,53423,1538481824,540841518,/world,vicon/IMUframe/IMUframe,-0.142840704197,0.183010114035,1.5392086799,-0.384617681239,0.35466094837,0.0518709962618,0.850643433364
2018/10/02/14:03:44.566092,53424,1538481824,550850539,/world,vicon/IMUframe/IMUframe,-0.141844167524,0.183820103453,1.54094877232,-0.387402642724,0.357747087551,0.0521324673694,0.848067461706
2018/10/02/14:03:44.576076,53425,1538481824,560843665,/world,vicon/IMUframe/IMUframe,-0.140831561865,0.184602643363,1.54272729244,-0.390354440553,0.36073082782,0.0524049787141,0.845429121102
2018/10/02/14:03:44.586169,53426,1538481824,570858689,/world,vicon/IMUframe/IMUframe,-0.139542412238,0.185264265195,1.54453464623,-0.393546459175,0.363504446545,0.0532972672838,0.842701075775
2018/10/02/14:03:44.596173,53427,1538481824,580851799,/world,vicon/IMUframe/IMUframe,-0.138416560036,0.186133089581,1.54622524615,-0.396193855849,0.366849414162,0.0544852119387,0.839930531411
2018/10/02/14:03:44.606077,53428,1538481824,590837702,/world,vicon/IMUframe/IMUframe,-0.137290384968,0.187004236261,1.54818423359,-0.399667696296,0.370024249601,0.0552258850156,0.836838030248
2018/10/02/14:03:44.616260,53429,1538481824,600848018,/world,vicon/IMUframe/IMUframe,-0.136123028635,0.187907221424,1.55020815242,-0.403217617653,0.373338834871,0.0559209036304,0.8336105324
2018/10/02/14:03:44.626531,53430,1538481824,610849357,/world,vicon/IMUframe/IMUframe,-0.134810222836,0.188788386848,1.55254597002,-0.407654468501,0.37630635912,0.0562778055067,0.83008684305
2018/10/02/14:03:44.636096,53431,1538481824,620805441,/world,vicon/IMUframe/IMUframe,-0.133488113457,0.189853874907,1.55467211006,-0.411446148039,0.37952550962,0.0570395375633,0.826691566406
2018/10/02/14:03:44.646199,53432,1538481824,630819756,/world,vicon/IMUframe/IMUframe,-0.132243777578,0.190761715225,1.55686589751,-0.415129416625,0.382785090462,0.0575929638269,0.82330200564
2018/10/02/14:03:44.656368,53433,1538481824,640887356,/world,vicon/IMUframe/IMUframe,-0.131074599076,0.19173494623,1.55904668656,-0.419072357666,0.386048579345,0.0581326067613,0.819734989772
2018/10/02/14:03:44.666266,53434,1538481824,650869121,/world,vicon/IMUframe/IMUframe,-0.129811390226,0.192706357255,1.56123833685,-0.422563782647,0.389369231561,0.0581007357677,0.816367414595
2018/10/02/14:03:44.676320,53435,1538481824,660849849,/world,vicon/IMUframe/IMUframe,-0.128619737967,0.193768334219,1.56350409507,-0.425886633561,0.392194118832,0.05809133431,0.813283311882
2018/10/02/14:03:44.686363,53436,1538481824,670840596,/world,vicon/IMUframe/IMUframe,-0.127485759711,0.19461514211,1.56576350158,-0.428818384443,0.395729696382,0.0583888610022,0.810002186093
2018/10/02/14:03:44.696508,53437,1538481824,680858001,/world,vicon/IMUframe/IMUframe,-0.126168618095,0.195703685672,1.56792685144,-0.430722554502,0.399665559254,0.0591838609276,0.806996153891
2018/10/02/14:03:44.706451,53438,1538481824,690870696,/world,vicon/IMUframe/IMUframe,-0.124843319421,0.196727848637,1.57032837425,-0.433413554879,0.402765785255,0.0594585619088,0.803988241264
2018/10/02/14:03:44.716287,53439,1538481824,700807869,/world,vicon/IMUframe/IMUframe,-0.123471606595,0.197856909488,1.57275793728,-0.436304151134,0.405879075677,0.0599938922651,0.800813084634
2018/10/02/14:03:44.726467,53440,1538481824,710825066,/world,vicon/IMUframe/IMUframe,-0.121620431374,0.199787356103,1.57501249197,-0.432158900771,0.405352563753,0.061525944778,0.803207657871
2018/10/02/14:03:44.736346,53441,1538481824,720802083,/world,vicon/IMUframe/IMUframe,-0.121073512345,0.200469179193,1.5776355635,-0.442009334704,0.41190460578,0.0605637210618,0.794540357353
2018/10/02/14:03:44.746253,53442,1538481824,730819166,/world,vicon/IMUframe/IMUframe,-0.119790352702,0.201789522634,1.58018141693,-0.444921971925,0.414854117384,0.0607792269182,0.791357306002
2018/10/02/14:03:44.756410,53443,1538481824,740847373,/world,vicon/IMUframe/IMUframe,-0.118525370108,0.203116074521,1.58275058153,-0.44777559954,0.417830705334,0.0608755903337,0.788167924137
2018/10/02/14:03:44.765947,53444,1538481824,750821317,/world,vicon/IMUframe/IMUframe,-0.1175124131,0.204276655649,1.58457272545,-0.447059533269,0.421984932593,0.0608238589576,0.786363114954
2018/10/02/14:03:44.776193,53445,1538481824,760816772,/world,vicon/IMUframe/IMUframe,-0.116203036554,0.205653931173,1.58723517641,-0.450250642661,0.42484111522,0.0606271301779,0.783012603148
2018/10/02/14:03:44.786216,53446,1538481824,770878635,/world,vicon/IMUframe/IMUframe,-0.115009898813,0.207010841265,1.58978144623,-0.453166837594,0.42770401334,0.0604486522801,0.779778849877
2018/10/02/14:03:44.796376,53447,1538481824,780884785,/world,vicon/IMUframe/IMUframe,-0.113829106161,0.208696140192,1.59238287198,-0.45591418186,0.431034351389,0.0596303401795,0.776399297547
2018/10/02/14:03:44.806366,53448,1538481824,790868885,/world,vicon/IMUframe/IMUframe,-0.112636076105,0.210137630805,1.59490543797,-0.45850381329,0.433644714679,0.0594562171704,0.773428388973
2018/10/02/14:03:44.816323,53449,1538481824,800845947,/world,vicon/IMUframe/IMUframe,-0.111339994624,0.211629555215,1.59743457967,-0.461350010535,0.436246011167,0.0587286411556,0.770322356049
2018/10/02/14:03:44.826283,53450,1538481824,810839829,/world,vicon/IMUframe/IMUframe,-0.110065824954,0.21334636768,1.60001996043,-0.464088897475,0.438923071857,0.0578161800654,0.767219213494
2018/10/02/14:03:44.836287,53451,1538481824,820806210,/world,vicon/IMUframe/IMUframe,-0.108882101967,0.214776586242,1.60244288945,-0.46690599571,0.441140997144,0.0573278039791,0.764268889005
2018/10/02/14:03:44.846276,53452,1538481824,830825764,/world,vicon/IMUframe/IMUframe,-0.108010657152,0.216422009985,1.60482637054,-0.469902660436,0.44423346263,0.0565927511146,0.760687439699
2018/10/02/14:03:44.856572,53453,1538481824,840843083,/world,vicon/IMUframe/IMUframe,-0.106459265124,0.217987561022,1.60742431036,-0.472357476566,0.446441908575,0.0556738025212,0.757936979116
2018/10/02/14:03:44.866274,53454,1538481824,850824113,/world,vicon/IMUframe/IMUframe,-0.105343587179,0.219507009085,1.60993250284,-0.474910441843,0.44903851332,0.0552055168194,0.75483563555
2018/10/02/14:03:44.876191,53455,1538481824,860814057,/world,vicon/IMUframe/IMUframe,-0.104430814942,0.220847952571,1.61206986222,-0.477982128542,0.451347611108,0.0548844005235,0.751535841674
2018/10/02/14:03:44.886123,53456,1538481824,870805017,/world,vicon/IMUframe/IMUframe,-0.103022973829,0.222336449449,1.61436200176,-0.480282120445,0.453503660295,0.0539164897028,0.748836782629
2018/10/02/14:03:44.896198,53457,1538481824,880868350,/world,vicon/IMUframe/IMUframe,-0.101873381378,0.223863336086,1.61654209239,-0.482756270854,0.456090698258,0.0530683204309,0.745728778632
2018/10/02/14:03:44.906140,53458,1538481824,890850017,/world,vicon/IMUframe/IMUframe,-0.100546075818,0.225291399154,1.61875063603,-0.48513499277,0.458611565271,0.0524561224998,0.742676124702
2018/10/02/14:03:44.916307,53459,1538481824,900858169,/world,vicon/IMUframe/IMUframe,-0.0997901422933,0.226926411368,1.62076422688,-0.487854795521,0.461777208777,0.0520087176946,0.738955073888
2018/10/02/14:03:44.926267,53460,1538481824,910859242,/world,vicon/IMUframe/IMUframe,-0.0986294638868,0.228573195431,1.62277417925,-0.489869942186,0.464098898613,0.0514574313724,0.736200913342
2018/10/02/14:03:44.936617,53461,1538481824,920856196,/world,vicon/IMUframe/IMUframe,-0.0973900285005,0.230063353067,1.62484611047,-0.491923696749,0.466191141972,0.0509130254201,0.733542609237
2018/10/02/14:03:44.946119,53462,1538481824,930822257,/world,vicon/IMUframe/IMUframe,-0.0963665742277,0.231668065423,1.62679373752,-0.493999577559,0.468226847215,0.0506433824203,0.730864751329
2018/10/02/14:03:44.956213,53463,1538481824,940828696,/world,vicon/IMUframe/IMUframe,-0.0953427861748,0.23325923345,1.6286974334,-0.495976981967,0.470239374731,0.0501713544405,0.728261353502
2018/10/02/14:03:44.966265,53464,1538481824,950890606,/world,vicon/IMUframe/IMUframe,-0.0944278655569,0.234774981843,1.63050570664,-0.497984859354,0.472090697448,0.049752794585,0.725717653546
2018/10/02/14:03:44.976356,53465,1538481824,960880559,/world,vicon/IMUframe/IMUframe,-0.0934004183235,0.236129138678,1.63226038528,-0.500091902016,0.473682166025,0.0493863405708,0.723252573098
2018/10/02/14:03:44.986264,53466,1538481824,970854212,/world,vicon/IMUframe/IMUframe,-0.0925058515265,0.237560460385,1.63389823093,-0.501987582829,0.475122983766,0.0491389939083,0.721007611791
2018/10/02/14:03:44.996387,53467,1538481824,980866978,/world,vicon/IMUframe/IMUframe,-0.0918333866092,0.239118840379,1.63543627172,-0.503554797628,0.476591937346,0.0490922256323,0.718945508662
2018/10/02/14:03:45.006301,53468,1538481824,990818552,/world,vicon/IMUframe/IMUframe,-0.0910066336559,0.240455728767,1.63694549968,-0.505176642538,0.477773329502,0.0491496565913,0.717017096524
2018/10/02/14:03:45.016330,53469,1538481825,864227,/world,vicon/IMUframe/IMUframe,-0.0901988825039,0.241781032405,1.63839726282,-0.506721853265,0.478795340825,0.0494076390857,0.715225048658
2018/10/02/14:03:45.026209,53470,1538481825,10842761,/world,vicon/IMUframe/IMUframe,-0.0893480078092,0.243100117346,1.63974069233,-0.507928381594,0.479600335561,0.0497833040704,0.7138024236
2018/10/02/14:03:45.036201,53471,1538481825,20875448,/world,vicon/IMUframe/IMUframe,-0.0887541682135,0.244223504761,1.64102744411,-0.509338462751,0.480658474788,0.0502065704114,0.712054114
2018/10/02/14:03:45.046302,53472,1538481825,30866044,/world,vicon/IMUframe/IMUframe,-0.087753063945,0.245540265176,1.64232266927,-0.510970571924,0.481156711405,0.0508895827045,0.710498095754
2018/10/02/14:03:45.056390,53473,1538481825,40875326,/world,vicon/IMUframe/IMUframe,-0.087016260456,0.24669785922,1.6434625555,-0.512269285575,0.481923229648,0.0514695441972,0.709000046405
2018/10/02/14:03:45.066413,53474,1538481825,50878499,/world,vicon/IMUframe/IMUframe,-0.0862041917842,0.247862374529,1.64458235821,-0.513769901781,0.48269386832,0.052191373372,0.707335265666
2018/10/02/14:03:45.076358,53475,1538481825,60867480,/world,vicon/IMUframe/IMUframe,-0.0855175611432,0.248956589563,1.64555785936,-0.514866876027,0.483686763695,0.052698021358,0.705820184708
2018/10/02/14:03:45.086317,53476,1538481825,70820993,/world,vicon/IMUframe/IMUframe,-0.0847854960582,0.250065199306,1.64650711034,-0.516052502581,0.484630358324,0.0532255713078,0.704265765836
2018/10/02/14:03:45.096221,53477,1538481825,80848686,/world,vicon/IMUframe/IMUframe,-0.0840015262515,0.251172555236,1.6474248554,-0.517388747358,0.485624993362,0.0537463440851,0.702558595724
2018/10/02/14:03:45.106384,53478,1538481825,90854195,/world,vicon/IMUframe/IMUframe,-0.0832117770252,0.252257829273,1.64828357872,-0.518841444484,0.486647368199,0.05417333224,0.70074470714
2018/10/02/14:03:45.116305,53479,1538481825,100861049,/world,vicon/IMUframe/IMUframe,-0.0822617322171,0.253421056663,1.64907625567,-0.520109990268,0.487704745633,0.0542552990179,0.699060828282
2018/10/02/14:03:45.126218,53480,1538481825,110869350,/world,vicon/IMUframe/IMUframe,-0.0815452383961,0.254594738104,1.64985522442,-0.521630573181,0.489174748661,0.0542600801706,0.696897018285
2018/10/02/14:03:45.136449,53481,1538481825,120844604,/world,vicon/IMUframe/IMUframe,-0.08076265419,0.255706664155,1.65053215992,-0.523148029501,0.490564604336,0.0541897152585,0.694784846526
2018/10/02/14:03:45.146373,53482,1538481825,130865721,/world,vicon/IMUframe/IMUframe,-0.0800238750554,0.256726675877,1.65116855541,-0.52457736249,0.491733133377,0.0543016803376,0.692869716336
2018/10/02/14:03:45.156394,53483,1538481825,140858591,/world,vicon/IMUframe/IMUframe,-0.0792580287129,0.257729755954,1.65174209543,-0.525973437072,0.493038730702,0.0543251281697,0.690878812797
2018/10/02/14:03:45.166421,53484,1538481825,150820996,/world,vicon/IMUframe/IMUframe,-0.0785128261913,0.258693276462,1.65225930443,-0.527165097026,0.494425977139,0.0542747185516,0.688980528414
2018/10/02/14:03:45.176139,53485,1538481825,160807562,/world,vicon/IMUframe/IMUframe,-0.0777686516454,0.259634050022,1.65274547847,-0.528105716654,0.495873694195,0.0541743362924,0.687225416243
2018/10/02/14:03:45.186407,53486,1538481825,170820486,/world,vicon/IMUframe/IMUframe,-0.0771195496375,0.260479337262,1.65316534882,-0.528941338508,0.497407453055,0.054025227725,0.685483888091
2018/10/02/14:03:45.196324,53487,1538481825,180916719,/world,vicon/IMUframe/IMUframe,-0.0764966725353,0.261313974118,1.65356261822,-0.52959933011,0.498889798574,0.053868805989,0.683909109581
2018/10/02/14:03:45.206253,53488,1538481825,190829651,/world,vicon/IMUframe/IMUframe,-0.0759338505094,0.262091882509,1.65392425565,-0.530057949548,0.50032172939,0.0536896680559,0.68252044421
2018/10/02/14:03:45.216462,53489,1538481825,200838259,/world,vicon/IMUframe/IMUframe,-0.0754333788388,0.262781438462,1.65422720884,-0.530401071959,0.501599446121,0.0535315815596,0.681327431043
2018/10/02/14:03:45.226192,53490,1538481825,210828242,/world,vicon/IMUframe/IMUframe,-0.0749612844113,0.263446002859,1.65453209176,-0.530566776903,0.502822797048,0.0534434997429,0.680302816656
2018/10/02/14:03:45.236332,53491,1538481825,220836501,/world,vicon/IMUframe/IMUframe,-0.0744090659925,0.264123497374,1.65475661386,-0.530563132652,0.504287615452,0.053019417364,0.679253785087
2018/10/02/14:03:45.246399,53492,1538481825,230923667,/world,vicon/IMUframe/IMUframe,-0.0740274382565,0.26465601111,1.6550077909,-0.530476929047,0.505238883162,0.0529817209003,0.678616855037
2018/10/02/14:03:45.256279,53493,1538481825,240826236,/world,vicon/IMUframe/IMUframe,-0.0737120396093,0.265158663603,1.65523455437,-0.530268431664,0.506251924678,0.0527126677643,0.678045539619
2018/10/02/14:03:45.266305,53494,1538481825,250807068,/world,vicon/IMUframe/IMUframe,-0.07346294732,0.265597774961,1.6554177583,-0.530079650789,0.507147143381,0.0523974378616,0.677548409551
2018/10/02/14:03:45.276376,53495,1538481825,260840861,/world,vicon/IMUframe/IMUframe,-0.073217228,0.266011214182,1.65559482651,-0.529804968997,0.507932677346,0.0520151376571,0.677204190451
2018/10/02/14:03:45.286339,53496,1538481825,270837066,/world,vicon/IMUframe/IMUframe,-0.0729901938123,0.266412560516,1.65575976933,-0.529486680791,0.508529907916,0.0515932859691,0.677037163281
2018/10/02/14:03:45.296397,53497,1538481825,280828484,/world,vicon/IMUframe/IMUframe,-0.0727644771475,0.266783793489,1.65593264093,-0.529170506163,0.509046422936,0.0511678609389,0.676928478283
2018/10/02/14:03:45.306239,53498,1538481825,290805317,/world,vicon/IMUframe/IMUframe,-0.0725792359901,0.267161544906,1.6560612245,-0.52891254275,0.509496305598,0.0506715313571,0.676828953735
2018/10/02/14:03:45.316399,53499,1538481825,300849882,/world,vicon/IMUframe/IMUframe,-0.0724479201678,0.26748794497,1.6562097551,-0.528756247904,0.509645228872,0.0504467574099,0.676855742132
2018/10/02/14:03:45.326470,53500,1538481825,310809576,/world,vicon/IMUframe/IMUframe,-0.0723584120724,0.267811425983,1.65632634666,-0.528775363006,0.509591523711,0.0503735327974,0.676886697781
2018/10/02/14:03:45.336547,53501,1538481825,320824863,/world,vicon/IMUframe/IMUframe,-0.0722347473442,0.268170625286,1.65640376215,-0.528920416944,0.509435549994,0.0503665468094,0.676891294009
2018/10/02/14:03:45.346215,53502,1538481825,330841944,/world,vicon/IMUframe/IMUframe,-0.0721261357262,0.2685401348,1.65645617376,-0.529238847725,0.509177599456,0.0504653023886,0.676829127274
2018/10/02/14:03:45.356380,53503,1538481825,340814272,/world,vicon/IMUframe/IMUframe,-0.0719996788839,0.268878293959,1.65647853408,-0.529726311582,0.508885905822,0.050641445798,0.676653983688
2018/10/02/14:03:45.366212,53504,1538481825,350840586,/world,vicon/IMUframe/IMUframe,-0.0718809254066,0.269246990401,1.65648709638,-0.530297970515,0.508608228758,0.0508763653968,0.676397314861
2018/10/02/14:03:45.376295,53505,1538481825,360825675,/world,vicon/IMUframe/IMUframe,-0.0716980366655,0.269665239695,1.65646171112,-0.53088003051,0.508482636805,0.0510560638445,0.676021508251
2018/10/02/14:03:45.386445,53506,1538481825,370839572,/world,vicon/IMUframe/IMUframe,-0.071549439427,0.270022896321,1.65642063189,-0.531496436931,0.508334685639,0.0514018156963,0.675622112019
2018/10/02/14:03:45.396215,53507,1538481825,380825645,/world,vicon/IMUframe/IMUframe,-0.071357169434,0.270381795669,1.65638837637,-0.532101154822,0.50819940687,0.0517694294874,0.675219705032
2018/10/02/14:03:45.406386,53508,1538481825,390866188,/world,vicon/IMUframe/IMUframe,-0.0711869950073,0.270711786336,1.65632045268,-0.532638468633,0.508133066433,0.0520600258084,0.67482353415
2018/10/02/14:03:45.416330,53509,1538481825,400871927,/world,vicon/IMUframe/IMUframe,-0.0710386994819,0.271016766553,1.65625583443,-0.53320397237,0.508017663366,0.0523608978575,0.67444044506
2018/10/02/14:03:45.426125,53510,1538481825,410797244,/world,vicon/IMUframe/IMUframe,-0.0708289292604,0.271318824266,1.65616775698,-0.533656717092,0.508049370062,0.0524176688988,0.674053954716
2018/10/02/14:03:45.436316,53511,1538481825,420845650,/world,vicon/IMUframe/IMUframe,-0.070625860654,0.271625613247,1.65605679608,-0.53403086082,0.508176478556,0.0524366201074,0.673660231278
2018/10/02/14:03:45.446257,53512,1538481825,430902170,/world,vicon/IMUframe/IMUframe,-0.0703928773027,0.271878971344,1.65594769298,-0.53425764786,0.508366565282,0.0524268787431,0.673337674122
2018/10/02/14:03:45.456219,53513,1538481825,440873287,/world,vicon/IMUframe/IMUframe,-0.0701518273382,0.272111641619,1.65585707645,-0.534321270536,0.508666415814,0.0524473611903,0.673059084762
2018/10/02/14:03:45.466152,53514,1538481825,450828927,/world,vicon/IMUframe/IMUframe,-0.0699071665293,0.272322274348,1.65576264572,-0.534276966226,0.509125241795,0.0524543617235,0.67274672163
2018/10/02/14:03:45.476151,53515,1538481825,460884956,/world,vicon/IMUframe/IMUframe,-0.0696728586056,0.272494430969,1.65566387908,-0.534141520963,0.509620779428,0.0524223682109,0.672481518014
2018/10/02/14:03:45.486092,53516,1538481825,470891046,/world,vicon/IMUframe/IMUframe,-0.0694279569393,0.272627691546,1.65557931942,-0.533891305316,0.510141407779,0.0523424228332,0.672291669553
2018/10/02/14:03:45.496008,53517,1538481825,480896427,/world,vicon/IMUframe/IMUframe,-0.0692336914117,0.272726591896,1.65546878799,-0.533531285184,0.510642603588,0.0521533808642,0.672211666066
2018/10/02/14:03:45.506033,53518,1538481825,490890624,/world,vicon/IMUframe/IMUframe,-0.0690520450622,0.272807673579,1.65537910513,-0.532974718602,0.511170824513,0.05197456768,0.672265558996
2018/10/02/14:03:45.516053,53519,1538481825,500893391,/world,vicon/IMUframe/IMUframe,-0.0688645634733,0.272903371591,1.65527562994,-0.532240559298,0.511709632216,0.0517949802718,0.672451127856
2018/10/02/14:03:45.526016,53520,1538481825,510903117,/world,vicon/IMUframe/IMUframe,-0.0686395874294,0.272968552384,1.65518387848,-0.531439754009,0.512249440358,0.0517087687536,0.672680088858
2018/10/02/14:03:45.536369,53521,1538481825,520903046,/world,vicon/IMUframe/IMUframe,-0.0684348780483,0.273027335672,1.6551052131,-0.530509063544,0.512842117576,0.0517232335361,0.672961962558
2018/10/02/14:03:45.546271,53522,1538481825,530893772,/world,vicon/IMUframe/IMUframe,-0.0682323298904,0.273097545474,1.65502948743,-0.529556016752,0.51352557127,0.0517162506975,0.673191905913
2018/10/02/14:03:45.556103,53523,1538481825,540862304,/world,vicon/IMUframe/IMUframe,-0.0680705510494,0.273161211654,1.65498080848,-0.528642573389,0.514124311648,0.0517789162922,0.673447967998
2018/10/02/14:03:45.566163,53524,1538481825,550904323,/world,vicon/IMUframe/IMUframe,-0.0679589706617,0.273236191041,1.65496672195,-0.527849802286,0.514534670319,0.0518384682496,0.673751758792
2018/10/02/14:03:45.576124,53525,1538481825,560911920,/world,vicon/IMUframe/IMUframe,-0.0678386273076,0.273315849733,1.65494248337,-0.527263458575,0.514906589626,0.0517175336545,0.673936010259
2018/10/02/14:03:45.586075,53526,1538481825,570898895,/world,vicon/IMUframe/IMUframe,-0.0677309571299,0.273411925317,1.65494085666,-0.526795576266,0.515216641277,0.0514282234652,0.674087065006
2018/10/02/14:03:45.596112,53527,1538481825,580896676,/world,vicon/IMUframe/IMUframe,-0.0676597519235,0.273512066247,1.65492647292,-0.526459490847,0.515451705146,0.0510456754086,0.674198993755
2018/10/02/14:03:45.606171,53528,1538481825,590914922,/world,vicon/IMUframe/IMUframe,-0.0676133956817,0.2735804906,1.6548998908,-0.52612065932,0.515673952691,0.0504899211213,0.674335372214
2018/10/02/14:03:45.616081,53529,1538481825,600889268,/world,vicon/IMUframe/IMUframe,-0.0676122108241,0.273662732032,1.65487923152,-0.525777097558,0.515862626958,0.049919320844,0.674501486432
2018/10/02/14:03:45.626085,53530,1538481825,610894725,/world,vicon/IMUframe/IMUframe,-0.0676015826033,0.273722283887,1.65485949073,-0.525420656533,0.515945903328,0.0493769735082,0.674755417181
2018/10/02/14:03:45.636246,53531,1538481825,620924858,/world,vicon/IMUframe/IMUframe,-0.0675759841218,0.27379652101,1.65481291515,-0.52501024526,0.515884806591,0.0490801369519,0.675143132127
2018/10/02/14:03:45.646079,53532,1538481825,630888935,/world,vicon/IMUframe/IMUframe,-0.0675405733859,0.273841262719,1.65476378455,-0.52459937663,0.515758298696,0.0488727809646,0.675574068957
2018/10/02/14:03:45.656065,53533,1538481825,640884776,/world,vicon/IMUframe/IMUframe,-0.0675121176057,0.273903312875,1.6546871305,-0.524156466093,0.515577256944,0.048831615354,0.676058846933
2018/10/02/14:03:45.666157,53534,1538481825,650913248,/world,vicon/IMUframe/IMUframe,-0.0675146491512,0.273960289829,1.65460751119,-0.52379794618,0.515325212917,0.0488796583175,0.676525251201
2018/10/02/14:03:45.676074,53535,1538481825,660888566,/world,vicon/IMUframe/IMUframe,-0.0675414190711,0.274013036256,1.65454974387,-0.52351196917,0.515021977546,0.049007235052,0.676968146735
2018/10/02/14:03:45.686028,53536,1538481825,670888480,/world,vicon/IMUframe/IMUframe,-0.0675778949558,0.274086179106,1.65446905097,-0.523260582287,0.514642525462,0.0492339585144,0.677434462763
2018/10/02/14:03:45.696055,53537,1538481825,680887460,/world,vicon/IMUframe/IMUframe,-0.0675965694897,0.274183051292,1.65437676744,-0.523030550559,0.514230422046,0.0493978598554,0.677912949918
2018/10/02/14:03:45.706067,53538,1538481825,690905478,/world,vicon/IMUframe/IMUframe,-0.0677186323928,0.274225138899,1.65430704654,-0.522838443886,0.513665690998,0.0497791121102,0.678461170211
2018/10/02/14:03:45.715942,53539,1538481825,700888311,/world,vicon/IMUframe/IMUframe,-0.0678466173909,0.274244825581,1.65419662664,-0.522573034328,0.513186077381,0.0500041375768,0.679011826113
2018/10/02/14:03:45.726009,53540,1538481825,710839979,/world,vicon/IMUframe/IMUframe,-0.0679796456141,0.274254421334,1.65409226272,-0.522301636106,0.512631933578,0.0502646458827,0.679619722323
2018/10/02/14:03:45.736049,53541,1538481825,720893689,/world,vicon/IMUframe/IMUframe,-0.0681208519122,0.274267250626,1.65397501171,-0.521930319599,0.512047424506,0.0505519915879,0.680323946871
2018/10/02/14:03:45.746019,53542,1538481825,730906579,/world,vicon/IMUframe/IMUframe,-0.0682300333621,0.27423025135,1.65385404473,-0.521528058313,0.511517792368,0.0507792725065,0.681013581338
2018/10/02/14:03:45.756184,53543,1538481825,740908309,/world,vicon/IMUframe/IMUframe,-0.0683756650107,0.274212182097,1.65373796995,-0.521088388355,0.511010731285,0.050999861817,0.681713970906
2018/10/02/14:03:45.766371,53544,1538481825,750903458,/world,vicon/IMUframe/IMUframe,-0.0685387462156,0.274119476694,1.65359587072,-0.520657013599,0.510437571634,0.0512657329467,0.682452624202
2018/10/02/14:03:45.776223,53545,1538481825,760868540,/world,vicon/IMUframe/IMUframe,-0.0687514041113,0.274053791414,1.65344125521,-0.520231073719,0.509933146286,0.0514828535682,0.683137857277
2018/10/02/14:03:45.786063,53546,1538481825,770898920,/world,vicon/IMUframe/IMUframe,-0.0689308090634,0.273926935154,1.6533001912,-0.519816135789,0.509382748465,0.0516875858111,0.68384851686
2018/10/02/14:03:45.795973,53547,1538481825,780852981,/world,vicon/IMUframe/IMUframe,-0.0691734748541,0.273823418729,1.65312513554,-0.519317423913,0.508782256258,0.0519238124398,0.684656079093
2018/10/02/14:03:45.806162,53548,1538481825,790916960,/world,vicon/IMUframe/IMUframe,-0.0694310371287,0.273655806798,1.65295857626,-0.518866849895,0.508102508498,0.0521959069616,0.685481305532
2018/10/02/14:03:45.816000,53549,1538481825,800917240,/world,vicon/IMUframe/IMUframe,-0.0697476171142,0.273429145197,1.65278744569,-0.51833968269,0.507445381245,0.0525472220656,0.686339528116
2018/10/02/14:03:45.826306,53550,1538481825,810912179,/world,vicon/IMUframe/IMUframe,-0.070069317326,0.273174128743,1.65259660124,-0.517716682896,0.50675275925,0.0530018911055,0.687285877043
2018/10/02/14:03:45.836368,53551,1538481825,820901284,/world,vicon/IMUframe/IMUframe,-0.0703981406414,0.272893983577,1.65243718978,-0.517026823896,0.505952665362,0.0535440685747,0.688351797053
2018/10/02/14:03:45.846373,53552,1538481825,830827514,/world,vicon/IMUframe/IMUframe,-0.0707801106126,0.272564489472,1.65226030228,-0.516234685676,0.505031265925,0.0541006279045,0.689578343485
2018/10/02/14:03:45.856109,53553,1538481825,840806677,/world,vicon/IMUframe/IMUframe,-0.0712286943761,0.272145147687,1.65204967596,-0.51540411624,0.503871981165,0.0548921200341,0.690983703655
2018/10/02/14:03:45.866148,53554,1538481825,850819060,/world,vicon/IMUframe/IMUframe,-0.0717181277605,0.271663683075,1.65181292853,-0.514330517211,0.502434340373,0.0558128805713,0.692754483956
2018/10/02/14:03:45.876255,53555,1538481825,860871653,/world,vicon/IMUframe/IMUframe,-0.0721933809655,0.271084457806,1.65159506052,-0.513014237585,0.500799315493,0.0568794536701,0.694824557271
2018/10/02/14:03:45.886013,53556,1538481825,870863614,/world,vicon/IMUframe/IMUframe,-0.0726795441394,0.270410559733,1.65131977751,-0.511353045474,0.498982516515,0.0579767808284,0.697261216462
2018/10/02/14:03:45.896084,53557,1538481825,880914858,/world,vicon/IMUframe/IMUframe,-0.0731549816712,0.269639411657,1.65103324917,-0.50931161211,0.497014270291,0.0590970886261,0.700061448026
2018/10/02/14:03:45.906586,53558,1538481825,890918207,/world,vicon/IMUframe/IMUframe,-0.0738137630347,0.268687063037,1.65077984685,-0.506952695678,0.494723823951,0.0603837328283,0.70327882605
2018/10/02/14:03:45.916432,53559,1538481825,900916914,/world,vicon/IMUframe/IMUframe,-0.0743925349607,0.267876742269,1.65053999725,-0.503805685394,0.491590418135,0.0618506724002,0.707596768285
2018/10/02/14:03:45.926435,53560,1538481825,910851043,/world,vicon/IMUframe/IMUframe,-0.0750728749728,0.266857697799,1.650222119,-0.500870099225,0.489009745028,0.0628484453271,0.711370990335
2018/10/02/14:03:45.936398,53561,1538481825,920813119,/world,vicon/IMUframe/IMUframe,-0.0757542028863,0.265778063162,1.64986885979,-0.497662763954,0.486238963769,0.0638728441722,0.715418551104
2018/10/02/14:03:45.946333,53562,1538481825,930822842,/world,vicon/IMUframe/IMUframe,-0.0765030360695,0.264587862864,1.64952820065,-0.494273470061,0.483317413743,0.0649405618725,0.719639310898
2018/10/02/14:03:45.956347,53563,1538481825,940841057,/world,vicon/IMUframe/IMUframe,-0.0773080706315,0.263434276075,1.64906172956,-0.490571927394,0.480232156142,0.0664072545685,0.724090006008
2018/10/02/14:03:45.966140,53564,1538481825,950821529,/world,vicon/IMUframe/IMUframe,-0.0780793545005,0.262198065638,1.64856964273,-0.486993449953,0.477322623815,0.0681110549609,0.728259141164
2018/10/02/14:03:45.976158,53565,1538481825,960891496,/world,vicon/IMUframe/IMUframe,-0.0785627057199,0.260980664734,1.64811482656,-0.483059591677,0.474202957977,0.0698274716777,0.7327408203
2018/10/02/14:03:45.986001,53566,1538481825,970899256,/world,vicon/IMUframe/IMUframe,-0.0794115447199,0.259674213961,1.64763353915,-0.478560012335,0.470821836833,0.0718305698006,0.737663528852
2018/10/02/14:03:45.996398,53567,1538481825,980812130,/world,vicon/IMUframe/IMUframe,-0.080200525874,0.258495183204,1.64713573445,-0.473143059335,0.466680757338,0.074137541034,0.743537720054
2018/10/02/14:03:46.006237,53568,1538481825,990914559,/world,vicon/IMUframe/IMUframe,-0.0809852319848,0.257146878591,1.64665179036,-0.46883051994,0.462991041523,0.0765106019064,0.748320363774
2018/10/02/14:03:46.016453,53569,1538481826,918782,/world,vicon/IMUframe/IMUframe,-0.0817558165045,0.255840223572,1.64610893793,-0.463811093437,0.458842483491,0.0789728998486,0.753728151284
2018/10/02/14:03:46.026335,53570,1538481826,10900590,/world,vicon/IMUframe/IMUframe,-0.0824955995013,0.254542250475,1.645542323,-0.458472250533,0.454515986372,0.0813689977382,0.759340173987
2018/10/02/14:03:46.036212,53571,1538481826,20798566,/world,vicon/IMUframe/IMUframe,-0.0832098966283,0.253242880103,1.6450272391,-0.452973342876,0.45003468519,0.0838582884915,0.765017463997
2018/10/02/14:03:46.046125,53572,1538481826,30829702,/world,vicon/IMUframe/IMUframe,-0.0838832768944,0.25200407356,1.64447958632,-0.447329318761,0.44554206919,0.0862575610806,0.77068046447
2018/10/02/14:03:46.056445,53573,1538481826,41057130,/world,vicon/IMUframe/IMUframe,-0.0846525430016,0.250858054222,1.64387928445,-0.441694869754,0.440968045342,0.0885387537329,0.776281981053
2018/10/02/14:03:46.066528,53574,1538481826,50985676,/world,vicon/IMUframe/IMUframe,-0.0854187659943,0.249502584292,1.6432585899,-0.43600302783,0.436055483319,0.0915239340517,0.781908143382
2018/10/02/14:03:46.076730,53575,1538481826,60969572,/world,vicon/IMUframe/IMUframe,-0.086000410051,0.248185248806,1.64265303112,-0.429955708828,0.430573593576,0.094677732774,0.78789631036
2018/10/02/14:03:46.086121,53576,1538481826,70868139,/world,vicon/IMUframe/IMUframe,-0.0867690527368,0.247055723209,1.64192380116,-0.423904021432,0.425595621857,0.0975664695509,0.793507738645
2018/10/02/14:03:46.096214,53577,1538481826,80911254,/world,vicon/IMUframe/IMUframe,-0.0872467215461,0.24579555454,1.64130121688,-0.417929713764,0.420242331253,0.100574808019,0.799134435104
2018/10/02/14:03:46.106639,53578,1538481826,91094714,/world,vicon/IMUframe/IMUframe,-0.0878403113312,0.24461814712,1.64068316362,-0.412719536931,0.414938271044,0.104107909638,0.804145731948
2018/10/02/14:03:46.116315,53579,1538481826,100964296,/world,vicon/IMUframe/IMUframe,-0.0884841404455,0.243423648715,1.64007089489,-0.406964958364,0.409449029407,0.107468282238,0.809432877572
2018/10/02/14:03:46.126680,53580,1538481826,110915032,/world,vicon/IMUframe/IMUframe,-0.0890847193742,0.242311345572,1.63951334508,-0.401263324204,0.403904087399,0.110827343281,0.814595932234
2018/10/02/14:03:46.136223,53581,1538481826,120954274,/world,vicon/IMUframe/IMUframe,-0.0897383950509,0.241163744655,1.63885975558,-0.395741711194,0.39823515764,0.114001422276,0.819634633821
2018/10/02/14:03:46.146228,53582,1538481826,130899684,/world,vicon/IMUframe/IMUframe,-0.0903618703739,0.240001791269,1.6382529369,-0.390502007599,0.392367817508,0.117291492696,0.824498868154
2018/10/02/14:03:46.156650,53583,1538481826,141071902,/world,vicon/IMUframe/IMUframe,-0.0912566538255,0.238848169059,1.63768710617,-0.384955004066,0.38683936749,0.120675966415,0.829217860236
2018/10/02/14:03:46.166328,53584,1538481826,150983552,/world,vicon/IMUframe/IMUframe,-0.0909973644806,0.237866590993,1.63792929391,-0.377166327531,0.376813784982,0.1245582197,0.836804745881
2018/10/02/14:03:46.176581,53585,1538481826,160888094,/world,vicon/IMUframe/IMUframe,-0.0918299349457,0.236824192878,1.63723948356,-0.372000250108,0.370689071583,0.127721624884,0.841363543699
2018/10/02/14:03:46.186507,53586,1538481826,170934470,/world,vicon/IMUframe/IMUframe,-0.0926579611974,0.235746814181,1.63663583149,-0.367608921366,0.364801421232,0.131299974658,0.845306997874
2018/10/02/14:03:46.196510,53587,1538481826,180892162,/world,vicon/IMUframe/IMUframe,-0.0933081975051,0.23498336778,1.63591645074,-0.363213024064,0.358636705861,0.134223564716,0.849376269408
2018/10/02/14:03:46.206692,53588,1538481826,190987620,/world,vicon/IMUframe/IMUframe,-0.0939872770335,0.23419418556,1.63538871797,-0.35902544589,0.352648070086,0.137588859767,0.853117444163
2018/10/02/14:03:46.216499,53589,1538481826,200984555,/world,vicon/IMUframe/IMUframe,-0.0944522775199,0.233500007088,1.63483733568,-0.354840388192,0.346134579723,0.140891394378,0.856988195145
2018/10/02/14:03:46.226971,53590,1538481826,210906415,/world,vicon/IMUframe/IMUframe,-0.094835466066,0.232926475764,1.63459318372,-0.358389633511,0.341394197644,0.142010517465,0.85722802412
2018/10/02/14:03:46.236426,53591,1538481826,220866483,/world,vicon/IMUframe/IMUframe,-0.095182941357,0.232317832033,1.63410638735,-0.3553799607,0.334615782596,0.145850216965,0.860502804052
2018/10/02/14:03:46.246757,53592,1538481826,230909119,/world,vicon/IMUframe/IMUframe,-0.0959637035734,0.231539604175,1.63346520372,-0.351161638305,0.328158353107,0.149205419708,0.864138496885
2018/10/02/14:03:46.257175,53593,1538481826,241044589,/world,vicon/IMUframe/IMUframe,-0.0964162672529,0.231050321576,1.63300130921,-0.348420760222,0.321542081413,0.152798036287,0.867102314513
2018/10/02/14:03:46.266485,53594,1538481826,250916961,/world,vicon/IMUframe/IMUframe,-0.0969637902563,0.230506884232,1.63253191347,-0.345871342464,0.314773860231,0.156353699526,0.869967787922
2018/10/02/14:03:46.276244,53595,1538481826,260914894,/world,vicon/IMUframe/IMUframe,-0.0974676184114,0.230051608477,1.63210407195,-0.343754028912,0.307830596993,0.159771897097,0.872666277599
2018/10/02/14:03:46.286273,53596,1538481826,270864514,/world,vicon/IMUframe/IMUframe,-0.0979587221278,0.229546509274,1.63173219223,-0.342038047371,0.300726105235,0.16313392946,0.875192038835
2018/10/02/14:03:46.296261,53597,1538481826,280977869,/world,vicon/IMUframe/IMUframe,-0.098475708496,0.229073703128,1.63137605106,-0.340637107763,0.293490308519,0.166215201144,0.877611706012
2018/10/02/14:03:46.306639,53598,1538481826,291005282,/world,vicon/IMUframe/IMUframe,-0.099034992323,0.228577176485,1.63100614277,-0.339434503574,0.286286896545,0.169213611658,0.879881119402
2018/10/02/14:03:46.316405,53599,1538481826,300924246,/world,vicon/IMUframe/IMUframe,-0.0996221115482,0.228052184088,1.63063899157,-0.338427678423,0.27921431294,0.171851787496,0.882027798349
2018/10/02/14:03:46.326684,53600,1538481826,310878778,/world,vicon/IMUframe/IMUframe,-0.100244223068,0.227564015913,1.63027806948,-0.337600612878,0.271948036471,0.174766343987,0.884040053761
2018/10/02/14:03:46.336540,53601,1538481826,320918073,/world,vicon/IMUframe/IMUframe,-0.100835230519,0.22710192691,1.62991898358,-0.336653852012,0.2644880999,0.17787144802,0.886042875326
2018/10/02/14:03:46.346728,53602,1538481826,330988752,/world,vicon/IMUframe/IMUframe,-0.101608497071,0.22654690032,1.62949732128,-0.335579547647,0.257734596418,0.180297705125,0.887948186854
2018/10/02/14:03:46.356457,53603,1538481826,340921134,/world,vicon/IMUframe/IMUframe,-0.102222394691,0.226009838102,1.6290760038,-0.334363315711,0.250765666054,0.183062307599,0.889834785436
2018/10/02/14:03:46.366581,53604,1538481826,350902894,/world,vicon/IMUframe/IMUframe,-0.103021633486,0.225477409487,1.62853589192,-0.33295200054,0.243588567267,0.185537856623,0.891842631294
2018/10/02/14:03:46.376662,53605,1538481826,360838758,/world,vicon/IMUframe/IMUframe,-0.103566083743,0.224904911258,1.62808583009,-0.331208173155,0.23672695622,0.188493656974,0.893717872438
2018/10/02/14:03:46.386577,53606,1538481826,370827651,/world,vicon/IMUframe/IMUframe,-0.104363498566,0.224314818109,1.62756957801,-0.329074034927,0.229936253748,0.19123641606,0.89569427369
2018/10/02/14:03:46.396334,53607,1538481826,380837276,/world,vicon/IMUframe/IMUframe,-0.104995449486,0.22375211398,1.62702438139,-0.326630032884,0.223083234043,0.193816427389,0.89776493849
2018/10/02/14:03:46.406404,53608,1538481826,390811994,/world,vicon/IMUframe/IMUframe,-0.106026096926,0.223123520051,1.62663908439,-0.323551098965,0.217290300968,0.196556689688,0.899702772699
2018/10/02/14:03:46.416487,53609,1538481826,400843511,/world,vicon/IMUframe/IMUframe,-0.106534593506,0.222232659398,1.62599294362,-0.320127584252,0.210610172492,0.199997487944,0.901755338138
2018/10/02/14:03:46.426516,53610,1538481826,410821197,/world,vicon/IMUframe/IMUframe,-0.107129333695,0.221419061459,1.62524597916,-0.316570018991,0.203443303569,0.202376148637,0.90412285657
2018/10/02/14:03:46.436398,53611,1538481826,420840955,/world,vicon/IMUframe/IMUframe,-0.107880006531,0.22054312429,1.62440872612,-0.312382594055,0.196372281284,0.204292293362,0.906708167465
2018/10/02/14:03:46.446410,53612,1538481826,430832419,/world,vicon/IMUframe/IMUframe,-0.108692678761,0.219568179254,1.62346714661,-0.307539378158,0.189262864245,0.206011402607,0.909482490813
2018/10/02/14:03:46.456534,53613,1538481826,440840248,/world,vicon/IMUframe/IMUframe,-0.109564357703,0.218514568576,1.62238655762,-0.30221270637,0.182241808296,0.207682678042,0.912317548148
2018/10/02/14:03:46.466600,53614,1538481826,450818453,/world,vicon/IMUframe/IMUframe,-0.110490970375,0.217459632244,1.62120981549,-0.296267229808,0.175773971698,0.208394420329,0.915369327098
2018/10/02/14:03:46.476568,53615,1538481826,460825369,/world,vicon/IMUframe/IMUframe,-0.11111244441,0.216381855101,1.6200698409,-0.290227555101,0.169057011564,0.209822353145,0.918238679877
2018/10/02/14:03:46.486434,53616,1538481826,470814326,/world,vicon/IMUframe/IMUframe,-0.111741710383,0.215287615863,1.61880372593,-0.283696138623,0.16254501065,0.210941461694,0.921194507247
2018/10/02/14:03:46.496476,53617,1538481826,480868688,/world,vicon/IMUframe/IMUframe,-0.112219298688,0.214052783958,1.61757195894,-0.276886111443,0.156713311225,0.212641496178,0.923882359112
2018/10/02/14:03:46.506751,53618,1538481826,490838975,/world,vicon/IMUframe/IMUframe,-0.113122008348,0.212977496784,1.61587261841,-0.269858877874,0.149566305907,0.211377525423,0.927429591892
2018/10/02/14:03:46.516665,53619,1538481826,500837555,/world,vicon/IMUframe/IMUframe,-0.113365475561,0.211787717891,1.61438437215,-0.262484331439,0.143512936045,0.211836460942,0.930393103345
2018/10/02/14:03:46.526380,53620,1538481826,510871305,/world,vicon/IMUframe/IMUframe,-0.113893331329,0.210655949555,1.61301369407,-0.25523495495,0.138274617096,0.211934413525,0.933176860195
2018/10/02/14:03:46.536608,53621,1538481826,520836301,/world,vicon/IMUframe/IMUframe,-0.114588250669,0.20943950161,1.61142428386,-0.247201467023,0.133761688926,0.211860022291,0.936009923148
2018/10/02/14:03:46.546535,53622,1538481826,530837758,/world,vicon/IMUframe/IMUframe,-0.114869136728,0.208050293305,1.60970215767,-0.239622539847,0.128704449116,0.211780739165,0.938703958495
2018/10/02/14:03:46.556641,53623,1538481826,540835070,/world,vicon/IMUframe/IMUframe,-0.115792358001,0.207312076098,1.60696198611,-0.227693279118,0.12599920658,0.213276353456,0.941696961682
2018/10/02/14:03:46.566688,53624,1538481826,550818998,/world,vicon/IMUframe/IMUframe,-0.115949516861,0.205355094999,1.60641012211,-0.224444612968,0.120680322113,0.210587501196,0.943776339979
2018/10/02/14:03:46.576655,53625,1538481826,560837246,/world,vicon/IMUframe/IMUframe,-0.116729417988,0.204070489561,1.60472844596,-0.21700599492,0.117421872809,0.209085374885,0.946257791494
2018/10/02/14:03:46.586684,53626,1538481826,570823336,/world,vicon/IMUframe/IMUframe,-0.117366315532,0.2027013038,1.60297174951,-0.209664805751,0.114305670053,0.207790264869,0.948576875561
2018/10/02/14:03:46.595581,53627,1538481826,580768811,/world,vicon/IMUframe/IMUframe,-0.117880307287,0.201309263232,1.60127222064,-0.203000704142,0.111252029344,0.20619717503,0.950734676497
2018/10/02/14:03:46.605408,53628,1538481826,590852837,/world,vicon/IMUframe/IMUframe,-0.118500923229,0.199994805547,1.59942410656,-0.195656171692,0.108859425541,0.204667135491,0.952879662706
2018/10/02/14:03:46.616045,53629,1538481826,600904574,/world,vicon/IMUframe/IMUframe,-0.119423397891,0.199297986706,1.59660754625,-0.185038041297,0.107911437182,0.204820343328,0.95507312388
2018/10/02/14:03:46.627038,53630,1538481826,610924992,/world,vicon/IMUframe/IMUframe,-0.119976890737,0.198102846543,1.59488652445,-0.178931329603,0.105912210294,0.203001563508,0.956847191672
2018/10/02/14:03:46.636691,53631,1538481826,620808606,/world,vicon/IMUframe/IMUframe,-0.120493535067,0.196674412317,1.59307841994,-0.172826699349,0.104299386236,0.200580155145,0.95865539762
2018/10/02/14:03:46.646931,53632,1538481826,630859506,/world,vicon/IMUframe/IMUframe,-0.121030030492,0.195583535322,1.59128452764,-0.166410103777,0.102920735158,0.199080159214,0.960251055632
2018/10/02/14:03:46.656711,53633,1538481826,640874928,/world,vicon/IMUframe/IMUframe,-0.121482358206,0.194308038398,1.58933668531,-0.160753730042,0.101754509248,0.196893758659,0.961788493343
2018/10/02/14:03:46.666593,53634,1538481826,650902185,/world,vicon/IMUframe/IMUframe,-0.122128666046,0.193161691254,1.58764191788,-0.155408820118,0.100753133277,0.194710425656,0.963215840248
2018/10/02/14:03:46.676590,53635,1538481826,660884242,/world,vicon/IMUframe/IMUframe,-0.122524708273,0.191921477941,1.58585113378,-0.149707988298,0.0996953567656,0.192698252263,0.964632436555
2018/10/02/14:03:46.686480,53636,1538481826,670867140,/world,vicon/IMUframe/IMUframe,-0.122947120644,0.190641205418,1.58397205944,-0.144587669714,0.0985351693101,0.191104633157,0.965848976477
2018/10/02/14:03:46.696424,53637,1538481826,680841718,/world,vicon/IMUframe/IMUframe,-0.123367634529,0.189463511434,1.58206539097,-0.139488535825,0.097102024771,0.189590560629,0.967041656021
2018/10/02/14:03:46.706671,53638,1538481826,690851757,/world,vicon/IMUframe/IMUframe,-0.123752737516,0.188277786328,1.58009892467,-0.134463120661,0.095500087062,0.188137673692,0.968196063972
2018/10/02/14:03:46.716769,53639,1538481826,700850918,/world,vicon/IMUframe/IMUframe,-0.124198321907,0.187132611287,1.57816377606,-0.129718982878,0.0936507477876,0.18716877815,0.969211210937
2018/10/02/14:03:46.726398,53640,1538481826,710815088,/world,vicon/IMUframe/IMUframe,-0.12450551612,0.18601046552,1.5761860094,-0.124956983495,0.0915064492486,0.186831827272,0.970106277858
2018/10/02/14:03:46.736185,53641,1538481826,720862534,/world,vicon/IMUframe/IMUframe,-0.124888380259,0.184917456941,1.57426382443,-0.120463524885,0.089382932755,0.186071541529,0.971018337591
2018/10/02/14:03:46.746328,53642,1538481826,730832533,/world,vicon/IMUframe/IMUframe,-0.125094405044,0.183614274151,1.57235481238,-0.116479717917,0.0870156407897,0.185545969349,0.971819657565
2018/10/02/14:03:46.756756,53643,1538481826,740982918,/world,vicon/IMUframe/IMUframe,-0.125407379881,0.182633061055,1.57039632319,-0.112089658828,0.0847314891069,0.185476384635,0.972550766737
2018/10/02/14:03:46.766625,53644,1538481826,750930802,/world,vicon/IMUframe/IMUframe,-0.125651817156,0.181331792801,1.56839825967,-0.108308069535,0.082119308237,0.185639021292,0.973172099406
2018/10/02/14:03:46.776860,53645,1538481826,760919388,/world,vicon/IMUframe/IMUframe,-0.12588119993,0.180027601031,1.566568415,-0.104683712326,0.0795028656207,0.186181917683,0.973682139232
2018/10/02/14:03:46.787068,53646,1538481826,771093301,/world,vicon/IMUframe/IMUframe,-0.125945335854,0.179053292762,1.56472861167,-0.101013302855,0.0764762094322,0.187027406147,0.97415011748
2018/10/02/14:03:46.796814,53647,1538481826,780896083,/world,vicon/IMUframe/IMUframe,-0.126076643644,0.177929424043,1.56292531858,-0.0981000288974,0.0732357540527,0.187619757833,0.974582851855
2018/10/02/14:03:46.806760,53648,1538481826,790905869,/world,vicon/IMUframe/IMUframe,-0.126210298031,0.176943481158,1.56107906906,-0.0950635469843,0.0699519633077,0.188933451303,0.974871168844
2018/10/02/14:03:46.816673,53649,1538481826,800898746,/world,vicon/IMUframe/IMUframe,-0.126338348211,0.175950001093,1.55936880599,-0.092755863829,0.0664609603073,0.18977563272,0.975174086872
2018/10/02/14:03:46.826834,53650,1538481826,810930543,/world,vicon/IMUframe/IMUframe,-0.12641456262,0.175053126094,1.55767001474,-0.0904873691295,0.0631418757562,0.19094152625,0.975380168502
2018/10/02/14:03:46.836844,53651,1538481826,820967808,/world,vicon/IMUframe/IMUframe,-0.126459075544,0.174286621445,1.55606867612,-0.088399458511,0.0600882214646,0.192425613851,0.975472872258
2018/10/02/14:03:46.846554,53652,1538481826,830901125,/world,vicon/IMUframe/IMUframe,-0.126524904942,0.17350210785,1.55460184213,-0.0868162651644,0.0573296095195,0.193402546899,0.975587877553
2018/10/02/14:03:46.856876,53653,1538481826,840945442,/world,vicon/IMUframe/IMUframe,-0.126579576122,0.172801168513,1.55321661246,-0.0855010434676,0.0548945805748,0.194350164835,0.975655764098
2018/10/02/14:03:46.867141,53654,1538481826,850989028,/world,vicon/IMUframe/IMUframe,-0.126676250743,0.172156957895,1.55193862788,-0.084446381092,0.0528893940292,0.195228273762,0.975683064239
2018/10/02/14:03:46.876970,53655,1538481826,860913324,/world,vicon/IMUframe/IMUframe,-0.126917282288,0.171268699522,1.55138985268,-0.0870928122137,0.0505139344479,0.192679779184,0.976082828033
2018/10/02/14:03:46.886984,53656,1538481826,871031261,/world,vicon/IMUframe/IMUframe,-0.127093100247,0.170706209653,1.55029764538,-0.0865916582524,0.0490301921597,0.192962486507,0.976147224438
2018/10/02/14:03:46.896770,53657,1538481826,880919236,/world,vicon/IMUframe/IMUframe,-0.127355859062,0.170640731011,1.54867790164,-0.0828391794179,0.0485897094371,0.1948879848,0.976112382808
2018/10/02/14:03:46.907015,53658,1538481826,890943536,/world,vicon/IMUframe/IMUframe,-0.127613569385,0.170158976367,1.54775644572,-0.0827986688632,0.0474829248984,0.19423277696,0.976300865836
2018/10/02/14:03:46.916732,53659,1538481826,900957962,/world,vicon/IMUframe/IMUframe,-0.127807981348,0.169773370316,1.54683211895,-0.0825324407551,0.0467525718675,0.194241910086,0.976356837234
2018/10/02/14:03:46.926794,53660,1538481826,910935957,/world,vicon/IMUframe/IMUframe,-0.128153656369,0.16939765081,1.54599072197,-0.0824245104527,0.0460812259705,0.193122299473,0.976619935357
2018/10/02/14:03:46.936898,53661,1538481826,921063872,/world,vicon/IMUframe/IMUframe,-0.12833590873,0.169068712657,1.54517513724,-0.0822396704181,0.04564218753,0.192553512922,0.976768433145
2018/10/02/14:03:46.946624,53662,1538481826,930895707,/world,vicon/IMUframe/IMUframe,-0.128584547107,0.168830078478,1.54431902993,-0.0814642706762,0.0455571558541,0.192156569182,0.976915539376
2018/10/02/14:03:46.956667,53663,1538481826,940880994,/world,vicon/IMUframe/IMUframe,-0.128734020967,0.168462978971,1.54359097662,-0.0813337680406,0.0452395011427,0.191581662857,0.977054078426
2018/10/02/14:03:46.966552,53664,1538481826,950870259,/world,vicon/IMUframe/IMUframe,-0.128898731073,0.168148814363,1.5428114704,-0.0806796502437,0.0450512528512,0.191381375302,0.977156255591
2018/10/02/14:03:46.976559,53665,1538481826,960898987,/world,vicon/IMUframe/IMUframe,-0.129032310018,0.167814873752,1.542001313,-0.079809512859,0.044733966391,0.191229346626,0.977272045491
2018/10/02/14:03:46.985713,53666,1538481826,970915171,/world,vicon/IMUframe/IMUframe,-0.12920118287,0.167509140022,1.54118203156,-0.07847912755,0.0443580831417,0.19107035059,0.97742800662
2018/10/02/14:03:46.996051,53667,1538481826,980911388,/world,vicon/IMUframe/IMUframe,-0.129343187956,0.167194921088,1.54033468662,-0.076854269508,0.0437783162445,0.190867054117,0.977622957964
2018/10/02/14:03:47.006252,53668,1538481826,991070793,/world,vicon/IMUframe/IMUframe,-0.129435335791,0.166850895617,1.53942725671,-0.0747698822496,0.0430443526372,0.191149368508,0.977762019785
2018/10/02/14:03:47.016054,53669,1538481827,1002683,/world,vicon/IMUframe/IMUframe,-0.129545329929,0.166496521991,1.5385507815,-0.0726158335313,0.0420503608473,0.190752246018,0.978045136235
2018/10/02/14:03:47.026024,53670,1538481827,11041588,/world,vicon/IMUframe/IMUframe,-0.129650310467,0.166202710848,1.53763462303,-0.0700949177982,0.0409281088386,0.190679705533,0.978290775947
2018/10/02/14:03:47.035958,53671,1538481827,21063164,/world,vicon/IMUframe/IMUframe,-0.12975424554,0.165989414223,1.53671785632,-0.0672763173853,0.0397465113481,0.190733247952,0.978526923534
2018/10/02/14:03:47.046153,53672,1538481827,31005125,/world,vicon/IMUframe/IMUframe,-0.129863745507,0.165679561921,1.53586675035,-0.0647663852319,0.0385733488248,0.190255073489,0.978836257561
2018/10/02/14:03:47.055955,53673,1538481827,41013002,/world,vicon/IMUframe/IMUframe,-0.129841020871,0.165425013127,1.53498130332,-0.0621172481222,0.037515717919,0.190125157901,0.979074278453
2018/10/02/14:03:47.066111,53674,1538481827,50986997,/world,vicon/IMUframe/IMUframe,-0.129910613888,0.164948256568,1.53419835072,-0.0591345730035,0.0362602991153,0.189316698288,0.979462853166
2018/10/02/14:03:47.076303,53675,1538481827,61045110,/world,vicon/IMUframe/IMUframe,-0.130026537625,0.164752920253,1.5334421147,-0.0567514520141,0.0355932504909,0.188999232386,0.979689585211
2018/10/02/14:03:47.086087,53676,1538481827,71050559,/world,vicon/IMUframe/IMUframe,-0.130135896532,0.164554774415,1.53273935358,-0.0547707084433,0.0351404875178,0.188575515315,0.979900296284
2018/10/02/14:03:47.095885,53677,1538481827,81004513,/world,vicon/IMUframe/IMUframe,-0.130111386377,0.164288920814,1.53206795101,-0.0529114987101,0.0347663541324,0.188015974789,0.98012329181
2018/10/02/14:03:47.106241,53678,1538481827,90930020,/world,vicon/IMUframe/IMUframe,-0.130343957948,0.16424980605,1.53150123861,-0.0512666130945,0.0347652024803,0.187789778884,0.980254106865
2018/10/02/14:03:47.115800,53679,1538481827,100996997,/world,vicon/IMUframe/IMUframe,-0.130303586735,0.164009008874,1.53096212158,-0.0500256662532,0.0345184641797,0.187114527761,0.980456047892
2018/10/02/14:03:47.125911,53680,1538481827,110812836,/world,vicon/IMUframe/IMUframe,-0.130434664219,0.163967030537,1.53045660555,-0.0487721593088,0.034571885995,0.186775247503,0.980582004778
2018/10/02/14:03:47.135951,53681,1538481827,120951041,/world,vicon/IMUframe/IMUframe,-0.13053255843,0.163822927021,1.53006148572,-0.0481753099169,0.0346724414387,0.186010592729,0.980753292481
2018/10/02/14:03:47.145849,53682,1538481827,130907043,/world,vicon/IMUframe/IMUframe,-0.130645263027,0.163817613048,1.52967496815,-0.0473918896325,0.0349442384989,0.185636267399,0.980852733706
2018/10/02/14:03:47.155584,53683,1538481827,140966364,/world,vicon/IMUframe/IMUframe,-0.130724648125,0.163759213666,1.52936281611,-0.0470435606652,0.0352700019724,0.185052474212,0.980968150425
2018/10/02/14:03:47.165812,53684,1538481827,150897328,/world,vicon/IMUframe/IMUframe,-0.130840056048,0.163708064755,1.52907652701,-0.046647505251,0.0356393671455,0.184517574965,0.981074467251
2018/10/02/14:03:47.175912,53685,1538481827,160952874,/world,vicon/IMUframe/IMUframe,-0.130938673741,0.163632321799,1.52884671603,-0.046631851231,0.0359013045846,0.183724127949,0.981214559406
2018/10/02/14:03:47.186048,53686,1538481827,170894321,/world,vicon/IMUframe/IMUframe,-0.131041121417,0.163610803543,1.52858249167,-0.0464538753978,0.0361369627271,0.183235154924,0.981305780776
2018/10/02/14:03:47.196103,53687,1538481827,180949633,/world,vicon/IMUframe/IMUframe,-0.131185698957,0.163633466699,1.52829437138,-0.0460650624569,0.0362816434261,0.183085867506,0.981346634727
2018/10/02/14:03:47.205875,53688,1538481827,190938238,/world,vicon/IMUframe/IMUframe,-0.131315905214,0.16361856402,1.5280431832,-0.0458992889759,0.0362397238908,0.18273479844,0.981421383058
2018/10/02/14:03:47.216124,53689,1538481827,200944695,/world,vicon/IMUframe/IMUframe,-0.131450907616,0.163530815876,1.52779320544,-0.0460063611607,0.0360669835,0.182305917878,0.98150249095
2018/10/02/14:03:47.226158,53690,1538481827,210941877,/world,vicon/IMUframe/IMUframe,-0.131591270793,0.163498364209,1.5275158625,-0.0459665184902,0.0358078386165,0.182155369941,0.981541796906
2018/10/02/14:03:47.235958,53691,1538481827,220938955,/world,vicon/IMUframe/IMUframe,-0.131730019946,0.163448536169,1.5272094569,-0.0459936519085,0.0353520968008,0.182096672512,0.981567937076
2018/10/02/14:03:47.246049,53692,1538481827,230942036,/world,vicon/IMUframe/IMUframe,-0.131863849476,0.163388857362,1.52690306198,-0.0460146841477,0.0347886107769,0.182069083407,0.981592201615
2018/10/02/14:03:47.256058,53693,1538481827,240932643,/world,vicon/IMUframe/IMUframe,-0.131994886195,0.163325039028,1.52660965536,-0.0460079467049,0.034132382045,0.182157711492,0.981599112408
2018/10/02/14:03:47.266017,53694,1538481827,250945718,/world,vicon/IMUframe/IMUframe,-0.132148780589,0.163162184883,1.52628213781,-0.0456155308088,0.0329025111864,0.18230444846,0.981632179677
2018/10/02/14:03:47.276154,53695,1538481827,260934287,/world,vicon/IMUframe/IMUframe,-0.132261263581,0.163046157753,1.52593252219,-0.0455291854323,0.0319840582051,0.18248715801,0.981632594434
2018/10/02/14:03:47.286070,53696,1538481827,270947426,/world,vicon/IMUframe/IMUframe,-0.132406499768,0.163009783133,1.5255385464,-0.0451643954559,0.0309882173531,0.182826337675,0.981618275105
2018/10/02/14:03:47.296004,53697,1538481827,280936672,/world,vicon/IMUframe/IMUframe,-0.132513361116,0.162853955704,1.52520384224,-0.0451655534719,0.0297897705937,0.182653186848,0.98168755502
2018/10/02/14:03:47.306112,53698,1538481827,290945781,/world,vicon/IMUframe/IMUframe,-0.132643607179,0.162765332711,1.52484041817,-0.0449933686602,0.0285239818484,0.182664866381,0.981730882588
2018/10/02/14:03:47.315718,53699,1538481827,300955136,/world,vicon/IMUframe/IMUframe,-0.13275723083,0.162686187892,1.52445979724,-0.0447586343996,0.0271106397158,0.182758110368,0.981764305195
2018/10/02/14:03:47.326131,53700,1538481827,310960940,/world,vicon/IMUframe/IMUframe,-0.132791206438,0.162621614468,1.52415647096,-0.044241905297,0.0255033864411,0.182706262172,0.98184044165
2018/10/02/14:03:47.336026,53701,1538481827,320958838,/world,vicon/IMUframe/IMUframe,-0.13290802379,0.162516399656,1.52376915914,-0.0439608976239,0.0241459076453,0.182711812669,0.981886351945
2018/10/02/14:03:47.345747,53702,1538481827,330894521,/world,vicon/IMUframe/IMUframe,-0.133055043508,0.162505589989,1.52336826708,-0.0435480416153,0.0229119996635,0.182884287058,0.981902207906
2018/10/02/14:03:47.355520,53703,1538481827,340950796,/world,vicon/IMUframe/IMUframe,-0.133187764464,0.162424387816,1.52302977823,-0.0433237268418,0.0217546847767,0.182858057835,0.981943338013
2018/10/02/14:03:47.365677,53704,1538481827,350880101,/world,vicon/IMUframe/IMUframe,-0.13332732841,0.162366690336,1.52267950172,-0.0431397930212,0.0208414530346,0.182854347141,0.981971934337
2018/10/02/14:03:47.375530,53705,1538481827,360940221,/world,vicon/IMUframe/IMUframe,-0.13344207779,0.16226864586,1.52241693274,-0.0431544991833,0.0199747107857,0.182618447297,0.982033198439
2018/10/02/14:03:47.385905,53706,1538481827,370929131,/world,vicon/IMUframe/IMUframe,-0.133584733658,0.162254384583,1.52218463614,-0.0430221806406,0.019336479275,0.182377504769,0.982096552431
2018/10/02/14:03:47.395870,53707,1538481827,380933997,/world,vicon/IMUframe/IMUframe,-0.13376442153,0.16223973986,1.52193984106,-0.0429000287404,0.0188150696172,0.182105741186,0.982162450777
2018/10/02/14:03:47.405909,53708,1538481827,390874701,/world,vicon/IMUframe/IMUframe,-0.133948077579,0.162213809661,1.52172265196,-0.0427469951969,0.0184284563239,0.181794905428,0.982234034617
2018/10/02/14:03:47.415849,53709,1538481827,400950849,/world,vicon/IMUframe/IMUframe,-0.134137811315,0.16218778315,1.52153275591,-0.0425177088446,0.0181473934106,0.181471476491,0.982309024578
2018/10/02/14:03:47.425924,53710,1538481827,410811818,/world,vicon/IMUframe/IMUframe,-0.134354500317,0.162177241225,1.52133512027,-0.0422443866141,0.0180166127239,0.181060067517,0.982399137528
2018/10/02/14:03:47.436015,53711,1538481827,420963647,/world,vicon/IMUframe/IMUframe,-0.134567499671,0.162218670516,1.52112798193,-0.0416881887519,0.0179941105346,0.180848577903,0.982462263283
2018/10/02/14:03:47.445838,53712,1538481827,430944389,/world,vicon/IMUframe/IMUframe,-0.134726351081,0.162131482537,1.52099269145,-0.0413500453378,0.0179966326794,0.180222524741,0.982591541048
2018/10/02/14:03:47.455676,53713,1538481827,440917756,/world,vicon/IMUframe/IMUframe,-0.134893392352,0.162113183012,1.52083098645,-0.0408118818715,0.0181246039556,0.179820785563,0.982685287419
2018/10/02/14:03:47.465719,53714,1538481827,450928389,/world,vicon/IMUframe/IMUframe,-0.135063051632,0.162104079377,1.52068278769,-0.0402323728865,0.0182873875634,0.179447491684,0.982774402066
2018/10/02/14:03:47.476004,53715,1538481827,460959198,/world,vicon/IMUframe/IMUframe,-0.13524847725,0.162127360644,1.52049570832,-0.0393456848685,0.018512343596,0.17927423798,0.982837706752
2018/10/02/14:03:47.485996,53716,1538481827,470945036,/world,vicon/IMUframe/IMUframe,-0.135412107851,0.162032242648,1.52036167165,-0.038794414882,0.018679600429,0.178692054078,0.982962469127
2018/10/02/14:03:47.495976,53717,1538481827,480947126,/world,vicon/IMUframe/IMUframe,-0.135567956681,0.161994224763,1.52021676516,-0.0381004553097,0.0188690815593,0.178401067872,0.983038845646
2018/10/02/14:03:47.505262,53718,1538481827,490861286,/world,vicon/IMUframe/IMUframe,-0.135722330019,0.16197261228,1.52005525923,-0.0372277289362,0.0190678308043,0.178208315925,0.983103407665
2018/10/02/14:03:47.515779,53719,1538481827,500935511,/world,vicon/IMUframe/IMUframe,-0.135887059104,0.161964924225,1.51993105033,-0.0364621729649,0.0193262754374,0.177989902167,0.983166618507
2018/10/02/14:03:47.526186,53720,1538481827,510897279,/world,vicon/IMUframe/IMUframe,-0.136047826361,0.16195450684,1.51980694409,-0.0356635327795,0.0195772362167,0.17765709773,0.983251137746
2018/10/02/14:03:47.535964,53721,1538481827,520947742,/world,vicon/IMUframe/IMUframe,-0.136201622876,0.162031004802,1.51967214687,-0.0347737002086,0.0199305092171,0.177478615638,0.983308143751
2018/10/02/14:03:47.546021,53722,1538481827,530886966,/world,vicon/IMUframe/IMUframe,-0.136326906853,0.16200725603,1.51958027807,-0.0342276971244,0.0202220075793,0.17692745276,0.983420668696
2018/10/02/14:03:47.556029,53723,1538481827,540952285,/world,vicon/IMUframe/IMUframe,-0.136451162458,0.162081430307,1.51950652921,-0.0335481067533,0.0205809494214,0.17661266584,0.983493220779
2018/10/02/14:03:47.566210,53724,1538481827,550916265,/world,vicon/IMUframe/IMUframe,-0.136566439524,0.162158159414,1.51940747444,-0.0328965058393,0.0209345446011,0.176355784092,0.983553863377
2018/10/02/14:03:47.576001,53725,1538481827,560904341,/world,vicon/IMUframe/IMUframe,-0.136669518664,0.162221343358,1.51928636121,-0.0323204306486,0.0211727418879,0.176163204052,0.983602374083
2018/10/02/14:03:47.585807,53726,1538481827,570939115,/world,vicon/IMUframe/IMUframe,-0.136784293835,0.162330544831,1.5191384472,-0.0316753596614,0.0213795984159,0.176196232438,0.983612968619
2018/10/02/14:03:47.596375,53727,1538481827,580866923,/world,vicon/IMUframe/IMUframe,-0.136821685884,0.16221837029,1.51906973852,-0.0318293610276,0.021442735157,0.175952607328,0.983650232989
2018/10/02/14:03:47.606261,53728,1538481827,590941847,/world,vicon/IMUframe/IMUframe,-0.136942848703,0.162258513149,1.51890848655,-0.0314446127525,0.0215693834045,0.175768409884,0.983692769169
2018/10/02/14:03:47.615832,53729,1538481827,600888786,/world,vicon/IMUframe/IMUframe,-0.137119008514,0.162359498961,1.5187266019,-0.0309337028803,0.0218418632405,0.175722523268,0.983711153669
2018/10/02/14:03:47.625664,53730,1538481827,610812893,/world,vicon/IMUframe/IMUframe,-0.137301877655,0.162345099598,1.51859760458,-0.0307908972957,0.0220865910397,0.174997527208,0.983839401839
2018/10/02/14:03:47.635713,53731,1538481827,620775968,/world,vicon/IMUframe/IMUframe,-0.137520538036,0.162398712846,1.51844202436,-0.0306037542633,0.022399320168,0.17424167969,0.983972315535
2018/10/02/14:03:47.645770,53732,1538481827,630947710,/world,vicon/IMUframe/IMUframe,-0.137731584063,0.162463497588,1.51832802599,-0.0304041954771,0.0227520050247,0.173435985198,0.984112742628
2018/10/02/14:03:47.656407,53733,1538481827,641215152,/world,vicon/IMUframe/IMUframe,-0.137956524485,0.162570466359,1.51820765476,-0.0301282532738,0.0231494613653,0.17239189343,0.984295395637
2018/10/02/14:03:47.666317,53734,1538481827,650962237,/world,vicon/IMUframe/IMUframe,-0.138169710379,0.162681014741,1.51811566219,-0.02990748388,0.0235580935542,0.171413729505,0.984463250697
2018/10/02/14:03:47.676594,53735,1538481827,661041036,/world,vicon/IMUframe/IMUframe,-0.138361262172,0.162815088794,1.51801312147,-0.0296074701235,0.0239301125042,0.170330970444,0.98465126209
2018/10/02/14:03:47.686254,53736,1538481827,670996848,/world,vicon/IMUframe/IMUframe,-0.138547433307,0.16301509586,1.5178703131,-0.029183154017,0.0243191182614,0.169469120773,0.984803097636
2018/10/02/14:03:47.696537,53737,1538481827,680992738,/world,vicon/IMUframe/IMUframe,-0.13869940047,0.163104681984,1.51779213917,-0.0289855072492,0.0246368134669,0.168359202956,0.984991394161
2018/10/02/14:03:47.706492,53738,1538481827,691131801,/world,vicon/IMUframe/IMUframe,-0.138803328457,0.16325056076,1.51765065617,-0.0285585927797,0.0249700072598,0.167636651802,0.98511870274
2018/10/02/14:03:47.716086,53739,1538481827,700997697,/world,vicon/IMUframe/IMUframe,-0.138877902663,0.163400880793,1.51747459354,-0.0281254089212,0.0252539492991,0.16719257562,0.98519939204
2018/10/02/14:03:47.726416,53740,1538481827,710914897,/world,vicon/IMUframe/IMUframe,-0.138913470183,0.163585246945,1.51729391609,-0.027547508074,0.0254033890413,0.167198948708,0.985210796822
2018/10/02/14:03:47.736554,53741,1538481827,721005591,/world,vicon/IMUframe/IMUframe,-0.138924089669,0.163724585716,1.51709063475,-0.0269611792594,0.0254631556586,0.16727985221,0.985211740471
2018/10/02/14:03:47.746242,53742,1538481827,730959190,/world,vicon/IMUframe/IMUframe,-0.138898127453,0.163793808981,1.51692115919,-0.0265541109748,0.0254101962888,0.167460784993,0.985193425985
2018/10/02/14:03:47.756471,53743,1538481827,741091169,/world,vicon/IMUframe/IMUframe,-0.138830171399,0.163910643411,1.51671694409,-0.0261005511919,0.0253977581433,0.168156839996,0.985087301853
2018/10/02/14:03:47.766251,53744,1538481827,750943587,/world,vicon/IMUframe/IMUframe,-0.138769084847,0.164047312987,1.51649372436,-0.0255257694354,0.0254327179779,0.169404660915,0.984887644765
2018/10/02/14:03:47.776486,53745,1538481827,761303796,/world,vicon/IMUframe/IMUframe,-0.138653035459,0.164126448901,1.516333403,-0.0251710624048,0.0254691240363,0.170750174159,0.984663454873
2018/10/02/14:03:47.785877,53746,1538481827,770949394,/world,vicon/IMUframe/IMUframe,-0.138547087361,0.164155505796,1.51616115045,-0.0247354823898,0.0254507759181,0.171992548596,0.984458722925
2018/10/02/14:03:47.795849,53747,1538481827,780991920,/world,vicon/IMUframe/IMUframe,-0.138344479527,0.164165371015,1.51603673253,-0.0248139863387,0.0254776782973,0.173960303551,0.984110241172
2018/10/02/14:03:47.806385,53748,1538481827,791126141,/world,vicon/IMUframe/IMUframe,-0.138119196869,0.164178214125,1.5159131449,-0.0249208885515,0.0255068618974,0.176486852131,0.983656820408
2018/10/02/14:03:47.816111,53749,1538481827,800978588,/world,vicon/IMUframe/IMUframe,-0.137853431175,0.16411746829,1.51582006636,-0.0253612410846,0.0254416989761,0.178977984577,0.983197034394
2018/10/02/14:03:47.825781,53750,1538481827,810962959,/world,vicon/IMUframe/IMUframe,-0.137567347458,0.163978461451,1.5157921892,-0.0262402025853,0.0253909530815,0.181292994623,0.982751037329
2018/10/02/14:03:47.835695,53751,1538481827,820948753,/world,vicon/IMUframe/IMUframe,-0.137273756923,0.163891516815,1.51577668215,-0.0272131182726,0.025343662068,0.183950104021,0.98223189941
2018/10/02/14:03:47.845724,53752,1538481827,830969828,/world,vicon/IMUframe/IMUframe,-0.137000685963,0.163801720909,1.51575272819,-0.028314407309,0.0252972572565,0.186714032737,0.981680300858
2018/10/02/14:03:47.856138,53753,1538481827,841006596,/world,vicon/IMUframe/IMUframe,-0.136721025275,0.163692304248,1.51575011363,-0.0295108823534,0.0252544332403,0.18963116452,0.981086817192
2018/10/02/14:03:47.865925,53754,1538481827,850972180,/world,vicon/IMUframe/IMUframe,-0.136426892187,0.163572609303,1.51578178469,-0.0308506989715,0.0251912002808,0.192642815503,0.980460291616
2018/10/02/14:03:47.876030,53755,1538481827,861011241,/world,vicon/IMUframe/IMUframe,-0.136128013575,0.16341626125,1.51581159645,-0.0323362598239,0.0251682814777,0.195885973081,0.97977018196
2018/10/02/14:03:47.885930,53756,1538481827,870938853,/world,vicon/IMUframe/IMUframe,-0.135824642123,0.163242497784,1.51586385018,-0.0339221832957,0.0251876304951,0.199212652294,0.979045038758
2018/10/02/14:03:47.896029,53757,1538481827,880958039,/world,vicon/IMUframe/IMUframe,-0.13566260519,0.163155286484,1.51590305563,-0.0356343419278,0.0253306997915,0.202760881988,0.978251794815
2018/10/02/14:03:47.906094,53758,1538481827,891115760,/world,vicon/IMUframe/IMUframe,-0.135399457589,0.162913603469,1.51581439894,-0.0376310583367,0.025543206524,0.206320011747,0.97742697978
2018/10/02/14:03:47.915817,53759,1538481827,900979284,/world,vicon/IMUframe/IMUframe,-0.135130219052,0.162796473616,1.51576972197,-0.0390935590634,0.0257809540185,0.210075414316,0.976563032451
2018/10/02/14:03:47.926592,53760,1538481827,911020668,/world,vicon/IMUframe/IMUframe,-0.134849911778,0.162533336723,1.51580176042,-0.0409902512985,0.0261808457243,0.213418281997,0.975749455304
2018/10/02/14:03:47.936789,53761,1538481827,920972986,/world,vicon/IMUframe/IMUframe,-0.134584998818,0.162366947062,1.51579076847,-0.0425236194463,0.0267666867314,0.21709348712,0.974856760822
2018/10/02/14:03:47.946486,53762,1538481827,930970514,/world,vicon/IMUframe/IMUframe,-0.134337625672,0.162181594721,1.51579710352,-0.0439582011095,0.0275199046543,0.220954358817,0.973904257472
2018/10/02/14:03:47.956787,53763,1538481827,941084167,/world,vicon/IMUframe/IMUframe,-0.134084016561,0.1620809877,1.51576680401,-0.0450006429575,0.0283956514842,0.225317847464,0.97283117586
2018/10/02/14:03:47.966588,53764,1538481827,951015242,/world,vicon/IMUframe/IMUframe,-0.133863460786,0.161896030668,1.51579034313,-0.0463424319999,0.0290839390079,0.229184198092,0.971844178268
2018/10/02/14:03:47.976553,53765,1538481827,960999672,/world,vicon/IMUframe/IMUframe,-0.1337275692,0.161721343607,1.51580673876,-0.0476446600007,0.0296677047883,0.23306313141,0.970840558714
2018/10/02/14:03:47.987519,53766,1538481827,971080760,/world,vicon/IMUframe/IMUframe,-0.133659838371,0.161544890021,1.51569656916,-0.0489038897574,0.0299276766688,0.236635014098,0.969905466444
2018/10/02/14:03:47.997290,53767,1538481827,980967162,/world,vicon/IMUframe/IMUframe,-0.133808890615,0.161391307778,1.51555004026,-0.0499029097636,0.0301852274268,0.240031804917,0.969011498523
2018/10/02/14:03:48.007499,53768,1538481827,991097461,/world,vicon/IMUframe/IMUframe,-0.134075110382,0.161233540032,1.51542317283,-0.0509020854937,0.0304865081254,0.243186968728,0.968163027984
2018/10/02/14:03:48.016476,53769,1538481828,917423,/world,vicon/IMUframe/IMUframe,-0.134491940823,0.161108269957,1.51539435873,-0.0518059304706,0.0308836749786,0.246275428301,0.967321434479
2018/10/02/14:03:48.026526,53770,1538481828,10943580,/world,vicon/IMUframe/IMUframe,-0.135170435983,0.161020338177,1.51600845355,-0.0545413971049,0.0343996358685,0.250426535712,0.965985740715
2018/10/02/14:03:48.036373,53771,1538481828,20906574,/world,vicon/IMUframe/IMUframe,-0.13540450761,0.160851670748,1.51602881833,-0.0555747069768,0.034702700042,0.253448896311,0.965127365436
2018/10/02/14:03:48.046503,53772,1538481828,30974262,/world,vicon/IMUframe/IMUframe,-0.135632371852,0.160652661826,1.51608628637,-0.0566290892504,0.0348959027981,0.256575260717,0.964232626396
2018/10/02/14:03:48.056172,53773,1538481828,40891826,/world,vicon/IMUframe/IMUframe,-0.135731672914,0.160483845501,1.5162025829,-0.0577180100544,0.0348188471638,0.260389113959,0.96314785393
2018/10/02/14:03:48.066106,53774,1538481828,50892338,/world,vicon/IMUframe/IMUframe,-0.135909380238,0.160325217065,1.51628614218,-0.0587164000316,0.0347492898605,0.263545693361,0.962231021498
2018/10/02/14:03:48.076102,53775,1538481828,60860854,/world,vicon/IMUframe/IMUframe,-0.135516846497,0.160379128411,1.51585881618,-0.0595637261566,0.031992564314,0.266422014907,0.961482162251
2018/10/02/14:03:48.086215,53776,1538481828,70900935,/world,vicon/IMUframe/IMUframe,-0.135685613063,0.16051914627,1.5160455927,-0.0604272480252,0.0322487296035,0.270136102859,0.960382763833
2018/10/02/14:03:48.095857,53777,1538481828,80910375,/world,vicon/IMUframe/IMUframe,-0.135706084642,0.160331728187,1.51616993382,-0.0614522728195,0.0317830399021,0.27483406832,0.958999317743
2018/10/02/14:03:48.106039,53778,1538481828,90909098,/world,vicon/IMUframe/IMUframe,-0.13575661143,0.160133370506,1.51630139985,-0.062429669692,0.0311265368267,0.28014580956,0.957419448535
2018/10/02/14:03:48.116220,53779,1538481828,100941200,/world,vicon/IMUframe/IMUframe,-0.135918446693,0.160124374746,1.51641586257,-0.0633102843655,0.0304028506034,0.285744172807,0.955728906268
2018/10/02/14:03:48.126796,53780,1538481828,110879531,/world,vicon/IMUframe/IMUframe,-0.135966216107,0.16009508059,1.51639927068,-0.0645072779833,0.0292864235291,0.292119004312,0.953754477737
2018/10/02/14:03:48.136100,53781,1538481828,120905754,/world,vicon/IMUframe/IMUframe,-0.135952508821,0.160074395537,1.51645817554,-0.0653978564944,0.0281515911246,0.298681132808,0.951693327279
2018/10/02/14:03:48.146519,53782,1538481828,130872577,/world,vicon/IMUframe/IMUframe,-0.135772291142,0.159938725858,1.51643146707,-0.0665480503918,0.0264718587137,0.306004782936,0.949332223463
2018/10/02/14:03:48.156655,53783,1538481828,140906233,/world,vicon/IMUframe/IMUframe,-0.135717363131,0.159857302376,1.51658823911,-0.0677789975884,0.0251882719773,0.3130702457,0.946973378558
2018/10/02/14:03:48.166148,53784,1538481828,150882945,/world,vicon/IMUframe/IMUframe,-0.135656771714,0.15964993098,1.51677570039,-0.069358786092,0.0240483523003,0.3204389679,0.944420406066
2018/10/02/14:03:48.176052,53785,1538481828,160855458,/world,vicon/IMUframe/IMUframe,-0.135065318684,0.158859651602,1.51766756576,-0.0745185958517,0.0216966798926,0.327862961918,0.941531789775
2018/10/02/14:03:48.186200,53786,1538481828,170897232,/world,vicon/IMUframe/IMUframe,-0.135092979896,0.158841573075,1.51786936693,-0.0761634519208,0.0204764584376,0.335432575633,0.938757066788
2018/10/02/14:03:48.195990,53787,1538481828,180931489,/world,vicon/IMUframe/IMUframe,-0.135088562297,0.158870371644,1.51810209192,-0.0778786771692,0.0190768652492,0.342997214679,0.935908059361
2018/10/02/14:03:48.206010,53788,1538481828,190887652,/world,vicon/IMUframe/IMUframe,-0.135809031869,0.159443686449,1.51765061536,-0.0760949951075,0.0194853928458,0.351661909061,0.932825692668
2018/10/02/14:03:48.216095,53789,1538481828,200887576,/world,vicon/IMUframe/IMUframe,-0.135695619957,0.159447182684,1.51799498621,-0.0783474329739,0.0180127709869,0.358906160245,0.929905149984
2018/10/02/14:03:48.226048,53790,1538481828,210882071,/world,vicon/IMUframe/IMUframe,-0.135659880342,0.159434922755,1.51838768571,-0.0806977378548,0.0168467108202,0.366449888784,0.926778583293
2018/10/02/14:03:48.236065,53791,1538481828,220887012,/world,vicon/IMUframe/IMUframe,-0.135455599733,0.159510019742,1.51880006393,-0.0832333685946,0.015485249474,0.373875640579,0.923606744661
2018/10/02/14:03:48.246153,53792,1538481828,230917269,/world,vicon/IMUframe/IMUframe,-0.135214251906,0.159619550111,1.51927257356,-0.0858408745994,0.0141798478129,0.381486419248,0.920270823233
2018/10/02/14:03:48.256494,53793,1538481828,240889195,/world,vicon/IMUframe/IMUframe,-0.13486925445,0.159720628496,1.5197272838,-0.0886259477236,0.0127891237661,0.389402157742,0.916704881218
2018/10/02/14:03:48.266256,53794,1538481828,250916578,/world,vicon/IMUframe/IMUframe,-0.134563238212,0.159697158467,1.52026541964,-0.0915102631667,0.0117479188609,0.398032663303,0.912720032147
2018/10/02/14:03:48.276972,53795,1538481828,260848306,/world,vicon/IMUframe/IMUframe,-0.134732592332,0.159774553853,1.52114022269,-0.0947415912752,0.0127176116941,0.406473831002,0.908648071558
2018/10/02/14:03:48.286469,53796,1538481828,270891414,/world,vicon/IMUframe/IMUframe,-0.13446656418,0.160188298878,1.52172190998,-0.0973675096328,0.0115053328942,0.414446497488,0.904776931681
2018/10/02/14:03:48.296324,53797,1538481828,280841241,/world,vicon/IMUframe/IMUframe,-0.133976454415,0.160338664332,1.52225573029,-0.099868695664,0.00997013826496,0.42319835206,0.900460990151
2018/10/02/14:03:48.306241,53798,1538481828,290905482,/world,vicon/IMUframe/IMUframe,-0.132488590825,0.160556317252,1.52331994925,-0.106095892872,0.00404715928658,0.43075497572,0.896201669776
2018/10/02/14:03:48.316160,53799,1538481828,300853501,/world,vicon/IMUframe/IMUframe,-0.131999974474,0.16087973512,1.5238141787,-0.108095691661,0.00310218226763,0.439801848663,0.891560447655
2018/10/02/14:03:48.326099,53800,1538481828,310893008,/world,vicon/IMUframe/IMUframe,-0.131715715239,0.161311805212,1.52437864494,-0.110291200888,0.00195962786019,0.447230283927,0.887590606081
2018/10/02/14:03:48.336042,53801,1538481828,320887482,/world,vicon/IMUframe/IMUframe,-0.131321227208,0.161848041236,1.52503539006,-0.11255406498,0.000694226032749,0.455519707431,0.883081477922
2018/10/02/14:03:48.346045,53802,1538481828,330905607,/world,vicon/IMUframe/IMUframe,-0.13099814359,0.16242757243,1.52564026062,-0.114607235089,-0.000697115629525,0.463665289821,0.87856655679
2018/10/02/14:03:48.356028,53803,1538481828,340916837,/world,vicon/IMUframe/IMUframe,-0.130338164634,0.162876232389,1.52619163731,-0.116738924466,-0.00190201552132,0.471747921169,0.873969281339
2018/10/02/14:03:48.366216,53804,1538481828,350874769,/world,vicon/IMUframe/IMUframe,-0.129952195043,0.163463664823,1.52673590736,-0.11864810186,-0.00312320186526,0.479859866493,0.869279806544
2018/10/02/14:03:48.376586,53805,1538481828,360889776,/world,vicon/IMUframe/IMUframe,-0.129469158686,0.16400915899,1.52728568586,-0.120651321081,-0.00460030907365,0.4879868287,0.864459918616
2018/10/02/14:03:48.386327,53806,1538481828,370929251,/world,vicon/IMUframe/IMUframe,-0.129047925805,0.164430098525,1.52772517978,-0.122693754977,-0.00591162265851,0.496011959489,0.859583289304
2018/10/02/14:03:48.396236,53807,1538481828,380833165,/world,vicon/IMUframe/IMUframe,-0.128754737569,0.164831352472,1.52824044256,-0.123348969846,-0.00777749986643,0.504188859572,0.854703536916
2018/10/02/14:03:48.406332,53808,1538481828,390898746,/world,vicon/IMUframe/IMUframe,-0.128470255833,0.165330281975,1.52875319766,-0.12472596181,-0.0090302438847,0.512498419162,0.849533554077
2018/10/02/14:03:48.416153,53809,1538481828,400868180,/world,vicon/IMUframe/IMUframe,-0.12824994329,0.165931504575,1.5293231723,-0.126150805621,-0.0103795473103,0.520002140433,0.84473428555
2018/10/02/14:03:48.426236,53810,1538481828,410868880,/world,vicon/IMUframe/IMUframe,-0.128924709497,0.166972796803,1.52904315191,-0.123713131875,-0.00976704666213,0.528222312271,0.839988603864
2018/10/02/14:03:48.436195,53811,1538481828,420801404,/world,vicon/IMUframe/IMUframe,-0.128644131411,0.167527386735,1.52952873283,-0.124753020273,-0.0108172230182,0.535402453793,0.835262763501
2018/10/02/14:03:48.446231,53812,1538481828,430883146,/world,vicon/IMUframe/IMUframe,-0.128449740691,0.168180908938,1.52992770076,-0.125647372991,-0.0116950425414,0.542279327876,0.830667860338
2018/10/02/14:03:48.456147,53813,1538481828,440887681,/world,vicon/IMUframe/IMUframe,-0.128369281375,0.168946988816,1.5305181704,-0.125976501904,-0.0123540561806,0.548981758624,0.826193879765
2018/10/02/14:03:48.466352,53814,1538481828,450890083,/world,vicon/IMUframe/IMUframe,-0.128119237215,0.169576242051,1.53094416332,-0.126735320586,-0.0129711296737,0.555397713061,0.821768391116
2018/10/02/14:03:48.476355,53815,1538481828,460913129,/world,vicon/IMUframe/IMUframe,-0.127768962107,0.170251038773,1.53145983756,-0.127090729503,-0.0138470041179,0.56177068148,0.817355435769
2018/10/02/14:03:48.486556,53816,1538481828,470890069,/world,vicon/IMUframe/IMUframe,-0.127410496709,0.170880353896,1.53200499919,-0.126989011806,-0.0150118645786,0.567969627783,0.813055309753
2018/10/02/14:03:48.496409,53817,1538481828,480888288,/world,vicon/IMUframe/IMUframe,-0.127023528889,0.17152501814,1.53252896756,-0.127332997102,-0.0158815489498,0.57378025079,0.808894497481
2018/10/02/14:03:48.506398,53818,1538481828,490885152,/world,vicon/IMUframe/IMUframe,-0.12672141501,0.172158157946,1.5330451014,-0.127566722911,-0.0166970644069,0.57928435895,0.804908423811
2018/10/02/14:03:48.516750,53819,1538481828,500856571,/world,vicon/IMUframe/IMUframe,-0.126373113888,0.172771922397,1.53358126901,-0.12771046741,-0.0175414268752,0.584799159581,0.800869700894
2018/10/02/14:03:48.526610,53820,1538481828,510926931,/world,vicon/IMUframe/IMUframe,-0.126201533077,0.173382809003,1.53410608848,-0.127633489361,-0.0182685738022,0.590693189979,0.79652840936
2018/10/02/14:03:48.536776,53821,1538481828,520864460,/world,vicon/IMUframe/IMUframe,-0.125870870149,0.173977938808,1.53461987251,-0.127423394186,-0.0189819415106,0.596389266399,0.792289598212
2018/10/02/14:03:48.546348,53822,1538481828,530868232,/world,vicon/IMUframe/IMUframe,-0.125583642961,0.174567041425,1.53507797686,-0.127076796001,-0.0193883878717,0.602099607098,0.788004848631
2018/10/02/14:03:48.556265,53823,1538481828,540862638,/world,vicon/IMUframe/IMUframe,-0.125327989199,0.175148496741,1.53542075633,-0.126646644834,-0.0193591937443,0.60776862355,0.783711138875
2018/10/02/14:03:48.566194,53824,1538481828,550928987,/world,vicon/IMUframe/IMUframe,-0.125105048666,0.175749208438,1.53574006188,-0.126038690406,-0.0189752504221,0.613348315369,0.779460090335
2018/10/02/14:03:48.576526,53825,1538481828,560831092,/world,vicon/IMUframe/IMUframe,-0.124796115585,0.176396220679,1.53604877175,-0.125361672186,-0.0183360899126,0.61874519818,0.775308079852
2018/10/02/14:03:48.585994,53826,1538481828,570844443,/world,vicon/IMUframe/IMUframe,-0.124432748615,0.177048844881,1.53636779231,-0.124536132063,-0.0174208162817,0.624017411964,0.771225995761
2018/10/02/14:03:48.596306,53827,1538481828,580891332,/world,vicon/IMUframe/IMUframe,-0.124126122055,0.177675590921,1.53675217581,-0.123450086881,-0.0162021649009,0.629276047965,0.767143546775
2018/10/02/14:03:48.606253,53828,1538481828,590884603,/world,vicon/IMUframe/IMUframe,-0.123708999218,0.178360852937,1.53706553896,-0.122377569505,-0.0148283627977,0.634156451989,0.763314774218
2018/10/02/14:03:48.616140,53829,1538481828,600908921,/world,vicon/IMUframe/IMUframe,-0.123283443718,0.179066778064,1.53738854947,-0.121153401839,-0.0132465319224,0.638764673042,0.759688143312
2018/10/02/14:03:48.626352,53830,1538481828,610884782,/world,vicon/IMUframe/IMUframe,-0.122684163307,0.179769804594,1.53782413793,-0.119957096165,-0.0116736616402,0.643404150943,0.75597957595
2018/10/02/14:03:48.636147,53831,1538481828,620910256,/world,vicon/IMUframe/IMUframe,-0.122216424478,0.18041869553,1.53824731251,-0.118429471281,-0.010040984338,0.647758702596,0.752517310218
2018/10/02/14:03:48.645989,53832,1538481828,630892453,/world,vicon/IMUframe/IMUframe,-0.121750979679,0.181076061561,1.53862210097,-0.116692848425,-0.00840636505307,0.652112441071,0.749040370309
2018/10/02/14:03:48.656072,53833,1538481828,640892260,/world,vicon/IMUframe/IMUframe,-0.121305575687,0.181715389562,1.53906800259,-0.11469277517,-0.00668214730783,0.656746814229,0.745308351108
2018/10/02/14:03:48.666092,53834,1538481828,650917568,/world,vicon/IMUframe/IMUframe,-0.121006345318,0.182311783655,1.53944169924,-0.11259185841,-0.00487272268902,0.66121340139,0.741684682204
2018/10/02/14:03:48.676402,53835,1538481828,660898531,/world,vicon/IMUframe/IMUframe,-0.120616663081,0.182831691512,1.53983118949,-0.110546924416,-0.00296062702788,0.665644928971,0.738029430798
2018/10/02/14:03:48.686110,53836,1538481828,670901891,/world,vicon/IMUframe/IMUframe,-0.120181616131,0.183477782755,1.54009267052,-0.108548822591,-0.000920344764375,0.669988772847,0.734391823442
2018/10/02/14:03:48.696382,53837,1538481828,680883347,/world,vicon/IMUframe/IMUframe,-0.119689844708,0.184123721748,1.54041575539,-0.10654232652,0.00124102746621,0.674363249731,0.730671882532
2018/10/02/14:03:48.706183,53838,1538481828,690938991,/world,vicon/IMUframe/IMUframe,-0.119165169592,0.184789857405,1.54069598729,-0.104583026111,0.00355111643364,0.678684603775,0.726936715829
2018/10/02/14:03:48.716355,53839,1538481828,700922638,/world,vicon/IMUframe/IMUframe,-0.118638195215,0.185370236032,1.54104538469,-0.102770536993,0.00587147326501,0.682789649901,0.723327060544
2018/10/02/14:03:48.726415,53840,1538481828,710919035,/world,vicon/IMUframe/IMUframe,-0.117976980073,0.185808721203,1.54143282273,-0.101054024514,0.00827547125661,0.687126652039,0.719427942717
2018/10/02/14:03:48.736572,53841,1538481828,720925640,/world,vicon/IMUframe/IMUframe,-0.117596314776,0.186256139754,1.54176229462,-0.0991818126171,0.0104851995743,0.691095050301,0.71584960717
2018/10/02/14:03:48.746380,53842,1538481828,730884200,/world,vicon/IMUframe/IMUframe,-0.117025028299,0.186740061476,1.54204893794,-0.0973648092744,0.0125022285585,0.694747396758,0.712523573571
2018/10/02/14:03:48.756577,53843,1538481828,740889505,/world,vicon/IMUframe/IMUframe,-0.11655022216,0.187201230185,1.542388908,-0.0953170965498,0.0144600556964,0.698427105607,0.709158047298
2018/10/02/14:03:48.766292,53844,1538481828,750884754,/world,vicon/IMUframe/IMUframe,-0.115975508838,0.187649193963,1.54271670188,-0.0933607472532,0.0163773251424,0.702174360845,0.705667571216
2018/10/02/14:03:48.776528,53845,1538481828,760895060,/world,vicon/IMUframe/IMUframe,-0.115404191518,0.188148373465,1.54294129169,-0.0912967269675,0.0183123654108,0.705861029421,0.702203511856
2018/10/02/14:03:48.786327,53846,1538481828,770890015,/world,vicon/IMUframe/IMUframe,-0.114807759928,0.18863394118,1.54320316938,-0.0891193553151,0.0203166324866,0.709660393145,0.698589365331
2018/10/02/14:03:48.796399,53847,1538481828,780877745,/world,vicon/IMUframe/IMUframe,-0.114346223193,0.189244891719,1.54350968493,-0.0866140392743,0.0223164794416,0.713398035315,0.695027500286
2018/10/02/14:03:48.806233,53848,1538481828,790872576,/world,vicon/IMUframe/IMUframe,-0.113707999489,0.189767725236,1.54376803807,-0.0844259902378,0.0242894781743,0.717194703917,0.691313264805
2018/10/02/14:03:48.815990,53849,1538481828,800896616,/world,vicon/IMUframe/IMUframe,-0.112873614163,0.190415327971,1.54405302221,-0.08229388283,0.0262428775136,0.721373942263,0.687138023728
2018/10/02/14:03:48.825905,53850,1538481828,810834685,/world,vicon/IMUframe/IMUframe,-0.11195353494,0.191154467667,1.54422691417,-0.0799429102946,0.0276625512197,0.725587165522,0.682910813785
2018/10/02/14:03:48.835987,53851,1538481828,820893063,/world,vicon/IMUframe/IMUframe,-0.111261831708,0.19188798649,1.54447643942,-0.0775918061191,0.0292406094776,0.729763937044,0.678652410716
2018/10/02/14:03:48.846033,53852,1538481828,830932754,/world,vicon/IMUframe/IMUframe,-0.110389157985,0.192601560698,1.54464898642,-0.075217007792,0.0306219642814,0.734070536748,0.674199632246
2018/10/02/14:03:48.856369,53853,1538481828,840919211,/world,vicon/IMUframe/IMUframe,-0.109428983608,0.193379754342,1.54485303777,-0.0726738322289,0.031891836072,0.738476508334,0.669592317415
2018/10/02/14:03:48.866184,53854,1538481828,850883370,/world,vicon/IMUframe/IMUframe,-0.108560060639,0.194047853108,1.54498833314,-0.0701659040515,0.0332236668144,0.743076167074,0.664688456195
2018/10/02/14:03:48.876628,53855,1538481828,860896811,/world,vicon/IMUframe/IMUframe,-0.107500397043,0.194720554649,1.54503680732,-0.06751492573,0.0344306494341,0.747792592226,0.659592680519
2018/10/02/14:03:48.886204,53856,1538481828,870921555,/world,vicon/IMUframe/IMUframe,-0.106584824984,0.195327663491,1.54501923116,-0.0647141721813,0.0355844825116,0.752566617505,0.654361755255
2018/10/02/14:03:48.896383,53857,1538481828,880854030,/world,vicon/IMUframe/IMUframe,-0.105672923741,0.195890837122,1.54488346785,-0.0619322406549,0.0367109742009,0.757291440335,0.649096584752
2018/10/02/14:03:48.906199,53858,1538481828,890926244,/world,vicon/IMUframe/IMUframe,-0.104781038942,0.196453789122,1.54463365799,-0.0590350613309,0.0377702501679,0.762015028634,0.643755672497
2018/10/02/14:03:48.916475,53859,1538481828,900884091,/world,vicon/IMUframe/IMUframe,-0.103866307946,0.197085632034,1.54436496307,-0.0559723073064,0.038796406602,0.76689099122,0.63815370189
2018/10/02/14:03:48.926219,53860,1538481828,910898773,/world,vicon/IMUframe/IMUframe,-0.102828872855,0.197889294789,1.54401425309,-0.0525396473435,0.0396457670158,0.771912945504,0.632311792692
2018/10/02/14:03:48.936086,53861,1538481828,920917512,/world,vicon/IMUframe/IMUframe,-0.101853015305,0.198787527598,1.54370882673,-0.0491147084348,0.0402135245385,0.77702594127,0.626259773939
2018/10/02/14:03:48.946341,53862,1538481828,930912490,/world,vicon/IMUframe/IMUframe,-0.100882963485,0.199754161161,1.54343009055,-0.0455226519535,0.0406072754577,0.782360379129,0.619831408133
2018/10/02/14:03:48.956316,53863,1538481828,940822204,/world,vicon/IMUframe/IMUframe,-0.0999304130758,0.200838291682,1.54309865792,-0.0416801260101,0.0406415702076,0.787803475316,0.613169400856
2018/10/02/14:03:48.966074,53864,1538481828,950894648,/world,vicon/IMUframe/IMUframe,-0.0990729149051,0.201883297441,1.54284861941,-0.0380890615465,0.0406828782094,0.793215926777,0.606384878043
2018/10/02/14:03:48.976115,53865,1538481828,960924232,/world,vicon/IMUframe/IMUframe,-0.0982455220082,0.20294132509,1.54252142513,-0.0344783324973,0.039983086039,0.798117790651,0.600183796571
2018/10/02/14:03:48.986191,53866,1538481828,970872503,/world,vicon/IMUframe/IMUframe,-0.0975022222101,0.203886439816,1.54228926133,-0.0315446410238,0.0394415379428,0.803050334206,0.593767177806
2018/10/02/14:03:48.996314,53867,1538481828,980891577,/world,vicon/IMUframe/IMUframe,-0.096624011419,0.204837744584,1.5421385764,-0.0290743405167,0.0387615364542,0.808006633496,0.587177576413
2018/10/02/14:03:49.006195,53868,1538481828,990876978,/world,vicon/IMUframe/IMUframe,-0.0958808963622,0.205941144412,1.54193983082,-0.026756611429,0.0381215403203,0.813217995006,0.580092513749
2018/10/02/14:03:49.016597,53869,1538481829,845351,/world,vicon/IMUframe/IMUframe,-0.0952695004414,0.20681178541,1.54186115405,-0.0250199062813,0.0376927866717,0.817818560203,0.573695093853
2018/10/02/14:03:49.026377,53870,1538481829,10926269,/world,vicon/IMUframe/IMUframe,-0.0947442671202,0.207883610487,1.54178593205,-0.0234827371336,0.0368567232345,0.822337455147,0.56731935704
2018/10/02/14:03:49.036291,53871,1538481829,20895523,/world,vicon/IMUframe/IMUframe,-0.0941014042768,0.20906997376,1.54174120048,-0.0223514334239,0.0358199689165,0.826984043815,0.560637792632
2018/10/02/14:03:49.046179,53872,1538481829,30914837,/world,vicon/IMUframe/IMUframe,-0.09349943049,0.210113776686,1.54179869767,-0.0218337766689,0.0349384044952,0.831381469643,0.554172758283
2018/10/02/14:03:49.056005,53873,1538481829,40915128,/world,vicon/IMUframe/IMUframe,-0.0928581347734,0.211130075766,1.54192570754,-0.0216647361051,0.0338386273173,0.835583402683,0.547892292036
2018/10/02/14:03:49.066015,53874,1538481829,50925151,/world,vicon/IMUframe/IMUframe,-0.0920706530927,0.212098317675,1.54212053213,-0.0216816744149,0.0323972410161,0.839537063271,0.541902060491
2018/10/02/14:03:49.076388,53875,1538481829,60891370,/world,vicon/IMUframe/IMUframe,-0.0914957571888,0.213116527838,1.54231911455,-0.0216219359961,0.0307113690588,0.843325089851,0.536089634784
2018/10/02/14:03:49.086421,53876,1538481829,70926456,/world,vicon/IMUframe/IMUframe,-0.0909962730699,0.214078231873,1.54256814431,-0.0215173880529,0.0289066931804,0.846987034658,0.53039076936
2018/10/02/14:03:49.096329,53877,1538481829,80882786,/world,vicon/IMUframe/IMUframe,-0.0905527786273,0.214965535464,1.54285148683,-0.0215804485098,0.0272167907389,0.850658664441,0.524569697139
2018/10/02/14:03:49.106100,53878,1538481829,90921013,/world,vicon/IMUframe/IMUframe,-0.090313298141,0.215998794947,1.54305827093,-0.0210572649239,0.0252378502678,0.854491912903,0.518423777706
2018/10/02/14:03:49.116167,53879,1538481829,100895232,/world,vicon/IMUframe/IMUframe,-0.0900447025281,0.217008626671,1.54334662978,-0.0208334310349,0.0234006450985,0.858242074181,0.512287926919
2018/10/02/14:03:49.126216,53880,1538481829,110921057,/world,vicon/IMUframe/IMUframe,-0.0896921688245,0.218372103748,1.54367608996,-0.02077685115,0.0213578731172,0.862372837372,0.505396134805
2018/10/02/14:03:49.136285,53881,1538481829,120900123,/world,vicon/IMUframe/IMUframe,-0.0895305657374,0.219553061002,1.54402009446,-0.0206134985475,0.0195402322737,0.866097537797,0.49906744837
2018/10/02/14:03:49.146123,53882,1538481829,130898427,/world,vicon/IMUframe/IMUframe,-0.0892462751579,0.220656277159,1.54440215479,-0.0206903739791,0.0178028309395,0.869744590962,0.492746703822
2018/10/02/14:03:49.155975,53883,1538481829,140900398,/world,vicon/IMUframe/IMUframe,-0.0889049974949,0.221765452319,1.54479503183,-0.0209501881945,0.0160785646147,0.873252411168,0.486551945597
2018/10/02/14:03:49.166173,53884,1538481829,150955473,/world,vicon/IMUframe/IMUframe,-0.0885861827935,0.222835462313,1.54532343187,-0.0216924071021,0.0140916297098,0.876602689361,0.480519084378
2018/10/02/14:03:49.176211,53885,1538481829,160928907,/world,vicon/IMUframe/IMUframe,-0.0883255132044,0.223914878826,1.54577491935,-0.0223208340624,0.0126209415851,0.879951611417,0.474370797758
2018/10/02/14:03:49.186608,53886,1538481829,170922003,/world,vicon/IMUframe/IMUframe,-0.0881583648244,0.224928534154,1.54615647614,-0.0229081471891,0.0113780632304,0.883047711061,0.468585634073
2018/10/02/14:03:49.196504,53887,1538481829,180890634,/world,vicon/IMUframe/IMUframe,-0.0879187568696,0.225971736214,1.54662977584,-0.0238843684406,0.0105814941677,0.886356209869,0.462266414692
2018/10/02/14:03:49.206378,53888,1538481829,190888498,/world,vicon/IMUframe/IMUframe,-0.0877518917081,0.227199966645,1.5470953958,-0.0247600693026,0.00956711957281,0.890008043415,0.455171497182
2018/10/02/14:03:49.216340,53889,1538481829,200816410,/world,vicon/IMUframe/IMUframe,-0.0878710242134,0.228067481425,1.54735361088,-0.024953228102,0.00959133485217,0.892872884174,0.449514577528
2018/10/02/14:03:49.226285,53890,1538481829,210895431,/world,vicon/IMUframe/IMUframe,-0.0877253059093,0.229048698708,1.54773041148,-0.0254051810464,0.00937430777526,0.895635993451,0.44396268578
2018/10/02/14:03:49.236392,53891,1538481829,220879820,/world,vicon/IMUframe/IMUframe,-0.0877239891087,0.230025441085,1.54806337204,-0.0255883507615,0.00953659973259,0.898439490431,0.438247386308
2018/10/02/14:03:49.246238,53892,1538481829,230910930,/world,vicon/IMUframe/IMUframe,-0.0875571077417,0.231045826817,1.54838439931,-0.025672830941,0.00973236765225,0.900845959839,0.433269827489
2018/10/02/14:03:49.256486,53893,1538481829,240904317,/world,vicon/IMUframe/IMUframe,-0.0873986113169,0.231950487283,1.54868656015,-0.0254484219238,0.0101706501206,0.903082956984,0.428590840432
2018/10/02/14:03:49.265930,53894,1538481829,250905130,/world,vicon/IMUframe/IMUframe,-0.0872809018782,0.232814627164,1.54895379428,-0.0249452737667,0.0108438807166,0.905236278168,0.424037055287
2018/10/02/14:03:49.276075,53895,1538481829,260888413,/world,vicon/IMUframe/IMUframe,-0.0872225367061,0.233701958919,1.54915115634,-0.0239799334141,0.0118228805374,0.907418690698,0.419376325108
2018/10/02/14:03:49.286027,53896,1538481829,270903449,/world,vicon/IMUframe/IMUframe,-0.0871773810849,0.234557506186,1.54927696705,-0.0227297929265,0.0132020037073,0.909598538435,0.414655956775
2018/10/02/14:03:49.295984,53897,1538481829,280879231,/world,vicon/IMUframe/IMUframe,-0.0872092579211,0.235419023985,1.54930957532,-0.0211740956031,0.0149450248367,0.91188208752,0.409633204669
2018/10/02/14:03:49.306002,53898,1538481829,290891093,/world,vicon/IMUframe/IMUframe,-0.087394941873,0.236377995052,1.54927364878,-0.0192685302879,0.0170127349303,0.914149848057,0.404560682577
2018/10/02/14:03:49.316065,53899,1538481829,300929016,/world,vicon/IMUframe/IMUframe,-0.0875955027629,0.237160237674,1.5491804199,-0.017208085029,0.0195974683963,0.916431539892,0.399340773944
2018/10/02/14:03:49.325959,53900,1538481829,310900828,/world,vicon/IMUframe/IMUframe,-0.0876564972884,0.237997392285,1.54909232584,-0.0150442189144,0.022162610088,0.918456178264,0.394614671293
2018/10/02/14:03:49.336201,53901,1538481829,320892330,/world,vicon/IMUframe/IMUframe,-0.0878269856554,0.239049027891,1.54909892252,-0.0126477877662,0.0243748722146,0.920709321937,0.389281702071
2018/10/02/14:03:49.346314,53902,1538481829,330929763,/world,vicon/IMUframe/IMUframe,-0.0879128032232,0.24000046672,1.54901769248,-0.0100797786641,0.0268607007241,0.922710003054,0.384425741962
2018/10/02/14:03:49.356625,53903,1538481829,340934378,/world,vicon/IMUframe/IMUframe,-0.0881513104821,0.241098909086,1.54893982054,-0.00721384326891,0.0294741909513,0.924845821758,0.379129843865
2018/10/02/14:03:49.366594,53904,1538481829,350926065,/world,vicon/IMUframe/IMUframe,-0.0881437172359,0.241982649397,1.54889977901,-0.00450276960039,0.0318913706505,0.926564719441,0.374753900888
2018/10/02/14:03:49.376316,53905,1538481829,360892844,/world,vicon/IMUframe/IMUframe,-0.0881620511629,0.242925809703,1.54881498793,-0.00183632595476,0.0341724777432,0.928349297778,0.370130316222
2018/10/02/14:03:49.386611,53906,1538481829,370888127,/world,vicon/IMUframe/IMUframe,-0.088244629775,0.243934766963,1.54874168743,0.000871032072503,0.036422305389,0.930214371298,0.365203888812
2018/10/02/14:03:49.396516,53907,1538481829,380896807,/world,vicon/IMUframe/IMUframe,-0.0882629148559,0.244936102662,1.54868166007,0.00342360081383,0.0386127187004,0.932018116847,0.360332578017
2018/10/02/14:03:49.406444,53908,1538481829,390867005,/world,vicon/IMUframe/IMUframe,-0.0882770912702,0.245941821301,1.5486003298,0.00588407055732,0.0405494525704,0.933781546517,0.35549000407
2018/10/02/14:03:49.416398,53909,1538481829,400921164,/world,vicon/IMUframe/IMUframe,-0.088244945843,0.246963065391,1.54852113213,0.00823049961903,0.0422021542917,0.935464964554,0.350794152091
2018/10/02/14:03:49.426579,53910,1538481829,410931797,/world,vicon/IMUframe/IMUframe,-0.0881812014508,0.247943194725,1.54844733904,0.0105097055803,0.0435733233067,0.936990905831,0.346466382171
2018/10/02/14:03:49.436429,53911,1538481829,420900811,/world,vicon/IMUframe/IMUframe,-0.0880661227255,0.248869095669,1.54840186864,0.0125438670549,0.0448271821732,0.938409567427,0.342375026687
2018/10/02/14:03:49.446304,53912,1538481829,430918299,/world,vicon/IMUframe/IMUframe,-0.0876657830756,0.249919329387,1.54835872859,0.014518462199,0.0455410122682,0.940123037766,0.337466893664
2018/10/02/14:03:49.456454,53913,1538481829,440865235,/world,vicon/IMUframe/IMUframe,-0.0873517351745,0.250909437159,1.54826905176,0.0165204031319,0.0459659362508,0.941590487295,0.333198984422
2018/10/02/14:03:49.466101,53914,1538481829,450907470,/world,vicon/IMUframe/IMUframe,-0.0870977546061,0.251674664796,1.54821492739,0.0183213117402,0.0463757251473,0.942715184872,0.329851029808
2018/10/02/14:03:49.476173,53915,1538481829,460934084,/world,vicon/IMUframe/IMUframe,-0.0866772197594,0.252412752856,1.54823625085,0.0200249941419,0.0465733183915,0.94373820189,0.326784534391
2018/10/02/14:03:49.485970,53916,1538481829,470907874,/world,vicon/IMUframe/IMUframe,-0.086270602175,0.25309924182,1.54812724102,0.021295943136,0.046597737168,0.944696044566,0.323920541304
2018/10/02/14:03:49.496251,53917,1538481829,480915745,/world,vicon/IMUframe/IMUframe,-0.0858013842815,0.253933364482,1.54823847469,0.0220400775019,0.0468392456111,0.945764963497,0.320700723222
2018/10/02/14:03:49.506156,53918,1538481829,490892820,/world,vicon/IMUframe/IMUframe,-0.0854303799679,0.25448361661,1.54825328368,0.0228507236474,0.0469075995617,0.946474590584,0.31853315512
2018/10/02/14:03:49.516267,53919,1538481829,500903244,/world,vicon/IMUframe/IMUframe,-0.0850758859739,0.255019178603,1.54821321642,0.0236760415967,0.0468334829563,0.947066786851,0.316718441479
2018/10/02/14:03:49.526205,53920,1538481829,510902354,/world,vicon/IMUframe/IMUframe,-0.0847697273092,0.255365607906,1.54822353999,0.0243396892771,0.0467680625538,0.947514197006,0.315336604794
2018/10/02/14:03:49.536282,53921,1538481829,520918450,/world,vicon/IMUframe/IMUframe,-0.0844367490431,0.255599778662,1.54822791888,0.0248493467996,0.0466339924661,0.947879974518,0.314215427085
2018/10/02/14:03:49.546314,53922,1538481829,530921075,/world,vicon/IMUframe/IMUframe,-0.0841494464437,0.255766902004,1.54824532368,0.0252124435031,0.0464809173364,0.948104171967,0.313532033634
2018/10/02/14:03:49.556394,53923,1538481829,540933560,/world,vicon/IMUframe/IMUframe,-0.0838697951719,0.255740679323,1.54826518268,0.0253546492619,0.0463246031824,0.948259593429,0.313073340244
2018/10/02/14:03:49.566453,53924,1538481829,550901514,/world,vicon/IMUframe/IMUframe,-0.0836081437751,0.255692588598,1.54828667252,0.0254103527677,0.0460833055126,0.948251517931,0.313128889863
2018/10/02/14:03:49.576303,53925,1538481829,560920788,/world,vicon/IMUframe/IMUframe,-0.0833150675903,0.25557720568,1.54833045106,0.0253023728066,0.0457481798457,0.94812902408,0.313557407294
2018/10/02/14:03:49.586799,53926,1538481829,570932301,/world,vicon/IMUframe/IMUframe,-0.082989670594,0.255357847133,1.54836029529,0.025131500828,0.0453496876617,0.947905025659,0.31430538625
2018/10/02/14:03:49.596239,53927,1538481829,580887878,/world,vicon/IMUframe/IMUframe,-0.0826331993738,0.255034543076,1.5483511236,0.0249717265712,0.0449182901791,0.94760531891,0.315282285663
2018/10/02/14:03:49.606362,53928,1538481829,590837036,/world,vicon/IMUframe/IMUframe,-0.0823375778833,0.254659227758,1.54835205245,0.0249953429075,0.0446282626766,0.947202964135,0.316528191063
2018/10/02/14:03:49.616186,53929,1538481829,600907128,/world,vicon/IMUframe/IMUframe,-0.0820501790576,0.254269396172,1.54831907572,0.0250044855294,0.0444610016402,0.946752362504,0.317896145196
2018/10/02/14:03:49.626415,53930,1538481829,610850980,/world,vicon/IMUframe/IMUframe,-0.0817955126542,0.253842521557,1.54826471888,0.0252023836236,0.0444021310837,0.946173225038,0.319608383552
2018/10/02/14:03:49.636219,53931,1538481829,620934285,/world,vicon/IMUframe/IMUframe,-0.0815707144095,0.253393474675,1.548186743,0.025671589807,0.0444120112486,0.945547299959,0.321416935264
2018/10/02/14:03:49.646522,53932,1538481829,630888982,/world,vicon/IMUframe/IMUframe,-0.0814042292418,0.252829351321,1.54799704822,0.0266552651888,0.0442600900249,0.944854627229,0.323388736155
2018/10/02/14:03:49.656173,53933,1538481829,640938576,/world,vicon/IMUframe/IMUframe,-0.0812937556597,0.252448964508,1.54783122645,0.0274498534827,0.0442729393853,0.944315873457,0.324890663947
2018/10/02/14:03:49.666560,53934,1538481829,650921318,/world,vicon/IMUframe/IMUframe,-0.0810982949548,0.251908630391,1.54765418732,0.028834057617,0.044044183601,0.943807809686,0.326275229505
2018/10/02/14:03:49.676507,53935,1538481829,660898577,/world,vicon/IMUframe/IMUframe,-0.0809852612546,0.251486023225,1.54743089477,0.0298632256845,0.0438207648687,0.9433385464,0.327567268198
2018/10/02/14:03:49.686486,53936,1538481829,670903413,/world,vicon/IMUframe/IMUframe,-0.0809241104322,0.251068076039,1.54720576572,0.030985152011,0.043460704131,0.942885877408,0.328811967143
2018/10/02/14:03:49.696557,53937,1538481829,680928295,/world,vicon/IMUframe/IMUframe,-0.0808215587067,0.250582263317,1.54698264834,0.0318157067591,0.0430770961219,0.942421545555,0.330111731185
2018/10/02/14:03:49.706315,53938,1538481829,690897264,/world,vicon/IMUframe/IMUframe,-0.0807038121131,0.250085179586,1.54676875558,0.0325469474854,0.0426464744069,0.941982799377,0.331346314461
2018/10/02/14:03:49.716268,53939,1538481829,700895446,/world,vicon/IMUframe/IMUframe,-0.0806087810918,0.249563496068,1.54658996044,0.033029114453,0.0422169321042,0.941551837524,0.332576225094
2018/10/02/14:03:49.726325,53940,1538481829,710861782,/world,vicon/IMUframe/IMUframe,-0.0805364607547,0.249073893576,1.54639999079,0.0333760188882,0.0416218218266,0.941060652783,0.334003762096
2018/10/02/14:03:49.736424,53941,1538481829,720901879,/world,vicon/IMUframe/IMUframe,-0.0804618148061,0.248528617498,1.54622441204,0.0335710039891,0.0411024397777,0.940597639428,0.335350052687
2018/10/02/14:03:49.746567,53942,1538481829,730867566,/world,vicon/IMUframe/IMUframe,-0.0804339235649,0.247980054277,1.54608541037,0.0336984621687,0.0406337236847,0.940127980506,0.336708619458
2018/10/02/14:03:49.756438,53943,1538481829,740962690,/world,vicon/IMUframe/IMUframe,-0.0804371386671,0.247429521111,1.54595254616,0.0336371905144,0.0401969596392,0.939709442178,0.337933289469
2018/10/02/14:03:49.766442,53944,1538481829,750875786,/world,vicon/IMUframe/IMUframe,-0.0804613598497,0.246920344859,1.54581320835,0.0335102472093,0.0397549305825,0.939411170786,0.3388262992
2018/10/02/14:03:49.776190,53945,1538481829,760922417,/world,vicon/IMUframe/IMUframe,-0.0805009994749,0.246473925212,1.54568424395,0.0333492145437,0.0392890334823,0.939217535746,0.339432794944
2018/10/02/14:03:49.786412,53946,1538481829,770889666,/world,vicon/IMUframe/IMUframe,-0.0805170422569,0.246104872652,1.54557467649,0.0333390384017,0.0386992949955,0.939120842311,0.339768916505
2018/10/02/14:03:49.795982,53947,1538481829,780931589,/world,vicon/IMUframe/IMUframe,-0.0806283760476,0.245777020172,1.54544541778,0.0333159742926,0.0380450274669,0.939151237716,0.339761054919
2018/10/02/14:03:49.806288,53948,1538481829,790905500,/world,vicon/IMUframe/IMUframe,-0.0808389120106,0.245463761357,1.54524300357,0.0331063987998,0.0373847469464,0.939263880737,0.339543383676
2018/10/02/14:03:49.816178,53949,1538481829,800925742,/world,vicon/IMUframe/IMUframe,-0.0810198857029,0.24510344545,1.54509101693,0.032854377666,0.0366351280892,0.93947626221,0.339061661061
2018/10/02/14:03:49.826018,53950,1538481829,810911734,/world,vicon/IMUframe/IMUframe,-0.0811475718778,0.244867604649,1.545005412,0.0327639399817,0.0356330703975,0.939641244524,0.338719854925
2018/10/02/14:03:49.836125,53951,1538481829,820918420,/world,vicon/IMUframe/IMUframe,-0.0812538375126,0.244627334441,1.54494925047,0.0324814014225,0.034618354228,0.93985654927,0.338254630282
2018/10/02/14:03:49.846684,53952,1538481829,830938687,/world,vicon/IMUframe/IMUframe,-0.08129169988,0.244421324698,1.54499725511,0.0322125148072,0.0336021471694,0.940019475355,0.337929926979
2018/10/02/14:03:49.856495,53953,1538481829,840928560,/world,vicon/IMUframe/IMUframe,-0.0814096197023,0.244246643831,1.5449689322,0.0317357648654,0.0325050793612,0.940164415931,0.337679037049
2018/10/02/14:03:49.866411,53954,1538481829,850871303,/world,vicon/IMUframe/IMUframe,-0.0815272635535,0.244085265239,1.54500832865,0.0312322307408,0.0315400704763,0.940311502971,0.337407837933
2018/10/02/14:03:49.876161,53955,1538481829,860889402,/world,vicon/IMUframe/IMUframe,-0.0816248339373,0.243950706436,1.54508147345,0.0306547360553,0.0306750935376,0.940460252752,0.337125850073
2018/10/02/14:03:49.886164,53956,1538481829,870886522,/world,vicon/IMUframe/IMUframe,-0.0817427955784,0.243819652171,1.54522059892,0.0299620560588,0.0300803840259,0.940623377905,0.336786440688
2018/10/02/14:03:49.896202,53957,1538481829,880924844,/world,vicon/IMUframe/IMUframe,-0.0819289667711,0.243664361216,1.54525376511,0.0291368359851,0.0295982063346,0.940814580886,0.336367232892
2018/10/02/14:03:49.905994,53958,1538481829,890896984,/world,vicon/IMUframe/IMUframe,-0.0820563083912,0.243546263251,1.54532650378,0.0283145637953,0.0292705687272,0.940991172326,0.335971922767
2018/10/02/14:03:49.916279,53959,1538481829,900934393,/world,vicon/IMUframe/IMUframe,-0.0821479204315,0.243416502783,1.54543146773,0.0274796421353,0.0290618024183,0.941145325231,0.335627409049
2018/10/02/14:03:49.926466,53960,1538481829,910891865,/world,vicon/IMUframe/IMUframe,-0.0821672579914,0.243315594491,1.5455676579,0.0267770339682,0.0288747593645,0.941220122598,0.3354905655
2018/10/02/14:03:49.936237,53961,1538481829,920920757,/world,vicon/IMUframe/IMUframe,-0.0822394186014,0.243170282114,1.54562699541,0.0262494022242,0.028759868574,0.941257915508,0.335436097246
2018/10/02/14:03:49.946504,53962,1538481829,930914890,/world,vicon/IMUframe/IMUframe,-0.0822831005917,0.243005425682,1.54567996904,0.0257499605638,0.0287002273145,0.941212332383,0.335607779786
2018/10/02/14:03:49.956143,53963,1538481829,940904749,/world,vicon/IMUframe/IMUframe,-0.0823170843697,0.24281621052,1.54567090616,0.0253293663806,0.0286530736049,0.941098183022,0.335963739836
2018/10/02/14:03:49.966116,53964,1538481829,950901687,/world,vicon/IMUframe/IMUframe,-0.0823204555306,0.242586337746,1.54568239193,0.0250971445697,0.0287245674284,0.940948002958,0.336395434408
2018/10/02/14:03:49.976186,53965,1538481829,960919320,/world,vicon/IMUframe/IMUframe,-0.0822895932037,0.242362466194,1.54566794783,0.0249995698849,0.0288589959208,0.940808688559,0.336780627995
2018/10/02/14:03:49.986088,53966,1538481829,970909908,/world,vicon/IMUframe/IMUframe,-0.0822619102286,0.242113425039,1.54562748489,0.0250199843511,0.0291187241409,0.940658730049,0.337175405197
2018/10/02/14:03:49.996284,53967,1538481829,980892116,/world,vicon/IMUframe/IMUframe,-0.0822128483709,0.24189206627,1.54562019659,0.0251863898505,0.0294964231553,0.940543683075,0.337451014244
2018/10/02/14:03:50.006480,53968,1538481829,990927114,/world,vicon/IMUframe/IMUframe,-0.0821824256146,0.241658269329,1.54556115752,0.0253284726576,0.0298871242897,0.940446771389,0.337676025887
2018/10/02/14:03:50.016532,53969,1538481830,910709,/world,vicon/IMUframe/IMUframe,-0.082169706897,0.241439903006,1.54548145377,0.0255080876854,0.0302982311539,0.940340169295,0.337922654853
2018/10/02/14:03:50.026393,53970,1538481830,10896164,/world,vicon/IMUframe/IMUframe,-0.0821479360718,0.241227207908,1.54540768346,0.0256396083957,0.0306894646312,0.940242768293,0.338148346017
2018/10/02/14:03:50.036357,53971,1538481830,20886713,/world,vicon/IMUframe/IMUframe,-0.0821313076756,0.241025025048,1.54532549187,0.0257968392526,0.0310009596394,0.940116711327,0.338458317476
2018/10/02/14:03:50.046345,53972,1538481830,30898890,/world,vicon/IMUframe/IMUframe,-0.0821083117399,0.240797122057,1.54524767864,0.0259352896708,0.0312111876174,0.939962793453,0.33885567642
2018/10/02/14:03:50.056341,53973,1538481830,40915487,/world,vicon/IMUframe/IMUframe,-0.0820916682676,0.240593013901,1.54518298216,0.0261097663648,0.031315009121,0.939818975205,0.339231402068
2018/10/02/14:03:50.066207,53974,1538481830,50908260,/world,vicon/IMUframe/IMUframe,-0.0821341583823,0.240341917432,1.54506713195,0.0261211295294,0.0313004857323,0.93971164707,0.339529065835
2018/10/02/14:03:50.075962,53975,1538481830,60829409,/world,vicon/IMUframe/IMUframe,-0.0821280085835,0.240123821828,1.54504267632,0.0261901852396,0.0311931310092,0.939589917351,0.339870342907
2018/10/02/14:03:50.085884,53976,1538481830,70913753,/world,vicon/IMUframe/IMUframe,-0.0821137987908,0.239952742904,1.54504888851,0.0261590670387,0.0310016552259,0.939500704202,0.340136777472
2018/10/02/14:03:50.096078,53977,1538481830,80939408,/world,vicon/IMUframe/IMUframe,-0.0820597106327,0.239850891946,1.54512796365,0.026123928879,0.0306778625786,0.939406435937,0.340429078089
2018/10/02/14:03:50.106203,53978,1538481830,90904458,/world,vicon/IMUframe/IMUframe,-0.082067757243,0.239727455233,1.54515611214,0.0258513566784,0.0303409018833,0.939353301407,0.340626646297
2018/10/02/14:03:50.116277,53979,1538481830,100923852,/world,vicon/IMUframe/IMUframe,-0.0820770918174,0.239634286085,1.54517571929,0.0254661870836,0.0299271159044,0.939324830286,0.340770750297
2018/10/02/14:03:50.126477,53980,1538481830,110911332,/world,vicon/IMUframe/IMUframe,-0.0820589409059,0.239552416979,1.54522145985,0.0249883770458,0.0294841352222,0.939300399554,0.340912050505
2018/10/02/14:03:50.136132,53981,1538481830,120927856,/world,vicon/IMUframe/IMUframe,-0.0820433008211,0.239492638656,1.54529228222,0.0243346185225,0.0290446787403,0.9392801606,0.341052800723
2018/10/02/14:03:50.146387,53982,1538481830,130899358,/world,vicon/IMUframe/IMUframe,-0.0820101384622,0.239448961563,1.54533155797,0.0236250208523,0.0286119975407,0.939273285813,0.341158184049
2018/10/02/14:03:50.156190,53983,1538481830,140890492,/world,vicon/IMUframe/IMUframe,-0.0819633871616,0.239410931058,1.54536387241,0.0229233732467,0.0282127270134,0.939256544436,0.341285371395
2018/10/02/14:03:50.166215,53984,1538481830,150939898,/world,vicon/IMUframe/IMUframe,-0.0819220205586,0.239370425777,1.54541645356,0.0222452872474,0.027855302058,0.939242691046,0.34139771039
2018/10/02/14:03:50.176449,53985,1538481830,160936386,/world,vicon/IMUframe/IMUframe,-0.0818659671607,0.239360678422,1.54542234335,0.0217132318838,0.02752378025,0.939216745444,0.341530206803
2018/10/02/14:03:50.186491,53986,1538481830,170939775,/world,vicon/IMUframe/IMUframe,-0.081842250653,0.239342544499,1.5454284644,0.0213478311883,0.0273649453539,0.939194665929,0.341626710548
2018/10/02/14:03:50.196531,53987,1538481830,180932593,/world,vicon/IMUframe/IMUframe,-0.0818090993846,0.239359281605,1.54543514458,0.0210871064865,0.0272884584407,0.939189435934,0.341663397815
2018/10/02/14:03:50.206875,53988,1538481830,190936480,/world,vicon/IMUframe/IMUframe,-0.0817885816479,0.239382074415,1.54539257931,0.0208638408342,0.0273779870111,0.939198908082,0.341643903839
2018/10/02/14:03:50.216839,53989,1538481830,200918651,/world,vicon/IMUframe/IMUframe,-0.0817777875987,0.239382920012,1.54536945513,0.0207341096886,0.0275846953453,0.939209772859,0.34160530418
2018/10/02/14:03:50.226984,53990,1538481830,210885176,/world,vicon/IMUframe/IMUframe,-0.0817923100035,0.239373672931,1.54532605341,0.0206337090114,0.0278758251502,0.939194805386,0.341628900946
2018/10/02/14:03:50.236428,53991,1538481830,220868401,/world,vicon/IMUframe/IMUframe,-0.0818240963244,0.239363268882,1.54529795847,0.0205667417348,0.0281945267186,0.939165548701,0.341687210663
2018/10/02/14:03:50.246538,53992,1538481830,230868824,/world,vicon/IMUframe/IMUframe,-0.0818629416551,0.239338777419,1.54529608032,0.0204166536254,0.0285492511743,0.939118892295,0.341794977504
2018/10/02/14:03:50.256458,53993,1538481830,240949637,/world,vicon/IMUframe/IMUframe,-0.0819032433518,0.239305353609,1.54530639615,0.0201911895326,0.0288643255861,0.939044476861,0.341986311202
2018/10/02/14:03:50.265997,53994,1538481830,250915477,/world,vicon/IMUframe/IMUframe,-0.0819354675126,0.23926314222,1.54535436253,0.0198003765417,0.0291294979104,0.938941748269,0.342268623741
2018/10/02/14:03:50.276162,53995,1538481830,260940956,/world,vicon/IMUframe/IMUframe,-0.0819776512951,0.239222447259,1.54544373478,0.0192424460913,0.0293748392622,0.938786768832,0.342704318258
2018/10/02/14:03:50.286583,53996,1538481830,270956236,/world,vicon/IMUframe/IMUframe,-0.0820828628999,0.239071948212,1.54559444076,0.01831996027,0.0296973557477,0.938397132928,0.343792476691
2018/10/02/14:03:50.296597,53997,1538481830,280908368,/world,vicon/IMUframe/IMUframe,-0.0821205094698,0.238962374337,1.54578406085,0.0173620065563,0.0298784724932,0.938085750348,0.344675155187
2018/10/02/14:03:50.309270,53998,1538481830,291024282,/world,vicon/IMUframe/IMUframe,-0.0821755496142,0.238872771458,1.5460292531,0.0163143311849,0.0299670899631,0.937623709794,0.345973402082
2018/10/02/14:03:50.316307,53999,1538481830,300934145,/world,vicon/IMUframe/IMUframe,-0.0822319045144,0.238739109887,1.5462974812,0.0151431673664,0.0300325817739,0.937045556307,0.347583592709
2018/10/02/14:03:50.326597,54000,1538481830,310960896,/world,vicon/IMUframe/IMUframe,-0.082432753603,0.238518340539,1.54659018422,0.0140002250611,0.0300538196899,0.936106862423,0.350149544829
2018/10/02/14:03:50.336234,54001,1538481830,321073134,/world,vicon/IMUframe/IMUframe,-0.0824624803025,0.238359046947,1.5469145574,0.0128422828526,0.0300023914439,0.935320606163,0.352292912171
2018/10/02/14:03:50.346614,54002,1538481830,331049024,/world,vicon/IMUframe/IMUframe,-0.0826188210878,0.238202239308,1.5472738566,0.0113861787273,0.0301732773021,0.934395681721,0.354774066486
2018/10/02/14:03:50.356691,54003,1538481830,341052891,/world,vicon/IMUframe/IMUframe,-0.0827667267136,0.237910942066,1.54766981169,0.0103662445012,0.0303174519706,0.933316780901,0.357621559151
2018/10/02/14:03:50.366736,54004,1538481830,350944532,/world,vicon/IMUframe/IMUframe,-0.0829541950586,0.237529129935,1.54807030317,0.00932969786296,0.0306563375566,0.932038746966,0.360938942009
2018/10/02/14:03:50.376477,54005,1538481830,360992451,/world,vicon/IMUframe/IMUframe,-0.0831740354899,0.237097630923,1.54853820951,0.0082311436099,0.0311090276983,0.930582990232,0.364663920564
2018/10/02/14:03:50.386347,54006,1538481830,370934071,/world,vicon/IMUframe/IMUframe,-0.0834252705117,0.236624689523,1.54902256232,0.00707882361368,0.031619135664,0.928916363909,0.368869230729
2018/10/02/14:03:50.396536,54007,1538481830,381009143,/world,vicon/IMUframe/IMUframe,-0.0834344057805,0.235821300507,1.549542097,0.00574652697614,0.0319567594529,0.926536115038,0.374802041727
2018/10/02/14:03:50.406574,54008,1538481830,391063892,/world,vicon/IMUframe/IMUframe,-0.0836039789528,0.235059812074,1.55007446104,0.00448889677873,0.0323541802984,0.924118897842,0.380706342833
2018/10/02/14:03:50.416270,54009,1538481830,400980760,/world,vicon/IMUframe/IMUframe,-0.083792797008,0.234120628155,1.55057619178,0.00326895296595,0.0330681218606,0.921372254078,0.38725828936
2018/10/02/14:03:50.426592,54010,1538481830,411110239,/world,vicon/IMUframe/IMUframe,-0.0839734876654,0.233186609167,1.55113481084,0.00192724473591,0.0332660513551,0.918499041802,0.394016707467
2018/10/02/14:03:50.436763,54011,1538481830,421130459,/world,vicon/IMUframe/IMUframe,-0.083871555554,0.232302458932,1.55173124639,0.000338696221077,0.033058644391,0.915177574873,0.401692690704
2018/10/02/14:03:50.446474,54012,1538481830,430984861,/world,vicon/IMUframe/IMUframe,-0.0840667005976,0.231409861689,1.55229901223,-0.00101370157941,0.0329073602789,0.912003301233,0.408859458235
2018/10/02/14:03:50.456755,54013,1538481830,441035403,/world,vicon/IMUframe/IMUframe,-0.0839626677114,0.230634134493,1.55296177175,-0.00273751876611,0.0319460720718,0.908635245354,0.416357953414
2018/10/02/14:03:50.466519,54014,1538481830,450935065,/world,vicon/IMUframe/IMUframe,-0.0841133810384,0.229827718728,1.55348165773,-0.00418299638852,0.0313799943919,0.905383522501,0.423412890305
2018/10/02/14:03:50.476949,54015,1538481830,461025750,/world,vicon/IMUframe/IMUframe,-0.0841327697776,0.229118539141,1.55410642083,-0.00560776794615,0.0305119790706,0.902041897753,0.430532213393
2018/10/02/14:03:50.486449,54016,1538481830,471068959,/world,vicon/IMUframe/IMUframe,-0.0842555460164,0.228378110722,1.55465070096,-0.00720995612633,0.029546468293,0.898706908947,0.437493902306
2018/10/02/14:03:50.496531,54017,1538481830,480947130,/world,vicon/IMUframe/IMUframe,-0.0843715186548,0.227626954596,1.55523898547,-0.00887563979481,0.0282852528183,0.895334533876,0.444406615546
2018/10/02/14:03:50.506355,54018,1538481830,491052623,/world,vicon/IMUframe/IMUframe,-0.084482650571,0.226868995875,1.55582378684,-0.0106617691052,0.0269262365967,0.892008246624,0.451090448156
2018/10/02/14:03:50.516242,54019,1538481830,500959977,/world,vicon/IMUframe/IMUframe,-0.0845337555703,0.226078317343,1.5564391799,-0.0127194596113,0.0253730669325,0.888656953956,0.457693391921
2018/10/02/14:03:50.526257,54020,1538481830,511013056,/world,vicon/IMUframe/IMUframe,-0.0845938366245,0.225256132136,1.55702484802,-0.0148994600779,0.0239482537131,0.885402050568,0.463969499087
2018/10/02/14:03:50.536745,54021,1538481830,521106149,/world,vicon/IMUframe/IMUframe,-0.0846951278383,0.224153567925,1.55746740452,-0.0169644147912,0.0226499656424,0.881451170313,0.471426581814
2018/10/02/14:03:50.546452,54022,1538481830,531012473,/world,vicon/IMUframe/IMUframe,-0.0849672686223,0.223208173229,1.55789494811,-0.0188530133546,0.0207094848374,0.877689405175,0.478410899927
2018/10/02/14:03:50.556530,54023,1538481830,541040246,/world,vicon/IMUframe/IMUframe,-0.0850954374795,0.222328627582,1.55843570689,-0.0212290263513,0.0188983472714,0.874137964632,0.484845335855
2018/10/02/14:03:50.566313,54024,1538481830,550967183,/world,vicon/IMUframe/IMUframe,-0.0853513173719,0.221616567692,1.55909039434,-0.0236825106419,0.0163700930176,0.87062008077,0.491112852311
2018/10/02/14:03:50.576166,54025,1538481830,560988130,/world,vicon/IMUframe/IMUframe,-0.0855825517501,0.2208020154,1.55969899578,-0.025987248598,0.0142087548326,0.866543103358,0.498222665301
2018/10/02/14:03:50.586520,54026,1538481830,571075047,/world,vicon/IMUframe/IMUframe,-0.0857135187506,0.219881256974,1.56038547,-0.0285301997144,0.0118984339317,0.862290854968,0.505469026166
2018/10/02/14:03:50.596142,54027,1538481830,581019587,/world,vicon/IMUframe/IMUframe,-0.0856444638668,0.219134446247,1.561250769,-0.0316829488315,0.0084570227555,0.857456360922,0.513510719102
2018/10/02/14:03:50.606656,54028,1538481830,591082465,/world,vicon/IMUframe/IMUframe,-0.0859331916944,0.218379317124,1.56198944967,-0.0342625391736,0.00590791001915,0.852924830805,0.520874656712
2018/10/02/14:03:50.616004,54029,1538481830,601005019,/world,vicon/IMUframe/IMUframe,-0.0862239323556,0.217646125017,1.56270624147,-0.0368637693759,0.00338175114025,0.848247804168,0.52830416333
2018/10/02/14:03:50.626554,54030,1538481830,610946084,/world,vicon/IMUframe/IMUframe,-0.0865309392139,0.21682847398,1.56346654393,-0.0396999652638,0.000987694222748,0.843259021342,0.536038394281
2018/10/02/14:03:50.636672,54031,1538481830,620951374,/world,vicon/IMUframe/IMUframe,-0.0872076660589,0.215915646021,1.56387102411,-0.0412366315137,-0.00039331847201,0.838245592104,0.543731287347
2018/10/02/14:03:50.646513,54032,1538481830,630921951,/world,vicon/IMUframe/IMUframe,-0.0874649279984,0.21523842093,1.56462175081,-0.0441407324218,-0.00314033073616,0.832951117098,0.551574265706
2018/10/02/14:03:50.656570,54033,1538481830,640896962,/world,vicon/IMUframe/IMUframe,-0.0880088527896,0.214462261344,1.56525363921,-0.0469396275508,-0.00510524263673,0.827762089329,0.559089019149
2018/10/02/14:03:50.666365,54034,1538481830,650933883,/world,vicon/IMUframe/IMUframe,-0.0885146964322,0.213822421481,1.56590915545,-0.0496927430608,-0.00674132637185,0.822458928798,0.566609650682
2018/10/02/14:03:50.676431,54035,1538481830,660923802,/world,vicon/IMUframe/IMUframe,-0.088890586025,0.213064646003,1.56659316126,-0.0529763108272,-0.00801534731717,0.817002195108,0.574139946257
2018/10/02/14:03:50.686392,54036,1538481830,670956647,/world,vicon/IMUframe/IMUframe,-0.0893775017366,0.212427626974,1.5671915182,-0.0562024385834,-0.00907171316278,0.81132841404,0.58181199239
2018/10/02/14:03:50.696604,54037,1538481830,680956023,/world,vicon/IMUframe/IMUframe,-0.0898835426572,0.211755557506,1.56788611414,-0.0593055248519,-0.00964911492898,0.805524779954,0.589507911892
2018/10/02/14:03:50.706641,54038,1538481830,690958337,/world,vicon/IMUframe/IMUframe,-0.0906600482664,0.210915063669,1.56848108093,-0.0623297737828,-0.00956120145269,0.799878960431,0.596839368161
2018/10/02/14:03:50.716401,54039,1538481830,700914806,/world,vicon/IMUframe/IMUframe,-0.0913032744983,0.21007081379,1.569029426,-0.0652502886093,-0.00937722292244,0.793894762033,0.604471318049
2018/10/02/14:03:50.726084,54040,1538481830,710915970,/world,vicon/IMUframe/IMUframe,-0.0919602200818,0.209250658729,1.56948893087,-0.0677987398848,-0.00891780702069,0.787891534516,0.61200550114
2018/10/02/14:03:50.736183,54041,1538481830,720943133,/world,vicon/IMUframe/IMUframe,-0.0927323905711,0.208456504907,1.56982280331,-0.0693469650209,-0.00854367331375,0.781697465368,0.619731455331
2018/10/02/14:03:50.746144,54042,1538481830,730934002,/world,vicon/IMUframe/IMUframe,-0.0935274746545,0.207747964307,1.57000528834,-0.0699160385882,-0.00810474786236,0.775512110378,0.62739702523
2018/10/02/14:03:50.756132,54043,1538481830,740918127,/world,vicon/IMUframe/IMUframe,-0.0942134069079,0.207021413138,1.57027306909,-0.0695629563748,-0.00743357219203,0.769964738486,0.634239732746
2018/10/02/14:03:50.766121,54044,1538481830,750937843,/world,vicon/IMUframe/IMUframe,-0.0949088147756,0.206310826506,1.57044233305,-0.0682025952021,-0.00658120370298,0.765044722193,0.640321533926
2018/10/02/14:03:50.776197,54045,1538481830,760867254,/world,vicon/IMUframe/IMUframe,-0.0956731872994,0.205717532354,1.57045346534,-0.0658619803194,-0.00570832517904,0.760476157295,0.645991972673
2018/10/02/14:03:50.786174,54046,1538481830,770917183,/world,vicon/IMUframe/IMUframe,-0.0964794567808,0.205153347779,1.57026890978,-0.0629585135908,-0.00449856854332,0.756367386384,0.651094743692
2018/10/02/14:03:50.796838,54047,1538481830,780946002,/world,vicon/IMUframe/IMUframe,-0.0973168586562,0.204664030953,1.57008111444,-0.0595883080675,-0.00284803410543,0.75241077518,0.655987155085
2018/10/02/14:03:50.806527,54048,1538481830,790950764,/world,vicon/IMUframe/IMUframe,-0.0981015362879,0.204037309748,1.56974222411,-0.0562521829906,-0.000838703193271,0.74855071362,0.660686625886
2018/10/02/14:03:50.816661,54049,1538481830,800898762,/world,vicon/IMUframe/IMUframe,-0.098877406879,0.203394119428,1.56934322205,-0.0527234064144,0.0013399831001,0.744469107196,0.665570578746
2018/10/02/14:03:50.826586,54050,1538481830,810890306,/world,vicon/IMUframe/IMUframe,-0.0996824158334,0.202736943989,1.56892624666,-0.0491520749647,0.003611705001,0.740159997062,0.670622254226
2018/10/02/14:03:50.836446,54051,1538481830,820893953,/world,vicon/IMUframe/IMUframe,-0.100445947145,0.202116497465,1.56860317755,-0.0454778747947,0.00574726171968,0.735511898863,0.675959302413
2018/10/02/14:03:50.846492,54052,1538481830,830855575,/world,vicon/IMUframe/IMUframe,-0.100996158352,0.201467670218,1.56834774665,-0.0420063116523,0.00759791838769,0.73057174177,0.681500309277
2018/10/02/14:03:50.856502,54053,1538481830,840932391,/world,vicon/IMUframe/IMUframe,-0.101710083187,0.200950138224,1.56820633393,-0.0385024238391,0.00924575560213,0.725543847271,0.687035810602
2018/10/02/14:03:50.866604,54054,1538481830,850940061,/world,vicon/IMUframe/IMUframe,-0.102337214041,0.200454689123,1.56813540712,-0.0354408441676,0.0107703254521,0.720599467155,0.692361433495
2018/10/02/14:03:50.876531,54055,1538481830,860930168,/world,vicon/IMUframe/IMUframe,-0.10304366077,0.200164234703,1.5681327106,-0.0328955982827,0.0121062914187,0.715298476918,0.69793940012
2018/10/02/14:03:50.886297,54056,1538481830,870895552,/world,vicon/IMUframe/IMUframe,-0.103584766563,0.199893275048,1.5682333922,-0.0311407748943,0.0136053106331,0.710253747276,0.703124997523
2018/10/02/14:03:50.896662,54057,1538481830,880926489,/world,vicon/IMUframe/IMUframe,-0.104130412051,0.199520576391,1.5684087871,-0.0303631432269,0.0154976832493,0.705106003162,0.708282024092
2018/10/02/14:03:50.906482,54058,1538481830,890928947,/world,vicon/IMUframe/IMUframe,-0.104789031312,0.199328876206,1.56857023429,-0.0298660713094,0.0174597998934,0.699578215289,0.7137180773
2018/10/02/14:03:50.916541,54059,1538481830,900899290,/world,vicon/IMUframe/IMUframe,-0.10540908417,0.198977070879,1.56870831813,-0.029800466553,0.019603577123,0.694420163519,0.718685096864
2018/10/02/14:03:50.926200,54060,1538481830,910889194,/world,vicon/IMUframe/IMUframe,-0.105943212693,0.198630056097,1.56892222979,-0.0300771656661,0.0217765716928,0.689424621948,0.723405028792
2018/10/02/14:03:50.936294,54061,1538481830,920878182,/world,vicon/IMUframe/IMUframe,-0.106580352372,0.198304990826,1.56919076013,-0.0304035906509,0.023913709946,0.684463988025,0.728019783556
2018/10/02/14:03:50.946403,54062,1538481830,930921051,/world,vicon/IMUframe/IMUframe,-0.107281395702,0.197974237446,1.56947798155,-0.0307025737344,0.0258019271481,0.679439868462,0.732634341036
2018/10/02/14:03:50.956734,54063,1538481830,940961143,/world,vicon/IMUframe/IMUframe,-0.108059701843,0.197592350411,1.56986336714,-0.0310357827085,0.0275686223514,0.674422262921,0.737177972086
2018/10/02/14:03:50.966542,54064,1538481830,950951475,/world,vicon/IMUframe/IMUframe,-0.108904562717,0.197336313564,1.57022937448,-0.0314600952682,0.0291736093765,0.669411272871,0.741652014543
2018/10/02/14:03:50.976393,54065,1538481830,960911301,/world,vicon/IMUframe/IMUframe,-0.109727016076,0.197102083752,1.57060966176,-0.0320670202506,0.0305777231853,0.664323473859,0.74613070647
2018/10/02/14:03:50.986080,54066,1538481830,970909244,/world,vicon/IMUframe/IMUframe,-0.11052680683,0.196904210133,1.57105014181,-0.0328825842076,0.0318032197857,0.659198303974,0.750576369802
2018/10/02/14:03:50.996220,54067,1538481830,980907500,/world,vicon/IMUframe/IMUframe,-0.111278398038,0.196714093468,1.57152287302,-0.0338428432459,0.032850120025,0.653950696098,0.755065572416
2018/10/02/14:03:51.006343,54068,1538481830,990954274,/world,vicon/IMUframe/IMUframe,-0.111966362502,0.196539591486,1.57202450998,-0.034911990134,0.0337175625373,0.648701900254,0.759493333433
2018/10/02/14:03:51.016138,54069,1538481831,936575,/world,vicon/IMUframe/IMUframe,-0.112657275815,0.196375639883,1.57256717829,-0.0359323489133,0.0343724105519,0.643354361339,0.76395194184
2018/10/02/14:03:51.026408,54070,1538481831,10943553,/world,vicon/IMUframe/IMUframe,-0.113521282087,0.19611744948,1.57304071071,-0.0367404373702,0.0349468647495,0.637609426688,0.768689193306
2018/10/02/14:03:51.036415,54071,1538481831,20958141,/world,vicon/IMUframe/IMUframe,-0.114203638245,0.195871317876,1.57351634633,-0.0374617602875,0.035263752431,0.632047732732,0.773219728039
2018/10/02/14:03:51.046660,54072,1538481831,30943964,/world,vicon/IMUframe/IMUframe,-0.115209736379,0.19567837542,1.57396503135,-0.0378112890425,0.0355939321084,0.625768972805,0.778277952337
2018/10/02/14:03:51.056512,54073,1538481831,40943671,/world,vicon/IMUframe/IMUframe,-0.11608614916,0.195507102177,1.57441423977,-0.0382285533174,0.0357494954853,0.619714582482,0.78308006458
2018/10/02/14:03:51.066604,54074,1538481831,50911237,/world,vicon/IMUframe/IMUframe,-0.116822565475,0.19523575702,1.57477532124,-0.0383886414258,0.035520467019,0.613992113984,0.787577483552
2018/10/02/14:03:51.076583,54075,1538481831,60914451,/world,vicon/IMUframe/IMUframe,-0.117641723718,0.194991816125,1.57513697158,-0.0383795505108,0.0352540172374,0.608123537427,0.792129994129
2018/10/02/14:03:51.086581,54076,1538481831,70937798,/world,vicon/IMUframe/IMUframe,-0.118601695574,0.194877411931,1.57556015485,-0.0383153495066,0.0351106356067,0.601627350846,0.797084504914
2018/10/02/14:03:51.096765,54077,1538481831,80910901,/world,vicon/IMUframe/IMUframe,-0.119374989345,0.194429756042,1.57592071351,-0.0382273546547,0.0348358389077,0.595899789588,0.801391648604
2018/10/02/14:03:51.106787,54078,1538481831,90939076,/world,vicon/IMUframe/IMUframe,-0.120339451305,0.194191453356,1.57623911875,-0.0379182792362,0.0342859025672,0.589255200318,0.80632809072
2018/10/02/14:03:51.116519,54079,1538481831,100908807,/world,vicon/IMUframe/IMUframe,-0.12119108022,0.193953351425,1.57649834798,-0.0374836997273,0.0334184528655,0.582447243539,0.81131583724
2018/10/02/14:03:51.126561,54080,1538481831,110887849,/world,vicon/IMUframe/IMUframe,-0.121996132959,0.193546640356,1.57678929085,-0.0370563333448,0.032590882278,0.575546600009,0.816278612833
2018/10/02/14:03:51.136715,54081,1538481831,120939656,/world,vicon/IMUframe/IMUframe,-0.122884312967,0.193498332614,1.57698696631,-0.0363675074717,0.0315141591548,0.568093664319,0.821555750228
2018/10/02/14:03:51.146874,54082,1538481831,130916889,/world,vicon/IMUframe/IMUframe,-0.123816372687,0.193201207853,1.57716936555,-0.035529556277,0.0304465889303,0.561120077436,0.82641086304
2018/10/02/14:03:51.156578,54083,1538481831,140831878,/world,vicon/IMUframe/IMUframe,-0.124668322341,0.192952776299,1.57742314217,-0.0346162401239,0.0293323384543,0.554003446565,0.831277036273
2018/10/02/14:03:51.166237,54084,1538481831,150863523,/world,vicon/IMUframe/IMUframe,-0.125391724719,0.192686555006,1.57762735084,-0.0340770447736,0.028106262634,0.547087718259,0.835908979226
2018/10/02/14:03:51.176573,54085,1538481831,160922237,/world,vicon/IMUframe/IMUframe,-0.12635589281,0.192523623125,1.57780691048,-0.0333305398951,0.0269909189871,0.539837450089,0.840675973776
2018/10/02/14:03:51.186491,54086,1538481831,170950034,/world,vicon/IMUframe/IMUframe,-0.127432462751,0.192580066508,1.57778212711,-0.0320128035245,0.0262790031533,0.533378079568,0.844862366684
2018/10/02/14:03:51.196452,54087,1538481831,180943649,/world,vicon/IMUframe/IMUframe,-0.128392612185,0.192532516377,1.57792434654,-0.031151245085,0.0253153644072,0.526614784916,0.849155816421
2018/10/02/14:03:51.206798,54088,1538481831,190955574,/world,vicon/IMUframe/IMUframe,-0.129190270163,0.192578654872,1.57800376157,-0.0299550188291,0.024561370026,0.520679099622,0.852873209314
2018/10/02/14:03:51.216377,54089,1538481831,200953304,/world,vicon/IMUframe/IMUframe,-0.130074494385,0.192629196105,1.57808463869,-0.0290790243096,0.0238218301566,0.514558485023,0.856630898488
2018/10/02/14:03:51.226601,54090,1538481831,210902350,/world,vicon/IMUframe/IMUframe,-0.131260025435,0.19275129489,1.57809140202,-0.0281409360063,0.0232714553783,0.507996735452,0.860584594247
2018/10/02/14:03:51.236355,54091,1538481831,220951877,/world,vicon/IMUframe/IMUframe,-0.132021533011,0.19279951648,1.57819910374,-0.0276978052216,0.0228041548182,0.5019332856,0.864161893927
2018/10/02/14:03:51.246468,54092,1538481831,230946826,/world,vicon/IMUframe/IMUframe,-0.132736177572,0.192879929879,1.5782855196,-0.0275106801911,0.0222660267932,0.49592963208,0.867641162319
2018/10/02/14:03:51.256139,54093,1538481831,240957090,/world,vicon/IMUframe/IMUframe,-0.133526259587,0.192890432226,1.57832433504,-0.0275392941933,0.0216412412131,0.490132153522,0.870944152078
2018/10/02/14:03:51.266229,54094,1538481831,250922710,/world,vicon/IMUframe/IMUframe,-0.134303467054,0.19288096057,1.57837331914,-0.0276777648776,0.0209778625962,0.484343190395,0.874188506291
2018/10/02/14:03:51.276215,54095,1538481831,260956804,/world,vicon/IMUframe/IMUframe,-0.135044770695,0.192988901635,1.5785037697,-0.0279274776299,0.0205493577221,0.478518067144,0.87739286486
2018/10/02/14:03:51.286385,54096,1538481831,270948403,/world,vicon/IMUframe/IMUframe,-0.135816375295,0.193045603107,1.57862012904,-0.0283492884244,0.0201623467492,0.4727430452,0.880513379134
2018/10/02/14:03:51.296429,54097,1538481831,280963691,/world,vicon/IMUframe/IMUframe,-0.136608917906,0.193147176111,1.57872834269,-0.02883127459,0.0197718630955,0.466927512304,0.8836042832
2018/10/02/14:03:51.306345,54098,1538481831,290938308,/world,vicon/IMUframe/IMUframe,-0.137431317544,0.193253467858,1.57882090951,-0.0294821474387,0.0195904061602,0.461135283255,0.886623521855
2018/10/02/14:03:51.316451,54099,1538481831,300962141,/world,vicon/IMUframe/IMUframe,-0.138200760343,0.193372317623,1.57889731361,-0.0301602460075,0.0195424530706,0.45554508486,0.889487002574
2018/10/02/14:03:51.326494,54100,1538481831,310950257,/world,vicon/IMUframe/IMUframe,-0.139018193717,0.193569517049,1.57893381416,-0.0309122130171,0.0194654842584,0.449793824046,0.892385032292
2018/10/02/14:03:51.336687,54101,1538481831,320901875,/world,vicon/IMUframe/IMUframe,-0.139652318389,0.193815073914,1.57896782858,-0.0316171712869,0.0197563133527,0.445168205408,0.894670504407
2018/10/02/14:03:51.346503,54102,1538481831,330949229,/world,vicon/IMUframe/IMUframe,-0.140348465893,0.193820798275,1.57907065787,-0.0329216682747,0.0196208834794,0.439029678972,0.897654792039
2018/10/02/14:03:51.356994,54103,1538481831,340913580,/world,vicon/IMUframe/IMUframe,-0.141056702189,0.194051208657,1.57915090229,-0.0340961244588,0.0200442517799,0.43332191513,0.900370923639
2018/10/02/14:03:51.367137,54104,1538481831,350981957,/world,vicon/IMUframe/IMUframe,-0.141759254651,0.194068319585,1.57920856915,-0.0356006054357,0.0202076408567,0.427601664175,0.903039902185
2018/10/02/14:03:51.376775,54105,1538481831,360891671,/world,vicon/IMUframe/IMUframe,-0.142643590919,0.194489966727,1.57917411876,-0.0365954315466,0.0209922548288,0.422710223213,0.905282368556
2018/10/02/14:03:51.387043,54106,1538481831,370944803,/world,vicon/IMUframe/IMUframe,-0.143521516678,0.194636814202,1.57922112005,-0.0380351286274,0.0218444056616,0.417025903242,0.907835638735
2018/10/02/14:03:51.397286,54107,1538481831,381178421,/world,vicon/IMUframe/IMUframe,-0.144379200718,0.194807513267,1.57923881032,-0.0395167577391,0.0226789715702,0.411231489452,0.91039153785
2018/10/02/14:03:51.407015,54108,1538481831,390998950,/world,vicon/IMUframe/IMUframe,-0.145053279758,0.195048323325,1.57925695649,-0.0408261361414,0.0235314681529,0.404871200925,0.91315869775
2018/10/02/14:03:51.416832,54109,1538481831,401049067,/world,vicon/IMUframe/IMUframe,-0.145749324281,0.195168901556,1.57926571251,-0.0420121908591,0.0243002341133,0.398715941017,0.91578931683
2018/10/02/14:03:51.426508,54110,1538481831,410965659,/world,vicon/IMUframe/IMUframe,-0.146420009485,0.19526232661,1.57929623569,-0.0429076716935,0.0252468646313,0.392964175222,0.918205142944
2018/10/02/14:03:51.436411,54111,1538481831,420998911,/world,vicon/IMUframe/IMUframe,-0.147078592089,0.195421414779,1.579255576,-0.0434170554365,0.0258951482313,0.387503604459,0.920481046588
2018/10/02/14:03:51.446771,54112,1538481831,431041101,/world,vicon/IMUframe/IMUframe,-0.147669250612,0.195531042356,1.579028558,-0.0428678687491,0.0263262442471,0.381487211639,0.923004215618
2018/10/02/14:03:51.456639,54113,1538481831,441018302,/world,vicon/IMUframe/IMUframe,-0.148238052424,0.195849826974,1.57885802215,-0.0421736487806,0.026609171989,0.375240936701,0.925584990554
2018/10/02/14:03:51.469315,54114,1538481831,451041872,/world,vicon/IMUframe/IMUframe,-0.148664717367,0.195565329416,1.57854373267,-0.0404888482916,0.0267928408233,0.370966838615,0.927376084171
2018/10/02/14:03:51.476732,54115,1538481831,460975284,/world,vicon/IMUframe/IMUframe,-0.149054345402,0.19572516154,1.57819709011,-0.0386620192643,0.0267459066891,0.365351546528,0.9296817478
2018/10/02/14:03:51.486737,54116,1538481831,471006508,/world,vicon/IMUframe/IMUframe,-0.149464385834,0.195727617905,1.57801443301,-0.0375709374634,0.0268029541677,0.360709428056,0.931535686282
2018/10/02/14:03:51.496881,54117,1538481831,481032623,/world,vicon/IMUframe/IMUframe,-0.150042513587,0.195565541914,1.57779578695,-0.0360886106884,0.0274910965986,0.357455732952,0.932827556822
2018/10/02/14:03:51.506201,54118,1538481831,490950021,/world,vicon/IMUframe/IMUframe,-0.150360064676,0.195989434871,1.57754370908,-0.0346764315288,0.0284859392587,0.352284660797,0.934816353156
2018/10/02/14:03:51.516422,54119,1538481831,501114174,/world,vicon/IMUframe/IMUframe,-0.151009511202,0.195932746521,1.57720913926,-0.0325879012552,0.0289943722946,0.347526230918,0.936655152066
2018/10/02/14:03:51.526651,54120,1538481831,511034137,/world,vicon/IMUframe/IMUframe,-0.151531106216,0.195907317556,1.57694249931,-0.0305342394437,0.0295518621267,0.343323062298,0.938255627514
2018/10/02/14:03:51.536779,54121,1538481831,520997801,/world,vicon/IMUframe/IMUframe,-0.152050279557,0.195857114813,1.57673425531,-0.0285195163521,0.0300140042798,0.338799863279,0.939947046049
2018/10/02/14:03:51.546937,54122,1538481831,531012179,/world,vicon/IMUframe/IMUframe,-0.152511311517,0.195691206638,1.57663860738,-0.0260624726321,0.0303060909942,0.33380981563,0.941792596785
2018/10/02/14:03:51.556701,54123,1538481831,540877636,/world,vicon/IMUframe/IMUframe,-0.15305789004,0.195634798623,1.5764813865,-0.0239713092813,0.0305720243593,0.32881696024,0.943594263609
2018/10/02/14:03:51.567070,54124,1538481831,551018769,/world,vicon/IMUframe/IMUframe,-0.153655046014,0.195602877334,1.57634823169,-0.0220218594699,0.0309811636778,0.323805662924,0.945359771654
2018/10/02/14:03:51.577181,54125,1538481831,560978116,/world,vicon/IMUframe/IMUframe,-0.154239507496,0.195275776955,1.57612267965,-0.0190277363147,0.0304579708874,0.31867470766,0.947183555578
2018/10/02/14:03:51.586783,54126,1538481831,570962884,/world,vicon/IMUframe/IMUframe,-0.154852051549,0.195388927898,1.57603030036,-0.0176372826139,0.0306573052655,0.3137235068,0.948855424803
2018/10/02/14:03:51.598453,54127,1538481831,581011628,/world,vicon/IMUframe/IMUframe,-0.155408763423,0.19524928469,1.57592231376,-0.0153802660868,0.0303329263753,0.308886743903,0.950490578824
2018/10/02/14:03:51.606711,54128,1538481831,591006790,/world,vicon/IMUframe/IMUframe,-0.155997385689,0.195112997675,1.57589852604,-0.0131695291816,0.0297606568611,0.304139504192,0.952071441014
2018/10/02/14:03:51.617483,54129,1538481831,601262909,/world,vicon/IMUframe/IMUframe,-0.156605187735,0.194977880432,1.5757877679,-0.0111946330681,0.0293299598484,0.299463203504,0.953591224474
2018/10/02/14:03:51.626822,54130,1538481831,611037195,/world,vicon/IMUframe/IMUframe,-0.157157015922,0.194848871956,1.57580070883,-0.00947806054024,0.0288392172755,0.294756301126,0.955090146982
2018/10/02/14:03:51.636581,54131,1538481831,620974265,/world,vicon/IMUframe/IMUframe,-0.157801598575,0.194718050021,1.5758194893,-0.00802528582777,0.0286193390172,0.290185003209,0.956508856276
2018/10/02/14:03:51.646697,54132,1538481831,631142081,/world,vicon/IMUframe/IMUframe,-0.158447469796,0.194593841171,1.57594849271,-0.00695454652469,0.0288133863732,0.285485223589,0.957924636994
2018/10/02/14:03:51.656411,54133,1538481831,640984549,/world,vicon/IMUframe/IMUframe,-0.159208547168,0.194473017412,1.57610072143,-0.00607312196486,0.0289786870452,0.280665693011,0.95934880083
2018/10/02/14:03:51.666426,54134,1538481831,651057860,/world,vicon/IMUframe/IMUframe,-0.159897470272,0.194317123943,1.5763093681,-0.00508554506347,0.0295535359049,0.275590799092,0.960807180033
2018/10/02/14:03:51.680326,54135,1538481831,661018000,/world,vicon/IMUframe/IMUframe,-0.160674496719,0.194179282741,1.57652695957,-0.00449823074483,0.0297348958907,0.270582062008,0.962227077984
2018/10/02/14:03:51.686505,54136,1538481831,671088904,/world,vicon/IMUframe/IMUframe,-0.1614024439,0.194078146775,1.57684094861,-0.00422548677086,0.0301111457801,0.265809514065,0.963545933723
2018/10/02/14:03:51.697029,54137,1538481831,681120640,/world,vicon/IMUframe/IMUframe,-0.162127425592,0.194032023095,1.57721971334,-0.00424918174128,0.0305642988118,0.261069540464,0.964826649266
2018/10/02/14:03:51.706563,54138,1538481831,690996056,/world,vicon/IMUframe/IMUframe,-0.162897349047,0.193982050907,1.57758134289,-0.00427523493075,0.0307529349312,0.256469402811,0.966053531012
2018/10/02/14:03:51.716679,54139,1538481831,701044175,/world,vicon/IMUframe/IMUframe,-0.163670802873,0.193971650761,1.57796354173,-0.00434615323335,0.0309998417359,0.251950031008,0.967233840723
2018/10/02/14:03:51.726728,54140,1538481831,711002296,/world,vicon/IMUframe/IMUframe,-0.164447849359,0.193985305418,1.57834863323,-0.00460677047454,0.0312789610501,0.247423732757,0.968391398521
2018/10/02/14:03:51.736795,54141,1538481831,720949082,/world,vicon/IMUframe/IMUframe,-0.165254876333,0.193927142431,1.57882841947,-0.00499110873518,0.0318389387545,0.243004383412,0.969489680427
2018/10/02/14:03:51.746761,54142,1538481831,730883102,/world,vicon/IMUframe/IMUframe,-0.166021927338,0.193925051982,1.57938015349,-0.00566613848575,0.0325162197078,0.238495945051,0.97058244087
2018/10/02/14:03:51.756830,54143,1538481831,740916045,/world,vicon/IMUframe/IMUframe,-0.166777723107,0.193909539512,1.57997738113,-0.00656263195055,0.0333706690494,0.234068104063,0.971625160733
2018/10/02/14:03:51.766659,54144,1538481831,750905645,/world,vicon/IMUframe/IMUframe,-0.167643577308,0.193891594211,1.58056634918,-0.00738762424486,0.0341689398297,0.228679838165,0.972873803829
2018/10/02/14:03:51.776527,54145,1538481831,760857015,/world,vicon/IMUframe/IMUframe,-0.168433000322,0.193917444641,1.58126546993,-0.00870734128729,0.0356129236362,0.223587867054,0.973994028516
2018/10/02/14:03:51.786905,54146,1538481831,770916893,/world,vicon/IMUframe/IMUframe,-0.169306927124,0.193661142001,1.58187073732,-0.00862303885188,0.0365108932586,0.217476942384,0.975344235337
2018/10/02/14:03:51.796680,54147,1538481831,780947671,/world,vicon/IMUframe/IMUframe,-0.170135542838,0.193894971353,1.5826558352,-0.0107007671431,0.0384263612463,0.212543856517,0.976337040883
2018/10/02/14:03:51.806654,54148,1538481831,790890623,/world,vicon/IMUframe/IMUframe,-0.171108733007,0.193934931367,1.5833701314,-0.0119103577541,0.0402469418455,0.207404499958,0.977354439519
2018/10/02/14:03:51.816502,54149,1538481831,800917153,/world,vicon/IMUframe/IMUframe,-0.17188870925,0.194026505138,1.58409307508,-0.0127227117565,0.0418407368395,0.202057980967,0.978396677056
2018/10/02/14:03:51.826481,54150,1538481831,810921747,/world,vicon/IMUframe/IMUframe,-0.172686874453,0.194035695136,1.58484079417,-0.0135826127031,0.0432162461159,0.196552214081,0.979446321063
2018/10/02/14:03:51.836641,54151,1538481831,820922119,/world,vicon/IMUframe/IMUframe,-0.173454511378,0.193927162059,1.58568777752,-0.0144676320262,0.0444632846838,0.190885284379,0.980498093902
2018/10/02/14:03:51.846504,54152,1538481831,830936043,/world,vicon/IMUframe/IMUframe,-0.17418747266,0.193912203106,1.58636059694,-0.0151010971043,0.0448286087415,0.185485761393,0.98150771012
2018/10/02/14:03:51.856598,54153,1538481831,840920805,/world,vicon/IMUframe/IMUframe,-0.174953099487,0.193881850213,1.5870903361,-0.0155554917159,0.045255162545,0.180184512793,0.982468085125
2018/10/02/14:03:51.866643,54154,1538481831,850918186,/world,vicon/IMUframe/IMUframe,-0.175671663595,0.19387070536,1.5877782105,-0.0158581202284,0.045424593745,0.175216880921,0.983353533042
2018/10/02/14:03:51.876601,54155,1538481831,860921188,/world,vicon/IMUframe/IMUframe,-0.176501115901,0.193818909675,1.58850675499,-0.0162396552467,0.0456101887779,0.170001819696,0.984253709964
2018/10/02/14:03:51.886422,54156,1538481831,870905761,/world,vicon/IMUframe/IMUframe,-0.177251813952,0.193661210861,1.58926738475,-0.016705144677,0.0456734204783,0.164753377814,0.985135118297
2018/10/02/14:03:51.896194,54157,1538481831,880892191,/world,vicon/IMUframe/IMUframe,-0.178033902967,0.193556643242,1.5900170777,-0.0169877302499,0.0458366460278,0.159683163937,0.985957253666
2018/10/02/14:03:51.906203,54158,1538481831,890954170,/world,vicon/IMUframe/IMUframe,-0.178849508108,0.193465780718,1.59081377771,-0.0172663377199,0.0461061243451,0.15435524905,0.986787999507
2018/10/02/14:03:51.916110,54159,1538481831,900938857,/world,vicon/IMUframe/IMUframe,-0.17964228331,0.193399354672,1.59164930452,-0.0174210896545,0.0464182338744,0.148769835589,0.987628163439
2018/10/02/14:03:51.926041,54160,1538481831,910937259,/world,vicon/IMUframe/IMUframe,-0.180561150421,0.193372595735,1.59255251821,-0.0175314839545,0.0467145766914,0.143074514318,0.988453377124
2018/10/02/14:03:51.936188,54161,1538481831,920932633,/world,vicon/IMUframe/IMUframe,-0.181395573556,0.193330722193,1.59348503241,-0.0176247198847,0.0468902849791,0.137087000745,0.989291577165
2018/10/02/14:03:51.945934,54162,1538481831,930855598,/world,vicon/IMUframe/IMUframe,-0.18212678694,0.193222076175,1.59436861151,-0.0177783462326,0.0469243462279,0.130972624695,0.990115249714
2018/10/02/14:03:51.956098,54163,1538481831,940944938,/world,vicon/IMUframe/IMUframe,-0.182902465517,0.193213668818,1.59534945202,-0.0177673924239,0.0468556918575,0.124839607178,0.990910660144
2018/10/02/14:03:51.966460,54164,1538481831,950984899,/world,vicon/IMUframe/IMUframe,-0.183642394378,0.193207616138,1.5963137981,-0.0175901100872,0.0466481478626,0.118679616557,0.99168023422
2018/10/02/14:03:51.976414,54165,1538481831,960956304,/world,vicon/IMUframe/IMUframe,-0.184392033716,0.193220733519,1.59724538533,-0.0173328443797,0.0463776230472,0.112629914546,0.99240273626
2018/10/02/14:03:51.986509,54166,1538481831,970960521,/world,vicon/IMUframe/IMUframe,-0.185241032668,0.193279926012,1.59827811479,-0.0168715114984,0.0461957168531,0.106632795957,0.993081444128
2018/10/02/14:03:51.996258,54167,1538481831,980910433,/world,vicon/IMUframe/IMUframe,-0.185941285656,0.193264424941,1.59920136935,-0.0164162354524,0.0458320355295,0.100462857746,0.993749035696
2018/10/02/14:03:52.006459,54168,1538481831,990960948,/world,vicon/IMUframe/IMUframe,-0.186626376213,0.193177344581,1.60010358422,-0.015828370733,0.0455012950404,0.0945576504704,0.994353028641
2018/10/02/14:03:52.016346,54169,1538481832,936644,/world,vicon/IMUframe/IMUframe,-0.18737756188,0.193174347925,1.60103094659,-0.015409970113,0.0452543113049,0.0883049629575,0.994945633513
2018/10/02/14:03:52.026224,54170,1538481832,10908793,/world,vicon/IMUframe/IMUframe,-0.188221772233,0.193253863818,1.60192729745,-0.0150641209704,0.04512199354,0.081710550295,0.99552019765
2018/10/02/14:03:52.036115,54171,1538481832,20958687,/world,vicon/IMUframe/IMUframe,-0.189026209042,0.193224015231,1.60282870764,-0.0149918510865,0.0451375273471,0.0752317830622,0.996031137487
2018/10/02/14:03:52.046046,54172,1538481832,30955022,/world,vicon/IMUframe/IMUframe,-0.189765794261,0.193074426298,1.60377856675,-0.0153292802801,0.0453900162912,0.0689563370682,0.996468656389
2018/10/02/14:03:52.055854,54173,1538481832,40937891,/world,vicon/IMUframe/IMUframe,-0.190561503041,0.19294054221,1.60469099729,-0.015882519711,0.0455861815501,0.0626100990788,0.99686991183
2018/10/02/14:03:52.065992,54174,1538481832,50969053,/world,vicon/IMUframe/IMUframe,-0.191346487211,0.192792394621,1.60561795688,-0.0167722736915,0.0457616541298,0.056201796239,0.997229121088
2018/10/02/14:03:52.076214,54175,1538481832,60910528,/world,vicon/IMUframe/IMUframe,-0.192127705372,0.192536379881,1.60656194112,-0.0179616042466,0.0460187245338,0.0499685776743,0.997528344966
2018/10/02/14:03:52.086022,54176,1538481832,70914057,/world,vicon/IMUframe/IMUframe,-0.192903493317,0.19232992139,1.60747173577,-0.0194112460004,0.046201891363,0.043437539024,0.997798461097
2018/10/02/14:03:52.096343,54177,1538481832,80963543,/world,vicon/IMUframe/IMUframe,-0.193731565255,0.192175184518,1.60831504857,-0.0205098537544,0.0464653096285,0.0365165058757,0.998041515018
2018/10/02/14:03:52.106555,54178,1538481832,90966617,/world,vicon/IMUframe/IMUframe,-0.194675281277,0.192401485442,1.6090292305,-0.0211443476819,0.0469577161369,0.0286341135764,0.998262479008
2018/10/02/14:03:52.116450,54179,1538481832,100975437,/world,vicon/IMUframe/IMUframe,-0.195143276345,0.191917905528,1.60992023556,-0.0225802197858,0.0477036849364,0.022790770155,0.998346168878
2018/10/02/14:03:52.126664,54180,1538481832,110931444,/world,vicon/IMUframe/IMUframe,-0.196027733241,0.19198567584,1.61060578849,-0.0230960284393,0.0478465164158,0.0145533383189,0.998481589555
2018/10/02/14:03:52.136495,54181,1538481832,120965323,/world,vicon/IMUframe/IMUframe,-0.196747173826,0.191944389005,1.61126991569,-0.0233889074473,0.0478801656378,0.00759965482815,0.998550296176
2018/10/02/14:03:52.146639,54182,1538481832,130913994,/world,vicon/IMUframe/IMUframe,-0.197932355813,0.192187851111,1.61172653737,-0.0227906226769,0.0479199138169,-0.00264634483608,0.998587635732
2018/10/02/14:03:52.156356,54183,1538481832,140939402,/world,vicon/IMUframe/IMUframe,-0.198711196824,0.192178580449,1.61224258392,-0.0224938310005,0.0477068967095,-0.00930402856057,0.998564727309
2018/10/02/14:03:52.166405,54184,1538481832,150861524,/world,vicon/IMUframe/IMUframe,-0.199450143105,0.192335672039,1.61271843278,-0.0218854478777,0.0472936056418,-0.0169587285047,0.998497242642
2018/10/02/14:03:52.176644,54185,1538481832,160967772,/world,vicon/IMUframe/IMUframe,-0.200163906833,0.19263676436,1.61319268956,-0.0208629642675,0.046101789178,-0.025373190184,0.998396495875
2018/10/02/14:03:52.186716,54186,1538481832,170938628,/world,vicon/IMUframe/IMUframe,-0.200877951289,0.192839976102,1.61365302111,-0.0201201705705,0.0452832009764,-0.033307996084,0.998216002598
2018/10/02/14:03:52.196441,54187,1538481832,180886823,/world,vicon/IMUframe/IMUframe,-0.201581883861,0.192971769964,1.61411325555,-0.0195915098322,0.0444740421935,-0.0406851895556,0.997989452682
2018/10/02/14:03:52.206261,54188,1538481832,190914614,/world,vicon/IMUframe/IMUframe,-0.202260428061,0.193247285644,1.61444730202,-0.0186480657374,0.0433581174817,-0.0488327178106,0.997691179155
2018/10/02/14:03:52.216689,54189,1538481832,200957846,/world,vicon/IMUframe/IMUframe,-0.203005428954,0.193670332716,1.61481695463,-0.0178056488374,0.0424667576513,-0.057091656827,0.99730641033
2018/10/02/14:03:52.226579,54190,1538481832,210935831,/world,vicon/IMUframe/IMUframe,-0.203489999511,0.193884690353,1.61511541777,-0.017086969281,0.0415965604519,-0.0655664491839,0.996834390649
2018/10/02/14:03:52.236519,54191,1538481832,220922013,/world,vicon/IMUframe/IMUframe,-0.204065668179,0.194179574087,1.61542664302,-0.0164128320361,0.0409098417819,-0.0739264940596,0.996289053069
2018/10/02/14:03:52.246706,54192,1538481832,230921573,/world,vicon/IMUframe/IMUframe,-0.204672188692,0.194744238763,1.61569271457,-0.0157332473543,0.0404830149834,-0.0829054400523,0.995610505386
2018/10/02/14:03:52.256721,54193,1538481832,240933459,/world,vicon/IMUframe/IMUframe,-0.205085849924,0.19514081248,1.6159301935,-0.0149351397474,0.0396526505753,-0.091456165889,0.994907221114
2018/10/02/14:03:52.266590,54194,1538481832,250920568,/world,vicon/IMUframe/IMUframe,-0.205674214811,0.195406694658,1.61607584427,-0.0137456784114,0.0383932715302,-0.100108526186,0.994140481024
2018/10/02/14:03:52.276538,54195,1538481832,260927015,/world,vicon/IMUframe/IMUframe,-0.20608718141,0.195786120373,1.61622790423,-0.0129261778906,0.0375994821513,-0.10863080937,0.993286736105
2018/10/02/14:03:52.286695,54196,1538481832,270902150,/world,vicon/IMUframe/IMUframe,-0.206476027831,0.196108103635,1.61634286788,-0.0121717570738,0.0370404219878,-0.117152189249,0.992348336031
2018/10/02/14:03:52.296251,54197,1538481832,280931397,/world,vicon/IMUframe/IMUframe,-0.206773650539,0.196562211676,1.61653887122,-0.0113992304319,0.0367384627034,-0.125790152763,0.99131083943
2018/10/02/14:03:52.306384,54198,1538481832,290926651,/world,vicon/IMUframe/IMUframe,-0.207168564838,0.197205487543,1.61681373443,-0.0104546173256,0.0365010818278,-0.134650315933,0.990165473252
2018/10/02/14:03:52.316497,54199,1538481832,300970806,/world,vicon/IMUframe/IMUframe,-0.207363539792,0.197753549956,1.61699565808,-0.0102374188245,0.0370223230225,-0.143309439633,0.988932225871
2018/10/02/14:03:52.326174,54200,1538481832,310925626,/world,vicon/IMUframe/IMUframe,-0.207552071139,0.198300595556,1.61726039048,-0.0101378973669,0.0372228954801,-0.152223724238,0.98759283962
2018/10/02/14:03:52.336604,54201,1538481832,320845488,/world,vicon/IMUframe/IMUframe,-0.207941003797,0.199008252297,1.61763009529,-0.0108297986795,0.0377009786854,-0.162355321963,0.985952382774
2018/10/02/14:03:52.346627,54202,1538481832,330906589,/world,vicon/IMUframe/IMUframe,-0.208203752566,0.19931257265,1.61811063568,-0.0114860447351,0.0382505630099,-0.171185852117,0.984428955913
2018/10/02/14:03:52.356492,54203,1538481832,340917420,/world,vicon/IMUframe/IMUframe,-0.208393831402,0.199909429704,1.61846921198,-0.0123969969328,0.038938480148,-0.180338539656,0.982755371568
2018/10/02/14:03:52.366248,54204,1538481832,350907172,/world,vicon/IMUframe/IMUframe,-0.20859819242,0.200382022132,1.61877783127,-0.0135213715615,0.0398619546193,-0.189549706635,0.980968453009
2018/10/02/14:03:52.376400,54205,1538481832,360948478,/world,vicon/IMUframe/IMUframe,-0.208725374556,0.200890247487,1.61914812051,-0.0144929354443,0.0410999691096,-0.198611572205,0.97910887584
2018/10/02/14:03:52.386538,54206,1538481832,370910593,/world,vicon/IMUframe/IMUframe,-0.208808626036,0.201304314017,1.61951290234,-0.0154079146338,0.0425403177085,-0.207446598829,0.977199481258
2018/10/02/14:03:52.396278,54207,1538481832,380938757,/world,vicon/IMUframe/IMUframe,-0.208838847659,0.201775884466,1.61988640737,-0.0160893658994,0.0442782864308,-0.216292675051,0.975191286043
2018/10/02/14:03:52.406512,54208,1538481832,390968231,/world,vicon/IMUframe/IMUframe,-0.208936304318,0.20221251775,1.62020343805,-0.0167025273797,0.046233994811,-0.225050027098,0.973106329548
2018/10/02/14:03:52.416203,54209,1538481832,400932390,/world,vicon/IMUframe/IMUframe,-0.208909240675,0.20277870229,1.62052683254,-0.0171431207424,0.0483418915027,-0.233679970149,0.970959755339
2018/10/02/14:03:52.425888,54210,1538481832,410914200,/world,vicon/IMUframe/IMUframe,-0.208838945804,0.203335497826,1.62085466153,-0.0176275152593,0.0504908204957,-0.242250267304,0.968738744834
2018/10/02/14:03:52.435976,54211,1538481832,420938307,/world,vicon/IMUframe/IMUframe,-0.208695158915,0.203884842656,1.62125880471,-0.0183038755049,0.0526717681942,-0.250846028196,0.966419641313
2018/10/02/14:03:52.446050,54212,1538481832,430938396,/world,vicon/IMUframe/IMUframe,-0.208717276433,0.204536108621,1.62163734927,-0.0185887420855,0.0548535359658,-0.259748904662,0.963937785745
2018/10/02/14:03:52.455962,54213,1538481832,440924717,/world,vicon/IMUframe/IMUframe,-0.208682278114,0.205156312061,1.6220163686,-0.0187848996602,0.0567584031539,-0.268610465845,0.961391714576
2018/10/02/14:03:52.466022,54214,1538481832,450940782,/world,vicon/IMUframe/IMUframe,-0.208620973769,0.205739754083,1.62231189663,-0.0186969543632,0.0590771003191,-0.277858049513,0.958621523041
2018/10/02/14:03:52.476068,54215,1538481832,460940166,/world,vicon/IMUframe/IMUframe,-0.209236486502,0.206503808482,1.62356340466,-0.0248443260488,0.0621516651901,-0.289242662434,0.954912881998
2018/10/02/14:03:52.486080,54216,1538481832,470971708,/world,vicon/IMUframe/IMUframe,-0.20902165555,0.207025486942,1.62400559145,-0.0234689043967,0.0643898046872,-0.2995561631,0.951614033486
2018/10/02/14:03:52.496233,54217,1538481832,480919292,/world,vicon/IMUframe/IMUframe,-0.208957655199,0.207710813043,1.6242144938,-0.0235298689888,0.0659984980167,-0.308819224032,0.948536362188
2018/10/02/14:03:52.506222,54218,1538481832,490974401,/world,vicon/IMUframe/IMUframe,-0.208848325624,0.208352010654,1.6244533677,-0.0233624278775,0.0675315588481,-0.317866572581,0.945438801594
2018/10/02/14:03:52.516695,54219,1538481832,500966077,/world,vicon/IMUframe/IMUframe,-0.2085276576,0.20920319066,1.62387851544,-0.0200093373233,0.0678379253397,-0.32471238952,0.943164623169
2018/10/02/14:03:52.526490,54220,1538481832,510971804,/world,vicon/IMUframe/IMUframe,-0.208396216492,0.209803152661,1.62404174433,-0.0199134273682,0.0691124887786,-0.333255232931,0.940089287796
2018/10/02/14:03:52.536372,54221,1538481832,520923899,/world,vicon/IMUframe/IMUframe,-0.208319051363,0.210292413697,1.62419569303,-0.019690983458,0.0703330461994,-0.341286402915,0.937117452067
2018/10/02/14:03:52.546570,54222,1538481832,530952013,/world,vicon/IMUframe/IMUframe,-0.208282369881,0.210672886119,1.62441102768,-0.0194535362079,0.0713753868573,-0.348832325625,0.934260735919
2018/10/02/14:03:52.556388,54223,1538481832,540955181,/world,vicon/IMUframe/IMUframe,-0.20836704657,0.211211027989,1.62461234545,-0.018992039346,0.0725889506548,-0.355373237131,0.931708113636
2018/10/02/14:03:52.566432,54224,1538481832,550904047,/world,vicon/IMUframe/IMUframe,-0.208552643656,0.211899509377,1.62482309813,-0.0185884942378,0.0738572657032,-0.361658529836,0.929194640526
2018/10/02/14:03:52.576138,54225,1538481832,560941222,/world,vicon/IMUframe/IMUframe,-0.208567399164,0.212464285832,1.62503453094,-0.0181124707459,0.0747907911738,-0.368500351944,0.926437135793
2018/10/02/14:03:52.586242,54226,1538481832,570852736,/world,vicon/IMUframe/IMUframe,-0.208391593606,0.213278301921,1.62540494576,-0.0178025984388,0.0757821108801,-0.376089386816,0.923307593537
2018/10/02/14:03:52.596145,54227,1538481832,580915526,/world,vicon/IMUframe/IMUframe,-0.208437527811,0.213904732811,1.62561533548,-0.01828638891,0.0761096609157,-0.382937481868,0.920451960983
2018/10/02/14:03:52.605981,54228,1538481832,590899334,/world,vicon/IMUframe/IMUframe,-0.208421561574,0.214536806781,1.62581573024,-0.0189616916144,0.0763658960613,-0.390074883683,0.91741500385
2018/10/02/14:03:52.616140,54229,1538481832,600952236,/world,vicon/IMUframe/IMUframe,-0.208431568889,0.214432369327,1.62630240585,-0.0242497394926,0.0759935807257,-0.398916311848,0.91351119422
2018/10/02/14:03:52.626077,54230,1538481832,610957661,/world,vicon/IMUframe/IMUframe,-0.208513079842,0.215211213814,1.62640102531,-0.0250420010188,0.0766425450897,-0.406182204921,0.910227902711
2018/10/02/14:03:52.636454,54231,1538481832,620982170,/world,vicon/IMUframe/IMUframe,-0.208341924522,0.215713651161,1.62650614859,-0.0259949153833,0.0772579870326,-0.413296979325,0.90694050229
2018/10/02/14:03:52.646490,54232,1538481832,630972544,/world,vicon/IMUframe/IMUframe,-0.208104015914,0.216294852363,1.62666838216,-0.0268926939587,0.0781616379072,-0.420549618057,0.903496297792
2018/10/02/14:03:52.656419,54233,1538481832,640917736,/world,vicon/IMUframe/IMUframe,-0.207844305797,0.216797722973,1.62675199763,-0.0281028979371,0.0789229703909,-0.427421515504,0.90016234089
2018/10/02/14:03:52.666213,54234,1538481832,650950715,/world,vicon/IMUframe/IMUframe,-0.207549113448,0.217383433939,1.6268150243,-0.0295501718123,0.0798409762722,-0.434355671788,0.896709181529
2018/10/02/14:03:52.676203,54235,1538481832,660895744,/world,vicon/IMUframe/IMUframe,-0.207226127463,0.217970600389,1.62691609491,-0.031016572155,0.0809398114642,-0.441140835139,0.89324211877
2018/10/02/14:03:52.685938,54236,1538481832,670945411,/world,vicon/IMUframe/IMUframe,-0.206848571853,0.21862593952,1.62699638038,-0.0324389247913,0.0821411090152,-0.447992450394,0.889664722667
2018/10/02/14:03:52.696016,54237,1538481832,680945928,/world,vicon/IMUframe/IMUframe,-0.206500302151,0.219294310734,1.6270179022,-0.0338567552347,0.0836199901234,-0.454840185959,0.885991999182
2018/10/02/14:03:52.706017,54238,1538481832,690950818,/world,vicon/IMUframe/IMUframe,-0.206128763497,0.219969650575,1.6270168044,-0.0350445970041,0.0851259250021,-0.46156578462,0.8823165416
2018/10/02/14:03:52.716028,54239,1538481832,700977939,/world,vicon/IMUframe/IMUframe,-0.205688931252,0.220511909027,1.62700305989,-0.0364386859314,0.0862827124347,-0.467838650286,0.878837023003
2018/10/02/14:03:52.726135,54240,1538481832,710880466,/world,vicon/IMUframe/IMUframe,-0.205237800069,0.221188362536,1.62719376634,-0.0370788578129,0.0881081152817,-0.473837388332,0.875408617586
2018/10/02/14:03:52.736079,54241,1538481832,720942293,/world,vicon/IMUframe/IMUframe,-0.204675296386,0.221885951646,1.62717137885,-0.0378489904302,0.0891462424304,-0.479664644756,0.872090723466
2018/10/02/14:03:52.748261,54242,1538481832,731021604,/world,vicon/IMUframe/IMUframe,-0.203912613695,0.222883481646,1.62675570859,-0.0356064758233,0.089685101046,-0.483771655597,0.869858463642
2018/10/02/14:03:52.756596,54243,1538481832,741110806,/world,vicon/IMUframe/IMUframe,-0.203425571745,0.22338450265,1.62667684646,-0.0362184764814,0.0904697102923,-0.489052947172,0.866793325045
2018/10/02/14:03:52.766455,54244,1538481832,751061447,/world,vicon/IMUframe/IMUframe,-0.20266317493,0.223841827615,1.626308391,-0.0372190570943,0.0899642742379,-0.49543741695,0.863170282758
2018/10/02/14:03:52.776093,54245,1538481832,761032948,/world,vicon/IMUframe/IMUframe,-0.202225582978,0.224205078045,1.62607594853,-0.0373441022231,0.0903000162168,-0.500052330765,0.860464404608
2018/10/02/14:03:52.785976,54246,1538481832,770935859,/world,vicon/IMUframe/IMUframe,-0.201778487773,0.224536530445,1.62585305325,-0.0370615711334,0.0906726442525,-0.504720623862,0.857707411288
2018/10/02/14:03:52.796215,54247,1538481832,781042357,/world,vicon/IMUframe/IMUframe,-0.201337953402,0.224911661541,1.62562754995,-0.0364106554062,0.0908766935007,-0.509538099333,0.854860582832
2018/10/02/14:03:52.806137,54248,1538481832,791040786,/world,vicon/IMUframe/IMUframe,-0.200923715805,0.225254595597,1.6253369302,-0.0355343148722,0.090864582937,-0.514347741363,0.852013697653
2018/10/02/14:03:52.816013,54249,1538481832,800971158,/world,vicon/IMUframe/IMUframe,-0.200595929748,0.225733984352,1.62503880688,-0.0342448877805,0.0905713579264,-0.519268738906,0.849107822116
2018/10/02/14:03:52.826273,54250,1538481832,811113528,/world,vicon/IMUframe/IMUframe,-0.200342826387,0.225899358589,1.62478095834,-0.0329920381478,0.0897606718144,-0.524498130059,0.84602379327
2018/10/02/14:03:52.836111,54251,1538481832,821049170,/world,vicon/IMUframe/IMUframe,-0.200136533785,0.226499061758,1.62448739345,-0.031177017674,0.0887193220614,-0.529699163431,0.842956506424
2018/10/02/14:03:52.846454,54252,1538481832,831029033,/world,vicon/IMUframe/IMUframe,-0.199944091975,0.227203721167,1.62418774736,-0.0292010318952,0.0873032489012,-0.535069606177,0.839777327042
2018/10/02/14:03:52.856273,54253,1538481832,841038030,/world,vicon/IMUframe/IMUframe,-0.199821635766,0.22803655755,1.62387580795,-0.0271400497526,0.0856752555282,-0.540623730894,0.836450327206
2018/10/02/14:03:52.866507,54254,1538481832,851020312,/world,vicon/IMUframe/IMUframe,-0.199770737835,0.228909659173,1.6235299741,-0.0251493489454,0.0837703897612,-0.546370115763,0.832964422198
2018/10/02/14:03:52.876645,54255,1538481832,861031786,/world,vicon/IMUframe/IMUframe,-0.19976929593,0.229649614783,1.62316701246,-0.0231848312249,0.0810331916738,-0.55188848413,0.829647627932
2018/10/02/14:03:52.886246,54256,1538481832,870989208,/world,vicon/IMUframe/IMUframe,-0.199972651533,0.230410367549,1.62278410448,-0.0208751533865,0.0781795804915,-0.557135197245,0.826469934817
2018/10/02/14:03:52.897071,54257,1538481832,881157074,/world,vicon/IMUframe/IMUframe,-0.199767059109,0.231407621389,1.62246696424,-0.0180776083599,0.0759291602865,-0.563684951489,0.822293887949
2018/10/02/14:03:52.906494,54258,1538481832,891092613,/world,vicon/IMUframe/IMUframe,-0.199873076817,0.232298530242,1.62205606586,-0.0152580137767,0.0720427089389,-0.569770908798,0.818497496998
2018/10/02/14:03:52.916712,54259,1538481832,901007216,/world,vicon/IMUframe/IMUframe,-0.199714016452,0.233107262453,1.6215096873,-0.0124568063957,0.0700655032034,-0.575796583266,0.814489992532
2018/10/02/14:03:52.926561,54260,1538481832,910965725,/world,vicon/IMUframe/IMUframe,-0.199691013757,0.233940706537,1.62120558107,-0.0108029313616,0.069427420895,-0.582726850188,0.80962494278
2018/10/02/14:03:52.936206,54261,1538481832,920956429,/world,vicon/IMUframe/IMUframe,-0.199457623536,0.234764238725,1.62077999174,-0.0082892539038,0.0667166581131,-0.588359983387,0.805799420295
2018/10/02/14:03:52.946378,54262,1538481832,930900037,/world,vicon/IMUframe/IMUframe,-0.199247623602,0.235347751426,1.62040603684,-0.00633618390957,0.0642132091935,-0.593018345486,0.802599376062
2018/10/02/14:03:52.956294,54263,1538481832,940989924,/world,vicon/IMUframe/IMUframe,-0.199019136649,0.235886412052,1.62010795945,-0.00410587334313,0.0614065159632,-0.598647527517,0.798644801773
2018/10/02/14:03:52.966493,54264,1538481832,950907443,/world,vicon/IMUframe/IMUframe,-0.198795516475,0.236559786188,1.61981624868,-0.00202865470029,0.0588181981385,-0.60404100008,0.794777185348
2018/10/02/14:03:52.976315,54265,1538481832,960948718,/world,vicon/IMUframe/IMUframe,-0.198480758549,0.237321681329,1.61951439612,-6.84960969136e-05,0.0565816730371,-0.609091452709,0.791079080637
2018/10/02/14:03:52.986561,54266,1538481832,970929346,/world,vicon/IMUframe/IMUframe,-0.198164879441,0.238062020774,1.61924615361,0.00163184601786,0.0546228360992,-0.614233536315,0.78722985571
2018/10/02/14:03:52.996744,54267,1538481832,980983955,/world,vicon/IMUframe/IMUframe,-0.197423783377,0.238816140695,1.61876758387,0.00460821619541,0.0519648778788,-0.61886194554,0.783765467581
2018/10/02/14:03:53.006755,54268,1538481832,990928969,/world,vicon/IMUframe/IMUframe,-0.197031948217,0.239478916611,1.6185906789,0.00590425415449,0.0507111729312,-0.624027825543,0.779732511616
2018/10/02/14:03:53.016551,54269,1538481833,927407,/world,vicon/IMUframe/IMUframe,-0.196359229633,0.240321795344,1.61846784309,0.00719345044732,0.049660899647,-0.629497974723,0.775380132023
2018/10/02/14:03:53.026552,54270,1538481833,10925292,/world,vicon/IMUframe/IMUframe,-0.195920972381,0.240885193446,1.61835174605,0.00809871730291,0.0488459909759,-0.634671782917,0.771194014443
2018/10/02/14:03:53.036523,54271,1538481833,20945445,/world,vicon/IMUframe/IMUframe,-0.195431704679,0.241583856759,1.61830596159,0.0087136782048,0.0482969359755,-0.640693163622,0.766226955853
2018/10/02/14:03:53.046147,54272,1538481833,30952856,/world,vicon/IMUframe/IMUframe,-0.194875827947,0.242090194293,1.61818522595,0.00955102809789,0.0474288002085,-0.645971635795,0.761826707671
2018/10/02/14:03:53.056205,54273,1538481833,40905976,/world,vicon/IMUframe/IMUframe,-0.194266473749,0.242512278894,1.61812183209,0.00998492890783,0.046621293937,-0.65104342113,0.757541563183
2018/10/02/14:03:53.066093,54274,1538481833,50966386,/world,vicon/IMUframe/IMUframe,-0.193710724117,0.242931959253,1.61807950121,0.0102299544228,0.0458753521323,-0.655960935397,0.753329975066
2018/10/02/14:03:53.076578,54275,1538481833,60945563,/world,vicon/IMUframe/IMUframe,-0.193279592988,0.243216266506,1.61803022501,0.0100338217373,0.0450595814327,-0.660506225054,0.749400082204
2018/10/02/14:03:53.086318,54276,1538481833,70971501,/world,vicon/IMUframe/IMUframe,-0.192617969341,0.243515688271,1.61843696852,0.0114868463525,0.0460280560796,-0.664672810622,0.745626934354
2018/10/02/14:03:53.096183,54277,1538481833,80947514,/world,vicon/IMUframe/IMUframe,-0.192100360977,0.243670642825,1.61848184156,0.0111386426033,0.0453277553039,-0.668075446608,0.742628118832
2018/10/02/14:03:53.106443,54278,1538481833,90978635,/world,vicon/IMUframe/IMUframe,-0.191625695158,0.243794636085,1.61850430411,0.0106089223565,0.0446227420715,-0.671139222687,0.739911079406
2018/10/02/14:03:53.116816,54279,1538481833,100916774,/world,vicon/IMUframe/IMUframe,-0.190566085765,0.243693095016,1.61844752014,0.00933452706106,0.0431107497194,-0.676790263455,0.73485322967
2018/10/02/14:03:53.126487,54280,1538481833,110935151,/world,vicon/IMUframe/IMUframe,-0.190102584945,0.24390209194,1.61842347344,0.00851338227521,0.0426805722209,-0.680319636941,0.731622226746
2018/10/02/14:03:53.136124,54281,1538481833,120904541,/world,vicon/IMUframe/IMUframe,-0.189704796633,0.244113533237,1.61859903533,0.00813581917505,0.042686450357,-0.682972539961,0.729150317192
2018/10/02/14:03:53.145867,54282,1538481833,130886405,/world,vicon/IMUframe/IMUframe,-0.189407850642,0.244260033284,1.61879806693,0.00790116549278,0.042862450644,-0.685077743936,0.727164951488
2018/10/02/14:03:53.155802,54283,1538481833,140952440,/world,vicon/IMUframe/IMUframe,-0.188595248029,0.244326587629,1.6189575543,0.00748967687983,0.0425477336289,-0.689298953819,0.723187767712
2018/10/02/14:03:53.165802,54284,1538481833,150927257,/world,vicon/IMUframe/IMUframe,-0.18788817024,0.244542892033,1.61904803396,0.00692362034807,0.0420642774476,-0.693441175579,0.719250996563
2018/10/02/14:03:53.176111,54285,1538481833,160951555,/world,vicon/IMUframe/IMUframe,-0.187419195385,0.244834172876,1.61911283492,0.00679498647974,0.041614141978,-0.697147277643,0.715686918017
2018/10/02/14:03:53.186352,54286,1538481833,170957862,/world,vicon/IMUframe/IMUframe,-0.186831066992,0.244978048578,1.61904722431,0.00618386745907,0.0405193761834,-0.700781433753,0.712197530215
2018/10/02/14:03:53.196124,54287,1538481833,180944294,/world,vicon/IMUframe/IMUframe,-0.186320038225,0.245262879209,1.61911068676,0.00641480861737,0.0401280925029,-0.704005064324,0.709031350385
2018/10/02/14:03:53.205893,54288,1538481833,190940525,/world,vicon/IMUframe/IMUframe,-0.185872428605,0.245415362345,1.61914630232,0.00694183993765,0.0393113261167,-0.706941884342,0.706144179796
2018/10/02/14:03:53.216133,54289,1538481833,200953504,/world,vicon/IMUframe/IMUframe,-0.185375443675,0.245587099271,1.61922186643,0.00760425085661,0.0380550862819,-0.709770878867,0.703362840424
2018/10/02/14:03:53.226086,54290,1538481833,210959751,/world,vicon/IMUframe/IMUframe,-0.18498403314,0.245678194342,1.61919652786,0.0084560860845,0.0368481157766,-0.712402480941,0.700752036116
2018/10/02/14:03:53.236210,54291,1538481833,220969543,/world,vicon/IMUframe/IMUframe,-0.184611000486,0.245812033568,1.61918974775,0.00943458816374,0.0355068760805,-0.71481180415,0.698351154467
2018/10/02/14:03:53.246123,54292,1538481833,230950278,/world,vicon/IMUframe/IMUframe,-0.184249276997,0.245960491537,1.61917676466,0.010426478756,0.0340492055441,-0.717112381037,0.696047249191
2018/10/02/14:03:53.256143,54293,1538481833,240968728,/world,vicon/IMUframe/IMUframe,-0.18392451511,0.24612638221,1.61919493304,0.011469098564,0.0325931293606,-0.719400947799,0.693735125248
2018/10/02/14:03:53.266136,54294,1538481833,250952704,/world,vicon/IMUframe/IMUframe,-0.183573183248,0.246273063967,1.61919569915,0.0123487523926,0.0310179895908,-0.721783325858,0.691313404434
2018/10/02/14:03:53.276030,54295,1538481833,260946818,/world,vicon/IMUframe/IMUframe,-0.183374101237,0.246347798385,1.61911900569,0.0133562930528,0.0298921328455,-0.724089547142,0.68892844153
2018/10/02/14:03:53.286089,54296,1538481833,270982357,/world,vicon/IMUframe/IMUframe,-0.182971941516,0.246523256469,1.61927128364,0.0144172920805,0.0285596178419,-0.726366575549,0.686562515611
2018/10/02/14:03:53.296358,54297,1538481833,280942441,/world,vicon/IMUframe/IMUframe,-0.182661649993,0.246643786519,1.61934733465,0.0155400274752,0.0275648808668,-0.728637003276,0.684168694363
2018/10/02/14:03:53.306007,54298,1538481833,290944548,/world,vicon/IMUframe/IMUframe,-0.182417356321,0.246683365242,1.61944604087,0.0166422495874,0.0267936037279,-0.730662551117,0.682009805445
2018/10/02/14:03:53.316142,54299,1538481833,300946093,/world,vicon/IMUframe/IMUframe,-0.182261993705,0.246691558764,1.61957901139,0.0177563704937,0.0262090364892,-0.732493351631,0.680037710373
2018/10/02/14:03:53.326023,54300,1538481833,310957871,/world,vicon/IMUframe/IMUframe,-0.182223086244,0.246586954533,1.61974310595,0.0188131428936,0.0258025231955,-0.733841120823,0.678570191535
2018/10/02/14:03:53.336222,54301,1538481833,320946845,/world,vicon/IMUframe/IMUframe,-0.182177451801,0.24647831823,1.61992661878,0.0198100057159,0.0256166835081,-0.735117312406,0.677166069883
2018/10/02/14:03:53.346352,54302,1538481833,330991775,/world,vicon/IMUframe/IMUframe,-0.182191881318,0.246278515403,1.62017859544,0.0208015802189,0.0256817973214,-0.736032319798,0.676139160055
2018/10/02/14:03:53.356325,54303,1538481833,340937269,/world,vicon/IMUframe/IMUframe,-0.182211753175,0.246038346299,1.62045231123,0.0216639231337,0.0259438870599,-0.736740523761,0.675330282015
2018/10/02/14:03:53.366134,54304,1538481833,350985295,/world,vicon/IMUframe/IMUframe,-0.182218887373,0.245783611582,1.62071884709,0.0222782320052,0.026236572246,-0.737493458491,0.674476627718
2018/10/02/14:03:53.376233,54305,1538481833,360975751,/world,vicon/IMUframe/IMUframe,-0.182176518553,0.245479100743,1.62099851366,0.0226656905962,0.0266138364993,-0.738316487583,0.67354787086
2018/10/02/14:03:53.386645,54306,1538481833,370978203,/world,vicon/IMUframe/IMUframe,-0.182175573363,0.245223681491,1.62129507586,0.0228165034745,0.027259894572,-0.739080650283,0.672678301786
2018/10/02/14:03:53.396196,54307,1538481833,380948283,/world,vicon/IMUframe/IMUframe,-0.182180059747,0.244660872174,1.62160778069,0.022754779828,0.0279735064528,-0.739689711865,0.671981274361
2018/10/02/14:03:53.406253,54308,1538481833,390926882,/world,vicon/IMUframe/IMUframe,-0.182094935358,0.244167066904,1.6220292323,0.023050129576,0.0296193097759,-0.740627203036,0.670867150886
2018/10/02/14:03:53.416248,54309,1538481833,400848052,/world,vicon/IMUframe/IMUframe,-0.182018555478,0.243883992039,1.62243434823,0.0227144573611,0.0308980034771,-0.741495343164,0.669861196722
2018/10/02/14:03:53.426105,54310,1538481833,410980609,/world,vicon/IMUframe/IMUframe,-0.181886319881,0.243566012804,1.62281193485,0.0219669366748,0.0321595667742,-0.742732004053,0.668455223717
2018/10/02/14:03:53.436399,54311,1538481833,420900508,/world,vicon/IMUframe/IMUframe,-0.181721603181,0.243216077606,1.62313572175,0.0209303383254,0.0335218992114,-0.74428741851,0.666689164348
2018/10/02/14:03:53.446114,54312,1538481833,430957786,/world,vicon/IMUframe/IMUframe,-0.181539836924,0.242915357637,1.62350828425,0.0199800352409,0.0351984267756,-0.74596179775,0.664757749291
2018/10/02/14:03:53.456335,54313,1538481833,440925964,/world,vicon/IMUframe/IMUframe,-0.181266269979,0.242564179254,1.62391350784,0.01927314647,0.0369623679594,-0.747419111701,0.663043739616
2018/10/02/14:03:53.466422,54314,1538481833,450886446,/world,vicon/IMUframe/IMUframe,-0.18110936598,0.242202749867,1.62422242041,0.0182152742054,0.038598482526,-0.749189320446,0.660979366593
2018/10/02/14:03:53.476342,54315,1538481833,460959439,/world,vicon/IMUframe/IMUframe,-0.180955055294,0.2418618921,1.62454639895,0.0174606271669,0.0403017474912,-0.750746779035,0.659128340626
2018/10/02/14:03:53.486240,54316,1538481833,470936556,/world,vicon/IMUframe/IMUframe,-0.180900282727,0.24148794655,1.62484928975,0.0167869703897,0.0418998369138,-0.752113059062,0.657486538022
2018/10/02/14:03:53.496081,54317,1538481833,480957521,/world,vicon/IMUframe/IMUframe,-0.180973578147,0.241157373272,1.62513104178,0.0161865833315,0.0434320669705,-0.753543099233,0.655762493344
2018/10/02/14:03:53.506176,54318,1538481833,490901776,/world,vicon/IMUframe/IMUframe,-0.180944179832,0.240752003709,1.62540008348,0.0157820007831,0.0447799624376,-0.75480523526,0.654228354811
2018/10/02/14:03:53.516349,54319,1538481833,500933569,/world,vicon/IMUframe/IMUframe,-0.180801055742,0.240334591517,1.62563917301,0.0155383838181,0.0459541847552,-0.756124817297,0.652627023804
2018/10/02/14:03:53.526515,54320,1538481833,510939616,/world,vicon/IMUframe/IMUframe,-0.180776965725,0.239948711913,1.62584448252,0.015363515449,0.0471383260528,-0.757401035104,0.651064983419
2018/10/02/14:03:53.536626,54321,1538481833,520937280,/world,vicon/IMUframe/IMUframe,-0.180735064196,0.239588319341,1.62600336397,0.0154355701255,0.0481567270468,-0.758565613405,0.649631343898
2018/10/02/14:03:53.546571,54322,1538481833,530871055,/world,vicon/IMUframe/IMUframe,-0.180659513582,0.239207967594,1.62614076556,0.0156209432458,0.049059293506,-0.759877250557,0.648024487144
2018/10/02/14:03:53.556247,54323,1538481833,540868573,/world,vicon/IMUframe/IMUframe,-0.180590823765,0.238853128145,1.6262359254,0.0158711504867,0.0498078858354,-0.761223493148,0.646379203387
2018/10/02/14:03:53.566545,54324,1538481833,550915960,/world,vicon/IMUframe/IMUframe,-0.18045841122,0.238556664679,1.62632555046,0.0163192665628,0.0505085756862,-0.762782763993,0.64447266837
2018/10/02/14:03:53.576459,54325,1538481833,560881050,/world,vicon/IMUframe/IMUframe,-0.180302258748,0.238244236974,1.62634530638,0.016801981884,0.0509675579863,-0.764451529812,0.642443662904
2018/10/02/14:03:53.586362,54326,1538481833,570887704,/world,vicon/IMUframe/IMUframe,-0.180150182784,0.237960907988,1.62632796513,0.0173020074976,0.0513369903989,-0.76630538635,0.640188416643
2018/10/02/14:03:53.596225,54327,1538481833,580899325,/world,vicon/IMUframe/IMUframe,-0.179985381251,0.237748979305,1.62633819354,0.0179717222658,0.0516180175808,-0.768368725539,0.637669270918
2018/10/02/14:03:53.606329,54328,1538481833,590978310,/world,vicon/IMUframe/IMUframe,-0.179820730926,0.237536422257,1.62628640522,0.0185599719298,0.0515969339325,-0.770472176855,0.635110941917
2018/10/02/14:03:53.616193,54329,1538481833,600971302,/world,vicon/IMUframe/IMUframe,-0.179659097032,0.237372454877,1.62620066725,0.0193305203541,0.051520159187,-0.772694474191,0.63238853068
2018/10/02/14:03:53.626162,54330,1538481833,610985905,/world,vicon/IMUframe/IMUframe,-0.179398410959,0.237284189242,1.62609225754,0.0202331022819,0.0512160780773,-0.774843159414,0.629750437259
2018/10/02/14:03:53.636457,54331,1538481833,620962178,/world,vicon/IMUframe/IMUframe,-0.179174691428,0.237137683127,1.62594176041,0.0211764457824,0.0507074922179,-0.776993289533,0.627105841463
2018/10/02/14:03:53.646214,54332,1538481833,630988684,/world,vicon/IMUframe/IMUframe,-0.178972886776,0.236989073625,1.62578533489,0.0221452379262,0.0499797263466,-0.779085727788,0.624529458192
2018/10/02/14:03:53.656204,54333,1538481833,640888953,/world,vicon/IMUframe/IMUframe,-0.178767682341,0.2369140804,1.62563412262,0.0231637477295,0.0491796166048,-0.781168779845,0.621948666288
2018/10/02/14:03:53.666073,54334,1538481833,650984197,/world,vicon/IMUframe/IMUframe,-0.178543661214,0.236819985024,1.6254786387,0.0241267506414,0.0482833979107,-0.783265806292,0.619339398136
2018/10/02/14:03:53.676302,54335,1538481833,660968691,/world,vicon/IMUframe/IMUframe,-0.178318635798,0.236598661854,1.62536317475,0.0250090377245,0.0471965389174,-0.78541502074,0.616660587311
2018/10/02/14:03:53.686473,54336,1538481833,670998555,/world,vicon/IMUframe/IMUframe,-0.178017918799,0.236505277938,1.62519739712,0.0260208614569,0.0462407898428,-0.787533183151,0.613983867508
2018/10/02/14:03:53.696537,54337,1538481833,680966155,/world,vicon/IMUframe/IMUframe,-0.177713982392,0.236449352639,1.62503151217,0.026936388353,0.0454281408622,-0.789662018674,0.611264763636
2018/10/02/14:03:53.705992,54338,1538481833,690881463,/world,vicon/IMUframe/IMUframe,-0.177418126814,0.236071634929,1.62488182842,0.0274799126606,0.0444456399853,-0.791902066054,0.608408215976
2018/10/02/14:03:53.716061,54339,1538481833,700954381,/world,vicon/IMUframe/IMUframe,-0.177238124337,0.235958631821,1.62473988317,0.0279678423529,0.0437572063825,-0.794080285063,0.605590296784
2018/10/02/14:03:53.726199,54340,1538481833,711153266,/world,vicon/IMUframe/IMUframe,-0.176947542743,0.235909351923,1.62464673388,0.0283341776785,0.0430747697531,-0.79610648239,0.602956223355
2018/10/02/14:03:53.736148,54341,1538481833,721015056,/world,vicon/IMUframe/IMUframe,-0.176656772764,0.235881073497,1.62458238628,0.0284896054637,0.0425298827527,-0.798026420213,0.600444322227
2018/10/02/14:03:53.746639,54342,1538481833,731115241,/world,vicon/IMUframe/IMUframe,-0.176317424189,0.235881710447,1.62450486464,0.0283378096586,0.0420909572977,-0.800006732871,0.597841573678
2018/10/02/14:03:53.756464,54343,1538481833,741123353,/world,vicon/IMUframe/IMUframe,-0.175921636962,0.235891485625,1.62442989466,0.0279949789376,0.0417121502435,-0.801901187899,0.59534096325
2018/10/02/14:03:53.766425,54344,1538481833,750996666,/world,vicon/IMUframe/IMUframe,-0.175468922696,0.235948939244,1.62433637482,0.0273962457079,0.0413525941174,-0.804015900123,0.592535096876
2018/10/02/14:03:53.776354,54345,1538481833,761123442,/world,vicon/IMUframe/IMUframe,-0.174995318873,0.236009434088,1.62423739424,0.0265967875764,0.0411357257963,-0.806163758643,0.589661307196
2018/10/02/14:03:53.786608,54346,1538481833,771023520,/world,vicon/IMUframe/IMUframe,-0.174533077022,0.236113354166,1.62415516072,0.0256741454474,0.0410047530264,-0.808353927739,0.586705527495
2018/10/02/14:03:53.796300,54347,1538481833,781059456,/world,vicon/IMUframe/IMUframe,-0.174193387814,0.236161842867,1.62406109023,0.0246141320224,0.0410023960153,-0.81072068268,0.58347658282
2018/10/02/14:03:53.807396,54348,1538481833,791186258,/world,vicon/IMUframe/IMUframe,-0.173731489693,0.236192091691,1.62398952032,0.0237185961578,0.0411236093371,-0.813039279968,0.580270114843
2018/10/02/14:03:53.817275,54349,1538481833,801075722,/world,vicon/IMUframe/IMUframe,-0.173218852313,0.236213758538,1.62391050572,0.0228092689083,0.0413762116577,-0.815370407796,0.577008530657
2018/10/02/14:03:53.827330,54350,1538481833,811074931,/world,vicon/IMUframe/IMUframe,-0.172682869598,0.236151727052,1.62381628167,0.0218272419743,0.0416872353418,-0.817581929439,0.573886342904
2018/10/02/14:03:53.836955,54351,1538481833,821002287,/world,vicon/IMUframe/IMUframe,-0.172165668239,0.236117832405,1.62372630786,0.0206949943481,0.0421166841139,-0.8197287179,0.570826358168
2018/10/02/14:03:53.846755,54352,1538481833,830975264,/world,vicon/IMUframe/IMUframe,-0.171662530564,0.236034115542,1.62366722155,0.0195629748373,0.0427192958601,-0.821607402798,0.568114097206
2018/10/02/14:03:53.856746,54353,1538481833,841076803,/world,vicon/IMUframe/IMUframe,-0.171189092038,0.235893768089,1.62356690739,0.018280826717,0.0435070117077,-0.823305171046,0.565633756627
2018/10/02/14:03:53.867015,54354,1538481833,850965061,/world,vicon/IMUframe/IMUframe,-0.17072671038,0.235728131399,1.62347869854,0.0170245127707,0.0443717269011,-0.824765270749,0.563474545995
2018/10/02/14:03:53.876712,54355,1538481833,861205573,/world,vicon/IMUframe/IMUframe,-0.170270511661,0.235579783798,1.62343775248,0.0156589630576,0.0454897594175,-0.826112891765,0.561447209205
2018/10/02/14:03:53.887333,54356,1538481833,871072921,/world,vicon/IMUframe/IMUframe,-0.169855435591,0.235417874323,1.62340194698,0.0141970459385,0.0467279739249,-0.827323721955,0.559598426936
2018/10/02/14:03:53.897083,54357,1538481833,880998739,/world,vicon/IMUframe/IMUframe,-0.1694921875,0.235293791978,1.62331044276,0.012702013,0.0483248265562,-0.82858904038,0.557623145293
2018/10/02/14:03:53.906793,54358,1538481833,890952676,/world,vicon/IMUframe/IMUframe,-0.169078522044,0.235127973782,1.62348808272,0.0112167552369,0.0497473845522,-0.829746750817,0.555805462047
2018/10/02/14:03:53.916658,54359,1538481833,900909010,/world,vicon/IMUframe/IMUframe,-0.168697084604,0.234935820249,1.62347253616,0.00966291188522,0.0512504256763,-0.830983781041,0.553846528967
2018/10/02/14:03:53.926512,54360,1538481833,910902429,/world,vicon/IMUframe/IMUframe,-0.168389098755,0.234706929285,1.6233153316,0.00799989104385,0.052731410548,-0.832333138857,0.55170367594
2018/10/02/14:03:53.936552,54361,1538481833,920888305,/world,vicon/IMUframe/IMUframe,-0.168005930038,0.23463188447,1.62322518901,0.00660580109572,0.0541059009207,-0.833715546006,0.54949731867
2018/10/02/14:03:53.946856,54362,1538481833,930903203,/world,vicon/IMUframe/IMUframe,-0.167621290726,0.234566242445,1.62309880358,0.0053450850198,0.0551287858168,-0.835283988951,0.547021850426
2018/10/02/14:03:53.956607,54363,1538481833,940898705,/world,vicon/IMUframe/IMUframe,-0.16724216218,0.234514386129,1.62292552051,0.0042700766278,0.0558201131698,-0.836932605781,0.544435207157
2018/10/02/14:03:53.966796,54364,1538481833,950940098,/world,vicon/IMUframe/IMUframe,-0.166808780758,0.234230731808,1.62266822035,0.00318233262692,0.0558926344838,-0.838957254703,0.541310087612
2018/10/02/14:03:53.976733,54365,1538481833,960930857,/world,vicon/IMUframe/IMUframe,-0.166333425892,0.234259591864,1.62237331036,0.00266879879537,0.0556341119907,-0.840944155195,0.538247759809
2018/10/02/14:03:53.986539,54366,1538481833,970959888,/world,vicon/IMUframe/IMUframe,-0.165863670898,0.234319430293,1.62199901369,0.00234362328949,0.0548380256575,-0.843051012844,0.535025502304
2018/10/02/14:03:53.996528,54367,1538481833,980858023,/world,vicon/IMUframe/IMUframe,-0.165355394233,0.234431676126,1.62154575241,0.00234473519401,0.0534515306698,-0.845310118937,0.531590292339
2018/10/02/14:03:54.006472,54368,1538481833,990917352,/world,vicon/IMUframe/IMUframe,-0.164870096774,0.234556862673,1.62097056935,0.00224090425414,0.0511754792118,-0.847590960339,0.528171953655
2018/10/02/14:03:54.016504,54369,1538481834,921322,/world,vicon/IMUframe/IMUframe,-0.164667580885,0.235001026557,1.62048212779,0.00243955478875,0.0488037298728,-0.850184193535,0.524212820891
2018/10/02/14:03:54.026430,54370,1538481834,10944820,/world,vicon/IMUframe/IMUframe,-0.164217908687,0.235283270943,1.61985801213,0.00299075402846,0.045764664608,-0.85239233192,0.520887668646
2018/10/02/14:03:54.036153,54371,1538481834,20957448,/world,vicon/IMUframe/IMUframe,-0.163918269062,0.235739533426,1.61908081611,0.00364123416545,0.0425812876858,-0.854768523042,0.517246892084
2018/10/02/14:03:54.046402,54372,1538481834,30953496,/world,vicon/IMUframe/IMUframe,-0.163427707481,0.235986452691,1.61847698995,0.0042479272456,0.0388355423862,-0.857002155208,0.513829798407
2018/10/02/14:03:54.056239,54373,1538481834,40954974,/world,vicon/IMUframe/IMUframe,-0.163210667185,0.236470094461,1.61772885856,0.00484466065717,0.0354545589412,-0.859397842104,0.510053774125
2018/10/02/14:03:54.066599,54374,1538481834,50924083,/world,vicon/IMUframe/IMUframe,-0.162731229249,0.236758854778,1.61715760216,0.00549571008597,0.0318514853487,-0.861567206146,0.506613491082
2018/10/02/14:03:54.076556,54375,1538481834,60918326,/world,vicon/IMUframe/IMUframe,-0.162408972439,0.237124501587,1.61658815478,0.00603900796216,0.0284919736523,-0.863772846299,0.503038972463
2018/10/02/14:03:54.086479,54376,1538481834,70926480,/world,vicon/IMUframe/IMUframe,-0.162121413564,0.237546326018,1.61606237749,-0.00651639902579,-0.0255148561232,0.866059417711,-0.499247046715
2018/10/02/14:03:54.096497,54377,1538481834,80933006,/world,vicon/IMUframe/IMUframe,-0.162174385387,0.237968331977,1.61575481645,-0.00641989875208,-0.0239013201389,0.868152444238,-0.495680184553
2018/10/02/14:03:54.106819,54378,1538481834,90935623,/world,vicon/IMUframe/IMUframe,-0.161731312937,0.238355790019,1.61539779924,-0.00693830509588,-0.0216395265256,0.870341159467,-0.491924645602
2018/10/02/14:03:54.116427,54379,1538481834,100959870,/world,vicon/IMUframe/IMUframe,-0.16130098464,0.238646690192,1.61515568313,-0.00737485909535,-0.019770469282,0.872435645005,-0.488273269105
2018/10/02/14:03:54.126439,54380,1538481834,110930173,/world,vicon/IMUframe/IMUframe,-0.161036875308,0.238998094187,1.61488676617,-0.00772895399636,-0.0186590788905,0.874668613029,-0.484300443349
2018/10/02/14:03:54.136266,54381,1538481834,120948591,/world,vicon/IMUframe/IMUframe,-0.160716334725,0.23960477224,1.61471637313,-0.0080850975774,-0.0181313855308,0.876769423088,-0.480501053895
2018/10/02/14:03:54.146247,54382,1538481834,130947604,/world,vicon/IMUframe/IMUframe,-0.160598243924,0.240045740914,1.61461845744,-0.00820791488685,-0.0183252894201,0.878701877059,-0.476948451255
2018/10/02/14:03:54.156262,54383,1538481834,140948445,/world,vicon/IMUframe/IMUframe,-0.160231688243,0.240360875432,1.61471742997,-0.00835823968259,-0.0187341323098,0.88033917706,-0.473900944765
2018/10/02/14:03:54.166421,54384,1538481834,150967860,/world,vicon/IMUframe/IMUframe,-0.15994517714,0.24066724857,1.61481475149,-0.00830789989594,-0.019655155705,0.881983976915,-0.470796047263
2018/10/02/14:03:54.176444,54385,1538481834,160957625,/world,vicon/IMUframe/IMUframe,-0.159701794078,0.240938124252,1.61492508414,-0.00809027500327,-0.0210055349596,0.88365867245,-0.4675902753
2018/10/02/14:03:54.186142,54386,1538481834,170955885,/world,vicon/IMUframe/IMUframe,-0.15935696527,0.24125748247,1.61510309211,-0.00787935174001,-0.0225562913873,0.885330033196,-0.464348857925
2018/10/02/14:03:54.196570,54387,1538481834,180971753,/world,vicon/IMUframe/IMUframe,-0.158903433296,0.241556576517,1.61534079565,-0.00773455508233,-0.0241284768761,0.887033280957,-0.461009708939
2018/10/02/14:03:54.206933,54388,1538481834,190977809,/world,vicon/IMUframe/IMUframe,-0.158501891528,0.241908735643,1.61538600853,-0.00773829935728,-0.025527000473,0.888909790476,-0.457305013492
2018/10/02/14:03:54.216700,54389,1538481834,200968486,/world,vicon/IMUframe/IMUframe,-0.157979440745,0.241652760023,1.61545551438,-0.0069191601238,-0.0266600274013,0.891469371708,-0.452242996042
2018/10/02/14:03:54.226428,54390,1538481834,210898686,/world,vicon/IMUframe/IMUframe,-0.157211656785,0.24195666362,1.61535963964,-0.00660861992047,-0.0264007381434,0.893884833749,-0.447469810336
2018/10/02/14:03:54.236363,54391,1538481834,220914876,/world,vicon/IMUframe/IMUframe,-0.156618428842,0.241975175641,1.6154677981,-0.00637606151703,-0.0273547062096,0.895969564525,-0.443226359022
2018/10/02/14:03:54.246327,54392,1538481834,230895318,/world,vicon/IMUframe/IMUframe,-0.156039370345,0.24195204238,1.6155565545,-0.00614896105133,-0.0283712927026,0.897947584232,-0.439143935402
2018/10/02/14:03:54.256505,54393,1538481834,240912925,/world,vicon/IMUframe/IMUframe,-0.155361170457,0.241818335132,1.6157934522,-0.00595112498719,-0.0292491585586,0.89973924497,-0.435405973656
2018/10/02/14:03:54.266652,54394,1538481834,250958158,/world,vicon/IMUframe/IMUframe,-0.154843229302,0.241602224663,1.61631056253,-0.00552082417902,-0.0330967655017,0.90137292857,-0.431741784236
2018/10/02/14:03:54.276642,54395,1538481834,261000844,/world,vicon/IMUframe/IMUframe,-0.153991771504,0.241257239739,1.61622663481,-0.00558842970503,-0.0325340738889,0.903417844478,-0.427488598408
2018/10/02/14:03:54.286543,54396,1538481834,270926733,/world,vicon/IMUframe/IMUframe,-0.153613077477,0.241459465256,1.61628666283,-0.0050232206036,-0.0328800314546,0.90445827467,-0.425263330382
2018/10/02/14:03:54.296656,54397,1538481834,280947541,/world,vicon/IMUframe/IMUframe,-0.152527830114,0.241151554877,1.61686392942,-0.005416875094,-0.0358898884769,0.906498752376,-0.420645438951
2018/10/02/14:03:54.306533,54398,1538481834,290953571,/world,vicon/IMUframe/IMUframe,-0.15211757476,0.241115153741,1.61703118516,-0.00492222368481,-0.0372223610054,0.907656696761,-0.41803060699
2018/10/02/14:03:54.316518,54399,1538481834,300942069,/world,vicon/IMUframe/IMUframe,-0.151930314326,0.241048113889,1.61711543396,-0.00389666737388,-0.0383982604653,0.90854166225,-0.416007737347
2018/10/02/14:03:54.326461,54400,1538481834,310938312,/world,vicon/IMUframe/IMUframe,-0.151480179295,0.24096849191,1.61727951538,-0.00341990166028,-0.0394768515004,0.909557374436,-0.413684982901
2018/10/02/14:03:54.336731,54401,1538481834,320914607,/world,vicon/IMUframe/IMUframe,-0.150955231333,0.240867225101,1.6174480466,-0.00306798512109,-0.040303736934,0.910583487259,-0.411344027534
2018/10/02/14:03:54.346872,54402,1538481834,330935645,/world,vicon/IMUframe/IMUframe,-0.150598269697,0.240833106662,1.61747310375,-0.00276423455989,-0.0408652066116,0.911576815625,-0.409084469408
2018/10/02/14:03:54.356544,54403,1538481834,340936973,/world,vicon/IMUframe/IMUframe,-0.150190541813,0.240721164605,1.61747890281,-0.00262568797553,-0.0409916321675,0.912570850301,-0.406850384091
2018/10/02/14:03:54.366694,54404,1538481834,350922665,/world,vicon/IMUframe/IMUframe,-0.149807267337,0.240623294926,1.61742662064,-0.00270707945966,-0.0406866514663,0.913513688539,-0.404759198741
2018/10/02/14:03:54.376733,54405,1538481834,360911584,/world,vicon/IMUframe/IMUframe,-0.149493247254,0.24032479086,1.61727704175,-0.0025982222595,-0.0396954881261,0.914245151945,-0.40320381894
2018/10/02/14:03:54.386557,54406,1538481834,370941603,/world,vicon/IMUframe/IMUframe,-0.149215070541,0.240192661356,1.61711274916,-0.00295194923508,-0.0386568840438,0.914916085246,-0.401777909136
2018/10/02/14:03:54.396547,54407,1538481834,380926328,/world,vicon/IMUframe/IMUframe,-0.149069185431,0.24010116385,1.61692415379,-0.00328671822926,-0.0375841437368,0.915471710061,-0.400609757371
2018/10/02/14:03:54.406406,54408,1538481834,390933665,/world,vicon/IMUframe/IMUframe,-0.148908260774,0.240006070457,1.61675368121,-0.00362968047613,-0.0365893760816,0.916093939349,-0.399274263214
2018/10/02/14:03:54.416209,54409,1538481834,400920414,/world,vicon/IMUframe/IMUframe,-0.148747344101,0.23996622216,1.61661717592,-0.00402331325903,-0.035711195945,0.916779401713,-0.397773870471
2018/10/02/14:03:54.426233,54410,1538481834,410969880,/world,vicon/IMUframe/IMUframe,-0.148570415125,0.239902139982,1.61653982722,-0.00442352703777,-0.034917580003,0.917587367039,-0.395973002699
2018/10/02/14:03:54.436023,54411,1538481834,420914344,/world,vicon/IMUframe/IMUframe,-0.14832444915,0.2397112687,1.61652318725,-0.00477413624028,-0.0340982931057,0.918538206096,-0.393830011518
2018/10/02/14:03:54.446105,54412,1538481834,430960083,/world,vicon/IMUframe/IMUframe,-0.148234554732,0.239665112923,1.61658385304,-0.00470341502673,-0.0345963771941,0.919375092599,-0.391829564581
2018/10/02/14:03:54.455951,54413,1538481834,440955639,/world,vicon/IMUframe/IMUframe,-0.147679444571,0.239558690933,1.6163228328,-0.00558475583719,-0.033072909603,0.920673704919,-0.388889344445
2018/10/02/14:03:54.466241,54414,1538481834,450964838,/world,vicon/IMUframe/IMUframe,-0.147271461354,0.239491782482,1.61623209389,-0.00609674040188,-0.0326343361753,0.921867132833,-0.386081363524
2018/10/02/14:03:54.476252,54415,1538481834,461002641,/world,vicon/IMUframe/IMUframe,-0.147017599827,0.239468392968,1.61617806077,-0.00659680427244,-0.0323534637552,0.922839057949,-0.383767909914
2018/10/02/14:03:54.486843,54416,1538481834,471000567,/world,vicon/IMUframe/IMUframe,-0.146730966292,0.239435648323,1.61627898926,-0.00686710905206,-0.0330561410285,0.923917008782,-0.381100374227
2018/10/02/14:03:54.496470,54417,1538481834,480970642,/world,vicon/IMUframe/IMUframe,-0.146450355802,0.239432356202,1.61616649479,-0.00769010791538,-0.0326031322706,0.924996917775,-0.378495178453
2018/10/02/14:03:54.506119,54418,1538481834,490898261,/world,vicon/IMUframe/IMUframe,-0.145992447781,0.239348801464,1.61608673696,-0.00860666497553,-0.0322067513971,0.926263615068,-0.375398942306
2018/10/02/14:03:54.516304,54419,1538481834,500997730,/world,vicon/IMUframe/IMUframe,-0.145306435608,0.239232853928,1.6160005898,-0.0097471617913,-0.0318816453617,0.927882630485,-0.371379021445
2018/10/02/14:03:54.526604,54420,1538481834,510978041,/world,vicon/IMUframe/IMUframe,-0.144906301071,0.239242767432,1.61599995023,-0.0107582084833,-0.0321972726879,0.929224067868,-0.367954111645
2018/10/02/14:03:54.536681,54421,1538481834,521001958,/world,vicon/IMUframe/IMUframe,-0.14372059998,0.2390933719,1.61597192913,-0.0127783067554,-0.0316995604081,0.931588210944,-0.36190504
2018/10/02/14:03:54.546825,54422,1538481834,530937847,/world,vicon/IMUframe/IMUframe,-0.14302537726,0.239083833953,1.61613395678,-0.0141498649537,-0.0325363333688,0.933371582997,-0.357153547352
2018/10/02/14:03:54.556355,54423,1538481834,540913862,/world,vicon/IMUframe/IMUframe,-0.142461134008,0.239119284353,1.61630793894,-0.015325788822,-0.0336320360046,0.935222462672,-0.352126329128
2018/10/02/14:03:54.566484,54424,1538481834,550912002,/world,vicon/IMUframe/IMUframe,-0.141837870996,0.238997796221,1.61655175889,-0.0163540347645,-0.0348711219609,0.93689552275,-0.347481409362
2018/10/02/14:03:54.576724,54425,1538481834,560928549,/world,vicon/IMUframe/IMUframe,-0.141585857703,0.238952240457,1.61702995157,-0.0166278325478,-0.0375264070492,0.938175596004,-0.3437176676
2018/10/02/14:03:54.586690,54426,1538481834,570948577,/world,vicon/IMUframe/IMUframe,-0.140987174901,0.238835860139,1.61735063188,-0.0173401155342,-0.0389840043482,0.93964224701,-0.33948787229
2018/10/02/14:03:54.596730,54427,1538481834,580928774,/world,vicon/IMUframe/IMUframe,-0.140621723254,0.238779995482,1.61772400629,-0.0177366746966,-0.0405392309457,0.940715976049,-0.336296645139
2018/10/02/14:03:54.606560,54428,1538481834,590916302,/world,vicon/IMUframe/IMUframe,-0.140473083514,0.238755341988,1.61806042067,-0.0178347877392,-0.0420062939924,0.941423051243,-0.334125770032
2018/10/02/14:03:54.616241,54429,1538481834,600936932,/world,vicon/IMUframe/IMUframe,-0.140299438557,0.238727067453,1.61837582413,-0.0176283088549,-0.0433321426732,0.94199256556,-0.332357600437
2018/10/02/14:03:54.626244,54430,1538481834,610900479,/world,vicon/IMUframe/IMUframe,-0.140080661512,0.238657365737,1.61866661887,-0.0173102812295,-0.0445806286975,0.942475381514,-0.330836934075
2018/10/02/14:03:54.636269,54431,1538481834,620947556,/world,vicon/IMUframe/IMUframe,-0.139990118324,0.238628509908,1.61894786495,-0.0169232559499,-0.0458446788544,0.942720631725,-0.329984362278
2018/10/02/14:03:54.646205,54432,1538481834,630945438,/world,vicon/IMUframe/IMUframe,-0.139882027011,0.23858531561,1.61924127196,-0.0166317840316,-0.0470567410734,0.942940991491,-0.329198015556
2018/10/02/14:03:54.656101,54433,1538481834,640952577,/world,vicon/IMUframe/IMUframe,-0.13972179362,0.238521317634,1.6194977602,-0.0163504000699,-0.0482402812689,0.943224705924,-0.328226589134
2018/10/02/14:03:54.666149,54434,1538481834,650946331,/world,vicon/IMUframe/IMUframe,-0.139505609255,0.23843410853,1.6197020775,-0.0160757464201,-0.0491641560109,0.943639913482,-0.326906974266
2018/10/02/14:03:54.676112,54435,1538481834,660878908,/world,vicon/IMUframe/IMUframe,-0.139294725805,0.238367093008,1.61985682159,-0.0156993510735,-0.0497188870089,0.944180635482,-0.325276021606
2018/10/02/14:03:54.686179,54436,1538481834,670972934,/world,vicon/IMUframe/IMUframe,-0.139085381651,0.238299115876,1.61992491311,-0.0152326100336,-0.0498404406102,0.94481140616,-0.323442892736
2018/10/02/14:03:54.696707,54437,1538481834,680947643,/world,vicon/IMUframe/IMUframe,-0.138875403625,0.238247016385,1.61992904196,-0.0146229269174,-0.0495727796521,0.945570030342,-0.321288075167
2018/10/02/14:03:54.706370,54438,1538481834,690981148,/world,vicon/IMUframe/IMUframe,-0.138583348402,0.238176518921,1.61967721254,-0.0144707355438,-0.0476714585814,0.946383435162,-0.319180863305
2018/10/02/14:03:54.716569,54439,1538481834,700931955,/world,vicon/IMUframe/IMUframe,-0.138430869416,0.238121421222,1.61955236254,-0.0137552934882,-0.0466456159096,0.947101476227,-0.31722826505
2018/10/02/14:03:54.726310,54440,1538481834,710967315,/world,vicon/IMUframe/IMUframe,-0.138287039185,0.238064932292,1.61939089502,-0.0130750922838,-0.0454119922972,0.947725627314,-0.315567628646
2018/10/02/14:03:54.736212,54441,1538481834,720923359,/world,vicon/IMUframe/IMUframe,-0.13814184304,0.238072866925,1.61921417766,-0.0123926897839,-0.0441660859239,0.948298793677,-0.31404645517
2018/10/02/14:03:54.746303,54442,1538481834,730930082,/world,vicon/IMUframe/IMUframe,-0.13788318113,0.238172216307,1.61917593363,-0.0114465029835,-0.043869349295,0.949027995646,-0.311913964488
2018/10/02/14:03:54.756090,54443,1538481834,740973795,/world,vicon/IMUframe/IMUframe,-0.137664013493,0.23815871801,1.6189838,-0.0108989875066,-0.0426892479354,0.949606709431,-0.310331979638
2018/10/02/14:03:54.766206,54444,1538481834,750942778,/world,vicon/IMUframe/IMUframe,-0.137423748515,0.238103557904,1.61879013581,-0.0102521949121,-0.0417064109496,0.950217732064,-0.308612587975
2018/10/02/14:03:54.776280,54445,1538481834,760972057,/world,vicon/IMUframe/IMUframe,-0.137167313433,0.238035307533,1.61858548362,-0.00955425916542,-0.0409207256267,0.950818788073,-0.306884086576
2018/10/02/14:03:54.786050,54446,1538481834,770988672,/world,vicon/IMUframe/IMUframe,-0.136802617451,0.237899494087,1.61839202113,-0.00888490127076,-0.0402174934221,0.951404328427,-0.305177678741
2018/10/02/14:03:54.796291,54447,1538481834,780996673,/world,vicon/IMUframe/IMUframe,-0.136593370366,0.23779230022,1.61820734463,-0.00806896172405,-0.03979368979,0.951945321151,-0.303564588922
2018/10/02/14:03:54.806268,54448,1538481834,790998985,/world,vicon/IMUframe/IMUframe,-0.136383699573,0.237664743937,1.61804784314,-0.00722896467753,-0.0396264946377,0.952447463196,-0.302028662288
2018/10/02/14:03:54.816651,54449,1538481834,800967013,/world,vicon/IMUframe/IMUframe,-0.136126877098,0.237609718951,1.61802554543,-0.00654978860829,-0.0396766498631,0.952919626436,-0.300544587835
2018/10/02/14:03:54.826265,54450,1538481834,811000998,/world,vicon/IMUframe/IMUframe,-0.135915929348,0.237476818938,1.61791500474,-0.00595375149351,-0.0398541871353,0.953395999352,-0.29901883725
2018/10/02/14:03:54.836498,54451,1538481834,820929792,/world,vicon/IMUframe/IMUframe,-0.13579940958,0.237317181326,1.61773500642,-0.00558768513941,-0.0400774075556,0.953865510982,-0.297494816994
2018/10/02/14:03:54.846550,54452,1538481834,830977002,/world,vicon/IMUframe/IMUframe,-0.13551557404,0.237238642094,1.61774708045,-0.00519712941867,-0.0403728144707,0.954378741808,-0.29581116085
2018/10/02/14:03:54.856338,54453,1538481834,840981286,/world,vicon/IMUframe/IMUframe,-0.135294514465,0.237113430444,1.61764901601,-0.00492114671616,-0.0405585182569,0.954909102151,-0.294073792681
2018/10/02/14:03:54.866172,54454,1538481834,850951006,/world,vicon/IMUframe/IMUframe,-0.135052909197,0.236965847852,1.61750433507,-0.00464151404087,-0.0406775675167,0.955506441102,-0.292115102075
2018/10/02/14:03:54.876192,54455,1538481834,860975400,/world,vicon/IMUframe/IMUframe,-0.134807152403,0.236819743245,1.61735029777,-0.00436563990001,-0.0406888947681,0.956078600421,-0.290239667943
2018/10/02/14:03:54.885986,54456,1538481834,870971662,/world,vicon/IMUframe/IMUframe,-0.134581331638,0.236681717254,1.61715692387,-0.0040185345335,-0.0405924057332,0.956680984031,-0.288266548129
2018/10/02/14:03:54.895956,54457,1538481834,880935362,/world,vicon/IMUframe/IMUframe,-0.134371564263,0.236568383927,1.61700273026,-0.0038132793462,-0.0405455720644,0.957232937573,-0.2864378095
2018/10/02/14:03:54.906046,54458,1538481834,890972393,/world,vicon/IMUframe/IMUframe,-0.134136094503,0.236453354303,1.61683227603,-0.00359970011464,-0.0404977345779,0.957830367743,-0.284443249668
2018/10/02/14:03:54.916179,54459,1538481834,901005016,/world,vicon/IMUframe/IMUframe,-0.13386125409,0.236329435766,1.61671511266,-0.00348046761535,-0.0404728653024,0.958446372231,-0.282365693874
2018/10/02/14:03:54.926404,54460,1538481834,910994797,/world,vicon/IMUframe/IMUframe,-0.133564598559,0.236214559195,1.61660432687,-0.00325799714622,-0.0405214926485,0.959049446141,-0.280306178926
2018/10/02/14:03:54.936153,54461,1538481834,920960775,/world,vicon/IMUframe/IMUframe,-0.133242354003,0.23611957716,1.61649827811,-0.00298503364563,-0.0406020144695,0.959646070354,-0.278248064951
2018/10/02/14:03:54.946969,54462,1538481834,931068200,/world,vicon/IMUframe/IMUframe,-0.132932117569,0.236041894757,1.61638922364,-0.00252181726007,-0.0406565298641,0.960197646551,-0.276335243094
2018/10/02/14:03:54.957011,54463,1538481834,941091396,/world,vicon/IMUframe/IMUframe,-0.132647968608,0.235989830771,1.61629929022,-0.00195484376031,-0.0406297408817,0.960706315001,-0.274570171466
2018/10/02/14:03:54.966656,54464,1538481834,951121070,/world,vicon/IMUframe/IMUframe,-0.132411524809,0.235931677799,1.61616077351,-0.00117631354224,-0.0405076555947,0.961143672243,-0.273057846312
2018/10/02/14:03:54.976608,54465,1538481834,961002787,/world,vicon/IMUframe/IMUframe,-0.13221451511,0.235886145427,1.61602713465,-0.000384005229735,-0.0402909536363,0.961487568153,-0.271878921364
2018/10/02/14:03:54.986280,54466,1538481834,970982831,/world,vicon/IMUframe/IMUframe,-0.132107623075,0.23582625281,1.61588805327,0.000469331931957,-0.0399312595172,0.961679512676,-0.271252261077
2018/10/02/14:03:54.996620,54467,1538481834,981026815,/world,vicon/IMUframe/IMUframe,-0.132059985506,0.235787229436,1.61573475784,0.00123190772918,-0.0396160811158,0.961742045401,-0.271074319381
2018/10/02/14:03:55.006338,54468,1538481834,991094193,/world,vicon/IMUframe/IMUframe,-0.132084170652,0.235746988596,1.61559050137,0.00179295875398,-0.0391846664296,0.961672246542,-0.271381350589
2018/10/02/14:03:55.016243,54469,1538481835,919039,/world,vicon/IMUframe/IMUframe,-0.132164918407,0.235711213492,1.61545555736,0.00213305207715,-0.0386749561214,0.961478739195,-0.272136605283
2018/10/02/14:03:55.026591,54470,1538481835,11094449,/world,vicon/IMUframe/IMUframe,-0.132321396082,0.235699604588,1.61533441624,0.00224359836094,-0.0381536762917,0.961152436584,-0.273359208553
2018/10/02/14:03:55.036268,54471,1538481835,21012538,/world,vicon/IMUframe/IMUframe,-0.132498156165,0.235683734213,1.61521781481,0.00211435771306,-0.03750579936,0.960758920175,-0.274829295762
2018/10/02/14:03:55.046302,54472,1538481835,31083946,/world,vicon/IMUframe/IMUframe,-0.132719375893,0.23565335431,1.61508687408,0.00184550364011,-0.0368281877572,0.960299507191,-0.276523299544
2018/10/02/14:03:55.056857,54473,1538481835,41097635,/world,vicon/IMUframe/IMUframe,-0.132979876556,0.235616065926,1.61496397689,0.00147317223247,-0.036200349988,0.959807198464,-0.278311886561
2018/10/02/14:03:55.066623,54474,1538481835,51031432,/world,vicon/IMUframe/IMUframe,-0.133231573694,0.235573448639,1.61483675421,0.000975979240718,-0.035552740907,0.959331723585,-0.280031595005
2018/10/02/14:03:55.076707,54475,1538481835,61021350,/world,vicon/IMUframe/IMUframe,-0.133517457345,0.235504371611,1.61471020983,0.000398903237452,-0.0350759931491,0.958865419909,-0.281685324579
2018/10/02/14:03:55.091635,54476,1538481835,71008398,/world,vicon/IMUframe/IMUframe,-0.13380567564,0.235431177475,1.61459769939,-0.000304583819258,-0.0347147181661,0.958426044874,-0.283221312896
2018/10/02/14:03:55.097020,54477,1538481835,81081468,/world,vicon/IMUframe/IMUframe,-0.134107531984,0.235367159995,1.61449696225,-0.00104030107182,-0.0345134803935,0.958037223278,-0.284556525595
2018/10/02/14:03:55.107173,54478,1538481835,91042582,/world,vicon/IMUframe/IMUframe,-0.134337644507,0.235321818054,1.61441734054,-0.00195141910372,-0.0344356868077,0.957704987364,-0.285677322542
2018/10/02/14:03:55.116880,54479,1538481835,100922088,/world,vicon/IMUframe/IMUframe,-0.134568973584,0.235254636811,1.61435146182,-0.00283010174598,-0.0344697262898,0.957415807332,-0.286633564617
2018/10/02/14:03:55.126916,54480,1538481835,110941116,/world,vicon/IMUframe/IMUframe,-0.134769718492,0.235197544912,1.61427594122,-0.00364030710208,-0.0345262052074,0.957166106152,-0.287450403638
2018/10/02/14:03:55.136790,54481,1538481835,120950277,/world,vicon/IMUframe/IMUframe,-0.134951653658,0.235139740771,1.61420101131,-0.00437189253084,-0.0346766381816,0.95696718086,-0.288083724075
2018/10/02/14:03:55.146651,54482,1538481835,130941140,/world,vicon/IMUframe/IMUframe,-0.135141158541,0.235056710746,1.6140993196,-0.00500132183272,-0.0348021348623,0.95679214426,-0.288639205359
2018/10/02/14:03:55.156815,54483,1538481835,140919448,/world,vicon/IMUframe/IMUframe,-0.135331750869,0.234989918853,1.61400099495,-0.00555571206714,-0.0349041974331,0.956626002051,-0.289166947048
2018/10/02/14:03:55.166746,54484,1538481835,150910000,/world,vicon/IMUframe/IMUframe,-0.135539356448,0.234936513096,1.61392203292,-0.00609994602248,-0.0349849331412,0.956416270666,-0.289839200796
2018/10/02/14:03:55.176850,54485,1538481835,161070450,/world,vicon/IMUframe/IMUframe,-0.135772957415,0.234933791997,1.61385387074,-0.00668299351139,-0.0351139041164,0.956167543655,-0.290630314653
2018/10/02/14:03:55.186796,54486,1538481835,171073308,/world,vicon/IMUframe/IMUframe,-0.136039028739,0.234909724306,1.61376721343,-0.00731264377906,-0.03511562879,0.95587362133,-0.291580242644
2018/10/02/14:03:55.196849,54487,1538481835,181006491,/world,vicon/IMUframe/IMUframe,-0.136325635085,0.234922332438,1.61369318502,-0.00796601004968,-0.0350805148068,0.955529741495,-0.292692352623
2018/10/02/14:03:55.206956,54488,1538481835,191032365,/world,vicon/IMUframe/IMUframe,-0.136647213132,0.234930044252,1.61362671736,-0.00869703329019,-0.0350085339777,0.955129944681,-0.293982232345
2018/10/02/14:03:55.216541,54489,1538481835,200943162,/world,vicon/IMUframe/IMUframe,-0.137007356459,0.234942962802,1.61355703215,-0.00949618749848,-0.0347806342573,0.954659863986,-0.295507485518
2018/10/02/14:03:55.226624,54490,1538481835,210989415,/world,vicon/IMUframe/IMUframe,-0.137393751542,0.234936540356,1.61349965597,-0.0104011728582,-0.0344677719619,0.95413047444,-0.297218482002
2018/10/02/14:03:55.239595,54491,1538481835,223685682,/world,vicon/IMUframe/IMUframe,-0.137812998008,0.234945312411,1.6134066,-0.0113058887323,-0.0340097961432,0.953532616032,-0.299150565451
2018/10/02/14:03:55.246875,54492,1538481835,231000163,/world,vicon/IMUframe/IMUframe,-0.138289010761,0.234943320717,1.6133223116,-0.0122732035596,-0.0335789078009,0.952875282195,-0.301248273036
2018/10/02/14:03:55.256786,54493,1538481835,241011557,/world,vicon/IMUframe/IMUframe,-0.138792161792,0.234943597168,1.61323698834,-0.0133402555163,-0.0330760055823,0.952146878367,-0.303552857759
2018/10/02/14:03:55.266613,54494,1538481835,250994636,/world,vicon/IMUframe/IMUframe,-0.139321675332,0.234944881975,1.61315503434,-0.0144572233893,-0.0325429813667,0.951358683885,-0.306020583707
2018/10/02/14:03:55.276572,54495,1538481835,261044983,/world,vicon/IMUframe/IMUframe,-0.139961347279,0.234854441451,1.61297249145,-0.0156276160246,-0.0319637973892,0.95052372419,-0.308607749459
2018/10/02/14:03:55.286439,54496,1538481835,270965887,/world,vicon/IMUframe/IMUframe,-0.140529006853,0.234830345102,1.61291749109,-0.0168849619153,-0.0315727966317,0.949702444004,-0.311100183906
2018/10/02/14:03:55.296672,54497,1538481835,281019341,/world,vicon/IMUframe/IMUframe,-0.141199762937,0.234850380994,1.61287281711,-0.0181394889009,-0.0313124805025,0.948895155792,-0.313509921408
2018/10/02/14:03:55.306687,54498,1538481835,291020507,/world,vicon/IMUframe/IMUframe,-0.14170297202,0.234837330839,1.61285345855,-0.0194399822039,-0.030965233367,0.948112244059,-0.315826556958
2018/10/02/14:03:55.317705,54499,1538481835,301218396,/world,vicon/IMUframe/IMUframe,-0.142206319859,0.234833605907,1.6128778093,-0.0207190212732,-0.0307345766145,0.947387747879,-0.317934841007
2018/10/02/14:03:55.326812,54500,1538481835,310990436,/world,vicon/IMUframe/IMUframe,-0.142661609729,0.234870104006,1.6129229521,-0.0219118556887,-0.0305623336183,0.946703547579,-0.319903434407
2018/10/02/14:03:55.336575,54501,1538481835,320913955,/world,vicon/IMUframe/IMUframe,-0.14309154717,0.234857433431,1.61281875205,-0.0233242643849,-0.0294657560917,0.946013418252,-0.321941548103
2018/10/02/14:03:55.346568,54502,1538481835,330961397,/world,vicon/IMUframe/IMUframe,-0.143476393271,0.234913214808,1.61286703324,-0.0242019398767,-0.0293121030494,0.945481439968,-0.323450016844
2018/10/02/14:03:55.356541,54503,1538481835,340926860,/world,vicon/IMUframe/IMUframe,-0.143839559876,0.235001549433,1.61293252078,-0.0249490057638,-0.0291980666241,0.944953397732,-0.324943219859
2018/10/02/14:03:55.366604,54504,1538481835,350938078,/world,vicon/IMUframe/IMUframe,-0.144201613166,0.235085026933,1.61301217624,-0.025487967803,-0.0290771305294,0.944435526133,-0.326414492563
2018/10/02/14:03:55.376547,54505,1538481835,360908747,/world,vicon/IMUframe/IMUframe,-0.144571448392,0.235237768585,1.61312469589,-0.0259055975322,-0.0290342010296,0.943816164429,-0.32817215444
2018/10/02/14:03:55.386688,54506,1538481835,370901792,/world,vicon/IMUframe/IMUframe,-0.145116461612,0.235468706469,1.61343282323,-0.0257141471175,-0.0301375760092,0.942967458059,-0.330519110177
2018/10/02/14:03:55.396559,54507,1538481835,380885733,/world,vicon/IMUframe/IMUframe,-0.145696209057,0.235671807209,1.61354904757,-0.0259033203429,-0.029970249342,0.941964314629,-0.333367713066
2018/10/02/14:03:55.406498,54508,1538481835,390893507,/world,vicon/IMUframe/IMUframe,-0.145950792086,0.236156243061,1.61328141524,-0.0265499324441,-0.0271583988834,0.941373796292,-0.335220670771
2018/10/02/14:03:55.416378,54509,1538481835,400861192,/world,vicon/IMUframe/IMUframe,-0.146666130312,0.236027495082,1.61372903811,-0.0263627116882,-0.029233592389,0.939911223005,-0.33914200179
2018/10/02/14:03:55.426291,54510,1538481835,410913405,/world,vicon/IMUframe/IMUframe,-0.147358062449,0.236216308272,1.61383237553,-0.0267051079774,-0.0288494263065,0.938477828068,-0.343094613824
2018/10/02/14:03:55.436497,54511,1538481835,420932257,/world,vicon/IMUframe/IMUframe,-0.147883195138,0.236297752526,1.61391386007,-0.0273073977296,-0.028106079001,0.937042028263,-0.347010938762
2018/10/02/14:03:55.446565,54512,1538481835,430937624,/world,vicon/IMUframe/IMUframe,-0.148592118414,0.236352766436,1.61401531656,-0.0280907140993,-0.0272490722121,0.935221065759,-0.351894810997
2018/10/02/14:03:55.456547,54513,1538481835,440917571,/world,vicon/IMUframe/IMUframe,-0.149307295094,0.236440270573,1.61415712423,-0.0289645649132,-0.0265767496502,0.933352545131,-0.356802125631
2018/10/02/14:03:55.466608,54514,1538481835,450878594,/world,vicon/IMUframe/IMUframe,-0.150436736259,0.236679143384,1.61425517601,-0.0295153862061,-0.0261911306497,0.93088860536,-0.363165624837
2018/10/02/14:03:55.476586,54515,1538481835,460909689,/world,vicon/IMUframe/IMUframe,-0.151223441917,0.236622847621,1.61443776504,-0.0305069604557,-0.0253532281978,0.928364285085,-0.369548769938
2018/10/02/14:03:55.486744,54516,1538481835,470901829,/world,vicon/IMUframe/IMUframe,-0.152292839402,0.236754757675,1.61462153155,-0.0314686888986,-0.0247455359192,0.925595456415,-0.376391327124
2018/10/02/14:03:55.497041,54517,1538481835,480908274,/world,vicon/IMUframe/IMUframe,-0.153187510598,0.236785001548,1.61463856178,-0.0330178336318,-0.0229908303391,0.922790702127,-0.383195204106
2018/10/02/14:03:55.506972,54518,1538481835,490884459,/world,vicon/IMUframe/IMUframe,-0.15439004904,0.236831701965,1.61479333929,-0.034116102692,-0.0223959222935,0.919655196606,-0.390600606192
2018/10/02/14:03:55.516626,54519,1538481835,500890708,/world,vicon/IMUframe/IMUframe,-0.155751299802,0.236856392247,1.61491173651,-0.0350515071711,-0.0219399301027,0.916367844881,-0.398195936922
2018/10/02/14:03:55.526916,54520,1538481835,510921958,/world,vicon/IMUframe/IMUframe,-0.157016719654,0.236785122377,1.61503243176,-0.0361464743544,-0.0214412485999,0.912853678975,-0.406118044454
2018/10/02/14:03:55.536834,54521,1538481835,520899187,/world,vicon/IMUframe/IMUframe,-0.158134265807,0.236670407204,1.61516786765,-0.0374448151436,-0.0209083972093,0.909444679284,-0.413607422645
2018/10/02/14:03:55.546622,54522,1538481835,530905474,/world,vicon/IMUframe/IMUframe,-0.159485285314,0.236475008759,1.6152045025,-0.0383438413724,-0.0205912632729,0.906246430442,-0.420503456605
2018/10/02/14:03:55.556908,54523,1538481835,540954937,/world,vicon/IMUframe/IMUframe,-0.161189996176,0.237028347042,1.61502113361,-0.0396945416072,-0.0190058252464,0.901535263189,-0.430461718623
2018/10/02/14:03:55.566796,54524,1538481835,550881732,/world,vicon/IMUframe/IMUframe,-0.162589180075,0.236470120827,1.61514613407,-0.0408601821597,-0.0186487598808,0.897930249318,-0.437840081112
2018/10/02/14:03:55.576687,54525,1538481835,560981759,/world,vicon/IMUframe/IMUframe,-0.163745907999,0.236136464094,1.61527032539,-0.0422798741223,-0.0181825992253,0.893954022202,-0.445789200766
2018/10/02/14:03:55.586906,54526,1538481835,570952367,/world,vicon/IMUframe/IMUframe,-0.16511790821,0.235774196484,1.61546090723,-0.0436862005043,-0.0180728989467,0.889952235125,-0.45359663293
2018/10/02/14:03:55.596855,54527,1538481835,581040102,/world,vicon/IMUframe/IMUframe,-0.166558337362,0.235264620327,1.61560213252,-0.0445535158452,-0.0178575495189,0.885995105243,-0.461203605403
2018/10/02/14:03:55.606976,54528,1538481835,590999854,/world,vicon/IMUframe/IMUframe,-0.168056218759,0.234509034815,1.61580354595,-0.0459623968228,-0.0186088611022,0.881589707791,-0.469404682001
2018/10/02/14:03:55.616771,54529,1538481835,600940718,/world,vicon/IMUframe/IMUframe,-0.16967652097,0.234099374565,1.61604024446,-0.0471306969337,-0.0188981433251,0.877137202907,-0.477547782806
2018/10/02/14:03:55.626995,54530,1538481835,611012203,/world,vicon/IMUframe/IMUframe,-0.171254083782,0.233720968029,1.61630873175,-0.0485945235947,-0.0194905132011,0.872538255421,-0.485732112382
2018/10/02/14:03:55.636907,54531,1538481835,621066386,/world,vicon/IMUframe/IMUframe,-0.172968912113,0.233093449369,1.6166766022,-0.050217984985,-0.0203452083395,0.867140807608,-0.49510710585
2018/10/02/14:03:55.646957,54532,1538481835,630960007,/world,vicon/IMUframe/IMUframe,-0.174732007679,0.232580693098,1.61698374731,0.0517816593462,0.0213912277512,-0.861576390427,0.504526707509
2018/10/02/14:03:55.657397,54533,1538481835,641100642,/world,vicon/IMUframe/IMUframe,-0.176438310205,0.231756491502,1.61738586668,0.0532839652887,0.0222844322236,-0.855620026091,0.514372038582
2018/10/02/14:03:55.666865,54534,1538481835,650973122,/world,vicon/IMUframe/IMUframe,-0.178145737718,0.231157937625,1.61766559437,0.054999634699,0.0236219953734,-0.849477624166,0.524218282359
2018/10/02/14:03:55.678957,54535,1538481835,661041154,/world,vicon/IMUframe/IMUframe,-0.179783236185,0.230492928947,1.61812208983,0.0567116824515,0.0250676763554,-0.843001279178,0.534325967908
2018/10/02/14:03:55.686747,54536,1538481835,670956758,/world,vicon/IMUframe/IMUframe,-0.181556595654,0.229739287739,1.6185624217,0.0582864456661,0.0268329975063,-0.836373824142,0.544390950317
2018/10/02/14:03:55.696992,54537,1538481835,681135721,/world,vicon/IMUframe/IMUframe,-0.183298169643,0.22902802656,1.61898534956,0.0599387566203,0.0289181217138,-0.829624331983,0.554341551278
2018/10/02/14:03:55.706882,54538,1538481835,691056932,/world,vicon/IMUframe/IMUframe,-0.185100337874,0.228140652714,1.61950193801,0.0612980085993,0.0313852602434,-0.822450743091,0.564652366301
2018/10/02/14:03:55.716826,54539,1538481835,700988012,/world,vicon/IMUframe/IMUframe,-0.186946808156,0.227174293499,1.61998248717,0.0623199271715,0.0340604974451,-0.815269017252,0.574710830506
2018/10/02/14:03:55.727205,54540,1538481835,711199779,/world,vicon/IMUframe/IMUframe,-0.188477784645,0.226232005561,1.62047804203,0.0633503013763,0.0367955542765,-0.808078021231,0.5845021284
2018/10/02/14:03:55.736678,54541,1538481835,721031521,/world,vicon/IMUframe/IMUframe,-0.19009395118,0.225285956037,1.62092194102,0.0640276032732,0.0397442114876,-0.801065986374,0.593813227494
2018/10/02/14:03:55.746484,54542,1538481835,730977402,/world,vicon/IMUframe/IMUframe,-0.191582378843,0.224271053962,1.62133304283,0.064508731912,0.0426090522294,-0.794065441449,0.602895651727
2018/10/02/14:03:55.756607,54543,1538481835,740983655,/world,vicon/IMUframe/IMUframe,-0.192984788013,0.223209349879,1.62178242863,0.0647554308684,0.0454461580448,-0.787128952397,0.611693872122
2018/10/02/14:03:55.766906,54544,1538481835,750935807,/world,vicon/IMUframe/IMUframe,-0.194226583167,0.222026979048,1.62218804748,0.0650128296857,0.0478616166686,-0.779940940146,0.620624465769
2018/10/02/14:03:55.776465,54545,1538481835,760915947,/world,vicon/IMUframe/IMUframe,-0.195558330282,0.221035928247,1.62258991189,0.0649458499281,0.0505806203128,-0.772841616717,0.629237215124
2018/10/02/14:03:55.786562,54546,1538481835,770912346,/world,vicon/IMUframe/IMUframe,-0.196911705635,0.219893349344,1.62295298246,0.0646856442449,0.0530375127341,-0.765473003022,0.638007736094
2018/10/02/14:03:55.796588,54547,1538481835,780938953,/world,vicon/IMUframe/IMUframe,-0.198295267598,0.218842607437,1.62331075195,0.0644058913798,0.0554428891026,-0.757698836056,0.647047479744
2018/10/02/14:03:55.806865,54548,1538481835,790896211,/world,vicon/IMUframe/IMUframe,-0.199667458479,0.217790308844,1.62367084577,0.0640168167355,0.0576553196172,-0.74984087562,0.655985039878
2018/10/02/14:03:55.816435,54549,1538481835,800878800,/world,vicon/IMUframe/IMUframe,-0.20105108896,0.216815347528,1.62389233565,0.0631485068719,0.0593771266642,-0.742262475732,0.664479525665
2018/10/02/14:03:55.826592,54550,1538481835,810909790,/world,vicon/IMUframe/IMUframe,-0.202299821724,0.215781746444,1.62405968062,0.0623699330052,0.0607027209444,-0.734475330494,0.673031321724
2018/10/02/14:03:55.836565,54551,1538481835,820916382,/world,vicon/IMUframe/IMUframe,-0.203285850683,0.214762995333,1.62422437416,0.0617492925506,0.0615506050547,-0.726558918284,0.681550208091
2018/10/02/14:03:55.846511,54552,1538481835,830920325,/world,vicon/IMUframe/IMUframe,-0.20435893923,0.213774984057,1.6243184374,0.0611333833495,0.0621762171475,-0.718785360418,0.689742294709
2018/10/02/14:03:55.856578,54553,1538481835,840935527,/world,vicon/IMUframe/IMUframe,-0.205294046879,0.212681001611,1.62424390195,0.0603920124294,0.0621572025889,-0.712055897762,0.696753676319
2018/10/02/14:03:55.866630,54554,1538481835,850956429,/world,vicon/IMUframe/IMUframe,-0.206362030263,0.21181797753,1.62435338356,0.0605370817718,0.0622351100269,-0.704079822304,0.704793343212
2018/10/02/14:03:55.876584,54555,1538481835,860957783,/world,vicon/IMUframe/IMUframe,-0.207437873892,0.210921012645,1.62425799154,0.0603968172961,0.061484590843,-0.696348187646,0.712510400704
2018/10/02/14:03:55.886851,54556,1538481835,870957002,/world,vicon/IMUframe/IMUframe,-0.208743628357,0.209928291298,1.62396416351,0.0600727609601,0.0600236671011,-0.68759051883,0.72111559489
2018/10/02/14:03:55.896819,54557,1538481835,880909596,/world,vicon/IMUframe/IMUframe,-0.209679249699,0.208899555361,1.62378549484,0.0599099090739,0.058413982604,-0.679426485824,0.728956967038
2018/10/02/14:03:55.906846,54558,1538481835,890957654,/world,vicon/IMUframe/IMUframe,-0.210614828384,0.20808452761,1.62351894913,0.059924552339,0.0565243424903,-0.671936515088,0.736013156421
2018/10/02/14:03:55.917010,54559,1538481835,900915297,/world,vicon/IMUframe/IMUframe,-0.211419795261,0.207287731102,1.62330053556,0.0599913679321,0.0543051372968,-0.664478440445,0.742913447193
2018/10/02/14:03:55.926901,54560,1538481835,910906458,/world,vicon/IMUframe/IMUframe,-0.212258802084,0.206604155916,1.62298723642,0.0601256454969,0.0521761722593,-0.657517212439,0.74922204262
2018/10/02/14:03:55.936724,54561,1538481835,920937494,/world,vicon/IMUframe/IMUframe,-0.21295576801,0.205876744606,1.62281302895,0.0606321954203,0.0502224366004,-0.649717005315,0.756088127631
2018/10/02/14:03:55.946918,54562,1538481835,930950254,/world,vicon/IMUframe/IMUframe,-0.213860456076,0.205058633497,1.62257592074,0.0606988785551,0.0480643117839,-0.64223023115,0.762591501574
2018/10/02/14:03:55.956763,54563,1538481835,940949516,/world,vicon/IMUframe/IMUframe,-0.21476891928,0.204246192186,1.62241904124,0.060794436826,0.0460513297037,-0.634808736423,0.768896078573
2018/10/02/14:03:55.966949,54564,1538481835,950958930,/world,vicon/IMUframe/IMUframe,-0.2154586284,0.203331154983,1.62237011192,0.0613148861938,0.0444828640875,-0.627425234465,0.774983441559
2018/10/02/14:03:55.976862,54565,1538481835,960894680,/world,vicon/IMUframe/IMUframe,-0.216287395251,0.202667939887,1.62231055583,0.0619190434354,0.0435681635111,-0.62020787722,0.780775278952
2018/10/02/14:03:55.986940,54566,1538481835,970962644,/world,vicon/IMUframe/IMUframe,-0.217229859982,0.201930117062,1.62219748707,0.0619910890597,0.0424094822421,-0.612639965239,0.786785112775
2018/10/02/14:03:55.996711,54567,1538481835,980963518,/world,vicon/IMUframe/IMUframe,-0.218144605983,0.201345446014,1.62212296808,0.0620693958368,0.041548115602,-0.605436309992,0.792381233204
2018/10/02/14:03:56.006751,54568,1538481835,990910049,/world,vicon/IMUframe/IMUframe,-0.218734810364,0.20069852842,1.62215310089,0.0622435782844,0.0407123908445,-0.598144611476,0.797929359001
2018/10/02/14:03:56.017000,54569,1538481836,888628,/world,vicon/IMUframe/IMUframe,-0.219382652116,0.199792569097,1.62200735619,0.0620024523667,0.03965360177,-0.591010257084,0.803299547983
2018/10/02/14:03:56.026920,54570,1538481836,10957658,/world,vicon/IMUframe/IMUframe,-0.220070673094,0.1990790612,1.62212079125,0.0624140231116,0.0393698352622,-0.584046214864,0.808359155755
2018/10/02/14:03:56.036859,54571,1538481836,20923787,/world,vicon/IMUframe/IMUframe,-0.220795640551,0.198384520389,1.62226146773,0.0629039220343,0.0393063555317,-0.576793309881,0.813515571261
2018/10/02/14:03:56.046667,54572,1538481836,30920572,/world,vicon/IMUframe/IMUframe,-0.221560935563,0.197754450717,1.62239915352,0.0635313939869,0.0393197402249,-0.569211589152,0.818789281062
2018/10/02/14:03:56.056634,54573,1538481836,40922089,/world,vicon/IMUframe/IMUframe,-0.222332914084,0.197151719781,1.62257094924,0.0642455231812,0.0394586791756,-0.561397295448,0.8241047276
2018/10/02/14:03:56.066755,54574,1538481836,50894369,/world,vicon/IMUframe/IMUframe,-0.222992130321,0.196535476875,1.62281117044,0.0650180910848,0.0393729487003,-0.553486859815,0.829382128307
2018/10/02/14:03:56.076550,54575,1538481836,60923748,/world,vicon/IMUframe/IMUframe,-0.223666203638,0.195968863729,1.6229590654,0.0658533704048,0.0392289660205,-0.545507100017,0.834593569148
2018/10/02/14:03:56.086557,54576,1538481836,70939348,/world,vicon/IMUframe/IMUframe,-0.224253797309,0.195607621256,1.62309921395,0.0668422038802,0.0388802179508,-0.537678354845,0.839596590729
2018/10/02/14:03:56.096672,54577,1538481836,80906485,/world,vicon/IMUframe/IMUframe,-0.224851851244,0.19500772235,1.62319221629,0.0677855639766,0.0383247623988,-0.52938881147,0.844798091968
2018/10/02/14:03:56.106662,54578,1538481836,90887455,/world,vicon/IMUframe/IMUframe,-0.225440776049,0.194388751386,1.62329479023,0.0685113680516,0.0378326798402,-0.521359873228,0.849740409402
2018/10/02/14:03:56.116600,54579,1538481836,100941535,/world,vicon/IMUframe/IMUframe,-0.225888327751,0.194026312724,1.62346336034,0.0694422788187,0.0371611727505,-0.513691474913,0.854352319453
2018/10/02/14:03:56.126775,54580,1538481836,110939023,/world,vicon/IMUframe/IMUframe,-0.226163345686,0.193916154214,1.62373441613,0.070797722277,0.0371008097033,-0.506992560679,0.858236421889
2018/10/02/14:03:56.136798,54581,1538481836,120913125,/world,vicon/IMUframe/IMUframe,-0.226658503172,0.193367533644,1.62397243041,0.0719685010363,0.0370037760125,-0.498665091052,0.863008912113
2018/10/02/14:03:56.146851,54582,1538481836,130895830,/world,vicon/IMUframe/IMUframe,-0.226898763408,0.192926064831,1.62401703007,0.0726863777436,0.0362183863544,-0.491261093191,0.867218229339
2018/10/02/14:03:56.156771,54583,1538481836,140895823,/world,vicon/IMUframe/IMUframe,-0.227275035708,0.192110151775,1.62422863396,0.0735436099789,0.0360130986644,-0.482492638109,0.872063786845
2018/10/02/14:03:56.166766,54584,1538481836,150889190,/world,vicon/IMUframe/IMUframe,-0.227552062172,0.19157592485,1.6243501113,0.074267406572,0.0355760562675,-0.474173992539,0.876571572287
2018/10/02/14:03:56.176866,54585,1538481836,160905361,/world,vicon/IMUframe/IMUframe,-0.227815643939,0.190941004764,1.62452875095,0.0747621885022,0.0352038808684,-0.465687321337,0.881082641236
2018/10/02/14:03:56.186757,54586,1538481836,170891023,/world,vicon/IMUframe/IMUframe,-0.228147828227,0.190228575494,1.62462640509,0.0750128224543,0.0346465387335,-0.456829420866,0.885708515287
2018/10/02/14:03:56.196505,54587,1538481836,180917734,/world,vicon/IMUframe/IMUframe,-0.228589359718,0.18949842994,1.62478224766,0.0752667113851,0.0343459589052,-0.447634232371,0.890381306673
2018/10/02/14:03:56.206571,54588,1538481836,190939893,/world,vicon/IMUframe/IMUframe,-0.229324616028,0.188711736406,1.62517374442,0.076049331474,0.0352272595771,-0.43750235627,0.895302869214
2018/10/02/14:03:56.216475,54589,1538481836,200941122,/world,vicon/IMUframe/IMUframe,-0.229873747668,0.187825522082,1.62529328848,0.0761328596736,0.035020452634,-0.427821532473,0.899970050573
2018/10/02/14:03:56.226286,54590,1538481836,210891010,/world,vicon/IMUframe/IMUframe,-0.230427031202,0.186829649862,1.62515448324,0.0758488746504,0.0341626244211,-0.417537817225,0.904843651961
2018/10/02/14:03:56.236333,54591,1538481836,220890475,/world,vicon/IMUframe/IMUframe,-0.230845057293,0.185993461956,1.62533610999,0.0766374836705,0.0345116844327,-0.4075878938,0.909289694521
2018/10/02/14:03:56.246293,54592,1538481836,230923549,/world,vicon/IMUframe/IMUframe,-0.231097573117,0.185007666986,1.62505412749,0.0763979052192,0.0331246128565,-0.397808193846,0.913681980237
2018/10/02/14:03:56.256701,54593,1538481836,240941777,/world,vicon/IMUframe/IMUframe,-0.231571410823,0.184374316174,1.62496053088,0.0771604602075,0.0328228707111,-0.386942508029,0.918283408333
2018/10/02/14:03:56.266589,54594,1538481836,250894653,/world,vicon/IMUframe/IMUframe,-0.23234476836,0.183404225659,1.62514092631,0.0784047755604,0.0333641440028,-0.375351775611,0.922957512354
2018/10/02/14:03:56.276716,54595,1538481836,260910841,/world,vicon/IMUframe/IMUframe,-0.232681305117,0.18217926691,1.6250811649,0.0789984940883,0.0324261235613,-0.36415970459,0.927413335032
2018/10/02/14:03:56.286732,54596,1538481836,270929729,/world,vicon/IMUframe/IMUframe,-0.23318735793,0.181213506168,1.6249447269,0.0798473825967,0.0316712800204,-0.352336159637,0.931923041955
2018/10/02/14:03:56.296813,54597,1538481836,280892452,/world,vicon/IMUframe/IMUframe,-0.233699005776,0.179727030194,1.62478013811,0.080294923433,0.0306366816371,-0.339130610303,0.93680550178
2018/10/02/14:03:56.306504,54598,1538481836,290895361,/world,vicon/IMUframe/IMUframe,-0.234117894749,0.178644393915,1.62442113853,0.0812652980752,0.0291618461256,-0.327921521076,0.940751302988
2018/10/02/14:03:56.316677,54599,1538481836,300900623,/world,vicon/IMUframe/IMUframe,-0.234556196246,0.176951117547,1.62406114168,0.0809234877834,0.0271192830456,-0.314353272001,0.9454617676
2018/10/02/14:03:56.326429,54600,1538481836,310906943,/world,vicon/IMUframe/IMUframe,-0.234851553537,0.175741971105,1.62362796709,0.0819655258857,0.0253010813113,-0.30234315576,0.949331408948
2018/10/02/14:03:56.336555,54601,1538481836,320893901,/world,vicon/IMUframe/IMUframe,-0.23504457315,0.174414420801,1.62321227352,0.0827541034165,0.0233189214029,-0.290143059388,0.953113315069
2018/10/02/14:03:56.346585,54602,1538481836,330919054,/world,vicon/IMUframe/IMUframe,-0.235245366406,0.173266311251,1.62276997417,0.0836741970928,0.0211166337351,-0.277607422278,0.956810762699
2018/10/02/14:03:56.356571,54603,1538481836,340920686,/world,vicon/IMUframe/IMUframe,-0.235427999672,0.172202495891,1.62225559083,0.0845340851938,0.0188889400846,-0.265013044793,0.960346438777
2018/10/02/14:03:56.366547,54604,1538481836,350918506,/world,vicon/IMUframe/IMUframe,-0.235426087791,0.170976688056,1.62175519548,0.0852648382654,0.0161836403696,-0.2528519016,0.963604645587
2018/10/02/14:03:56.376549,54605,1538481836,360919322,/world,vicon/IMUframe/IMUframe,-0.235357433676,0.1697406952,1.6212338175,0.0858207989722,0.0133577872912,-0.240706535564,0.966704051776
2018/10/02/14:03:56.386529,54606,1538481836,370896320,/world,vicon/IMUframe/IMUframe,-0.235274281514,0.168565201293,1.6207167425,0.0863052247024,0.0104843927152,-0.228620038783,0.969625888457
2018/10/02/14:03:56.396490,54607,1538481836,380898975,/world,vicon/IMUframe/IMUframe,-0.23521733578,0.167668108263,1.62027056984,0.0865250565453,0.00760498941134,-0.216740474972,0.972357519246
2018/10/02/14:03:56.406549,54608,1538481836,390920401,/world,vicon/IMUframe/IMUframe,-0.235049182954,0.166440392174,1.61968245506,0.0869491582338,0.00475594981739,-0.204090713608,0.975071384793
2018/10/02/14:03:56.416941,54609,1538481836,400921728,/world,vicon/IMUframe/IMUframe,-0.234742760661,0.165466454006,1.61923039067,0.0874274282581,0.00200354044243,-0.191666424565,0.977556347383
2018/10/02/14:03:56.426601,54610,1538481836,410894894,/world,vicon/IMUframe/IMUframe,-0.234628100537,0.164373472742,1.61872375727,0.087402779847,-0.000275450987463,-0.17981870561,0.979809119836
2018/10/02/14:03:56.436550,54611,1538481836,420919490,/world,vicon/IMUframe/IMUframe,-0.234373621731,0.163203489547,1.61820726578,0.0873664440851,-0.0024891577245,-0.16777225279,0.981943674421
2018/10/02/14:03:56.446307,54612,1538481836,430896694,/world,vicon/IMUframe/IMUframe,-0.234066949291,0.162114511546,1.61771923097,0.0871886121036,-0.00460194750727,-0.155839212607,0.983916209752
2018/10/02/14:03:56.456383,54613,1538481836,440919111,/world,vicon/IMUframe/IMUframe,-0.23356723281,0.161123347405,1.61698488335,0.0865018472651,-0.00735910978195,-0.14441727181,0.985701235429
2018/10/02/14:03:56.466395,54614,1538481836,450896569,/world,vicon/IMUframe/IMUframe,-0.233190477832,0.160016280096,1.61649975058,0.0860401520313,-0.00899244171229,-0.132585417619,0.987389150875
2018/10/02/14:03:56.476572,54615,1538481836,460919319,/world,vicon/IMUframe/IMUframe,-0.232732854701,0.158738142186,1.61617667723,0.0855292469541,-0.0100051900489,-0.120503706827,0.988970930174
2018/10/02/14:03:56.486764,54616,1538481836,470969202,/world,vicon/IMUframe/IMUframe,-0.2323180057,0.15763052403,1.61573058141,0.0846812880316,-0.0113109569161,-0.109064091013,0.990356585156
2018/10/02/14:03:56.496661,54617,1538481836,480942117,/world,vicon/IMUframe/IMUframe,-0.231884241228,0.156580665388,1.61528755411,0.0836206999373,-0.0126006181391,-0.0980404534148,0.991583013398
2018/10/02/14:03:56.506575,54618,1538481836,490916435,/world,vicon/IMUframe/IMUframe,-0.231461365188,0.155519485222,1.61483921886,0.0824149800561,-0.0135814570382,-0.0872219730114,0.992681037651
2018/10/02/14:03:56.516600,54619,1538481836,500916558,/world,vicon/IMUframe/IMUframe,-0.230824479505,0.154383445382,1.6143644,0.0812958673589,-0.0147602483494,-0.0768463062072,0.993613487349
2018/10/02/14:03:56.526678,54620,1538481836,510896054,/world,vicon/IMUframe/IMUframe,-0.230239897919,0.153427581167,1.61399717523,0.0800211772009,-0.0156433622945,-0.0666647680767,0.994438386786
2018/10/02/14:03:56.536488,54621,1538481836,520913110,/world,vicon/IMUframe/IMUframe,-0.229608591965,0.152543729266,1.6136867741,0.0781581944112,-0.0165044303626,-0.056588888712,0.995196763509
2018/10/02/14:03:56.546577,54622,1538481836,530960449,/world,vicon/IMUframe/IMUframe,-0.22894735733,0.151712482256,1.61328378046,0.0761006101017,-0.0174627457845,-0.0467897604685,0.995848616993
2018/10/02/14:03:56.556534,54623,1538481836,540922435,/world,vicon/IMUframe/IMUframe,-0.228294859248,0.150710473126,1.61287956079,0.0746160726127,-0.0182947384356,-0.0372216962061,0.99634948165
2018/10/02/14:03:56.566301,54624,1538481836,550917695,/world,vicon/IMUframe/IMUframe,-0.227589375223,0.149764868694,1.61252736884,0.0727783236177,-0.018935620835,-0.027703384231,0.996783467147
2018/10/02/14:03:56.576492,54625,1538481836,560916828,/world,vicon/IMUframe/IMUframe,-0.226870719769,0.148856758301,1.61213496289,0.0707887778162,-0.0196226307576,-0.0182770013098,0.997130810135
2018/10/02/14:03:56.586523,54626,1538481836,570948485,/world,vicon/IMUframe/IMUframe,-0.226363657415,0.14789499376,1.61178482385,0.0684617448278,-0.0198631040835,-0.00834307611846,0.997421094459
2018/10/02/14:03:56.596293,54627,1538481836,580923786,/world,vicon/IMUframe/IMUframe,-0.225615598914,0.146983233294,1.61136949409,0.0670130795421,-0.0207468992844,0.000332222214335,0.997536316616
2018/10/02/14:03:56.606324,54628,1538481836,590923317,/world,vicon/IMUframe/IMUframe,-0.224919897796,0.146192957799,1.61094795771,0.0650561516876,-0.0213416010508,0.00889997245866,0.997613664543
2018/10/02/14:03:56.616227,54629,1538481836,600942147,/world,vicon/IMUframe/IMUframe,-0.224121577158,0.145414905619,1.61054307131,0.0629349425159,-0.0218504374403,0.0170717765693,0.997632350036
2018/10/02/14:03:56.626540,54630,1538481836,610904335,/world,vicon/IMUframe/IMUframe,-0.223484394049,0.144667708838,1.61017079187,0.0607568036449,-0.0221971657752,0.025064394841,0.997590934579
2018/10/02/14:03:56.636639,54631,1538481836,620956743,/world,vicon/IMUframe/IMUframe,-0.22293983455,0.144075028447,1.60983935471,0.0581457192054,-0.022475732031,0.0328414372029,0.997514589773
2018/10/02/14:03:56.646434,54632,1538481836,630900773,/world,vicon/IMUframe/IMUframe,-0.222350792375,0.143340215273,1.60945656174,0.0557588329947,-0.0227190074758,0.040352787062,0.997369766846
2018/10/02/14:03:56.656684,54633,1538481836,640896001,/world,vicon/IMUframe/IMUframe,-0.221666775795,0.142544438043,1.60915261513,0.0531680175571,-0.0230289435018,0.0472221460457,0.997202536395
2018/10/02/14:03:56.666757,54634,1538481836,650939068,/world,vicon/IMUframe/IMUframe,-0.221215603152,0.142006067029,1.60878217683,0.0503227759016,-0.0231508626439,0.0536615826194,0.997021609763
2018/10/02/14:03:56.676580,54635,1538481836,660894866,/world,vicon/IMUframe/IMUframe,-0.220461493376,0.141369587992,1.60850514687,0.047299987748,-0.0230081302848,0.0607952443605,0.996763399891
2018/10/02/14:03:56.686616,54636,1538481836,670911399,/world,vicon/IMUframe/IMUframe,-0.219795268837,0.140604759356,1.60816913997,0.0442389696322,-0.0228939597591,0.0671753164648,0.996496992986
2018/10/02/14:03:56.696762,54637,1538481836,680911267,/world,vicon/IMUframe/IMUframe,-0.219168991646,0.140032628006,1.60760258582,0.0414363713344,-0.0227886535922,0.073708206448,0.996158021952
2018/10/02/14:03:56.706629,54638,1538481836,690898866,/world,vicon/IMUframe/IMUframe,-0.218573890373,0.139468858493,1.60722013133,0.0381169548463,-0.0226043547327,0.0796113643808,0.99584043479
2018/10/02/14:03:56.716530,54639,1538481836,700911735,/world,vicon/IMUframe/IMUframe,-0.218031411078,0.13899839093,1.60681124591,0.0347818358028,-0.0223957670966,0.085158448292,0.995508258227
2018/10/02/14:03:56.726671,54640,1538481836,710894667,/world,vicon/IMUframe/IMUframe,-0.217271497966,0.138319057037,1.60640487252,0.0314983592049,-0.0221704262501,0.0911735554018,0.995089799145
2018/10/02/14:03:56.736714,54641,1538481836,720928669,/world,vicon/IMUframe/IMUframe,-0.21667662089,0.13794936411,1.60594652386,0.0281871377388,-0.022062257635,0.0961045835823,0.994727425513
2018/10/02/14:03:56.746611,54642,1538481836,730894983,/world,vicon/IMUframe/IMUframe,-0.21611264745,0.13763980372,1.60548548314,0.0248004933113,-0.0219426216035,0.100601985666,0.994375531361
2018/10/02/14:03:56.756719,54643,1538481836,740915064,/world,vicon/IMUframe/IMUframe,-0.215735751385,0.137447260618,1.60506422271,0.0215734093076,-0.0217464428462,0.104781288018,0.994023421211
2018/10/02/14:03:56.766697,54644,1538481836,750909913,/world,vicon/IMUframe/IMUframe,-0.215065817638,0.137089568122,1.60470717282,0.0177107663033,-0.02190132091,0.1094975831,0.993587912665
2018/10/02/14:03:56.776582,54645,1538481836,760898841,/world,vicon/IMUframe/IMUframe,-0.214594653878,0.136932833177,1.60428568186,0.0143613258538,-0.0216730817971,0.11322088669,0.993229611249
2018/10/02/14:03:56.786384,54646,1538481836,770896318,/world,vicon/IMUframe/IMUframe,-0.214438138328,0.136958093509,1.6035767072,0.0115789374756,-0.0216620197197,0.116008984149,0.992944409675
2018/10/02/14:03:56.796636,54647,1538481836,780905962,/world,vicon/IMUframe/IMUframe,-0.213995853566,0.136754317164,1.60301574422,0.00823094325164,-0.0218019527972,0.119435385411,0.992568443554
2018/10/02/14:03:56.806635,54648,1538481836,790918947,/world,vicon/IMUframe/IMUframe,-0.213658491123,0.136719668367,1.60236955606,0.00538883496663,-0.0219664243491,0.121939791945,0.992279760853
2018/10/02/14:03:56.816622,54649,1538481836,800896720,/world,vicon/IMUframe/IMUframe,-0.213349716526,0.136688048712,1.60166550692,0.00261416319492,-0.0222526161931,0.124438117074,0.991974365718
2018/10/02/14:03:56.826772,54650,1538481836,810896816,/world,vicon/IMUframe/IMUframe,-0.212996255279,0.136604830669,1.60098413976,-0.000126334076468,-0.0226444971369,0.127040545275,0.99163900218
2018/10/02/14:03:56.836645,54651,1538481836,820884418,/world,vicon/IMUframe/IMUframe,-0.212734191103,0.136586283065,1.60024150857,-0.00290303358823,-0.0230262303398,0.129479564863,0.991310449554
2018/10/02/14:03:56.846623,54652,1538481836,830914335,/world,vicon/IMUframe/IMUframe,-0.212508749425,0.136587318107,1.59951805021,-0.00555993595209,-0.0233939536194,0.131739651944,0.990992671089
2018/10/02/14:03:56.856611,54653,1538481836,840892119,/world,vicon/IMUframe/IMUframe,-0.212295426113,0.136627082564,1.59877058557,-0.00815219938823,-0.0238069171254,0.133964273106,0.990666616917
2018/10/02/14:03:56.866862,54654,1538481836,850897932,/world,vicon/IMUframe/IMUframe,-0.212114414149,0.136694518666,1.59801579546,-0.0107272862414,-0.0240566013488,0.13610196309,0.990344617244
2018/10/02/14:03:56.876612,54655,1538481836,860914463,/world,vicon/IMUframe/IMUframe,-0.21193255467,0.136793649462,1.59724826778,-0.013238332674,-0.0240896626012,0.138202535038,0.990022471469
2018/10/02/14:03:56.886899,54656,1538481836,870947659,/world,vicon/IMUframe/IMUframe,-0.211773388657,0.136940171603,1.5964714786,-0.0157787070314,-0.0238378771696,0.14017035471,0.989714635477
2018/10/02/14:03:56.896628,54657,1538481836,880898411,/world,vicon/IMUframe/IMUframe,-0.211593040049,0.137175265183,1.59573512639,-0.0180886888514,-0.0232425565438,0.141946682693,0.989436062701
2018/10/02/14:03:56.906555,54658,1538481836,890933324,/world,vicon/IMUframe/IMUframe,-0.211443372431,0.137526276662,1.59495093431,-0.020325248934,-0.022096651394,0.143827343735,0.989147267826
2018/10/02/14:03:56.916571,54659,1538481836,900895568,/world,vicon/IMUframe/IMUframe,-0.211264320769,0.137761087402,1.5942682222,-0.0226901137271,-0.02058318252,0.144923643181,0.988968467133
2018/10/02/14:03:56.926602,54660,1538481836,910936330,/world,vicon/IMUframe/IMUframe,-0.211113656139,0.138075710979,1.59354968228,-0.0249062366367,-0.0186401481446,0.146076452462,0.988784048359
2018/10/02/14:03:56.936730,54661,1538481836,920885055,/world,vicon/IMUframe/IMUframe,-0.210989279107,0.138411287781,1.59280239999,-0.0270865723316,-0.0164379889719,0.146923164021,0.988640325898
2018/10/02/14:03:56.946792,54662,1538481836,930900201,/world,vicon/IMUframe/IMUframe,-0.210936155295,0.138881595599,1.59202484213,-0.0292898903298,-0.0139118433138,0.147431884725,0.988540541559
2018/10/02/14:03:56.956816,54663,1538481836,940907181,/world,vicon/IMUframe/IMUframe,-0.210894442971,0.139312841631,1.591183948,-0.0311997140322,-0.0115350987799,0.147617708167,0.988484967805
2018/10/02/14:03:56.966730,54664,1538481836,950898068,/world,vicon/IMUframe/IMUframe,-0.210904344403,0.139675120733,1.59027987331,-0.032931111997,-0.00922859352797,0.147519061201,0.988467754409
2018/10/02/14:03:56.976658,54665,1538481836,960900127,/world,vicon/IMUframe/IMUframe,-0.210955728743,0.14013962593,1.58937251855,-0.0345800484952,-0.00667854993738,0.147265866439,0.988469717189
2018/10/02/14:03:56.986779,54666,1538481836,970898032,/world,vicon/IMUframe/IMUframe,-0.211036942379,0.140480601664,1.58846967889,-0.0364716776673,-0.00418154375394,0.14644330158,0.988537652719
2018/10/02/14:03:56.996432,54667,1538481836,980898801,/world,vicon/IMUframe/IMUframe,-0.211125712831,0.140904765646,1.58750747505,-0.0380693877926,-0.00176714929352,0.145598427969,0.98860947632
2018/10/02/14:03:57.006316,54668,1538481836,990958020,/world,vicon/IMUframe/IMUframe,-0.211205574859,0.14134467435,1.58648547407,-0.0394391573591,0.00049830426725,0.144332061039,0.988742919426
2018/10/02/14:03:57.016113,54669,1538481837,893675,/world,vicon/IMUframe/IMUframe,-0.211273947932,0.141810603488,1.58542169684,-0.0405744970261,0.00249306327985,0.142903328106,0.988901478229
2018/10/02/14:03:57.026507,54670,1538481837,11025947,/world,vicon/IMUframe/IMUframe,-0.211334160201,0.142313127367,1.58431731495,-0.0414044674918,0.00421968171796,0.14111756107,0.989117636237
2018/10/02/14:03:57.036277,54671,1538481837,20945016,/world,vicon/IMUframe/IMUframe,-0.211383503165,0.142802175898,1.58316564094,-0.0419356883041,0.00568139363011,0.13916054232,0.98936518196
2018/10/02/14:03:57.045986,54672,1538481837,31028615,/world,vicon/IMUframe/IMUframe,-0.211404277955,0.143345663774,1.5819251256,-0.0422625621893,0.00706166185421,0.136979480448,0.989646720151
2018/10/02/14:03:57.056117,54673,1538481837,40888440,/world,vicon/IMUframe/IMUframe,-0.211388634447,0.143914453879,1.58067343577,-0.0420684092483,0.00788658763114,0.134754840902,0.989954132035
2018/10/02/14:03:57.066908,54674,1538481837,51007562,/world,vicon/IMUframe/IMUframe,-0.211344150475,0.144453222045,1.57932868221,-0.0415061564759,0.00834546432054,0.132532452823,0.990274073754
2018/10/02/14:03:57.077015,54675,1538481837,60897967,/world,vicon/IMUframe/IMUframe,-0.211295360462,0.144969422099,1.57797719817,-0.0404947735909,0.00851341068416,0.130354003878,0.990603618418
2018/10/02/14:03:57.086908,54676,1538481837,70966811,/world,vicon/IMUframe/IMUframe,-0.21117254787,0.145511427677,1.5765771643,-0.0392705369148,0.00873940814041,0.128412839449,0.990904430478
2018/10/02/14:03:57.096975,54677,1538481837,80946314,/world,vicon/IMUframe/IMUframe,-0.211005643851,0.146034038482,1.57515688356,-0.0373985208616,0.0084789834483,0.12682214471,0.991183939079
2018/10/02/14:03:57.106874,54678,1538481837,90919118,/world,vicon/IMUframe/IMUframe,-0.210798697044,0.146664148458,1.57347692104,-0.0349135467817,0.00784912430671,0.125463175949,0.991452685195
2018/10/02/14:03:57.116822,54679,1538481837,100968073,/world,vicon/IMUframe/IMUframe,-0.210805594899,0.147367461964,1.57176353779,-0.0313376499545,0.0071748478818,0.123539307812,0.991818790243
2018/10/02/14:03:57.126864,54680,1538481837,110904275,/world,vicon/IMUframe/IMUframe,-0.210418240728,0.1478479775,1.57007624009,-0.0284342357367,0.00621083597176,0.122866698966,0.991996317554
2018/10/02/14:03:57.136520,54681,1538481837,120915350,/world,vicon/IMUframe/IMUframe,-0.209957900375,0.148307237312,1.56826108037,-0.0250185344615,0.00577034327217,0.120783055936,0.992346829224
2018/10/02/14:03:57.146399,54682,1538481837,130921247,/world,vicon/IMUframe/IMUframe,-0.209604727561,0.148861226851,1.5664596575,-0.0219687919866,0.00552747262394,0.118299038088,0.99271957612
2018/10/02/14:03:57.156579,54683,1538481837,140946108,/world,vicon/IMUframe/IMUframe,-0.209525228318,0.14955648701,1.56458199394,-0.0186886458645,0.00534227487375,0.114019494355,0.993288351649
2018/10/02/14:03:57.166590,54684,1538481837,150992932,/world,vicon/IMUframe/IMUframe,-0.209380527823,0.150090937326,1.56286324723,-0.0165907739458,0.00548115723385,0.109558631461,0.993826750197
2018/10/02/14:03:57.176527,54685,1538481837,160966609,/world,vicon/IMUframe/IMUframe,-0.209373296364,0.150749637081,1.56126586058,-0.0146995785249,0.00528485452348,0.104586897445,0.99439306795
2018/10/02/14:03:57.186415,54686,1538481837,170986114,/world,vicon/IMUframe/IMUframe,-0.209379688805,0.151450541777,1.55964687642,-0.0131422146588,0.00524059245445,0.0991883644081,0.994968083282
2018/10/02/14:03:57.196767,54687,1538481837,181008114,/world,vicon/IMUframe/IMUframe,-0.209358860433,0.152200090664,1.55800642237,-0.0120718605589,0.00512103699515,0.0931196823008,0.995568566163
2018/10/02/14:03:57.206533,54688,1538481837,190876890,/world,vicon/IMUframe/IMUframe,-0.209384562602,0.152916279553,1.55640429438,-0.0114274849847,0.00527291962946,0.0867625889126,0.996149517929
2018/10/02/14:03:57.216593,54689,1538481837,200963045,/world,vicon/IMUframe/IMUframe,-0.209456666855,0.153818793726,1.55485939642,-0.0109656704987,0.00580174914004,0.080478753417,0.996679117884
2018/10/02/14:03:57.226585,54690,1538481837,210947280,/world,vicon/IMUframe/IMUframe,-0.209725456782,0.154711293645,1.55323586719,-0.0105547175654,0.00660054461069,0.0737540994455,0.997198758304
2018/10/02/14:03:57.236622,54691,1538481837,220942299,/world,vicon/IMUframe/IMUframe,-0.209694538336,0.155184590654,1.55151947769,-0.00992139605619,0.00777389574185,0.0680423088295,0.997602815079
2018/10/02/14:03:57.246467,54692,1538481837,230962302,/world,vicon/IMUframe/IMUframe,-0.209709796335,0.155750809346,1.54980063774,-0.00945800343195,0.00911684167617,0.062383459283,0.997965797699
2018/10/02/14:03:57.256315,54693,1538481837,240936106,/world,vicon/IMUframe/IMUframe,-0.209735694056,0.156465774366,1.54811445419,-0.0094739477483,0.0110146197522,0.0569689088499,0.998270236905
2018/10/02/14:03:57.266287,54694,1538481837,250916133,/world,vicon/IMUframe/IMUframe,-0.209717256327,0.157074679325,1.54643196581,-0.00939050935461,0.0130758306296,0.0519701364524,0.998518876088
2018/10/02/14:03:57.276445,54695,1538481837,260985604,/world,vicon/IMUframe/IMUframe,-0.209606270145,0.157665615927,1.54475463773,-0.00927126390578,0.0150775576627,0.0473850460799,0.998719864791
2018/10/02/14:03:57.286265,54696,1538481837,270985836,/world,vicon/IMUframe/IMUframe,-0.209310160486,0.158236811256,1.54305198605,-0.00943551793157,0.0171255974908,0.0429085951219,0.998887650027
2018/10/02/14:03:57.296247,54697,1538481837,280980634,/world,vicon/IMUframe/IMUframe,-0.208997027103,0.1587601581,1.54138073863,-0.0100469118339,0.0191498711038,0.0387528406088,0.999014794357
2018/10/02/14:03:57.306090,54698,1538481837,290989645,/world,vicon/IMUframe/IMUframe,-0.208668827146,0.159256647514,1.53977899883,-0.0108047222225,0.0210753409325,0.034812758143,0.999113186707
2018/10/02/14:03:57.316061,54699,1538481837,300969195,/world,vicon/IMUframe/IMUframe,-0.208389700251,0.16003327701,1.53807998012,-0.0121599160867,0.0233272893039,0.0309957763201,0.999173276196
2018/10/02/14:03:57.326322,54700,1538481837,310985657,/world,vicon/IMUframe/IMUframe,-0.208155623595,0.16066427985,1.53659962275,-0.0135370224979,0.0252434523265,0.0272043109924,0.999219416645
2018/10/02/14:03:57.336006,54701,1538481837,320997836,/world,vicon/IMUframe/IMUframe,-0.207778793496,0.161234288102,1.53513426001,-0.0150096243034,0.0274838336967,0.0238352697768,0.999225314921
2018/10/02/14:03:57.346413,54702,1538481837,330899215,/world,vicon/IMUframe/IMUframe,-0.207367700433,0.161513148689,1.53377584037,-0.016724697121,0.029512508074,0.0207602896446,0.999208840407
2018/10/02/14:03:57.356209,54703,1538481837,341028688,/world,vicon/IMUframe/IMUframe,-0.207290320341,0.161931360524,1.53239713704,-0.0184646387283,0.0316446601154,0.0176300311922,0.999173085408
2018/10/02/14:03:57.366524,54704,1538481837,350975849,/world,vicon/IMUframe/IMUframe,-0.207238604729,0.162146192197,1.53104367384,-0.0202293812861,0.0333469374491,0.0154659392177,0.999119391574
2018/10/02/14:03:57.376487,54705,1538481837,360986801,/world,vicon/IMUframe/IMUframe,-0.207138779457,0.162458403216,1.52968250508,-0.0217995059453,0.0348177625284,0.0133515555581,0.99906668492
2018/10/02/14:03:57.386551,54706,1538481837,371004503,/world,vicon/IMUframe/IMUframe,-0.207045093409,0.162688379051,1.5280823112,-0.0230901472892,0.0358256372064,0.0117322971883,0.999022383142
2018/10/02/14:03:57.396564,54707,1538481837,380983251,/world,vicon/IMUframe/IMUframe,-0.206962275423,0.162959940802,1.52650472377,-0.0243800675306,0.0366234891344,0.0104525188082,0.998977015352
2018/10/02/14:03:57.406281,54708,1538481837,390926525,/world,vicon/IMUframe/IMUframe,-0.206874775866,0.163120885768,1.52490762002,-0.0254953891868,0.0372782175568,0.0097785789699,0.998931778962
2018/10/02/14:03:57.416293,54709,1538481837,400974111,/world,vicon/IMUframe/IMUframe,-0.206769757824,0.163258853567,1.52327969872,-0.0263395480386,0.0378161866678,0.0095100546516,0.998892247991
2018/10/02/14:03:57.426218,54710,1538481837,410982911,/world,vicon/IMUframe/IMUframe,-0.206611938329,0.163349606213,1.52164452089,-0.0270341613058,0.0383521604647,0.0098583700937,0.998849877834
2018/10/02/14:03:57.436301,54711,1538481837,420981493,/world,vicon/IMUframe/IMUframe,-0.206451936918,0.163493550815,1.5199017342,-0.0276936992425,0.0385380809829,0.0103918871024,0.998819244918
2018/10/02/14:03:57.446217,54712,1538481837,430979571,/world,vicon/IMUframe/IMUframe,-0.206317093155,0.163567303686,1.51817038121,-0.0282389632364,0.0386732505073,0.0112703042304,0.998789227461
2018/10/02/14:03:57.456420,54713,1538481837,440959171,/world,vicon/IMUframe/IMUframe,-0.20620753079,0.163799267921,1.51645852883,-0.0288228497589,0.0385874776452,0.0116409178852,0.998771615001
2018/10/02/14:03:57.466188,54714,1538481837,450989597,/world,vicon/IMUframe/IMUframe,-0.206075593269,0.163688822218,1.51476895094,-0.0298825973467,0.0383445981884,0.0132689456722,0.998729521565
2018/10/02/14:03:57.476243,54715,1538481837,460991210,/world,vicon/IMUframe/IMUframe,-0.206033513293,0.163776616539,1.51304768406,-0.0306976596962,0.0377799109342,0.0139761265627,0.998716676493
2018/10/02/14:03:57.486400,54716,1538481837,470978471,/world,vicon/IMUframe/IMUframe,-0.205899235701,0.163798564787,1.51130977334,-0.0316524347507,0.0369323376864,0.0149560101294,0.998704382472
2018/10/02/14:03:57.496241,54717,1538481837,480986969,/world,vicon/IMUframe/IMUframe,-0.205786837149,0.163847638989,1.50956437364,-0.0326352151079,0.0359985782245,0.0158680415783,0.998692770754
2018/10/02/14:03:57.506259,54718,1538481837,490973657,/world,vicon/IMUframe/IMUframe,-0.205679968634,0.163867219654,1.50786271093,-0.0336641945825,0.0349800156092,0.016874324749,0.998678315413
2018/10/02/14:03:57.516141,54719,1538481837,501000567,/world,vicon/IMUframe/IMUframe,-0.205531077095,0.163866372294,1.50615086322,-0.0347422410362,0.0339780499364,0.0179818265657,0.998656659079
2018/10/02/14:03:57.526423,54720,1538481837,510988518,/world,vicon/IMUframe/IMUframe,-0.205371111532,0.163901052189,1.50443311793,-0.0359142988817,0.0329315315568,0.0189797123281,0.99863178794
2018/10/02/14:03:57.536504,54721,1538481837,521019637,/world,vicon/IMUframe/IMUframe,-0.205208611065,0.163972410647,1.50271867097,-0.0370690458191,0.0318540712887,0.0199864804492,0.998604899139
2018/10/02/14:03:57.546691,54722,1538481837,531002179,/world,vicon/IMUframe/IMUframe,-0.205099235997,0.164033338491,1.50106124563,-0.038354114484,0.0308664245522,0.0208601067445,0.998569517702
2018/10/02/14:03:57.556228,54723,1538481837,540967275,/world,vicon/IMUframe/IMUframe,-0.205011626872,0.164099548339,1.49938874836,-0.0396877662411,0.0298824963295,0.0216352354289,0.998530837887
2018/10/02/14:03:57.566262,54724,1538481837,550937199,/world,vicon/IMUframe/IMUframe,-0.205024359398,0.164296871373,1.49768871658,-0.0411578174456,0.028712168192,0.0226724166132,0.998482652321
2018/10/02/14:03:57.576211,54725,1538481837,560984039,/world,vicon/IMUframe/IMUframe,-0.204973665974,0.164372887643,1.49591399759,-0.0426354176372,0.0276644689177,0.0234111938648,0.998433179699
2018/10/02/14:03:57.586255,54726,1538481837,570988323,/world,vicon/IMUframe/IMUframe,-0.204931250414,0.16445656808,1.49413752162,-0.0440969580017,0.0264817226511,0.0240942392694,0.998385518873
2018/10/02/14:03:57.596353,54727,1538481837,580990975,/world,vicon/IMUframe/IMUframe,-0.204887792244,0.164560025529,1.49234742703,-0.0452843542365,0.0252341745071,0.0247764436973,0.998347981185
2018/10/02/14:03:57.606190,54728,1538481837,591000788,/world,vicon/IMUframe/IMUframe,-0.204677207038,0.164656142993,1.49068361984,-0.0462395990139,0.0236317796497,0.0254387644817,0.998326753992
2018/10/02/14:03:57.616197,54729,1538481837,600962288,/world,vicon/IMUframe/IMUframe,-0.204582367331,0.16479247325,1.4889930474,-0.0471188599504,0.0221258126531,0.0261955090866,0.998300584371
2018/10/02/14:03:57.626240,54730,1538481837,610990621,/world,vicon/IMUframe/IMUframe,-0.204573312632,0.164907292723,1.48725975471,-0.0481733819225,0.0207613070034,0.0270294008732,0.998257334005
2018/10/02/14:03:57.636274,54731,1538481837,620987337,/world,vicon/IMUframe/IMUframe,-0.20448645031,0.165045254568,1.48561025342,-0.0493513663317,0.0191915193678,0.0278013733665,0.998210003889
2018/10/02/14:03:57.646528,54732,1538481837,630990219,/world,vicon/IMUframe/IMUframe,-0.204245081337,0.16501654059,1.48397687165,-0.0504417684754,0.0177334693461,0.0286530691403,0.998158381063
2018/10/02/14:03:57.656289,54733,1538481837,640979688,/world,vicon/IMUframe/IMUframe,-0.204192642383,0.164956348205,1.4824211131,-0.0517161637236,0.0166555476355,0.0290307428933,0.998100820113
2018/10/02/14:03:57.666495,54734,1538481837,650958667,/world,vicon/IMUframe/IMUframe,-0.20410028749,0.165110412548,1.48084108335,-0.0528866267813,0.0155712309677,0.0292881543088,0.998049470463
2018/10/02/14:03:57.676299,54735,1538481837,661004330,/world,vicon/IMUframe/IMUframe,-0.20403295004,0.165286640632,1.47926834343,-0.0540202300924,0.0144153612818,0.0293628711297,0.998003924791
2018/10/02/14:03:57.686544,54736,1538481837,670987184,/world,vicon/IMUframe/IMUframe,-0.203966310745,0.165461491035,1.47771992823,-0.0551008419731,0.0131897206997,0.0294306835737,0.997959800466
2018/10/02/14:03:57.696436,54737,1538481837,681020312,/world,vicon/IMUframe/IMUframe,-0.203950342013,0.165607901422,1.4761365921,-0.0557353528218,0.0117966371592,0.0294432636674,0.997941633575
2018/10/02/14:03:57.706662,54738,1538481837,690984655,/world,vicon/IMUframe/IMUframe,-0.203860362029,0.165773525562,1.47460794173,-0.0564647926445,0.0106093226512,0.0294680318204,0.997913224968
2018/10/02/14:03:57.716664,54739,1538481837,701019232,/world,vicon/IMUframe/IMUframe,-0.203893738844,0.165961308582,1.47292636962,-0.0570776880394,0.00957857290981,0.0297286828128,0.997881051973
2018/10/02/14:03:57.726639,54740,1538481837,710978632,/world,vicon/IMUframe/IMUframe,-0.203741278587,0.166168273345,1.47138739138,-0.057541142306,0.00834258657058,0.0302002716536,0.997851372592
2018/10/02/14:03:57.736441,54741,1538481837,720947388,/world,vicon/IMUframe/IMUframe,-0.203575212479,0.166375247625,1.46984143203,-0.0577108661883,0.00707215415193,0.0307472065828,0.997834680619
2018/10/02/14:03:57.746264,54742,1538481837,730995261,/world,vicon/IMUframe/IMUframe,-0.203437736334,0.166582149059,1.46838285363,-0.0578625820858,0.0058401457472,0.0313661464001,0.997814601593
2018/10/02/14:03:57.756411,54743,1538481837,741008534,/world,vicon/IMUframe/IMUframe,-0.203332540293,0.166820684768,1.46695771105,-0.0580979885218,0.00473405625413,0.0317710297197,0.99779397378
2018/10/02/14:03:57.766319,54744,1538481837,751052345,/world,vicon/IMUframe/IMUframe,-0.203279162338,0.167073449305,1.46541794138,-0.0588297496324,0.00411670319671,0.0321540511629,0.997741564889
2018/10/02/14:03:57.776070,54745,1538481837,760995589,/world,vicon/IMUframe/IMUframe,-0.203202173737,0.167371237193,1.46404679513,-0.0593253084309,0.00361642454414,0.0323109603593,0.997709091416
2018/10/02/14:03:57.786435,54746,1538481837,771023979,/world,vicon/IMUframe/IMUframe,-0.20304022237,0.167612210803,1.46276702225,-0.0596866078446,0.00343177837356,0.03254683534,0.997680527649
2018/10/02/14:03:57.796277,54747,1538481837,780962592,/world,vicon/IMUframe/IMUframe,-0.202916477968,0.167848991969,1.46152039549,-0.0600176652423,0.00364121913616,0.032777846062,0.997652361391
2018/10/02/14:03:57.806537,54748,1538481837,791025745,/world,vicon/IMUframe/IMUframe,-0.202545721577,0.168010470276,1.46033590317,-0.0602412162877,0.00386421491511,0.0328714443359,0.99763496924
2018/10/02/14:03:57.816655,54749,1538481837,801024629,/world,vicon/IMUframe/IMUframe,-0.202385524044,0.168177578617,1.45916151465,-0.0602782540245,0.00433368935817,0.0332944327911,0.997616776109
2018/10/02/14:03:57.826706,54750,1538481837,811033067,/world,vicon/IMUframe/IMUframe,-0.20223367151,0.168323707788,1.45802688566,-0.0599275089881,0.00499519373127,0.0339450904241,0.997612887117
2018/10/02/14:03:57.836666,54751,1538481837,820945525,/world,vicon/IMUframe/IMUframe,-0.202180829661,0.168727547456,1.45683476201,-0.0605315543155,0.00644285866431,0.0350152046186,0.997531130316
2018/10/02/14:03:57.846857,54752,1538481837,830965735,/world,vicon/IMUframe/IMUframe,-0.202197413166,0.168751109376,1.45562687105,-0.0598419286121,0.00725683883348,0.0359985995102,0.997532146201
2018/10/02/14:03:57.856787,54753,1538481837,840905749,/world,vicon/IMUframe/IMUframe,-0.202084737086,0.1688275456,1.45456460477,-0.0590896980603,0.00797512272935,0.0368651967987,0.997539854976
2018/10/02/14:03:57.866998,54754,1538481837,850945177,/world,vicon/IMUframe/IMUframe,-0.201946879685,0.168836730791,1.45352225922,-0.0581710609804,0.00864012908148,0.0378938821669,0.997549762933
2018/10/02/14:03:57.876248,54755,1538481837,860949503,/world,vicon/IMUframe/IMUframe,-0.20179903718,0.168835555353,1.45246671438,-0.0572469556483,0.00932895950446,0.0388933995874,0.997558549686
2018/10/02/14:03:57.886372,54756,1538481837,870919395,/world,vicon/IMUframe/IMUframe,-0.201644746172,0.168773468862,1.45145342396,-0.0561203723329,0.0098302140534,0.0398749560613,0.997578998666
2018/10/02/14:03:57.896413,54757,1538481837,881010115,/world,vicon/IMUframe/IMUframe,-0.201444372427,0.168740908597,1.4504786009,-0.0551395141504,0.0104289784592,0.0408739592243,0.997587184082
2018/10/02/14:03:57.906460,54758,1538481837,891002867,/world,vicon/IMUframe/IMUframe,-0.201214514132,0.168737634484,1.44956606544,-0.0542990558232,0.0112823646856,0.0415403913651,0.997596469856
2018/10/02/14:03:57.916217,54759,1538481837,900997862,/world,vicon/IMUframe/IMUframe,-0.200979633304,0.16850214478,1.44858301218,-0.0533502151408,0.0118060149978,0.0424610901716,0.997602841002
2018/10/02/14:03:57.926262,54760,1538481837,910979109,/world,vicon/IMUframe/IMUframe,-0.20077915687,0.16854778309,1.44776061853,-0.0524165136196,0.0127630250804,0.0429405230016,0.997620030761
2018/10/02/14:03:57.936032,54761,1538481837,920986526,/world,vicon/IMUframe/IMUframe,-0.200512594413,0.168480445121,1.44689967035,-0.0512894805331,0.0136276054629,0.0436889977011,0.997634677142
2018/10/02/14:03:57.946198,54762,1538481837,930990889,/world,vicon/IMUframe/IMUframe,-0.200245806542,0.168464579717,1.44610278464,-0.0501946948679,0.0145687220264,0.0441926025277,0.997654879619
2018/10/02/14:03:57.956104,54763,1538481837,940987928,/world,vicon/IMUframe/IMUframe,-0.199943431148,0.16838402854,1.44531034637,-0.049102179824,0.0156373661475,0.0448475888667,0.997663842429
2018/10/02/14:03:57.966307,54764,1538481837,951026676,/world,vicon/IMUframe/IMUframe,-0.199605253977,0.168344734305,1.44458031271,-0.0479419487045,0.0167431446718,0.0455617225851,0.997669968525
2018/10/02/14:03:57.976656,54765,1538481837,961030112,/world,vicon/IMUframe/IMUframe,-0.199352703622,0.168397831803,1.44368040335,-0.0464554367718,0.0176775617256,0.0461145066602,0.997698776426
2018/10/02/14:03:57.986624,54766,1538481837,971032385,/world,vicon/IMUframe/IMUframe,-0.199118903932,0.168291824424,1.44294843485,-0.045622500524,0.0188282279312,0.0467000392885,0.997688925271
2018/10/02/14:03:57.996539,54767,1538481837,980975824,/world,vicon/IMUframe/IMUframe,-0.198802242414,0.168278794993,1.442275281,-0.0447463156494,0.0197583416079,0.0473108870009,0.997681840641
2018/10/02/14:03:58.006452,54768,1538481837,990901470,/world,vicon/IMUframe/IMUframe,-0.19851825264,0.168277044653,1.44161108432,-0.0441488224237,0.0205748343984,0.0477623190315,0.997670445863
2018/10/02/14:03:58.016373,54769,1538481838,1017353,/world,vicon/IMUframe/IMUframe,-0.198273421062,0.168323940249,1.44100504053,-0.0435564682724,0.0214160667784,0.0481769120179,0.997658845149
2018/10/02/14:03:58.026407,54770,1538481838,11012826,/world,vicon/IMUframe/IMUframe,-0.197999368397,0.16835597249,1.44043271913,-0.043109427508,0.0221936605468,0.0487212007052,0.997634834643
2018/10/02/14:03:58.036094,54771,1538481838,21031664,/world,vicon/IMUframe/IMUframe,-0.197764220603,0.168437986915,1.43988580042,-0.0428202837482,0.0229076759074,0.0491571093085,0.997609763529
2018/10/02/14:03:58.046134,54772,1538481838,30991666,/world,vicon/IMUframe/IMUframe,-0.197510127226,0.168454546613,1.43940311444,-0.0427675680925,0.0234969968496,0.0495320645325,0.997579771668
2018/10/02/14:03:58.055930,54773,1538481838,40982256,/world,vicon/IMUframe/IMUframe,-0.197228846402,0.168455026309,1.4389576836,-0.0429960889122,0.0239808078943,0.0496486079848,0.997552641677
2018/10/02/14:03:58.065994,54774,1538481838,51035844,/world,vicon/IMUframe/IMUframe,-0.197064716717,0.168548245928,1.43850724072,-0.0432349464305,0.0243709561372,0.0497943135822,0.997525599791
2018/10/02/14:03:58.075892,54775,1538481838,60995094,/world,vicon/IMUframe/IMUframe,-0.196938086886,0.168650575031,1.43808025048,-0.0435348203159,0.0245967117027,0.0497662817844,0.997508415198
2018/10/02/14:03:58.086120,54776,1538481838,71019571,/world,vicon/IMUframe/IMUframe,-0.196809898861,0.168765910126,1.43767888491,-0.0438427085665,0.0246007299063,0.0497109750563,0.997497588946
2018/10/02/14:03:58.095756,54777,1538481838,81003640,/world,vicon/IMUframe/IMUframe,-0.196682083863,0.168860535753,1.43730669812,-0.0440693589797,0.0244644927134,0.04974367876,0.997489321556
2018/10/02/14:03:58.106710,54778,1538481838,91025270,/world,vicon/IMUframe/IMUframe,-0.196566047395,0.168949664978,1.43694086401,-0.0442930076443,0.0241511808488,0.0497837204127,0.997485053081
2018/10/02/14:03:58.116440,54779,1538481838,101033651,/world,vicon/IMUframe/IMUframe,-0.196456495089,0.169030825703,1.43656797763,-0.0444487200417,0.0236708911248,0.0498913000572,0.997484264727
2018/10/02/14:03:58.126309,54780,1538481838,110942916,/world,vicon/IMUframe/IMUframe,-0.196336850883,0.169144473685,1.43622386274,-0.0445555852205,0.0231104601547,0.0498426279559,0.997495072116
2018/10/02/14:03:58.136174,54781,1538481838,120997447,/world,vicon/IMUframe/IMUframe,-0.19627053521,0.169168524265,1.43588112023,-0.0447186213537,0.0223188576137,0.0501766317731,0.997489057144
2018/10/02/14:03:58.146139,54782,1538481838,131008466,/world,vicon/IMUframe/IMUframe,-0.196335783747,0.169250708625,1.43550408707,-0.0448284770926,0.0215424125851,0.0503763293742,0.99749113156
2018/10/02/14:03:58.156113,54783,1538481838,140937427,/world,vicon/IMUframe/IMUframe,-0.196294426859,0.169318748656,1.43519789543,-0.0449666548263,0.0206281698349,0.0504204394284,0.997502008946
2018/10/02/14:03:58.166008,54784,1538481838,150992608,/world,vicon/IMUframe/IMUframe,-0.196308768434,0.169359334275,1.43491715259,-0.0451543402899,0.0195962238823,0.050515199438,0.997509542906
2018/10/02/14:03:58.176297,54785,1538481838,161015307,/world,vicon/IMUframe/IMUframe,-0.196359105655,0.169446715352,1.43465806639,-0.0453534229775,0.0186912680471,0.0505087424712,0.997518205577
2018/10/02/14:03:58.186234,54786,1538481838,170910158,/world,vicon/IMUframe/IMUframe,-0.196420461243,0.169516658754,1.43441380614,-0.0456126801363,0.0177123945746,0.050576452844,0.997520815275
2018/10/02/14:03:58.196077,54787,1538481838,180988240,/world,vicon/IMUframe/IMUframe,-0.196504056263,0.169583615074,1.43422315136,-0.0459150833519,0.0167981986651,0.0506305618185,0.997520010753
2018/10/02/14:03:58.206742,54788,1538481838,190943356,/world,vicon/IMUframe/IMUframe,-0.196586081132,0.169681498301,1.43405900904,-0.0462676170621,0.0159437978898,0.0506509669013,0.997516707866
2018/10/02/14:03:58.216768,54789,1538481838,200919834,/world,vicon/IMUframe/IMUframe,-0.196632049819,0.169740026637,1.4339307138,-0.046642363672,0.0150436159601,0.0507216263062,0.997509647149
2018/10/02/14:03:58.226788,54790,1538481838,210965192,/world,vicon/IMUframe/IMUframe,-0.196700883067,0.169856609248,1.4338440398,-0.0470386730692,0.0142502098529,0.0506058583377,0.99750856731
2018/10/02/14:03:58.236590,54791,1538481838,220969406,/world,vicon/IMUframe/IMUframe,-0.196744029853,0.16996380635,1.43378589773,-0.0473969908373,0.0135449416515,0.0506654149409,0.997498408793
2018/10/02/14:03:58.246632,54792,1538481838,230967668,/world,vicon/IMUframe/IMUframe,-0.196768701642,0.170038043553,1.43376710255,-0.0477808030409,0.0128197835278,0.0507537990663,0.997485187806
2018/10/02/14:03:58.256557,54793,1538481838,240929004,/world,vicon/IMUframe/IMUframe,-0.196774980623,0.170138087358,1.43375727944,-0.0480923828261,0.0121713540045,0.0508494615147,0.99747346487
2018/10/02/14:03:58.266291,54794,1538481838,250899955,/world,vicon/IMUframe/IMUframe,-0.196864603734,0.170304823919,1.43377240933,-0.0482852704516,0.0115694367992,0.0511165409491,0.997457658265
2018/10/02/14:03:58.276432,54795,1538481838,260908367,/world,vicon/IMUframe/IMUframe,-0.196793811969,0.170367211923,1.43377973234,-0.0485904831571,0.010993775376,0.0511259222373,0.997448866822
2018/10/02/14:03:58.286471,54796,1538481838,270903641,/world,vicon/IMUframe/IMUframe,-0.196792926845,0.170477581169,1.43380613452,-0.048819745918,0.0105924939522,0.0513315619369,0.997431452396
2018/10/02/14:03:58.296287,54797,1538481838,280906748,/world,vicon/IMUframe/IMUframe,-0.196777732022,0.170606808555,1.43384289639,-0.049093587455,0.0102202703732,0.051568597744,0.997409667825
2018/10/02/14:03:58.306230,54798,1538481838,290918613,/world,vicon/IMUframe/IMUframe,-0.196763303307,0.17073532654,1.43390117807,-0.0493802671194,0.00993544014622,0.0518574195989,0.997383418892
2018/10/02/14:03:58.316193,54799,1538481838,301015016,/world,vicon/IMUframe/IMUframe,-0.196734558914,0.17087117865,1.43394400351,-0.0497411818903,0.00975073127941,0.0520873593779,0.997355325376
2018/10/02/14:03:58.326317,54800,1538481838,310923648,/world,vicon/IMUframe/IMUframe,-0.196711559364,0.171016265605,1.43400019721,-0.0501288706515,0.00964553133198,0.0522862841541,0.997326528546
2018/10/02/14:03:58.336264,54801,1538481838,321013540,/world,vicon/IMUframe/IMUframe,-0.196800829997,0.171264468424,1.4340749738,-0.0504091360255,0.00962300309236,0.0526354441752,0.997294252883
2018/10/02/14:03:58.346215,54802,1538481838,330979881,/world,vicon/IMUframe/IMUframe,-0.196784604079,0.171389821531,1.43413195558,-0.0508486358613,0.00956828512766,0.0528352974722,0.997261899148
2018/10/02/14:03:58.356328,54803,1538481838,340988425,/world,vicon/IMUframe/IMUframe,-0.196781036195,0.171541773282,1.43418274064,-0.0512486759769,0.00947341854209,0.0529170186311,0.997237994007
2018/10/02/14:03:58.366430,54804,1538481838,350991135,/world,vicon/IMUframe/IMUframe,-0.196766773019,0.171669959233,1.43419431199,-0.0515881151057,0.0093706215216,0.0530400021888,0.997214929692
2018/10/02/14:03:58.376337,54805,1538481838,360954788,/world,vicon/IMUframe/IMUframe,-0.196780944283,0.17180217099,1.43419138943,-0.0518641958526,0.0092741920699,0.0531159660048,0.997197467258
2018/10/02/14:03:58.386511,54806,1538481838,370914678,/world,vicon/IMUframe/IMUframe,-0.196780946531,0.171932831942,1.43419107969,-0.0521091400751,0.00912287281792,0.0531392074534,0.997184855151
2018/10/02/14:03:58.396381,54807,1538481838,380914394,/world,vicon/IMUframe/IMUframe,-0.196800113292,0.172070780976,1.43416062338,-0.0522480710023,0.00898815137599,0.0531448334526,0.997178509039
2018/10/02/14:03:58.406334,54808,1538481838,390911784,/world,vicon/IMUframe/IMUframe,-0.196798992262,0.17219946367,1.43413343339,-0.0523740540743,0.0088045875746,0.0531080739716,0.997175496177
2018/10/02/14:03:58.416390,54809,1538481838,400933148,/world,vicon/IMUframe/IMUframe,-0.196809685926,0.17233969922,1.43412069164,-0.052463292837,0.00861417500082,0.0531630564009,0.997169538408
2018/10/02/14:03:58.426466,54810,1538481838,411032392,/world,vicon/IMUframe/IMUframe,-0.196765607756,0.1725671518,1.43411525968,-0.0524952302832,0.00838278238963,0.0531947581639,0.997168139012
2018/10/02/14:03:58.436591,54811,1538481838,420966358,/world,vicon/IMUframe/IMUframe,-0.196753270664,0.17276487281,1.43413352873,-0.0528158523472,0.00839784623105,0.0531949469063,0.997151071575
2018/10/02/14:03:58.446866,54812,1538481838,430910904,/world,vicon/IMUframe/IMUframe,-0.196778685941,0.172918025565,1.43410912336,-0.0530337509652,0.00816878590508,0.0532040893058,0.997140921373
2018/10/02/14:03:58.456267,54813,1538481838,440922252,/world,vicon/IMUframe/IMUframe,-0.196846139054,0.173044070292,1.43401842356,-0.0531596469032,0.00774574081674,0.0531490816333,0.997140526988
2018/10/02/14:03:58.469615,54814,1538481838,453854646,/world,vicon/IMUframe/IMUframe,-0.196859775316,0.173182780175,1.43399699693,-0.0534300543644,0.00749460565863,0.0532674880588,0.997121675069
2018/10/02/14:03:58.476648,54815,1538481838,461073953,/world,vicon/IMUframe/IMUframe,-0.19690868854,0.173344994224,1.43396443401,-0.0537808709577,0.00726921041675,0.0532592378997,0.997104924307
2018/10/02/14:03:58.486634,54816,1538481838,471205609,/world,vicon/IMUframe/IMUframe,-0.196949360523,0.173484351662,1.4339347595,-0.0541102710614,0.00713085137189,0.0532802046357,0.997086981822
2018/10/02/14:03:58.496544,54817,1538481838,481005129,/world,vicon/IMUframe/IMUframe,-0.197009801989,0.173623684791,1.43391452193,-0.0543837855009,0.00709621329843,0.0531883979213,0.997077249744
2018/10/02/14:03:58.506495,54818,1538481838,491013723,/world,vicon/IMUframe/IMUframe,-0.197043117948,0.173744217792,1.43384894294,-0.0545997260873,0.007068173233,0.0532027745494,0.997064880346
2018/10/02/14:03:58.516876,54819,1538481838,501082285,/world,vicon/IMUframe/IMUframe,-0.197107036983,0.173867825554,1.43377490382,-0.0546729505988,0.00702213600343,0.0531813817794,0.997062334416
2018/10/02/14:03:58.526573,54820,1538481838,511020601,/world,vicon/IMUframe/IMUframe,-0.197160877529,0.17402165311,1.433696719,-0.054640433094,0.00689827439761,0.0532547968434,0.997061063072
2018/10/02/14:03:58.536678,54821,1538481838,520994258,/world,vicon/IMUframe/IMUframe,-0.197209938529,0.174142816262,1.43356904939,-0.0545022046306,0.00671789638665,0.0534002854554,0.997062078846
2018/10/02/14:03:58.546325,54822,1538481838,530917391,/world,vicon/IMUframe/IMUframe,-0.197231369351,0.174243048938,1.43343592978,-0.0544141420851,0.00641654036626,0.0535200801428,0.997062450488
2018/10/02/14:03:58.556596,54823,1538481838,541174608,/world,vicon/IMUframe/IMUframe,-0.197283753891,0.174330902235,1.43329958258,-0.0543444072774,0.00610081799402,0.0536105099342,0.997063377445
2018/10/02/14:03:58.567579,54824,1538481838,551087390,/world,vicon/IMUframe/IMUframe,-0.197314057616,0.174394559431,1.4331346784,-0.0543190585392,0.00580124432147,0.0536387619771,0.997065027296
2018/10/02/14:03:58.576357,54825,1538481838,561010432,/world,vicon/IMUframe/IMUframe,-0.197340312802,0.17445783331,1.43296196161,-0.0542498288636,0.00548454554885,0.0536647706568,0.997069189284
2018/10/02/14:03:58.588156,54826,1538481838,571149123,/world,vicon/IMUframe/IMUframe,-0.197341305512,0.174512911251,1.43277935537,-0.0541613594049,0.00509480891753,0.053727733923,0.997072675725
2018/10/02/14:03:58.596251,54827,1538481838,581065268,/world,vicon/IMUframe/IMUframe,-0.197330706411,0.174534116394,1.43257875025,-0.0540493468982,0.00467807316119,0.0538131457869,0.997076190204
2018/10/02/14:03:58.606453,54828,1538481838,591088351,/world,vicon/IMUframe/IMUframe,-0.197339792247,0.174551962747,1.43237395995,-0.0538773836962,0.00426453181229,0.0538267360123,0.997086617995
2018/10/02/14:03:58.616675,54829,1538481838,601141807,/world,vicon/IMUframe/IMUframe,-0.19733981716,0.174575599242,1.43216124918,-0.0536734018835,0.0038204668297,0.0538775780547,0.997096673621
2018/10/02/14:03:58.626374,54830,1538481838,611127626,/world,vicon/IMUframe/IMUframe,-0.197304614335,0.174587902466,1.43195091607,-0.0534429559332,0.00333999305595,0.0539232756737,0.997108306679
2018/10/02/14:03:58.636557,54831,1538481838,621165227,/world,vicon/IMUframe/IMUframe,-0.197296330614,0.174593944853,1.43176901032,-0.0532023565966,0.00292910204345,0.0539458040043,0.997121246311
2018/10/02/14:03:58.646422,54832,1538481838,631049769,/world,vicon/IMUframe/IMUframe,-0.19726350947,0.17458402309,1.43158837653,-0.0529870356597,0.00260156627766,0.0540324475967,0.997128928731
2018/10/02/14:03:58.656257,54833,1538481838,641032085,/world,vicon/IMUframe/IMUframe,-0.197265296696,0.174571436348,1.43143300053,-0.0528260675657,0.00231385112078,0.0539409455159,0.997143132692
2018/10/02/14:03:58.666271,54834,1538481838,650922774,/world,vicon/IMUframe/IMUframe,-0.197270710197,0.174579929718,1.43129754128,-0.0527027846408,0.00214010026643,0.0537757417096,0.997158967299
2018/10/02/14:03:58.676295,54835,1538481838,661024656,/world,vicon/IMUframe/IMUframe,-0.197258980645,0.17457057407,1.431173401,-0.0525104629741,0.00209079869502,0.0536531245699,0.997175823044
2018/10/02/14:03:58.686399,54836,1538481838,671019861,/world,vicon/IMUframe/IMUframe,-0.197238049114,0.174595097021,1.43107409756,-0.0523146974803,0.00214814046142,0.0534683036499,0.997195917774
2018/10/02/14:03:58.696683,54837,1538481838,681011179,/world,vicon/IMUframe/IMUframe,-0.197194983372,0.174627341776,1.43099524277,-0.0520515014949,0.00227128638549,0.0533530275594,0.997215591986
2018/10/02/14:03:58.706680,54838,1538481838,690992024,/world,vicon/IMUframe/IMUframe,-0.197150329713,0.174615787854,1.43092509558,-0.0518384846805,0.00244251554088,0.0533468656809,0.997226612935
2018/10/02/14:03:58.716547,54839,1538481838,700936653,/world,vicon/IMUframe/IMUframe,-0.19710687181,0.174611905071,1.43087135281,-0.0516003164894,0.00257991982221,0.0533944918066,0.997236070144
2018/10/02/14:03:58.726380,54840,1538481838,710977337,/world,vicon/IMUframe/IMUframe,-0.197063747625,0.174614642291,1.43082054397,-0.0513123203729,0.00271150336963,0.0535055350328,0.997244629591
2018/10/02/14:03:58.736256,54841,1538481838,720916320,/world,vicon/IMUframe/IMUframe,-0.196983980304,0.174603910192,1.43078472695,-0.0510515573464,0.00279250630368,0.0537337151662,0.997245520549
2018/10/02/14:03:58.746157,54842,1538481838,730957848,/world,vicon/IMUframe/IMUframe,-0.196923224314,0.174605782147,1.43076078409,-0.0507968830604,0.00287129286677,0.0539310250692,0.997247650729
2018/10/02/14:03:58.756124,54843,1538481838,740915078,/world,vicon/IMUframe/IMUframe,-0.196853030183,0.174602986426,1.43074441211,-0.0505467581832,0.00301497647557,0.0541435355954,0.997248420759
2018/10/02/14:03:58.766252,54844,1538481838,750990402,/world,vicon/IMUframe/IMUframe,-0.196809357059,0.174622791387,1.43076402749,-0.050364232303,0.00321872147265,0.0542722869867,0.997250020206
2018/10/02/14:03:58.776116,54845,1538481838,761024003,/world,vicon/IMUframe/IMUframe,-0.196746535149,0.174660851274,1.4307972437,-0.0502542096669,0.00347808985218,0.0543893284736,0.997248323263
2018/10/02/14:03:58.786332,54846,1538481838,771052639,/world,vicon/IMUframe/IMUframe,-0.196708210619,0.174710845901,1.43081140358,-0.0502608632181,0.00375229619392,0.0544613661281,0.997243062398
2018/10/02/14:03:58.796362,54847,1538481838,781031093,/world,vicon/IMUframe/IMUframe,-0.196633730419,0.174737412175,1.43085905785,-0.0503220616807,0.0040359328903,0.0546246432574,0.99722993823
2018/10/02/14:03:58.806328,54848,1538481838,791011218,/world,vicon/IMUframe/IMUframe,-0.19655089495,0.174772238664,1.43091972473,-0.0504540882613,0.00431169232419,0.0547741663054,0.997213911351
2018/10/02/14:03:58.816266,54849,1538481838,800937347,/world,vicon/IMUframe/IMUframe,-0.196466932366,0.174793134818,1.43095895111,-0.0506020197885,0.00464210700092,0.0549489616105,0.9971953159
2018/10/02/14:03:58.826459,54850,1538481838,810919024,/world,vicon/IMUframe/IMUframe,-0.196364998056,0.174815104072,1.43101240102,-0.0507429137963,0.00493560495113,0.0551970229602,0.997173046747
2018/10/02/14:03:58.836262,54851,1538481838,821036436,/world,vicon/IMUframe/IMUframe,-0.196291744685,0.174880273251,1.43105796407,-0.0508664110504,0.00513461854876,0.0553385334628,0.997157906569
2018/10/02/14:03:58.846465,54852,1538481838,830940209,/world,vicon/IMUframe/IMUframe,-0.196192903789,0.174917608421,1.43107653667,-0.0509812682483,0.00524136162414,0.0555504324403,0.997139703287
2018/10/02/14:03:58.856431,54853,1538481838,841035794,/world,vicon/IMUframe/IMUframe,-0.196126648861,0.174967883195,1.43109816664,-0.0510798898364,0.00519912480676,0.0557538886911,0.997123521862
2018/10/02/14:03:58.866448,54854,1538481838,850934117,/world,vicon/IMUframe/IMUframe,-0.196060855343,0.174995576322,1.43109300312,-0.0512132957912,0.00510443243072,0.0559230159029,0.99710769699
2018/10/02/14:03:58.876502,54855,1538481838,860963849,/world,vicon/IMUframe/IMUframe,-0.195995944112,0.175039722397,1.43108658558,-0.0513347694795,0.00494013344952,0.0561268958096,0.997090822388
2018/10/02/14:03:58.886530,54856,1538481838,870935281,/world,vicon/IMUframe/IMUframe,-0.19594557275,0.17506604975,1.43107959674,-0.0514845628414,0.00468032642995,0.0562251093317,0.997078819058
2018/10/02/14:03:58.896475,54857,1538481838,880935929,/world,vicon/IMUframe/IMUframe,-0.195903232942,0.175098805899,1.43107016426,-0.051655727845,0.00444916533328,0.0562899445178,0.997067366257
2018/10/02/14:03:58.906448,54858,1538481838,890933883,/world,vicon/IMUframe/IMUframe,-0.195885676607,0.175127153783,1.43107983222,-0.0518428681198,0.00420868217962,0.0562757160165,0.997059500635
2018/10/02/14:03:58.916491,54859,1538481838,900937088,/world,vicon/IMUframe/IMUframe,-0.195860732141,0.175158647678,1.43110638401,-0.0519702983292,0.00394581558821,0.0561970183259,0.997058380318
2018/10/02/14:03:58.926217,54860,1538481838,910916353,/world,vicon/IMUframe/IMUframe,-0.19584626663,0.17518719538,1.43111993021,-0.052052425329,0.00371104801763,0.0561293485484,0.997058809385
2018/10/02/14:03:58.936296,54861,1538481838,920915226,/world,vicon/IMUframe/IMUframe,-0.195856515151,0.175250716753,1.43113362143,-0.0520782933963,0.00342613090667,0.0559627607832,0.997067842421
2018/10/02/14:03:58.946133,54862,1538481838,931016903,/world,vicon/IMUframe/IMUframe,-0.19587012494,0.175295857639,1.43113638512,-0.0520791911531,0.00318395955015,0.0557836862657,0.997078633106
2018/10/02/14:03:58.956411,54863,1538481838,941029165,/world,vicon/IMUframe/IMUframe,-0.195882343144,0.175336158177,1.43113368033,-0.0521255120262,0.00293980733563,0.0556559237612,0.997084102109
2018/10/02/14:03:58.966399,54864,1538481838,950958957,/world,vicon/IMUframe/IMUframe,-0.195901094839,0.175357929179,1.43114542446,-0.0521702435082,0.00271836896002,0.0555516883778,0.997088203762
2018/10/02/14:03:58.976419,54865,1538481838,960957623,/world,vicon/IMUframe/IMUframe,-0.195908623884,0.175389333552,1.43113693735,-0.0522144122991,0.00258537126752,0.0555314779981,0.997087371274
2018/10/02/14:03:58.986158,54866,1538481838,970969386,/world,vicon/IMUframe/IMUframe,-0.195893655288,0.175396568883,1.43111691551,-0.0522836828852,0.00246512921566,0.0555702805904,0.997081884078
2018/10/02/14:03:58.996225,54867,1538481838,980916487,/world,vicon/IMUframe/IMUframe,-0.195867007625,0.175398825526,1.43112595063,-0.052375475365,0.0023896839644,0.0556668924499,0.997071861039
2018/10/02/14:03:59.006261,54868,1538481838,990937095,/world,vicon/IMUframe/IMUframe,-0.195838562278,0.175409838343,1.43112146282,-0.0524524580884,0.00230137769313,0.0557675138729,0.997062399099
2018/10/02/14:03:59.016537,54869,1538481839,1060253,/world,vicon/IMUframe/IMUframe,-0.195797601632,0.17540739784,1.43112223584,-0.052558449704,0.00223470289412,0.0558574623132,0.99705193414
2018/10/02/14:03:59.026514,54870,1538481839,11023541,/world,vicon/IMUframe/IMUframe,-0.195753206925,0.175421130306,1.43111706992,-0.0526763785002,0.00222872846264,0.0559330273488,0.997041487787
2018/10/02/14:03:59.036617,54871,1538481839,20959663,/world,vicon/IMUframe/IMUframe,-0.19571463464,0.175437062172,1.431118955,-0.0528117568627,0.00231683943976,0.0559711062898,0.99703198838
2018/10/02/14:03:59.046352,54872,1538481839,30936451,/world,vicon/IMUframe/IMUframe,-0.195655665509,0.175449144536,1.4311196514,-0.0529390563391,0.00243797980402,0.0560271814149,0.997021798915
2018/10/02/14:03:59.056502,54873,1538481839,40937349,/world,vicon/IMUframe/IMUframe,-0.195641125505,0.17546800746,1.43110772521,-0.0530471925238,0.00261939067044,0.0560327164986,0.997015280144
2018/10/02/14:03:59.066436,54874,1538481839,50994319,/world,vicon/IMUframe/IMUframe,-0.195633293575,0.175488209291,1.43108113788,-0.0530996339527,0.00286672074237,0.0560510522997,0.997010777435
2018/10/02/14:03:59.076294,54875,1538481839,60929544,/world,vicon/IMUframe/IMUframe,-0.195623929562,0.175504306661,1.43107092414,-0.0530462607387,0.00305814816478,0.0559978734036,0.997016038048
2018/10/02/14:03:59.086150,54876,1538481839,70919780,/world,vicon/IMUframe/IMUframe,-0.195641238931,0.175519659482,1.43105416296,-0.0529381172305,0.00327849517353,0.0558895880282,0.997027161698
2018/10/02/14:03:59.096296,54877,1538481839,81019459,/world,vicon/IMUframe/IMUframe,-0.195657445511,0.175530801173,1.43101004096,-0.0527552371816,0.00346888208978,0.0557978980663,0.997041346374
2018/10/02/14:03:59.106207,54878,1538481839,91016601,/world,vicon/IMUframe/IMUframe,-0.195681542347,0.175540674421,1.43096000794,-0.0524838843533,0.00359714532682,0.0556741508745,0.997062130137
2018/10/02/14:03:59.116189,54879,1538481839,101017952,/world,vicon/IMUframe/IMUframe,-0.195687007777,0.175538707741,1.43091007045,-0.0521976381029,0.00372198443784,0.0556316702496,0.997079069419
2018/10/02/14:03:59.126244,54880,1538481839,111036620,/world,vicon/IMUframe/IMUframe,-0.195699210958,0.175524792178,1.43084225559,-0.0518115674025,0.0037727107735,0.0555793382414,0.997101933253
2018/10/02/14:03:59.136129,54881,1538481839,120974231,/world,vicon/IMUframe/IMUframe,-0.195678772442,0.175492527992,1.43077744652,-0.0513919203976,0.00374911743717,0.0556072436129,0.997122183634
2018/10/02/14:03:59.146276,54882,1538481839,131032789,/world,vicon/IMUframe/IMUframe,-0.195704086964,0.175474913628,1.43070052447,-0.0510680365994,0.00373384843987,0.0555978976805,0.997139402384
2018/10/02/14:03:59.156298,54883,1538481839,141039594,/world,vicon/IMUframe/IMUframe,-0.195715639011,0.17544613604,1.43062250546,-0.0507568451032,0.00365388587115,0.0555967650376,0.997155650594
2018/10/02/14:03:59.166299,54884,1538481839,151022962,/world,vicon/IMUframe/IMUframe,-0.195722896659,0.175420591655,1.43054524371,-0.0504506157625,0.0035878047214,0.0555639537819,0.997173259803
2018/10/02/14:03:59.176303,54885,1538481839,160978875,/world,vicon/IMUframe/IMUframe,-0.195734831066,0.175395140054,1.43048665251,-0.0502231789342,0.0035656028197,0.0555054502209,0.997188078434
2018/10/02/14:03:59.186186,54886,1538481839,171000373,/world,vicon/IMUframe/IMUframe,-0.195745929847,0.175376735855,1.43044309843,-0.0500533680364,0.00356673088551,0.0554312791396,0.997200738102
2018/10/02/14:03:59.196263,54887,1538481839,181012350,/world,vicon/IMUframe/IMUframe,-0.195750700093,0.175370172575,1.43041065691,-0.0499264879961,0.00363732712239,0.0553510620192,0.997211299365
2018/10/02/14:03:59.206212,54888,1538481839,191016897,/world,vicon/IMUframe/IMUframe,-0.195748623178,0.175382258504,1.43039511647,-0.0498529397824,0.00373598138412,0.0553058951125,0.997217120192
2018/10/02/14:03:59.216330,54889,1538481839,201018400,/world,vicon/IMUframe/IMUframe,-0.195757710944,0.175397517003,1.43042172706,-0.0498035985628,0.00384148796485,0.0552752183754,0.997220885649
2018/10/02/14:03:59.226331,54890,1538481839,211036271,/world,vicon/IMUframe/IMUframe,-0.195756491075,0.175412972464,1.43044856649,-0.0498236707745,0.00393590783401,0.0553513513142,0.997215291884
2018/10/02/14:03:59.236213,54891,1538481839,220951578,/world,vicon/IMUframe/IMUframe,-0.195768435402,0.175430446611,1.43048188334,-0.0499459501405,0.003997684801,0.055374445369,0.997207647073
2018/10/02/14:03:59.246305,54892,1538481839,231030834,/world,vicon/IMUframe/IMUframe,-0.19579770771,0.175459046626,1.4305412204,-0.0501690538242,0.00404450879096,0.0553637092738,0.99719685503
2018/10/02/14:03:59.256464,54893,1538481839,241045380,/world,vicon/IMUframe/IMUframe,-0.19582401801,0.175485170612,1.43061190177,-0.0504372772995,0.0040947025167,0.0553769334872,0.997182385378
2018/10/02/14:03:59.266263,54894,1538481839,251023968,/world,vicon/IMUframe/IMUframe,-0.195838696556,0.175518304226,1.43067642864,-0.0507364447234,0.00415655977835,0.0554498851572,0.99716289864
2018/10/02/14:03:59.276510,54895,1538481839,260945235,/world,vicon/IMUframe/IMUframe,-0.195860234388,0.175534245475,1.43075637817,-0.0510417791412,0.00419497108197,0.0555580069988,0.99714113688
2018/10/02/14:03:59.286506,54896,1538481839,271039207,/world,vicon/IMUframe/IMUframe,-0.19587223667,0.175552235949,1.43082825116,-0.0513211262126,0.00419120280703,0.0557060724509,0.99711855329
2018/10/02/14:03:59.296447,54897,1538481839,280936814,/world,vicon/IMUframe/IMUframe,-0.195900843552,0.17558442422,1.43090001528,-0.0516560929811,0.00416421675172,0.0557746695119,0.997097534646
2018/10/02/14:03:59.306297,54898,1538481839,290944907,/world,vicon/IMUframe/IMUframe,-0.195897134005,0.175595900771,1.43096915673,-0.0519569791892,0.00409734119059,0.0560439760875,0.997067077409
2018/10/02/14:03:59.316429,54899,1538481839,300919290,/world,vicon/IMUframe/IMUframe,-0.195899194176,0.175603272296,1.43102791893,-0.0522626842822,0.00396476706239,0.0562746206631,0.99703864495
2018/10/02/14:03:59.326365,54900,1538481839,311003241,/world,vicon/IMUframe/IMUframe,-0.195890743004,0.175615523577,1.43111551446,-0.0525771047863,0.00380319791586,0.0566478705582,0.997001606066
2018/10/02/14:03:59.336254,54901,1538481839,320987721,/world,vicon/IMUframe/IMUframe,-0.195892605735,0.175623038489,1.43118135519,-0.0529301697764,0.00363903852361,0.0569484241589,0.996966414435
2018/10/02/14:03:59.346381,54902,1538481839,331000649,/world,vicon/IMUframe/IMUframe,-0.195905453547,0.175628641677,1.43123102139,-0.0533116516468,0.0034815529279,0.0572238096146,0.996930881356
2018/10/02/14:03:59.356316,54903,1538481839,340988978,/world,vicon/IMUframe/IMUframe,-0.195936125378,0.175654342579,1.43131216342,-0.0536350690342,0.00333716290859,0.0574386372536,0.996901673017
2018/10/02/14:03:59.366123,54904,1538481839,351001537,/world,vicon/IMUframe/IMUframe,-0.195961269208,0.175674644905,1.43135824879,-0.0538929937548,0.00320097700437,0.0576052147058,0.996878597528
2018/10/02/14:03:59.376261,54905,1538481839,360964478,/world,vicon/IMUframe/IMUframe,-0.195991942689,0.175706233676,1.43141279678,-0.0541221811274,0.00309494449521,0.0576866409196,0.996861807016
2018/10/02/14:03:59.386431,54906,1538481839,371034270,/world,vicon/IMUframe/IMUframe,-0.196035721948,0.175752222654,1.43148820529,-0.0542813751111,0.0029986180933,0.0576963275237,0.996852885032
2018/10/02/14:03:59.396225,54907,1538481839,381001628,/world,vicon/IMUframe/IMUframe,-0.196081557906,0.175782199275,1.43156705643,-0.0544051511387,0.00299196590082,0.0577018100909,0.996845840028
2018/10/02/14:03:59.406239,54908,1538481839,390957305,/world,vicon/IMUframe/IMUframe,-0.196129631379,0.175830461208,1.43163876582,-0.0545319906738,0.00297761958064,0.0576786864714,0.996840290569
2018/10/02/14:03:59.416323,54909,1538481839,401031253,/world,vicon/IMUframe/IMUframe,-0.196167196511,0.175858980619,1.43170286232,-0.0546442662508,0.00295775895969,0.0576605844465,0.996835248589
2018/10/02/14:03:59.426342,54910,1538481839,411012880,/world,vicon/IMUframe/IMUframe,-0.196215494551,0.175900722931,1.43176012064,-0.054692253642,0.00297372446602,0.0576679553688,0.99683214298
2018/10/02/14:03:59.436264,54911,1538481839,420997621,/world,vicon/IMUframe/IMUframe,-0.196285967206,0.175950915954,1.43180883261,-0.054717415963,0.00301995046408,0.0576314662915,0.996832733402
2018/10/02/14:03:59.446269,54912,1538481839,430965793,/world,vicon/IMUframe/IMUframe,-0.196364605696,0.17598857694,1.43184092978,-0.054729849249,0.00307073978939,0.0575484664763,0.99683669082
2018/10/02/14:03:59.456188,54913,1538481839,440938112,/world,vicon/IMUframe/IMUframe,-0.196463101763,0.176035605043,1.43185180561,-0.0547168566035,0.00309369901494,0.0574287403351,0.996844237789
2018/10/02/14:03:59.466340,54914,1538481839,451055085,/world,vicon/IMUframe/IMUframe,-0.196578955142,0.176082977663,1.43187135431,-0.0546984259084,0.00309628790856,0.0572716882056,0.99685427668
2018/10/02/14:03:59.476324,54915,1538481839,461043956,/world,vicon/IMUframe/IMUframe,-0.196681882108,0.176131918384,1.43184295162,-0.0546649992888,0.00303939683564,0.057068368907,0.996867945713
2018/10/02/14:03:59.486239,54916,1538481839,470986542,/world,vicon/IMUframe/IMUframe,-0.196805528561,0.176178132163,1.43182001838,-0.0546163352618,0.00294336214441,0.0568366174432,0.996884141442
2018/10/02/14:03:59.496313,54917,1538481839,481021547,/world,vicon/IMUframe/IMUframe,-0.196891256939,0.176201479203,1.43178571199,-0.0544883790893,0.00277652784329,0.0567237806526,0.996898049023
2018/10/02/14:03:59.506169,54918,1538481839,491039716,/world,vicon/IMUframe/IMUframe,-0.196958958441,0.17621706114,1.43173169294,-0.0543549956963,0.00256560464778,0.0566380971558,0.996910767354
2018/10/02/14:03:59.516232,54919,1538481839,501024101,/world,vicon/IMUframe/IMUframe,-0.196995610124,0.176209945703,1.43168102696,-0.0541434107517,0.0023221248654,0.0565876719138,0.996925741565
2018/10/02/14:03:59.526496,54920,1538481839,511053641,/world,vicon/IMUframe/IMUframe,-0.197049006333,0.176209564095,1.43163882691,-0.0539458429056,0.00208413727516,0.0565301623409,0.996940240511
2018/10/02/14:03:59.536499,54921,1538481839,521035848,/world,vicon/IMUframe/IMUframe,-0.197093691695,0.176205689211,1.43159688075,-0.0537322373299,0.00190960165565,0.0565399353496,0.996951571444
2018/10/02/14:03:59.546428,54922,1538481839,530936739,/world,vicon/IMUframe/IMUframe,-0.19712918894,0.176185125751,1.4315650141,-0.053559482078,0.00174978313383,0.056586729026,0.996958505775
2018/10/02/14:03:59.556638,54923,1538481839,541006461,/world,vicon/IMUframe/IMUframe,-0.19712530014,0.176167108103,1.43155165815,-0.0534347287327,0.00161646647907,0.0566707624955,0.996960651921
2018/10/02/14:03:59.566394,54924,1538481839,550982926,/world,vicon/IMUframe/IMUframe,-0.197124417491,0.176156583717,1.4315625353,-0.0533644675516,0.00159492203172,0.0568292070964,0.996955430823
2018/10/02/14:03:59.576531,54925,1538481839,561014104,/world,vicon/IMUframe/IMUframe,-0.197132955138,0.176153489596,1.43158822102,-0.0534253027767,0.00159338498323,0.0569354386121,0.996946113879
2018/10/02/14:03:59.586388,54926,1538481839,571003632,/world,vicon/IMUframe/IMUframe,-0.197123845775,0.176156464883,1.43161606764,-0.053565940728,0.00170915934531,0.0571032762545,0.996928776096
2018/10/02/14:03:59.596561,54927,1538481839,580999850,/world,vicon/IMUframe/IMUframe,-0.197115366057,0.1761512947,1.43167036894,-0.0537885213848,0.00186126489149,0.0572205625976,0.996909794252
2018/10/02/14:03:59.606319,54928,1538481839,591037675,/world,vicon/IMUframe/IMUframe,-0.197093467611,0.176166822362,1.43173159698,-0.0540010575542,0.00206932558228,0.0572720845495,0.99689493529
2018/10/02/14:03:59.616426,54929,1538481839,601114718,/world,vicon/IMUframe/IMUframe,-0.197065751021,0.17617923724,1.43177320321,-0.0542086194599,0.00233431648277,0.057423255567,0.996874388408
2018/10/02/14:03:59.626512,54930,1538481839,611056425,/world,vicon/IMUframe/IMUframe,-0.197046584668,0.176215668287,1.43183062299,-0.0543043474396,0.00263038341483,0.0575307965705,0.996862240422
2018/10/02/14:03:59.636651,54931,1538481839,621077919,/world,vicon/IMUframe/IMUframe,-0.197044837698,0.176270317083,1.4318859919,-0.0543814177441,0.00291088425711,0.0575249130092,0.996857598928
2018/10/02/14:03:59.646342,54932,1538481839,630948033,/world,vicon/IMUframe/IMUframe,-0.197022853343,0.176315674026,1.43192514402,-0.0543341575583,0.00318530279588,0.0575575774379,0.996857451418
2018/10/02/14:03:59.656377,54933,1538481839,640939048,/world,vicon/IMUframe/IMUframe,-0.197036468646,0.176387896279,1.43196147903,-0.0542409921536,0.00347648994426,0.0574837546094,0.996865811804
2018/10/02/14:03:59.666518,54934,1538481839,651047694,/world,vicon/IMUframe/IMUframe,-0.197031308348,0.176432768639,1.43200276214,-0.0541015436483,0.00371186149331,0.0574618070767,0.99687380635
2018/10/02/14:03:59.676418,54935,1538481839,660989695,/world,vicon/IMUframe/IMUframe,-0.197034182673,0.176501657045,1.43202234368,-0.0538947397385,0.00388779464978,0.057349394784,0.996890810971
2018/10/02/14:03:59.686330,54936,1538481839,670929105,/world,vicon/IMUframe/IMUframe,-0.197032111325,0.176561965816,1.43203444461,-0.0536715028951,0.00401213923626,0.0572663850789,0.996907133918
2018/10/02/14:03:59.696490,54937,1538481839,680988048,/world,vicon/IMUframe/IMUframe,-0.197021184199,0.176614451526,1.43202499068,-0.0534231572845,0.00410122378252,0.057214131724,0.996923111057
2018/10/02/14:03:59.706468,54938,1538481839,691043019,/world,vicon/IMUframe/IMUframe,-0.196993041608,0.176644444012,1.43200997986,-0.0532280287038,0.0041526828414,0.0572089715458,0.996933631572
2018/10/02/14:03:59.716483,54939,1538481839,700921659,/world,vicon/IMUframe/IMUframe,-0.196984761875,0.176683190913,1.43201328924,-0.053114368679,0.00420211748223,0.0570692551281,0.996947494188
2018/10/02/14:03:59.726231,54940,1538481839,710953920,/world,vicon/IMUframe/IMUframe,-0.196961743241,0.176725402383,1.43198204325,-0.0530079748783,0.00426214755439,0.0569575931775,0.996959287673
2018/10/02/14:03:59.736571,54941,1538481839,720977374,/world,vicon/IMUframe/IMUframe,-0.196954534984,0.176774698605,1.43197266944,-0.0529213236825,0.00433123277168,0.0568280989873,0.996970983072
2018/10/02/14:03:59.746557,54942,1538481839,730978774,/world,vicon/IMUframe/IMUframe,-0.196918769792,0.176823200899,1.43196019081,-0.0528255221939,0.0044505697067,0.0566833707817,0.996983777256
2018/10/02/14:03:59.756519,54943,1538481839,740942920,/world,vicon/IMUframe/IMUframe,-0.196879960181,0.17687567014,1.43193652308,-0.0526948341983,0.00458283082338,0.0565728578699,0.996996371038
2018/10/02/14:03:59.766472,54944,1538481839,750968691,/world,vicon/IMUframe/IMUframe,-0.196830479577,0.176900315633,1.43191586399,-0.0525173734462,0.00467627240172,0.0566419300629,0.997001378997
2018/10/02/14:03:59.776274,54945,1538481839,760940435,/world,vicon/IMUframe/IMUframe,-0.196776768318,0.176952649365,1.43187529557,-0.0523148246922,0.00474283556344,0.0566810876327,0.997009487885
2018/10/02/14:03:59.786236,54946,1538481839,770939096,/world,vicon/IMUframe/IMUframe,-0.196705483543,0.176958167432,1.43180012381,-0.052082194028,0.00478755144217,0.0569134273967,0.997008217719
2018/10/02/14:03:59.796571,54947,1538481839,781005342,/world,vicon/IMUframe/IMUframe,-0.19664342003,0.176992145531,1.43172659666,-0.0518544960179,0.00480435666521,0.0571465043852,0.997006673216
2018/10/02/14:03:59.806611,54948,1538481839,791042040,/world,vicon/IMUframe/IMUframe,-0.196582248375,0.177011768001,1.43162763164,-0.0516684111564,0.00483685467653,0.0574701738335,0.996997572337
2018/10/02/14:03:59.816620,54949,1538481839,800939177,/world,vicon/IMUframe/IMUframe,-0.19652374265,0.177024248932,1.43152796743,-0.0515601434853,0.00486351252636,0.0577134434781,0.99698899507
2018/10/02/14:03:59.826313,54950,1538481839,810968871,/world,vicon/IMUframe/IMUframe,-0.19646414301,0.177041625276,1.43143716991,-0.0514981878303,0.00484943089647,0.0578365491566,0.996985131911
2018/10/02/14:03:59.836350,54951,1538481839,820921111,/world,vicon/IMUframe/IMUframe,-0.196424205386,0.177069574906,1.43135782976,-0.0514763345442,0.0048664222662,0.0578234562405,0.996986937138
2018/10/02/14:03:59.846330,54952,1538481839,830960825,/world,vicon/IMUframe/IMUframe,-0.196401036436,0.17710470944,1.43126724584,-0.0514882228185,0.00485485960041,0.0576876221017,0.996994248482
2018/10/02/14:03:59.856370,54953,1538481839,840999847,/world,vicon/IMUframe/IMUframe,-0.19637038344,0.177127486089,1.43118837799,-0.0514996316691,0.00484218587086,0.0575413372153,0.997002174363
2018/10/02/14:03:59.866260,54954,1538481839,850995783,/world,vicon/IMUframe/IMUframe,-0.196321769307,0.177144146501,1.43109233279,-0.0514437093246,0.00481397880355,0.0574261252204,0.997011840713
2018/10/02/14:03:59.876339,54955,1538481839,860923784,/world,vicon/IMUframe/IMUframe,-0.19629504812,0.17715695643,1.43100646036,-0.0513553974615,0.00474173565815,0.0573505960512,0.997021087153
2018/10/02/14:03:59.886420,54956,1538481839,871042653,/world,vicon/IMUframe/IMUframe,-0.196275724852,0.177153337555,1.43089694361,-0.0512493598641,0.00463193059889,0.057345328118,0.997027362551
2018/10/02/14:03:59.896879,54957,1538481839,880987607,/world,vicon/IMUframe/IMUframe,-0.19626215512,0.177157897189,1.43077333875,-0.0510847785921,0.00445717902156,0.0573155086426,0.997038319936
2018/10/02/14:03:59.906567,54958,1538481839,890956726,/world,vicon/IMUframe/IMUframe,-0.19629351072,0.177181959689,1.43066978718,-0.0509379628567,0.00424457363831,0.0571477539542,0.997056388452
2018/10/02/14:03:59.916573,54959,1538481839,900985166,/world,vicon/IMUframe/IMUframe,-0.196327820406,0.17720116035,1.43056355654,-0.0507763826082,0.00407675328968,0.0570575649396,0.99707049567
2018/10/02/14:03:59.926428,54960,1538481839,910978957,/world,vicon/IMUframe/IMUframe,-0.196391993822,0.17722221449,1.43045832582,-0.0506330946764,0.00398361836326,0.0568844563363,0.997088049841
2018/10/02/14:03:59.936414,54961,1538481839,920970535,/world,vicon/IMUframe/IMUframe,-0.196435506849,0.177239709027,1.43037292243,-0.0505204614658,0.00390812592104,0.0568434179769,0.997096402239
2018/10/02/14:03:59.946542,54962,1538481839,931031108,/world,vicon/IMUframe/IMUframe,-0.196464033688,0.177236707298,1.4302966372,-0.0503462241358,0.0038674934011,0.0569414904471,0.997099777793
2018/10/02/14:03:59.956535,54963,1538481839,941040833,/world,vicon/IMUframe/IMUframe,-0.196503963344,0.177252456064,1.4302174182,-0.0502110243563,0.00382067169691,0.0570628198143,0.997099839583
2018/10/02/14:03:59.966691,54964,1538481839,951051343,/world,vicon/IMUframe/IMUframe,-0.196540517109,0.177270343891,1.43015836466,-0.0500895248404,0.00371461388503,0.0571941485579,0.997098826855
2018/10/02/14:03:59.976570,54965,1538481839,961003651,/world,vicon/IMUframe/IMUframe,-0.196579285455,0.177304348777,1.43010182142,-0.0500135004902,0.00362782415741,0.0572740422989,0.997098376661
2018/10/02/14:03:59.986730,54966,1538481839,971057580,/world,vicon/IMUframe/IMUframe,-0.196655133105,0.177342780504,1.43005319717,-0.0499891008922,0.00359170618015,0.0573318124851,0.997096410943
2018/10/02/14:03:59.996738,54967,1538481839,980995653,/world,vicon/IMUframe/IMUframe,-0.196740647196,0.177402837413,1.4300139338,-0.04999486554,0.00360998608647,0.0572444430231,0.9971010757
2018/10/02/14:04:00.006680,54968,1538481839,991005492,/world,vicon/IMUframe/IMUframe,-0.196829974717,0.177470776009,1.42997951555,-0.0499837504951,0.00369098059204,0.0572069797266,0.997103486514
2018/10/02/14:04:00.016864,54969,1538481840,1058486,/world,vicon/IMUframe/IMUframe,-0.1969382295,0.177556745657,1.42997895885,-0.0499592241164,0.00378793078407,0.057070165735,0.997112192127
2018/10/02/14:04:00.026670,54970,1538481840,10981212,/world,vicon/IMUframe/IMUframe,-0.197030455844,0.177647885371,1.4300040437,-0.0499177660585,0.00392315339445,0.0569754835535,0.997119160268
2018/10/02/14:04:00.036651,54971,1538481840,21001292,/world,vicon/IMUframe/IMUframe,-0.197094984466,0.177694929759,1.43001557937,-0.0499061668287,0.00402230777622,0.056894425337,0.997123974197
2018/10/02/14:04:00.047003,54972,1538481840,31234321,/world,vicon/IMUframe/IMUframe,-0.197190601642,0.177781820677,1.43005389369,-0.0498426181643,0.00416732593671,0.056812234374,0.997131243535
2018/10/02/14:04:00.056748,54973,1538481840,41060082,/world,vicon/IMUframe/IMUframe,-0.197281421098,0.17786536085,1.43010264113,-0.0498049082598,0.00430183337421,0.0566514202735,0.99714170604
2018/10/02/14:04:00.066679,54974,1538481840,51096499,/world,vicon/IMUframe/IMUframe,-0.19738984518,0.177956807876,1.43014882435,-0.049816412127,0.00448713661961,0.0565000515676,0.997148903053
2018/10/02/14:04:00.076543,54975,1538481840,61037678,/world,vicon/IMUframe/IMUframe,-0.197494905156,0.178021835014,1.43019857979,-0.0498602444053,0.00464876029752,0.0564212602994,0.997150433205
2018/10/02/14:04:00.086451,54976,1538481840,71047685,/world,vicon/IMUframe/IMUframe,-0.197600065137,0.178071228707,1.43024074425,-0.049924427455,0.00481093181167,0.0563763940008,0.997148990211
2018/10/02/14:04:00.096596,54977,1538481840,81078484,/world,vicon/IMUframe/IMUframe,-0.197709230525,0.178121023146,1.43028690176,-0.0500469700651,0.00495179686823,0.0563851748551,0.997141661226
2018/10/02/14:04:00.106775,54978,1538481840,91224416,/world,vicon/IMUframe/IMUframe,-0.197811372913,0.178142343322,1.43032871658,-0.0502181695707,0.00508397726404,0.0564732284133,0.997127405647
2018/10/02/14:04:00.116588,54979,1538481840,101046398,/world,vicon/IMUframe/IMUframe,-0.197906851653,0.178174997409,1.43035677568,-0.0503619922496,0.00515604711426,0.0565198430192,0.997117140691
2018/10/02/14:04:00.126412,54980,1538481840,111028816,/world,vicon/IMUframe/IMUframe,-0.197983543644,0.178203198511,1.43038875825,-0.0504714731225,0.00514371242195,0.0566241816135,0.997105748996
2018/10/02/14:04:00.136756,54981,1538481840,121039189,/world,vicon/IMUframe/IMUframe,-0.198064116696,0.178219930977,1.4304243163,-0.050547606648,0.00509068203678,0.0566797695869,0.997099006187
2018/10/02/14:04:00.146568,54982,1538481840,130990032,/world,vicon/IMUframe/IMUframe,-0.198144733747,0.178271336562,1.43043756742,-0.050601471603,0.00501391555097,0.0566963167595,0.99709572228
2018/10/02/14:04:00.156592,54983,1538481840,140940583,/world,vicon/IMUframe/IMUframe,-0.198220018741,0.178309988659,1.43046374388,-0.0505797531339,0.00482868493055,0.0566971988695,0.997097688301
2018/10/02/14:04:00.166458,54984,1538481840,150947172,/world,vicon/IMUframe/IMUframe,-0.198277792601,0.178367241029,1.43047978397,-0.0505376135606,0.0045902268469,0.0566884019102,0.997101451469
2018/10/02/14:04:00.176357,54985,1538481840,160951464,/world,vicon/IMUframe/IMUframe,-0.198329198773,0.178418348863,1.43049397955,-0.0504354639066,0.00432344232744,0.0566520224507,0.997109883704
2018/10/02/14:04:00.186277,54986,1538481840,170942584,/world,vicon/IMUframe/IMUframe,-0.19835116513,0.17847403651,1.43052362564,-0.050362883861,0.00405173296493,0.0566002299215,0.997117634666
2018/10/02/14:04:00.196333,54987,1538481840,180979213,/world,vicon/IMUframe/IMUframe,-0.198379977465,0.178546787839,1.43055770421,-0.0503200481794,0.00386406449119,0.0565675783587,0.997122395113
2018/10/02/14:04:00.206277,54988,1538481840,190975289,/world,vicon/IMUframe/IMUframe,-0.198392654038,0.178603774297,1.43060896925,-0.0503683676559,0.00371914120389,0.0564986146024,0.997124416548
2018/10/02/14:04:00.216275,54989,1538481840,200994278,/world,vicon/IMUframe/IMUframe,-0.198394818965,0.178665229602,1.43066075745,-0.050473498875,0.00364662680197,0.0563792908349,0.997126122208
2018/10/02/14:04:00.226414,54990,1538481840,210977649,/world,vicon/IMUframe/IMUframe,-0.198411863534,0.178735640037,1.43071072418,-0.0506446219599,0.00369088979666,0.0563001120094,0.99712175635
2018/10/02/14:04:00.236223,54991,1538481840,221008074,/world,vicon/IMUframe/IMUframe,-0.198418511047,0.178815234128,1.43076504239,-0.050786812151,0.00378020063286,0.0562429948374,0.997117413009
2018/10/02/14:04:00.246265,54992,1538481840,230943536,/world,vicon/IMUframe/IMUframe,-0.198393716119,0.178859510335,1.43081690492,-0.0509241258869,0.00387872978098,0.0562473040125,0.997109788162
2018/10/02/14:04:00.256153,54993,1538481840,240998051,/world,vicon/IMUframe/IMUframe,-0.198341434073,0.178889323942,1.43085774492,-0.0510179852253,0.00396505024346,0.0563703528147,0.997097701774
2018/10/02/14:04:00.266292,54994,1538481840,250971359,/world,vicon/IMUframe/IMUframe,-0.198292430774,0.178908058053,1.43090314305,-0.0510575586696,0.00403735484978,0.0565020732317,0.99708793052
2018/10/02/14:04:00.276327,54995,1538481840,261011360,/world,vicon/IMUframe/IMUframe,-0.198231389143,0.178918050071,1.43091470193,-0.0510353847942,0.00408390927476,0.0566556919711,0.99708015914
2018/10/02/14:04:00.286276,54996,1538481840,270974676,/world,vicon/IMUframe/IMUframe,-0.198177390085,0.178918108945,1.43091501407,-0.0509853786319,0.00418831083645,0.0567929646788,0.997074474842
2018/10/02/14:04:00.296354,54997,1538481840,280935988,/world,vicon/IMUframe/IMUframe,-0.198120434988,0.178927047707,1.43091862269,-0.0508664198281,0.00422591002934,0.0568865819943,0.997075055253
2018/10/02/14:04:00.306322,54998,1538481840,290982695,/world,vicon/IMUframe/IMUframe,-0.198061458915,0.178948323653,1.43091208627,-0.0506843931105,0.00429489466318,0.0569468716082,0.997080588513
2018/10/02/14:04:00.316193,54999,1538481840,300963137,/world,vicon/IMUframe/IMUframe,-0.198017266232,0.178959466276,1.43089309217,-0.050508194172,0.004403846662,0.0569792762839,0.997087203072
2018/10/02/14:04:00.326176,55000,1538481840,310939240,/world,vicon/IMUframe/IMUframe,-0.197951776546,0.178978386313,1.43088928846,-0.0503353258151,0.00454581865839,0.0569521372308,0.99709685817
2018/10/02/14:04:00.336317,55001,1538481840,321018229,/world,vicon/IMUframe/IMUframe,-0.197894297497,0.17900112795,1.43086356552,-0.0500925309917,0.00472602730614,0.0569315025566,0.997109425801
2018/10/02/14:04:00.346313,55002,1538481840,331010931,/world,vicon/IMUframe/IMUframe,-0.197813293305,0.179012479997,1.430845368,-0.0499118404443,0.00491344435515,0.0568608106935,0.997121614677
2018/10/02/14:04:00.356233,55003,1538481840,340974312,/world,vicon/IMUframe/IMUframe,-0.197731944057,0.179022528264,1.43082151217,-0.0496654683047,0.00510864576947,0.0567805063116,0.99713751163
2018/10/02/14:04:00.366247,55004,1538481840,350992897,/world,vicon/IMUframe/IMUframe,-0.197653531577,0.179044119713,1.43078356118,-0.0494536263136,0.00528868423447,0.0566827352913,0.997152664432
2018/10/02/14:04:00.376326,55005,1538481840,361035941,/world,vicon/IMUframe/IMUframe,-0.197588570278,0.179077686295,1.43076010653,-0.049246479718,0.00547032164062,0.0565764279708,0.997167973621
2018/10/02/14:04:00.386586,55006,1538481840,371024718,/world,vicon/IMUframe/IMUframe,-0.19751782685,0.179099676074,1.43071604009,-0.049060189337,0.00563759708077,0.0565360325623,0.997178515785
2018/10/02/14:04:00.396612,55007,1538481840,380968746,/world,vicon/IMUframe/IMUframe,-0.197449245397,0.179100027878,1.43065920765,-0.0488967819441,0.00579562245472,0.0565311055383,0.997185915255
2018/10/02/14:04:00.406562,55008,1538481840,390977947,/world,vicon/IMUframe/IMUframe,-0.197373326532,0.179096431293,1.43061087249,-0.0488048938534,0.00591444017572,0.0565512673002,0.997188575897
2018/10/02/14:04:00.416474,55009,1538481840,400950768,/world,vicon/IMUframe/IMUframe,-0.197299518267,0.179094980607,1.43054548436,-0.0487381016402,0.00600148311124,0.0566052411362,0.997188260222
2018/10/02/14:04:00.426478,55010,1538481840,410975598,/world,vicon/IMUframe/IMUframe,-0.197193469217,0.179088954662,1.43047392049,-0.0487011880857,0.00599214048039,0.0567339991364,0.997182802636
2018/10/02/14:04:00.436566,55011,1538481840,420953287,/world,vicon/IMUframe/IMUframe,-0.197072997791,0.179060211838,1.4304223922,-0.0486648394666,0.00595502456267,0.0569672388567,0.99717150219
2018/10/02/14:04:00.446630,55012,1538481840,430951441,/world,vicon/IMUframe/IMUframe,-0.196960418864,0.179040351703,1.43036531525,-0.0486531962314,0.00586789067033,0.0571139306129,0.99716419575
2018/10/02/14:04:00.456707,55013,1538481840,441001232,/world,vicon/IMUframe/IMUframe,-0.1968700576,0.179020341515,1.43030755115,-0.0487099722196,0.00576044866111,0.0572144585203,0.997156287436
2018/10/02/14:04:00.466699,55014,1538481840,450944795,/world,vicon/IMUframe/IMUframe,-0.196771625978,0.179010917116,1.43026758834,-0.0488133074575,0.00560711366488,0.0572228812927,0.997151624954
2018/10/02/14:04:00.476643,55015,1538481840,460952268,/world,vicon/IMUframe/IMUframe,-0.196710039192,0.179031552301,1.43022889917,-0.0489312342815,0.00546869773453,0.057078223332,0.997154904756
2018/10/02/14:04:00.486692,55016,1538481840,470946328,/world,vicon/IMUframe/IMUframe,-0.19662731232,0.179010493934,1.43019143443,-0.049087268791,0.00533991440481,0.0570350681039,0.99715040308
2018/10/02/14:04:00.496559,55017,1538481840,480927587,/world,vicon/IMUframe/IMUframe,-0.19656025583,0.17899102156,1.43016988431,-0.0492262468891,0.00529587004628,0.0570828147627,0.997141054534
2018/10/02/14:04:00.506361,55018,1538481840,490913445,/world,vicon/IMUframe/IMUframe,-0.196474587115,0.178959757329,1.43014265572,-0.0493213084617,0.00531386988587,0.0571903229341,0.99713010098
2018/10/02/14:04:00.516425,55019,1538481840,500989617,/world,vicon/IMUframe/IMUframe,-0.196375112647,0.178932780721,1.43013293181,-0.049354448436,0.00534549274274,0.0573753425242,0.997117663166
2018/10/02/14:04:00.526416,55020,1538481840,510935604,/world,vicon/IMUframe/IMUframe,-0.1963032353,0.178922649099,1.43011105414,-0.0493338202592,0.00540233987096,0.0575236264472,0.997109834122
2018/10/02/14:04:00.536465,55021,1538481840,520951720,/world,vicon/IMUframe/IMUframe,-0.196226948749,0.178903358923,1.43009924349,-0.0492908775031,0.00543903038294,0.0576508666579,0.997104409737
2018/10/02/14:04:00.546468,55022,1538481840,530978356,/world,vicon/IMUframe/IMUframe,-0.1961707178,0.178907404513,1.43010993008,-0.0492253663995,0.0055118444024,0.0577054895523,0.997104086517
2018/10/02/14:04:00.556422,55023,1538481840,540937101,/world,vicon/IMUframe/IMUframe,-0.196118699987,0.17892219026,1.43010488607,-0.0491295683988,0.00559972387315,0.0576793249462,0.997109835512
2018/10/02/14:04:00.566454,55024,1538481840,550973331,/world,vicon/IMUframe/IMUframe,-0.196080483749,0.178947266373,1.43010994759,-0.0489975592459,0.00573334399735,0.057667445869,0.997116258839
2018/10/02/14:04:00.576315,55025,1538481840,560945670,/world,vicon/IMUframe/IMUframe,-0.196066850745,0.178968339704,1.43011779258,-0.0489154362753,0.00593095832923,0.0576071443826,0.997122620716
2018/10/02/14:04:00.586492,55026,1538481840,570987682,/world,vicon/IMUframe/IMUframe,-0.196013287553,0.178968362917,1.43011576331,-0.0488190253127,0.00619454685015,0.0576364604378,0.997124048845
2018/10/02/14:04:00.596298,55027,1538481840,580933871,/world,vicon/IMUframe/IMUframe,-0.195991354657,0.178972264498,1.4301003937,-0.0487357254734,0.0064371519541,0.0575819709935,0.997129735167
2018/10/02/14:04:00.606364,55028,1538481840,590969085,/world,vicon/IMUframe/IMUframe,-0.195972390181,0.178975721831,1.43008409539,-0.0486539786558,0.00663811959746,0.0575444495947,0.997134575697
2018/10/02/14:04:00.616230,55029,1538481840,600983131,/world,vicon/IMUframe/IMUframe,-0.195963276865,0.178982736902,1.4300396464,-0.0485563653694,0.00680872953885,0.0574742408941,0.997142232692
2018/10/02/14:04:00.626874,55030,1538481840,611088368,/world,vicon/IMUframe/IMUframe,-0.195973245289,0.179007321505,1.43000366526,-0.0484382243768,0.00686854912308,0.0572973317659,0.997157749418
2018/10/02/14:04:00.636601,55031,1538481840,621161635,/world,vicon/IMUframe/IMUframe,-0.195953623094,0.178997611532,1.42994897642,-0.0482740841439,0.00691531211964,0.0572725698054,0.997166808516
2018/10/02/14:04:00.647046,55032,1538481840,631203382,/world,vicon/IMUframe/IMUframe,-0.195945588931,0.179003363286,1.42988099277,-0.0481103902381,0.0069109219348,0.0571754390508,0.997180324053
2018/10/02/14:04:00.656711,55033,1538481840,641083239,/world,vicon/IMUframe/IMUframe,-0.19590361191,0.178992590516,1.42982054202,-0.0478909494742,0.00686198593869,0.0572093548333,0.99718927984
2018/10/02/14:04:00.666597,55034,1538481840,651038451,/world,vicon/IMUframe/IMUframe,-0.195846882222,0.178961474341,1.4297453515,-0.0476426668338,0.00684195786348,0.0573401040829,0.99719380081
2018/10/02/14:04:00.676951,55035,1538481840,661074194,/world,vicon/IMUframe/IMUframe,-0.195825229201,0.178950996681,1.4296916347,-0.047478629286,0.00685791829758,0.0573933005104,0.997198454559
2018/10/02/14:04:00.686671,55036,1538481840,671089036,/world,vicon/IMUframe/IMUframe,-0.195803579018,0.178955324908,1.4296409462,-0.0472944159485,0.00688411877896,0.0574021390759,0.997206519011
2018/10/02/14:04:00.696702,55037,1538481840,681094120,/world,vicon/IMUframe/IMUframe,-0.195785877427,0.178969590159,1.42957977918,-0.0472052765752,0.00694473261534,0.0573448912667,0.997213616031
2018/10/02/14:04:00.707199,55038,1538481840,691129753,/world,vicon/IMUframe/IMUframe,-0.195773241558,0.178994921594,1.42953643917,-0.0471303397253,0.00701470955369,0.0572437167857,0.997222483609
2018/10/02/14:04:00.716696,55039,1538481840,701010225,/world,vicon/IMUframe/IMUframe,-0.195773784489,0.179009469788,1.42947834945,-0.0470986525552,0.00707752422752,0.0571643201659,0.9972280913
2018/10/02/14:04:00.726714,55040,1538481840,711071327,/world,vicon/IMUframe/IMUframe,-0.195776724769,0.179020429927,1.42939905048,-0.0470960580648,0.00710233550096,0.0571224230958,0.997230438226
2018/10/02/14:04:00.736680,55041,1538481840,721056609,/world,vicon/IMUframe/IMUframe,-0.195779778446,0.179019716564,1.42931083017,-0.0471302867062,0.00710417288913,0.0571321438735,0.997228251174
2018/10/02/14:04:00.746518,55042,1538481840,731048843,/world,vicon/IMUframe/IMUframe,-0.195783266599,0.179015889687,1.42921651939,-0.0471446710035,0.00702821732814,0.0571486259417,0.997227165048
2018/10/02/14:04:00.757001,55043,1538481840,741348400,/world,vicon/IMUframe/IMUframe,-0.195767167195,0.179006077938,1.42909377624,-0.0471445892585,0.00696931672484,0.0572277673231,0.997223043745
2018/10/02/14:04:00.767009,55044,1538481840,751188691,/world,vicon/IMUframe/IMUframe,-0.195762430274,0.178986048273,1.42898950479,-0.047120824379,0.00691023621579,0.0572982997479,0.997220527963
2018/10/02/14:04:00.776721,55045,1538481840,761079577,/world,vicon/IMUframe/IMUframe,-0.195741526596,0.17897880433,1.4288801339,-0.047065121263,0.00686770286875,0.057312963965,0.997222609641
2018/10/02/14:04:00.786919,55046,1538481840,771138029,/world,vicon/IMUframe/IMUframe,-0.195742302474,0.178958083862,1.42877758932,-0.047003048204,0.0067709973448,0.0572115320729,0.997232022978
2018/10/02/14:04:00.796720,55047,1538481840,781077132,/world,vicon/IMUframe/IMUframe,-0.195743154437,0.178962882236,1.42866765425,-0.0468664976992,0.00664306561682,0.0570502197136,0.997248551517
2018/10/02/14:04:00.806549,55048,1538481840,790973275,/world,vicon/IMUframe/IMUframe,-0.195729333063,0.178937124289,1.42854126157,-0.0466619439892,0.00647442976261,0.0569048499127,0.997267558281
2018/10/02/14:04:00.816550,55049,1538481840,800981676,/world,vicon/IMUframe/IMUframe,-0.195777797286,0.178888298968,1.42845909622,-0.0464660068985,0.00627839118225,0.056948328818,0.997275478417
2018/10/02/14:04:00.826399,55050,1538481840,810979410,/world,vicon/IMUframe/IMUframe,-0.195786177632,0.178930530843,1.42835915066,-0.0461356015638,0.00596595984247,0.0566085779781,0.997312078785
2018/10/02/14:04:00.836614,55051,1538481840,820989180,/world,vicon/IMUframe/IMUframe,-0.195701312188,0.179041689978,1.42822758074,-0.0457291638339,0.00550624348103,0.0559842661912,0.99736868148
2018/10/02/14:04:00.846374,55052,1538481840,830931383,/world,vicon/IMUframe/IMUframe,-0.195720854197,0.17906034895,1.42813869566,-0.0454747840278,0.00528975992635,0.0558672246899,0.997388046681
2018/10/02/14:04:00.856526,55053,1538481840,840980365,/world,vicon/IMUframe/IMUframe,-0.19574941243,0.179070617272,1.4280601964,-0.0453268288344,0.00512606474619,0.0557677614924,0.997401202539
2018/10/02/14:04:00.866356,55054,1538481840,850948699,/world,vicon/IMUframe/IMUframe,-0.195786920881,0.179103556968,1.42798853202,-0.0452852228095,0.00499151269252,0.0555674517974,0.997414954619
2018/10/02/14:04:00.876302,55055,1538481840,860978270,/world,vicon/IMUframe/IMUframe,-0.195825640415,0.179120227163,1.4279395623,-0.0453011059422,0.00490412594482,0.0553442122968,0.997427078795
2018/10/02/14:04:00.886488,55056,1538481840,870980003,/world,vicon/IMUframe/IMUframe,-0.195864041615,0.179134044526,1.42790335919,-0.0453549694337,0.00483683955805,0.0550967051314,0.997438662181
2018/10/02/14:04:00.896318,55057,1538481840,880987584,/world,vicon/IMUframe/IMUframe,-0.195887222607,0.179154800759,1.42785966465,-0.0454087911564,0.00472967106489,0.0549391521934,0.997445417782
2018/10/02/14:04:00.906441,55058,1538481840,890955784,/world,vicon/IMUframe/IMUframe,-0.195917393246,0.17917869539,1.42782940194,-0.0454699555188,0.00457503476878,0.0547386053808,0.997454378547
2018/10/02/14:04:00.916561,55059,1538481840,900996810,/world,vicon/IMUframe/IMUframe,-0.195958226407,0.179224050459,1.42777912631,-0.0454674780546,0.00446631157625,0.054618309196,0.997461578609
2018/10/02/14:04:00.926527,55060,1538481840,911013259,/world,vicon/IMUframe/IMUframe,-0.196012645847,0.179268596885,1.42773209461,-0.0454908312931,0.00433038446777,0.054595264097,0.997462374818
2018/10/02/14:04:00.936521,55061,1538481840,921000539,/world,vicon/IMUframe/IMUframe,-0.19604190702,0.179286093538,1.42768224444,-0.0454530233395,0.00422663354469,0.054690800904,0.997459309714
2018/10/02/14:04:00.946537,55062,1538481840,930964758,/world,vicon/IMUframe/IMUframe,-0.196078490603,0.179299845766,1.42761848831,-0.0454646881229,0.0041596489732,0.0547591075877,0.997455312077
2018/10/02/14:04:00.956602,55063,1538481840,940975681,/world,vicon/IMUframe/IMUframe,-0.196111648959,0.17930791677,1.42758336785,-0.0454970901372,0.00410537085637,0.0548332618913,0.997449985768
2018/10/02/14:04:00.966637,55064,1538481840,951018149,/world,vicon/IMUframe/IMUframe,-0.196145960357,0.179335974133,1.42754467623,-0.0455553812557,0.00407662948202,0.054870189053,0.997445412383
2018/10/02/14:04:00.976495,55065,1538481840,961001697,/world,vicon/IMUframe/IMUframe,-0.196161915265,0.179343418649,1.42749655325,-0.0456494713654,0.00406102213271,0.0549792728467,0.997435167527
2018/10/02/14:04:00.986607,55066,1538481840,970965625,/world,vicon/IMUframe/IMUframe,-0.196192832314,0.179344344784,1.4274579045,-0.0457593258054,0.00404804495446,0.0550914359336,0.997423997666
2018/10/02/14:04:00.996356,55067,1538481840,980954062,/world,vicon/IMUframe/IMUframe,-0.196217533555,0.179352882954,1.42742003856,-0.0458956402412,0.00406335795096,0.055170955736,0.997413276918
2018/10/02/14:04:01.006398,55068,1538481840,990915866,/world,vicon/IMUframe/IMUframe,-0.196237180853,0.179353672555,1.42738649738,-0.0460379959328,0.00405612098916,0.0552331459878,0.997403303783
2018/10/02/14:04:01.016411,55069,1538481841,983761,/world,vicon/IMUframe/IMUframe,-0.196260750139,0.179357550663,1.42733765782,-0.0461239600586,0.00403060066253,0.0553162613275,0.997394829443
2018/10/02/14:04:01.026304,55070,1538481841,10952832,/world,vicon/IMUframe/IMUframe,-0.196287224882,0.179380544396,1.42728699483,-0.0461434082386,0.0040009733143,0.055365837173,0.997391298419
2018/10/02/14:04:01.036451,55071,1538481841,20994940,/world,vicon/IMUframe/IMUframe,-0.196307208963,0.179388903568,1.42724828617,-0.0461632594291,0.00396641033961,0.0554001985705,0.997388609854
2018/10/02/14:04:01.046551,55072,1538481841,31003490,/world,vicon/IMUframe/IMUframe,-0.196336243891,0.179395001291,1.42721854274,-0.0461357687416,0.00392779240908,0.055407210518,0.99738964518
2018/10/02/14:04:01.056564,55073,1538481841,40953418,/world,vicon/IMUframe/IMUframe,-0.196358228438,0.179400326293,1.42718362331,-0.0461001769789,0.00390842054022,0.0554173062956,0.997390806101
2018/10/02/14:04:01.066420,55074,1538481841,50992618,/world,vicon/IMUframe/IMUframe,-0.196401904782,0.179405189715,1.42714961656,-0.0460440901896,0.00387685896338,0.0554562952749,0.997391352999
2018/10/02/14:04:01.076566,55075,1538481841,60973733,/world,vicon/IMUframe/IMUframe,-0.196418774753,0.179402767707,1.42713784459,-0.0459152572722,0.00382654195498,0.0554283000716,0.997399042649
2018/10/02/14:04:01.086489,55076,1538481841,70981091,/world,vicon/IMUframe/IMUframe,-0.196453915996,0.179419644434,1.42711784946,-0.0457849863859,0.0038582335442,0.0553499400053,0.997409260633
2018/10/02/14:04:01.096547,55077,1538481841,80965313,/world,vicon/IMUframe/IMUframe,-0.196523333405,0.179432313909,1.42711512608,-0.0455880548415,0.00388269043513,0.055236362629,0.997424482462
2018/10/02/14:04:01.106516,55078,1538481841,90994601,/world,vicon/IMUframe/IMUframe,-0.196593949911,0.179460181577,1.42710966025,-0.04541879073,0.00392804828631,0.0550911862343,0.997440055885
2018/10/02/14:04:01.116548,55079,1538481841,100983816,/world,vicon/IMUframe/IMUframe,-0.196670280672,0.179478040197,1.42709212736,-0.0452378127516,0.00400407272455,0.0548460117671,0.997461489328
2018/10/02/14:04:01.126454,55080,1538481841,110966104,/world,vicon/IMUframe/IMUframe,-0.196713288107,0.179497110839,1.427086001,-0.0451266183345,0.00402777501865,0.0546985430681,0.997474528363
2018/10/02/14:04:01.136283,55081,1538481841,120973113,/world,vicon/IMUframe/IMUframe,-0.196747618806,0.179501388059,1.42707307671,-0.0450010192242,0.00406813848044,0.054622728843,0.997484193364
2018/10/02/14:04:01.146413,55082,1538481841,130948379,/world,vicon/IMUframe/IMUframe,-0.19678112914,0.179499814123,1.42707522765,-0.0449266654845,0.00414046666636,0.0545633239834,0.997490498672
2018/10/02/14:04:01.156285,55083,1538481841,140975444,/world,vicon/IMUframe/IMUframe,-0.196812281018,0.179514391469,1.42706935886,-0.0448975290006,0.00418003876969,0.0544245791192,0.997499225239
2018/10/02/14:04:01.166286,55084,1538481841,150943983,/world,vicon/IMUframe/IMUframe,-0.196839604288,0.17952510725,1.42704783779,-0.0449216652744,0.00423905318412,0.0542408122501,0.997507899068
2018/10/02/14:04:01.176408,55085,1538481841,160978862,/world,vicon/IMUframe/IMUframe,-0.196872896743,0.179541763323,1.42705376829,-0.0449792536716,0.00431555018897,0.0540832540608,0.997513530934
2018/10/02/14:04:01.186538,55086,1538481841,171034112,/world,vicon/IMUframe/IMUframe,-0.196899910705,0.179541185916,1.42704205856,-0.0450041151985,0.00431113857237,0.0539760892118,0.997518233163
2018/10/02/14:04:01.196599,55087,1538481841,180955906,/world,vicon/IMUframe/IMUframe,-0.196902129164,0.1795253477,1.42701394695,-0.0450445429537,0.0043338368843,0.0539350527304,0.9975185297
2018/10/02/14:04:01.206632,55088,1538481841,190992802,/world,vicon/IMUframe/IMUframe,-0.196923429783,0.179526764658,1.42699288718,-0.0450094625475,0.00434710525941,0.0539538534977,0.997519038741
2018/10/02/14:04:01.216519,55089,1538481841,200987538,/world,vicon/IMUframe/IMUframe,-0.196945740438,0.179497061485,1.42697552296,-0.0449726474733,0.00436139098705,0.054056178452,0.997515097038
2018/10/02/14:04:01.226633,55090,1538481841,210995289,/world,vicon/IMUframe/IMUframe,-0.196966092445,0.179478312459,1.42693615711,-0.0448759302769,0.00436406209688,0.0541907009868,0.997512142167
2018/10/02/14:04:01.236550,55091,1538481841,221001382,/world,vicon/IMUframe/IMUframe,-0.197010535038,0.179467827107,1.42691408007,-0.0448160347587,0.00433513889807,0.0542076760296,0.997514038728
2018/10/02/14:04:01.246383,55092,1538481841,230993225,/world,vicon/IMUframe/IMUframe,-0.197030289093,0.17944367325,1.42689443337,-0.0447943848553,0.00434928449416,0.0542035513384,0.997515173735
2018/10/02/14:04:01.256536,55093,1538481841,240982100,/world,vicon/IMUframe/IMUframe,-0.197070918069,0.179429986056,1.42686238442,-0.0448015860477,0.00436760803549,0.0541191915879,0.997519350684
2018/10/02/14:04:01.266426,55094,1538481841,250981348,/world,vicon/IMUframe/IMUframe,-0.197104856505,0.179423366072,1.42685601225,-0.0448376630177,0.00444104186859,0.0539625529747,0.997525891393
2018/10/02/14:04:01.276350,55095,1538481841,261028635,/world,vicon/IMUframe/IMUframe,-0.197151838803,0.179432450174,1.42683681424,-0.044869598867,0.00450925945184,0.0538292378367,0.997531352305
2018/10/02/14:04:01.286589,55096,1538481841,271009264,/world,vicon/IMUframe/IMUframe,-0.197189580465,0.179416726344,1.42682356881,-0.0448751642931,0.004599224929,0.0537313848195,0.997535966793
2018/10/02/14:04:01.296490,55097,1538481841,280999446,/world,vicon/IMUframe/IMUframe,-0.197222427855,0.179387875081,1.42679321252,-0.0449204444531,0.00464414573193,0.053695823937,0.99753563549
2018/10/02/14:04:01.306319,55098,1538481841,290934912,/world,vicon/IMUframe/IMUframe,-0.197258117988,0.17935958194,1.42675076218,-0.0449675048888,0.00473237988868,0.0536049252421,0.997537989289
2018/10/02/14:04:01.316355,55099,1538481841,300935208,/world,vicon/IMUframe/IMUframe,-0.19729905414,0.179342940653,1.42671561819,-0.0449607295211,0.00485075371589,0.0535178773864,0.997542399996
2018/10/02/14:04:01.326403,55100,1538481841,310995341,/world,vicon/IMUframe/IMUframe,-0.197328773834,0.17930999557,1.42665771986,-0.0449225099264,0.00492364660635,0.0533984623899,0.997550164162
2018/10/02/14:04:01.336432,55101,1538481841,320960930,/world,vicon/IMUframe/IMUframe,-0.197365411501,0.179261262923,1.4265824725,-0.0448128402317,0.00503043795028,0.0532504723559,0.997562474855
2018/10/02/14:04:01.346446,55102,1538481841,330953753,/world,vicon/IMUframe/IMUframe,-0.197403062799,0.179206636989,1.42649972396,-0.0446839570566,0.0050983607461,0.0531302571685,0.997574321278
2018/10/02/14:04:01.356435,55103,1538481841,340925192,/world,vicon/IMUframe/IMUframe,-0.197423432962,0.179154115966,1.42639762489,-0.0444151377383,0.00512046497327,0.0531126773341,0.997587149017
2018/10/02/14:04:01.366495,55104,1538481841,350969417,/world,vicon/IMUframe/IMUframe,-0.197444042687,0.179074638548,1.42628784464,-0.04414274996,0.00509077436361,0.0530782528516,0.997601223293
2018/10/02/14:04:01.376518,55105,1538481841,360955630,/world,vicon/IMUframe/IMUframe,-0.197472968106,0.179023744285,1.42618349304,-0.043878924634,0.00499967824892,0.0529596118824,0.997619628265
2018/10/02/14:04:01.386454,55106,1538481841,370962847,/world,vicon/IMUframe/IMUframe,-0.197495741734,0.178948848675,1.42606719169,-0.0435990151456,0.00488718200769,0.0529520635226,0.99763285847
2018/10/02/14:04:01.396256,55107,1538481841,380987650,/world,vicon/IMUframe/IMUframe,-0.197514119476,0.178890524614,1.42595221101,-0.0433429138414,0.00469040817017,0.0528389284842,0.997650960771
2018/10/02/14:04:01.406361,55108,1538481841,390958214,/world,vicon/IMUframe/IMUframe,-0.197524513756,0.178824028692,1.42583402763,-0.0431790523911,0.00452294464739,0.0527496850978,0.997663562093
2018/10/02/14:04:01.416353,55109,1538481841,400989630,/world,vicon/IMUframe/IMUframe,-0.197607359291,0.178695193234,1.42571469337,-0.0431061233958,0.00453336150504,0.0527097227066,0.997668780654
2018/10/02/14:04:01.426533,55110,1538481841,411007343,/world,vicon/IMUframe/IMUframe,-0.197601782596,0.178633225913,1.42562196929,-0.0430050469659,0.00457584931108,0.0526393978017,0.997676661718
2018/10/02/14:04:01.436586,55111,1538481841,420960665,/world,vicon/IMUframe/IMUframe,-0.197587619897,0.178575495389,1.42554305578,-0.0429512996489,0.00469817466515,0.0526156047271,0.997679663596
2018/10/02/14:04:01.446648,55112,1538481841,430955352,/world,vicon/IMUframe/IMUframe,-0.197577138566,0.178527293103,1.42547489588,-0.0428993643661,0.00491854483722,0.0525926482899,0.997682046445
2018/10/02/14:04:01.456874,55113,1538481841,440978206,/world,vicon/IMUframe/IMUframe,-0.197573973096,0.178487923922,1.42542378466,-0.042855181703,0.00521548354458,0.0525069960366,0.997686948647
2018/10/02/14:04:01.466794,55114,1538481841,450954374,/world,vicon/IMUframe/IMUframe,-0.197549072803,0.178431387633,1.42536904049,-0.0427946648876,0.0054543041159,0.0525291611996,0.997687102476
2018/10/02/14:04:01.477096,55115,1538481841,461001401,/world,vicon/IMUframe/IMUframe,-0.197566011172,0.178408238035,1.42529420983,-0.0426760200158,0.00567265876533,0.0525121157624,0.997691864233
2018/10/02/14:04:01.486581,55116,1538481841,470962969,/world,vicon/IMUframe/IMUframe,-0.197583202765,0.178370432183,1.42523726659,-0.0425385975371,0.00583347838098,0.052567644497,0.997693881409
2018/10/02/14:04:01.496716,55117,1538481841,480985591,/world,vicon/IMUframe/IMUframe,-0.19759867352,0.178328841551,1.42516889726,-0.0423947884505,0.0059033181589,0.052641280174,0.997695709306
2018/10/02/14:04:01.506592,55118,1538481841,491009569,/world,vicon/IMUframe/IMUframe,-0.19763971184,0.178301144498,1.42509100605,-0.0422323089334,0.00602332435064,0.0527016962705,0.997698693422
2018/10/02/14:04:01.516623,55119,1538481841,500955461,/world,vicon/IMUframe/IMUframe,-0.197675664,0.178261196704,1.42501342376,-0.0420930133531,0.00611400179753,0.0528284312429,0.997697325877
2018/10/02/14:04:01.526632,55120,1538481841,511006095,/world,vicon/IMUframe/IMUframe,-0.197713304982,0.178225841541,1.42496729038,-0.0420251796934,0.00626256586713,0.0528743120591,0.997696833545
2018/10/02/14:04:01.537036,55121,1538481841,521143925,/world,vicon/IMUframe/IMUframe,-0.197762515797,0.17819707032,1.42491012899,-0.0419723779991,0.00642763190734,0.052961496099,0.997693382239
2018/10/02/14:04:01.546902,55122,1538481841,531115333,/world,vicon/IMUframe/IMUframe,-0.197766605665,0.178187465046,1.42491493995,-0.0420977404757,0.00679636639869,0.0531065475014,0.997677946165
2018/10/02/14:04:01.557282,55123,1538481841,541136543,/world,vicon/IMUframe/IMUframe,-0.197918461537,0.178006670963,1.42484216316,-0.0419809007655,0.0069045281409,0.0537179857252,0.997649392057
2018/10/02/14:04:01.566837,55124,1538481841,551086765,/world,vicon/IMUframe/IMUframe,-0.197852846979,0.178072863187,1.42479949257,-0.0419501156395,0.00677501064279,0.0532438845392,0.997676989705
2018/10/02/14:04:01.576605,55125,1538481841,561079039,/world,vicon/IMUframe/IMUframe,-0.197887745096,0.178044473647,1.42476553445,-0.0420221100644,0.00678030683048,0.0532311640159,0.997674602705
2018/10/02/14:04:01.587590,55126,1538481841,572115412,/world,vicon/IMUframe/IMUframe,-0.19792555664,0.178003433484,1.4247540633,-0.0421018830609,0.00678069523931,0.0532314244767,0.99767122293
2018/10/02/14:04:01.596693,55127,1538481841,581040404,/world,vicon/IMUframe/IMUframe,-0.197982519324,0.177997700993,1.42474340444,-0.0421645466816,0.00672831534705,0.0530351414425,0.997679384646
2018/10/02/14:04:01.606587,55128,1538481841,591031941,/world,vicon/IMUframe/IMUframe,-0.198033079652,0.177980893438,1.42474229796,-0.0422053990312,0.00669127101901,0.0529488487821,0.997682489872
2018/10/02/14:04:01.616721,55129,1538481841,601047176,/world,vicon/IMUframe/IMUframe,-0.198053456219,0.177961669194,1.42474163027,-0.042197626018,0.00663492347758,0.0529209408528,0.997684675721
2018/10/02/14:04:01.626590,55130,1538481841,611011212,/world,vicon/IMUframe/IMUframe,-0.198100911211,0.17797026515,1.42475473835,-0.0422023755257,0.00660493780426,0.0528653495628,0.997687621008
2018/10/02/14:04:01.636636,55131,1538481841,621004671,/world,vicon/IMUframe/IMUframe,-0.198217742202,0.177882453594,1.42478448298,-0.0422725899894,0.00674346339888,0.0533412514383,0.997658390799
2018/10/02/14:04:01.646395,55132,1538481841,631019503,/world,vicon/IMUframe/IMUframe,-0.198236126439,0.1778783542,1.4247973476,-0.0423168502177,0.00668339751171,0.0533878813324,0.997654424394
2018/10/02/14:04:01.656444,55133,1538481841,640983802,/world,vicon/IMUframe/IMUframe,-0.198256041046,0.177873341247,1.42481924455,-0.0424421278527,0.00660458034992,0.0534623289054,0.997645640841
2018/10/02/14:04:01.666407,55134,1538481841,650973075,/world,vicon/IMUframe/IMUframe,-0.198268060307,0.177854490406,1.42483956037,-0.0426358378171,0.00650065838763,0.0535251583913,0.997634694762
2018/10/02/14:04:01.676373,55135,1538481841,661017580,/world,vicon/IMUframe/IMUframe,-0.19827573224,0.177845160596,1.4248598251,-0.0429158877407,0.0064469419322,0.0536258573964,0.99761762762
2018/10/02/14:04:01.686526,55136,1538481841,671022340,/world,vicon/IMUframe/IMUframe,-0.198267180221,0.177824073169,1.42488560631,-0.0432277978294,0.00640136202475,0.0537251245506,0.997599113397
2018/10/02/14:04:01.696502,55137,1538481841,680977958,/world,vicon/IMUframe/IMUframe,-0.198256290714,0.177796349506,1.42490878297,-0.0435408893336,0.00638245051953,0.053792247879,0.997582001316
2018/10/02/14:04:01.706580,55138,1538481841,691017734,/world,vicon/IMUframe/IMUframe,-0.198262147601,0.177792521753,1.42494639968,-0.0437971557476,0.00636352409976,0.0537866995176,0.997571203306
2018/10/02/14:04:01.716540,55139,1538481841,701007636,/world,vicon/IMUframe/IMUframe,-0.198273208331,0.177773957018,1.42495940786,-0.0439914190376,0.00631978748201,0.0537540416925,0.997564693811
2018/10/02/14:04:01.726620,55140,1538481841,711001944,/world,vicon/IMUframe/IMUframe,-0.198207978756,0.177857858364,1.42494919865,-0.0441004326555,0.00608981786204,0.0532898059928,0.997586218096
2018/10/02/14:04:01.736624,55141,1538481841,721003599,/world,vicon/IMUframe/IMUframe,-0.198230827319,0.177860327114,1.42495843224,-0.0442188745328,0.00599067798901,0.0531908031855,0.99758685906
2018/10/02/14:04:01.749147,55142,1538481841,730997297,/world,vicon/IMUframe/IMUframe,-0.198247660585,0.177849809473,1.42495383713,-0.044339107212,0.0058733746722,0.0531461570485,0.997584599436
2018/10/02/14:04:01.756606,55143,1538481841,741011290,/world,vicon/IMUframe/IMUframe,-0.198257132032,0.177836340479,1.4249290036,-0.044409404378,0.00573455685398,0.0530887090329,0.997585339023
2018/10/02/14:04:01.766539,55144,1538481841,751018539,/world,vicon/IMUframe/IMUframe,-0.198271355591,0.177826999848,1.42492524571,-0.0444220923313,0.00560546120698,0.0531337719866,0.997583108714
2018/10/02/14:04:01.776610,55145,1538481841,761011632,/world,vicon/IMUframe/IMUframe,-0.19828525061,0.177803859182,1.4249100252,-0.0444388970864,0.00550062059369,0.0532238601179,0.997578141457
2018/10/02/14:04:01.786551,55146,1538481841,771002924,/world,vicon/IMUframe/IMUframe,-0.198279671071,0.17776652315,1.42489339696,-0.0444444033431,0.00540683770801,0.0533682811122,0.997570693078
2018/10/02/14:04:01.796430,55147,1538481841,780929354,/world,vicon/IMUframe/IMUframe,-0.198294326406,0.177727923456,1.4248658965,-0.044407935793,0.00534013309588,0.0534258687274,0.997569593947
2018/10/02/14:04:01.806421,55148,1538481841,790988177,/world,vicon/IMUframe/IMUframe,-0.198309901057,0.177687037737,1.42483194102,-0.0443817354916,0.00530757777038,0.0534747386835,0.997568315202
2018/10/02/14:04:01.816732,55149,1538481841,800969403,/world,vicon/IMUframe/IMUframe,-0.198333654769,0.177652453278,1.42479122554,-0.0443723409366,0.00527858319491,0.0534428967797,0.997570593343
2018/10/02/14:04:01.826801,55150,1538481841,810972377,/world,vicon/IMUframe/IMUframe,-0.19841828076,0.177513007259,1.42475553812,-0.0444007376965,0.00540736589832,0.0539095013755,0.997543533159
2018/10/02/14:04:01.836696,55151,1538481841,820987365,/world,vicon/IMUframe/IMUframe,-0.198441395366,0.177493994384,1.42469708191,-0.0443049743102,0.00543398898043,0.0538818849993,0.997549138381
2018/10/02/14:04:01.846558,55152,1538481841,830950143,/world,vicon/IMUframe/IMUframe,-0.198445118149,0.177452218682,1.42464581384,-0.0441839161861,0.00545298473006,0.0539110298109,0.997552829364
2018/10/02/14:04:01.856532,55153,1538481841,840958507,/world,vicon/IMUframe/IMUframe,-0.198455851886,0.17743574637,1.42456417763,-0.04402681647,0.00541748681192,0.0538519068106,0.997563162111
2018/10/02/14:04:01.866583,55154,1538481841,850962196,/world,vicon/IMUframe/IMUframe,-0.198462603076,0.177396823703,1.42447978759,-0.0438936263728,0.00536917283308,0.0537840990203,0.997572950836
2018/10/02/14:04:01.876659,55155,1538481841,860987963,/world,vicon/IMUframe/IMUframe,-0.198491626259,0.17735425492,1.42441692533,-0.0437683843737,0.00540641780541,0.0537326394673,0.997581025597
2018/10/02/14:04:01.886786,55156,1538481841,870999449,/world,vicon/IMUframe/IMUframe,-0.19847195907,0.177313815721,1.4243315392,-0.043608436171,0.00538732250421,0.0535672760768,0.997597026852
2018/10/02/14:04:01.896702,55157,1538481841,880957714,/world,vicon/IMUframe/IMUframe,-0.198462271782,0.177278049722,1.42425591295,-0.0434426034217,0.00539665540698,0.0533439981828,0.997616175779
2018/10/02/14:04:01.906165,55158,1538481841,890940818,/world,vicon/IMUframe/IMUframe,-0.198459019967,0.177261805081,1.42419108024,-0.0432795638103,0.00544182690975,0.0530912590403,0.997636498976
2018/10/02/14:04:01.916249,55159,1538481841,900939637,/world,vicon/IMUframe/IMUframe,-0.19835199214,0.177282062961,1.42407902102,-0.0429882014725,0.00540802200853,0.0525962206048,0.997675501057
2018/10/02/14:04:01.926394,55160,1538481841,911016244,/world,vicon/IMUframe/IMUframe,-0.19842503595,0.1771332193,1.42400346684,-0.0428097712555,0.00566623170994,0.0529893618014,0.997660936811
2018/10/02/14:04:01.936539,55161,1538481841,921026086,/world,vicon/IMUframe/IMUframe,-0.198407792623,0.177063551291,1.4239312246,-0.0424964878547,0.00583170453815,0.0530249028372,0.997671488728
2018/10/02/14:04:01.946432,55162,1538481841,930993873,/world,vicon/IMUframe/IMUframe,-0.198403539471,0.177014239359,1.42383801216,-0.0421862069867,0.00594760876871,0.0530226457989,0.997684092748
2018/10/02/14:04:01.956393,55163,1538481841,940996816,/world,vicon/IMUframe/IMUframe,-0.198408373537,0.176959094538,1.42375832363,-0.04194369141,0.00603962542768,0.0530620038226,0.997691672525
2018/10/02/14:04:01.966305,55164,1538481841,950953424,/world,vicon/IMUframe/IMUframe,-0.198431858546,0.176930809311,1.42369042529,-0.0417219451373,0.00610256804262,0.0529908880201,0.997704366906
2018/10/02/14:04:01.976383,55165,1538481841,961020961,/world,vicon/IMUframe/IMUframe,-0.198458967994,0.176887569074,1.42363558747,-0.0415087779034,0.00613070729743,0.0529291150874,0.997716364786
2018/10/02/14:04:01.986518,55166,1538481841,970942075,/world,vicon/IMUframe/IMUframe,-0.198499420268,0.176842519427,1.42357969488,-0.0413472100811,0.00615871884102,0.0528335381605,0.997727966756
2018/10/02/14:04:01.996431,55167,1538481841,980993684,/world,vicon/IMUframe/IMUframe,-0.19852939006,0.17678119766,1.42352402,-0.0411954580261,0.00618187623802,0.0528628767095,0.997732546783
2018/10/02/14:04:02.006460,55168,1538481841,990965400,/world,vicon/IMUframe/IMUframe,-0.198585898941,0.176741967865,1.42348948019,-0.0411060915038,0.0062060479295,0.0529065728257,0.997733766474
2018/10/02/14:04:02.016400,55169,1538481842,959162,/world,vicon/IMUframe/IMUframe,-0.198600807959,0.176680267111,1.42347752646,-0.0409542784632,0.0062320277219,0.053069120303,0.997731214995
2018/10/02/14:04:02.026337,55170,1538481842,10967448,/world,vicon/IMUframe/IMUframe,-0.198613305577,0.176663799874,1.42346267,-0.0408629418758,0.00621879247145,0.0529952726658,0.997738967705
2018/10/02/14:04:02.036387,55171,1538481842,20981820,/world,vicon/IMUframe/IMUframe,-0.198642387951,0.176643372685,1.42347524196,-0.0408311292106,0.00619571011316,0.0529630910891,0.997742122518
2018/10/02/14:04:02.046315,55172,1538481842,30959025,/world,vicon/IMUframe/IMUframe,-0.198658715113,0.176602686544,1.42351015388,-0.04086101064,0.00615006003918,0.0529043396102,0.997744298616
2018/10/02/14:04:02.056457,55173,1538481842,40998165,/world,vicon/IMUframe/IMUframe,-0.19867744488,0.176556397364,1.42354232928,-0.0409196265961,0.00606073710688,0.0528689194858,0.997744320444
2018/10/02/14:04:02.066760,55174,1538481842,51000663,/world,vicon/IMUframe/IMUframe,-0.198691571666,0.176523327385,1.42358366338,-0.0409897317596,0.00590317083611,0.0528712577315,0.997742263598
2018/10/02/14:04:02.076430,55175,1538481842,60955819,/world,vicon/IMUframe/IMUframe,-0.198695210914,0.176485544064,1.42364540642,-0.0411028070216,0.00577917186614,0.0528985366276,0.997736891796
2018/10/02/14:04:02.086295,55176,1538481842,70956870,/world,vicon/IMUframe/IMUframe,-0.198694312847,0.176477289945,1.42370449349,-0.0412075760525,0.00568627410938,0.0529277631141,0.997731554004
2018/10/02/14:04:02.096431,55177,1538481842,80985124,/world,vicon/IMUframe/IMUframe,-0.198689846073,0.176442529269,1.42377385469,-0.0413885619219,0.005607385893,0.0530781444925,0.997716520231
2018/10/02/14:04:02.106502,55178,1538481842,91008177,/world,vicon/IMUframe/IMUframe,-0.19869015795,0.176430331343,1.42382445237,-0.0416091840383,0.00560945785145,0.0531391537345,0.997704084449
2018/10/02/14:04:02.116582,55179,1538481842,100971610,/world,vicon/IMUframe/IMUframe,-0.198697979245,0.176403310985,1.42389188851,-0.0418401134399,0.00565692396142,0.0532340368214,0.997689100593
2018/10/02/14:04:02.126563,55180,1538481842,110973365,/world,vicon/IMUframe/IMUframe,-0.198698409594,0.176383655448,1.42396855927,-0.0421320658945,0.00572706020104,0.0532235031592,0.997676976038
2018/10/02/14:04:02.136534,55181,1538481842,121001342,/world,vicon/IMUframe/IMUframe,-0.198686124905,0.176362386411,1.4240190779,-0.0423908563304,0.00577581103297,0.053256190673,0.997663988255
2018/10/02/14:04:02.146552,55182,1538481842,131011251,/world,vicon/IMUframe/IMUframe,-0.198679980721,0.176333156707,1.42408814156,-0.0426211330745,0.0057808365809,0.0533422204854,0.997649551926
2018/10/02/14:04:02.156748,55183,1538481842,140987441,/world,vicon/IMUframe/IMUframe,-0.198657511917,0.176300777502,1.4241557341,-0.0427900243019,0.00573928292199,0.0534712740672,0.997635653584
2018/10/02/14:04:02.166326,55184,1538481842,150959609,/world,vicon/IMUframe/IMUframe,-0.198638109295,0.176242609367,1.42421084823,-0.0429134171271,0.00574192554847,0.0535896070857,0.997623988752
2018/10/02/14:04:02.176630,55185,1538481842,160961420,/world,vicon/IMUframe/IMUframe,-0.19860675265,0.176195107468,1.42428124923,-0.0429973659302,0.00574471850462,0.0536947381604,0.997614705097
2018/10/02/14:04:02.186355,55186,1538481842,171010939,/world,vicon/IMUframe/IMUframe,-0.198568342029,0.17610457263,1.4243537208,-0.0430990616374,0.00584915535407,0.0539066968856,0.997598279017
2018/10/02/14:04:02.196440,55187,1538481842,180960357,/world,vicon/IMUframe/IMUframe,-0.19846827593,0.176083186496,1.42442654109,-0.0431492336235,0.00599684821476,0.053686783917,0.997607092337
2018/10/02/14:04:02.206278,55188,1538481842,191003892,/world,vicon/IMUframe/IMUframe,-0.19843771084,0.175979404633,1.42451540435,-0.0432387321813,0.00634992326563,0.0538177036046,0.997593978176
2018/10/02/14:04:02.216363,55189,1538481842,201027315,/world,vicon/IMUframe/IMUframe,-0.198453240662,0.175816601425,1.42462112132,-0.0433674386224,0.00679958594727,0.0542239303593,0.9975634297
2018/10/02/14:04:02.226231,55190,1538481842,211074587,/world,vicon/IMUframe/IMUframe,-0.198398320219,0.175698889139,1.42472378434,-0.0433459610249,0.00715162844733,0.0542737286809,0.997559193356
2018/10/02/14:04:02.236352,55191,1538481842,221012452,/world,vicon/IMUframe/IMUframe,-0.198378797022,0.175601476693,1.42482003365,-0.0432667348937,0.00743648386829,0.0541644548922,0.997566489105
2018/10/02/14:04:02.246420,55192,1538481842,231068852,/world,vicon/IMUframe/IMUframe,-0.198371367626,0.175509269432,1.42492564901,-0.0431100631168,0.00766877360815,0.0541059606734,0.997574687624
2018/10/02/14:04:02.256298,55193,1538481842,241027536,/world,vicon/IMUframe/IMUframe,-0.19837407683,0.175408212898,1.42504979249,-0.0428789308702,0.00789037064697,0.05404871222,0.997586024384
2018/10/02/14:04:02.266797,55194,1538481842,251038963,/world,vicon/IMUframe/IMUframe,-0.198334133792,0.17539571359,1.42514984552,-0.0425556492771,0.00795951355788,0.0536309464809,0.997621864455
2018/10/02/14:04:02.276573,55195,1538481842,261051036,/world,vicon/IMUframe/IMUframe,-0.198349356915,0.175304374545,1.42523664546,-0.042281611529,0.0080616835745,0.0534629254539,0.997641714338
2018/10/02/14:04:02.286714,55196,1538481842,270960148,/world,vicon/IMUframe/IMUframe,-0.198418020353,0.175167340109,1.42532929778,-0.0420745261696,0.00808334432306,0.0536514173491,0.997640175218
2018/10/02/14:04:02.296383,55197,1538481842,280943635,/world,vicon/IMUframe/IMUframe,-0.198436366972,0.17510284834,1.42541735368,-0.0418680224561,0.00802648406871,0.0534766740131,0.997658703959
2018/10/02/14:04:02.306584,55198,1538481842,290961780,/world,vicon/IMUframe/IMUframe,-0.198448523989,0.175028248447,1.42548654802,-0.0417355811496,0.00793564261085,0.0533592356717,0.997671267909
2018/10/02/14:04:02.316399,55199,1538481842,300938875,/world,vicon/IMUframe/IMUframe,-0.198511208545,0.174989110857,1.42555836177,-0.0417218685157,0.00778930439429,0.0530702382577,0.997688409392
2018/10/02/14:04:02.326321,55200,1538481842,310962361,/world,vicon/IMUframe/IMUframe,-0.198558141264,0.174933475297,1.42563465955,-0.0418459865526,0.00763522386237,0.052792845962,0.997699119064
2018/10/02/14:04:02.336370,55201,1538481842,320935036,/world,vicon/IMUframe/IMUframe,-0.198595770027,0.174883197102,1.42569505551,-0.0420240615609,0.00743736559684,0.0525321522318,0.997706889234
2018/10/02/14:04:02.346458,55202,1538481842,331038185,/world,vicon/IMUframe/IMUframe,-0.198639390303,0.174841424574,1.4257603221,-0.0422253741333,0.0072273394884,0.0523126591689,0.997711465823
2018/10/02/14:04:02.356236,55203,1538481842,340936248,/world,vicon/IMUframe/IMUframe,-0.198667707334,0.174802239413,1.42582780054,-0.0424500651299,0.00700760847109,0.0521244867665,0.997713347246
2018/10/02/14:04:02.366235,55204,1538481842,350972166,/world,vicon/IMUframe/IMUframe,-0.198701160309,0.174766870155,1.42588708978,-0.0426409205648,0.00669857823164,0.0520036241154,0.997713638286
2018/10/02/14:04:02.376244,55205,1538481842,361050368,/world,vicon/IMUframe/IMUframe,-0.198728178844,0.174726106289,1.42593148193,-0.0428849092502,0.00635898835655,0.0519160520648,0.997709963548
2018/10/02/14:04:02.386670,55206,1538481842,371068488,/world,vicon/IMUframe/IMUframe,-0.198779874018,0.174693658515,1.42597098916,-0.0431216404587,0.00606477975281,0.0518162185336,0.997706781608
2018/10/02/14:04:02.396547,55207,1538481842,381069873,/world,vicon/IMUframe/IMUframe,-0.198822446375,0.174640632835,1.42602089217,-0.0433820195439,0.00574130959221,0.0518602388004,0.997695120453
2018/10/02/14:04:02.406531,55208,1538481842,391008743,/world,vicon/IMUframe/IMUframe,-0.198851602628,0.174607280188,1.42606836675,-0.0436069644658,0.00548530547402,0.0519163169757,0.997683837749
2018/10/02/14:04:02.416438,55209,1538481842,400989827,/world,vicon/IMUframe/IMUframe,-0.198885935257,0.174567330989,1.42608914353,-0.0438211419772,0.00529967883769,0.0520376619996,0.997669134861
2018/10/02/14:04:02.426363,55210,1538481842,411010131,/world,vicon/IMUframe/IMUframe,-0.198942874585,0.174533178894,1.42611762444,-0.0439867519696,0.00519047707975,0.0521874396089,0.997654597416
2018/10/02/14:04:02.436326,55211,1538481842,420933717,/world,vicon/IMUframe/IMUframe,-0.198982014987,0.174500212604,1.42614368243,-0.0441603245262,0.00514566086326,0.0522995703984,0.997641289667
2018/10/02/14:04:02.446394,55212,1538481842,430958958,/world,vicon/IMUframe/IMUframe,-0.199042092049,0.174470698066,1.42614646865,-0.0443346069279,0.00513066626355,0.052431749085,0.997626699011
2018/10/02/14:04:02.456367,55213,1538481842,440981120,/world,vicon/IMUframe/IMUframe,-0.199070227786,0.174441008679,1.42616163012,-0.044487167435,0.00511226505016,0.0525435486854,0.997614119874
2018/10/02/14:04:02.466556,55214,1538481842,451005726,/world,vicon/IMUframe/IMUframe,-0.19911783429,0.174414417101,1.4261829349,-0.0446511198316,0.00515245527052,0.0526560095194,0.997600658763
2018/10/02/14:04:02.476291,55215,1538481842,460957864,/world,vicon/IMUframe/IMUframe,-0.199154362328,0.174390007028,1.42618220689,-0.0448072199693,0.00526422033204,0.0527086635805,0.997590295566
2018/10/02/14:04:02.486620,55216,1538481842,471009206,/world,vicon/IMUframe/IMUframe,-0.199202518998,0.174353337603,1.42619808941,-0.0449133948252,0.00539335552041,0.0528111541418,0.997579410714
2018/10/02/14:04:02.496516,55217,1538481842,481019775,/world,vicon/IMUframe/IMUframe,-0.199241956907,0.17434989198,1.42619267325,-0.044992578821,0.00555889562435,0.0529038634204,0.997570021485
2018/10/02/14:04:02.506276,55218,1538481842,490941713,/world,vicon/IMUframe/IMUframe,-0.199277724097,0.1743249841,1.42618563346,-0.0449954953329,0.00570323234619,0.0529621614847,0.997565981773
2018/10/02/14:04:02.516336,55219,1538481842,501012133,/world,vicon/IMUframe/IMUframe,-0.199327307631,0.174314680899,1.42618027918,-0.0449749493502,0.00585816676949,0.0529379043164,0.99756729803
2018/10/02/14:04:02.526618,55220,1538481842,510982564,/world,vicon/IMUframe/IMUframe,-0.199373360837,0.174327713527,1.42615266702,-0.044906640949,0.00595664996464,0.0529199500256,0.997570744764
2018/10/02/14:04:02.536565,55221,1538481842,521013777,/world,vicon/IMUframe/IMUframe,-0.199429582836,0.174321040945,1.42612979905,-0.0448186742323,0.00608496938538,0.0528321914804,0.997578577923
2018/10/02/14:04:02.546379,55222,1538481842,530982362,/world,vicon/IMUframe/IMUframe,-0.199506120963,0.174325115963,1.42608789243,-0.0447559869216,0.00619177265608,0.0526784788338,0.997588863938
2018/10/02/14:04:02.556527,55223,1538481842,541010270,/world,vicon/IMUframe/IMUframe,-0.199571950405,0.174324951529,1.42603737186,-0.0446722214244,0.00628726950508,0.0524589173501,0.997603591045
2018/10/02/14:04:02.566408,55224,1538481842,550991487,/world,vicon/IMUframe/IMUframe,-0.199643394473,0.174340904942,1.42599669751,-0.0446018719821,0.00637485261457,0.0522153973771,0.997618958594
2018/10/02/14:04:02.576487,55225,1538481842,561006596,/world,vicon/IMUframe/IMUframe,-0.199684986774,0.174292137756,1.42593418899,-0.0445062989859,0.00647250081703,0.0521442049514,0.997626321813
2018/10/02/14:04:02.586555,55226,1538481842,570979422,/world,vicon/IMUframe/IMUframe,-0.199734182449,0.17425785346,1.42585441704,-0.0443975819768,0.00653346581751,0.0520801683537,0.997634113592
2018/10/02/14:04:02.596543,55227,1538481842,580959728,/world,vicon/IMUframe/IMUframe,-0.199791370219,0.174240249654,1.42577359501,-0.0442902340977,0.00654737986902,0.0519536060883,0.99764539281
2018/10/02/14:04:02.606472,55228,1538481842,590946999,/world,vicon/IMUframe/IMUframe,-0.199863886647,0.174197622701,1.42567205944,-0.0441340523197,0.00649986188696,0.0518570557692,0.997657648188
2018/10/02/14:04:02.616458,55229,1538481842,600947724,/world,vicon/IMUframe/IMUframe,-0.199928795485,0.174160815939,1.42555147309,-0.0439762218606,0.00632080051342,0.0517682037635,0.997670382677
2018/10/02/14:04:02.626414,55230,1538481842,611033949,/world,vicon/IMUframe/IMUframe,-0.200003252004,0.174109125372,1.4254432447,-0.0437691126681,0.00613062320135,0.0517044562179,0.997683982753
2018/10/02/14:04:02.636415,55231,1538481842,620948949,/world,vicon/IMUframe/IMUframe,-0.20005919998,0.174080578299,1.42532106061,-0.0435267605375,0.00587455577813,0.0515535586228,0.997703934694
2018/10/02/14:04:02.646284,55232,1538481842,631054935,/world,vicon/IMUframe/IMUframe,-0.200104306073,0.173995890984,1.42520626243,-0.0432854242403,0.00561768110842,0.0515853479181,0.997714270514
2018/10/02/14:04:02.656665,55233,1538481842,640968481,/world,vicon/IMUframe/IMUframe,-0.200139235534,0.17395017514,1.42507741029,-0.0431275959785,0.00531806851459,0.0515075399858,0.997726767175
2018/10/02/14:04:02.666551,55234,1538481842,651071392,/world,vicon/IMUframe/IMUframe,-0.200175671091,0.173893217457,1.42496993058,-0.0430207479222,0.00500943783854,0.0514967835785,0.997733532594
2018/10/02/14:04:02.676562,55235,1538481842,660952541,/world,vicon/IMUframe/IMUframe,-0.200207949908,0.173827268657,1.42487918082,-0.0429956031245,0.00469753667323,0.0514399677452,0.997739064575
2018/10/02/14:04:02.686349,55236,1538481842,671035041,/world,vicon/IMUframe/IMUframe,-0.200224205252,0.173752043336,1.42479758766,-0.0430260059307,0.00443734663029,0.0514018417272,0.997740909974
2018/10/02/14:04:02.696344,55237,1538481842,680950117,/world,vicon/IMUframe/IMUframe,-0.200247205696,0.173683216178,1.42472043298,-0.043132794337,0.00424961860973,0.051317306787,0.997741467926
2018/10/02/14:04:02.706596,55238,1538481842,691147837,/world,vicon/IMUframe/IMUframe,-0.200252689281,0.173626368377,1.42467354771,-0.0432441747117,0.00410480358128,0.0512542381102,0.997740494827
2018/10/02/14:04:02.716398,55239,1538481842,701058256,/world,vicon/IMUframe/IMUframe,-0.20026301545,0.173575043356,1.42463192679,-0.0433633287451,0.00401565915163,0.051224783347,0.997737198752
2018/10/02/14:04:02.726605,55240,1538481842,710978052,/world,vicon/IMUframe/IMUframe,-0.200258251793,0.173508803397,1.42460061317,-0.0434671874788,0.00391184780666,0.0511912563963,0.997734812627
2018/10/02/14:04:02.736312,55241,1538481842,721019211,/world,vicon/IMUframe/IMUframe,-0.200259055965,0.173465392614,1.42457529099,-0.0435718160907,0.00383912146472,0.0511196224366,0.99773420418
2018/10/02/14:04:02.746444,55242,1538481842,730934231,/world,vicon/IMUframe/IMUframe,-0.200292373815,0.173452466241,1.42454558999,-0.0436188328663,0.00381980580078,0.0510034154882,0.997738171121
2018/10/02/14:04:02.756598,55243,1538481842,741058521,/world,vicon/IMUframe/IMUframe,-0.200298781989,0.173400059701,1.42450927436,-0.0436557488485,0.00384116266249,0.0509191284015,0.997740779674
2018/10/02/14:04:02.766468,55244,1538481842,750948306,/world,vicon/IMUframe/IMUframe,-0.200318257398,0.173346903229,1.42447872573,-0.0436494342479,0.0039244091115,0.0508929777607,0.997742066226
2018/10/02/14:04:02.776451,55245,1538481842,760967257,/world,vicon/IMUframe/IMUframe,-0.200312436839,0.173280970506,1.42445590455,-0.0436107564051,0.0041410962166,0.0509803972715,0.997738418796
2018/10/02/14:04:02.786399,55246,1538481842,770989670,/world,vicon/IMUframe/IMUframe,-0.200300912007,0.173211232043,1.4244406185,-0.043538834563,0.00445403467302,0.0510388722477,0.997737222409
2018/10/02/14:04:02.796361,55247,1538481842,780990094,/world,vicon/IMUframe/IMUframe,-0.20029348742,0.173119621926,1.42442868173,-0.0434631938894,0.00486784691787,0.0511134317714,0.997734770335
2018/10/02/14:04:02.806583,55248,1538481842,790969691,/world,vicon/IMUframe/IMUframe,-0.200270921457,0.173013918802,1.42439766655,-0.0433582722666,0.0052823530188,0.0512126842154,0.997732137374
2018/10/02/14:04:02.816599,55249,1538481842,800995045,/world,vicon/IMUframe/IMUframe,-0.200291524189,0.172918791332,1.4243689564,-0.0432183167169,0.00566520813092,0.051186653694,0.997737444923
2018/10/02/14:04:02.826397,55250,1538481842,810937799,/world,vicon/IMUframe/IMUframe,-0.200322968707,0.172818918913,1.42433235056,-0.0430595129825,0.00587710361823,0.0510308691283,0.997751065342
2018/10/02/14:04:02.836232,55251,1538481842,820950203,/world,vicon/IMUframe/IMUframe,-0.200371454521,0.17273826378,1.42427171225,-0.0428497280727,0.00589662637512,0.0508068418457,0.997771414415
2018/10/02/14:04:02.846245,55252,1538481842,830935614,/world,vicon/IMUframe/IMUframe,-0.200446613947,0.172669799466,1.42422322734,-0.0425709731646,0.00580628483052,0.05054038962,0.997797408454
2018/10/02/14:04:02.856328,55253,1538481842,841046129,/world,vicon/IMUframe/IMUframe,-0.200516088753,0.172591414725,1.42416817725,-0.042239374169,0.00563095418124,0.0502961149884,0.997824848579
2018/10/02/14:04:02.866591,55254,1538481842,850996246,/world,vicon/IMUframe/IMUframe,-0.200604127607,0.172531659874,1.42413799935,-0.0419008406422,0.005462600956,0.0500531027457,0.997852276868
2018/10/02/14:04:02.876456,55255,1538481842,861053322,/world,vicon/IMUframe/IMUframe,-0.2007061099,0.172506283497,1.42411548002,-0.0415495717729,0.00525822096009,0.0497620700214,0.997882618641
2018/10/02/14:04:02.886465,55256,1538481842,870926351,/world,vicon/IMUframe/IMUframe,-0.200813546789,0.172496323362,1.42411747169,-0.0412728098767,0.00510763320873,0.0494753571902,0.997909142296
2018/10/02/14:04:02.896588,55257,1538481842,880991290,/world,vicon/IMUframe/IMUframe,-0.200915495317,0.172490246412,1.42414115602,-0.0410904379909,0.00495495366324,0.0492286880244,0.997929637106
2018/10/02/14:04:02.906468,55258,1538481842,890927094,/world,vicon/IMUframe/IMUframe,-0.201003882842,0.172484258335,1.4241810642,-0.0410105431029,0.0048343859186,0.0489981083805,0.997944862927
2018/10/02/14:04:02.916396,55259,1538481842,900949745,/world,vicon/IMUframe/IMUframe,-0.201086052034,0.172487353991,1.42424082868,-0.0411025467182,0.00475130172092,0.0487452331865,0.99795386067
2018/10/02/14:04:02.926263,55260,1538481842,910951416,/world,vicon/IMUframe/IMUframe,-0.201179064354,0.172492353076,1.42432176645,-0.0413630192525,0.00471689167358,0.0485141027441,0.997954524719
2018/10/02/14:04:02.936320,55261,1538481842,920989678,/world,vicon/IMUframe/IMUframe,-0.201229603963,0.172467144667,1.42439584144,-0.041696047895,0.00472750545104,0.0484398890759,0.9979442206
2018/10/02/14:04:02.946245,55262,1538481842,931041017,/world,vicon/IMUframe/IMUframe,-0.201281700831,0.172472089718,1.42446571651,-0.0421037913503,0.00476900253033,0.048362826818,0.997930641052
2018/10/02/14:04:02.956320,55263,1538481842,941045509,/world,vicon/IMUframe/IMUframe,-0.201317169609,0.17246513726,1.42456429295,-0.0425427378329,0.00476237254857,0.0483415365526,0.997913087954
2018/10/02/14:04:02.966292,55264,1538481842,951042092,/world,vicon/IMUframe/IMUframe,-0.201327696421,0.172450314961,1.42464644353,-0.0430332951544,0.004744154334,0.0484463937189,0.997887055454
2018/10/02/14:04:02.976483,55265,1538481842,960948256,/world,vicon/IMUframe/IMUframe,-0.201333547036,0.172429815299,1.42471986809,-0.0434583787788,0.00470822041396,0.0486442942565,0.997859175741
2018/10/02/14:04:02.986390,55266,1538481842,971063933,/world,vicon/IMUframe/IMUframe,-0.201317776416,0.172386587974,1.42482239966,-0.0438231944349,0.00469228534982,0.0488999053887,0.99783080196
2018/10/02/14:04:02.996413,55267,1538481842,980979016,/world,vicon/IMUframe/IMUframe,-0.201312450634,0.172369344869,1.42490828394,-0.0442209329952,0.00469116999378,0.0491580772121,0.99780057399
2018/10/02/14:04:03.006283,55268,1538481842,990941352,/world,vicon/IMUframe/IMUframe,-0.201319383275,0.172360839565,1.42498231918,-0.044548697373,0.00466844853229,0.0492679114984,0.99778068334
2018/10/02/14:04:03.016396,55269,1538481843,1034111,/world,vicon/IMUframe/IMUframe,-0.201308670895,0.172371666313,1.42505122864,-0.0448150056031,0.00465482084463,0.0493934942055,0.997762612371
2018/10/02/14:04:03.026392,55270,1538481843,11105760,/world,vicon/IMUframe/IMUframe,-0.201262152498,0.172357536691,1.42511057569,-0.0450248254517,0.00459416207315,0.0495353120361,0.997746416495
2018/10/02/14:04:03.036498,55271,1538481843,21035783,/world,vicon/IMUframe/IMUframe,-0.201254313764,0.172379520535,1.4251667413,-0.0451920115297,0.00445686223623,0.0495405943211,0.997739218427
2018/10/02/14:04:03.046639,55272,1538481843,31087358,/world,vicon/IMUframe/IMUframe,-0.201209472625,0.172363547976,1.42520428889,-0.0453726103087,0.00423812459849,0.0496296454552,0.997727549397
2018/10/02/14:04:03.056662,55273,1538481843,40984359,/world,vicon/IMUframe/IMUframe,-0.201184038184,0.172346558897,1.42523491023,-0.0455756714363,0.00398121019304,0.0495920308276,0.997721222896
2018/10/02/14:04:03.066393,55274,1538481843,50945981,/world,vicon/IMUframe/IMUframe,-0.201159613758,0.1723478589,1.42528557649,-0.0457684133723,0.00369057608338,0.0495301150106,0.997716592872
2018/10/02/14:04:03.076370,55275,1538481843,60970725,/world,vicon/IMUframe/IMUframe,-0.20113131713,0.172334085068,1.42530195147,-0.0459469832942,0.00342548009443,0.0494552638682,0.99771304376
2018/10/02/14:04:03.086367,55276,1538481843,70949642,/world,vicon/IMUframe/IMUframe,-0.201107907637,0.172320552237,1.4253019153,-0.0460829770479,0.00313965869398,0.0493831686542,0.997711283099
2018/10/02/14:04:03.096274,55277,1538481843,81036359,/world,vicon/IMUframe/IMUframe,-0.201100340344,0.172317068744,1.42534053071,-0.0461640254264,0.00286051450885,0.0492537953154,0.997714770794
2018/10/02/14:04:03.106372,55278,1538481843,91018226,/world,vicon/IMUframe/IMUframe,-0.201091671986,0.17231255276,1.42535352202,-0.0462386747901,0.00261889751125,0.0491027010901,0.997719425026
2018/10/02/14:04:03.116535,55279,1538481843,101053272,/world,vicon/IMUframe/IMUframe,-0.201081826533,0.172304060093,1.42537154069,-0.0462897067004,0.00236556226353,0.0490128214263,0.997722110863
2018/10/02/14:04:03.126352,55280,1538481843,111046657,/world,vicon/IMUframe/IMUframe,-0.201089220073,0.172284217148,1.42540245882,-0.0463607515464,0.00211949944591,0.0489169034429,0.997724072575
2018/10/02/14:04:03.136168,55281,1538481843,120956128,/world,vicon/IMUframe/IMUframe,-0.20109781483,0.172272623655,1.42542082043,-0.046465363099,0.00181774803248,0.0488353354645,0.997723797368
2018/10/02/14:04:03.146266,55282,1538481843,131034550,/world,vicon/IMUframe/IMUframe,-0.201110629132,0.172247323955,1.42545694772,-0.0465666569839,0.00145691383384,0.0488160947818,0.997720608562
2018/10/02/14:04:03.156364,55283,1538481843,141048831,/world,vicon/IMUframe/IMUframe,-0.201120924572,0.172218395996,1.42549815009,-0.0467071527802,0.00108544962065,0.0487755567689,0.997716497178
2018/10/02/14:04:03.166585,55284,1538481843,151004990,/world,vicon/IMUframe/IMUframe,-0.201166264719,0.172176826351,1.42555204995,-0.0469343044328,0.000746914133233,0.0487380040893,0.997707983402
2018/10/02/14:04:03.176350,55285,1538481843,160981030,/world,vicon/IMUframe/IMUframe,-0.201214773658,0.172159863254,1.42563030419,-0.047157047523,0.000471375965903,0.0485690715243,0.997705886504
2018/10/02/14:04:03.186626,55286,1538481843,171008416,/world,vicon/IMUframe/IMUframe,-0.201262780318,0.172135158791,1.42570179106,-0.0474705777505,0.000244096773135,0.0484049548846,0.997699075377
2018/10/02/14:04:03.196446,55287,1538481843,181016301,/world,vicon/IMUframe/IMUframe,-0.201318674532,0.172134840233,1.42578705134,-0.0478512215916,6.77699046256e-05,0.0481954204107,0.997691063131
2018/10/02/14:04:03.206526,55288,1538481843,191020920,/world,vicon/IMUframe/IMUframe,-0.201372580555,0.172154184384,1.42588220468,-0.0481952220075,-7.03984838742e-06,0.0480110965195,0.997683394237
2018/10/02/14:04:03.216375,55289,1538481843,201005517,/world,vicon/IMUframe/IMUframe,-0.201400693826,0.172159741548,1.42596162036,-0.0485526428022,-1.84848844644e-05,0.0479031818845,0.997671251315
2018/10/02/14:04:03.226340,55290,1538481843,210951684,/world,vicon/IMUframe/IMUframe,-0.201424642175,0.172255017587,1.42609432045,-0.0491527896212,0.000231734926588,0.0476929081862,0.99765191128
2018/10/02/14:04:03.236446,55291,1538481843,221014733,/world,vicon/IMUframe/IMUframe,-0.201477203346,0.172214061112,1.42613631878,-0.0494755830977,9.21641359436e-05,0.0476688718573,0.997637126835
2018/10/02/14:04:03.246238,55292,1538481843,231053921,/world,vicon/IMUframe/IMUframe,-0.201501721383,0.172224148159,1.42618177985,-0.0500201340354,0.00020267581565,0.0476106039385,0.997612738244
2018/10/02/14:04:03.256332,55293,1538481843,240987814,/world,vicon/IMUframe/IMUframe,-0.20153108831,0.172248477799,1.42622759248,-0.0506028696138,0.000366681610025,0.0475903112054,0.997584270832
2018/10/02/14:04:03.266373,55294,1538481843,251049930,/world,vicon/IMUframe/IMUframe,-0.20156670017,0.172281912757,1.42624046481,-0.0512256295103,0.000621689726702,0.0475367911323,0.997554911708
2018/10/02/14:04:03.276520,55295,1538481843,261037363,/world,vicon/IMUframe/IMUframe,-0.201567862304,0.172298112203,1.42618764991,-0.0519286013229,0.000974740300381,0.0474655061243,0.997521676945
2018/10/02/14:04:03.286440,55296,1538481843,271025325,/world,vicon/IMUframe/IMUframe,-0.201565770897,0.172295492362,1.4261004392,-0.0527937329702,0.00139000592421,0.0473536348777,0.997481088997
2018/10/02/14:04:03.296597,55297,1538481843,280972416,/world,vicon/IMUframe/IMUframe,-0.201579799604,0.172274774684,1.42594101124,-0.0537350632849,0.00184761434706,0.0471943466136,0.997437628598
2018/10/02/14:04:03.306698,55298,1538481843,290990823,/world,vicon/IMUframe/IMUframe,-0.201594015482,0.172248984891,1.42568260651,-0.0546624928608,0.00230554855925,0.0470567852838,0.997392778838
2018/10/02/14:04:03.316568,55299,1538481843,300974217,/world,vicon/IMUframe/IMUframe,-0.201585927708,0.172204268969,1.42533691651,-0.0556348570828,0.00274988736486,0.0468491353361,0.99734766221
2018/10/02/14:04:03.326747,55300,1538481843,311002124,/world,vicon/IMUframe/IMUframe,-0.2016017558,0.172179439871,1.42487360677,-0.0565261233004,0.00320581805718,0.0466627549961,0.997304921983
2018/10/02/14:04:03.336388,55301,1538481843,320932166,/world,vicon/IMUframe/IMUframe,-0.201614827904,0.172118406953,1.42428185462,-0.0573832935233,0.00363017548455,0.046568360091,0.997258926904
2018/10/02/14:04:03.346317,55302,1538481843,330939706,/world,vicon/IMUframe/IMUframe,-0.201622363816,0.172073221624,1.42358495608,-0.058146558342,0.00402047227874,0.0464978077517,0.997216509806
2018/10/02/14:04:03.356410,55303,1538481843,340923657,/world,vicon/IMUframe/IMUframe,-0.201605711215,0.172070305639,1.42265019197,-0.0589383337125,0.00446643941756,0.0464118312497,0.997172134417
2018/10/02/14:04:03.366433,55304,1538481843,351055134,/world,vicon/IMUframe/IMUframe,-0.201651250949,0.172025020312,1.42165201893,-0.0596921365478,0.00493797927111,0.0463201528248,0.997129333957
2018/10/02/14:04:03.376490,55305,1538481843,360952506,/world,vicon/IMUframe/IMUframe,-0.201624885657,0.172036365799,1.42051236274,-0.0604367311749,0.00526925788011,0.0456568487619,0.99711337801
2018/10/02/14:04:03.386589,55306,1538481843,371041504,/world,vicon/IMUframe/IMUframe,-0.201540346009,0.171929225575,1.41924380939,-0.0612999721385,0.0059049099304,0.0453340671511,0.997071846865
2018/10/02/14:04:03.396421,55307,1538481843,380983951,/world,vicon/IMUframe/IMUframe,-0.201619325495,0.171846478212,1.41782516763,-0.0619477846482,0.00635262191969,0.0452110462106,0.997034642062
2018/10/02/14:04:03.406593,55308,1538481843,390954504,/world,vicon/IMUframe/IMUframe,-0.201727150091,0.17180390754,1.41624642202,-0.0623880520272,0.00673624177563,0.0450153030106,0.997013528748
2018/10/02/14:04:03.416371,55309,1538481843,401019675,/world,vicon/IMUframe/IMUframe,-0.201874205696,0.171771235298,1.4145120364,-0.0627136191636,0.00706205113688,0.0449629791765,0.99699320956
2018/10/02/14:04:03.426539,55310,1538481843,410949587,/world,vicon/IMUframe/IMUframe,-0.202010995908,0.171750213499,1.41262253477,-0.0628732000662,0.00722432056487,0.0449355549816,0.996983232459
2018/10/02/14:04:03.436615,55311,1538481843,421057156,/world,vicon/IMUframe/IMUframe,-0.2021754607,0.171789402862,1.41060713097,-0.0628405603952,0.00732101865472,0.0451467915035,0.99697504175
2018/10/02/14:04:03.446634,55312,1538481843,430950559,/world,vicon/IMUframe/IMUframe,-0.202378057511,0.171839762728,1.40840342839,-0.0627119618985,0.00729302071139,0.0455231375936,0.996966230936
2018/10/02/14:04:03.456694,55313,1538481843,440961424,/world,vicon/IMUframe/IMUframe,-0.202635271859,0.171885463067,1.40594621923,-0.0624349954065,0.00720420074889,0.0462123948328,0.996952549224
2018/10/02/14:04:03.466779,55314,1538481843,450975460,/world,vicon/IMUframe/IMUframe,-0.202838716967,0.171935757656,1.40336177301,-0.062049210855,0.00706571953167,0.0468589534085,0.996947445719
2018/10/02/14:04:03.476622,55315,1538481843,460968289,/world,vicon/IMUframe/IMUframe,-0.203113406256,0.172164561214,1.40048543649,-0.0613941408424,0.00676522441997,0.0477420797232,0.996948185731
2018/10/02/14:04:03.486572,55316,1538481843,471000060,/world,vicon/IMUframe/IMUframe,-0.20348988806,0.172423736342,1.39735967734,-0.0606222685935,0.00633479833479,0.0490555719211,0.996934482172
2018/10/02/14:04:03.496308,55317,1538481843,480975198,/world,vicon/IMUframe/IMUframe,-0.203900003653,0.172718091373,1.39405760738,-0.0596150213514,0.00628753320485,0.0508375903525,0.996906242112
2018/10/02/14:04:03.506358,55318,1538481843,490957725,/world,vicon/IMUframe/IMUframe,-0.204392339016,0.173168502595,1.39057090008,-0.0583440535562,0.00627098523958,0.0527914417208,0.996879987681
2018/10/02/14:04:03.516299,55319,1538481843,501067217,/world,vicon/IMUframe/IMUframe,-0.204942271146,0.173705431813,1.38687542448,-0.0569697012054,0.00638090197106,0.0550176141081,0.996838401835
2018/10/02/14:04:03.526531,55320,1538481843,511074918,/world,vicon/IMUframe/IMUframe,-0.205535140311,0.174390103441,1.38293662153,-0.0554541859354,0.00648510013986,0.0573188501581,0.996793522328
2018/10/02/14:04:03.536569,55321,1538481843,521075077,/world,vicon/IMUframe/IMUframe,-0.206184733208,0.175217584334,1.37875753904,-0.05381513461,0.00655621516716,0.0597546767649,0.996739848674
2018/10/02/14:04:03.546590,55322,1538481843,530971808,/world,vicon/IMUframe/IMUframe,-0.206847319181,0.176180182309,1.37435346479,-0.0520336324965,0.00677861551375,0.0623366683744,0.996674817198
2018/10/02/14:04:03.556957,55323,1538481843,540938570,/world,vicon/IMUframe/IMUframe,-0.207698086318,0.177149569975,1.36969584561,-0.0504028581109,0.00727319914246,0.064764029357,0.996600357701
2018/10/02/14:04:03.566706,55324,1538481843,550971950,/world,vicon/IMUframe/IMUframe,-0.208228268581,0.178441888444,1.36471028502,-0.0485028379433,0.0071066747431,0.0666102361247,0.996574154957
2018/10/02/14:04:03.576693,55325,1538481843,560982114,/world,vicon/IMUframe/IMUframe,-0.209229095989,0.179891495388,1.3595348138,-0.0467245243137,0.00761795191383,0.0681644195108,0.996550248381
2018/10/02/14:04:03.586319,55326,1538481843,570970057,/world,vicon/IMUframe/IMUframe,-0.210200593623,0.181409686676,1.3541054993,-0.0444371928058,0.00805568424105,0.069760808733,0.996540953204
2018/10/02/14:04:03.596383,55327,1538481843,580983250,/world,vicon/IMUframe/IMUframe,-0.211299409141,0.183036080196,1.34834621515,-0.041896261492,0.00852568147593,0.0711973328964,0.996545511162
2018/10/02/14:04:03.606363,55328,1538481843,591022480,/world,vicon/IMUframe/IMUframe,-0.212302735551,0.184783581018,1.34236709466,-0.0388396172253,0.00915868260192,0.0726559279756,0.996558437221
2018/10/02/14:04:03.616493,55329,1538481843,600953373,/world,vicon/IMUframe/IMUframe,-0.213346023766,0.186610705804,1.33617913196,-0.0353268559072,0.00982874876328,0.0739198315567,0.996589819059
2018/10/02/14:04:03.626353,55330,1538481843,611011053,/world,vicon/IMUframe/IMUframe,-0.214658053438,0.189010002957,1.32949289838,-0.0312417745966,0.0105205178711,0.0742213271904,0.996696776765
2018/10/02/14:04:03.636705,55331,1538481843,620974612,/world,vicon/IMUframe/IMUframe,-0.215952842343,0.191487710164,1.32250381551,-0.0271564181491,0.0119632988648,0.0742780424154,0.99679595748
2018/10/02/14:04:03.646616,55332,1538481843,630985797,/world,vicon/IMUframe/IMUframe,-0.21724734294,0.193900838794,1.31536292989,-0.0228862814751,0.0145546098026,0.0751238750537,0.996805289337
2018/10/02/14:04:03.656347,55333,1538481843,640958841,/world,vicon/IMUframe/IMUframe,-0.218622455834,0.196442679358,1.30788712305,-0.0187062913103,0.0173042971708,0.0754430504675,0.996824448988
2018/10/02/14:04:03.666639,55334,1538481843,650955461,/world,vicon/IMUframe/IMUframe,-0.220020071429,0.199100164612,1.30023356619,-0.0144948671362,0.0202376544433,0.0752538774454,0.996853645275
2018/10/02/14:04:03.676605,55335,1538481843,661008631,/world,vicon/IMUframe/IMUframe,-0.221582793873,0.202005212465,1.29237129082,-0.0101091911127,0.0242692651914,0.075029860225,0.99683465384
2018/10/02/14:04:03.686690,55336,1538481843,670949870,/world,vicon/IMUframe/IMUframe,-0.22330075646,0.205075988974,1.28435983261,-0.00566921477494,0.0279708360859,0.07398460579,0.996850926889
2018/10/02/14:04:03.696384,55337,1538481843,680938687,/world,vicon/IMUframe/IMUframe,-0.225088578101,0.208417600501,1.27611715962,-0.000824844739893,0.0316786690454,0.0732429142367,0.996810542216
2018/10/02/14:04:03.706398,55338,1538481843,690946901,/world,vicon/IMUframe/IMUframe,-0.226907414276,0.211721342887,1.26781881549,0.00370862592541,0.035092700996,0.072382363704,0.996752497792
2018/10/02/14:04:03.716425,55339,1538481843,700956385,/world,vicon/IMUframe/IMUframe,-0.228848805246,0.215269278339,1.2594537272,0.00835510954401,0.0384925968387,0.071052977728,0.996694530179
2018/10/02/14:04:03.726583,55340,1538481843,710960842,/world,vicon/IMUframe/IMUframe,-0.230880642521,0.219097481123,1.25092476862,0.0134030861379,0.0415876384367,0.0695000057798,0.99662459071
2018/10/02/14:04:03.736374,55341,1538481843,720965960,/world,vicon/IMUframe/IMUframe,-0.232948268414,0.223034736179,1.24226250878,0.0187493837944,0.0444070780151,0.0678483123574,0.996530520626
2018/10/02/14:04:03.746330,55342,1538481843,730957688,/world,vicon/IMUframe/IMUframe,-0.235147132756,0.22724105241,1.2335413564,0.0243124253759,0.0471622484442,0.0662725808349,0.996389769781
2018/10/02/14:04:03.756402,55343,1538481843,741029573,/world,vicon/IMUframe/IMUframe,-0.237425558858,0.231458968137,1.22479983327,0.0303725743288,0.0495561014496,0.0644581854139,0.996226300532
2018/10/02/14:04:03.766486,55344,1538481843,751055679,/world,vicon/IMUframe/IMUframe,-0.239993489622,0.235822141153,1.21609247053,0.0367350881306,0.0525409524516,0.0631358890136,0.995943693757
2018/10/02/14:04:03.776496,55345,1538481843,760986217,/world,vicon/IMUframe/IMUframe,-0.242604740935,0.240457977872,1.20735565034,0.0435092053668,0.0546965231087,0.0614948491736,0.995657382302
2018/10/02/14:04:03.786344,55346,1538481843,771011311,/world,vicon/IMUframe/IMUframe,-0.244972263885,0.245260269181,1.19860651991,0.0506973545556,0.0560507649059,0.0603897106007,0.995309586434
2018/10/02/14:04:03.796694,55347,1538481843,780988934,/world,vicon/IMUframe/IMUframe,-0.24783168224,0.249930279359,1.19013802807,0.0580320957842,0.0571920233959,0.0585458631744,0.994954134734
2018/10/02/14:04:03.806692,55348,1538481843,791065818,/world,vicon/IMUframe/IMUframe,-0.250819523977,0.254617593389,1.18170239055,0.0662454534352,0.0570747041468,0.056943029823,0.99454085356
2018/10/02/14:04:03.816892,55349,1538481843,800947576,/world,vicon/IMUframe/IMUframe,-0.253823927165,0.259569487684,1.17348020605,0.0749218093707,0.0561099957566,0.0556410752529,0.994053550671
2018/10/02/14:04:03.826774,55350,1538481843,810973456,/world,vicon/IMUframe/IMUframe,-0.256945044885,0.264401138104,1.16544648557,0.0842648846607,0.0540293056467,0.0542478423196,0.99349757672
2018/10/02/14:04:03.837093,55351,1538481843,821005101,/world,vicon/IMUframe/IMUframe,-0.260093569771,0.269265500504,1.15758406352,0.0944740750249,0.050957560881,0.0529024745533,0.992813831654
2018/10/02/14:04:03.846982,55352,1538481843,830975588,/world,vicon/IMUframe/IMUframe,-0.263333975219,0.274128749597,1.14992360487,0.10544595665,0.0470315335673,0.0512226963483,0.991990635266
2018/10/02/14:04:03.856693,55353,1538481843,840999660,/world,vicon/IMUframe/IMUframe,-0.266642043464,0.279063787904,1.14242979171,0.11697524323,0.0425132235522,0.0489437600805,0.991016612698
2018/10/02/14:04:03.866869,55354,1538481843,850969730,/world,vicon/IMUframe/IMUframe,-0.270124440376,0.284142796304,1.13517975871,0.128989343424,0.0376308388839,0.0457071206445,0.989877026893
2018/10/02/14:04:03.876699,55355,1538481843,860950293,/world,vicon/IMUframe/IMUframe,-0.273606776695,0.289267726761,1.12814580935,0.141531041282,0.0327176821227,0.0421396194745,0.988495204895
2018/10/02/14:04:03.886698,55356,1538481843,870958877,/world,vicon/IMUframe/IMUframe,-0.277191227424,0.294407268511,1.12133209797,0.15469103383,0.0277288121474,0.0378523540363,0.986848010751
2018/10/02/14:04:03.896667,55357,1538481843,880959110,/world,vicon/IMUframe/IMUframe,-0.280969035243,0.299546607488,1.11470584156,0.168113765252,0.0229043391504,0.0328875889042,0.984952567222
2018/10/02/14:04:03.906630,55358,1538481843,890952352,/world,vicon/IMUframe/IMUframe,-0.28492940846,0.304658280833,1.10835495644,0.18192842809,0.0180917079145,0.0272931889439,0.982766411206
2018/10/02/14:04:03.916580,55359,1538481843,900952639,/world,vicon/IMUframe/IMUframe,-0.288944791002,0.309849078143,1.10222275619,0.194997079551,0.0142450444954,0.0216773218936,0.980460764839
2018/10/02/14:04:03.926872,55360,1538481843,911021812,/world,vicon/IMUframe/IMUframe,-0.293090400295,0.314984927612,1.09640456374,0.208544934278,0.0102955389264,0.0158143303534,0.977830721148
2018/10/02/14:04:03.937045,55361,1538481843,921267821,/world,vicon/IMUframe/IMUframe,-0.297333310572,0.320109617181,1.09082620862,0.22200965815,0.00665799280915,0.0100589248919,0.974969846123
2018/10/02/14:04:03.946450,55362,1538481843,931065494,/world,vicon/IMUframe/IMUframe,-0.301658492544,0.325162428058,1.08552085559,0.235270202129,0.00316573392168,0.0045992701369,0.971913965757
2018/10/02/14:04:03.956603,55363,1538481843,940998720,/world,vicon/IMUframe/IMUframe,-0.305951491359,0.330037879913,1.08045485414,0.248115828829,-0.000133259454854,-0.00041941880927,0.968730272994
2018/10/02/14:04:03.966766,55364,1538481843,951013834,/world,vicon/IMUframe/IMUframe,-0.310221995247,0.33508644846,1.0757407617,0.261331581265,-0.00319709862726,-0.00475230900064,0.965232095795
2018/10/02/14:04:03.976509,55365,1538481843,960940540,/world,vicon/IMUframe/IMUframe,-0.314937954915,0.340143415576,1.07103824665,0.273964679793,-0.00624759662494,-0.00971889078608,0.961670351485
2018/10/02/14:04:03.986421,55366,1538481843,970959053,/world,vicon/IMUframe/IMUframe,-0.319292690575,0.345133332182,1.06682473639,0.286295925414,-0.00923580417509,-0.0141594204399,0.957992094866
2018/10/02/14:04:03.996337,55367,1538481843,980980938,/world,vicon/IMUframe/IMUframe,-0.323706280656,0.349909587233,1.06286293038,0.29812041509,-0.0123630856559,-0.0181751208183,0.954275137056
2018/10/02/14:04:04.006450,55368,1538481843,990963682,/world,vicon/IMUframe/IMUframe,-0.328170330514,0.354673933145,1.05901243046,0.3094021387,-0.0156617235882,-0.0219000462407,0.950550059153
2018/10/02/14:04:04.016599,55369,1538481844,985762,/world,vicon/IMUframe/IMUframe,-0.332573040942,0.359381825095,1.05551416125,0.320152313056,-0.0191312121338,-0.0256797174923,0.946824717293
2018/10/02/14:04:04.026232,55370,1538481844,10964875,/world,vicon/IMUframe/IMUframe,-0.336932993092,0.363987911864,1.05213772334,0.330113620319,-0.0224698691737,-0.0295031582525,0.943212418447
2018/10/02/14:04:04.036738,55371,1538481844,20959608,/world,vicon/IMUframe/IMUframe,-0.341311154082,0.36845612747,1.04895146512,0.339298173162,-0.0257758128112,-0.0334341270938,0.939731087231
2018/10/02/14:04:04.046309,55372,1538481844,31059451,/world,vicon/IMUframe/IMUframe,-0.345846610327,0.372828391355,1.04589204316,0.347626053217,-0.0290651791018,-0.0373677461969,0.936437394615
2018/10/02/14:04:04.056336,55373,1538481844,40976742,/world,vicon/IMUframe/IMUframe,-0.350427306656,0.377088116179,1.04309327185,0.355283713546,-0.0321727898204,-0.0414238091536,0.933285841808
2018/10/02/14:04:04.066562,55374,1538481844,51055016,/world,vicon/IMUframe/IMUframe,-0.355008054985,0.381350003329,1.040675979,0.362349677648,-0.0348529560149,-0.0466952814508,0.930219078097
2018/10/02/14:04:04.076615,55375,1538481844,61061618,/world,vicon/IMUframe/IMUframe,-0.359702535753,0.385477563986,1.03837535386,0.368532250006,-0.0377984891057,-0.051572808759,0.927413338444
2018/10/02/14:04:04.086925,55376,1538481844,70976659,/world,vicon/IMUframe/IMUframe,-0.36424581184,0.389436535055,1.03619996622,0.373748916149,-0.0413064754275,-0.0565869862369,0.924880227788
2018/10/02/14:04:04.096849,55377,1538481844,80976148,/world,vicon/IMUframe/IMUframe,-0.3687426969,0.393466705629,1.0343521825,0.378478161493,-0.0447109156144,-0.0628390797738,0.922391709281
2018/10/02/14:04:04.107019,55378,1538481844,91006776,/world,vicon/IMUframe/IMUframe,-0.373212623439,0.397296419454,1.03273182449,0.382556122053,-0.0480515415612,-0.0688511174396,0.920109442654
2018/10/02/14:04:04.116992,55379,1538481844,100979385,/world,vicon/IMUframe/IMUframe,-0.37772055273,0.401103253599,1.03133467688,0.386267985519,-0.0513439641327,-0.075137188614,0.917886291213
2018/10/02/14:04:04.126844,55380,1538481844,110983087,/world,vicon/IMUframe/IMUframe,-0.38216915672,0.404530775284,1.03009370849,0.389513976122,-0.0545377130131,-0.0805498168303,0.915869110339
2018/10/02/14:04:04.136733,55381,1538481844,120999467,/world,vicon/IMUframe/IMUframe,-0.386452548655,0.407980893894,1.02890370469,0.392376684019,-0.0584990797849,-0.0865511409057,0.913852994475
2018/10/02/14:04:04.146744,55382,1538481844,130981288,/world,vicon/IMUframe/IMUframe,-0.390848406795,0.411222816815,1.02796442073,0.395097984011,-0.0620995649209,-0.091676353114,0.911941156735
2018/10/02/14:04:04.156498,55383,1538481844,140954158,/world,vicon/IMUframe/IMUframe,-0.394897371173,0.414363974038,1.02707524629,0.397443018734,-0.0661620360738,-0.0976024356881,0.910019448358
2018/10/02/14:04:04.166590,55384,1538481844,150968152,/world,vicon/IMUframe/IMUframe,-0.399013580587,0.4173074114,1.02627766435,0.399616094796,-0.0701707779044,-0.102843987191,0.908188390703
2018/10/02/14:04:04.176635,55385,1538481844,160990436,/world,vicon/IMUframe/IMUframe,-0.403128456851,0.420091305803,1.02554624173,0.401595202052,-0.0741255204193,-0.107437157987,0.906467847193
2018/10/02/14:04:04.186752,55386,1538481844,170988246,/world,vicon/IMUframe/IMUframe,-0.40695604636,0.422782547155,1.02487151532,0.4032429629,-0.0787429484714,-0.112637664284,0.904713997638
2018/10/02/14:04:04.196777,55387,1538481844,181006144,/world,vicon/IMUframe/IMUframe,-0.410840808806,0.425265974338,1.0243120461,0.404728496503,-0.0832796205633,-0.117146567466,0.903070335383
2018/10/02/14:04:04.206644,55388,1538481844,190990663,/world,vicon/IMUframe/IMUframe,-0.414679183596,0.427608214149,1.02383871043,0.405944755321,-0.0877546600466,-0.121348406442,0.901544529971
2018/10/02/14:04:04.216527,55389,1538481844,200958775,/world,vicon/IMUframe/IMUframe,-0.418470991306,0.42981333027,1.02338339641,0.406761758176,-0.0922378876841,-0.125403338907,0.900172787165
2018/10/02/14:04:04.226538,55390,1538481844,210961252,/world,vicon/IMUframe/IMUframe,-0.422138556799,0.431812837313,1.02304617958,0.407323975179,-0.0969043363923,-0.129303173639,0.898875641076
2018/10/02/14:04:04.236512,55391,1538481844,220988144,/world,vicon/IMUframe/IMUframe,-0.425637336582,0.433663213495,1.02283170249,0.407707334948,-0.101217669843,-0.132398941437,0.897775157068
2018/10/02/14:04:04.246739,55392,1538481844,230987919,/world,vicon/IMUframe/IMUframe,-0.429144669554,0.435745026775,1.02255585366,0.407618791995,-0.106089006772,-0.136103792212,0.89669827746
2018/10/02/14:04:04.256574,55393,1538481844,240977205,/world,vicon/IMUframe/IMUframe,-0.432471599474,0.437431663701,1.0223986682,0.40747681783,-0.110185210995,-0.13847837469,0.895904906758
2018/10/02/14:04:04.266797,55394,1538481844,250970851,/world,vicon/IMUframe/IMUframe,-0.43567851291,0.439084060484,1.02227820928,0.407062745535,-0.114327094146,-0.140368666832,0.895279774212
2018/10/02/14:04:04.276706,55395,1538481844,260971865,/world,vicon/IMUframe/IMUframe,-0.438645037735,0.440326604013,1.02218694543,0.40684142694,-0.118431853194,-0.141534325965,0.894663056155
2018/10/02/14:04:04.286601,55396,1538481844,271000806,/world,vicon/IMUframe/IMUframe,-0.441583806971,0.441587555422,1.02222421842,0.40633300358,-0.122260522741,-0.142796138483,0.894178459601
2018/10/02/14:04:04.296697,55397,1538481844,280972127,/world,vicon/IMUframe/IMUframe,-0.44437501344,0.442721993785,1.02231932241,0.405969272868,-0.126125522688,-0.143536668311,0.893688159743
2018/10/02/14:04:04.306757,55398,1538481844,290982827,/world,vicon/IMUframe/IMUframe,-0.447109055865,0.443758997306,1.02232843189,0.405329490389,-0.129137434512,-0.143731228362,0.893517129787
2018/10/02/14:04:04.316502,55399,1538481844,300960426,/world,vicon/IMUframe/IMUframe,-0.449848294451,0.444748162898,1.02234190407,0.40458219168,-0.132075558757,-0.14364070989,0.893440900909
2018/10/02/14:04:04.326494,55400,1538481844,310962777,/world,vicon/IMUframe/IMUframe,-0.452478780381,0.445626357989,1.02240396678,0.403807293806,-0.13484080859,-0.143450837354,0.893408911457
2018/10/02/14:04:04.336306,55401,1538481844,320984284,/world,vicon/IMUframe/IMUframe,-0.455071989141,0.44647509426,1.02247419782,0.403073384747,-0.137410806319,-0.142957114782,0.893427881896
2018/10/02/14:04:04.346386,55402,1538481844,330984263,/world,vicon/IMUframe/IMUframe,-0.45764695755,0.447304380405,1.0226289046,0.402633476064,-0.139592469522,-0.142365056222,0.893382570444
2018/10/02/14:04:04.356658,55403,1538481844,341030100,/world,vicon/IMUframe/IMUframe,-0.460183581268,0.448099349776,1.02278331777,0.402336120808,-0.141501145618,-0.141728524911,0.893317467034
2018/10/02/14:04:04.366292,55404,1538481844,351007927,/world,vicon/IMUframe/IMUframe,-0.462678926421,0.448882246246,1.02300626939,0.402327079458,-0.143173706167,-0.140850813545,0.893193853159
2018/10/02/14:04:04.376750,55405,1538481844,360961742,/world,vicon/IMUframe/IMUframe,-0.465102021442,0.449654261761,1.02326699767,0.402577317739,-0.144590578902,-0.139951689818,0.892994172574
2018/10/02/14:04:04.386402,55406,1538481844,371011577,/world,vicon/IMUframe/IMUframe,-0.467490284694,0.450429970173,1.02356882241,0.403066217765,-0.145863422089,-0.139007396203,0.892714080764
2018/10/02/14:04:04.396438,55407,1538481844,380995678,/world,vicon/IMUframe/IMUframe,-0.469893652038,0.451226362317,1.02388716023,0.403773677366,-0.147128311446,-0.138088428756,0.892329346868
2018/10/02/14:04:04.406426,55408,1538481844,391007109,/world,vicon/IMUframe/IMUframe,-0.472185652587,0.45218157897,1.02419391964,0.404734690968,-0.14842705598,-0.138140429728,0.891670600981
2018/10/02/14:04:04.416602,55409,1538481844,401024538,/world,vicon/IMUframe/IMUframe,-0.474535028006,0.45298416543,1.02440687457,0.405684304964,-0.149754284635,-0.13732255735,0.891143318542
2018/10/02/14:04:04.426514,55410,1538481844,410976659,/world,vicon/IMUframe/IMUframe,-0.476856645067,0.453854924673,1.02454644163,0.406683731649,-0.151115798329,-0.136696028245,0.890554071221
2018/10/02/14:04:04.436525,55411,1538481844,420989433,/world,vicon/IMUframe/IMUframe,-0.479206638934,0.454760788058,1.02464982994,0.407766125344,-0.152554233362,-0.135925410413,0.88993161294
2018/10/02/14:04:04.446403,55412,1538481844,431037766,/world,vicon/IMUframe/IMUframe,-0.481554634409,0.455697355691,1.02470937289,0.408955638384,-0.154005739423,-0.135417810828,0.889212873596
2018/10/02/14:04:04.456697,55413,1538481844,440986430,/world,vicon/IMUframe/IMUframe,-0.483894195458,0.456644492955,1.02475636336,0.410235302788,-0.155480478594,-0.134919105516,0.888442261539
2018/10/02/14:04:04.466432,55414,1538481844,451111786,/world,vicon/IMUframe/IMUframe,-0.486237208749,0.457608327677,1.02473369313,0.411520291476,-0.156925909643,-0.134636080977,0.887636431365
2018/10/02/14:04:04.476663,55415,1538481844,460960308,/world,vicon/IMUframe/IMUframe,-0.488674098967,0.45860775996,1.02470126389,0.412871825812,-0.158173186502,-0.134245902914,0.886846173851
2018/10/02/14:04:04.486609,55416,1538481844,471033397,/world,vicon/IMUframe/IMUframe,-0.491048964821,0.459643819848,1.02464965278,0.414250500289,-0.15947096263,-0.134065092804,0.885997791182
2018/10/02/14:04:04.496785,55417,1538481844,480983176,/world,vicon/IMUframe/IMUframe,-0.493459199764,0.460707889673,1.0245640094,0.415699144922,-0.16062843888,-0.133878274124,0.885138030621
2018/10/02/14:04:04.506570,55418,1538481844,490982256,/world,vicon/IMUframe/IMUframe,-0.495783617222,0.461794974628,1.02447777219,0.417084289408,-0.161918366524,-0.133778975694,0.884265980219
2018/10/02/14:04:04.516714,55419,1538481844,500982220,/world,vicon/IMUframe/IMUframe,-0.498133179258,0.462924223294,1.02436974771,0.418432195857,-0.162998692233,-0.133524510654,0.883468804687
2018/10/02/14:04:04.526718,55420,1538481844,510996886,/world,vicon/IMUframe/IMUframe,-0.500510029373,0.464145455429,1.02418757874,0.419736180677,-0.164135230717,-0.133472237612,0.882647339799
2018/10/02/14:04:04.536813,55421,1538481844,520985303,/world,vicon/IMUframe/IMUframe,-0.502876920865,0.465478206196,1.0241135904,0.420931335644,-0.165300447928,-0.133900389028,0.881795474249
2018/10/02/14:04:04.546556,55422,1538481844,530960317,/world,vicon/IMUframe/IMUframe,-0.505219477555,0.466630161559,1.02396261927,0.421953459174,-0.166381509706,-0.133629957184,0.88114442974
2018/10/02/14:04:04.556556,55423,1538481844,540981181,/world,vicon/IMUframe/IMUframe,-0.507659725797,0.467829809153,1.02388792016,0.422915256581,-0.167444640771,-0.133328283045,0.88052742545
2018/10/02/14:04:04.566639,55424,1538481844,551020371,/world,vicon/IMUframe/IMUframe,-0.510147925957,0.469028263111,1.02384523646,0.423754126237,-0.168406602196,-0.133021178255,0.879986944772
2018/10/02/14:04:04.576693,55425,1538481844,560980518,/world,vicon/IMUframe/IMUframe,-0.512628915593,0.47025235121,1.02372750331,0.424554904074,-0.169143770256,-0.132744853461,0.879501178106
2018/10/02/14:04:04.586492,55426,1538481844,570953459,/world,vicon/IMUframe/IMUframe,-0.515161259082,0.471449554103,1.02363519663,0.42515344395,-0.169842662363,-0.13262112165,0.879095931757
2018/10/02/14:04:04.596858,55427,1538481844,580980512,/world,vicon/IMUframe/IMUframe,-0.51786842179,0.472612234345,1.02365773816,0.425768380689,-0.170398432562,-0.132453555658,0.878715947152
2018/10/02/14:04:04.606551,55428,1538481844,590989038,/world,vicon/IMUframe/IMUframe,-0.520287612705,0.473888445312,1.02350438448,0.426136370246,-0.17081542397,-0.132522835468,0.87844611842
2018/10/02/14:04:04.616668,55429,1538481844,600993721,/world,vicon/IMUframe/IMUframe,-0.522822250824,0.475128372705,1.02344488689,0.426431568218,-0.171246304553,-0.132766482455,0.87818214622
2018/10/02/14:04:04.626407,55430,1538481844,610991601,/world,vicon/IMUframe/IMUframe,-0.525310627656,0.476415647377,1.02340938891,0.426668934319,-0.171732747342,-0.13318435332,0.877908544216
2018/10/02/14:04:04.636631,55431,1538481844,620972057,/world,vicon/IMUframe/IMUframe,-0.527752919099,0.477706182606,1.02345472813,0.426765039798,-0.17213025414,-0.133817373564,0.877687693288
2018/10/02/14:04:04.646531,55432,1538481844,630994195,/world,vicon/IMUframe/IMUframe,-0.530193419457,0.47903040178,1.02350157714,0.426862730894,-0.172685077918,-0.134626247275,0.877407457447
2018/10/02/14:04:04.656756,55433,1538481844,640968624,/world,vicon/IMUframe/IMUframe,-0.532641176505,0.480305317616,1.02362052539,0.426827851958,-0.173584488289,-0.135897996117,0.877050822285
2018/10/02/14:04:04.666482,55434,1538481844,651004388,/world,vicon/IMUframe/IMUframe,-0.535069445404,0.481602728897,1.02371053814,0.426753447226,-0.173969998594,-0.137089603879,0.87682516808
2018/10/02/14:04:04.676515,55435,1538481844,660956114,/world,vicon/IMUframe/IMUframe,-0.537460210998,0.482797766305,1.02384887443,0.426536380149,-0.174380918481,-0.138544360311,0.876620483393
2018/10/02/14:04:04.686460,55436,1538481844,670988524,/world,vicon/IMUframe/IMUframe,-0.539901799717,0.483967952684,1.02401102207,0.426346564442,-0.17484407539,-0.14011136654,0.876371474465
2018/10/02/14:04:04.696836,55437,1538481844,680993780,/world,vicon/IMUframe/IMUframe,-0.542475394306,0.485217578761,1.02417165484,0.425970331339,-0.175197332882,-0.141798031985,0.876212582365
2018/10/02/14:04:04.706657,55438,1538481844,690967502,/world,vicon/IMUframe/IMUframe,-0.545031181277,0.486293329302,1.02450452518,0.425582245157,-0.175771491677,-0.143591270578,0.875994110902
2018/10/02/14:04:04.716579,55439,1538481844,700967978,/world,vicon/IMUframe/IMUframe,-0.54757853466,0.487409925279,1.02479690843,0.424993235222,-0.176300864835,-0.145685688507,0.875827857081
2018/10/02/14:04:04.726840,55440,1538481844,711002909,/world,vicon/IMUframe/IMUframe,-0.550163516438,0.488472743803,1.02512612515,0.424201624558,-0.176766053467,-0.147890432026,0.875748345233
2018/10/02/14:04:04.736938,55441,1538481844,721009371,/world,vicon/IMUframe/IMUframe,-0.552789112563,0.489489058775,1.02542771056,0.4232362927,-0.17727739757,-0.150386310907,0.875687000214
2018/10/02/14:04:04.746782,55442,1538481844,730984828,/world,vicon/IMUframe/IMUframe,-0.555407483635,0.490459242044,1.02584896333,0.422091714537,-0.178016691854,-0.153089580186,0.875621049529
2018/10/02/14:04:04.756819,55443,1538481844,741011820,/world,vicon/IMUframe/IMUframe,-0.558018026946,0.491403633371,1.02618499636,0.420749905705,-0.178560828189,-0.155989937199,0.875644155452
2018/10/02/14:04:04.766462,55444,1538481844,750950618,/world,vicon/IMUframe/IMUframe,-0.560651937848,0.492264184991,1.0266575687,0.419331385154,-0.179523431739,-0.159071974539,0.875573317203
2018/10/02/14:04:04.776517,55445,1538481844,760982622,/world,vicon/IMUframe/IMUframe,-0.563306088159,0.493139251238,1.02697288341,0.417657989423,-0.180001322253,-0.162342772407,0.875674683947
2018/10/02/14:04:04.786762,55446,1538481844,771024793,/world,vicon/IMUframe/IMUframe,-0.56597947524,0.493923090907,1.02727652577,0.415959279918,-0.180423454439,-0.165708318013,0.875765954967
2018/10/02/14:04:04.796706,55447,1538481844,781006552,/world,vicon/IMUframe/IMUframe,-0.568609688174,0.494670734301,1.02756563235,0.414153033876,-0.181001931929,-0.16928143634,0.875819251033
2018/10/02/14:04:04.806442,55448,1538481844,790941916,/world,vicon/IMUframe/IMUframe,-0.571347260837,0.495431409939,1.02784748258,0.412412686534,-0.181456213943,-0.172829127374,0.875853590013
