2018/10/02/14:07:46.864303;[];0;433;-1759;15889;40;36;-132;-603;-124;1250;188;145;52;0
2018/10/02/14:07:46.876126;[];0;385;-1455;15793;-10;82;-154;-616;-104;1222;0;146;52;0
2018/10/02/14:07:46.888196;[];0;433;-1695;15745;-8;-48;-118;-616;-104;1222;68;146;52;0
2018/10/02/14:07:46.901301;[];0;513;-1583;15745;-8;-48;84;-629;-137;1243;136;146;52;0
2018/10/02/14:07:46.917172;[];0;481;-1615;15553;12;-24;-48;-629;-137;1243;204;146;52;0
2018/10/02/14:07:46.929120;[];0;353;-1631;15793;18;-86;6;-629;-137;1243;16;147;52;0
2018/10/02/14:07:46.942316;[];0;465;-1391;15745;84;134;-10;-642;-84;1270;84;147;52;0
2018/10/02/14:07:46.954216;[];0;353;-1263;15889;6;-2;-144;-642;-84;1270;152;147;52;0
2018/10/02/14:07:46.970116;[];0;385;-1455;15921;-74;-66;-8;-661;-130;1243;220;147;52;0
2018/10/02/14:07:46.983366;[];0;513;-1295;15985;-4;-4;126;-661;-130;1243;32;148;52;0
2018/10/02/14:07:46.995272;[];0;465;-1551;15569;40;-20;70;-661;-130;1243;117;148;52;0
2018/10/02/14:07:47.007144;[];0;449;-1487;15745;-52;40;-114;-629;-143;1270;185;148;52;0
2018/10/02/14:07:47.024741;[];0;433;-1551;15761;64;-60;70;-629;-143;1270;253;148;52;0
2018/10/02/14:07:47.036303;[];0;481;-1455;15649;14;0;34;-610;-143;1270;65;149;52;0
2018/10/02/14:07:47.048177;[];0;609;-1727;15713;-174;-68;38;-610;-143;1270;133;149;52;0
2018/10/02/14:07:47.060131;[];0;257;-1439;15617;-44;14;-66;-610;-143;1270;201;149;52;0
2018/10/02/14:07:47.077348;[];0;241;-1519;15649;10;-52;62;-603;-124;1250;13;150;52;0
2018/10/02/14:07:47.089468;[];0;321;-1471;15713;-14;4;2;-603;-124;1250;81;150;52;0
2018/10/02/14:07:47.101144;[];0;305;-1551;15697;54;-92;26;-635;-137;1270;149;150;52;0
2018/10/02/14:07:47.114725;[];0;433;-1567;15729;-124;-48;-92;-635;-137;1270;217;150;52;0
2018/10/02/14:07:47.126255;[];0;481;-1663;15777;-60;-60;-6;-635;-137;1270;29;151;52;0
2018/10/02/14:07:47.142143;[];0;545;-1855;15713;-4;-42;-12;-623;-124;1277;97;151;52;0
2018/10/02/14:07:47.155324;[];0;401;-1663;15505;-8;-48;62;-623;-124;1277;165;151;52;0
2018/10/02/14:07:47.167282;[];0;385;-1903;15793;36;18;-72;-603;-117;1270;233;151;52;0
2018/10/02/14:07:47.179372;[];0;561;-1839;15745;-18;84;34;-603;-117;1270;45;152;52;0
2018/10/02/14:07:47.196129;[];0;593;-1791;16065;68;54;-28;-603;-117;1270;130;152;52;0
2018/10/02/14:07:47.212317;[];0;577;-1743;16001;44;-56;6;-603;-104;1263;198;152;52;0
2018/10/02/14:07:47.224185;[];0;497;-1711;15905;-22;-2;174;-603;-104;1263;10;153;52;0
2018/10/02/14:07:47.237139;[];0;433;-1743;15617;-66;-84;30;-635;-104;1277;95;153;52;0
2018/10/02/14:07:47.251217;[];0;593;-1727;16033;-48;-56;112;-635;-104;1277;163;153;52;0
2018/10/02/14:07:47.265223;[];0;545;-1631;15937;8;20;-18;-635;-104;1277;231;153;52;0
2018/10/02/14:07:47.278137;[];0;641;-1679;16033;-8;-68;206;-623;-104;1250;43;154;52;0
2018/10/02/14:07:47.290503;[];0;577;-1759;15985;-70;-14;96;-623;-104;1250;111;154;52;0
2018/10/02/14:07:47.302295;[];0;401;-1535;15793;18;20;-4;-623;-98;1290;179;154;52;0
2018/10/02/14:07:47.314115;[];0;369;-1455;16001;20;-10;-4;-623;-98;1290;247;154;52;0
2018/10/02/14:07:47.331636;[];0;433;-1615;15937;-78;62;118;-623;-98;1290;59;155;52;0
2018/10/02/14:07:47.343400;[];0;577;-1407;15793;-40;26;-118;-584;-98;1277;127;155;52;0
2018/10/02/14:07:47.355168;[];0;497;-1231;15809;-46;-30;70;-584;-98;1277;195;155;52;0
2018/10/02/14:07:47.369098;[];0;545;-1151;15729;-80;-18;-100;-591;-117;1283;7;156;52;0
2018/10/02/14:07:47.384618;[];0;193;-1519;15937;-36;-38;-92;-591;-117;1283;75;156;52;0
2018/10/02/14:07:47.396183;[];0;257;-1615;15713;-24;-18;30;-591;-117;1283;143;156;52;0
2018/10/02/14:07:47.409214;[];0;401;-1743;15777;-8;-58;-60;-597;-104;1250;211;156;52;0
2018/10/02/14:07:47.421355;[];0;433;-1967;15841;-56;16;98;-597;-104;1250;23;157;52;0
2018/10/02/14:07:47.437229;[];0;369;-1695;15857;-4;-22;12;-584;-130;1283;108;157;52;0
2018/10/02/14:07:47.450206;[];0;209;-1903;16161;14;6;48;-584;-130;1283;176;157;52;0
2018/10/02/14:07:47.462412;[];0;1;-2095;16209;48;-40;104;-584;-130;1283;244;157;52;0
2018/10/02/14:07:47.474321;[];0;193;-1743;15905;-20;-14;-50;-616;-84;1250;56;158;52;0
2018/10/02/14:07:47.491164;[];0;641;-1791;15889;36;44;-98;-616;-84;1250;124;158;52;0
2018/10/02/14:07:47.503693;[];0;497;-1695;15729;50;-38;86;-635;-137;1290;192;158;52;0
2018/10/02/14:07:47.515347;[];0;497;-1647;15841;-12;-54;28;-635;-137;1290;4;159;52;0
2018/10/02/14:07:47.527163;[];0;529;-1615;15841;66;-28;-36;-635;-137;1290;72;159;52;0
2018/10/02/14:07:47.544680;[];0;497;-1583;16097;0;22;32;-616;-91;1256;140;159;52;0
2018/10/02/14:07:47.556596;[];0;577;-1503;15969;48;-32;-98;-616;-91;1256;208;159;52;0
2018/10/02/14:07:47.568173;[];0;865;-1583;15889;126;72;34;-616;-111;1222;20;160;52;0
2018/10/02/14:07:47.581141;[];0;753;-1519;15969;148;76;42;-616;-111;1222;88;160;52;0
2018/10/02/14:07:47.597270;[];0;641;-1583;15889;64;54;18;-616;-111;1222;156;160;52;0
2018/10/02/14:07:47.609159;[];0;417;-1327;15985;66;48;-110;-654;-111;1263;224;160;52;0
2018/10/02/14:07:47.622117;[];0;513;-1407;16225;-22;-38;36;-654;-111;1263;36;161;52;0
2018/10/02/14:07:47.637244;[];0;193;-1583;16113;8;70;-24;-616;-143;1270;121;161;52;0
2018/10/02/14:07:47.646209;[];0;321;-1551;16049;-68;88;56;-616;-143;1270;189;161;52;0
2018/10/02/14:07:47.663121;[];0;353;-1663;15969;-24;60;24;-616;-143;1270;1;162;52;0
2018/10/02/14:07:47.675374;[];0;177;-1663;15713;-36;90;-134;-603;-130;1256;69;162;52;0
2018/10/02/14:07:47.687251;[];0;209;-1567;15969;82;-16;-48;-603;-130;1256;137;162;52;0
2018/10/02/14:07:47.699227;[];0;241;-1807;15761;52;114;-132;-635;-104;1297;205;162;52;0
2018/10/02/14:07:47.716181;[];0;241;-1695;15713;-92;4;-86;-635;-104;1297;17;163;52;0
2018/10/02/14:07:47.728298;[];0;209;-1775;15777;-78;-46;154;-635;-104;1297;85;163;52;0
2018/10/02/14:07:47.740218;[];0;161;-1823;15601;-10;10;56;-610;-143;1277;153;163;52;0
2018/10/02/14:07:47.753185;[];0;193;-1599;15809;-80;20;-24;-610;-143;1277;221;163;52;0
2018/10/02/14:07:47.769829;[];0;273;-1519;15793;-28;-52;-12;-597;-124;1256;33;164;52;0
2018/10/02/14:07:47.781323;[];0;465;-1583;15617;-88;-72;154;-597;-124;1256;101;164;52;0
2018/10/02/14:07:47.794148;[];0;481;-1791;15841;50;-72;-80;-597;-124;1256;169;164;52;0
2018/10/02/14:07:47.806338;[];0;369;-1663;15729;58;-50;154;-591;-124;1229;237;164;52;0
2018/10/02/14:07:47.822246;[];0;417;-1679;15793;-74;-36;20;-591;-124;1229;49;165;52;0
2018/10/02/14:07:47.835207;[];0;273;-1551;15841;56;-36;60;-610;-137;1256;134;165;52;0
2018/10/02/14:07:47.847131;[];0;513;-1823;16065;-50;-12;-58;-610;-137;1256;202;165;52;0
2018/10/02/14:07:47.859505;[];0;465;-1679;16113;-68;100;-72;-610;-137;1256;14;166;52;0
2018/10/02/14:07:47.876204;[];0;369;-1775;16129;18;-22;-36;-629;-150;1250;82;166;52;0
2018/10/02/14:07:47.888143;[];0;273;-1759;16113;-44;148;-166;-629;-150;1250;150;166;52;0
2018/10/02/14:07:47.900523;[];0;129;-1663;15745;28;100;34;-629;-137;1277;218;166;52;0
2018/10/02/14:07:47.912324;[];0;369;-1471;16145;-16;114;0;-629;-137;1277;29;167;52;0
2018/10/02/14:07:47.925104;[];0;401;-1599;15969;34;26;-82;-629;-137;1277;97;167;52;0
2018/10/02/14:07:47.941504;[];0;577;-1375;15857;46;64;-48;-629;-98;1250;165;167;52;0
2018/10/02/14:07:47.953268;[];0;433;-1247;15953;4;-30;-92;-629;-98;1250;233;167;52;0
2018/10/02/14:07:47.966162;[];0;209;-1327;15969;-14;28;32;-623;-98;1222;45;168;52;0
2018/10/02/14:07:47.978086;[];0;257;-1375;16097;-48;-4;44;-623;-98;1222;113;168;52;0
2018/10/02/14:07:47.994319;[];0;257;-1535;16161;30;-12;20;-623;-98;1222;181;168;52;0
2018/10/02/14:07:48.007218;[];0;305;-1567;15953;80;126;-6;-603;-117;1263;249;168;52;0
2018/10/02/14:07:48.019246;[];0;353;-1599;16145;-66;-36;38;-603;-117;1263;61;169;52;0
2018/10/02/14:07:48.031433;[];0;257;-1743;15953;-38;-12;-50;-629;-137;1243;129;169;52;0
2018/10/02/14:07:48.048331;[];0;241;-1759;15713;36;80;56;-629;-137;1243;214;169;52;0
2018/10/02/14:07:48.060158;[];0;193;-1711;15905;-92;8;-8;-635;-111;1256;26;170;52;0
2018/10/02/14:07:48.072130;[];0;257;-1583;15905;-38;36;8;-635;-111;1256;94;170;52;0
2018/10/02/14:07:48.084359;[];0;289;-1423;16049;56;100;78;-635;-111;1256;162;170;52;0
2018/10/02/14:07:48.101207;[];0;449;-1647;15761;-14;-18;-6;-623;-124;1229;230;170;52;0
2018/10/02/14:07:48.113159;[];0;145;-1375;15697;-24;-60;182;-623;-124;1229;42;171;52;0
2018/10/02/14:07:48.125386;[];0;241;-1487;15553;-18;-32;-44;-623;-124;1229;110;171;52;0
2018/10/02/14:07:48.138399;[];0;193;-1727;15457;-46;72;-22;-674;-137;1243;178;171;52;0
2018/10/02/14:07:48.154165;[];0;385;-1759;15585;24;-80;14;-674;-137;1243;246;171;52;0
2018/10/02/14:07:48.166558;[];0;289;-1823;15505;46;42;-106;-629;-130;1236;58;172;52;0
2018/10/02/14:07:48.179288;[];0;209;-1711;15793;-106;-96;-16;-629;-130;1236;126;172;52;0
2018/10/02/14:07:48.191140;[];0;497;-1695;15665;26;26;-148;-629;-130;1236;194;172;52;0
2018/10/02/14:07:48.207762;[];0;225;-1951;15809;12;-24;112;-648;-137;1250;6;173;52;0
2018/10/02/14:07:48.220251;[];0;385;-1583;15713;64;-22;-134;-648;-137;1250;74;173;52;0
2018/10/02/14:07:48.232203;[];0;401;-1887;15489;6;-78;-50;-642;-130;1263;142;173;52;0
2018/10/02/14:07:48.244126;[];0;289;-1583;15617;-122;-174;2;-642;-130;1263;227;173;52;0
2018/10/02/14:07:48.256279;[];0;305;-1503;15745;-14;-24;-50;-648;-104;1263;39;174;52;0
2018/10/02/14:07:48.273445;[];0;433;-1471;15649;2;-32;62;-648;-104;1263;107;174;52;0
2018/10/02/14:07:48.285157;[];0;433;-1423;16033;22;-78;34;-648;-104;1263;175;174;52;0
2018/10/02/14:07:48.297419;[];0;433;-1663;15777;48;72;-16;-623;-117;1283;243;174;52;0
2018/10/02/14:07:48.310277;[];0;337;-1599;16049;-18;-62;-52;-623;-117;1283;55;175;52;0
2018/10/02/14:07:48.326180;[];0;465;-1871;15921;100;-92;-116;-623;-117;1283;123;175;52;0
2018/10/02/14:07:48.338120;[];0;321;-1775;16017;52;50;8;-667;-130;1250;191;175;52;0
2018/10/02/14:07:48.353189;[];0;401;-1599;15841;18;-42;-24;-667;-130;1250;3;176;52;0
2018/10/02/14:07:48.363296;[];0;577;-1759;16081;-36;-74;70;-623;-91;1290;71;176;52;0
2018/10/02/14:07:48.379119;[];0;417;-1455;16033;146;26;18;-623;-91;1290;139;176;52;0
2018/10/02/14:07:48.392441;[];0;177;-1679;16081;100;-26;-136;-623;-91;1290;207;176;52;0
2018/10/02/14:07:48.404297;[];0;273;-1679;16081;10;34;-2;-629;-130;1283;19;177;52;0
2018/10/02/14:07:48.416207;[];0;273;-1711;16017;40;84;-138;-629;-130;1283;87;177;52;0
2018/10/02/14:07:48.433157;[];0;449;-1535;16161;-12;16;6;-584;-98;1250;155;177;52;0
2018/10/02/14:07:48.445398;[];0;625;-1423;16081;-64;6;136;-584;-98;1250;240;177;52;0
2018/10/02/14:07:48.457355;[];0;577;-1647;16033;0;-68;-100;-616;-130;1229;52;178;52;0
2018/10/02/14:07:48.469158;[];0;465;-1599;16017;-24;-74;84;-616;-130;1229;120;178;52;0
2018/10/02/14:07:48.488707;[];0;433;-1663;16081;4;-90;26;-616;-130;1229;188;178;52;0
2018/10/02/14:07:48.498539;[];0;625;-1823;15873;62;60;-24;-623;-98;1256;0;179;52;0
2018/10/02/14:07:48.510157;[];0;593;-1983;16209;0;-36;6;-623;-98;1256;68;179;52;0
2018/10/02/14:07:48.523498;[];0;769;-2047;15921;-84;-26;-10;-623;-98;1256;136;179;52;0
2018/10/02/14:07:48.535213;[];0;113;-1839;16689;-62;-74;14;-635;-104;1216;204;179;52;0
2018/10/02/14:07:48.551197;[];0;305;-1951;15377;20;28;70;-635;-104;1216;16;180;52;0
2018/10/02/14:07:48.564153;[];0;353;-1455;16161;-8;60;72;-623;-130;1209;84;180;52;0
2018/10/02/14:07:48.576391;[];0;161;-1647;15921;14;88;-36;-623;-130;1209;152;180;52;0
2018/10/02/14:07:48.588467;[];0;529;-1727;15569;100;100;-20;-623;-130;1209;220;180;52;0
2018/10/02/14:07:48.605136;[];0;705;-1919;16049;118;-12;-76;-616;-130;1229;32;181;52;0
2018/10/02/14:07:48.617657;[];0;401;-1551;15265;18;-74;-128;-616;-130;1229;100;181;52;0
2018/10/02/14:07:48.629314;[];0;273;-1535;15377;-34;-56;62;-591;-117;1250;168;181;52;0
2018/10/02/14:07:48.641201;[];0;401;-1791;15809;-38;20;-38;-591;-117;1250;236;181;52;0
2018/10/02/14:07:48.658544;[];0;161;-1871;15681;2;-8;28;-616;-111;1283;65;182;52;0
2018/10/02/14:07:48.670334;[];0;337;-1951;16289;-100;-88;42;-616;-111;1283;133;182;52;0
2018/10/02/14:07:48.682241;[];0;497;-1743;15809;62;-98;-22;-616;-111;1283;201;182;52;0
2018/10/02/14:07:48.695158;[];0;145;-1663;15809;-92;-48;48;-629;-130;1283;13;183;52;0
2018/10/02/14:07:48.711383;[];0;369;-1455;15841;2;30;74;-629;-130;1283;81;183;52;0
2018/10/02/14:07:48.723283;[];0;193;-1695;16081;-44;-92;-12;-629;-130;1283;149;183;52;0
2018/10/02/14:07:48.736121;[];0;241;-1695;16049;32;-130;146;-616;-163;1256;217;183;52;0
2018/10/02/14:07:48.748358;[];0;241;-1791;15841;58;-54;-68;-616;-163;1256;29;184;52;0
2018/10/02/14:07:48.764354;[];0;353;-1903;15633;38;34;6;-591;-104;1236;97;184;52;0
2018/10/02/14:07:48.777175;[];0;513;-1807;15857;80;-74;-36;-591;-104;1236;165;184;52;0
2018/10/02/14:07:48.789146;[];0;785;-1983;15777;30;-74;112;-591;-104;1236;233;184;52;0
2018/10/02/14:07:48.801314;[];0;625;-1871;15857;54;-98;-36;-623;-124;1229;45;185;52;0
2018/10/02/14:07:48.813139;[];0;801;-2031;15713;82;68;-60;-623;-124;1229;113;185;52;0
2018/10/02/14:07:48.830122;[];0;705;-1967;15649;22;-126;-6;-591;-117;1263;181;185;52;0
2018/10/02/14:07:48.842382;[];0;881;-1727;15729;164;-58;32;-591;-117;1263;249;185;52;0
2018/10/02/14:07:48.854245;[];0;977;-1407;15617;174;-30;-24;-591;-117;1317;78;186;52;0
2018/10/02/14:07:48.867097;[];0;865;-831;15697;-34;-62;130;-591;-117;1317;146;186;52;0
2018/10/02/14:07:48.883502;[];0;865;-559;15665;66;-30;48;-591;-117;1317;214;186;52;0
2018/10/02/14:07:48.895351;[];0;817;-95;15601;96;-66;128;-603;-117;1310;26;187;52;0
2018/10/02/14:07:48.908702;[];0;817;273;15953;60;-74;-14;-603;-117;1310;94;187;52;0
2018/10/02/14:07:48.920101;[];0;865;961;16273;136;8;32;-603;-117;1310;162;187;52;0
2018/10/02/14:07:48.936311;[];0;769;1073;16513;26;-74;90;-610;-91;1277;230;187;52;0
2018/10/02/14:07:48.949185;[];0;657;1265;16561;20;6;-50;-610;-91;1277;42;188;52;0
2018/10/02/14:07:48.961169;[];0;577;1713;16481;-110;28;6;-591;-84;1270;110;188;52;0
2018/10/02/14:07:48.973445;[];0;465;2129;16785;-52;64;-8;-591;-84;1270;178;188;52;0
2018/10/02/14:07:48.990227;[];0;401;2433;16753;-66;-52;-96;-591;-84;1270;246;188;52;0
2018/10/02/14:07:49.002154;[];0;321;2641;16897;-48;146;-212;-584;-84;1304;58;189;52;0
2018/10/02/14:07:49.014762;[];0;177;2785;16881;-44;74;-170;-584;-84;1304;126;189;52;0
2018/10/02/14:07:49.026326;[];0;273;2865;16737;-110;154;-98;-616;-117;1277;194;189;52;0
2018/10/02/14:07:49.043176;[];0;417;2673;16657;-84;216;-68;-616;-117;1277;6;190;52;0
2018/10/02/14:07:49.055456;[];0;417;2753;16465;-148;174;-162;-616;-117;1277;74;190;52;0
2018/10/02/14:07:49.067373;[];0;465;2913;16641;-222;106;-46;-597;-104;1277;159;190;52;0
2018/10/02/14:07:49.080220;[];0;625;2865;15681;-180;178;-48;-597;-104;1277;227;190;52;0
2018/10/02/14:07:49.096141;[];0;689;3425;14913;-272;202;-46;-591;-124;1283;39;191;52;0
2018/10/02/14:07:49.108425;[];0;785;3393;14977;-80;128;116;-591;-124;1283;107;191;52;0
2018/10/02/14:07:49.121213;[];0;753;3393;14881;-26;104;50;-591;-124;1283;175;191;52;0
2018/10/02/14:07:49.133132;[];0;769;3601;15025;-102;150;98;-623;-111;1216;243;191;52;0
2018/10/02/14:07:49.145318;[];0;273;4081;14193;-30;-62;196;-623;-111;1216;55;192;52;0
2018/10/02/14:07:49.162301;[];0;97;4129;13761;-44;-36;96;-603;-143;1277;123;192;52;0
2018/10/02/14:07:49.174167;[];0;225;4177;14145;182;50;96;-603;-143;1277;191;192;52;0
2018/10/02/14:07:49.186389;[];0;289;3633;14369;192;-22;-84;-603;-143;1277;3;193;52;0
2018/10/02/14:07:49.198233;[];0;401;3377;13905;174;-14;-90;-654;-137;1277;71;193;52;0
2018/10/02/14:07:49.215204;[];0;705;2625;14161;102;-38;-184;-654;-137;1277;139;193;52;0
2018/10/02/14:07:49.227155;[];0;833;1297;14177;34;-192;-294;-654;-111;1256;207;193;52;0
2018/10/02/14:07:49.239458;[];0;1345;-191;14449;72;-98;-372;-654;-111;1256;19;194;52;0
2018/10/02/14:07:49.252246;[];0;1297;-1359;14865;-16;-116;-240;-654;-111;1256;87;194;52;0
2018/10/02/14:07:49.268162;[];0;1281;-3999;16305;-58;-156;-224;-616;-156;1277;172;194;52;0
2018/10/02/14:07:49.283480;[];0;1265;-4895;16801;-134;-108;-120;-616;-156;1277;240;194;52;0
2018/10/02/14:07:49.293348;[];0;1073;-5167;16753;-88;14;-270;-603;-137;1263;52;195;52;0
2018/10/02/14:07:49.305129;[];0;353;-6207;16801;30;172;-178;-603;-137;1263;120;195;52;0
2018/10/02/14:07:49.321620;[];0;689;-7071;17425;4;274;-284;-603;-137;1263;188;195;52;0
2018/10/02/14:07:49.334291;[];0;593;-6063;16481;176;102;-398;-616;-169;1304;0;196;52;0
2018/10/02/14:07:49.346203;[];0;305;-5535;16849;200;122;-324;-616;-169;1304;68;196;52;0
2018/10/02/14:07:49.358371;[];0;833;-6415;17281;234;42;-400;-654;-202;1250;135;196;52;0
2018/10/02/14:07:49.375355;[];0;449;-7151;16577;232;-56;-604;-654;-202;1250;203;196;52;0
2018/10/02/14:07:49.387262;[];0;769;-7711;17185;256;-24;-722;-654;-202;1250;15;197;52;0
2018/10/02/14:07:49.399158;[];0;1201;-7871;16673;266;-204;-682;-616;-196;1277;83;197;52;0
2018/10/02/14:07:49.411653;[];0;1473;-8543;17009;110;-208;-738;-616;-196;1277;151;197;52;0
2018/10/02/14:07:49.424363;[];0;1425;-9871;17057;38;-228;-676;-629;-222;1324;219;197;52;0
2018/10/02/14:07:49.440180;[];0;1361;-10543;17649;-68;-168;-730;-629;-222;1324;31;198;52;0
2018/10/02/14:07:49.452425;[];0;1569;-11007;17553;-54;12;-670;-629;-222;1324;99;198;52;0
2018/10/02/14:07:49.465395;[];0;1921;-11535;17457;-78;82;-468;-616;-248;1270;184;198;52;0
2018/10/02/14:07:49.477163;[];0;2193;-11311;17745;-136;18;-428;-616;-248;1270;252;198;52;0
2018/10/02/14:07:49.493164;[];0;2353;-11583;17409;-62;96;-212;-603;-209;1310;64;199;52;0
2018/10/02/14:07:49.506417;[];0;2337;-11775;17057;-28;80;-138;-603;-209;1310;132;199;52;0
2018/10/02/14:07:49.518299;[];0;2097;-11839;17201;-26;202;-80;-603;-209;1310;200;199;52;0
2018/10/02/14:07:49.530163;[];0;2033;-11967;16321;-144;164;104;-584;-222;1304;12;200;52;0
2018/10/02/14:07:49.547455;[];0;2113;-12175;16545;-94;224;332;-584;-222;1304;80;200;52;0
2018/10/02/14:07:49.559267;[];0;1873;-12207;15665;-6;290;404;-616;-209;1290;148;200;52;0
2018/10/02/14:07:49.571182;[];0;2017;-12431;15089;-336;362;512;-616;-209;1290;216;200;52;0
2018/10/02/14:07:49.583493;[];0;817;-10495;13841;-124;230;590;-616;-209;1290;28;201;52;0
2018/10/02/14:07:49.600310;[];0;1457;-9567;15905;-12;-34;880;-667;-189;1304;96;201;52;0
2018/10/02/14:07:49.612189;[];0;513;-9295;14865;72;52;874;-667;-189;1304;164;201;52;0
2018/10/02/14:07:49.624156;[];0;737;-9839;17185;56;6;790;-635;-176;1324;232;201;52;0
2018/10/02/14:07:49.637396;[];0;321;-8911;16721;98;-22;854;-635;-176;1324;44;202;52;0
2018/10/02/14:07:49.653227;[];0;497;-8431;16417;164;88;952;-635;-176;1324;112;202;52;0
2018/10/02/14:07:49.665179;[];0;897;-7903;16833;136;20;874;-667;-137;1304;180;202;52;0
2018/10/02/14:07:49.678444;[];0;977;-6847;15441;-2;120;932;-667;-137;1304;9;203;52;0
2018/10/02/14:07:49.690275;[];0;769;-6559;14673;-58;90;936;-680;-98;1256;77;203;52;0
2018/10/02/14:07:49.706167;[];0;1281;-6207;15265;62;2;974;-680;-98;1256;145;203;52;0
2018/10/02/14:07:49.719573;[];0;993;-4255;14417;46;0;840;-699;-71;1263;230;203;52;0
2018/10/02/14:07:49.735337;[];0;305;-2991;14113;0;76;824;-699;-71;1263;42;204;52;0
2018/10/02/14:07:49.747168;[];0;33;-2495;14481;-80;38;604;-699;-71;1263;110;204;52;0
2018/10/02/14:07:49.760333;[];0;-623;-1823;14417;-306;10;650;-654;-19;1195;178;204;52;0
2018/10/02/14:07:49.772335;[];0;-1199;-239;15905;-260;-52;488;-654;-19;1195;246;204;52;0
2018/10/02/14:07:49.788204;[];0;-2559;993;15905;-142;-28;470;-661;-26;1216;58;205;52;0
2018/10/02/14:07:49.801469;[];0;-2975;2321;16337;-232;-72;502;-661;-26;1216;126;205;52;0
2018/10/02/14:07:49.813412;[];0;-2207;2689;15297;-124;-48;256;-661;-26;1216;194;205;52;0
2018/10/02/14:07:49.825254;[];0;-1183;3153;14145;-352;-102;256;-654;-19;1216;6;206;52;0
2018/10/02/14:07:49.841169;[];0;785;3377;14657;-346;-256;188;-654;-19;1216;74;206;52;0
2018/10/02/14:07:49.854474;[];0;2417;3393;14929;-444;-434;222;-654;-13;1202;142;206;52;0
2018/10/02/14:07:49.866307;[];0;2401;3729;16113;-286;-418;306;-654;-13;1202;210;206;52;0
2018/10/02/14:07:49.878335;[];0;2177;5009;17185;-48;-328;512;-654;-13;1202;22;207;52;0
2018/10/02/14:07:49.895436;[];0;1473;5761;16657;128;-224;658;-642;-71;1168;90;207;52;0
2018/10/02/14:07:49.907345;[];0;1617;5777;16449;292;8;544;-642;-71;1168;158;207;52;0
2018/10/02/14:07:49.919320;[];0;2145;6529;16081;448;60;660;-642;19;1202;243;207;52;0
2018/10/02/14:07:49.932429;[];0;2433;7233;15297;590;212;574;-642;19;1202;55;208;52;0
2018/10/02/14:07:49.944324;[];0;2385;8577;15777;536;360;420;-642;19;1202;123;208;52;0
2018/10/02/14:07:49.960203;[];0;1921;10065;16001;706;210;386;-661;65;1168;191;208;52;0
2018/10/02/14:07:49.973380;[];0;561;11521;16049;580;312;362;-661;65;1168;3;209;52;0
2018/10/02/14:07:49.985438;[];0;49;12881;16993;574;128;672;-642;71;1121;71;209;52;0
2018/10/02/14:07:49.997317;[];0;353;13697;15937;618;98;532;-642;71;1121;139;209;52;0
2018/10/02/14:07:50.014181;[];0;225;14401;16593;324;-34;456;-642;71;1121;207;209;52;0
2018/10/02/14:07:50.026392;[];0;-63;14545;15969;278;-268;580;-654;143;1182;19;210;52;0
2018/10/02/14:07:50.038313;[];0;-255;13793;15425;40;-266;318;-654;143;1182;87;210;52;0
2018/10/02/14:07:50.050186;[];0;-399;13153;16113;-134;-372;382;-623;156;1162;155;210;52;0
2018/10/02/14:07:50.067457;[];0;-351;13041;16081;-344;-284;244;-623;156;1162;223;210;52;0
2018/10/02/14:07:50.079635;[];0;-399;12577;16769;-418;-216;68;-623;156;1162;35;211;52;0
2018/10/02/14:07:50.091187;[];0;-607;11937;15937;-296;-194;196;-654;156;1168;103;211;52;0
2018/10/02/14:07:50.104498;[];0;-1055;11425;15457;-442;134;8;-654;156;1168;171;211;52;0
2018/10/02/14:07:50.120364;[];0;-1231;10737;14369;-520;90;-24;-571;130;1168;0;212;52;0
2018/10/02/14:07:50.132201;[];0;-1055;9729;13089;-456;192;-178;-571;130;1168;68;212;52;0
2018/10/02/14:07:50.145170;[];0;-847;9057;12561;-448;142;-194;-571;130;1168;136;212;52;0
2018/10/02/14:07:50.157393;[];0;-767;8321;12945;-432;114;-372;-648;111;1162;204;212;52;0
2018/10/02/14:07:50.173213;[];0;-895;8033;12913;-478;14;-306;-648;111;1162;16;213;52;0
2018/10/02/14:07:50.186182;[];0;-1247;7169;13137;-346;-6;-298;-623;78;1202;84;213;52;0
2018/10/02/14:07:50.198784;[];0;-1087;6273;13281;-332;-190;-388;-623;78;1202;152;213;52;0
2018/10/02/14:07:50.210244;[];0;-655;5249;13153;-258;-246;-366;-623;78;1202;220;213;52;0
2018/10/02/14:07:50.226134;[];0;-415;4369;13377;-282;-272;-362;-616;39;1195;32;214;52;0
2018/10/02/14:07:50.239465;[];0;209;2897;13297;-130;-74;-128;-616;39;1195;100;214;52;0
2018/10/02/14:07:50.251273;[];0;817;2657;13249;-108;-236;-330;-578;13;1270;168;214;52;0
2018/10/02/14:07:50.263194;[];0;1761;2545;12977;-94;-406;-282;-578;13;1270;236;214;52;0
2018/10/02/14:07:50.276134;[];0;2401;2273;13505;60;-424;-424;-578;13;1270;48;215;52;0
2018/10/02/14:07:50.292385;[];0;2369;977;14593;6;-350;-496;-571;-26;1209;116;215;52;0
2018/10/02/14:07:50.304266;[];0;2753;145;14337;-12;-500;-650;-571;-26;1209;184;215;52;0
2018/10/02/14:07:50.317166;[];0;2353;-1471;14305;-60;-334;-708;-546;-45;1229;13;216;52;0
2018/10/02/14:07:50.329260;[];0;2497;-2463;15905;-44;-100;-904;-546;-45;1229;81;216;52;0
2018/10/02/14:07:50.345504;[];0;2785;-3423;15649;-160;-182;-820;-546;-45;1229;149;216;52;0
2018/10/02/14:07:50.358199;[];0;2369;-3839;15873;12;16;-960;-533;-71;1310;217;216;52;0
2018/10/02/14:07:50.370151;[];0;2625;-4111;15729;108;-62;-1018;-533;-71;1310;29;217;52;0
2018/10/02/14:07:50.382352;[];0;2961;-4255;14529;322;50;-1106;-533;-91;1304;97;217;52;0
2018/10/02/14:07:50.399386;[];0;3025;-5583;15025;220;-124;-1156;-533;-91;1304;165;217;52;0
2018/10/02/14:07:50.411159;[];0;3089;-6991;14497;250;-154;-1324;-533;-91;1304;233;217;52;0
2018/10/02/14:07:50.423425;[];0;3089;-8639;14033;206;-174;-1290;-527;-137;1331;45;218;52;0
2018/10/02/14:07:50.435307;[];0;3249;-8879;16033;252;-260;-1360;-527;-137;1331;113;218;52;0
2018/10/02/14:07:50.452188;[];0;2977;-10463;16593;234;-296;-1366;-533;-130;1378;181;218;52;0
2018/10/02/14:07:50.464581;[];0;2817;-11503;16257;188;-436;-1338;-533;-130;1378;249;218;52;0
2018/10/02/14:07:50.476390;[];0;4305;-11551;16961;236;-482;-1298;-533;-130;1378;61;219;52;0
2018/10/02/14:07:50.489171;[];0;5009;-12111;16289;284;-588;-1420;-495;-176;1337;129;219;52;0
2018/10/02/14:07:50.505749;[];0;5089;-12463;17105;222;-734;-1168;-495;-176;1337;197;219;52;0
2018/10/02/14:07:50.517537;[];0;5761;-13503;18017;150;-832;-1218;-431;-196;1378;9;220;52;0
2018/10/02/14:07:50.530184;[];0;5681;-14015;18257;-50;-804;-984;-431;-196;1378;94;220;52;0
2018/10/02/14:07:50.542351;[];0;5665;-14303;19601;-32;-654;-954;-431;-196;1378;162;220;52;0
2018/10/02/14:07:50.554383;[];0;6033;-14799;19841;-142;-510;-778;-431;-202;1398;230;220;52;0
2018/10/02/14:07:50.571217;[];0;5953;-15423;19873;-114;-408;-612;-431;-202;1398;42;221;52;0
2018/10/02/14:07:50.583161;[];0;6641;-15967;19553;-266;-336;-420;-412;-267;1385;110;221;52;0
2018/10/02/14:07:50.595384;[];0;6545;-16063;17617;-318;-98;-186;-412;-267;1385;178;221;52;0
2018/10/02/14:07:50.607225;[];0;7217;-16271;19137;-210;-12;-10;-412;-267;1385;246;221;52;0
2018/10/02/14:07:50.624170;[];0;7409;-16015;17073;-374;76;182;-373;-241;1385;58;222;52;0
2018/10/02/14:07:50.636632;[];0;7329;-15487;17905;-208;324;378;-373;-241;1385;126;222;52;0
2018/10/02/14:07:50.648698;[];0;6961;-14479;17697;-40;330;536;-361;-235;1391;211;222;52;0
2018/10/02/14:07:50.661193;[];0;6305;-13535;17041;148;374;610;-361;-235;1391;6;223;52;0
2018/10/02/14:07:50.677492;[];0;6145;-12799;17729;242;364;764;-361;-235;1391;74;223;52;0
2018/10/02/14:07:50.689322;[];0;5793;-10831;16849;298;412;762;-405;-215;1371;142;223;52;0
2018/10/02/14:07:50.702221;[];0;5825;-10463;17041;262;426;902;-405;-215;1371;210;223;52;0
2018/10/02/14:07:50.714161;[];0;5457;-9695;16737;278;512;1080;-437;-169;1412;39;224;52;0
2018/10/02/14:07:50.730345;[];0;4689;-8879;16097;218;428;1056;-437;-169;1412;107;224;52;0
2018/10/02/14:07:50.743243;[];0;4257;-8207;16497;232;416;1164;-437;-169;1412;175;224;52;0
2018/10/02/14:07:50.755219;[];0;4081;-7583;15713;82;430;1364;-476;-150;1398;243;224;52;0
2018/10/02/14:07:50.767443;[];0;4049;-6495;16017;180;488;1302;-476;-150;1398;55;225;52;0
2018/10/02/14:07:50.784284;[];0;3681;-5055;15409;194;538;1246;-488;-84;1344;123;225;52;0
2018/10/02/14:07:50.796170;[];0;3265;-3567;14945;96;456;1224;-488;-84;1344;191;225;52;0
2018/10/02/14:07:50.808685;[];0;3073;-2255;14817;326;534;1120;-488;-84;1344;3;226;52;0
2018/10/02/14:07:50.820276;[];0;2881;-1327;14289;172;294;1120;-520;-84;1337;70;226;52;0
2018/10/02/14:07:50.837161;[];0;3361;-991;13649;250;390;906;-520;-84;1337;138;226;52;0
2018/10/02/14:07:50.849156;[];0;3889;-79;13761;154;232;954;-546;-6;1317;206;226;52;0
2018/10/02/14:07:50.861320;[];0;3473;465;13457;116;188;728;-546;-6;1317;18;227;52;0
2018/10/02/14:07:50.874267;[];0;2737;-207;13761;46;122;800;-546;-6;1317;86;227;52;0
2018/10/02/14:07:50.886111;[];0;1969;593;13057;20;164;706;-539;0;1331;154;227;52;0
2018/10/02/14:07:50.902611;[];0;1985;945;12657;-62;214;564;-539;0;1331;222;227;52;0
2018/10/02/14:07:50.915453;[];0;2209;1457;12305;-158;200;544;-539;-6;1277;34;228;52;0
2018/10/02/14:07:50.927160;[];0;3041;1825;12161;-218;64;526;-539;-6;1277;119;228;52;0
2018/10/02/14:07:50.939210;[];0;3137;2881;12849;-86;76;496;-539;-6;1277;187;228;52;0
2018/10/02/14:07:50.956341;[];0;2785;2785;13441;-110;56;464;-591;19;1256;255;228;52;0
2018/10/02/14:07:50.968249;[];0;2241;2993;13985;-170;-2;554;-591;19;1256;67;229;52;0
2018/10/02/14:07:50.980172;[];0;1425;3361;14401;-122;-92;658;-584;39;1250;135;229;52;0
2018/10/02/14:07:50.992688;[];0;785;3793;14625;-76;-16;586;-584;39;1250;203;229;52;0
2018/10/02/14:07:51.009250;[];0;385;4465;15169;-130;-78;624;-584;39;1250;15;230;52;0
2018/10/02/14:07:51.021177;[];0;977;4385;15265;-74;-62;754;-552;65;1256;83;230;52;0
2018/10/02/14:07:51.033376;[];0;1121;5377;14657;28;64;496;-552;65;1256;151;230;52;0
2018/10/02/14:07:51.046338;[];0;1233;7649;14721;296;82;448;-546;84;1277;219;230;52;0
2018/10/02/14:07:51.062225;[];0;1825;9297;14609;324;60;496;-546;84;1277;31;231;52;0
2018/10/02/14:07:51.074202;[];0;2417;10049;14865;676;56;310;-546;84;1277;99;231;52;0
2018/10/02/14:07:51.087411;[];0;2145;11809;14865;924;10;220;-539;104;1236;167;231;52;0
2018/10/02/14:07:51.099439;[];0;2081;12337;15665;936;-74;168;-539;104;1236;235;231;52;0
2018/10/02/14:07:51.115178;[];0;1393;13105;16849;930;-2;82;-571;163;1182;47;232;52;0
2018/10/02/14:07:51.128621;[];0;65;14097;17857;858;-6;34;-571;163;1182;132;232;52;0
2018/10/02/14:07:51.140288;[];0;-287;14641;18001;682;66;68;-571;163;1182;200;232;52;0
2018/10/02/14:07:51.152195;[];0;833;14401;18145;406;184;14;-546;209;1162;12;233;52;0
2018/10/02/14:07:51.164324;[];0;1489;14113;17985;112;46;42;-546;209;1162;80;233;52;0
2018/10/02/14:07:51.181447;[];0;1665;13633;18049;-8;50;82;-571;169;1209;148;233;52;0
2018/10/02/14:07:51.193216;[];0;1297;13041;18257;-284;154;146;-571;169;1209;216;233;52;0
2018/10/02/14:07:51.205176;[];0;497;13217;18881;-384;226;160;-571;169;1209;28;234;52;0
2018/10/02/14:07:51.218531;[];0;-159;13617;18033;-456;366;160;-591;189;1195;96;234;52;0
2018/10/02/14:07:51.234217;[];0;-335;13297;17569;-554;430;332;-591;189;1195;164;234;52;0
2018/10/02/14:07:51.246166;[];0;-239;13025;16065;-570;342;444;-597;156;1162;232;234;52;0
2018/10/02/14:07:51.259640;[];0;-191;12433;15009;-614;482;280;-597;156;1162;44;235;52;0
2018/10/02/14:07:51.271275;[];0;-159;12177;13729;-534;418;202;-597;156;1162;112;235;52;0
2018/10/02/14:07:51.287151;[];0;-399;11025;13473;-628;258;172;-616;163;1182;180;235;52;0
2018/10/02/14:07:51.300520;[];0;-863;9905;12305;-634;216;34;-616;163;1182;248;235;52;0
2018/10/02/14:07:51.312296;[];0;-1391;7793;11921;-616;160;-114;-597;156;1175;60;236;52;0
2018/10/02/14:07:51.324227;[];0;-1647;6449;11617;-592;58;-56;-597;156;1175;128;236;52;0
2018/10/02/14:07:51.341372;[];0;-1183;5345;10897;-554;-112;-72;-597;156;1175;213;236;52;0
2018/10/02/14:07:51.353419;[];0;-1087;4337;10721;-434;-184;-44;-603;143;1222;25;237;52;0
2018/10/02/14:07:51.365284;[];0;-143;3233;11169;-290;-330;-204;-603;143;1222;93;237;52;0
2018/10/02/14:07:51.377176;[];0;401;2161;10625;-164;-526;-192;-610;91;1229;161;237;52;0
2018/10/02/14:07:51.394435;[];0;785;1361;12017;-132;-784;-100;-610;91;1229;229;237;52;0
2018/10/02/14:07:51.406359;[];0;305;385;12545;-100;-788;-292;-610;91;1229;41;238;52;0
2018/10/02/14:07:51.418211;[];0;1089;1;14273;-266;-944;-178;-552;58;1256;109;238;52;0
2018/10/02/14:07:51.431462;[];0;1553;-1199;14641;-196;-922;-350;-552;58;1256;177;238;52;0
2018/10/02/14:07:51.447416;[];0;2721;-1567;15473;-250;-848;-604;-571;26;1256;245;238;52;0
2018/10/02/14:07:51.459205;[];0;3585;-1743;15633;-392;-564;-572;-571;26;1256;57;239;52;0
2018/10/02/14:07:51.472509;[];0;3953;-2335;14705;-288;-536;-618;-571;26;1256;125;239;52;0
2018/10/02/14:07:51.484395;[];0;3985;-2687;14593;-380;-500;-698;-495;-39;1364;193;239;52;0
2018/10/02/14:07:51.496199;[];0;3537;-3855;14721;-350;-330;-834;-495;-39;1364;5;240;52;0
2018/10/02/14:07:51.513393;[];0;3393;-4719;16241;-322;-360;-1086;-450;-71;1358;73;240;52;0
2018/10/02/14:07:51.525469;[];0;2177;-6191;16785;-294;-198;-1228;-450;-71;1358;141;240;52;0
2018/10/02/14:07:51.537301;[];0;3201;-7167;15921;-186;-188;-1524;-450;-71;1358;226;240;52;0
2018/10/02/14:07:51.549194;[];0;4017;-6815;15697;-282;-254;-1558;-463;-104;1378;38;241;52;0
2018/10/02/14:07:51.566421;[];0;4033;-7167;14209;-268;-164;-1598;-463;-104;1378;106;241;52;0
2018/10/02/14:07:51.578366;[];0;4689;-8591;14449;-234;-298;-1660;-476;-111;1371;174;241;52;0
2018/10/02/14:07:51.590202;[];0;5249;-10415;15105;-198;-162;-1744;-476;-111;1371;242;241;52;0
2018/10/02/14:07:51.603400;[];0;4417;-12735;16385;-34;-82;-1842;-476;-111;1371;54;242;52;0
2018/10/02/14:07:51.619438;[];0;4081;-14831;16289;-88;-174;-1646;-412;-248;1364;122;242;52;0
2018/10/02/14:07:51.631223;[];0;3809;-13679;17057;-18;114;-1594;-412;-248;1364;190;242;52;0
2018/10/02/14:07:51.644440;[];0;4481;-15087;17649;86;-70;-1344;-380;-235;1378;2;243;52;0
2018/10/02/14:07:51.656439;[];0;5569;-15167;15617;196;-182;-1274;-380;-235;1378;70;243;52;0
2018/10/02/14:07:51.672243;[];0;6705;-15039;15569;-16;-274;-1190;-380;-235;1378;138;243;52;0
2018/10/02/14:07:51.685208;[];0;7201;-15535;16497;-58;-520;-1102;-386;-281;1412;206;243;52;0
2018/10/02/14:07:51.697487;[];0;7089;-16271;16929;-196;-556;-1024;-386;-281;1412;18;244;52;0
2018/10/02/14:07:51.709275;[];0;6849;-17119;18897;-322;-676;-758;-348;-261;1405;86;244;52;0
2018/10/02/14:07:51.726197;[];0;7233;-17519;19313;-330;-572;-470;-348;-261;1405;154;244;52;0
2018/10/02/14:07:51.738680;[];0;7553;-18159;19313;-478;-506;-230;-348;-261;1405;222;244;52;0
2018/10/02/14:07:51.750394;[];0;8129;-18255;19841;-328;-200;166;-284;-307;1398;51;245;52;0
2018/10/02/14:07:51.762207;[];0;8449;-18607;19457;-284;-86;276;-284;-307;1398;119;245;52;0
2018/10/02/14:07:51.775395;[];0;8481;-18543;17761;-194;150;512;-303;-300;1391;187;245;52;0
2018/10/02/14:07:51.791376;[];0;8481;-18383;17921;-116;276;856;-303;-300;1391;255;245;52;0
2018/10/02/14:07:51.803213;[];0;8689;-17423;17441;-98;462;874;-303;-300;1391;67;246;52;0
2018/10/02/14:07:51.816545;[];0;8273;-16079;16017;72;426;966;-316;-300;1385;135;246;52;0
2018/10/02/14:07:51.828377;[];0;7025;-14623;16001;198;622;994;-316;-300;1385;203;246;52;0
2018/10/02/14:07:51.844237;[];0;6257;-13439;16401;328;548;1168;-348;-267;1391;15;247;52;0
2018/10/02/14:07:51.859281;[];0;5281;-12799;16801;244;578;1194;-348;-267;1391;83;247;52;0
2018/10/02/14:07:51.869426;[];0;4881;-11551;16353;268;492;1054;-348;-267;1391;151;247;52;0
2018/10/02/14:07:51.881280;[];0;4641;-11311;15281;272;712;1124;-418;-248;1364;219;247;52;0
2018/10/02/14:07:51.898180;[];0;4897;-11247;14385;286;760;1002;-418;-248;1364;31;248;52;0
2018/10/02/14:07:51.913045;[];0;4881;-10991;14033;234;686;1042;-476;-189;1391;99;248;52;0
2018/10/02/14:07:51.922341;[];0;4929;-10431;13185;188;748;1066;-476;-189;1391;167;248;52;0
2018/10/02/14:07:51.934190;[];0;4801;-9551;13665;190;746;978;-476;-189;1391;235;248;52;0
2018/10/02/14:07:51.951621;[];0;3969;-8431;12401;302;704;860;-507;-117;1344;64;249;52;0
2018/10/02/14:07:51.963352;[];0;3329;-8047;11825;422;766;1144;-507;-117;1344;132;249;52;0
2018/10/02/14:07:51.975242;[];0;3521;-5919;11457;456;736;1024;-546;-91;1317;200;249;52;0
2018/10/02/14:07:51.988176;[];0;3249;-3311;10161;452;762;1174;-546;-91;1317;12;250;52;0
2018/10/02/14:07:52.004421;[];0;2177;449;10161;592;616;1216;-546;-91;1317;80;250;52;0
2018/10/02/14:07:52.016317;[];0;2753;3681;10209;548;544;1250;-578;-13;1290;148;250;52;0
2018/10/02/14:07:52.029185;[];0;2913;5985;10785;448;420;1080;-578;-13;1290;216;250;52;0
2018/10/02/14:07:52.041383;[];0;2017;7329;11745;270;134;1022;-591;65;1229;28;251;52;0
2018/10/02/14:07:52.053381;[];0;1377;8833;10753;126;32;856;-591;65;1229;96;251;52;0
2018/10/02/14:07:52.070215;[];0;1121;9121;12737;46;-136;866;-591;65;1229;164;251;52;0
2018/10/02/14:07:52.082162;[];0;1809;8897;12833;-38;-260;516;-578;91;1236;232;251;52;0
2018/10/02/14:07:52.094304;[];0;2385;8977;13425;28;-412;340;-578;91;1236;44;252;52;0
2018/10/02/14:07:52.106209;[];0;2881;8833;14497;214;-390;316;-635;117;1256;112;252;52;0
2018/10/02/14:07:52.123188;[];0;3665;8625;14465;326;-388;306;-635;117;1256;180;252;52;0
2018/10/02/14:07:52.135594;[];0;3665;9441;15729;398;-468;434;-635;117;1256;248;252;52;0
2018/10/02/14:07:52.147366;[];0;3553;10465;16993;614;-360;558;-591;91;1216;77;253;52;0
2018/10/02/14:07:52.160186;[];0;3153;11345;17489;634;-430;654;-591;91;1216;145;253;52;0
2018/10/02/14:07:52.176411;[];0;3201;12321;18385;548;-454;868;-533;150;1202;213;253;52;0
2018/10/02/14:07:52.188377;[];0;3425;12657;18801;592;-380;940;-533;150;1202;25;254;52;0
2018/10/02/14:07:52.201229;[];0;4113;13425;18433;468;-212;916;-533;150;1202;93;254;52;0
2018/10/02/14:07:52.213174;[];0;4433;13921;19105;400;-362;986;-514;169;1175;161;254;52;0
2018/10/02/14:07:52.229348;[];0;4145;14977;19393;264;-112;866;-514;169;1175;246;254;52;0
2018/10/02/14:07:52.246192;[];0;3857;15121;19025;102;-168;812;-488;189;1236;58;255;52;0
2018/10/02/14:07:52.258179;[];0;3681;14689;19249;28;112;662;-488;189;1236;126;255;52;0
2018/10/02/14:07:52.270362;[];0;2993;14529;18977;-28;186;670;-488;189;1236;193;255;52;0
2018/10/02/14:07:52.283310;[];0;2033;13969;18641;-178;298;502;-463;215;1148;5;0;53;0
2018/10/02/14:07:52.295163;[];0;1409;13425;18065;-156;622;186;-463;215;1148;73;0;53;0
2018/10/02/14:07:52.311611;[];0;273;12961;17041;-324;750;266;-495;209;1182;141;0;53;0
2018/10/02/14:07:52.324323;[];0;-383;11793;16593;-386;650;112;-495;209;1182;209;0;53;0
2018/10/02/14:07:52.336195;[];0;-527;11009;15633;-404;852;184;-495;209;1182;21;1;53;0
2018/10/02/14:07:52.348439;[];0;-1055;10049;14481;-392;744;54;-571;248;1195;89;1;53;0
2018/10/02/14:07:52.364402;[];0;-1359;9377;13809;-540;550;76;-571;248;1195;157;1;53;0
2018/10/02/14:07:52.377193;[];0;-1855;8369;12721;-366;466;-44;-578;228;1209;225;1;53;0
2018/10/02/14:07:52.389201;[];0;-1919;6833;11681;-388;296;-112;-578;228;1209;54;2;53;0
2018/10/02/14:07:52.401424;[];0;-1679;5249;11233;-330;150;-130;-578;228;1209;122;2;53;0
2018/10/02/14:07:52.418230;[];0;-1983;4769;11121;-274;-226;-184;-597;235;1189;190;2;53;0
2018/10/02/14:07:52.430187;[];0;-1583;3777;11617;-84;-258;-352;-597;235;1189;2;3;53;0
2018/10/02/14:07:52.442404;[];0;-1151;3281;11729;40;-532;-210;-559;183;1229;70;3;53;0
2018/10/02/14:07:52.455309;[];0;-127;2657;12497;40;-586;-186;-559;183;1229;138;3;53;0
2018/10/02/14:07:52.471190;[];0;737;2481;12161;210;-680;-204;-559;183;1229;206;3;53;0
2018/10/02/14:07:52.483743;[];0;1297;2113;12529;180;-642;-164;-539;209;1222;18;4;53;0
2018/10/02/14:07:52.496370;[];0;1489;2049;13473;86;-716;-32;-539;209;1222;86;4;53;0
2018/10/02/14:07:52.508190;[];0;1633;1377;13457;34;-620;-180;-507;196;1270;154;4;53;0
2018/10/02/14:07:52.524732;[];0;2145;625;14689;36;-680;-204;-507;196;1270;222;4;53;0
2018/10/02/14:07:52.536418;[];0;2689;241;14321;-36;-486;-202;-507;196;1270;34;5;53;0
2018/10/02/14:07:52.549255;[];0;3297;-191;14145;-120;-352;-210;-507;150;1256;102;5;53;0
2018/10/02/14:07:52.561399;[];0;3809;-511;14529;-44;-244;-386;-507;150;1256;170;5;53;0
2018/10/02/14:07:52.573417;[];0;3665;-1055;13217;-40;-246;-444;-501;98;1297;238;5;53;0
2018/10/02/14:07:52.590222;[];0;2737;-1919;13937;40;6;-484;-501;98;1297;50;6;53;0
2018/10/02/14:07:52.602189;[];0;2769;-3007;14913;166;-92;-604;-501;111;1324;135;6;53;0
2018/10/02/14:07:52.614407;[];0;2497;-3071;14721;256;186;-686;-501;111;1324;203;6;53;0
2018/10/02/14:07:52.627271;[];0;1441;-3071;15217;188;134;-842;-501;111;1324;15;7;53;0
2018/10/02/14:07:52.643217;[];0;1409;-3199;15441;288;138;-858;-514;84;1317;83;7;53;0
2018/10/02/14:07:52.655763;[];0;1281;-4127;14529;270;162;-970;-514;84;1317;151;7;53;0
2018/10/02/14:07:52.668396;[];0;1329;-5519;15185;86;112;-1086;-514;84;1317;219;7;53;0
2018/10/02/14:07:52.680232;[];0;705;-7743;16049;18;26;-1110;-501;71;1324;31;8;53;0
2018/10/02/14:07:52.696530;[];0;465;-10639;17393;-28;74;-1262;-501;71;1324;99;8;53;0
2018/10/02/14:07:52.709345;[];0;1041;-13167;17745;-190;-36;-1374;-482;6;1344;167;8;53;0
2018/10/02/14:07:52.721309;[];0;1681;-12447;19121;-66;-82;-1438;-482;6;1344;235;8;53;0
2018/10/02/14:07:52.733192;[];0;3153;-13999;17553;-200;-162;-1372;-482;6;1344;47;9;53;0
2018/10/02/14:07:52.749553;[];0;3857;-12911;19729;40;-236;-1202;-501;-6;1385;115;9;53;0
2018/10/02/14:07:52.762344;[];0;3969;-12959;18705;234;-398;-1070;-501;-6;1385;183;9;53;0
2018/10/02/14:07:52.774208;[];0;3505;-12831;17665;368;-168;-960;-469;-19;1304;251;9;53;0
2018/10/02/14:07:52.786395;[];0;3281;-11247;19265;264;-204;-804;-469;-19;1304;63;10;53;0
2018/10/02/14:07:52.803375;[];0;2625;-9311;17633;282;-18;-644;-469;-45;1344;148;10;53;0
2018/10/02/14:07:52.815198;[];0;2721;-7599;17281;296;168;-370;-469;-45;1344;216;10;53;0
2018/10/02/14:07:52.827171;[];0;3057;-5615;18033;222;186;-380;-469;-45;1344;28;11;53;0
2018/10/02/14:07:52.840338;[];0;2705;-4495;16353;86;188;-226;-469;-13;1364;96;11;53;0
2018/10/02/14:07:52.856196;[];0;2833;-3343;17169;78;288;-16;-469;-13;1364;164;11;53;0
2018/10/02/14:07:52.868165;[];0;2881;-2671;16593;-42;218;34;-469;-13;1364;232;11;53;0
2018/10/02/14:07:52.883340;[];0;3153;-2015;15953;-98;126;-58;-501;-19;1358;44;12;53;0
2018/10/02/14:07:52.893327;[];0;3201;-1999;16449;-214;104;-12;-501;-19;1358;112;12;53;0
2018/10/02/14:07:52.905153;[];0;2993;-1983;15457;-346;106;32;-520;-19;1385;180;12;53;0
2018/10/02/14:07:52.921456;[];0;2897;-1951;15953;-310;176;-16;-520;-19;1385;248;12;53;0
2018/10/02/14:07:52.934332;[];0;3185;-2047;16289;-374;64;34;-520;-19;1385;60;13;53;0
2018/10/02/14:07:52.946244;[];0;2977;-2527;16049;-290;90;-30;-507;-26;1344;111;13;53;0
2018/10/02/14:07:52.958185;[];0;2561;-2495;16577;-204;48;110;-507;-26;1344;196;13;53;0
2018/10/02/14:07:52.975511;[];0;2513;-2527;16129;-188;10;178;-501;-39;1385;8;14;53;0
2018/10/02/14:07:52.987355;[];0;1969;-2431;16225;-214;176;216;-501;-39;1385;76;14;53;0
2018/10/02/14:07:52.999203;[];0;1553;-1967;16481;46;72;158;-533;-32;1351;161;14;53;0
2018/10/02/14:07:53.012428;[];0;1393;-1119;15697;-204;76;290;-533;-32;1351;229;14;53;0
2018/10/02/14:07:53.028419;[];0;1201;-767;15761;-32;104;322;-533;-32;1351;41;15;53;0
2018/10/02/14:07:53.040216;[];0;1361;-447;15281;-68;50;250;-520;-32;1344;109;15;53;0
2018/10/02/14:07:53.053447;[];0;1265;-159;15345;-42;8;196;-520;-32;1344;177;15;53;0
2018/10/02/14:07:53.065452;[];0;1313;145;15521;-180;-154;346;-520;-32;1344;245;15;53;0
2018/10/02/14:07:53.081243;[];0;1521;257;15313;-84;0;62;-539;0;1351;57;16;53;0
2018/10/02/14:07:53.094202;[];0;1761;193;15857;-62;-96;224;-539;0;1351;125;16;53;0
2018/10/02/14:07:53.106497;[];0;1905;193;15569;-176;-268;156;-552;-6;1364;193;16;53;0
2018/10/02/14:07:53.118514;[];0;1809;-15;15457;-204;-86;44;-552;-6;1364;5;17;53;0
2018/10/02/14:07:53.134190;[];0;2401;65;15681;-92;-112;52;-552;-6;1364;73;17;53;0
2018/10/02/14:07:53.147698;[];0;2369;241;15521;-148;-126;114;-539;-65;1317;141;17;53;0
2018/10/02/14:07:53.159424;[];0;2513;209;15777;-286;-36;104;-539;-65;1317;209;17;53;0
2018/10/02/14:07:53.171235;[];0;2657;-335;15409;-108;112;-72;-571;-52;1337;21;18;53;0
2018/10/02/14:07:53.184173;[];0;2465;-271;15169;-162;80;220;-571;-52;1337;89;18;53;0
2018/10/02/14:07:53.200398;[];0;2929;-431;15313;-232;68;58;-571;-52;1337;157;18;53;0
2018/10/02/14:07:53.212284;[];0;3553;-959;15057;-120;140;80;-527;-58;1358;242;18;53;0
2018/10/02/14:07:53.225221;[];0;3553;-1039;15025;-134;102;-30;-527;-58;1358;54;19;53;0
2018/10/02/14:07:53.237729;[];0;3441;-1247;15345;-192;94;50;-488;-39;1331;122;19;53;0
2018/10/02/14:07:53.253323;[];0;3089;-1487;15489;-72;166;14;-488;-39;1331;190;19;53;0
2018/10/02/14:07:53.266224;[];0;2609;-1999;15681;30;210;286;-488;-39;1331;2;20;53;0
2018/10/02/14:07:53.278744;[];0;1841;-1855;16129;24;184;224;-552;-39;1297;70;20;53;0
2018/10/02/14:07:53.290368;[];0;833;-1679;16209;84;238;308;-552;-39;1297;138;20;53;0
2018/10/02/14:07:53.306252;[];0;-239;-1359;17201;68;328;222;-527;-84;1324;206;20;53;0
2018/10/02/14:07:53.319478;[];0;-1647;-1311;17393;158;380;250;-527;-84;1324;18;21;53;0
2018/10/02/14:07:53.331410;[];0;-3151;-1055;17873;122;376;252;-527;-84;1324;86;21;53;0
2018/10/02/14:07:53.343263;[];0;-3759;-831;19233;-68;334;362;-565;-39;1337;154;21;53;0
2018/10/02/14:07:53.360234;[];0;-5263;-367;19857;-62;460;318;-565;-39;1337;222;21;53;0
2018/10/02/14:07:53.372464;[];0;-6367;-479;20929;-148;250;190;-578;-39;1358;34;22;53;0
2018/10/02/14:07:53.384309;[];0;-6863;-495;21601;-238;382;222;-578;-39;1358;102;22;53;0
2018/10/02/14:07:53.397222;[];0;-7967;-799;21521;-146;378;244;-578;-39;1358;170;22;53;0
2018/10/02/14:07:53.413474;[];0;-8207;-863;21009;-208;438;258;-610;-52;1331;255;22;53;0
2018/10/02/14:07:53.425398;[];0;-8975;-95;20481;-56;354;256;-610;-52;1331;67;23;53;0
2018/10/02/14:07:53.438227;[];0;-9199;-559;19553;-26;242;170;-584;-32;1344;135;23;53;0
2018/10/02/14:07:53.450380;[];0;-9151;-639;18689;-52;288;84;-584;-32;1344;203;23;53;0
2018/10/02/14:07:53.466451;[];0;-8831;-703;18689;-20;306;-36;-584;-32;1344;15;24;53;0
2018/10/02/14:07:53.479234;[];0;-8847;-655;18017;2;124;-186;-635;13;1378;83;24;53;0
2018/10/02/14:07:53.491548;[];0;-8687;-1007;18129;54;82;-200;-635;13;1378;151;24;53;0
2018/10/02/14:07:53.503398;[];0;-8271;-1375;18145;52;-76;-252;-616;-39;1317;219;24;53;0
2018/10/02/14:07:53.515232;[];0;-8239;-1055;17265;170;24;-380;-616;-39;1317;31;25;53;0
2018/10/02/14:07:53.532425;[];0;-8031;-783;17569;58;98;-390;-616;-39;1317;99;25;53;0
2018/10/02/14:07:53.544474;[];0;-10479;-735;17745;38;50;-496;-654;0;1331;167;25;53;0
2018/10/02/14:07:53.556316;[];0;-7967;-2543;14929;26;98;-618;-654;0;1331;235;25;53;0
2018/10/02/14:07:53.569218;[];0;-5663;945;13777;102;-6;-554;-674;-19;1310;47;26;53;0
2018/10/02/14:07:53.585458;[];0;-5855;2657;14769;36;-124;-894;-674;-19;1310;115;26;53;0
2018/10/02/14:07:53.597372;[];0;-4543;1873;14177;24;-150;-720;-674;-19;1310;183;26;53;0
2018/10/02/14:07:53.610218;[];0;-3407;-207;14849;-38;-288;-778;-629;-13;1371;12;27;53;0
2018/10/02/14:07:53.622409;[];0;-2143;-1551;13777;-232;-140;-840;-629;-13;1371;80;27;53;0
2018/10/02/14:07:53.638413;[];0;577;-1535;13537;-268;-168;-694;-584;-13;1378;148;27;53;0
2018/10/02/14:07:53.651225;[];0;1809;-3055;12161;-324;-132;-618;-584;-13;1378;216;27;53;0
2018/10/02/14:07:53.663297;[];0;2257;-2671;11457;-158;94;-506;-584;-13;1378;28;28;53;0
2018/10/02/14:07:53.675424;[];0;3105;-1679;10385;-118;-62;-158;-610;-39;1378;96;28;53;0
2018/10/02/14:07:53.691243;[];0;4945;-1503;7889;-8;-102;-212;-610;-39;1378;164;28;53;0
2018/10/02/14:07:53.704187;[];0;7041;-735;8097;-88;-428;-198;-571;-65;1412;232;28;53;0
2018/10/02/14:07:53.716564;[];0;9553;-831;8209;-158;-654;-226;-571;-65;1412;44;29;53;0
2018/10/02/14:07:53.728351;[];0;8785;-2399;8753;-338;-916;-238;-571;-65;1412;111;29;53;0
2018/10/02/14:07:53.745198;[];0;10513;-2735;11393;-382;-1142;-156;-546;-19;1405;179;29;53;0
2018/10/02/14:07:53.757871;[];0;11217;-2111;10737;-178;-1198;84;-546;-19;1405;247;29;53;0
2018/10/02/14:07:53.769346;[];0;12193;-1855;11313;-176;-1294;324;-476;-65;1452;59;30;53;0
2018/10/02/14:07:53.782218;[];0;13857;-1839;11105;-104;-1252;304;-476;-65;1452;127;30;53;0
2018/10/02/14:07:53.794256;[];0;14833;-1599;10849;-52;-1320;350;-476;-65;1452;195;30;53;0
2018/10/02/14:07:53.810488;[];0;15985;-895;13649;190;-1236;250;-431;-104;1432;24;31;53;0
2018/10/02/14:07:53.823256;[];0;17873;-287;15617;408;-1150;98;-431;-104;1432;92;31;53;0
2018/10/02/14:07:53.835188;[];0;19073;-287;16177;376;-1022;160;-341;-65;1500;160;31;53;0
2018/10/02/14:07:53.847398;[];0;19265;305;17473;486;-872;102;-341;-65;1500;228;31;53;0
2018/10/02/14:07:53.864269;[];0;20161;1105;16705;390;-670;24;-341;-65;1500;40;32;53;0
2018/10/02/14:07:53.876200;[];0;20609;1025;17473;274;-450;184;-335;-84;1466;108;32;53;0
2018/10/02/14:07:53.889034;[];0;20177;737;16161;318;-124;132;-335;-84;1466;159;32;53;0
2018/10/02/14:07:53.900318;[];0;17841;113;18833;174;462;140;-297;-65;1486;244;32;53;0
2018/10/02/14:07:53.917194;[];0;15425;-559;17361;204;864;200;-297;-65;1486;56;33;53;0
2018/10/02/14:07:53.929478;[];0;14369;-623;16897;134;1480;354;-297;-65;1486;124;33;53;0
2018/10/02/14:07:53.941407;[];0;13729;145;16897;118;1530;522;-335;-71;1493;192;33;53;0
2018/10/02/14:07:53.954255;[];0;12193;945;13633;108;1708;290;-335;-71;1493;4;34;53;0
2018/10/02/14:07:53.970460;[];0;11073;833;13121;-50;1682;376;-431;-13;1472;72;34;53;0
2018/10/02/14:07:53.982433;[];0;9569;657;11569;-34;1352;126;-431;-13;1472;140;34;53;0
2018/10/02/14:07:53.995537;[];0;8337;97;10993;18;1136;16;-431;-13;1472;208;34;53;0
2018/10/02/14:07:54.007354;[];0;6641;-959;11457;46;904;-258;-482;-6;1445;20;35;53;0
2018/10/02/14:07:54.025177;[];0;4689;-2687;12353;30;778;-330;-482;-6;1445;105;35;53;0
2018/10/02/14:07:54.036414;[];0;3553;-3007;11297;46;546;-316;-565;-26;1418;173;35;53;0
2018/10/02/14:07:54.048393;[];0;3601;-3135;11297;150;434;-316;-565;-26;1418;241;35;53;0
2018/10/02/14:07:54.060471;[];0;3409;-3519;10641;40;340;-134;-610;26;1358;53;36;53;0
2018/10/02/14:07:54.076427;[];0;2705;-4815;10945;-150;300;-92;-610;26;1358;121;36;53;0
2018/10/02/14:07:54.089276;[];0;2657;-5215;11281;-192;200;164;-610;26;1358;189;36;53;0
2018/10/02/14:07:54.101238;[];0;2257;-4415;11585;-168;214;366;-629;-6;1412;1;37;53;0
2018/10/02/14:07:54.113474;[];0;2097;-3679;12961;-282;174;358;-629;-6;1412;69;37;53;0
2018/10/02/14:07:54.126352;[];0;1553;-3183;12481;-400;188;534;-629;-6;1412;137;37;53;0
2018/10/02/14:07:54.142229;[];0;65;-3183;11297;-358;144;556;-616;-39;1364;205;37;53;0
2018/10/02/14:07:54.154215;[];0;-479;-2943;11713;-324;32;756;-616;-39;1364;17;38;53;0
2018/10/02/14:07:54.167458;[];0;-767;-3215;12625;-342;-12;802;-635;19;1358;85;38;53;0
2018/10/02/14:07:54.179251;[];0;-687;-3183;13425;-232;0;1000;-635;19;1358;153;38;53;0
2018/10/02/14:07:54.195231;[];0;-975;-2831;13185;-220;-110;864;-635;19;1358;221;38;53;0
2018/10/02/14:07:54.209079;[];0;-1407;-1839;13697;-210;-82;782;-616;-6;1364;33;39;53;0
2018/10/02/14:07:54.220322;[];0;-2495;-1487;14545;-46;-154;866;-616;-6;1364;118;39;53;0
2018/10/02/14:07:54.232195;[];0;-3135;-1103;14081;-172;-68;1036;-654;13;1324;186;39;53;0
2018/10/02/14:07:54.249504;[];0;-3519;-1471;15265;-132;-50;1116;-654;13;1324;254;39;53;0
2018/10/02/14:07:54.261387;[];0;-2639;-1647;14625;-110;-148;958;-616;39;1324;66;40;53;0
2018/10/02/14:07:54.273244;[];0;-2815;-2079;15633;-246;-268;976;-616;39;1324;134;40;53;0
2018/10/02/14:07:54.285231;[];0;-3343;-2063;15025;-108;-154;830;-616;39;1324;202;40;53;0
2018/10/02/14:07:54.302420;[];0;-5327;-1839;15521;-142;-136;1010;-597;32;1250;14;41;53;0
2018/10/02/14:07:54.314265;[];0;-6975;-1695;17377;-18;-120;1174;-597;32;1250;82;41;53;0
2018/10/02/14:07:54.326226;[];0;-9695;1249;19121;196;-86;1136;-597;32;1250;150;41;53;0
2018/10/02/14:07:54.339389;[];0;-11871;3601;19249;494;-102;1344;-648;32;1310;218;41;53;0
2018/10/02/14:07:54.355269;[];0;-12319;2561;17681;650;-12;1338;-648;32;1310;30;42;53;0
2018/10/02/14:07:54.367225;[];0;-13343;2529;20689;524;-98;1160;-603;124;1263;98;42;53;0
2018/10/02/14:07:54.380453;[];0;-13311;7009;19249;504;-264;1182;-603;124;1263;166;42;53;0
2018/10/02/14:07:54.392353;[];0;-13103;8785;19809;400;-380;1064;-603;124;1263;234;42;53;0
2018/10/02/14:07:54.404201;[];0;-12671;6961;23937;276;-586;1016;-565;124;1222;46;43;53;0
2018/10/02/14:07:54.421527;[];0;-11951;7905;22465;66;-642;714;-565;124;1222;114;43;53;0
2018/10/02/14:07:54.433425;[];0;-9615;6337;22257;-90;-612;406;-565;150;1270;199;43;53;0
2018/10/02/14:07:54.445298;[];0;-8303;6129;24433;-188;-496;16;-565;150;1270;11;44;53;0
2018/10/02/14:07:54.457213;[];0;-7599;4513;23249;-128;-494;-330;-539;130;1283;79;44;53;0
2018/10/02/14:07:54.474460;[];0;-7327;3825;22097;-210;-238;-686;-539;130;1283;147;44;53;0
2018/10/02/14:07:54.486349;[];0;-6463;2449;21537;-152;-152;-754;-539;130;1283;215;44;53;0
2018/10/02/14:07:54.498583;[];0;-5519;1521;21697;-58;154;-876;-533;150;1283;27;45;53;0
2018/10/02/14:07:54.511522;[];0;-5439;1537;20593;-44;338;-1028;-533;150;1283;95;45;53;0
2018/10/02/14:07:54.527401;[];0;-6207;1713;19761;-16;466;-982;-533;150;1283;163;45;53;0
2018/10/02/14:07:54.539242;[];0;-6447;1649;18737;-106;512;-1178;-539;117;1263;231;45;53;0
2018/10/02/14:07:54.552474;[];0;-6575;1665;17361;-62;526;-954;-539;117;1263;43;46;53;0
2018/10/02/14:07:54.564428;[];0;-5887;1489;16929;-258;484;-890;-571;98;1250;111;46;53;0
2018/10/02/14:07:54.580259;[];0;-4991;641;17409;-268;356;-882;-571;98;1250;179;46;53;0
2018/10/02/14:07:54.593532;[];0;-4511;-543;17633;-290;312;-800;-571;98;1250;247;46;53;0
2018/10/02/14:07:54.605441;[];0;-5727;-1407;17361;-304;198;-742;-578;98;1283;59;47;53;0
2018/10/02/14:07:54.617312;[];0;-6239;-95;17649;-206;448;-716;-578;98;1283;127;47;53;0
2018/10/02/14:07:54.633243;[];0;-5407;1777;16881;22;350;-580;-603;52;1317;212;47;53;0
2018/10/02/14:07:54.646468;[];0;-4863;2929;16417;216;380;-738;-603;52;1317;24;48;53;0
2018/10/02/14:07:54.658731;[];0;-3567;2449;16113;74;396;-838;-591;32;1304;92;48;53;0
2018/10/02/14:07:54.670229;[];0;-2527;1505;15585;178;110;-1092;-591;32;1304;160;48;53;0
2018/10/02/14:07:54.687737;[];0;-2639;-175;15025;28;78;-1220;-591;32;1304;228;48;53;0
2018/10/02/14:07:54.700027;[];0;-2351;-719;15889;36;100;-1490;-642;26;1324;40;49;53;0
2018/10/02/14:07:54.711259;[];0;-1839;-2287;14625;76;-6;-1528;-642;26;1324;108;49;53;0
2018/10/02/14:07:54.724300;[];0;-1503;-2863;15889;72;94;-1290;-642;26;1324;176;49;53;0
2018/10/02/14:07:54.740323;[];0;-1615;-2799;15281;12;234;-1108;-661;-26;1378;5;50;53;0
2018/10/02/14:07:54.752248;[];0;-1231;-2991;12817;12;330;-904;-661;-26;1378;73;50;53;0
2018/10/02/14:07:54.769408;[];0;-191;-3503;12401;36;422;-864;-667;-58;1304;141;50;53;0
2018/10/02/14:07:54.781374;[];0;2257;-3487;11217;-184;276;-728;-667;-58;1304;209;50;53;0
2018/10/02/14:07:54.793269;[];0;4001;-2623;11201;-58;14;-632;-680;-39;1337;21;51;53;0
2018/10/02/14:07:54.806208;[];0;4417;-1791;12769;-18;-90;-526;-680;-39;1337;89;51;53;0
2018/10/02/14:07:54.822424;[];0;4145;-1487;12641;212;-404;-340;-680;-39;1337;157;51;53;0
2018/10/02/14:07:54.834311;[];0;4289;-1535;13473;158;-396;-324;-642;-65;1351;225;51;53;0
2018/10/02/14:07:54.846192;[];0;4769;-543;12801;338;-554;-246;-642;-65;1351;37;52;53;0
2018/10/02/14:07:54.859560;[];0;6225;1089;12545;304;-672;-164;-616;-19;1405;105;52;53;0
2018/10/02/14:07:54.875342;[];0;10033;273;12289;242;-586;-266;-616;-19;1405;190;52;53;0
2018/10/02/14:07:54.887221;[];0;12289;-799;11793;246;-888;-254;-616;-19;1405;2;53;53;0
2018/10/02/14:07:54.900382;[];0;13169;-2191;12113;28;-988;-364;-603;-58;1371;70;53;53;0
2018/10/02/14:07:54.912388;[];0;14609;-3231;12305;-106;-982;-450;-603;-58;1371;138;53;53;0
2018/10/02/14:07:54.924200;[];0;15249;-3999;13617;-180;-984;-408;-495;-19;1405;206;53;53;0
2018/10/02/14:07:54.941489;[];0;15313;-3615;15441;-24;-1070;-316;-495;-19;1405;18;54;53;0
2018/10/02/14:07:54.953469;[];0;15345;-2671;16145;66;-800;-168;-495;-19;1405;86;54;53;0
2018/10/02/14:07:54.965261;[];0;15921;-1967;17649;250;-746;-182;-469;-104;1459;154;54;53;0
2018/10/02/14:07:54.978453;[];0;16113;-1103;17169;420;-466;42;-469;-104;1459;222;54;53;0
2018/10/02/14:07:54.994394;[];0;16721;-335;18145;448;-322;-26;-450;-58;1439;34;55;53;0
2018/10/02/14:07:55.006323;[];0;16897;-271;17809;310;-248;-58;-450;-58;1439;102;55;53;0
2018/10/02/14:07:55.019206;[];0;16657;-191;17137;162;-204;20;-450;-58;1439;170;55;53;0
2018/10/02/14:07:55.031413;[];0;16673;-655;16945;14;122;-100;-431;-58;1432;238;55;53;0
2018/10/02/14:07:55.047366;[];0;15585;-1295;17393;-58;282;-28;-431;-58;1432;50;56;53;0
2018/10/02/14:07:55.059203;[];0;15105;-2143;16801;-268;496;4;-450;-26;1506;118;56;53;0
2018/10/02/14:07:55.072462;[];0;13633;-3183;15217;-424;602;180;-450;-26;1506;203;56;53;0
2018/10/02/14:07:55.084387;[];0;12561;-3919;15057;-518;494;260;-450;-26;1506;15;57;53;0
2018/10/02/14:07:55.100246;[];0;11873;-4239;14177;-442;672;254;-488;-65;1425;83;57;53;0
2018/10/02/14:07:55.113288;[];0;10513;-4015;12993;-334;808;98;-488;-65;1425;151;57;53;0
2018/10/02/14:07:55.125417;[];0;9089;-3023;14321;-244;712;98;-495;-58;1425;219;57;53;0
2018/10/02/14:07:55.137280;[];0;7873;-2479;13393;-162;746;14;-495;-58;1425;31;58;53;0
2018/10/02/14:07:55.154204;[];0;6913;-2687;12785;-38;850;-16;-495;-58;1425;99;58;53;0
2018/10/02/14:07:55.166509;[];0;7009;-2879;11457;-12;696;-92;-571;-45;1398;167;58;53;0
2018/10/02/14:07:55.178984;[];0;6449;-2271;10129;-116;462;-108;-571;-45;1398;235;58;53;0
2018/10/02/14:07:55.191253;[];0;5361;-1807;9393;-196;264;52;-584;-45;1344;46;59;53;0
2018/10/02/14:07:55.203484;[];0;4065;-1791;8433;-292;36;42;-584;-45;1344;114;59;53;0
2018/10/02/14:07:55.219437;[];0;2961;-1807;9377;-362;-6;160;-584;-45;1344;182;59;53;0
2018/10/02/14:07:55.231260;[];0;3121;-2511;10817;-388;-284;222;-578;-45;1337;250;59;53;0
2018/10/02/14:07:55.244413;[];0;3425;-3919;10913;-382;-434;182;-578;-45;1337;45;60;53;0
2018/10/02/14:07:55.256486;[];0;4481;-4255;12673;-354;-532;524;-603;-71;1337;130;60;53;0
2018/10/02/14:07:55.272299;[];0;4129;-4031;13153;-322;-570;660;-603;-71;1337;198;60;53;0
2018/10/02/14:07:55.285254;[];0;2897;-4031;12225;-124;-398;938;-603;-71;1337;27;61;53;0
2018/10/02/14:07:55.297485;[];0;2161;-2991;13361;100;-162;1178;-578;-98;1331;95;61;53;0
2018/10/02/14:07:55.309310;[];0;977;-1391;13441;216;-22;1336;-578;-98;1331;163;61;53;0
2018/10/02/14:07:55.326247;[];0;193;-2367;14993;270;36;1386;-591;-52;1344;231;61;53;0
2018/10/02/14:07:55.338898;[];0;737;-1887;14833;284;58;1286;-591;-52;1344;43;62;53;0
2018/10/02/14:07:55.350336;[];0;-623;-639;13041;126;84;1462;-591;-52;1344;111;62;53;0
2018/10/02/14:07:55.363243;[];0;-3439;-495;17153;152;122;1448;-578;-6;1297;179;62;53;0
2018/10/02/14:07:55.379755;[];0;-5503;-79;16289;216;104;1284;-578;-6;1297;247;62;53;0
2018/10/02/14:07:55.391416;[];0;-7679;1649;17889;344;332;1240;-584;19;1270;59;63;53;0
2018/10/02/14:07:55.404265;[];0;-7391;3521;18417;402;250;1238;-584;19;1270;127;63;53;0
2018/10/02/14:07:55.416226;[];0;-7679;4737;16913;552;256;1188;-584;19;1270;195;63;53;0
2018/10/02/14:07:55.432436;[];0;-8511;5089;18641;548;118;1154;-616;84;1270;7;64;53;0
2018/10/02/14:07:55.444305;[];0;-9503;4577;18033;272;-64;1062;-616;84;1270;75;64;53;0
2018/10/02/14:07:55.457229;[];0;-9439;5025;18577;24;-58;986;-584;124;1222;143;64;53;0
2018/10/02/14:07:55.469381;[];0;-10543;4401;19105;-50;-234;904;-584;124;1222;211;64;53;0
2018/10/02/14:07:55.485299;[];0;-9823;3905;20273;-118;-330;850;-584;124;1222;40;65;53;0
2018/10/02/14:07:55.498238;[];0;-10127;3633;20225;-10;-360;924;-597;117;1236;108;65;53;0
2018/10/02/14:07:55.510549;[];0;-9839;3921;21969;32;-346;836;-597;117;1236;176;65;53;0
2018/10/02/14:07:55.522405;[];0;-9839;4529;21809;128;-302;832;-552;111;1216;244;65;53;0
2018/10/02/14:07:55.535224;[];0;-10575;4497;22433;180;-336;720;-552;111;1216;56;66;53;0
2018/10/02/14:07:55.551808;[];0;-10831;5041;21969;8;-176;602;-552;111;1216;124;66;53;0
2018/10/02/14:07:55.563461;[];0;-11119;5281;22257;62;-180;482;-546;176;1189;192;66;53;0
2018/10/02/14:07:55.576276;[];0;-10591;5905;22513;-208;-48;222;-546;176;1189;4;67;53;0
2018/10/02/14:07:55.588370;[];0;-9695;6033;21041;-92;146;148;-565;150;1216;72;67;53;0
2018/10/02/14:07:55.604427;[];0;-9103;5569;19793;-152;210;-214;-565;150;1216;140;67;53;0
2018/10/02/14:07:55.616300;[];0;-8303;5441;19233;-214;372;-464;-565;150;1216;208;67;53;0
2018/10/02/14:07:55.629279;[];0;-7839;4961;17809;-140;350;-776;-552;156;1222;20;68;53;0
2018/10/02/14:07:55.642568;[];0;-7695;4705;17457;-196;376;-914;-552;156;1222;88;68;53;0
2018/10/02/14:07:55.657323;[];0;-8175;3857;16913;-188;326;-1108;-559;130;1236;156;68;53;0
2018/10/02/14:07:55.670206;[];0;-8367;2929;16945;-378;400;-1254;-559;130;1236;224;68;53;0
2018/10/02/14:07:55.682497;[];0;-8703;2225;17137;-334;416;-1318;-559;130;1236;53;69;53;0
2018/10/02/14:07:55.694393;[];0;-9055;1697;16417;-204;440;-1480;-591;104;1229;121;69;53;0
2018/10/02/14:07:55.711250;[];0;-8799;1505;16289;-306;386;-1332;-591;104;1229;189;69;53;0
2018/10/02/14:07:55.723197;[];0;-8015;1873;16513;-252;382;-1534;-616;52;1195;1;70;53;0
2018/10/02/14:07:55.735419;[];0;-8031;1553;15457;-162;340;-1268;-616;52;1195;69;70;53;0
2018/10/02/14:07:55.748329;[];0;-6463;305;16689;-168;394;-1270;-616;52;1195;137;70;53;0
2018/10/02/14:07:55.764212;[];0;-5295;-1375;16113;-410;142;-1292;-674;-6;1270;205;70;53;0
2018/10/02/14:07:55.776450;[];0;-5711;-1743;16081;-296;182;-1258;-674;-6;1270;17;71;53;0
2018/10/02/14:07:55.789299;[];0;-5583;-2927;16145;-276;276;-1332;-661;-32;1229;85;71;53;0
2018/10/02/14:07:55.801217;[];0;-5167;-3743;14753;-282;300;-1120;-661;-32;1229;153;71;53;0
2018/10/02/14:07:55.813455;[];0;-4607;-3823;15521;-74;332;-1004;-661;-32;1229;221;71;53;0
2018/10/02/14:07:55.829351;[];0;-3951;-2287;15217;-102;322;-900;-699;-58;1371;33;72;53;0
2018/10/02/14:07:55.842251;[];0;-3535;-1951;15393;116;246;-782;-699;-58;1371;101;72;53;0
2018/10/02/14:07:55.854199;[];0;-3551;-2319;15601;132;196;-754;-680;-84;1304;169;72;53;0
2018/10/02/14:07:55.866375;[];0;-3599;-2463;14449;192;132;-874;-680;-84;1304;237;72;53;0
2018/10/02/14:07:55.883254;[];0;-2143;-3183;14961;154;122;-848;-680;-84;1304;49;73;53;0
2018/10/02/14:07:55.895215;[];0;1009;-4159;12785;118;2;-928;-674;-98;1310;134;73;53;0
2018/10/02/14:07:55.907470;[];0;2257;-4511;13569;214;-62;-1000;-674;-98;1310;202;73;53;0
2018/10/02/14:07:55.920311;[];0;4865;-4303;13969;172;-220;-900;-629;-150;1317;14;74;53;0
2018/10/02/14:07:55.936225;[];0;5681;-3439;13553;278;-342;-904;-629;-150;1317;82;74;53;0
2018/10/02/14:07:55.948513;[];0;6705;-3151;15649;294;-490;-774;-629;-150;1317;150;74;53;0
2018/10/02/14:07:55.961365;[];0;7617;-3247;14641;518;-664;-646;-610;-130;1337;218;74;53;0
2018/10/02/14:07:55.973226;[];0;9825;-2543;13825;538;-836;-494;-610;-130;1337;30;75;53;0
2018/10/02/14:07:55.990277;[];0;11361;-1391;13825;624;-830;-506;-571;-137;1391;98;75;53;0
2018/10/02/14:07:56.001621;[];0;14305;-1183;13249;736;-884;-558;-571;-137;1391;166;75;53;0
2018/10/02/14:07:56.014242;[];0;16401;-863;11905;736;-1022;-586;-571;-137;1391;234;75;53;0
2018/10/02/14:07:56.026323;[];0;18097;-815;11873;540;-1038;-580;-533;-84;1452;46;76;53;0
2018/10/02/14:07:56.042423;[];0;19953;-1647;13473;502;-1114;-632;-533;-84;1452;114;76;53;0
2018/10/02/14:07:56.055240;[];0;19697;-1615;12305;204;-1110;-274;-450;-98;1466;182;76;53;0
2018/10/02/14:07:56.067230;[];0;19313;-927;14561;-134;-866;-358;-450;-98;1466;250;76;53;0
2018/10/02/14:07:56.079334;[];0;19521;-719;14369;-200;-894;-78;-450;-98;1466;62;77;53;0
2018/10/02/14:07:56.096233;[];0;20081;-143;15025;-130;-492;14;-405;-71;1452;147;77;53;0
2018/10/02/14:07:56.108671;[];0;18993;529;16273;-80;-284;126;-405;-71;1452;215;77;53;0
2018/10/02/14:07:56.120372;[];0;18609;977;15361;-62;-172;238;-412;-78;1493;27;78;53;0
2018/10/02/14:07:56.133564;[];0;17905;1409;15457;-20;68;300;-412;-78;1493;95;78;53;0
2018/10/02/14:07:56.145186;[];0;17841;2529;15409;-52;152;420;-412;-78;1493;163;78;53;0
2018/10/02/14:07:56.161648;[];0;18145;2337;15329;-182;352;362;-405;-104;1445;231;78;53;0
2018/10/02/14:07:56.174421;[];0;17153;977;14097;-384;330;276;-405;-104;1445;43;79;53;0
2018/10/02/14:07:56.186242;[];0;15041;-943;12673;-580;370;254;-412;-104;1466;111;79;53;0
2018/10/02/14:07:56.198181;[];0;13041;-3039;12321;-562;276;380;-412;-104;1466;179;79;53;0
2018/10/02/14:07:56.214400;[];0;12769;-3039;11937;-644;330;430;-412;-104;1466;247;79;53;0
2018/10/02/14:07:56.227242;[];0;12097;-3567;11121;-706;348;286;-501;-150;1391;59;80;53;0
2018/10/02/14:07:56.239244;[];0;11809;-4799;11313;-580;314;538;-501;-150;1391;127;80;53;0
2018/10/02/14:07:56.251494;[];0;11137;-4895;10769;-526;426;440;-456;-150;1412;195;80;53;0
2018/10/02/14:07:56.268315;[];0;8609;-5039;10337;-232;420;466;-456;-150;1412;7;81;53;0
2018/10/02/14:07:56.280238;[];0;6433;-4847;11201;-168;484;546;-456;-150;1412;75;81;53;0
2018/10/02/14:07:56.296056;[];0;5393;-4383;11233;-98;338;714;-495;-137;1412;143;81;53;0
2018/10/02/14:07:56.305414;[];0;4545;-3871;11217;108;438;666;-495;-137;1412;228;81;53;0
2018/10/02/14:07:56.321244;[];0;4545;-4239;11201;60;316;700;-514;-98;1398;40;82;53;0
2018/10/02/14:07:56.333668;[];0;4049;-4511;11393;-20;166;740;-514;-98;1398;108;82;53;0
2018/10/02/14:07:56.346464;[];0;3137;-4095;12465;-34;70;656;-514;-98;1398;176;82;53;0
2018/10/02/14:07:56.358299;[];0;1985;-4623;14033;-124;-12;880;-591;-98;1351;244;82;53;0
2018/10/02/14:07:56.374222;[];0;1457;-4943;14385;-80;8;1016;-591;-98;1351;56;83;53;0
2018/10/02/14:07:56.386453;[];0;513;-4719;14785;18;130;1102;-539;-84;1358;124;83;53;0
2018/10/02/14:07:56.399323;[];0;-127;-3407;15649;138;250;1174;-539;-84;1358;192;83;53;0
2018/10/02/14:07:56.411237;[];0;-1119;-2751;15729;212;444;1280;-539;-84;1358;4;84;53;0
2018/10/02/14:07:56.423412;[];0;-1919;-2047;15089;374;434;1264;-584;-71;1351;72;84;53;0
2018/10/02/14:07:56.440358;[];0;-2223;-2127;14641;374;314;1532;-584;-71;1351;140;84;53;0
2018/10/02/14:07:56.452254;[];0;-2943;-1471;15089;234;346;1490;-603;-26;1310;208;84;53;0
2018/10/02/14:07:56.464576;[];0;-4031;-463;16721;318;166;1562;-603;-26;1310;20;85;53;0
2018/10/02/14:07:56.477448;[];0;-4831;-479;16913;166;32;1604;-603;-26;1310;88;85;53;0
2018/10/02/14:07:56.493277;[];0;-6351;945;17377;102;20;1644;-623;45;1263;173;85;53;0
2018/10/02/14:07:56.505234;[];0;-7631;2369;18337;270;-24;1796;-623;45;1263;241;85;53;0
2018/10/02/14:07:56.518479;[];0;-8239;4001;18897;386;-144;1634;-603;58;1250;53;86;53;0
2018/10/02/14:07:56.530291;[];0;-9055;5505;19505;528;-176;1568;-603;58;1250;121;86;53;0
2018/10/02/14:07:56.546245;[];0;-10751;6017;19937;424;-208;1500;-603;58;1250;189;86;53;0
2018/10/02/14:07:56.559580;[];0;-10495;6081;19841;508;-300;1504;-591;130;1216;1;87;53;0
2018/10/02/14:07:56.571341;[];0;-10047;6753;19537;362;-398;1394;-591;130;1216;69;87;53;0
2018/10/02/14:07:56.583241;[];0;-10095;6641;20481;186;-510;1222;-552;163;1236;137;87;53;0
2018/10/02/14:07:56.600056;[];0;-10223;7265;20705;98;-494;1094;-552;163;1236;205;87;53;0
2018/10/02/14:07:56.612397;[];0;-10799;6785;19985;-18;-560;1000;-552;163;1236;17;88;53;0
2018/10/02/14:07:56.624256;[];0;-10479;6529;21377;-98;-336;776;-527;189;1250;85;88;53;0
2018/10/02/14:07:56.636440;[];0;-10175;6817;20721;10;-412;646;-527;189;1250;152;88;53;0
2018/10/02/14:07:56.653476;[];0;-9711;6145;20977;-40;-262;426;-488;183;1229;220;88;53;0
2018/10/02/14:07:56.665285;[];0;-8863;5985;20209;64;-212;272;-488;183;1229;32;89;53;0
2018/10/02/14:07:56.677236;[];0;-8463;6097;18785;138;132;8;-488;183;1229;100;89;53;0
2018/10/02/14:07:56.690426;[];0;-7999;5825;17985;124;180;-204;-495;215;1229;168;89;53;0
2018/10/02/14:07:56.706290;[];0;-7263;5857;16753;-68;120;-396;-495;215;1229;253;89;53;0
2018/10/02/14:07:56.718246;[];0;-6447;5569;17009;-98;160;-582;-495;241;1277;65;90;53;0
2018/10/02/14:07:56.731454;[];0;-6063;4897;17153;-276;182;-736;-495;241;1277;133;90;53;0
2018/10/02/14:07:56.743353;[];0;-5695;4481;17345;-234;362;-1010;-495;241;1277;201;90;53;0
2018/10/02/14:07:56.755220;[];0;-5231;2401;17697;-170;324;-1144;-495;189;1263;13;91;53;0
2018/10/02/14:07:56.771758;[];0;-5151;1601;18081;-134;292;-1322;-495;189;1263;81;91;53;0
2018/10/02/14:07:56.784550;[];0;-4607;193;17937;32;422;-1302;-539;150;1270;149;91;53;0
2018/10/02/14:07:56.796299;[];0;-3711;-847;17841;140;612;-1556;-539;150;1270;217;91;53;0
2018/10/02/14:07:56.808579;[];0;-3183;-1407;17777;186;512;-1396;-539;150;1270;29;92;53;0
2018/10/02/14:07:56.825478;[];0;-3343;-1583;17409;216;566;-1436;-610;150;1263;97;92;53;0
2018/10/02/14:07:56.837319;[];0;-3439;-1471;17729;164;488;-1256;-610;150;1263;165;92;53;0
2018/10/02/14:07:56.849256;[];0;-4047;-623;17041;272;564;-1064;-597;98;1250;233;92;53;0
2018/10/02/14:07:56.862803;[];0;-4383;-559;16305;86;564;-1102;-597;98;1250;45;93;53;0
2018/10/02/14:07:56.878733;[];0;-4511;-959;15393;30;502;-962;-597;98;1250;113;93;53;0
2018/10/02/14:07:56.890260;[];0;-4127;-1199;14433;-40;384;-876;-616;130;1229;181;93;53;0
2018/10/02/14:07:56.903757;[];0;-3311;-1839;14433;-210;294;-894;-616;130;1229;10;94;53;0
2018/10/02/14:07:56.915713;[];0;-1855;-2095;14865;-282;26;-996;-654;104;1263;78;94;53;0
2018/10/02/14:07:56.931263;[];0;-751;-1023;15281;-108;72;-858;-654;104;1263;146;94;53;0
2018/10/02/14:07:56.943604;[];0;-335;129;15729;22;-244;-668;-654;104;1263;214;94;53;0
2018/10/02/14:07:56.956452;[];0;-479;-351;14689;38;-300;-678;-635;71;1256;26;95;53;0
2018/10/02/14:07:56.968830;[];0;385;-1007;14753;82;-404;-644;-635;71;1256;94;95;53;0
2018/10/02/14:07:56.984238;[];0;977;-2415;13953;86;-174;-646;-629;71;1337;162;95;53;0
2018/10/02/14:07:56.997424;[];0;2257;-3167;13489;-208;-186;-816;-629;71;1337;230;95;53;0
2018/10/02/14:07:57.009312;[];0;4433;-3439;14737;-196;-102;-852;-629;71;1337;42;96;53;0
2018/10/02/14:07:57.021258;[];0;5937;-2975;14545;-356;-194;-494;-629;32;1358;110;96;53;0
2018/10/02/14:07:57.035021;[];0;6369;-2703;15233;-290;-142;-440;-629;32;1358;178;96;53;0
2018/10/02/14:07:57.050354;[];0;4769;-2351;16081;-438;-278;-240;-591;-19;1331;246;96;53;0
2018/10/02/14:07:57.062262;[];0;3217;-2047;14705;-314;-216;56;-591;-19;1331;58;97;53;0
2018/10/02/14:07:57.075476;[];0;2849;-2463;15073;-294;-76;196;-591;-19;1331;126;97;53;0
2018/10/02/14:07:57.087383;[];0;4385;-2191;13121;-258;-52;-44;-642;-39;1364;194;97;53;0
2018/10/02/14:07:57.103332;[];0;6401;-1711;12497;-154;-74;-8;-642;-39;1364;6;98;53;0
2018/10/02/14:07:57.116588;[];0;7377;-943;12721;-42;-86;-80;-616;-13;1378;91;98;53;0
2018/10/02/14:07:57.128452;[];0;7665;-879;12577;-80;-246;-324;-616;-13;1378;159;98;53;0
2018/10/02/14:07:57.140383;[];0;7521;-399;12273;80;-278;-418;-616;-13;1378;227;98;53;0
2018/10/02/14:07:57.156241;[];0;7601;689;13633;-124;-400;-446;-610;-45;1344;39;99;53;0
2018/10/02/14:07:57.170996;[];0;7281;-79;13361;68;-354;-510;-610;-45;1344;107;99;53;0
2018/10/02/14:07:57.181364;[];0;7265;-1151;14177;-66;-476;-508;-578;-45;1378;175;99;53;0
2018/10/02/14:07:57.193250;[];0;7569;-1855;14337;82;-498;-604;-578;-45;1378;243;99;53;0
2018/10/02/14:07:57.213043;[];0;8129;-1951;14561;98;-298;-632;-578;-45;1378;55;100;53;0
2018/10/02/14:07:57.222404;[];0;8881;-1759;15537;224;-406;-546;-507;-39;1398;123;100;53;0
2018/10/02/14:07:57.234260;[];0;8241;-959;15729;146;-398;-522;-507;-39;1398;191;100;53;0
2018/10/02/14:07:57.251701;[];0;7953;-1167;16049;284;-164;-172;-514;-45;1378;20;101;53;0
2018/10/02/14:07:57.263414;[];0;7409;-1407;16673;398;-184;-242;-514;-45;1378;88;101;53;0
2018/10/02/14:07:57.275251;[];0;6641;-1391;16673;224;-78;-92;-514;-45;1378;156;101;53;0
2018/10/02/14:07:57.292291;[];0;6305;-1183;16977;64;-24;-52;-552;-71;1412;224;101;53;0
2018/10/02/14:07:57.304436;[];0;5921;-1215;17313;-48;26;76;-552;-71;1412;36;102;53;0
2018/10/02/14:07:57.316354;[];0;5105;-1503;16497;-196;84;162;-463;-52;1405;104;102;53;0
2018/10/02/14:07:57.329236;[];0;4465;-1583;16497;-64;260;208;-463;-52;1405;172;102;53;0
2018/10/02/14:07:57.345504;[];0;3841;-1231;16545;130;326;-48;-463;-52;1405;240;102;53;0
2018/10/02/14:07:57.357466;[];0;2817;-991;16097;32;256;-20;-533;-58;1391;69;103;53;0
2018/10/02/14:07:57.369251;[];0;2113;-1039;16129;-8;250;126;-533;-58;1391;137;103;53;0
2018/10/02/14:07:57.382495;[];0;2369;-1199;16321;-44;184;22;-546;-39;1391;205;103;53;0
2018/10/02/14:07:57.398475;[];0;2113;-1215;16033;-88;284;-94;-546;-39;1391;17;104;53;0
2018/10/02/14:07:57.410253;[];0;1793;-1647;16129;-184;64;62;-546;-39;1391;85;104;53;0
2018/10/02/14:07:57.423561;[];0;1425;-1855;15809;-208;154;-62;-533;-45;1371;153;104;53;0
2018/10/02/14:07:57.435487;[];0;1217;-2175;16193;-218;136;-100;-533;-45;1371;221;104;53;0
2018/10/02/14:07:57.451313;[];0;1073;-2175;15665;-70;172;-86;-565;-45;1412;33;105;53;0
2018/10/02/14:07:57.464285;[];0;801;-2191;15409;18;46;-142;-565;-45;1412;101;105;53;0
2018/10/02/14:07:57.476521;[];0;721;-2127;15361;118;140;-126;-565;-45;1412;169;105;53;0
2018/10/02/14:07:57.488393;[];0;801;-2671;15313;-6;-54;86;-571;-52;1412;237;105;53;0
2018/10/02/14:07:57.505265;[];0;737;-2799;15505;36;-112;-6;-571;-52;1412;49;106;53;0
2018/10/02/14:07:57.517508;[];0;657;-2607;15025;40;-58;-30;-559;-58;1364;117;106;53;0
2018/10/02/14:07:57.529440;[];0;609;-2191;15297;0;-92;56;-559;-58;1364;185;106;53;0
2018/10/02/14:07:57.541265;[];0;353;-1951;15777;110;-72;64;-559;-58;1364;253;106;53;0
2018/10/02/14:07:57.554773;[];0;209;-1791;15729;76;-116;202;-578;-65;1391;82;107;53;0
2018/10/02/14:07:57.570388;[];0;481;-2015;15873;16;-156;84;-578;-65;1391;150;107;53;0
2018/10/02/14:07:57.582338;[];0;961;-1471;15313;24;-52;174;-539;-26;1371;218;107;53;0
2018/10/02/14:07:57.595541;[];0;1073;-991;15409;-10;-188;232;-539;-26;1371;30;108;53;0
2018/10/02/14:07:57.607448;[];0;977;-911;15137;-82;-118;226;-539;-26;1371;98;108;53;0
2018/10/02/14:07:57.623318;[];0;817;-1199;15009;-44;-158;34;-552;-45;1391;166;108;53;0
2018/10/02/14:07:57.636570;[];0;913;-1247;15153;-152;-212;-40;-552;-45;1391;234;108;53;0
2018/10/02/14:07:57.648488;[];0;721;-991;15873;-134;-182;84;-514;-52;1364;46;109;53;0
2018/10/02/14:07:57.660318;[];0;737;-1055;15841;-82;-218;48;-514;-52;1364;114;109;53;0
2018/10/02/14:07:57.677394;[];0;913;-1007;15521;-116;-160;44;-514;-52;1364;182;109;53;0
2018/10/02/14:07:57.689487;[];0;1089;-1135;15617;-170;-124;60;-559;-58;1418;250;109;53;0
2018/10/02/14:07:57.701347;[];0;1121;-1487;15441;-138;-66;-42;-559;-58;1418;62;110;53;0
2018/10/02/14:07:57.713265;[];0;1249;-1631;15617;-164;-94;0;-571;-58;1364;130;110;53;0
2018/10/02/14:07:57.730455;[];0;1329;-1759;15921;-84;-20;-158;-571;-58;1364;198;110;53;0
2018/10/02/14:07:57.742377;[];0;1345;-1823;16497;-180;-60;90;-571;-58;1364;10;111;53;0
2018/10/02/14:07:57.754262;[];0;673;-2351;16497;-8;28;162;-520;-58;1398;95;111;53;0
2018/10/02/14:07:57.767846;[];0;513;-2335;17025;0;90;16;-520;-58;1398;163;111;53;0
2018/10/02/14:07:57.783396;[];0;833;-2079;17329;2;8;56;-514;-65;1378;231;111;53;0
2018/10/02/14:07:57.795284;[];0;993;-1871;17777;38;38;62;-514;-65;1378;43;112;53;0
2018/10/02/14:07:57.808564;[];0;1089;-1903;18273;54;-116;94;-539;-58;1358;111;112;53;0
2018/10/02/14:07:57.820431;[];0;1265;-2143;19937;138;-200;68;-539;-58;1358;179;112;53;0
2018/10/02/14:07:57.832283;[];0;1217;-2047;21201;256;-272;134;-539;-58;1358;247;112;53;0
2018/10/02/14:07:57.849519;[];0;1409;-1231;23457;126;-348;102;-546;-65;1358;59;113;53;0
2018/10/02/14:07:57.861473;[];0;2321;-751;25057;154;-442;126;-546;-65;1358;127;113;53;0
2018/10/02/14:07:57.873323;[];0;3537;-399;25825;246;-414;304;-546;-65;1358;195;113;53;0
2018/10/02/14:07:57.886254;[];0;4641;609;26625;260;-374;286;-546;-65;1432;7;114;53;0
2018/10/02/14:07:57.902529;[];0;5697;1185;26049;224;-444;272;-546;-65;1432;75;114;53;0
2018/10/02/14:07:57.914333;[];0;6001;1681;25393;134;-68;128;-514;-32;1425;143;114;53;0
2018/10/02/14:07:57.926270;[];0;6129;1857;23905;2;68;194;-514;-32;1425;211;114;53;0
2018/10/02/14:07:57.939842;[];0;5793;1153;22001;-240;368;126;-514;-32;1425;23;115;53;0
2018/10/02/14:07:57.955359;[];0;4161;785;19377;-384;546;384;-507;-32;1432;108;115;53;0
2018/10/02/14:07:57.967280;[];0;3233;881;17057;-462;762;14;-507;-32;1432;176;115;53;0
2018/10/02/14:07:57.980659;[];0;1809;513;13873;-608;940;88;-571;-19;1418;244;115;53;0
2018/10/02/14:07:57.992459;[];0;385;-303;11617;-706;816;132;-571;-19;1418;56;116;53;0
2018/10/02/14:07:58.008407;[];0;1;-1071;9505;-688;1038;-4;-559;19;1439;124;116;53;0
2018/10/02/14:07:58.021870;[];0;-1567;-1263;7377;-786;908;98;-559;19;1439;192;116;53;0
2018/10/02/14:07:58.033615;[];0;-2175;-1887;5697;-760;758;118;-559;19;1439;4;117;53;0
2018/10/02/14:07:58.045309;[];0;-2975;-2271;3841;-620;812;-36;-629;-19;1385;72;117;53;0
2018/10/02/14:07:58.062386;[];0;-2815;-2687;2993;-570;634;-58;-629;-19;1385;140;117;53;0
2018/10/02/14:07:58.074449;[];0;-3263;-3295;2049;-522;598;22;-629;-19;1385;208;117;53;0
2018/10/02/14:07:58.086363;[];0;-3359;-3711;1569;-510;438;42;-654;-19;1418;20;118;53;0
2018/10/02/14:07:58.099277;[];0;-2863;-4015;1409;-376;328;-58;-654;-19;1418;87;118;53;0
2018/10/02/14:07:58.115565;[];0;-2415;-3903;993;-316;158;-18;-654;0;1391;155;118;53;0
2018/10/02/14:07:58.127398;[];0;-2319;-3983;1281;-88;114;48;-654;0;1391;223;118;53;0
2018/10/02/14:07:58.139251;[];0;-2319;-4159;1121;-18;84;128;-654;0;1391;35;119;53;0
2018/10/02/14:07:58.152487;[];0;-2319;-4223;1937;158;92;-146;-718;-91;1412;103;119;53;0
2018/10/02/14:07:58.164341;[];0;-2271;-3855;2961;196;112;-16;-718;-91;1412;188;119;53;0
2018/10/02/14:07:58.180292;[];0;-2335;-3311;3009;122;168;90;-693;-78;1398;239;119;53;0
2018/10/02/14:07:58.193462;[];0;-239;-2543;3937;280;-18;-18;-693;-78;1398;68;120;53;0
2018/10/02/14:07:58.205400;[];0;721;-2431;3553;440;50;-54;-706;-58;1371;136;120;53;0
2018/10/02/14:07:58.217351;[];0;977;-1999;3585;448;-86;-84;-706;-58;1371;204;120;53;0
2018/10/02/14:07:58.234285;[];0;97;-1631;3329;474;24;128;-706;-58;1371;16;121;53;0
2018/10/02/14:07:58.246563;[];0;-223;-1103;4033;502;-12;32;-661;-78;1344;84;121;53;0
2018/10/02/14:07:58.258442;[];0;-255;-799;4705;620;38;34;-661;-78;1344;152;121;53;0
2018/10/02/14:07:58.271285;[];0;737;1;4577;440;-104;182;-661;-78;1344;220;121;53;0
2018/10/02/14:07:58.287869;[];0;1457;321;4977;492;-186;64;-667;-58;1324;32;122;53;0
2018/10/02/14:07:58.299888;[];0;2065;497;5521;442;-286;26;-667;-58;1324;100;122;53;0
2018/10/02/14:07:58.311282;[];0;1649;-47;7185;288;-262;14;-674;6;1290;168;122;53;0
2018/10/02/14:07:58.324416;[];0;1713;-463;7425;330;-586;56;-674;6;1290;236;122;53;0
2018/10/02/14:07:58.340464;[];0;2017;-63;8465;288;-658;-148;-674;6;1290;48;123;53;0
2018/10/02/14:07:58.352313;[];0;2865;785;9921;296;-752;-90;-559;-45;1297;116;123;53;0
2018/10/02/14:07:58.365249;[];0;3009;369;9873;304;-884;6;-559;-45;1297;184;123;53;0
2018/10/02/14:07:58.377541;[];0;2993;-367;12513;522;-946;-84;-552;-84;1277;13;124;53;0
2018/10/02/14:07:58.393300;[];0;3025;-895;12993;620;-1146;88;-552;-84;1277;81;124;53;0
2018/10/02/14:07:58.406282;[];0;4321;-399;14513;744;-1122;48;-495;-84;1310;149;124;53;0
2018/10/02/14:07:58.418551;[];0;5937;-463;16529;954;-1314;110;-495;-84;1310;217;124;53;0
2018/10/02/14:07:58.430377;[];0;8401;785;17249;1054;-1314;-38;-495;-84;1310;29;125;53;0
2018/10/02/14:07:58.443260;[];0;8001;913;18849;1028;-1250;188;-469;-98;1310;97;125;53;0
2018/10/02/14:07:58.460238;[];0;7105;961;20305;984;-1358;342;-469;-98;1310;165;125;53;0
2018/10/02/14:07:58.471533;[];0;6305;1505;21489;1054;-1292;382;-469;-98;1310;216;125;53;0
2018/10/02/14:07:58.483306;[];0;6129;2529;22849;1066;-1022;416;-373;-58;1297;45;126;53;0
2018/10/02/14:07:58.496421;[];0;7633;4689;26337;998;-1034;524;-373;-58;1297;113;126;53;0
2018/10/02/14:07:58.512786;[];0;7441;5153;24961;852;-854;264;-386;-45;1290;181;126;53;0
2018/10/02/14:07:58.524328;[];0;6273;5361;27761;798;-562;162;-386;-45;1290;249;126;53;0
2018/10/02/14:07:58.537286;[];0;5041;4625;26641;608;-484;12;-386;-45;1290;61;127;53;0
2018/10/02/14:07:58.549650;[];0;4673;5329;28193;566;-470;-134;-277;13;1304;112;127;53;0
2018/10/02/14:07:58.565395;[];0;5105;5249;28321;328;-458;-194;-277;13;1304;197;127;53;0
2018/10/02/14:07:58.578271;[];0;4705;4209;29425;242;-398;-330;-290;26;1270;26;128;53;0
2018/10/02/14:07:58.590469;[];0;4337;2833;31057;-4;-344;-448;-290;26;1270;94;128;53;0
2018/10/02/14:07:58.602459;[];0;3633;1169;31489;-26;-492;-490;-246;-13;1250;162;128;53;0
2018/10/02/14:07:58.619282;[];0;3201;33;32001;14;-408;-516;-246;-13;1250;230;128;53;0
2018/10/02/14:07:58.631569;[];0;2337;-623;32353;-62;-460;-338;-246;-13;1250;42;129;53;0
2018/10/02/14:07:58.643416;[];0;1617;-287;32753;-154;-284;-214;-265;13;1283;110;129;53;0
2018/10/02/14:07:58.656337;[];0;1169;-975;32753;-38;-294;-84;-265;13;1283;178;129;53;0
2018/10/02/14:07:58.672509;[];0;1585;-543;32753;-178;-130;84;-265;13;1283;246;129;53;0
2018/10/02/14:07:58.684435;[];0;2353;-591;32753;-136;10;94;-214;58;1236;58;130;53;0
2018/10/02/14:07:58.696326;[];0;2481;-287;32753;-194;60;94;-214;58;1236;126;130;53;0
2018/10/02/14:07:58.709247;[];0;1985;305;32753;-208;100;126;-265;0;1290;194;130;53;0
2018/10/02/14:07:58.725427;[];0;1185;353;32753;-228;144;90;-265;0;1290;6;131;53;0
2018/10/02/14:07:58.737395;[];0;1185;385;32753;-246;324;152;-265;0;1290;74;131;53;0
2018/10/02/14:07:58.750254;[];0;2337;449;32753;-382;264;62;-258;-19;1277;142;131;53;0
2018/10/02/14:07:58.762435;[];0;3441;449;32497;-322;442;172;-258;-19;1277;210;131;53;0
2018/10/02/14:07:58.774424;[];0;3553;369;31889;-292;548;292;-239;-19;1243;39;132;53;0
2018/10/02/14:07:58.795274;[];0;4129;1745;31041;-580;758;212;-239;-19;1243;141;132;53;0
2018/10/02/14:07:58.807490;[];0;4337;2497;29745;-598;682;334;-277;-13;1256;243;132;53;0
2018/10/02/14:07:58.823400;[];0;4977;2369;29297;-698;758;356;-277;-13;1256;38;133;53;0
2018/10/02/14:07:58.836282;[];0;5729;2465;28033;-654;754;294;-341;-19;1290;89;133;53;0
2018/10/02/14:07:58.848248;[];0;6545;2897;27105;-696;748;372;-341;-19;1290;157;133;53;0
2018/10/02/14:07:58.860439;[];0;6785;2849;25265;-724;720;298;-341;-19;1290;225;133;53;0
2018/10/02/14:07:58.877288;[];0;6657;2353;23185;-722;538;192;-380;-39;1290;37;134;53;0
2018/10/02/14:07:58.889256;[];0;6161;2705;21009;-748;594;192;-380;-39;1290;105;134;53;0
2018/10/02/14:07:58.901534;[];0;7697;2113;22513;-590;612;170;-380;-39;1290;173;134;53;0
2018/10/02/14:07:58.914480;[];0;8417;1601;19281;-476;520;148;-412;-84;1304;241;134;53;0
2018/10/02/14:07:58.926247;[];0;9697;1473;20097;-474;698;-62;-412;-84;1304;53;135;53;0
2018/10/02/14:07:58.942704;[];0;9313;1425;17665;-414;800;50;-456;-65;1283;121;135;53;0
2018/10/02/14:07:58.955706;[];0;7825;833;16081;-336;1058;238;-456;-65;1283;189;135;53;0
2018/10/02/14:07:58.967296;[];0;6625;305;16513;-450;1030;272;-456;-65;1283;1;136;53;0
2018/10/02/14:07:58.979270;[];0;5393;865;13761;-392;1248;490;-463;-19;1304;69;136;53;0
2018/10/02/14:07:58.995495;[];0;4705;1089;13729;-434;1482;332;-463;-19;1304;137;136;53;0
2018/10/02/14:07:59.008336;[];0;4513;1089;11793;-478;1508;468;-527;-32;1317;205;136;53;0
2018/10/02/14:07:59.020273;[];0;4609;689;10449;-492;1498;184;-527;-32;1317;17;137;53;0
2018/10/02/14:07:59.032693;[];0;4113;865;9089;-382;1346;-188;-527;-32;1317;85;137;53;0
2018/10/02/14:07:59.049474;[];0;2545;-223;7233;-422;1006;-196;-610;19;1344;170;137;53;0
2018/10/02/14:07:59.061286;[];0;1265;-831;7793;-360;948;-340;-610;19;1344;238;137;53;0
2018/10/02/14:07:59.073672;[];0;369;-1151;7825;-308;990;-554;-680;-26;1277;50;138;53;0
2018/10/02/14:07:59.086500;[];0;-159;-1295;7665;-162;1058;-450;-680;-26;1277;118;138;53;0
2018/10/02/14:07:59.102275;[];0;-287;-383;7105;-176;948;-392;-750;0;1317;203;138;53;0
2018/10/02/14:07:59.114520;[];0;-847;-479;6145;-80;830;-328;-750;0;1317;254;138;53;0
2018/10/02/14:07:59.127518;[];0;-1519;-143;5473;-66;868;-310;-750;0;1317;66;139;53;0
2018/10/02/14:07:59.139453;[];0;-1455;-191;4417;-130;516;-428;-776;-13;1290;134;139;53;0
2018/10/02/14:07:59.155559;[];0;-1231;177;3745;-262;500;-454;-776;-13;1290;202;139;53;0
2018/10/02/14:07:59.167483;[];0;-1183;193;3185;-322;276;-360;-776;-13;1290;14;140;53;0
2018/10/02/14:07:59.180328;[];0;-2063;-175;3249;-430;162;-434;-801;-13;1358;82;140;53;0
2018/10/02/14:07:59.192286;[];0;-2015;-1071;3649;-638;50;-352;-801;-13;1358;150;140;53;0
2018/10/02/14:07:59.204797;[];0;-2335;-1535;2977;-716;-44;-342;-891;-26;1344;218;140;53;0
2018/10/02/14:07:59.221374;[];0;-1791;-2175;3649;-724;-186;-338;-891;-26;1344;30;141;53;0
2018/10/02/14:07:59.233275;[];0;-1391;-3007;2737;-844;-280;-40;-891;-26;1344;81;141;53;0
2018/10/02/14:07:59.245498;[];0;-1151;-3455;4321;-796;-304;-70;-872;-52;1317;183;141;53;0
2018/10/02/14:07:59.259129;[];0;-1407;-3807;5601;-698;-356;-136;-872;-52;1317;251;141;53;0
2018/10/02/14:07:59.274296;[];0;-1791;-3503;5121;-660;-232;90;-859;-91;1378;63;142;53;0
2018/10/02/14:07:59.286575;[];0;-2143;-3487;5649;-442;-94;-30;-859;-91;1378;131;142;53;0
2018/10/02/14:07:59.299629;[];0;-2383;-3535;5937;-384;-104;176;-859;-91;1378;199;142;53;0
2018/10/02/14:07:59.311317;[];0;-2751;-3295;5073;-188;38;70;-865;-98;1425;11;143;53;0
2018/10/02/14:07:59.327440;[];0;-2415;-3007;5585;-32;276;16;-865;-98;1425;79;143;53;0
2018/10/02/14:07:59.340448;[];0;-1983;-3247;4017;-74;148;-20;-897;-98;1378;147;143;53;0
2018/10/02/14:07:59.352348;[];0;-2287;-3455;3777;-18;186;-20;-897;-98;1378;215;143;53;0
2018/10/02/14:07:59.364287;[];0;-2159;-3887;4321;-12;172;-246;-897;-98;1378;27;144;53;0
2018/10/02/14:07:59.380438;[];0;-2399;-3999;3425;46;128;-246;-872;-111;1364;95;144;53;0
2018/10/02/14:07:59.393385;[];0;-3295;-3919;4817;122;142;-118;-872;-111;1364;163;144;53;0
2018/10/02/14:07:59.405280;[];0;-4127;-4127;4113;260;192;-176;-891;-111;1351;231;144;53;0
2018/10/02/14:07:59.417511;[];0;-4255;-4639;4897;302;156;-134;-891;-111;1351;43;145;53;0
2018/10/02/14:07:59.434483;[];0;-3407;-4639;5441;330;80;-154;-891;-111;1351;111;145;53;0
2018/10/02/14:07:59.446294;[];0;-2927;-3983;5361;404;98;-100;-910;-130;1358;179;145;53;0
2018/10/02/14:07:59.459058;[];0;-2591;-3375;5745;556;-62;-118;-910;-130;1358;8;146;53;0
2018/10/02/14:07:59.471479;[];0;-2127;-2879;5345;494;-264;-48;-840;-111;1324;76;146;53;0
2018/10/02/14:07:59.483292;[];0;-911;-2783;6625;588;-458;78;-840;-111;1324;144;146;53;0
2018/10/02/14:07:59.499321;[];0;-79;-2927;6753;498;-642;104;-840;-111;1324;212;146;53;0
2018/10/02/14:07:59.512507;[];0;385;-2847;8113;482;-722;114;-833;-91;1263;24;147;53;0
2018/10/02/14:07:59.524357;[];0;433;-2735;9345;412;-732;160;-833;-91;1263;92;147;53;0
2018/10/02/14:07:59.536266;[];0;-767;-1951;9937;384;-766;190;-769;-98;1378;143;147;53;0
2018/10/02/14:07:59.552511;[];0;-1023;-1791;11585;330;-750;426;-769;-98;1378;227;147;53;0
2018/10/02/14:07:59.565403;[];0;-1007;-1071;11985;372;-760;558;-769;-98;1378;39;148;53;0
2018/10/02/14:07:59.577290;[];0;449;-1023;12497;250;-860;590;-738;-78;1331;107;148;53;0
2018/10/02/14:07:59.589888;[];0;1329;-559;12577;316;-770;250;-738;-78;1331;175;148;53;0
2018/10/02/14:07:59.606445;[];0;2257;-159;13601;368;-814;284;-693;-78;1344;243;148;53;0
2018/10/02/14:07:59.618294;[];0;2593;-415;14065;468;-796;56;-693;-78;1344;55;149;53;0
2018/10/02/14:07:59.630537;[];0;2801;497;14193;310;-980;188;-693;-78;1344;123;149;53;0
2018/10/02/14:07:59.643453;[];0;2945;497;15345;374;-892;6;-623;-98;1358;174;149;53;0
2018/10/02/14:07:59.659703;[];0;4209;481;14881;382;-910;-176;-623;-98;1358;20;150;53;0
2018/10/02/14:07:59.671277;[];0;4657;225;14865;286;-898;-220;-597;-78;1304;88;150;53;0
2018/10/02/14:07:59.684513;[];0;5105;-879;15329;440;-852;-302;-597;-78;1304;156;150;53;0
2018/10/02/14:07:59.696407;[];0;4097;-1727;15073;396;-898;-332;-597;-78;1304;224;150;53;0
2018/10/02/14:07:59.712319;[];0;2993;-2479;17105;492;-764;-176;-546;-98;1324;36;151;53;0
2018/10/02/14:07:59.725440;[];0;2433;-2111;18641;642;-754;-246;-546;-98;1324;104;151;53;0
2018/10/02/14:07:59.737476;[];0;2737;-847;18017;708;-536;-168;-469;-117;1337;172;151;53;0
2018/10/02/14:07:59.753322;[];0;4097;-479;17089;880;-608;2;-469;-117;1337;1;152;53;0
2018/10/02/14:07:59.765694;[];0;5009;337;16209;938;-700;6;-418;-39;1304;69;152;53;0
2018/10/02/14:07:59.778368;[];0;5473;241;16705;798;-810;196;-418;-39;1304;137;152;53;0
2018/10/02/14:07:59.794266;[];0;5937;209;17809;806;-1030;94;-418;-39;1304;205;152;53;0
2018/10/02/14:07:59.806629;[];0;4897;401;18097;704;-1132;-100;-373;-32;1304;17;153;53;0
2018/10/02/14:07:59.819879;[];0;3457;1681;20417;830;-1212;-58;-373;-32;1304;85;153;53;0
2018/10/02/14:07:59.831322;[];0;3201;2497;20641;816;-1314;-248;-329;-52;1304;153;153;53;0
2018/10/02/14:07:59.847553;[];0;3009;2513;21473;862;-1378;-384;-329;-52;1304;221;153;53;0
2018/10/02/14:07:59.860434;[];0;4545;2097;23809;896;-1476;-302;-329;-52;1304;33;154;53;0
2018/10/02/14:07:59.872340;[];0;5089;1697;23329;822;-1514;-344;-309;-32;1310;101;154;53;0
2018/10/02/14:07:59.884294;[];0;5857;1953;25985;722;-1684;-422;-309;-32;1310;169;154;53;0
2018/10/02/14:07:59.901498;[];0;4865;1585;26401;622;-1578;-474;-207;26;1324;254;154;53;0
2018/10/02/14:07:59.913351;[];0;5393;1153;29873;484;-1490;-342;-207;26;1324;66;155;53;0
2018/10/02/14:07:59.925310;[];0;7121;721;29585;370;-1424;-310;-207;26;1324;134;155;53;0
2018/10/02/14:07:59.937596;[];0;7969;337;31505;330;-1296;-38;-124;71;1304;202;155;53;0
2018/10/02/14:07:59.954357;[];0;9345;913;31489;254;-1172;-36;-124;71;1304;14;156;53;0
2018/10/02/14:07:59.966307;[];0;9873;1041;32081;208;-1212;130;-54;19;1270;82;156;53;0
2018/10/02/14:07:59.979516;[];0;9905;1233;32209;124;-794;322;-54;19;1270;150;156;53;0
2018/10/02/14:07:59.991465;[];0;9841;1793;32753;18;-590;238;-54;19;1270;218;156;53;0
2018/10/02/14:08:00.003283;[];0;10497;2177;32481;-52;-306;316;-41;58;1297;30;157;53;0
2018/10/02/14:08:00.019566;[];0;10001;2353;31505;-60;48;174;-41;58;1297;98;157;53;0
2018/10/02/14:08:00.032567;[];0;10305;2497;31697;-240;238;218;-35;58;1310;166;157;53;0
2018/10/02/14:08:00.044347;[];0;10209;2497;29521;-222;630;132;-35;58;1310;234;157;53;0
2018/10/02/14:08:00.056259;[];0;10529;2609;29745;-510;826;210;-35;58;1310;46;158;53;0
2018/10/02/14:08:00.073552;[];0;9889;2753;27553;-568;1026;280;-54;78;1324;114;158;53;0
2018/10/02/14:08:00.085357;[];0;9809;2865;27105;-740;1214;182;-54;78;1324;182;158;53;0
2018/10/02/14:08:00.097356;[];0;8961;3041;25105;-798;1310;344;-111;0;1310;11;159;53;0
2018/10/02/14:08:00.109495;[];0;8321;2529;24065;-762;1628;146;-111;0;1310;79;159;53;0
2018/10/02/14:08:00.126374;[];0;7633;2065;22705;-880;1548;158;-111;0;1310;147;159;53;0
2018/10/02/14:08:00.138288;[];0;7073;1505;21601;-900;1546;48;-162;-6;1324;215;159;53;0
2018/10/02/14:08:00.150666;[];0;6385;1425;20769;-870;1422;-10;-162;-6;1324;27;160;53;0
2018/10/02/14:08:00.163471;[];0;6001;993;20625;-950;1492;48;-239;-65;1310;95;160;53;0
2018/10/02/14:08:00.179302;[];0;5137;801;20305;-766;1306;48;-239;-65;1310;163;160;53;0
2018/10/02/14:08:00.191593;[];0;4497;17;19825;-880;1248;24;-239;-65;1310;231;160;53;0
2018/10/02/14:08:00.204647;[];0;3937;-479;19217;-830;1134;172;-335;-71;1304;43;161;53;0
2018/10/02/14:08:00.216332;[];0;3281;-815;17937;-866;1210;-28;-335;-71;1304;111;161;53;0
2018/10/02/14:08:00.232575;[];0;2769;-767;17457;-810;998;240;-399;-84;1337;179;161;53;0
2018/10/02/14:08:00.245621;[];0;3585;-671;16769;-688;918;62;-399;-84;1337;247;161;53;0
2018/10/02/14:08:00.257406;[];0;3697;-687;16641;-630;924;222;-399;-84;1337;59;162;53;0
2018/10/02/14:08:00.269297;[];0;3329;-1423;16337;-588;748;240;-450;-130;1337;127;162;53;0
2018/10/02/14:08:00.286510;[];0;2705;-1823;14993;-490;844;140;-450;-130;1337;195;162;53;0
2018/10/02/14:08:00.298373;[];0;2705;-1615;15409;-638;682;266;-482;-124;1351;7;163;53;0
2018/10/02/14:08:00.310336;[];0;2401;-1103;14033;-448;592;252;-482;-124;1351;92;163;53;0
2018/10/02/14:08:00.323018;[];0;3153;-1183;13921;-440;586;382;-482;-124;1351;160;163;53;0
2018/10/02/14:08:00.335408;[];0;2897;-1343;13425;-442;552;256;-565;-84;1337;228;163;53;0
2018/10/02/14:08:00.351318;[];0;1553;-943;13041;-388;578;212;-565;-84;1337;40;164;53;0
2018/10/02/14:08:00.363672;[];0;1553;-687;13233;-350;656;160;-552;-91;1364;108;164;53;0
2018/10/02/14:08:00.376405;[];0;1521;-927;11969;-300;760;168;-552;-91;1364;176;164;53;0
2018/10/02/14:08:00.388264;[];0;993;-479;11777;-266;608;146;-552;-91;1364;244;164;53;0
2018/10/02/14:08:00.404274;[];0;913;65;10833;-270;660;70;-578;-111;1391;56;165;53;0
2018/10/02/14:08:00.420290;[];0;1377;17;9953;-358;580;-126;-578;-111;1391;124;165;53;0
2018/10/02/14:08:00.429461;[];0;1329;-431;9457;-306;590;-128;-648;-78;1378;192;165;53;0
2018/10/02/14:08:00.441285;[];0;321;-1487;9233;-446;600;-152;-648;-78;1378;4;166;53;0
2018/10/02/14:08:00.458570;[];0;-239;-2399;8465;-406;702;2;-648;-78;1378;72;166;53;0
2018/10/02/14:08:00.470440;[];0;-447;-3183;8001;-478;816;-144;-642;-58;1405;140;166;53;0
2018/10/02/14:08:00.482309;[];0;-223;-2351;7377;-464;838;-2;-642;-58;1405;208;166;53;0
2018/10/02/14:08:00.495301;[];0;209;-2399;6417;-342;918;-130;-725;-104;1385;20;167;53;0
2018/10/02/14:08:00.511452;[];0;-127;-2319;5809;-256;692;-136;-725;-104;1385;105;167;53;0
2018/10/02/14:08:00.523397;[];0;-1167;-2351;5553;-118;794;-212;-725;-104;1385;173;167;53;0
2018/10/02/14:08:00.535299;[];0;-1695;-2511;5073;-40;624;-220;-776;-111;1405;241;167;53;0
2018/10/02/14:08:00.548761;[];0;-1967;-2607;4785;-8;730;-228;-776;-111;1405;53;168;53;0
2018/10/02/14:08:00.564459;[];0;-1967;-2863;5025;340;378;-224;-808;-143;1371;121;168;53;0
2018/10/02/14:08:00.576323;[];0;-2111;-2911;4993;150;344;-296;-808;-143;1371;189;168;53;0
2018/10/02/14:08:00.589636;[];0;-1919;-3199;5553;356;286;-254;-808;-143;1371;1;169;53;0
2018/10/02/14:08:00.601457;[];0;-2255;-3295;5425;356;138;-212;-789;-91;1391;69;169;53;0
2018/10/02/14:08:00.613351;[];0;-2415;-3231;5649;288;66;-162;-789;-91;1391;137;169;53;0
2018/10/02/14:08:00.630327;[];0;-2351;-3007;5681;334;64;-118;-859;-78;1344;205;169;53;0
2018/10/02/14:08:00.642498;[];0;-1967;-3023;4961;226;-52;-24;-859;-78;1344;17;170;53;0
2018/10/02/14:08:00.654479;[];0;-1887;-2767;5489;108;-122;-32;-859;-78;1344;85;170;53;0
2018/10/02/14:08:00.667434;[];0;-1503;-2623;5713;86;-228;-30;-840;-58;1385;153;170;53;0
2018/10/02/14:08:00.683851;[];0;-1359;-2911;6257;64;-418;188;-840;-58;1385;221;170;53;0
2018/10/02/14:08:00.695677;[];0;-1199;-2831;6689;-10;-380;118;-865;-104;1398;33;171;53;0
2018/10/02/14:08:00.707417;[];0;-1295;-3215;6769;-68;-534;-16;-865;-104;1398;118;171;53;0
2018/10/02/14:08:00.720271;[];0;-1807;-3199;7841;-42;-470;220;-865;-104;1398;186;171;53;0
2018/10/02/14:08:00.736529;[];0;-1551;-3215;8289;44;-424;192;-769;-104;1378;254;171;53;0
2018/10/02/14:08:00.748532;[];0;-1263;-2447;8481;0;-552;244;-769;-104;1378;66;172;53;0
2018/10/02/14:08:00.761312;[];0;-687;-1615;9073;136;-470;342;-795;-71;1398;134;172;53;0
2018/10/02/14:08:00.773574;[];0;-143;-1855;8433;248;-324;156;-795;-71;1398;202;172;53;0
2018/10/02/14:08:00.789359;[];0;385;-2255;9073;194;-526;48;-795;-71;1398;14;173;53;0
2018/10/02/14:08:00.802332;[];0;881;-2511;10113;148;-460;72;-750;-91;1364;82;173;53;0
2018/10/02/14:08:00.814818;[];0;1201;-3439;10193;154;-260;62;-750;-91;1364;150;173;53;0
2018/10/02/14:08:00.826671;[];0;1361;-3359;10497;178;-394;194;-699;-91;1344;218;173;53;0
2018/10/02/14:08:00.843331;[];0;1265;-2591;10625;322;-164;-58;-699;-91;1344;30;174;53;0
2018/10/02/14:08:00.856027;[];0;641;-1439;11009;504;-64;14;-699;-91;1344;98;174;53;0
2018/10/02/14:08:00.867535;[];0;337;-735;11697;588;60;56;-699;-84;1351;166;174;53;0
2018/10/02/14:08:00.880343;[];0;481;-1023;11537;560;166;6;-699;-84;1351;234;174;53;0
2018/10/02/14:08:00.896457;[];0;785;-2527;11953;664;226;-102;-699;-98;1351;46;175;53;0
2018/10/02/14:08:00.909016;[];0;1057;-3263;12113;476;280;-130;-699;-98;1351;131;175;53;0
2018/10/02/14:08:00.920342;[];0;1473;-2911;12017;380;254;0;-699;-98;1351;199;175;53;0
2018/10/02/14:08:00.933297;[];0;1009;-1103;12689;272;224;44;-674;-52;1310;11;176;53;0
2018/10/02/14:08:00.945506;[];0;529;129;14337;318;210;-82;-674;-52;1310;79;176;53;0
2018/10/02/14:08:00.961370;[];0;369;401;14577;274;212;-32;-686;-78;1290;147;176;53;0
2018/10/02/14:08:00.974313;[];0;-47;-335;14353;230;248;0;-686;-78;1290;215;176;53;0
2018/10/02/14:08:00.986653;[];0;977;-1167;14257;306;166;120;-686;-78;1290;27;177;53;0
2018/10/02/14:08:00.999027;[];0;1009;-1199;12897;158;22;-10;-712;-78;1283;95;177;53;0
2018/10/02/14:08:01.015320;[];0;369;-1391;14737;-12;-140;74;-712;-78;1283;162;177;53;0
2018/10/02/14:08:01.027892;[];0;-367;-1311;16177;60;-268;144;-725;-84;1256;230;177;53;0
2018/10/02/14:08:01.039513;[];0;-559;-863;16849;184;-320;-16;-725;-84;1256;42;178;53;0
2018/10/02/14:08:01.052345;[];0;321;-463;18609;370;-508;-72;-725;-84;1256;110;178;53;0
2018/10/02/14:08:01.068613;[];0;529;-463;17233;268;-730;172;-693;-137;1256;178;178;53;0
2018/10/02/14:08:01.080484;[];0;1185;-239;18097;422;-840;-14;-693;-137;1256;246;178;53;0
2018/10/02/14:08:01.092356;[];0;769;-943;17489;448;-804;126;-616;-65;1270;58;179;53;0
2018/10/02/14:08:01.105297;[];0;17;-527;18929;466;-880;-16;-616;-65;1270;126;179;53;0
2018/10/02/14:08:01.121549;[];0;145;-383;19457;258;-734;-40;-616;-65;1270;211;179;53;0
2018/10/02/14:08:01.133388;[];0;769;-239;20401;216;-864;36;-546;-111;1283;23;180;53;0
2018/10/02/14:08:01.146309;[];0;1745;129;20561;150;-866;-170;-546;-111;1283;91;180;53;0
2018/10/02/14:08:01.158885;[];0;2097;-895;20513;140;-804;-68;-533;-78;1297;159;180;53;0
2018/10/02/14:08:01.174384;[];0;2449;-1487;21185;206;-756;-106;-533;-78;1297;227;180;53;0
2018/10/02/14:08:01.191327;[];0;2513;-2271;21809;196;-804;-72;-533;-78;1297;39;181;53;0
2018/10/02/14:08:01.204594;[];0;2033;-1311;22545;478;-700;-58;-476;-111;1290;158;181;53;0
2018/10/02/14:08:01.215432;[];0;1793;-1455;21937;512;-626;-92;-476;-111;1290;209;181;53;0
2018/10/02/14:08:01.232319;[];0;1313;-1215;22577;628;-570;-58;-476;-91;1283;4;182;53;0
2018/10/02/14:08:01.244582;[];0;929;-1279;22097;708;-698;126;-476;-91;1283;89;182;53;0
2018/10/02/14:08:01.256471;[];0;833;-591;21729;652;-548;132;-424;-58;1270;157;182;53;0
2018/10/02/14:08:01.269295;[];0;1233;1;22433;674;-710;68;-424;-58;1270;225;182;53;0
2018/10/02/14:08:01.285762;[];0;1409;625;21825;578;-686;186;-424;-58;1270;37;183;53;0
2018/10/02/14:08:01.297542;[];0;1953;641;22225;386;-654;-20;-386;-45;1270;105;183;53;0
2018/10/02/14:08:01.310327;[];0;2769;865;21601;376;-770;6;-386;-45;1270;173;183;53;0
2018/10/02/14:08:01.322317;[];0;3521;833;22305;322;-682;-142;-386;-45;1270;224;183;53;0
2018/10/02/14:08:01.338432;[];0;3409;433;21649;376;-826;-16;-354;-13;1270;53;184;53;0
2018/10/02/14:08:01.351342;[];0;3137;593;22257;218;-572;-62;-354;-13;1270;121;184;53;0
2018/10/02/14:08:01.363283;[];0;2977;865;21505;314;-572;-76;-297;-26;1304;189;184;53;0
2018/10/02/14:08:01.375527;[];0;3137;977;22257;232;-448;198;-297;-26;1304;1;185;53;0
2018/10/02/14:08:01.387356;[];0;3329;1281;20689;334;-256;46;-297;-26;1304;69;185;53;0
2018/10/02/14:08:01.404303;[];0;4177;1393;20609;144;-210;150;-329;6;1304;137;185;53;0
2018/10/02/14:08:01.416786;[];0;4353;1665;20097;136;-164;148;-329;6;1304;205;185;53;0
2018/10/02/14:08:01.428525;[];0;3953;1697;19393;-54;-14;154;-341;6;1270;17;186;53;0
2018/10/02/14:08:01.441290;[];0;3697;1873;19425;-154;14;28;-341;6;1270;102;186;53;0
2018/10/02/14:08:01.457513;[];0;3601;1553;18945;-166;84;40;-271;-13;1304;170;186;53;0
2018/10/02/14:08:01.469673;[];0;3633;1297;17985;-214;0;130;-271;-13;1304;238;186;53;0
2018/10/02/14:08:01.482344;[];0;3777;1169;17697;-276;242;2;-271;-13;1304;50;187;53;0
2018/10/02/14:08:01.494283;[];0;3441;625;16865;-350;220;-58;-290;-6;1331;118;187;53;0
2018/10/02/14:08:01.510483;[];0;3041;577;16897;-196;272;-102;-290;-6;1331;186;187;53;0
2018/10/02/14:08:01.523372;[];0;2993;257;16705;-228;332;-124;-284;-19;1290;254;187;53;0
2018/10/02/14:08:01.535302;[];0;2897;-47;15889;-276;262;-164;-284;-19;1290;66;188;53;0
2018/10/02/14:08:01.547834;[];0;2721;-255;16049;-254;308;-286;-284;-19;1290;134;188;53;0
2018/10/02/14:08:01.563482;[];0;3057;-207;15665;-110;356;-158;-335;-26;1290;202;188;53;0
2018/10/02/14:08:01.576310;[];0;3249;-463;16113;-220;160;-6;-335;-26;1290;14;189;53;0
2018/10/02/14:08:01.588891;[];0;3361;-255;15809;-168;176;-64;-335;-26;1290;82;189;53;0
2018/10/02/14:08:01.600449;[];0;2833;-351;15905;-130;274;-28;-309;-32;1364;150;189;53;0
2018/10/02/14:08:01.617313;[];0;2801;-383;16353;-136;268;-122;-309;-32;1364;218;189;53;0
2018/10/02/14:08:01.629426;[];0;2673;-287;15553;-70;328;-22;-335;-13;1283;30;190;53;0
2018/10/02/14:08:01.641500;[];0;2609;-239;15969;-144;220;0;-335;-13;1283;98;190;53;0
2018/10/02/14:08:01.654361;[];0;3153;-255;15633;10;244;148;-392;-26;1297;183;190;53;0
2018/10/02/14:08:01.670280;[];0;3057;-255;15457;-70;304;-78;-392;-26;1297;251;190;53;0
2018/10/02/14:08:01.682642;[];0;3009;-127;15921;-34;276;16;-392;-26;1297;63;191;53;0
2018/10/02/14:08:01.695481;[];0;3073;-63;15569;-76;338;14;-386;-32;1277;131;191;53;0
2018/10/02/14:08:01.707331;[];0;2545;-223;15617;-160;206;14;-386;-32;1277;199;191;53;0
2018/10/02/14:08:01.719655;[];0;2529;1;15857;-144;346;-36;-380;-45;1270;11;192;53;0
2018/10/02/14:08:01.736479;[];0;2097;-239;15297;-192;230;52;-380;-45;1270;79;192;53;0
2018/10/02/14:08:01.748318;[];0;2081;-207;15585;-80;344;-160;-380;-45;1270;147;192;53;0
2018/10/02/14:08:01.760289;[];0;2257;-447;15489;-242;248;-104;-380;-71;1290;215;192;53;0
2018/10/02/14:08:01.775052;[];0;2225;-303;15265;-118;406;-68;-380;-71;1290;27;193;53;0
2018/10/02/14:08:01.789352;[];0;2321;-527;16353;-204;250;-130;-380;-71;1290;95;193;53;0
2018/10/02/14:08:01.801306;[];0;2081;-879;16673;-286;190;-142;-431;-52;1331;163;193;53;0
2018/10/02/14:08:01.813748;[];0;1825;-959;16577;-204;206;-80;-431;-52;1331;231;193;53;0
2018/10/02/14:08:01.826451;[];0;1185;-1039;16945;-260;184;10;-424;-71;1277;60;194;53;0
2018/10/02/14:08:01.842314;[];0;1009;-991;16865;-190;142;6;-424;-71;1277;111;194;53;0
2018/10/02/14:08:01.854431;[];0;1185;-1455;17601;-154;124;-30;-450;-65;1277;196;194;53;0
2018/10/02/14:08:01.867446;[];0;1073;-1535;18561;-152;92;0;-450;-65;1277;8;195;53;0
2018/10/02/14:08:01.879629;[];0;1089;-1791;18865;-342;-24;68;-450;-65;1277;76;195;53;0
2018/10/02/14:08:01.895305;[];0;1089;-1567;19665;-180;-24;-30;-399;-91;1290;144;195;53;0
2018/10/02/14:08:01.908540;[];0;961;-1903;19649;-242;26;12;-399;-91;1290;212;195;53;0
2018/10/02/14:08:01.920425;[];0;1041;-1983;20113;-180;14;48;-444;-111;1324;24;196;53;0
2018/10/02/14:08:01.932308;[];0;1201;-1647;20337;-180;-124;-78;-444;-111;1324;92;196;53;0
2018/10/02/14:08:01.949539;[];0;1457;-1247;21041;-120;-62;-16;-444;-111;1324;160;196;53;0
2018/10/02/14:08:01.961483;[];0;1537;-1167;20689;-98;-186;-52;-463;-111;1297;228;196;53;0
2018/10/02/14:08:01.973337;[];0;1729;-911;20177;-42;-10;56;-463;-111;1297;40;197;53;0
2018/10/02/14:08:01.985288;[];0;1697;-863;19601;16;-92;18;-450;-91;1290;108;197;53;0
2018/10/02/14:08:01.998464;[];0;1537;-1087;18321;-44;-92;-100;-450;-91;1290;176;197;53;0
2018/10/02/14:08:02.014367;[];0;1409;-911;16865;62;-62;-120;-450;-91;1290;244;197;53;0
2018/10/02/14:08:02.026309;[];0;2049;-1263;16241;28;-56;2;-444;-84;1317;39;198;53;0
2018/10/02/14:08:02.041722;[];0;2385;-1375;14977;54;-24;-230;-444;-84;1317;141;198;53;0
2018/10/02/14:08:02.051385;[];0;2353;-1791;14417;88;-150;6;-444;-84;1317;192;198;53;0
2018/10/02/14:08:02.067328;[];0;2497;-1823;14145;86;-124;-154;-444;-71;1297;21;199;53;0
2018/10/02/14:08:02.080761;[];0;2177;-2287;14193;246;-256;-80;-444;-71;1297;89;199;53;0
2018/10/02/14:08:02.092488;[];0;1889;-2431;13889;320;-324;-50;-412;-52;1290;157;199;53;0
2018/10/02/14:08:02.104317;[];0;2657;-2079;14609;290;-374;-184;-412;-52;1290;225;199;53;0
2018/10/02/14:08:02.121610;[];0;3553;-1647;14977;342;-366;-28;-399;-58;1344;37;200;53;0
2018/10/02/14:08:02.133476;[];0;3793;-799;15009;498;-474;-42;-399;-58;1344;105;200;53;0
2018/10/02/14:08:02.145399;[];0;4241;-79;15825;350;-458;118;-399;-58;1344;173;200;53;0
2018/10/02/14:08:02.157283;[];0;4737;273;15153;342;-520;104;-412;-39;1337;241;200;53;0
2018/10/02/14:08:02.174511;[];0;4753;417;15633;126;-432;140;-412;-39;1337;53;201;53;0
2018/10/02/14:08:02.186534;[];0;4449;673;14737;62;-318;124;-367;13;1297;121;201;53;0
2018/10/02/14:08:02.198327;[];0;4529;1057;15169;-40;-74;122;-367;13;1297;189;201;53;0
2018/10/02/14:08:02.211368;[];0;4177;945;14257;-184;-4;168;-367;13;1297;1;202;53;0
2018/10/02/14:08:02.227524;[];0;3409;1025;14193;-110;138;192;-361;-13;1371;69;202;53;0
2018/10/02/14:08:02.239357;[];0;3105;1121;13537;-304;350;180;-361;-13;1371;137;202;53;0
2018/10/02/14:08:02.256567;[];0;2833;817;12897;-250;512;-36;-367;39;1358;222;202;53;0
2018/10/02/14:08:02.268603;[];0;2721;817;12881;-420;568;-132;-367;39;1358;34;203;53;0
2018/10/02/14:08:02.280365;[];0;2353;545;12161;-374;636;-154;-367;39;1358;119;203;53;0
2018/10/02/14:08:02.293334;[];0;2433;289;12641;-266;736;-88;-431;-19;1351;187;203;53;0
2018/10/02/14:08:02.309815;[];0;1905;-47;12305;-258;702;-212;-431;-19;1351;255;203;53;0
2018/10/02/14:08:02.321398;[];0;1425;-207;12273;-272;720;-240;-450;0;1324;67;204;53;0
2018/10/02/14:08:02.333338;[];0;1153;-575;12593;-260;674;-428;-450;0;1324;135;204;53;0
2018/10/02/14:08:02.346806;[];0;833;-815;12449;-142;650;-506;-450;0;1324;203;204;53;0
2018/10/02/14:08:02.362418;[];0;657;-1071;12449;-130;562;-270;-507;-19;1310;15;205;53;0
2018/10/02/14:08:02.374332;[];0;913;-1231;12721;-170;462;-324;-507;-19;1310;83;205;53;0
2018/10/02/14:08:02.387833;[];0;1201;-1455;12769;4;224;-418;-476;-52;1351;151;205;53;0
2018/10/02/14:08:02.400375;[];0;1153;-1839;13665;36;200;-138;-476;-52;1351;219;205;53;0
2018/10/02/14:08:02.415352;[];0;993;-1919;14289;-82;124;-174;-476;-52;1351;31;206;53;0
2018/10/02/14:08:02.428603;[];0;1073;-1903;14321;-96;-26;-44;-507;-78;1331;99;206;53;0
2018/10/02/14:08:02.440520;[];0;1553;-1807;14337;-134;-162;140;-507;-78;1331;167;206;53;0
2018/10/02/14:08:02.452380;[];0;1633;-1615;14833;6;-274;244;-514;-45;1324;235;206;53;0
2018/10/02/14:08:02.469656;[];0;1825;-1551;14977;64;-298;128;-514;-45;1324;46;207;53;0
2018/10/02/14:08:02.481562;[];0;1969;-1215;15521;38;-328;246;-514;-45;1324;114;207;53;0
2018/10/02/14:08:02.493396;[];0;1905;-895;15745;-52;-260;206;-482;-58;1351;182;207;53;0
2018/10/02/14:08:02.506328;[];0;1457;-879;16257;-36;-174;60;-482;-58;1351;11;208;53;0
2018/10/02/14:08:02.519356;[];0;1409;-799;16177;52;-36;242;-488;-65;1324;79;208;53;0
2018/10/02/14:08:02.534454;[];0;1441;-431;16209;-46;86;126;-488;-65;1324;147;208;53;0
2018/10/02/14:08:02.546322;[];0;1585;-543;15633;106;76;196;-488;-65;1324;215;208;53;0
2018/10/02/14:08:02.559627;[];0;1681;-287;15361;36;108;172;-501;-91;1337;27;209;53;0
2018/10/02/14:08:02.571625;[];0;1473;-303;15489;-80;126;62;-501;-91;1337;95;209;53;0
2018/10/02/14:08:02.587351;[];0;1377;-191;15441;-70;164;0;-501;-71;1331;163;209;53;0
2018/10/02/14:08:02.600566;[];0;1041;-511;15633;-46;224;52;-501;-71;1331;231;209;53;0
2018/10/02/14:08:02.612532;[];0;1297;-927;15649;26;104;-150;-501;-71;1331;43;210;53;0
2018/10/02/14:08:02.624388;[];0;1265;-1151;15345;-134;100;-134;-527;-65;1351;111;210;53;0
2018/10/02/14:08:02.641439;[];0;1169;-911;15729;-58;106;-296;-527;-65;1351;179;210;53;0
2018/10/02/14:08:02.653607;[];0;1169;-1263;15745;-152;132;-88;-501;-71;1344;247;210;53;0
2018/10/02/14:08:02.665470;[];0;929;-1519;15809;-194;48;-14;-501;-71;1344;93;211;53;0
2018/10/02/14:08:02.678327;[];0;1009;-1567;15473;-186;36;-132;-501;-71;1344;144;211;53;0
2018/10/02/14:08:02.694584;[];0;977;-1695;15169;-110;84;-44;-507;-58;1317;195;211;53;0
2018/10/02/14:08:02.706488;[];0;993;-2079;15281;8;78;20;-507;-58;1317;24;212;53;0
2018/10/02/14:08:02.718339;[];0;1169;-2095;15281;-18;12;88;-507;-58;1310;92;212;53;0
2018/10/02/14:08:02.731582;[];0;1217;-1887;14977;6;100;106;-507;-58;1310;160;212;53;0
2018/10/02/14:08:02.747515;[];0;1169;-1615;15281;-134;-74;70;-507;-58;1310;228;212;53;0
2018/10/02/14:08:02.759326;[];0;1121;-1551;15233;10;38;-58;-507;-78;1317;23;213;53;0
2018/10/02/14:08:02.772322;[];0;1185;-1631;15489;86;-60;108;-507;-78;1317;108;213;53;0
2018/10/02/14:08:02.784497;[];0;1041;-1359;15585;116;10;78;-507;-58;1304;176;213;53;0
2018/10/02/14:08:02.796329;[];0;833;-1247;15377;56;114;0;-507;-58;1304;244;213;53;0
2018/10/02/14:08:02.813297;[];0;737;-1103;15889;132;66;188;-507;-58;1304;56;214;53;0
2018/10/02/14:08:02.825513;[];0;1041;-1215;15681;52;162;-40;-539;-78;1297;124;214;53;0
2018/10/02/14:08:02.837419;[];0;1233;-1215;15505;38;32;78;-539;-78;1297;192;214;53;0
2018/10/02/14:08:02.850303;[];0;1137;-1023;15377;66;66;-156;-520;-52;1358;4;215;53;0
2018/10/02/14:08:02.866540;[];0;977;-975;15537;100;68;-90;-520;-52;1358;55;215;53;0
2018/10/02/14:08:02.878478;[];0;897;-847;15425;140;84;-70;-520;-52;1358;140;215;53;0
2018/10/02/14:08:02.891310;[];0;913;-879;15729;104;70;-120;-520;-52;1297;208;215;53;0
2018/10/02/14:08:02.903575;[];0;1265;-1055;15921;20;44;92;-520;-52;1297;37;216;53;0
2018/10/02/14:08:02.920135;[];0;1025;-1039;15649;-14;20;14;-559;-39;1317;105;216;53;0
2018/10/02/14:08:02.931343;[];0;1185;-1055;15937;-122;52;-46;-559;-39;1317;173;216;53;0
2018/10/02/14:08:02.948447;[];0;961;-1007;15777;60;-44;62;-559;-39;1317;241;216;53;0
2018/10/02/14:08:02.956504;[];0;705;-815;16001;-88;60;34;-559;-39;1331;53;217;53;0
2018/10/02/14:08:02.972363;[];0;705;-991;15889;-160;42;0;-559;-39;1331;121;217;53;0
2018/10/02/14:08:02.985306;[];0;961;-1007;15793;-92;42;24;-559;-45;1310;189;217;53;0
2018/10/02/14:08:02.997513;[];0;1057;-991;15649;-88;-72;176;-559;-45;1310;1;218;53;0
2018/10/02/14:08:03.009562;[];0;897;-1167;15745;-24;-110;76;-559;-45;1310;69;218;53;0
2018/10/02/14:08:03.026317;[];0;1153;-1183;15665;-88;-112;72;-533;-65;1371;137;218;53;0
2018/10/02/14:08:03.039067;[];0;1313;-1215;15489;24;88;-102;-533;-65;1371;205;218;53;0
2018/10/02/14:08:03.050415;[];0;1521;-1087;15633;20;-32;-56;-514;-71;1317;17;219;53;0
2018/10/02/14:08:03.063311;[];0;1041;-1167;15889;-10;0;-148;-514;-71;1317;85;219;53;0
2018/10/02/14:08:03.079631;[];0;1025;-1391;15873;10;-50;-50;-514;-71;1317;153;219;53;0
2018/10/02/14:08:03.091488;[];0;1153;-1599;15921;74;-74;152;-539;-78;1304;221;219;53;0
2018/10/02/14:08:03.103367;[];0;1089;-1535;15889;-80;26;10;-539;-78;1304;33;220;53;0
2018/10/02/14:08:03.116336;[];0;1009;-1391;15777;-48;-58;116;-514;-52;1337;118;220;53;0
2018/10/02/14:08:03.128381;[];0;993;-1103;15665;-52;84;42;-514;-52;1337;186;220;53;0
2018/10/02/14:08:03.144389;[];0;881;-863;15761;-54;20;54;-514;-52;1337;254;220;53;0
2018/10/02/14:08:03.157338;[];0;705;-927;15601;132;84;-22;-546;-71;1310;66;221;53;0
2018/10/02/14:08:03.170457;[];0;993;-879;15777;-26;162;-78;-546;-71;1310;134;221;53;0
2018/10/02/14:08:03.181486;[];0;945;-1007;15537;-44;62;-48;-539;-52;1290;202;221;53;0
2018/10/02/14:08:03.198360;[];0;929;-1135;15537;74;30;-142;-539;-52;1290;14;222;53;0
2018/10/02/14:08:03.210446;[];0;689;-1071;15809;16;-58;-102;-539;-52;1290;82;222;53;0
2018/10/02/14:08:03.222592;[];0;657;-1343;15649;-36;-30;-110;-552;-65;1310;150;222;53;0
2018/10/02/14:08:03.235412;[];0;881;-1327;15809;-52;56;28;-552;-65;1310;218;222;53;0
2018/10/02/14:08:03.251343;[];0;1217;-1471;15633;-12;-130;54;-533;-58;1317;30;223;53;0
2018/10/02/14:08:03.263610;[];0;1281;-1183;15857;2;-62;-38;-533;-58;1317;98;223;53;0
2018/10/02/14:08:03.276574;[];0;1137;-959;15809;-34;-116;56;-533;-58;1317;166;223;53;0
2018/10/02/14:08:03.288342;[];0;993;-975;15793;4;-186;-56;-520;-65;1290;234;223;53;0
2018/10/02/14:08:03.304850;[];0;1201;-1023;15937;-80;-48;-10;-520;-65;1290;46;224;53;0
2018/10/02/14:08:03.316583;[];0;1345;-975;15777;-98;-112;-120;-552;-26;1324;131;224;53;0
2018/10/02/14:08:03.329352;[];0;1393;-1103;15937;-76;-154;-16;-552;-26;1324;199;224;53;0
2018/10/02/14:08:03.341670;[];0;1457;-1119;15873;-36;12;-222;-552;-26;1324;11;225;53;0
2018/10/02/14:08:03.357597;[];0;1473;-1311;16081;4;-110;-120;-546;-78;1324;79;225;53;0
2018/10/02/14:08:03.370362;[];0;1185;-1535;15953;-74;58;-156;-546;-78;1324;147;225;53;0
2018/10/02/14:08:03.382333;[];0;1297;-2047;16017;-104;90;-4;-546;-58;1378;198;225;53;0
2018/10/02/14:08:03.394592;[];0;1489;-1775;16081;64;-2;-58;-546;-58;1378;27;226;53;0
2018/10/02/14:08:03.407384;[];0;1409;-1647;16113;6;82;-78;-546;-58;1378;95;226;53;0
2018/10/02/14:08:03.423338;[];0;1569;-1423;15777;40;-100;80;-552;-71;1310;163;226;53;0
2018/10/02/14:08:03.435562;[];0;1377;-1407;16113;88;-42;162;-552;-71;1310;231;226;53;0
2018/10/02/14:08:03.448436;[];0;1281;-1359;16001;102;-12;90;-533;-71;1344;43;227;53;0
2018/10/02/14:08:03.460289;[];0;1073;-1135;15825;112;114;-50;-533;-71;1344;111;227;53;0
2018/10/02/14:08:03.476799;[];0;1217;-1279;15745;84;-2;10;-533;-71;1344;179;227;53;0
2018/10/02/14:08:03.488578;[];0;1313;-1151;15761;102;40;100;-514;-39;1358;247;227;53;0
2018/10/02/14:08:03.501357;[];0;1313;-1151;15793;-50;70;-24;-514;-39;1358;59;228;53;0
2018/10/02/14:08:03.513432;[];0;1329;-1231;15649;18;-50;-38;-552;-45;1351;127;228;53;0
2018/10/02/14:08:03.529581;[];0;1057;-1231;15745;-8;38;50;-552;-45;1351;212;228;53;0
2018/10/02/14:08:03.542371;[];0;1073;-1263;15825;-10;100;116;-552;-45;1351;24;229;53;0
2018/10/02/14:08:03.554320;[];0;1249;-1407;15761;-56;14;-128;-546;-45;1317;92;229;53;0
2018/10/02/14:08:03.566819;[];0;897;-1183;15601;-54;-48;-108;-546;-45;1317;160;229;53;0
2018/10/02/14:08:03.583418;[];0;1169;-1215;15777;32;-20;110;-514;-52;1351;228;229;53;0
2018/10/02/14:08:03.595314;[];0;1425;-1247;16097;-4;-66;-34;-514;-52;1351;91;230;53;0
2018/10/02/14:08:03.607552;[];0;1361;-1135;15745;62;-148;66;-527;-78;1317;142;230;53;0
2018/10/02/14:08:03.624551;[];0;1265;-1087;16113;-4;-36;76;-527;-78;1317;193;230;53;0
2018/10/02/14:08:03.636356;[];0;1249;-1183;16113;64;-112;80;-527;-78;1317;5;231;53;0
2018/10/02/14:08:03.648330;[];0;1297;-1199;16001;-26;58;14;-559;-71;1297;73;231;53;0
2018/10/02/14:08:03.661487;[];0;1249;-1135;16097;-20;-54;-14;-559;-71;1297;141;231;53;0
2018/10/02/14:08:03.677382;[];0;1345;-1071;16161;8;-72;2;-559;-71;1297;209;231;53;0
2018/10/02/14:08:03.689308;[];0;1425;-1071;15873;-68;106;62;-533;-91;1317;21;232;53;0
2018/10/02/14:08:03.701742;[];0;1345;-1119;16049;118;4;104;-533;-91;1317;123;232;53;0
2018/10/02/14:08:03.714524;[];0;1137;-1231;16081;36;98;-76;-501;-58;1337;174;232;53;0
2018/10/02/14:08:03.730340;[];0;1137;-1167;15985;-78;-100;58;-501;-58;1337;225;232;53;0
2018/10/02/14:08:03.742622;[];0;1121;-1135;15889;-22;0;-46;-501;-58;1337;37;233;53;0
2018/10/02/14:08:03.755495;[];0;1121;-1151;16001;-62;22;-72;-495;-45;1317;105;233;53;0
2018/10/02/14:08:03.767438;[];0;961;-1055;15633;10;40;-64;-495;-45;1317;173;233;53;0
2018/10/02/14:08:03.783323;[];0;1121;-1359;15633;64;14;-100;-501;-65;1317;241;233;53;0
2018/10/02/14:08:03.796637;[];0;1169;-1263;15601;-142;-76;28;-501;-65;1317;53;234;53;0
2018/10/02/14:08:03.808554;[];0;1265;-1423;15857;18;-78;-8;-501;-65;1317;104;234;53;0
2018/10/02/14:08:03.820333;[];0;1361;-1263;15665;-106;26;-22;-527;-78;1297;189;234;53;0
2018/10/02/14:08:03.833607;[];0;1185;-1087;15905;-70;-98;142;-527;-78;1297;18;235;53;0
2018/10/02/14:08:03.849453;[];0;1121;-1119;15761;-102;-116;60;-514;-52;1331;86;235;53;0
2018/10/02/14:08:03.861355;[];0;1265;-1055;16017;-48;-50;16;-514;-52;1331;154;235;53;0
2018/10/02/14:08:03.873317;[];0;1393;-1151;15969;16;48;-46;-514;-52;1331;222;235;53;0
2018/10/02/14:08:03.886517;[];0;1409;-1279;15873;46;-28;-42;-539;-71;1351;34;236;53;0
2018/10/02/14:08:03.902386;[];0;1473;-959;16081;16;94;-72;-539;-71;1351;102;236;53;0
2018/10/02/14:08:03.914326;[];0;1393;-1055;15841;-10;-16;-30;-507;-58;1344;186;236;53;0
2018/10/02/14:08:03.927858;[];0;1377;-1039;15793;0;-74;120;-507;-58;1344;237;236;53;0
2018/10/02/14:08:03.939532;[];0;1281;-1183;15953;-34;96;56;-507;-58;1344;49;237;53;0
2018/10/02/14:08:03.955334;[];0;1217;-1295;15937;-58;14;74;-539;-84;1297;117;237;53;0
2018/10/02/14:08:03.968653;[];0;1345;-1391;16033;-62;16;56;-539;-84;1297;185;237;53;0
2018/10/02/14:08:03.980468;[];0;1377;-1215;15793;30;132;-86;-507;-58;1310;253;237;53;0
2018/10/02/14:08:03.992356;[];0;1377;-1023;16193;134;96;20;-507;-58;1310;65;238;53;0
2018/10/02/14:08:04.009502;[];0;1313;-1407;15937;10;76;48;-507;-58;1310;133;238;53;0
2018/10/02/14:08:04.021538;[];0;1345;-1247;15969;-102;94;-54;-565;-78;1337;201;238;53;0
2018/10/02/14:08:04.033394;[];0;1265;-1199;15985;-54;80;-56;-565;-78;1337;13;239;53;0
2018/10/02/14:08:04.046336;[];0;1409;-1375;15937;84;124;-110;-533;-78;1324;81;239;53;0
2018/10/02/14:08:04.062702;[];0;1377;-1407;15889;16;16;14;-533;-78;1324;166;239;53;0
2018/10/02/14:08:04.074466;[];0;1201;-1311;16033;-34;144;-8;-495;-52;1371;234;239;53;0
2018/10/02/14:08:04.086341;[];0;993;-911;16113;56;102;-116;-495;-52;1371;46;240;53;0
2018/10/02/14:08:04.099722;[];0;1185;-1119;16049;24;-30;56;-495;-52;1371;114;240;53;0
2018/10/02/14:08:04.111465;[];0;1105;-1071;15665;26;-2;-6;-527;-52;1324;182;240;53;0
2018/10/02/14:08:04.127350;[];0;1185;-1231;15761;10;-64;104;-527;-52;1324;11;241;53;0
2018/10/02/14:08:04.140629;[];0;1153;-1215;15729;-62;-30;82;-527;-52;1324;62;241;53;0
2018/10/02/14:08:04.152530;[];0;1025;-1151;15889;-60;48;-98;-539;-71;1344;130;241;53;0
2018/10/02/14:08:04.164340;[];0;1121;-1023;15617;0;82;14;-539;-71;1344;198;241;53;0
2018/10/02/14:08:04.181333;[];0;1281;-1327;15601;-4;-44;-108;-527;-65;1344;10;242;53;0
2018/10/02/14:08:04.194823;[];0;1313;-1295;15953;-48;82;70;-527;-65;1344;78;242;53;0
2018/10/02/14:08:04.205451;[];0;1361;-1295;15441;-2;38;42;-527;-65;1344;146;242;53;0
2018/10/02/14:08:04.218325;[];0;1345;-1327;15953;52;4;-32;-482;-32;1317;214;242;53;0
2018/10/02/14:08:04.237059;[];0;1313;-1343;16017;46;4;-100;-482;-32;1317;43;243;53;0
2018/10/02/14:08:04.246532;[];0;1249;-1327;15905;50;-22;-118;-533;-39;1371;111;243;53;0
2018/10/02/14:08:04.258347;[];0;1233;-1183;16049;26;-6;40;-533;-39;1371;179;243;53;0
2018/10/02/14:08:04.271663;[];0;1233;-1359;16001;-6;132;-6;-571;-91;1304;247;243;53;0
2018/10/02/14:08:04.287495;[];0;1409;-1103;15729;44;82;-24;-571;-91;1304;59;244;53;0
2018/10/02/14:08:04.299530;[];0;1345;-815;15777;-4;50;-28;-571;-91;1304;127;244;53;0
2018/10/02/14:08:04.312354;[];0;1217;-1263;15457;2;24;-48;-527;-84;1317;195;244;53;0
2018/10/02/14:08:04.327420;[];0;1377;-1039;15441;0;50;-56;-527;-84;1317;7;245;53;0
2018/10/02/14:08:04.340426;[];0;1297;-1023;15521;-8;32;-64;-527;-84;1317;75;245;53;0
2018/10/02/14:08:04.353360;[];0;1217;-1215;15793;2;8;-132;-559;-84;1310;143;245;53;0
2018/10/02/14:08:04.365911;[];0;1361;-1439;15761;92;-36;10;-559;-84;1310;211;245;53;0
2018/10/02/14:08:04.377531;[];0;1313;-1327;15777;80;14;-84;-527;-84;1324;23;246;53;0
2018/10/02/14:08:04.394341;[];0;1233;-1263;15985;90;86;-30;-527;-84;1324;91;246;53;0
2018/10/02/14:08:04.406378;[];0;1249;-1407;15809;-124;48;98;-527;-84;1324;159;246;53;0
2018/10/02/14:08:04.418446;[];0;1073;-1263;15857;26;66;-110;-527;-71;1324;227;246;53;0
2018/10/02/14:08:04.431449;[];0;1121;-1231;15841;-8;-162;60;-527;-71;1324;39;247;53;0
2018/10/02/14:08:04.443302;[];0;1249;-1391;15697;18;104;-82;-546;-84;1331;124;247;53;0
2018/10/02/14:08:04.460288;[];0;1281;-1279;15793;74;-56;14;-546;-84;1331;192;247;53;0
2018/10/02/14:08:04.471523;[];0;1105;-1535;15713;-82;-10;44;-527;-84;1297;4;248;53;0
2018/10/02/14:08:04.484394;[];0;1121;-1391;15921;0;-36;-124;-527;-84;1297;72;248;53;0
2018/10/02/14:08:04.496297;[];0;1249;-1135;15761;-18;54;56;-527;-84;1297;140;248;53;0
2018/10/02/14:08:04.512549;[];0;1041;-1359;15889;48;54;-98;-527;-78;1351;208;248;53;0
2018/10/02/14:08:04.525418;[];0;1153;-1327;15729;8;102;-14;-527;-78;1351;20;249;53;0
2018/10/02/14:08:04.537345;[];0;1377;-1215;15905;16;132;-168;-527;-78;1351;88;249;53;0
2018/10/02/14:08:04.550042;[];0;1361;-1183;15985;-52;-74;108;-539;-58;1304;156;249;53;0
2018/10/02/14:08:04.566468;[];0;1345;-1119;16017;-8;88;-52;-539;-58;1304;224;249;53;0
2018/10/02/14:08:04.578567;[];0;1249;-1439;15761;-38;136;154;-559;-45;1324;36;250;53;0
2018/10/02/14:08:04.590509;[];0;1489;-1311;15793;-2;66;36;-559;-45;1324;104;250;53;0
2018/10/02/14:08:04.603579;[];0;1185;-1535;15985;-88;-58;92;-559;-45;1324;172;250;53;0
2018/10/02/14:08:04.619368;[];0;1137;-1231;15889;50;76;38;-546;-91;1297;240;250;53;0
2018/10/02/14:08:04.631651;[];0;1057;-1359;15937;26;142;-8;-546;-91;1297;52;251;53;0
2018/10/02/14:08:04.643517;[];0;1105;-1071;15681;-30;66;-66;-546;-45;1344;137;251;53;0
2018/10/02/14:08:04.656432;[];0;1025;-1279;15585;70;26;-26;-546;-45;1344;205;251;53;0
2018/10/02/14:08:04.672340;[];0;1345;-1375;15537;42;22;134;-527;-58;1290;17;252;53;0
2018/10/02/14:08:04.684707;[];0;1169;-1103;15745;54;0;154;-527;-58;1290;85;252;53;0
2018/10/02/14:08:04.697472;[];0;1169;-1087;16049;102;20;38;-527;-58;1290;153;252;53;0
2018/10/02/14:08:04.709348;[];0;993;-1343;15969;22;-28;-32;-514;-71;1297;221;252;53;0
2018/10/02/14:08:04.721509;[];0;993;-1103;15905;84;6;114;-514;-71;1297;33;253;53;0
2018/10/02/14:08:04.738987;[];0;1057;-1055;15777;62;54;6;-514;-71;1297;101;253;53;0
2018/10/02/14:08:04.754386;[];0;1265;-1103;15809;-34;-12;-22;-546;-52;1304;186;253;53;0
2018/10/02/14:08:04.766925;[];0;1329;-1071;15777;-58;6;90;-546;-52;1304;254;253;53;0
2018/10/02/14:08:04.779734;[];0;817;-1167;15825;-88;10;-30;-559;-45;1324;66;254;53;0
2018/10/02/14:08:04.791382;[];0;929;-1343;16129;58;0;10;-559;-45;1324;134;254;53;0
2018/10/02/14:08:04.807611;[];0;1137;-1327;15985;-30;50;50;-507;-65;1331;202;254;53;0
2018/10/02/14:08:04.820584;[];0;1249;-1407;15857;-32;-110;-106;-507;-65;1331;14;255;53;0
2018/10/02/14:08:04.832410;[];0;1345;-1295;15825;-8;50;-70;-507;-65;1331;82;255;53;0
2018/10/02/14:08:04.844352;[];0;1297;-1279;15969;-12;-24;-22;-527;-65;1324;150;255;53;0
2018/10/02/14:08:04.861587;[];0;1201;-1119;15985;-16;-22;58;-527;-65;1324;218;255;53;0
2018/10/02/14:08:04.873413;[];0;945;-1023;15873;-6;-24;-10;-552;-39;1337;30;0;54;0
2018/10/02/14:08:04.885363;[];0;929;-1119;16017;60;-2;30;-552;-39;1337;98;0;54;0
2018/10/02/14:08:04.897776;[];0;1073;-1263;16001;-50;-26;96;-552;-39;1337;183;0;54;0
2018/10/02/14:08:04.914427;[];0;1281;-1135;15921;58;106;6;-546;-104;1324;251;0;54;0
2018/10/02/14:08:04.926366;[];0;1185;-1311;15841;-28;-72;-120;-546;-104;1324;63;1;54;0
2018/10/02/14:08:04.939433;[];0;1169;-1231;15681;-70;-100;54;-559;-84;1297;131;1;54;0
2018/10/02/14:08:04.951536;[];0;1393;-1183;16081;-88;50;-42;-559;-84;1297;199;1;54;0
2018/10/02/14:08:04.963370;[];0;1153;-1167;16145;-32;6;-164;-559;-84;1297;11;2;54;0
2018/10/02/14:08:04.979788;[];0;1025;-1263;16097;74;142;34;-571;-58;1310;79;2;54;0
2018/10/02/14:08:04.992604;[];0;1073;-1039;15953;8;78;70;-571;-58;1310;147;2;54;0
2018/10/02/14:08:05.004402;[];0;1105;-1151;15793;-68;10;-4;-539;-58;1310;215;2;54;0
2018/10/02/14:08:05.016336;[];0;1089;-1071;15969;58;-32;46;-539;-58;1310;27;3;54;0
2018/10/02/14:08:05.033580;[];0;1121;-991;15761;-112;-22;-98;-539;-58;1310;95;3;54;0
2018/10/02/14:08:05.045427;[];0;1073;-1023;15809;32;138;36;-539;-65;1304;163;3;54;0
2018/10/02/14:08:05.057362;[];0;769;-1135;15761;-66;-24;-78;-539;-65;1304;214;3;54;0
2018/10/02/14:08:05.071342;[];0;817;-1263;15873;-6;90;-32;-533;-71;1290;43;4;54;0
2018/10/02/14:08:05.086643;[];0;945;-1263;15681;-36;0;-64;-533;-71;1290;111;4;54;0
2018/10/02/14:08:05.098632;[];0;865;-1247;15713;-26;56;-114;-533;-71;1290;196;4;54;0
2018/10/02/14:08:05.110748;[];0;913;-1567;15617;20;76;-16;-552;-84;1331;8;5;54;0
2018/10/02/14:08:05.123565;[];0;1249;-1471;15553;-46;6;28;-552;-84;1331;76;5;54;0
2018/10/02/14:08:05.139384;[];0;961;-1647;15473;6;16;56;-565;-78;1297;144;5;54;0
2018/10/02/14:08:05.151638;[];0;1265;-1151;15809;72;38;104;-565;-78;1297;212;5;54;0
2018/10/02/14:08:05.164572;[];0;1217;-1407;15361;0;76;-72;-565;-78;1297;7;6;54;0
2018/10/02/14:08:05.176425;[];0;1025;-1375;15601;46;6;44;-527;-65;1324;92;6;54;0
2018/10/02/14:08:05.192344;[];0;817;-1295;15569;48;14;62;-527;-65;1324;160;6;54;0
2018/10/02/14:08:05.205600;[];0;833;-895;15841;10;-48;30;-527;-65;1324;211;6;54;0
2018/10/02/14:08:05.217492;[];0;801;-1055;15585;44;-12;56;-527;-65;1310;40;7;54;0
2018/10/02/14:08:05.229432;[];0;673;-1247;15505;20;-50;80;-527;-65;1310;108;7;54;0
