2018/10/02/14:03:24.172768;;;417;-1999;15809;2;26;32;-610;-150;1182;35;177;31;0
2018/10/02/14:03:24.184745;;;385;-1935;15569;-6;0;60;-597;-163;1168;103;177;31;0
2018/10/02/14:03:24.196662;;;401;-1807;15761;-32;-128;50;-597;-163;1168;171;177;31;0
2018/10/02/14:03:24.208745;;;353;-1919;15825;-30;100;120;-597;-163;1168;239;177;31;0
2018/10/02/14:03:24.225681;;;465;-1599;15601;74;-66;56;-552;-183;1195;51;178;31;0
2018/10/02/14:03:24.237746;;;545;-1727;15841;-74;28;-78;-552;-183;1195;119;178;31;0
2018/10/02/14:03:24.249743;;;417;-1551;15809;-50;-30;140;-610;-143;1175;204;178;31;0
2018/10/02/14:03:24.262719;;;401;-1711;15857;12;-8;154;-610;-143;1175;16;179;31;0
2018/10/02/14:03:24.278763;;;449;-1679;16049;-116;-88;-8;-610;-143;1175;84;179;31;0
2018/10/02/14:03:24.290707;;;529;-1791;15857;36;4;-50;-597;-137;1162;152;179;31;0
2018/10/02/14:03:24.303750;;;561;-1887;15985;68;76;-100;-597;-137;1162;220;179;31;0
2018/10/02/14:03:24.315722;;;401;-1935;15953;-22;-42;0;-578;-169;1182;32;180;31;0
2018/10/02/14:03:24.331754;;;481;-1775;16033;38;22;14;-578;-169;1182;100;180;31;0
2018/10/02/14:03:24.344748;;;385;-1855;16049;82;12;-14;-578;-169;1182;168;180;31;0
2018/10/02/14:03:24.356752;;;353;-1855;15953;18;46;-92;-584;-156;1175;236;180;31;0
2018/10/02/14:03:24.368747;;;321;-1759;15921;-26;34;102;-584;-156;1175;48;181;31;0
2018/10/02/14:03:24.385748;;;497;-1935;15905;-16;-8;-2;-623;-150;1148;116;181;31;0
2018/10/02/14:03:24.397752;;;337;-1935;15889;10;-36;-152;-623;-150;1148;184;181;31;0
2018/10/02/14:03:24.409752;;;401;-1903;15873;-44;8;-72;-623;-150;1148;252;181;31;0
2018/10/02/14:03:24.421747;;;481;-1935;15873;-72;8;34;-571;-169;1168;64;182;31;0
2018/10/02/14:03:24.438753;;;577;-2079;15905;-78;-48;34;-571;-169;1168;132;182;31;0
2018/10/02/14:03:24.450675;;;561;-2111;16033;26;-24;-8;-597;-163;1189;200;182;31;0
2018/10/02/14:03:24.462731;;;593;-2223;16113;14;-12;42;-597;-163;1189;28;183;31;0
2018/10/02/14:03:24.475762;;;529;-1919;15905;-62;58;-8;-597;-163;1189;96;183;31;0
2018/10/02/14:03:24.491732;;;609;-1855;16017;-34;26;62;-610;-163;1175;164;183;31;0
2018/10/02/14:03:24.503731;;;385;-1519;16001;-2;-52;74;-610;-163;1175;232;183;31;0
2018/10/02/14:03:24.516671;;;721;-1887;15793;72;74;-64;-578;-169;1209;44;184;31;0
2018/10/02/14:03:24.528754;;;609;-1679;15985;-106;-54;-44;-578;-169;1209;112;184;31;0
2018/10/02/14:03:24.540677;;;529;-1599;15921;-24;-62;26;-578;-169;1209;180;184;31;0
2018/10/02/14:03:24.557757;;;481;-1951;15905;62;-48;-46;-591;-163;1148;248;184;31;0
2018/10/02/14:03:24.569753;;;449;-1951;16065;-14;-100;90;-591;-163;1148;60;185;31;0
2018/10/02/14:03:24.581751;;;529;-1919;15825;70;80;20;-623;-169;1128;128;185;31;0
2018/10/02/14:03:24.593752;;;513;-2079;15921;-2;114;-62;-623;-169;1128;196;185;31;0
2018/10/02/14:03:24.610753;;;561;-1919;16001;32;50;-14;-623;-169;1128;8;186;31;0
2018/10/02/14:03:24.622759;;;337;-1903;15857;50;0;84;-629;-150;1175;76;186;31;0
2018/10/02/14:03:24.634748;;;305;-1919;16033;54;76;42;-629;-150;1175;144;186;31;0
2018/10/02/14:03:24.647755;;;369;-1855;15649;100;100;-106;-603;-176;1189;212;186;31;0
2018/10/02/14:03:24.663741;;;289;-1839;15681;-36;38;-40;-603;-176;1189;41;187;31;0
2018/10/02/14:03:24.675728;;;321;-1823;15729;-32;-70;118;-603;-176;1189;109;187;31;0
2018/10/02/14:03:24.688749;;;337;-1855;15553;-54;26;16;-610;-189;1141;177;187;31;0
2018/10/02/14:03:24.700670;;;401;-1807;15569;-42;-120;70;-610;-189;1141;245;187;31;0
2018/10/02/14:03:24.716674;;;577;-2031;15729;-40;-36;90;-623;-176;1175;57;188;31;0
2018/10/02/14:03:24.729756;;;433;-1775;15697;-10;-12;8;-623;-176;1175;125;188;31;0
2018/10/02/14:03:24.741755;;;465;-1999;15969;-30;-96;154;-623;-176;1175;193;188;31;0
2018/10/02/14:03:24.753752;;;321;-1679;16081;12;4;-96;-623;-176;1182;5;189;31;0
2018/10/02/14:03:24.770672;;;497;-2063;15729;56;98;-24;-623;-176;1182;73;189;31;0
2018/10/02/14:03:24.782756;;;433;-1759;15937;48;48;-88;-654;-176;1222;141;189;31;0
2018/10/02/14:03:24.794754;;;305;-1871;15921;54;56;20;-654;-176;1222;209;189;31;0
2018/10/02/14:03:24.806673;;;497;-1679;15809;-26;126;26;-654;-176;1222;21;190;31;0
2018/10/02/14:03:24.819753;;;449;-1775;15857;18;-6;56;-578;-196;1175;89;190;31;0
2018/10/02/14:03:24.835750;;;353;-2047;15793;104;-8;-84;-578;-196;1175;157;190;31;0
2018/10/02/14:03:24.847756;;;289;-1647;15745;150;102;-20;-597;-176;1162;225;190;31;0
2018/10/02/14:03:24.860678;;;305;-1743;16001;6;36;-10;-597;-176;1162;54;191;31;0
2018/10/02/14:03:24.872722;;;305;-1759;15889;-2;104;-36;-597;-176;1162;122;191;31;0
2018/10/02/14:03:24.888759;;;337;-1839;15761;-18;76;-150;-565;-156;1175;190;191;31;0
2018/10/02/14:03:24.901757;;;49;-1727;16097;16;-94;-14;-565;-156;1175;2;192;31;0
2018/10/02/14:03:24.913758;;;225;-1695;15793;-98;-78;-68;-610;-143;1222;70;192;31;0
2018/10/02/14:03:24.925753;;;273;-1919;15825;90;72;-102;-610;-143;1222;138;192;31;0
2018/10/02/14:03:24.942758;;;225;-1967;15825;-88;-36;-4;-610;-143;1222;206;192;31;0
2018/10/02/14:03:24.954707;;;337;-1695;15649;-54;46;-22;-616;-176;1209;18;193;31;0
2018/10/02/14:03:24.966758;;;401;-1887;15761;94;44;26;-616;-176;1209;86;193;31;0
2018/10/02/14:03:24.978755;;;545;-2047;15681;-62;-18;-34;-629;-143;1175;154;193;31;0
2018/10/02/14:03:24.995737;;;465;-1807;15889;-100;-96;84;-629;-143;1175;222;193;31;0
2018/10/02/14:03:25.007754;;;289;-1887;15921;-106;-38;6;-629;-143;1175;34;194;31;0
2018/10/02/14:03:25.019752;;;193;-1999;15873;54;-58;2;-642;-196;1182;102;194;31;0
2018/10/02/14:03:25.032696;;;305;-1823;15905;-42;-30;0;-642;-196;1182;170;194;31;0
2018/10/02/14:03:25.048755;;;465;-2111;15793;-16;62;-14;-584;-130;1121;238;194;31;0
2018/10/02/14:03:25.060676;;;321;-1887;15905;74;114;38;-584;-130;1121;50;195;31;0
2018/10/02/14:03:25.073771;;;401;-1967;15889;-12;-62;26;-584;-130;1121;135;195;31;0
2018/10/02/14:03:25.085757;;;465;-1807;16017;78;-62;-26;-578;-156;1162;203;195;31;0
2018/10/02/14:03:25.101737;;;385;-1903;15777;-72;34;-40;-578;-156;1162;15;196;31;0
2018/10/02/14:03:25.114757;;;609;-1999;15953;4;-24;-74;-597;-176;1162;83;196;31;0
2018/10/02/14:03:25.126680;;;353;-2175;16113;40;-50;62;-597;-176;1162;151;196;31;0
2018/10/02/14:03:25.138765;;;513;-2047;15937;-52;-8;46;-597;-176;1162;219;196;31;0
2018/10/02/14:03:25.150680;;;545;-1935;16113;-70;-50;-78;-597;-150;1216;31;197;31;0
2018/10/02/14:03:25.167763;;;417;-1967;16097;-80;-36;60;-597;-150;1216;99;197;31;0
2018/10/02/14:03:25.179763;;;641;-1903;16065;2;-68;98;-610;-143;1202;167;197;31;0
2018/10/02/14:03:25.191761;;;465;-1871;16209;-44;30;-2;-610;-143;1202;235;197;31;0
2018/10/02/14:03:25.204760;;;401;-1823;16113;0;84;-68;-610;-143;1202;47;198;31;0
2018/10/02/14:03:25.220685;;;417;-1807;16033;10;-16;8;-597;-169;1182;115;198;31;0
2018/10/02/14:03:25.232755;;;305;-1807;15841;42;0;46;-597;-169;1182;183;198;31;0
2018/10/02/14:03:25.245758;;;465;-1775;15953;-58;-42;26;-603;-163;1162;251;198;31;0
2018/10/02/14:03:25.257762;;;513;-1919;15841;88;48;-20;-603;-163;1162;63;199;31;0
2018/10/02/14:03:25.273759;;;225;-1903;15969;-26;64;32;-603;-163;1162;131;199;31;0
2018/10/02/14:03:25.286765;;;225;-2095;15937;-10;-90;72;-623;-183;1128;216;199;31;0
2018/10/02/14:03:25.298762;;;97;-2111;15809;24;50;-102;-623;-183;1128;28;200;31;0
2018/10/02/14:03:25.310684;;;193;-2031;15761;50;-12;-32;-674;-137;1189;96;200;31;0
2018/10/02/14:03:25.327776;;;353;-1903;15713;-22;-42;126;-674;-137;1189;164;200;31;0
2018/10/02/14:03:25.339763;;;209;-1807;16097;-12;-62;120;-674;-137;1189;232;200;31;0
2018/10/02/14:03:25.351743;;;161;-1727;15601;38;-32;-80;-616;-130;1155;44;201;31;0
2018/10/02/14:03:25.363760;;;257;-1599;15585;52;0;-64;-616;-130;1155;112;201;31;0
2018/10/02/14:03:25.380673;;;257;-1551;15569;42;88;62;-578;-189;1168;180;201;31;0
2018/10/02/14:03:25.392766;;;177;-1631;15537;40;14;98;-578;-189;1168;248;201;31;0
2018/10/02/14:03:25.404759;;;241;-1663;15601;-26;46;-240;-578;-189;1168;60;202;31;0
2018/10/02/14:03:25.417764;;;209;-1599;15585;-26;30;6;-578;-156;1189;128;202;31;0
2018/10/02/14:03:25.429765;;;241;-1791;15521;-70;-104;-56;-578;-156;1189;196;202;31;0
2018/10/02/14:03:25.445759;;;561;-1903;15553;-40;-64;-6;-616;-163;1148;8;203;31;0
2018/10/02/14:03:25.458766;;;401;-1855;15905;-22;14;0;-616;-163;1148;76;203;31;0
2018/10/02/14:03:25.470684;;;401;-1807;15889;42;-90;16;-616;-163;1148;144;203;31;0
2018/10/02/14:03:25.482763;;;353;-2047;16193;-98;-66;8;-597;-150;1189;229;203;31;0
2018/10/02/14:03:25.499766;;;721;-1967;16321;78;-28;28;-597;-150;1189;41;204;31;0
2018/10/02/14:03:25.511764;;;705;-2143;16049;98;-74;-110;-603;-189;1148;109;204;31;0
2018/10/02/14:03:25.523761;;;593;-2111;16113;26;88;84;-603;-189;1148;177;204;31;0
2018/10/02/14:03:25.535763;;;513;-1903;16193;-14;2;-182;-603;-189;1148;245;204;31;0
2018/10/02/14:03:25.552763;;;593;-2063;16401;-92;16;-108;-584;-143;1202;57;205;31;0
2018/10/02/14:03:25.564762;;;433;-2063;15985;-58;56;-110;-584;-143;1202;125;205;31;0
2018/10/02/14:03:25.576761;;;465;-2207;16097;-38;-4;8;-571;-183;1189;193;205;31;0
2018/10/02/14:03:25.589767;;;257;-2255;15825;16;96;88;-571;-183;1189;5;206;31;0
2018/10/02/14:03:25.605762;;;353;-2143;16113;60;100;-58;-571;-183;1189;73;206;31;0
2018/10/02/14:03:25.617767;;;257;-2303;15969;0;34;-36;-603;-176;1209;141;206;31;0
2018/10/02/14:03:25.630687;;;481;-2095;16049;6;-50;-20;-603;-176;1209;209;206;31;0
2018/10/02/14:03:25.642763;;;417;-2015;15841;24;40;-20;-603;-169;1175;21;207;31;0
2018/10/02/14:03:25.658768;;;353;-1823;15761;34;36;-50;-603;-169;1175;89;207;31;0
2018/10/02/14:03:25.671768;;;321;-1775;15761;-12;64;44;-603;-169;1175;157;207;31;0
2018/10/02/14:03:25.683763;;;513;-1839;15729;-58;-2;28;-629;-183;1175;242;207;31;0
2018/10/02/14:03:25.695761;;;465;-2015;15681;-32;64;94;-629;-183;1175;54;208;31;0
2018/10/02/14:03:25.712744;;;321;-2015;15729;6;48;-152;-623;-176;1189;122;208;31;0
2018/10/02/14:03:25.724765;;;273;-1983;15761;-32;-12;30;-623;-176;1189;190;208;31;0
2018/10/02/14:03:25.736688;;;145;-2143;15649;66;-8;0;-623;-176;1189;2;209;31;0
2018/10/02/14:03:25.748767;;;225;-2015;15633;-56;64;24;-591;-176;1209;70;209;31;0
2018/10/02/14:03:25.761739;;;289;-2095;15601;-60;-104;140;-591;-176;1209;138;209;31;0
2018/10/02/14:03:25.777765;;;337;-2143;15313;78;46;14;-610;-163;1168;206;209;31;0
2018/10/02/14:03:25.789764;;;433;-1919;15841;28;-74;-36;-610;-163;1168;18;210;31;0
2018/10/02/14:03:25.802788;;;433;-1727;16113;-48;-12;74;-610;-163;1168;86;210;31;0
2018/10/02/14:03:25.814743;;;449;-1519;15953;84;46;16;-610;-163;1168;154;210;31;0
2018/10/02/14:03:25.830694;;;321;-1439;16097;-12;-90;104;-610;-163;1168;222;210;31;0
2018/10/02/14:03:25.843767;;;369;-1647;15905;166;-38;42;-616;-143;1175;34;211;31;0
2018/10/02/14:03:25.855725;;;529;-1663;16129;52;88;2;-616;-143;1175;102;211;31;0
2018/10/02/14:03:25.867769;;;225;-1775;15745;60;18;-58;-616;-143;1175;170;211;31;0
2018/10/02/14:03:25.884765;;;433;-1807;15473;32;-62;-2;-635;-183;1155;255;211;31;0
2018/10/02/14:03:25.896725;;;305;-1743;15841;68;84;-112;-635;-183;1155;67;212;31;0
2018/10/02/14:03:25.908775;;;65;-1967;15441;92;-36;-64;-591;-150;1162;134;212;31;0
2018/10/02/14:03:25.920698;;;257;-1887;15713;46;-64;-92;-591;-150;1162;202;212;31;0
2018/10/02/14:03:25.937769;;;241;-2047;15857;-48;-170;-22;-591;-150;1162;14;213;31;0
2018/10/02/14:03:25.949772;;;353;-1855;15857;64;64;-120;-603;-163;1182;82;213;31;0
2018/10/02/14:03:25.961771;;;369;-1887;15857;-36;-94;2;-603;-163;1182;150;213;31;0
2018/10/02/14:03:25.974755;;;401;-1999;15905;-88;-162;180;-571;-150;1182;218;213;31;0
2018/10/02/14:03:25.990676;;;497;-1887;16049;28;-4;-60;-571;-150;1182;30;214;31;0
2018/10/02/14:03:26.002767;;;545;-2015;16161;-84;-8;-26;-571;-150;1182;98;214;31;0
2018/10/02/14:03:26.015751;;;529;-1967;15825;-40;-50;98;-603;-163;1189;166;214;31;0
2018/10/02/14:03:26.027763;;;593;-2015;16065;-52;140;-32;-603;-163;1189;234;214;31;0
2018/10/02/14:03:26.039749;;;449;-2127;15921;22;72;-92;-610;-176;1162;46;215;31;0
2018/10/02/14:03:26.056769;;;449;-2191;16033;-44;-52;88;-610;-176;1162;114;215;31;0
2018/10/02/14:03:26.068788;;;337;-2143;15985;-156;76;-92;-610;-176;1162;182;215;31;0
2018/10/02/14:03:26.080688;;;385;-2127;16017;52;26;-94;-546;-169;1189;250;215;31;0
2018/10/02/14:03:26.092745;;;417;-2127;16049;-80;-90;100;-546;-169;1189;79;216;31;0
2018/10/02/14:03:26.109770;;;497;-1951;16033;-96;-12;82;-591;-202;1222;147;216;31;0
2018/10/02/14:03:26.121753;;;401;-1887;16097;16;36;-10;-591;-202;1222;215;216;31;0
2018/10/02/14:03:26.133756;;;545;-1967;15953;-52;66;-38;-591;-202;1222;27;217;31;0
2018/10/02/14:03:26.146769;;;513;-1967;16033;44;4;38;-623;-143;1175;95;217;31;0
2018/10/02/14:03:26.162760;;;529;-1967;16113;-10;-12;-78;-623;-143;1175;163;217;31;0
2018/10/02/14:03:26.174758;;;449;-1791;15793;90;34;62;-571;-189;1155;231;217;31;0
2018/10/02/14:03:26.187769;;;449;-1839;15825;0;88;4;-571;-189;1155;43;218;31;0
2018/10/02/14:03:26.199770;;;465;-1695;15905;-60;-48;20;-571;-189;1155;111;218;31;0
2018/10/02/14:03:26.215754;;;449;-1759;15793;46;162;-80;-584;-156;1182;179;218;31;0
2018/10/02/14:03:26.228771;;;273;-1647;15681;118;12;-44;-584;-156;1182;247;218;31;0
2018/10/02/14:03:26.240689;;;273;-1727;15633;0;72;-70;-578;-183;1148;59;219;31;0
2018/10/02/14:03:26.252768;;;161;-1903;15713;-106;100;-58;-578;-183;1148;127;219;31;0
2018/10/02/14:03:26.269756;;;321;-1919;15713;-78;-86;68;-578;-183;1148;195;219;31;0
2018/10/02/14:03:26.281755;;;113;-1983;15857;-6;-24;26;-623;-176;1162;24;220;31;0
2018/10/02/14:03:26.297769;;;305;-1871;15953;100;18;4;-623;-176;1162;92;220;31;0
2018/10/02/14:03:26.310688;;;209;-1823;15841;-30;16;78;-571;-176;1182;160;220;31;0
2018/10/02/14:03:26.322747;;;289;-1775;15953;-16;-120;14;-571;-176;1182;245;220;31;0
2018/10/02/14:03:26.334751;;;321;-1871;15825;-70;-62;42;-603;-163;1195;57;221;31;0
2018/10/02/14:03:26.350688;;;273;-1631;15697;18;-90;-50;-603;-163;1195;125;221;31;0
2018/10/02/14:03:26.363750;;;273;-2079;16001;-30;16;62;-603;-163;1195;193;221;31;0
2018/10/02/14:03:26.375748;;;401;-1807;15793;66;56;72;-591;-169;1155;5;222;31;0
2018/10/02/14:03:26.387761;;;209;-2079;16161;-26;62;-154;-591;-169;1155;73;222;31;0
2018/10/02/14:03:26.404749;;;417;-2047;16113;-22;-72;-80;-623;-124;1162;141;222;31;0
2018/10/02/14:03:26.416758;;;385;-2047;15969;6;56;-48;-623;-124;1162;209;222;31;0
2018/10/02/14:03:26.428759;;;337;-1823;15985;60;-34;24;-623;-124;1162;21;223;31;0
2018/10/02/14:03:26.441750;;;305;-1823;15825;8;-4;76;-584;-156;1168;89;223;31;0
2018/10/02/14:03:26.457759;;;289;-1791;16097;-8;-12;-50;-584;-156;1168;157;223;31;0
2018/10/02/14:03:26.469762;;;417;-1807;15745;-18;34;76;-584;-156;1168;225;223;31;0
2018/10/02/14:03:26.482750;;;385;-1791;15745;-6;14;-32;-597;-150;1209;37;224;31;0
2018/10/02/14:03:26.494748;;;289;-1807;15857;-62;-8;96;-597;-150;1209;105;224;31;0
2018/10/02/14:03:26.510675;;;401;-2015;15601;24;28;-178;-635;-130;1189;173;224;31;0
2018/10/02/14:03:26.522754;;;497;-1855;15425;-62;44;-28;-635;-130;1189;241;224;31;0
2018/10/02/14:03:26.535752;;;321;-1983;15633;-26;6;4;-597;-143;1182;70;225;31;0
2018/10/02/14:03:26.547762;;;545;-1871;15633;-104;36;-14;-597;-143;1182;138;225;31;0
2018/10/02/14:03:26.559756;;;481;-1775;15953;-46;34;-2;-597;-143;1182;206;225;31;0
2018/10/02/14:03:26.576772;;;465;-2047;15713;-44;-42;58;-591;-169;1202;18;226;31;0
2018/10/02/14:03:26.588777;;;449;-1999;15809;34;78;48;-591;-169;1202;86;226;31;0
2018/10/02/14:03:26.600685;;;401;-2015;15793;-14;6;-30;-584;-183;1202;154;226;31;0
2018/10/02/14:03:26.613752;;;481;-1967;15569;46;4;104;-584;-183;1202;222;226;31;0
2018/10/02/14:03:26.629692;;;337;-2031;15889;36;52;24;-584;-183;1202;34;227;31;0
2018/10/02/14:03:26.641756;;;353;-2287;15697;-52;-74;32;-578;-189;1202;102;227;31;0
2018/10/02/14:03:26.654760;;;401;-2175;15425;100;4;-104;-578;-189;1202;170;227;31;0
2018/10/02/14:03:26.666762;;;497;-1887;15681;-26;-42;-38;-578;-189;1202;238;227;31;0
2018/10/02/14:03:26.682759;;;529;-1967;15777;38;-64;68;-616;-196;1168;50;228;31;0
2018/10/02/14:03:26.695755;;;769;-1759;16097;-30;50;-30;-616;-196;1168;118;228;31;0
2018/10/02/14:03:26.707763;;;417;-1919;15889;16;34;124;-578;-183;1189;186;228;31;0
2018/10/02/14:03:26.719766;;;705;-2047;16385;-64;16;-6;-578;-183;1189;254;228;31;0
2018/10/02/14:03:26.735756;;;465;-1999;16017;14;70;178;-610;-183;1175;83;229;31;0
2018/10/02/14:03:26.748764;;;385;-1855;15777;50;22;4;-610;-183;1175;151;229;31;0
2018/10/02/14:03:26.760689;;;273;-2015;15985;-18;88;-50;-610;-183;1175;219;229;31;0
2018/10/02/14:03:26.772760;;;369;-1935;15873;4;-62;-108;-565;-169;1182;31;230;31;0
2018/10/02/14:03:26.789746;;;289;-1823;15745;-20;-106;-52;-565;-169;1182;99;230;31;0
2018/10/02/14:03:26.801778;;;289;-1823;15761;-18;-16;40;-603;-143;1189;167;230;31;0
2018/10/02/14:03:26.813759;;;257;-1743;15681;38;136;-120;-603;-143;1189;235;230;31;0
2018/10/02/14:03:26.826765;;;321;-1759;15905;12;42;30;-603;-143;1189;47;231;31;0
2018/10/02/14:03:26.838764;;;273;-1855;15761;64;76;-50;-629;-176;1155;115;231;31;0
2018/10/02/14:03:26.854759;;;257;-1855;15953;34;-2;-114;-629;-176;1155;183;231;31;0
2018/10/02/14:03:26.867768;;;353;-1871;16129;-8;-48;56;-629;-176;1155;251;231;31;0
2018/10/02/14:03:26.879769;;;497;-1695;16065;-4;-62;-204;-623;-143;1189;63;232;31;0
2018/10/02/14:03:26.891755;;;337;-1791;15969;-16;14;-36;-623;-143;1189;131;232;31;0
2018/10/02/14:03:26.907701;;;289;-1919;16033;-100;2;100;-629;-150;1182;199;232;31;0
2018/10/02/14:03:26.920691;;;193;-1711;16097;-10;4;-44;-629;-150;1182;11;233;31;0
2018/10/02/14:03:26.932760;;;385;-2079;16081;-10;26;-90;-629;-150;1182;79;233;31;0
2018/10/02/14:03:26.944757;;;401;-1951;15985;-52;22;42;-623;-169;1141;164;233;31;0
2018/10/02/14:03:26.961768;;;305;-1983;15761;-2;68;34;-623;-169;1141;232;233;31;0
2018/10/02/14:03:26.973762;;;257;-1999;16017;-34;70;0;-565;-137;1141;44;234;31;0
2018/10/02/14:03:26.985778;;;273;-1839;15921;10;52;-6;-565;-137;1141;112;234;31;0
2018/10/02/14:03:26.998778;;;113;-1663;15857;-10;12;70;-597;-163;1202;180;234;31;0
2018/10/02/14:03:27.014755;;;209;-1775;15665;-110;92;32;-597;-163;1202;248;234;31;0
2018/10/02/14:03:27.026773;;;193;-1663;15809;46;-34;40;-597;-163;1202;60;235;31;0
2018/10/02/14:03:27.039768;;;193;-1935;15697;10;24;6;-578;-137;1182;128;235;31;0
2018/10/02/14:03:27.051757;;;1;-1919;15521;-28;34;60;-578;-137;1182;196;235;31;0
2018/10/02/14:03:27.067742;;;209;-1839;15569;-44;-34;-148;-578;-137;1182;8;236;31;0
2018/10/02/14:03:27.080706;;;257;-1807;15617;36;70;-8;-584;-176;1162;76;236;31;0
2018/10/02/14:03:27.092761;;;273;-1967;15745;-70;-30;34;-584;-176;1162;144;236;31;0
2018/10/02/14:03:27.104756;;;17;-1791;15793;0;78;-12;-603;-169;1168;212;236;31;0
2018/10/02/14:03:27.120678;;;177;-1727;15793;10;-60;94;-603;-169;1168;24;237;31;0
2018/10/02/14:03:27.133762;;;161;-1791;15777;-90;-42;18;-603;-169;1168;92;237;31;0
2018/10/02/14:03:27.145758;;;145;-1791;15729;-22;-80;62;-584;-150;1182;177;237;31;0
2018/10/02/14:03:27.157772;;;417;-1903;15873;28;-36;-78;-584;-150;1182;245;237;31;0
2018/10/02/14:03:27.170688;;;529;-1775;15649;36;-66;-90;-578;-183;1148;57;238;31;0
2018/10/02/14:03:27.186710;;;593;-1855;16017;-28;-84;154;-578;-183;1148;125;238;31;0
2018/10/02/14:03:27.198772;;;737;-1967;15793;-54;-2;-68;-610;-169;1182;193;238;31;0
2018/10/02/14:03:27.211770;;;513;-2191;16193;-52;-62;-30;-610;-169;1182;5;239;31;0
2018/10/02/14:03:27.223754;;;561;-2175;16081;-78;-56;4;-610;-169;1182;73;239;31;0
2018/10/02/14:03:27.239769;;;369;-2319;16129;-34;-144;-28;-584;-183;1189;141;239;31;0
2018/10/02/14:03:27.252764;;;433;-2431;16273;-28;18;2;-584;-183;1189;209;239;31;0
2018/10/02/14:03:27.264763;;;353;-2239;16161;-70;-18;56;-584;-183;1189;21;240;31;0
2018/10/02/14:03:27.276769;;;385;-1983;15921;56;136;12;-591;-183;1182;89;240;31;0
2018/10/02/14:03:27.292767;;;433;-2255;15665;90;120;62;-591;-183;1182;157;240;31;0
2018/10/02/14:03:27.305760;;;353;-1727;15553;-100;32;44;-591;-150;1175;225;240;31;0
2018/10/02/14:03:27.317772;;;209;-2063;15425;-28;-18;18;-591;-150;1175;37;241;31;0
2018/10/02/14:03:27.329771;;;225;-2111;15393;10;66;64;-591;-150;1175;105;241;31;0
2018/10/02/14:03:27.346778;;;33;-2175;15745;-2;-12;74;-591;-163;1182;190;241;31;0
2018/10/02/14:03:27.358772;;;-47;-2111;15617;-48;-92;102;-591;-163;1182;2;242;31;0
2018/10/02/14:03:27.370691;;;17;-1935;15553;60;0;-30;-597;-156;1148;69;242;31;0
2018/10/02/14:03:27.383764;;;161;-1903;15457;-16;-126;56;-597;-156;1148;137;242;31;0
2018/10/02/14:03:27.399747;;;241;-1535;15489;122;-36;74;-597;-156;1155;205;242;31;0
2018/10/02/14:03:27.411766;;;225;-1471;15713;6;0;-32;-597;-156;1155;17;243;31;0
2018/10/02/14:03:27.424768;;;289;-1439;15697;6;-60;58;-597;-156;1155;85;243;31;0
2018/10/02/14:03:27.436748;;;433;-1471;15809;48;-160;140;-584;-169;1195;153;243;31;0
2018/10/02/14:03:27.448796;;;385;-1663;16033;78;44;-136;-584;-169;1195;221;243;31;0
2018/10/02/14:03:27.465760;;;689;-1615;16289;-64;-102;-64;-584;-169;1195;33;244;31;0
2018/10/02/14:03:27.477774;;;577;-1823;16177;2;-26;14;-603;-150;1168;101;244;31;0
2018/10/02/14:03:27.489773;;;657;-1951;16369;-100;-70;-92;-603;-150;1168;169;244;31;0
2018/10/02/14:03:27.501777;;;689;-2047;16273;54;60;-20;-623;-150;1189;237;244;31;0
2018/10/02/14:03:27.518775;;;497;-2223;16273;-102;84;56;-623;-150;1189;49;245;31;0
2018/10/02/14:03:27.530773;;;465;-2191;16113;-146;-78;112;-623;-150;1189;117;245;31;0
2018/10/02/14:03:27.542770;;;385;-2319;16081;30;-30;2;-616;-169;1222;185;245;31;0
2018/10/02/14:03:27.555764;;;385;-2543;16049;-6;74;114;-616;-169;1222;14;246;31;0
2018/10/02/14:03:27.571770;;;433;-2159;15889;-18;40;-20;-597;-150;1162;82;246;31;0
2018/10/02/14:03:27.583766;;;385;-2255;15889;-18;68;196;-597;-150;1162;150;246;31;0
2018/10/02/14:03:27.596775;;;369;-2175;15697;-172;-66;56;-629;-163;1222;218;246;31;0
2018/10/02/14:03:27.608775;;;433;-2143;15857;122;114;112;-629;-163;1222;30;247;31;0
2018/10/02/14:03:27.624786;;;225;-2223;15713;44;44;14;-629;-163;1222;98;247;31;0
2018/10/02/14:03:27.637775;;;305;-1855;15873;-70;22;-52;-635;-169;1175;166;247;31;0
2018/10/02/14:03:27.649774;;;465;-1775;15729;46;14;-50;-635;-169;1175;234;247;31;0
2018/10/02/14:03:27.661768;;;433;-1759;15953;102;138;-132;-616;-176;1141;46;248;31;0
2018/10/02/14:03:27.677778;;;433;-1663;15985;-52;46;-42;-616;-176;1141;114;248;31;0
2018/10/02/14:03:27.690696;;;689;-1567;15729;-16;162;-112;-616;-176;1141;182;248;31;0
2018/10/02/14:03:27.702768;;;225;-1839;15681;-26;16;28;-603;-156;1148;250;248;31;0
2018/10/02/14:03:27.714763;;;353;-1871;15617;64;100;-28;-603;-156;1148;62;249;31;0
2018/10/02/14:03:27.731751;;;289;-2095;15937;14;12;-8;-603;-156;1148;130;249;31;0
2018/10/02/14:03:27.743769;;;1;-2127;15585;-82;32;-70;-584;-150;1182;198;249;31;0
2018/10/02/14:03:27.755766;;;161;-2095;15489;10;-24;146;-584;-150;1182;27;250;31;0
2018/10/02/14:03:27.768775;;;209;-1903;15857;-110;48;-12;-623;-176;1195;95;250;31;0
2018/10/02/14:03:27.780694;;;193;-1743;15585;-54;50;146;-623;-176;1195;163;250;31;0
2018/10/02/14:03:27.796705;;;369;-1855;15793;136;20;-58;-610;-156;1148;231;250;31;0
2018/10/02/14:03:27.809777;;;257;-1967;15697;-16;26;-24;-610;-156;1148;43;251;31;0
2018/10/02/14:03:27.821793;;;145;-2031;16065;-36;-10;28;-610;-156;1148;111;251;31;0
2018/10/02/14:03:27.833776;;;225;-2063;15697;-14;56;16;-578;-169;1202;179;251;31;0
2018/10/02/14:03:27.850702;;;209;-1887;16049;68;-112;12;-578;-169;1202;247;251;31;0
2018/10/02/14:03:27.862775;;;321;-1935;15969;-2;80;-44;-603;-163;1195;59;252;31;0
2018/10/02/14:03:27.874771;;;385;-1983;15969;-50;-42;0;-603;-163;1195;127;252;31;0
2018/10/02/14:03:27.886701;;;481;-1903;16273;-98;-16;-40;-603;-163;1195;195;252;31;0
2018/10/02/14:03:27.903772;;;113;-2063;16273;-4;-44;10;-578;-169;1195;7;253;31;0
2018/10/02/14:03:27.915766;;;193;-2351;16193;-18;22;-36;-578;-169;1195;75;253;31;0
2018/10/02/14:03:27.927774;;;241;-2623;16353;42;74;96;-578;-169;1195;143;253;31;0
2018/10/02/14:03:27.940699;;;177;-2671;16545;-76;88;-106;-584;-163;1182;211;253;31;0
2018/10/02/14:03:27.956792;;;273;-2495;16449;82;106;84;-584;-163;1182;40;254;31;0
2018/10/02/14:03:27.968775;;;673;-1951;16497;-18;88;98;-629;-169;1148;108;254;31;0
2018/10/02/14:03:27.981776;;;705;-1487;16369;4;82;40;-629;-169;1148;176;254;31;0
2018/10/02/14:03:27.993770;;;753;-1471;16049;28;140;-114;-616;-196;1182;244;254;31;0
2018/10/02/14:03:28.009758;;;593;-1583;15665;-104;82;52;-616;-196;1182;56;255;31;0
2018/10/02/14:03:28.022777;;;257;-1519;15633;-38;150;8;-616;-196;1182;124;255;31;0
2018/10/02/14:03:28.034772;;;369;-1679;15249;-72;170;-62;-623;-176;1182;192;255;31;0
2018/10/02/14:03:28.046784;;;177;-2143;15153;-98;96;38;-623;-176;1182;4;0;32;0
2018/10/02/14:03:28.058781;;;-63;-2447;15169;-26;76;-8;-610;-124;1189;72;0;32;0
2018/10/02/14:03:28.075774;;;97;-2159;14977;8;-10;6;-610;-124;1189;140;0;32;0
2018/10/02/14:03:28.087782;;;33;-2239;15345;36;-30;-24;-610;-124;1189;208;0;32;0
2018/10/02/14:03:28.099781;;;209;-2159;15169;60;-12;42;-610;-163;1168;20;1;32;0
2018/10/02/14:03:28.112769;;;257;-2191;15537;-38;-86;-170;-610;-163;1168;88;1;32;0
2018/10/02/14:03:28.128782;;;257;-2175;15473;-32;-2;-104;-610;-163;1168;156;1;32;0
2018/10/02/14:03:28.140702;;;481;-2191;15553;72;-68;36;-591;-169;1155;224;1;32;0
2018/10/02/14:03:28.153775;;;305;-2559;15729;34;8;20;-591;-169;1155;36;2;32;0
2018/10/02/14:03:28.165120;;;257;-2223;15505;36;20;-12;-629;-169;1162;121;2;32;0
2018/10/02/14:03:28.181732;;;145;-2351;15345;70;38;72;-629;-169;1162;189;2;32;0
2018/10/02/14:03:28.194776;;;321;-2191;16065;94;18;-26;-629;-169;1162;240;2;32;0
2018/10/02/14:03:28.206784;;;385;-1743;15729;-26;-96;28;-616;-137;1195;69;3;32;0
2018/10/02/14:03:28.218785;;;289;-1743;16001;-124;-72;52;-616;-137;1195;137;3;32;0
2018/10/02/14:03:28.234706;;;177;-1919;15841;36;-66;0;-597;-189;1189;205;3;32;0
2018/10/02/14:03:28.247783;;;97;-1759;15969;-34;38;90;-597;-189;1189;17;4;32;0
2018/10/02/14:03:28.259782;;;209;-1935;15873;86;-4;-30;-616;-183;1202;85;4;32;0
2018/10/02/14:03:28.271776;;;209;-1791;16033;32;20;0;-616;-183;1202;153;4;32;0
2018/10/02/14:03:28.288781;;;-31;-1791;16081;104;-8;4;-616;-183;1202;221;4;32;0
2018/10/02/14:03:28.300704;;;65;-1583;16017;-54;-100;62;-629;-183;1141;33;5;32;0
2018/10/02/14:03:28.312713;;;129;-1711;16065;-62;50;-68;-629;-183;1141;101;5;32;0
2018/10/02/14:03:28.325797;;;49;-1935;16161;-40;-74;-60;-629;-183;1141;169;5;32;0
2018/10/02/14:03:28.341758;;;49;-1551;15841;-78;-60;-70;-635;-176;1175;237;5;32;0
2018/10/02/14:03:28.353759;;;225;-1583;15985;46;10;-80;-635;-176;1175;49;6;32;0
2018/10/02/14:03:28.366871;;;209;-1631;15793;-42;14;-64;-578;-189;1182;134;6;32;0
2018/10/02/14:03:28.378795;;;209;-1871;16017;46;-36;96;-578;-189;1182;202;6;32;0
2018/10/02/14:03:28.390705;;;209;-1887;16033;-64;-172;54;-591;-163;1162;14;7;32;0
2018/10/02/14:03:28.407795;;;129;-1855;15985;14;-24;100;-591;-163;1162;82;7;32;0
2018/10/02/14:03:28.419787;;;353;-1887;15921;22;54;44;-591;-163;1162;150;7;32;0
2018/10/02/14:03:28.431742;;;161;-1775;16081;-98;-32;182;-591;-150;1168;218;7;32;0
2018/10/02/14:03:28.443775;;;257;-1919;16049;0;76;52;-591;-150;1168;30;8;32;0
2018/10/02/14:03:28.460707;;;161;-1791;16017;-54;-36;18;-591;-156;1148;98;8;32;0
2018/10/02/14:03:28.472778;;;177;-1887;16065;-34;-68;0;-591;-156;1148;166;8;32;0
2018/10/02/14:03:28.484778;;;1;-1839;15985;-4;-12;-10;-591;-156;1148;234;8;32;0
2018/10/02/14:03:28.497796;;;17;-2063;15905;-104;-86;-78;-565;-176;1168;46;9;32;0
2018/10/02/14:03:28.513784;;;-47;-2207;15889;-50;14;-168;-565;-176;1168;97;9;32;0
2018/10/02/14:03:28.525777;;;145;-2383;15841;4;32;-26;-565;-176;1168;182;9;32;0
2018/10/02/14:03:28.538787;;;129;-2191;15921;14;-62;-30;-610;-143;1155;250;9;32;0
2018/10/02/14:03:28.550710;;;193;-1999;15937;-2;-30;-42;-610;-143;1155;62;10;32;0
2018/10/02/14:03:28.566786;;;337;-1951;15953;-8;-28;-50;-623;-163;1202;130;10;32;0
2018/10/02/14:03:28.579788;;;289;-1935;15745;-2;-110;0;-623;-163;1202;215;10;32;0
2018/10/02/14:03:28.591788;;;385;-1903;15713;54;170;-150;-610;-163;1216;27;11;32;0
2018/10/02/14:03:28.603795;;;289;-1919;15649;-50;-54;-22;-610;-163;1216;95;11;32;0
2018/10/02/14:03:28.619769;;;241;-2095;15873;-110;16;62;-610;-163;1216;163;11;32;0
2018/10/02/14:03:28.632782;;;81;-2463;15665;-26;84;48;-603;-156;1222;231;11;32;0
2018/10/02/14:03:28.644781;;;81;-2319;15633;-72;-58;80;-603;-156;1222;43;12;32;0
2018/10/02/14:03:28.656796;;;177;-2239;15521;-58;-50;50;-597;-169;1189;111;12;32;0
2018/10/02/14:03:28.669784;;;129;-2159;15585;-52;-34;110;-597;-169;1189;179;12;32;0
2018/10/02/14:03:28.685785;;;241;-2207;15713;-48;-48;76;-597;-169;1189;247;12;32;0
2018/10/02/14:03:28.697791;;;289;-1967;15889;14;68;-50;-578;-169;1135;59;13;32;0
2018/10/02/14:03:28.710711;;;209;-2015;15825;-100;-40;-46;-578;-169;1135;127;13;32;0
2018/10/02/14:03:28.722781;;;257;-2191;15793;-74;-72;-28;-584;-189;1175;195;13;32;0
2018/10/02/14:03:28.738791;;;417;-1823;15937;-76;-6;54;-584;-189;1175;7;14;32;0
2018/10/02/14:03:28.751785;;;369;-1967;15841;64;-54;-34;-584;-189;1175;75;14;32;0
2018/10/02/14:03:28.763781;;;193;-2015;15857;70;-10;-22;-591;-143;1162;143;14;32;0
2018/10/02/14:03:28.775784;;;321;-1871;16001;24;138;-102;-591;-143;1162;228;14;32;0
2018/10/02/14:03:28.792804;;;385;-1711;15905;-34;-4;10;-603;-183;1155;40;15;32;0
2018/10/02/14:03:28.808775;;;369;-1951;15857;-52;-22;-52;-603;-183;1155;125;15;32;0
2018/10/02/14:03:28.820785;;;433;-1951;15857;-76;-76;-142;-603;-183;1155;192;15;32;0
2018/10/02/14:03:28.832810;;;273;-1983;15985;4;24;-116;-642;-163;1155;4;16;32;0
2018/10/02/14:03:28.845783;;;353;-2127;15889;46;-28;-10;-642;-163;1155;72;16;32;0
2018/10/02/14:03:28.857792;;;337;-2287;15777;-54;14;-86;-591;-169;1182;140;16;32;0
2018/10/02/14:03:28.873801;;;321;-2127;15873;-76;-84;8;-591;-169;1182;208;16;32;0
2018/10/02/14:03:28.886794;;;305;-2095;16001;24;-74;70;-591;-169;1182;20;17;32;0
2018/10/02/14:03:28.898809;;;385;-2127;15921;90;-32;-22;-597;-196;1155;88;17;32;0
2018/10/02/14:03:28.910797;;;433;-1903;15969;-52;42;78;-597;-196;1155;156;17;32;0
2018/10/02/14:03:28.927794;;;385;-1871;15969;62;54;-86;-616;-183;1162;224;17;32;0
2018/10/02/14:03:28.939801;;;305;-1775;16017;0;-74;54;-616;-183;1162;36;18;32;0
2018/10/02/14:03:28.951788;;;193;-1823;15809;98;2;16;-616;-183;1162;104;18;32;0
2018/10/02/14:03:28.964788;;;161;-1887;15761;-40;0;-12;-654;-176;1175;172;18;32;0
2018/10/02/14:03:28.980793;;;161;-1983;15681;66;42;-22;-654;-176;1175;240;18;32;0
2018/10/02/14:03:28.992800;;;113;-2287;15377;0;-64;-160;-629;-124;1162;52;19;32;0
2018/10/02/14:03:29.005788;;;273;-2143;15857;118;98;-44;-629;-124;1162;137;19;32;0
2018/10/02/14:03:29.017807;;;161;-2255;15873;58;12;-154;-629;-124;1162;205;19;32;0
2018/10/02/14:03:29.033792;;;321;-2031;15713;4;-42;14;-559;-169;1121;17;20;32;0
2018/10/02/14:03:29.045786;;;241;-2175;15841;28;26;48;-559;-169;1121;85;20;32;0
2018/10/02/14:03:29.058793;;;305;-2063;15793;-72;30;-64;-642;-189;1101;153;20;32;0
2018/10/02/14:03:29.070732;;;289;-2175;15777;-22;-14;-44;-642;-189;1101;221;20;32;0
2018/10/02/14:03:29.086799;;;385;-2095;15873;18;-32;-16;-642;-189;1101;33;21;32;0
2018/10/02/14:03:29.099790;;;257;-2079;15953;-6;-60;-6;-603;-176;1195;101;21;32;0
2018/10/02/14:03:29.111789;;;177;-1983;16001;16;-86;116;-603;-176;1195;169;21;32;0
2018/10/02/14:03:29.123788;;;337;-2223;15777;-24;-88;12;-616;-176;1175;237;21;32;0
2018/10/02/14:03:29.140773;;;193;-1823;16049;-38;0;62;-616;-176;1175;49;22;32;0
2018/10/02/14:03:29.152786;;;273;-1775;15857;-6;6;34;-616;-176;1175;117;22;32;0
2018/10/02/14:03:29.164785;;;241;-1839;15761;-50;32;114;-623;-169;1182;185;22;32;0
2018/10/02/14:03:29.177796;;;369;-1903;15825;-58;-16;-68;-623;-169;1182;253;22;32;0
2018/10/02/14:03:29.189786;;;369;-1775;16001;30;-34;-90;-635;-156;1141;65;23;32;0
2018/10/02/14:03:29.205786;;;337;-2159;16001;6;42;-116;-635;-156;1141;133;23;32;0
2018/10/02/14:03:29.217798;;;401;-2063;16113;-44;28;26;-635;-156;1141;218;23;32;0
2018/10/02/14:03:29.230790;;;433;-2047;15905;28;-16;8;-629;-176;1189;30;24;32;0
2018/10/02/14:03:29.242784;;;289;-1999;16113;28;74;-154;-629;-176;1189;81;24;32;0
2018/10/02/14:03:29.258795;;;209;-1775;15889;34;24;-16;-565;-169;1168;166;24;32;0
2018/10/02/14:03:29.271905;;;305;-1839;15521;-20;4;22;-565;-169;1168;234;24;32;0
2018/10/02/14:03:29.283791;;;161;-2031;15537;10;-116;32;-565;-169;1168;46;25;32;0
2018/10/02/14:03:29.295793;;;209;-1807;15601;26;-24;-10;-610;-150;1209;114;25;32;0
2018/10/02/14:03:29.312791;;;465;-2095;15633;-26;-48;90;-610;-150;1209;182;25;32;0
2018/10/02/14:03:29.324787;;;353;-2079;15825;-54;-82;-10;-603;-163;1175;250;25;32;0
2018/10/02/14:03:29.336798;;;353;-2175;15825;-58;-76;34;-603;-163;1175;62;26;32;0
2018/10/02/14:03:29.349812;;;529;-2191;15825;-22;-58;32;-603;-163;1175;130;26;32;0
2018/10/02/14:03:29.365809;;;529;-1999;16209;-18;-58;-62;-616;-189;1195;198;26;32;0
2018/10/02/14:03:29.377808;;;513;-2127;16337;-56;74;16;-616;-189;1195;10;27;32;0
2018/10/02/14:03:29.390801;;;321;-2143;16081;92;6;120;-597;-143;1128;78;27;32;0
2018/10/02/14:03:29.402791;;;193;-2159;16145;124;14;-28;-597;-143;1128;146;27;32;0
2018/10/02/14:03:29.418778;;;369;-2207;16049;-100;114;98;-597;-143;1128;214;27;32;0
2018/10/02/14:03:29.430792;;;449;-1935;15985;-18;0;132;-584;-176;1141;43;28;32;0
2018/10/02/14:03:29.443790;;;369;-1791;15633;-16;-4;60;-584;-176;1141;111;28;32;0
2018/10/02/14:03:29.455792;;;273;-1855;15553;-20;88;-20;-616;-169;1141;179;28;32;0
2018/10/02/14:03:29.467799;;;241;-1983;15729;54;-120;88;-616;-169;1141;247;28;32;0
2018/10/02/14:03:29.484788;;;257;-1743;15761;-26;-6;2;-616;-169;1141;59;29;32;0
2018/10/02/14:03:29.496799;;;321;-1679;15649;50;16;-32;-591;-163;1175;127;29;32;0
2018/10/02/14:03:29.508800;;;273;-1999;15601;-46;78;16;-591;-163;1175;195;29;32;0
2018/10/02/14:03:29.521789;;;129;-2031;15553;-42;54;-78;-629;-150;1195;7;30;32;0
2018/10/02/14:03:29.537802;;;177;-2015;15665;12;0;-22;-629;-150;1195;75;30;32;0
2018/10/02/14:03:29.549799;;;-127;-2287;15665;8;-32;-14;-629;-150;1195;143;30;32;0
2018/10/02/14:03:29.562794;;;257;-1855;15665;112;94;-92;-642;-196;1175;211;30;32;0
2018/10/02/14:03:29.574794;;;257;-2079;15697;0;38;94;-642;-196;1175;23;31;32;0
2018/10/02/14:03:29.590797;;;193;-2143;15441;28;-104;-104;-629;-176;1148;91;31;32;0
2018/10/02/14:03:29.602812;;;193;-2095;15729;-86;40;2;-629;-176;1148;159;31;32;0
2018/10/02/14:03:29.615788;;;97;-2175;15681;-62;-24;-88;-629;-176;1148;227;31;32;0
2018/10/02/14:03:29.627801;;;273;-2175;15729;-38;-80;160;-623;-143;1175;56;32;32;0
2018/10/02/14:03:29.643813;;;321;-1903;16097;8;-62;-88;-623;-143;1175;124;32;32;0
2018/10/02/14:03:29.656800;;;481;-2015;15857;-28;-48;-28;-610;-169;1162;192;32;32;0
2018/10/02/14:03:29.668795;;;449;-1855;16049;-120;-60;96;-610;-169;1162;4;33;32;0
2018/10/02/14:03:29.680794;;;465;-1935;15713;60;18;-52;-610;-169;1162;72;33;32;0
2018/10/02/14:03:29.697802;;;337;-1855;15729;6;-10;-60;-610;-183;1168;140;33;32;0
2018/10/02/14:03:29.709801;;;241;-1887;15665;54;64;70;-610;-183;1168;208;33;32;0
2018/10/02/14:03:29.721796;;;305;-2015;15937;-2;98;-46;-674;-176;1168;20;34;32;0
2018/10/02/14:03:29.734795;;;273;-2063;15761;-24;-86;-82;-674;-176;1168;88;34;32;0
2018/10/02/14:03:29.750778;;;193;-2239;15793;88;-64;-78;-674;-176;1168;156;34;32;0
2018/10/02/14:03:29.762796;;;305;-2223;15841;118;38;-14;-616;-156;1182;224;34;32;0
2018/10/02/14:03:29.774798;;;273;-2287;15793;10;-90;42;-616;-156;1182;36;35;32;0
2018/10/02/14:03:29.787803;;;353;-2079;15633;-28;-92;40;-597;-189;1155;104;35;32;0
2018/10/02/14:03:29.799815;;;545;-2111;15761;74;114;12;-597;-189;1155;172;35;32;0
2018/10/02/14:03:29.815794;;;529;-2223;15889;14;-44;22;-597;-189;1155;240;35;32;0
2018/10/02/14:03:29.828825;;;417;-1951;15809;-130;14;-30;-591;-137;1141;69;36;32;0
2018/10/02/14:03:29.840793;;;417;-1983;15873;-16;-82;84;-591;-137;1141;137;36;32;0
2018/10/02/14:03:29.852796;;;129;-2255;15441;-66;38;-10;-584;-163;1148;205;36;32;0
2018/10/02/14:03:29.869804;;;113;-2143;15537;40;0;-6;-584;-163;1148;17;37;32;0
2018/10/02/14:03:29.881798;;;33;-2111;15681;22;-62;40;-584;-163;1148;85;37;32;0
2018/10/02/14:03:29.893789;;;465;-2063;15745;-22;14;38;-591;-124;1175;153;37;32;0
2018/10/02/14:03:29.906803;;;209;-2143;15777;118;46;16;-591;-124;1175;221;37;32;0
2018/10/02/14:03:29.922799;;;305;-1983;15713;16;-64;146;-610;-150;1202;33;38;32;0
2018/10/02/14:03:29.934795;;;401;-1727;16193;10;-18;86;-610;-150;1202;101;38;32;0
2018/10/02/14:03:29.947807;;;353;-1823;16177;100;4;-78;-610;-150;1202;169;38;32;0
2018/10/02/14:03:29.959817;;;465;-1455;16065;104;-26;-8;-591;-137;1175;237;38;32;0
2018/10/02/14:03:29.975797;;;337;-1423;16353;96;92;84;-591;-137;1175;49;39;32;0
2018/10/02/14:03:29.987808;;;529;-1487;16241;-26;36;-64;-591;-196;1202;117;39;32;0
2018/10/02/14:03:30.000796;;;321;-1567;16177;-8;-4;-16;-591;-196;1202;185;39;32;0
2018/10/02/14:03:30.012799;;;225;-1327;16081;56;46;-120;-591;-196;1202;253;39;32;0
2018/10/02/14:03:30.028787;;;-79;-1503;15825;40;66;10;-603;-150;1189;82;40;32;0
2018/10/02/14:03:30.041774;;;65;-1695;15729;28;48;-86;-603;-150;1189;150;40;32;0
2018/10/02/14:03:30.053795;;;113;-1695;15729;48;-36;-114;-616;-169;1141;218;40;32;0
2018/10/02/14:03:30.065794;;;145;-1647;15745;58;38;14;-616;-169;1141;30;41;32;0
2018/10/02/14:03:30.078869;;;257;-1599;16049;152;-24;168;-616;-169;1141;98;41;32;0
2018/10/02/14:03:30.094822;;;321;-1583;16113;22;74;-46;-610;-183;1175;166;41;32;0
2018/10/02/14:03:30.106810;;;465;-1615;16273;-70;-30;36;-610;-183;1175;234;41;32;0
2018/10/02/14:03:30.119811;;;449;-1775;16081;28;16;-120;-616;-156;1175;46;42;32;0
2018/10/02/14:03:30.131796;;;545;-1791;16081;-76;28;-26;-616;-156;1175;114;42;32;0
2018/10/02/14:03:30.147806;;;321;-1887;16209;-122;-18;14;-616;-156;1175;182;42;32;0
2018/10/02/14:03:30.160812;;;257;-1663;15905;-112;50;-76;-584;-163;1175;250;42;32;0
2018/10/02/14:03:30.172821;;;321;-1791;15969;-24;60;14;-584;-163;1175;62;43;32;0
2018/10/02/14:03:30.184798;;;81;-1855;15809;-88;-14;82;-603;-150;1168;130;43;32;0
2018/10/02/14:03:30.200808;;;113;-1615;15889;6;84;50;-603;-150;1168;198;43;32;0
2018/10/02/14:03:30.213772;;;193;-1887;15841;6;42;-124;-603;-150;1168;10;44;32;0
2018/10/02/14:03:30.225800;;;209;-1967;15505;-32;-34;-30;-597;-163;1148;95;44;32;0
2018/10/02/14:03:30.237809;;;225;-1903;15761;18;-54;-132;-597;-163;1148;163;44;32;0
2018/10/02/14:03:30.254818;;;17;-1967;15809;-16;0;-92;-610;-150;1135;231;44;32;0
2018/10/02/14:03:30.266808;;;465;-2207;15857;-40;-48;-18;-610;-150;1135;43;45;32;0
2018/10/02/14:03:30.278808;;;529;-1967;15841;28;-134;148;-610;-150;1135;110;45;32;0
2018/10/02/14:03:30.291804;;;641;-1935;15969;-6;-2;-194;-597;-156;1202;178;45;32;0
2018/10/02/14:03:30.307812;;;641;-1999;15921;-90;-124;42;-597;-156;1202;246;45;32;0
2018/10/02/14:03:30.319823;;;513;-2175;15777;-88;-124;14;-616;-189;1202;58;46;32;0
2018/10/02/14:03:30.332807;;;577;-2047;16033;-98;-62;-86;-616;-189;1202;126;46;32;0
2018/10/02/14:03:30.344809;;;465;-2079;15809;-26;50;-34;-616;-189;1202;194;46;32;0
2018/10/02/14:03:30.360787;;;209;-2271;15697;-50;54;-34;-597;-183;1175;6;47;32;0
2018/10/02/14:03:30.372807;;;241;-2223;15713;-116;12;8;-597;-183;1175;74;47;32;0
2018/10/02/14:03:30.385799;;;369;-2095;15393;-78;38;-34;-591;-163;1189;142;47;32;0
2018/10/02/14:03:30.397811;;;497;-2127;15505;10;-76;100;-591;-163;1189;210;47;32;0
2018/10/02/14:03:30.409806;;;369;-1983;15569;-10;16;30;-591;-163;1189;22;48;32;0
2018/10/02/14:03:30.426810;;;321;-1983;15665;-38;-2;-182;-610;-189;1168;90;48;32;0
2018/10/02/14:03:30.438811;;;433;-2191;16017;84;74;0;-610;-189;1168;175;48;32;0
2018/10/02/14:03:30.450729;;;337;-2207;15905;-78;-34;-30;-578;-169;1162;243;48;32;0
2018/10/02/14:03:30.463799;;;177;-2207;15889;28;-14;88;-578;-169;1162;55;49;32;0
2018/10/02/14:03:30.479814;;;241;-1951;15841;0;0;84;-578;-169;1162;123;49;32;0
2018/10/02/14:03:30.491807;;;145;-2063;15793;98;138;90;-597;-163;1168;191;49;32;0
2018/10/02/14:03:30.504807;;;337;-1823;15825;108;108;100;-597;-163;1168;3;50;32;0
2018/10/02/14:03:30.516812;;;321;-1903;15873;0;-108;58;-616;-143;1229;71;50;32;0
2018/10/02/14:03:30.532808;;;353;-1919;15921;-8;4;46;-616;-143;1229;139;50;32;0
2018/10/02/14:03:30.545808;;;209;-1983;15953;0;92;-60;-616;-143;1229;207;50;32;0
2018/10/02/14:03:30.557817;;;481;-1759;15857;24;-104;172;-571;-163;1175;19;51;32;0
2018/10/02/14:03:30.569824;;;257;-1807;15857;70;-26;48;-571;-163;1175;87;51;32;0
2018/10/02/14:03:30.585809;;;97;-1647;15953;52;32;-64;-578;-196;1182;155;51;32;0
2018/10/02/14:03:30.598814;;;449;-1679;15905;42;-36;-54;-578;-196;1182;223;51;32;0
2018/10/02/14:03:30.610805;;;305;-1855;16017;10;0;-86;-578;-196;1182;35;52;32;0
2018/10/02/14:03:30.622804;;;257;-1487;15857;-62;0;-98;-648;-143;1175;103;52;32;0
2018/10/02/14:03:30.639793;;;353;-1743;16001;-128;102;0;-648;-143;1175;171;52;32;0
2018/10/02/14:03:30.651825;;;177;-1823;15665;-12;-16;-18;-591;-209;1189;0;53;32;0
2018/10/02/14:03:30.663810;;;129;-1887;15649;-28;-2;-156;-591;-209;1189;68;53;32;0
2018/10/02/14:03:30.676816;;;161;-1759;15505;64;30;22;-591;-209;1189;136;53;32;0
2018/10/02/14:03:30.688812;;;273;-1999;15377;-124;76;48;-616;-189;1182;204;53;32;0
2018/10/02/14:03:30.704805;;;257;-1871;15409;-30;26;-62;-616;-189;1182;16;54;32;0
2018/10/02/14:03:30.717814;;;257;-1983;15681;-16;0;-60;-623;-156;1202;67;54;32;0
2018/10/02/14:03:30.729813;;;305;-1919;15777;-18;2;42;-623;-156;1202;152;54;32;0
2018/10/02/14:03:30.741803;;;321;-1775;15841;-60;-202;140;-623;-156;1202;220;54;32;0
2018/10/02/14:03:30.757815;;;241;-1999;16033;-54;-92;56;-623;-137;1195;32;55;32;0
2018/10/02/14:03:30.770812;;;337;-1999;16017;-38;-12;-44;-623;-137;1195;100;55;32;0
2018/10/02/14:03:30.782808;;;593;-1999;15825;-188;-80;-28;-623;-196;1182;168;55;32;0
2018/10/02/14:03:30.794805;;;689;-2063;15889;36;-72;20;-623;-196;1182;236;55;32;0
2018/10/02/14:03:30.811780;;;433;-2079;16017;44;34;-60;-623;-196;1182;48;56;32;0
2018/10/02/14:03:30.823828;;;465;-2015;15969;8;50;20;-648;-189;1168;116;56;32;0
2018/10/02/14:03:30.835828;;;385;-2239;16001;-26;-44;86;-648;-189;1168;184;56;32;0
2018/10/02/14:03:30.848820;;;625;-2191;15921;116;-32;20;-584;-183;1209;13;57;32;0
2018/10/02/14:03:30.864805;;;433;-2207;16305;60;0;6;-584;-183;1209;81;57;32;0
2018/10/02/14:03:30.876817;;;353;-2175;15953;24;-40;72;-584;-183;1209;149;57;32;0
2018/10/02/14:03:30.889834;;;577;-2111;15985;120;74;-134;-578;-176;1229;217;57;32;0
2018/10/02/14:03:30.901829;;;609;-2031;15857;-38;-140;76;-578;-176;1229;29;58;32;0
2018/10/02/14:03:30.917819;;;721;-2015;15761;38;28;112;-616;-176;1182;97;58;32;0
2018/10/02/14:03:30.930816;;;657;-2223;15841;36;34;28;-616;-176;1182;165;58;32;0
2018/10/02/14:03:30.942813;;;417;-2111;16177;-24;76;-72;-616;-176;1182;233;58;32;0
2018/10/02/14:03:30.954760;;;321;-2143;15921;-24;10;16;-623;-169;1182;45;59;32;0
2018/10/02/14:03:30.970791;;;305;-2175;15857;28;114;-42;-623;-169;1182;113;59;32;0
2018/10/02/14:03:30.983809;;;449;-2191;15921;-24;46;40;-616;-169;1135;181;59;32;0
2018/10/02/14:03:30.995811;;;353;-1887;15921;12;102;94;-616;-169;1135;249;59;32;0
2018/10/02/14:03:31.007836;;;513;-1903;15617;44;44;-28;-616;-169;1135;61;60;32;0
2018/10/02/14:03:31.020806;;;321;-1887;15841;-130;48;132;-603;-156;1209;129;60;32;0
2018/10/02/14:03:31.036818;;;545;-1743;15809;26;-26;70;-603;-156;1209;197;60;32;0
2018/10/02/14:03:31.048835;;;433;-1407;15761;-30;34;44;-603;-169;1135;26;61;32;0
2018/10/02/14:03:31.061816;;;209;-1583;15857;134;10;12;-603;-169;1135;94;61;32;0
2018/10/02/14:03:31.073815;;;193;-1599;15841;-52;-24;48;-603;-169;1135;162;61;32;0
2018/10/02/14:03:31.089823;;;-47;-1631;15825;-100;28;122;-584;-169;1182;230;61;32;0
2018/10/02/14:03:31.102812;;;33;-1695;15841;28;20;-36;-584;-169;1182;42;62;32;0
2018/10/02/14:03:31.114811;;;241;-1711;15921;-76;-24;118;-654;-163;1202;110;62;32;0
2018/10/02/14:03:31.126744;;;193;-1727;15857;-8;100;-120;-654;-163;1202;178;62;32;0
2018/10/02/14:03:31.142816;;;289;-1887;16033;-116;8;-8;-654;-163;1202;246;62;32;0
2018/10/02/14:03:31.155814;;;225;-1887;16033;2;22;-198;-591;-156;1195;58;63;32;0
2018/10/02/14:03:31.167820;;;273;-1919;16113;-74;-34;0;-591;-156;1195;126;63;32;0
2018/10/02/14:03:31.179821;;;353;-1871;16385;-34;-40;-14;-616;-169;1148;194;63;32;0
2018/10/02/14:03:31.196831;;;609;-1807;16529;-78;78;6;-616;-169;1148;6;64;32;0
2018/10/02/14:03:31.208822;;;641;-1887;16385;-36;20;12;-616;-169;1148;74;64;32;0
2018/10/02/14:03:31.220815;;;513;-2047;16385;-194;-44;40;-603;-163;1155;142;64;32;0
2018/10/02/14:03:31.233813;;;513;-2095;16001;-136;64;-58;-603;-163;1155;210;64;32;0
2018/10/02/14:03:31.249801;;;513;-2127;16065;-124;-24;72;-603;-202;1189;22;65;32;0
2018/10/02/14:03:31.261815;;;353;-2303;15601;-142;-24;-16;-603;-202;1189;107;65;32;0
2018/10/02/14:03:31.274834;;;449;-2255;15873;-234;20;36;-603;-202;1189;175;65;32;0
2018/10/02/14:03:31.286822;;;401;-2015;15825;-78;76;-62;-578;-169;1189;243;65;32;0
2018/10/02/14:03:31.302814;;;657;-1727;15697;-22;-8;110;-578;-169;1189;72;66;32;0
2018/10/02/14:03:31.315812;;;529;-1727;15665;-68;100;82;-578;-183;1162;140;66;32;0
2018/10/02/14:03:31.331816;;;497;-1583;15745;-26;70;-88;-578;-183;1162;208;66;32;0
2018/10/02/14:03:31.343814;;;641;-1775;15889;14;76;-94;-578;-183;1162;3;67;32;0
2018/10/02/14:03:31.355815;;;737;-1807;15617;-82;114;-112;-584;-196;1135;88;67;32;0
2018/10/02/14:03:31.368826;;;561;-1871;15537;86;76;-30;-584;-196;1135;156;67;32;0
2018/10/02/14:03:31.384809;;;593;-2175;15425;22;64;38;-578;-169;1162;224;67;32;0
2018/10/02/14:03:31.396820;;;577;-2223;15617;68;90;-80;-578;-169;1162;19;68;32;0
2018/10/02/14:03:31.409781;;;337;-2287;15729;-90;50;-100;-616;-202;1182;104;68;32;0
2018/10/02/14:03:31.421818;;;337;-2383;15697;-76;92;70;-616;-202;1182;172;68;32;0
2018/10/02/14:03:31.437822;;;337;-2239;15585;-10;-4;28;-616;-202;1182;240;68;32;0
2018/10/02/14:03:31.450817;;;337;-2095;15569;8;112;-174;-635;-196;1189;52;69;32;0
2018/10/02/14:03:31.462819;;;225;-2207;15601;-60;-82;20;-635;-196;1189;120;69;32;0
2018/10/02/14:03:31.474815;;;177;-2207;15761;26;28;22;-635;-196;1189;188;69;32;0
2018/10/02/14:03:31.487825;;;241;-2095;15633;-4;-36;46;-648;-202;1155;17;70;32;0
2018/10/02/14:03:31.503813;;;193;-2351;15697;-62;16;6;-648;-202;1155;85;70;32;0
2018/10/02/14:03:31.515812;;;289;-2335;15985;82;96;98;-654;-183;1175;153;70;32;0
2018/10/02/14:03:31.527824;;;305;-2095;15873;-30;34;94;-654;-183;1175;221;70;32;0
2018/10/02/14:03:31.540814;;;273;-2031;16081;54;-116;44;-616;-169;1195;33;71;32;0
2018/10/02/14:03:31.556824;;;353;-1999;16113;-86;-6;14;-616;-169;1195;101;71;32;0
2018/10/02/14:03:31.568826;;;305;-2111;16145;0;48;-34;-616;-169;1195;169;71;32;0
2018/10/02/14:03:31.581817;;;193;-2159;16129;-68;78;112;-623;-176;1189;237;71;32;0
2018/10/02/14:03:31.593817;;;145;-2111;16097;-58;52;-16;-623;-176;1189;49;72;32;0
2018/10/02/14:03:31.609822;;;177;-2095;15985;-96;-72;4;-584;-163;1168;117;72;32;0
2018/10/02/14:03:31.622819;;;241;-2095;15985;-76;-2;8;-584;-163;1168;185;72;32;0
2018/10/02/14:03:31.634776;;;241;-2239;15969;28;-22;-36;-584;-163;1168;253;72;32;0
2018/10/02/14:03:31.646826;;;129;-1791;15937;22;22;26;-603;-183;1155;65;73;32;0
2018/10/02/14:03:31.663821;;;257;-2015;15873;36;-16;118;-603;-183;1155;133;73;32;0
2018/10/02/14:03:31.675892;;;17;-2015;15841;88;36;-28;-603;-183;1155;201;73;32;0
2018/10/02/14:03:31.687829;;;193;-2143;15809;-18;50;-40;-616;-189;1162;13;74;32;0
2018/10/02/14:03:31.699826;;;-79;-2383;15569;-40;42;-134;-616;-189;1162;98;74;32;0
2018/10/02/14:03:31.716825;;;-111;-2447;15681;118;-52;-98;-623;-209;1189;166;74;32;0
2018/10/02/14:03:31.728826;;;129;-2319;15521;90;54;-28;-623;-209;1189;234;74;32;0
2018/10/02/14:03:31.740822;;;113;-2127;15201;22;76;-128;-591;-156;1155;45;75;32;0
2018/10/02/14:03:31.753839;;;225;-2047;15537;36;-94;132;-591;-156;1155;113;75;32;0
2018/10/02/14:03:31.769804;;;65;-2287;15377;4;20;12;-591;-156;1155;181;75;32;0
2018/10/02/14:03:31.781823;;;129;-2255;15393;42;46;-118;-635;-176;1162;249;75;32;0
2018/10/02/14:03:31.794815;;;1;-2351;15937;-44;-12;0;-635;-176;1162;61;76;32;0
2018/10/02/14:03:31.806825;;;17;-2191;15633;82;-8;38;-610;-196;1155;129;76;32;0
2018/10/02/14:03:31.818830;;;193;-2367;16065;-68;-92;130;-610;-196;1155;197;76;32;0
2018/10/02/14:03:31.835820;;;161;-2447;15777;-8;22;28;-610;-196;1155;9;77;32;0
2018/10/02/14:03:31.847829;;;209;-2319;15553;-124;16;40;-591;-169;1141;77;77;32;0
2018/10/02/14:03:31.859827;;;-15;-2271;15681;-2;-130;174;-591;-169;1141;145;77;32;0
2018/10/02/14:03:31.872817;;;-63;-1999;15905;0;-42;100;-571;-176;1155;213;77;32;0
2018/10/02/14:03:31.888832;;;81;-1727;15713;-16;66;50;-571;-176;1155;25;78;32;0
2018/10/02/14:03:31.900823;;;97;-1759;15745;148;-4;-50;-571;-176;1155;110;78;32;0
2018/10/02/14:03:31.912821;;;193;-1887;16049;98;38;-102;-610;-222;1148;178;78;32;0
2018/10/02/14:03:31.925819;;;-223;-1759;15937;-38;-40;-72;-610;-222;1148;246;78;32;0
2018/10/02/14:03:31.941824;;;-223;-1647;16113;68;32;-172;-610;-189;1195;58;79;32;0
2018/10/02/14:03:31.953854;;;-239;-1823;15985;78;58;-202;-610;-189;1195;126;79;32;0
2018/10/02/14:03:31.966841;;;-95;-1935;15809;0;-94;24;-610;-189;1195;194;79;32;0
2018/10/02/14:03:31.978831;;;-127;-2063;15937;38;56;0;-642;-183;1168;6;80;32;0
2018/10/02/14:03:31.994821;;;-31;-2047;15681;30;70;-138;-642;-183;1168;74;80;32;0
2018/10/02/14:03:32.007834;;;17;-1967;15841;-54;-40;-36;-616;-169;1168;142;80;32;0
2018/10/02/14:03:32.019831;;;161;-1919;15985;32;94;56;-616;-169;1168;210;80;32;0
2018/10/02/14:03:32.031824;;;49;-2111;15937;-50;-20;-180;-616;-169;1168;22;81;32;0
2018/10/02/14:03:32.048809;;;145;-2479;15697;-34;-122;-22;-629;-163;1162;90;81;32;0
2018/10/02/14:03:32.060828;;;177;-2335;15905;-100;-30;-182;-629;-163;1162;158;81;32;0
2018/10/02/14:03:32.072798;;;257;-2303;15713;-64;-36;-120;-623;-196;1175;226;81;32;0
2018/10/02/14:03:32.084820;;;273;-2431;15937;-20;0;42;-623;-196;1175;38;82;32;0
2018/10/02/14:03:32.097830;;;257;-2767;15793;-142;-34;-84;-623;-196;1175;123;82;32;0
2018/10/02/14:03:32.113824;;;49;-2687;15873;4;-42;-62;-616;-176;1189;191;82;32;0
2018/10/02/14:03:32.125962;;;-127;-2607;15649;-76;-22;-8;-616;-176;1189;3;83;32;0
2018/10/02/14:03:32.138832;;;49;-2527;15505;42;-36;-124;-623;-189;1162;71;83;32;0
2018/10/02/14:03:32.150821;;;49;-2591;15649;88;-54;-12;-623;-189;1162;139;83;32;0
2018/10/02/14:03:32.166835;;;17;-2191;15713;-34;-50;42;-623;-189;1162;207;83;32;0
2018/10/02/14:03:32.179847;;;-127;-2463;15873;108;12;60;-584;-183;1148;19;84;32;0
2018/10/02/14:03:32.191826;;;-95;-2383;15873;-2;0;14;-584;-183;1148;87;84;32;0
2018/10/02/14:03:32.203826;;;177;-2079;16369;164;-46;-16;-654;-183;1202;155;84;32;0
2018/10/02/14:03:32.220827;;;-143;-1743;16273;36;2;0;-654;-183;1202;223;84;32;0
2018/10/02/14:03:32.232828;;;737;-1039;16209;202;82;24;-654;-183;1202;35;85;32;0
2018/10/02/14:03:32.244822;;;481;-799;16593;144;150;124;-623;-183;1168;103;85;32;0
2018/10/02/14:03:32.257833;;;881;-1455;18305;208;174;24;-623;-183;1168;171;85;32;0
2018/10/02/14:03:32.273781;;;593;-847;16641;198;220;-92;-635;-183;1162;239;85;32;0
2018/10/02/14:03:32.285836;;;113;-1807;17169;296;400;-70;-635;-183;1162;51;86;32;0
2018/10/02/14:03:32.297835;;;-559;-1151;16257;360;326;-138;-635;-183;1162;119;86;32;0
2018/10/02/14:03:32.310848;;;-1071;-1039;13921;264;278;-104;-667;-117;1141;204;86;32;0
2018/10/02/14:03:32.326833;;;-1247;-2415;16177;308;352;-190;-667;-117;1141;16;87;32;0
2018/10/02/14:03:32.338839;;;-623;-3103;15745;268;186;-56;-667;-124;1155;84;87;32;0
2018/10/02/14:03:32.351827;;;-351;-3519;15729;172;250;34;-667;-124;1155;152;87;32;0
2018/10/02/14:03:32.363825;;;705;-3007;17057;144;262;182;-667;-124;1155;220;87;32;0
2018/10/02/14:03:32.379812;;;625;-1903;15073;126;210;140;-623;-130;1141;32;88;32;0
2018/10/02/14:03:32.392828;;;529;-975;15921;158;150;144;-623;-130;1141;100;88;32;0
2018/10/02/14:03:32.404847;;;337;-351;15265;76;96;-2;-661;-124;1162;168;88;32;0
2018/10/02/14:03:32.416835;;;-351;-239;14961;-64;60;156;-661;-124;1162;236;88;32;0
2018/10/02/14:03:32.429839;;;-399;-287;16017;-152;24;100;-661;-124;1162;48;89;32;0
2018/10/02/14:03:32.445825;;;-1119;-1151;14993;-276;-36;40;-693;-104;1141;116;89;32;0
2018/10/02/14:03:32.457839;;;-495;-783;15409;-268;-156;12;-693;-104;1141;184;89;32;0
2018/10/02/14:03:32.470838;;;-527;-1183;16289;-198;-116;146;-686;-130;1155;252;89;32;0
2018/10/02/14:03:32.482830;;;-287;-1007;15697;-206;-92;10;-686;-130;1155;64;90;32;0
2018/10/02/14:03:32.498837;;;-223;-1103;15505;-190;26;40;-686;-130;1155;132;90;32;0
2018/10/02/14:03:32.510836;;;-239;-1215;15761;-156;-26;62;-674;-130;1168;217;90;32;0
2018/10/02/14:03:32.523830;;;-271;-1663;15953;-200;-98;-26;-674;-130;1168;29;91;32;0
2018/10/02/14:03:32.535831;;;-159;-1471;15889;-114;-138;70;-680;-156;1155;97;91;32;0
2018/10/02/14:03:32.551835;;;-431;-1519;16033;-106;-138;46;-680;-156;1155;165;91;32;0
2018/10/02/14:03:32.564851;;;-607;-1231;15633;-26;-130;-4;-680;-156;1155;233;91;32;0
2018/10/02/14:03:32.576841;;;-655;-1119;15553;-36;-82;-28;-648;-150;1182;45;92;32;0
2018/10/02/14:03:32.588842;;;-783;-1439;15441;-18;-116;-72;-648;-150;1182;113;92;32;0
2018/10/02/14:03:32.605827;;;-671;-1695;15441;14;-2;-86;-642;-156;1175;181;92;32;0
2018/10/02/14:03:32.617858;;;-223;-1967;15681;-80;-96;-68;-642;-156;1175;249;92;32;0
2018/10/02/14:03:32.629859;;;-367;-1727;15905;-112;-62;-78;-642;-156;1175;61;93;32;0
2018/10/02/14:03:32.642841;;;-303;-1743;15969;-26;-82;-110;-648;-137;1168;129;93;32;0
2018/10/02/14:03:32.658850;;;-255;-1567;15857;90;-90;-4;-648;-137;1168;197;93;32;0
2018/10/02/14:03:32.670855;;;-207;-1583;15889;4;-48;6;-629;-163;1175;9;94;32;0
2018/10/02/14:03:32.682855;;;-239;-1967;15649;-78;-166;166;-629;-163;1175;77;94;32;0
2018/10/02/14:03:32.695873;;;17;-1727;15809;-60;-86;28;-629;-163;1175;145;94;32;0
2018/10/02/14:03:32.707859;;;-127;-1663;16065;-56;-70;-48;-667;-156;1182;213;94;32;0
2018/10/02/14:03:32.723839;;;-191;-1663;15985;-2;-82;126;-667;-156;1182;42;95;32;0
2018/10/02/14:03:32.736838;;;-239;-1375;15793;-18;-86;-114;-667;-169;1141;110;95;32;0
2018/10/02/14:03:32.748841;;;-47;-1583;16145;-30;-112;84;-667;-169;1141;178;95;32;0
2018/10/02/14:03:32.760827;;;-127;-1551;16209;112;-64;10;-667;-169;1141;246;95;32;0
2018/10/02/14:03:32.777867;;;-159;-1775;15921;318;-160;6;-667;-156;1135;58;96;32;0
2018/10/02/14:03:32.789839;;;209;-2111;16097;284;-36;68;-667;-156;1135;126;96;32;0
2018/10/02/14:03:32.801834;;;-63;-2191;16081;308;-216;-74;-629;-169;1168;194;96;32;0
2018/10/02/14:03:32.814834;;;-127;-1839;16113;350;-34;-32;-629;-169;1168;6;97;32;0
2018/10/02/14:03:32.830837;;;113;-1791;16065;450;-44;-64;-629;-169;1168;74;97;32;0
2018/10/02/14:03:32.842834;;;-223;-1759;16481;612;-34;-70;-642;-137;1141;142;97;32;0
2018/10/02/14:03:32.854856;;;-47;-1983;15713;718;-148;-168;-642;-137;1141;210;97;32;0
2018/10/02/14:03:32.867841;;;81;-1551;15825;730;-184;-92;-654;-65;1182;22;98;32;0
2018/10/02/14:03:32.883832;;;-15;-1375;15921;836;-128;-170;-654;-65;1182;90;98;32;0
2018/10/02/14:03:32.895830;;;-127;-1087;15553;1022;-200;-108;-654;-65;1182;158;98;32;0
2018/10/02/14:03:32.908854;;;-47;-1119;15537;1210;-378;-72;-603;-58;1202;226;98;32;0
2018/10/02/14:03:32.920838;;;33;-415;15249;1268;-324;-182;-603;-58;1202;55;99;32;0
2018/10/02/14:03:32.936865;;;289;-223;14929;1304;-424;-168;-616;0;1141;123;99;32;0
2018/10/02/14:03:32.949840;;;337;17;15281;1334;-508;-14;-616;0;1141;191;99;32;0
2018/10/02/14:03:32.961843;;;385;625;15681;1630;-452;-114;-616;0;1141;3;100;32;0
2018/10/02/14:03:32.973868;;;945;961;15569;1664;-514;38;-571;58;1209;71;100;32;0
2018/10/02/14:03:32.990826;;;1361;1697;15873;1550;-442;-10;-571;58;1209;139;100;32;0
2018/10/02/14:03:33.002854;;;1169;1985;15729;1822;-374;-142;-578;124;1148;207;100;32;0
2018/10/02/14:03:33.014842;;;1169;2577;15729;1822;-358;-128;-578;124;1148;19;101;32;0
2018/10/02/14:03:33.027845;;;913;2689;15633;1640;-310;0;-578;124;1148;87;101;32;0
2018/10/02/14:03:33.039856;;;833;3041;15153;1702;-254;-142;-539;176;1128;155;101;32;0
2018/10/02/14:03:33.055874;;;1249;3393;15137;1752;-260;-64;-539;176;1128;223;101;32;0
2018/10/02/14:03:33.067881;;;1329;3857;15009;1644;-242;-128;-552;261;1135;35;102;32;0
2018/10/02/14:03:33.080857;;;1425;4081;14449;1678;-240;-36;-552;261;1135;103;102;32;0
2018/10/02/14:03:33.092860;;;1393;4497;14465;1728;-302;-116;-552;261;1135;171;102;32;0
2018/10/02/14:03:33.108863;;;1217;5457;14241;1758;-426;-100;-507;352;1087;239;102;32;0
2018/10/02/14:03:33.121857;;;1425;6257;13985;1812;-438;-150;-507;352;1087;68;103;32;0
2018/10/02/14:03:33.133816;;;1137;6977;14017;1764;-426;-246;-501;418;1128;136;103;32;0
2018/10/02/14:03:33.145843;;;1537;7393;14305;1778;-410;-266;-501;418;1128;204;103;32;0
2018/10/02/14:03:33.162865;;;1441;7857;13985;1812;-448;-352;-501;418;1128;16;104;32;0
2018/10/02/14:03:33.174856;;;1553;8033;14225;1862;-274;-428;-488;457;1087;84;104;32;0
2018/10/02/14:03:33.186790;;;1777;8497;13953;1854;-298;-702;-488;457;1087;151;104;32;0
2018/10/02/14:03:33.199870;;;1809;8481;13889;1722;-196;-678;-488;542;1047;219;104;32;0
2018/10/02/14:03:33.215845;;;1649;8353;13441;1712;-234;-638;-488;542;1047;31;105;32;0
2018/10/02/14:03:33.227851;;;1777;8545;13121;1806;-82;-646;-488;542;1047;99;105;32;0
2018/10/02/14:03:33.239848;;;1793;8593;12513;1804;-82;-684;-488;607;979;167;105;32;0
2018/10/02/14:03:33.252840;;;1441;9105;12257;1710;-204;-632;-488;607;979;235;105;32;0
2018/10/02/14:03:33.268828;;;1217;9313;11969;1702;-172;-508;-495;660;959;47;106;32;0
2018/10/02/14:03:33.280849;;;1137;9777;12209;1684;-198;-590;-495;660;959;115;106;32;0
2018/10/02/14:03:33.293840;;;865;10033;11569;1640;-240;-418;-495;660;959;183;106;32;0
2018/10/02/14:03:33.305868;;;1169;10353;11681;1530;-58;-502;-520;732;912;251;106;32;0
2018/10/02/14:03:33.317860;;;1265;10433;11633;1426;-28;-494;-520;732;912;63;107;32;0
2018/10/02/14:03:33.334858;;;1297;10577;11073;1406;-6;-470;-507;764;912;148;107;32;0
2018/10/02/14:03:33.346807;;;1281;10641;10977;1296;-26;-304;-507;764;912;216;107;32;0
2018/10/02/14:03:33.358869;;;1409;10561;10561;1234;-66;-252;-507;764;912;28;108;32;0
2018/10/02/14:03:33.371807;;;1201;11041;10593;1308;114;-380;-539;810;864;96;108;32;0
2018/10/02/14:03:33.387868;;;945;10769;9905;1128;-34;84;-539;810;864;164;108;32;0
2018/10/02/14:03:33.399865;;;785;11425;9601;956;160;56;-552;856;756;232;108;32;0
2018/10/02/14:03:33.412867;;;609;11281;9601;932;164;84;-552;856;756;44;109;32;0
2018/10/02/14:03:33.424864;;;673;11329;8961;1048;64;204;-552;856;756;112;109;32;0
2018/10/02/14:03:33.440860;;;753;12065;9681;914;240;300;-546;849;770;180;109;32;0
2018/10/02/14:03:33.452869;;;945;12705;9297;832;148;384;-546;849;770;248;109;32;0
2018/10/02/14:03:33.465842;;;977;12977;9249;690;212;376;-527;901;777;60;110;32;0
2018/10/02/14:03:33.477852;;;1265;13665;8785;676;192;444;-527;901;777;128;110;32;0
2018/10/02/14:03:33.493842;;;1681;13457;8529;502;146;416;-527;901;777;196;110;32;0
2018/10/02/14:03:33.506852;;;1793;13921;8497;430;170;238;-533;921;743;8;111;32;0
2018/10/02/14:03:33.518869;;;1569;14017;8641;466;96;326;-533;921;743;76;111;32;0
2018/10/02/14:03:33.530843;;;1745;14225;8129;296;138;172;-533;934;709;161;111;32;0
2018/10/02/14:03:33.547852;;;1553;14145;8321;302;36;102;-533;934;709;229;111;32;0
2018/10/02/14:03:33.559850;;;1313;14497;7505;346;-12;-22;-533;934;709;41;112;32;0
2018/10/02/14:03:33.571852;;;1185;14401;7841;288;6;-74;-495;960;655;109;112;32;0
2018/10/02/14:03:33.584843;;;993;13569;7361;298;-32;-134;-495;960;655;177;112;32;0
2018/10/02/14:03:33.600825;;;721;12929;7681;296;62;-10;-584;993;668;245;112;32;0
2018/10/02/14:03:33.612850;;;1057;12705;8065;342;-26;-206;-584;993;668;57;113;32;0
2018/10/02/14:03:33.624852;;;929;12929;7617;354;-114;-154;-584;993;668;125;113;32;0
2018/10/02/14:03:33.637874;;;785;12913;8065;260;-132;-262;-527;973;682;193;113;32;0
2018/10/02/14:03:33.649844;;;1009;13409;7889;118;-154;-92;-527;973;682;5;114;32;0
2018/10/02/14:03:33.665840;;;1105;13233;7873;84;-86;-52;-507;993;655;73;114;32;0
2018/10/02/14:03:33.678860;;;849;13121;8689;110;-112;-140;-507;993;655;141;114;32;0
2018/10/02/14:03:33.690848;;;977;13073;8145;58;-62;-114;-507;993;655;209;114;32;0
2018/10/02/14:03:33.702839;;;737;12865;8561;30;6;-110;-514;986;675;21;115;32;0
2018/10/02/14:03:33.719853;;;881;12609;8353;92;72;-8;-514;986;675;89;115;32;0
2018/10/02/14:03:33.731849;;;865;12433;7761;6;82;-124;-527;1000;689;174;115;32;0
2018/10/02/14:03:33.743845;;;817;12801;8241;-46;-34;-22;-527;1000;689;242;115;32;0
2018/10/02/14:03:33.756799;;;561;12961;8001;-48;64;-78;-527;1000;689;54;116;32;0
2018/10/02/14:03:33.772851;;;497;12913;7793;-58;2;76;-559;986;635;122;116;32;0
2018/10/02/14:03:33.784849;;;625;12897;8129;-52;-36;-12;-559;986;635;190;116;32;0
2018/10/02/14:03:33.797853;;;753;12817;7665;-62;-44;40;-546;1000;648;2;117;32;0
2018/10/02/14:03:33.813844;;;641;12961;7937;-76;150;10;-546;1000;648;87;117;32;0
2018/10/02/14:03:33.825843;;;529;12993;7921;-138;0;-22;-546;1000;648;155;117;32;0
2018/10/02/14:03:33.837857;;;625;12769;7345;28;-48;104;-552;1006;641;223;117;32;0
2018/10/02/14:03:33.854846;;;561;12977;8017;-68;14;4;-552;1006;641;35;118;32;0
2018/10/02/14:03:33.866854;;;625;12961;7681;100;28;-12;-501;967;628;103;118;32;0
2018/10/02/14:03:33.878850;;;753;13137;7825;-38;0;-22;-501;967;628;171;118;32;0
2018/10/02/14:03:33.891845;;;641;13153;8289;136;-104;10;-501;967;628;239;118;32;0
2018/10/02/14:03:33.907856;;;689;13121;7921;244;68;-20;-533;1000;655;51;119;32;0
2018/10/02/14:03:33.919858;;;577;13361;7729;128;2;48;-533;1000;655;119;119;32;0
2018/10/02/14:03:33.932852;;;785;13489;7537;104;150;-86;-533;928;668;187;119;32;0
2018/10/02/14:03:33.944852;;;865;13409;7857;242;64;-58;-533;928;668;255;119;32;0
2018/10/02/14:03:33.960879;;;641;13297;7697;208;44;22;-533;928;668;67;120;32;0
2018/10/02/14:03:33.973868;;;737;13121;7601;164;14;-64;-571;993;662;152;120;32;0
2018/10/02/14:03:33.985908;;;689;13457;7329;116;14;-110;-571;993;662;220;120;32;0
2018/10/02/14:03:33.997866;;;657;13393;7793;230;-118;-16;-559;993;682;32;121;32;0
2018/10/02/14:03:34.014853;;;833;13265;7409;134;6;108;-559;993;682;100;121;32;0
2018/10/02/14:03:34.026860;;;593;13457;7969;170;2;-182;-559;993;682;168;121;32;0
2018/10/02/14:03:34.038856;;;625;13249;7873;126;4;-174;-603;986;641;236;121;32;0
2018/10/02/14:03:34.050855;;;609;13249;7905;62;50;76;-603;986;641;48;122;32;0
2018/10/02/14:03:34.067852;;;529;13137;7553;78;28;-38;-565;1000;655;116;122;32;0
2018/10/02/14:03:34.079856;;;785;13185;7409;100;150;0;-565;1000;655;184;122;32;0
2018/10/02/14:03:34.091855;;;737;13201;7313;132;58;98;-565;1000;655;252;122;32;0
2018/10/02/14:03:34.104846;;;785;13313;7329;90;26;160;-546;1026;662;64;123;32;0
2018/10/02/14:03:34.116860;;;657;13537;6657;248;122;48;-546;1026;662;132;123;32;0
2018/10/02/14:03:34.132857;;;977;12977;7345;342;-28;-38;-552;986;655;200;123;32;0
2018/10/02/14:03:34.145848;;;401;12833;7905;232;40;182;-552;986;655;12;124;32;0
2018/10/02/14:03:34.157859;;;369;13249;7281;328;-46;-54;-552;986;655;80;124;32;0
2018/10/02/14:03:34.169853;;;417;13457;7601;334;64;56;-565;980;628;148;124;32;0
2018/10/02/14:03:34.186862;;;401;13665;7457;352;-8;42;-565;980;628;233;124;32;0
2018/10/02/14:03:34.203023;;;465;13585;7553;422;178;14;-559;1032;601;45;125;32;0
2018/10/02/14:03:34.211339;;;481;13569;6897;334;30;-88;-559;1032;601;113;125;32;0
2018/10/02/14:03:34.223163;;;177;13505;6993;476;62;-240;-559;1032;601;181;125;32;0
2018/10/02/14:03:34.240116;;;385;13521;6657;572;100;-148;-539;1026;608;249;125;32;0
2018/10/02/14:03:34.252048;;;433;13265;6769;488;144;-92;-539;1026;608;61;126;32;0
2018/10/02/14:03:34.264089;;;417;13425;6465;596;38;44;-565;1032;540;129;126;32;0
2018/10/02/14:03:34.277076;;;209;13457;6129;596;152;-208;-565;1032;540;197;126;32;0
2018/10/02/14:03:34.293071;;;161;13585;6193;574;-24;-42;-565;1032;540;9;127;32;0
2018/10/02/14:03:34.305216;;;17;13649;5617;670;40;-64;-565;1026;547;77;127;32;0
2018/10/02/14:03:34.317942;;;177;14113;5857;782;70;-86;-565;1026;547;145;127;32;0
2018/10/02/14:03:34.329985;;;-191;14209;5265;860;-14;-140;-571;1098;486;213;127;32;0
2018/10/02/14:03:34.346060;;;-367;14273;5185;886;88;-128;-571;1098;486;25;128;32;0
2018/10/02/14:03:34.359025;;;-127;14513;4785;866;-92;-70;-571;1098;486;93;128;32;0
2018/10/02/14:03:34.371347;;;-255;14625;4385;934;-62;38;-584;1098;452;161;128;32;0
2018/10/02/14:03:34.382969;;;1;14529;4705;1030;-236;-78;-584;1098;452;246;128;32;0
2018/10/02/14:03:34.399944;;;241;14929;4417;1066;-232;-92;-591;1091;412;58;129;32;0
2018/10/02/14:03:34.412013;;;-79;15009;3937;1066;-194;-184;-591;1091;412;126;129;32;0
2018/10/02/14:03:34.424169;;;65;15153;4417;1102;-340;-124;-591;1091;412;194;129;32;0
2018/10/02/14:03:34.436301;;;417;15137;3985;1072;-272;-202;-591;1130;412;6;130;32;0
2018/10/02/14:03:34.448901;;;257;15569;3569;1048;-280;-154;-591;1130;412;74;130;32;0
2018/10/02/14:03:34.465007;;;145;15633;4033;1112;-280;-134;-559;1124;358;142;130;32;0
2018/10/02/14:03:34.477006;;;145;15649;3377;1064;-428;-158;-559;1124;358;210;130;32;0
2018/10/02/14:03:34.490127;;;-63;15393;3297;1000;-376;-238;-559;1124;358;22;131;32;0
2018/10/02/14:03:34.502478;;;97;15729;3201;1052;-310;-230;-603;1163;324;90;131;32;0
2018/10/02/14:03:34.517936;;;1;15505;2673;998;-274;-270;-603;1163;324;158;131;32;0
2018/10/02/14:03:34.531042;;;113;15409;2913;998;-138;-208;-616;1150;256;226;131;32;0
2018/10/02/14:03:34.543001;;;49;15345;2641;998;-126;-206;-616;1150;256;38;132;32;0
2018/10/02/14:03:34.555327;;;33;15185;2497;856;-118;-206;-616;1150;256;106;132;32;0
2018/10/02/14:03:34.572292;;;81;15201;2129;902;16;-336;-597;1189;256;174;132;32;0
2018/10/02/14:03:34.583978;;;-415;15505;1857;850;30;-182;-597;1189;256;3;133;32;0
2018/10/02/14:03:34.596050;;;-447;15537;1745;762;130;-174;-603;1163;216;71;133;32;0
2018/10/02/14:03:34.608032;;;-351;15585;1361;564;60;-104;-603;1163;216;139;133;32;0
2018/10/02/14:03:34.625177;;;-399;15297;1249;436;130;-184;-603;1163;216;207;133;32;0
2018/10/02/14:03:34.637112;;;-479;15073;1665;380;76;-226;-597;1176;182;19;134;32;0
2018/10/02/14:03:34.649036;;;-319;15137;1345;268;138;-2;-597;1176;182;86;134;32;0
2018/10/02/14:03:34.662076;;;-239;15457;1393;242;72;48;-629;1137;216;154;134;32;0
2018/10/02/14:03:34.677964;;;1;15489;1153;224;162;-38;-629;1137;216;222;134;32;0
2018/10/02/14:03:34.690175;;;1;15969;1057;84;206;-40;-629;1137;216;34;135;32;0
2018/10/02/14:03:34.703383;;;65;15761;1009;46;190;166;-654;1156;175;102;135;32;0
2018/10/02/14:03:34.715001;;;-223;15857;785;-148;24;238;-654;1156;175;170;135;32;0
2018/10/02/14:03:34.726939;;;-207;16001;593;-16;204;174;-616;1196;135;238;135;32;0
2018/10/02/14:03:34.744071;;;-335;15793;849;-240;180;200;-616;1196;135;50;136;32;0
2018/10/02/14:03:34.756212;;;-15;15793;785;-232;190;306;-616;1196;135;118;136;32;0
2018/10/02/14:03:34.767932;;;-31;15745;817;-178;138;84;-603;1163;216;186;136;32;0
2018/10/02/14:03:34.779974;;;-239;15761;641;-124;76;82;-603;1163;216;254;136;32;0
2018/10/02/14:03:34.796998;;;-175;15729;529;-240;68;220;-584;1189;175;83;137;32;0
2018/10/02/14:03:34.809045;;;-159;15889;225;-92;0;116;-584;1189;175;151;137;32;0
2018/10/02/14:03:34.821325;;;-255;15761;625;-44;66;160;-584;1189;175;219;137;32;0
2018/10/02/14:03:34.833962;;;-239;15729;529;-116;42;20;-603;1215;148;31;138;32;0
2018/10/02/14:03:34.849952;;;-399;15617;657;106;-62;-70;-603;1215;148;99;138;32;0
2018/10/02/14:03:34.862092;;;-223;15537;881;0;-110;-100;-597;1189;209;167;138;32;0
2018/10/02/14:03:34.875105;;;-15;15473;913;76;-124;-86;-597;1189;209;235;138;32;0
2018/10/02/14:03:34.887067;;;-63;15697;1089;50;-82;-166;-597;1189;209;47;139;32;0
2018/10/02/14:03:34.903219;;;-255;15281;1089;118;-148;22;-603;1189;216;115;139;32;0
2018/10/02/14:03:34.916027;;;-111;15505;1137;4;-102;-42;-603;1189;216;183;139;32;0
2018/10/02/14:03:34.928013;;;-79;15185;945;84;-54;-28;-610;1183;195;251;139;32;0
2018/10/02/14:03:34.940111;;;-127;15265;785;88;52;-148;-610;1183;195;63;140;32;0
2018/10/02/14:03:34.957016;;;-127;15377;1249;62;-106;-58;-610;1183;195;131;140;32;0
2018/10/02/14:03:34.969069;;;-223;15297;1201;130;-140;-60;-597;1156;182;199;140;32;0
2018/10/02/14:03:34.981045;;;-223;15329;1233;-70;92;-222;-597;1156;182;11;141;32;0
2018/10/02/14:03:34.993128;;;-223;15185;1041;-40;-58;-138;-610;1183;182;96;141;32;0
2018/10/02/14:03:35.010011;;;-367;15377;1041;56;72;68;-610;1183;182;164;141;32;0
2018/10/02/14:03:35.022420;;;-287;15153;1201;46;138;-74;-610;1183;182;232;141;32;0
2018/10/02/14:03:35.033969;;;-239;15409;1025;56;-74;-6;-578;1163;182;44;142;32;0
2018/10/02/14:03:35.046895;;;-239;15489;1121;24;34;34;-578;1163;182;112;142;32;0
2018/10/02/14:03:35.058870;;;-271;15633;833;-6;-12;-58;-629;1189;209;180;142;32;0
2018/10/02/14:03:35.074882;;;-367;15857;1009;-18;0;-68;-629;1189;209;248;142;32;0
2018/10/02/14:03:35.087891;;;-287;15665;1073;26;26;28;-629;1189;209;60;143;32;0
2018/10/02/14:03:35.099870;;;-271;15505;721;-110;-56;56;-591;1202;175;128;143;32;0
2018/10/02/14:03:35.111861;;;-271;15505;881;-34;-12;-64;-591;1202;175;196;143;32;0
2018/10/02/14:03:35.128874;;;-447;15425;849;-122;-124;-12;-591;1189;209;8;144;32;0
2018/10/02/14:03:35.140888;;;-591;15809;817;-106;-18;116;-591;1189;209;76;144;32;0
2018/10/02/14:03:35.152859;;;-479;15697;1105;-70;-36;-148;-591;1189;209;144;144;32;0
2018/10/02/14:03:35.164862;;;-623;15665;737;-116;-128;-16;-578;1189;202;212;144;32;0
2018/10/02/14:03:35.181873;;;-399;15649;785;-82;-112;-36;-578;1189;202;24;145;32;0
2018/10/02/14:03:35.193820;;;-367;15681;1105;-150;44;110;-623;1183;189;92;145;32;0
2018/10/02/14:03:35.205889;;;-255;15793;1441;-206;86;82;-623;1183;189;177;145;32;0
2018/10/02/14:03:35.218876;;;-527;15681;1857;-304;-36;176;-635;1215;216;245;145;32;0
2018/10/02/14:03:35.234870;;;-719;15681;1953;-410;60;108;-635;1215;216;57;146;32;0
2018/10/02/14:03:35.246886;;;-255;15841;1985;-492;212;162;-635;1215;216;125;146;32;0
2018/10/02/14:03:35.259884;;;65;15985;1905;-508;148;76;-616;1183;222;193;146;32;0
2018/10/02/14:03:35.271872;;;241;15505;1681;-572;258;80;-616;1183;222;5;147;32;0
2018/10/02/14:03:35.287856;;;145;15361;1457;-644;264;34;-616;1183;222;73;147;32;0
2018/10/02/14:03:35.300873;;;97;15073;1489;-644;192;122;-571;1156;236;141;147;32;0
2018/10/02/14:03:35.312885;;;81;14705;1841;-924;42;274;-571;1156;236;209;147;32;0
2018/10/02/14:03:35.324865;;;161;14337;2641;-836;134;300;-533;1169;297;21;148;32;0
2018/10/02/14:03:35.337874;;;193;14961;2641;-850;54;228;-533;1169;297;89;148;32;0
2018/10/02/14:03:35.353885;;;-63;15377;3057;-822;128;342;-533;1169;297;157;148;32;0
2018/10/02/14:03:35.365868;;;-63;14961;3217;-924;208;408;-559;1150;283;225;148;32;0
2018/10/02/14:03:35.377871;;;-431;15153;3473;-1004;290;442;-559;1150;283;37;149;32;0
2018/10/02/14:03:35.390865;;;17;15265;3537;-1028;260;354;-552;1150;310;105;149;32;0
2018/10/02/14:03:35.406874;;;417;15041;3921;-1110;354;350;-552;1150;310;190;149;32;0
2018/10/02/14:03:35.418894;;;465;14945;3745;-1208;288;346;-552;1124;324;2;150;32;0
2018/10/02/14:03:35.431872;;;737;14817;4049;-1234;284;314;-552;1124;324;70;150;32;0
2018/10/02/14:03:35.443859;;;625;14993;4449;-1102;328;290;-552;1124;324;138;150;32;0
2018/10/02/14:03:35.459913;;;353;14833;4385;-1274;210;332;-539;1098;391;206;150;32;0
2018/10/02/14:03:35.472874;;;497;14753;4865;-1356;174;422;-539;1098;391;18;151;32;0
2018/10/02/14:03:35.484869;;;705;14673;4913;-1334;252;376;-539;1098;391;86;151;32;0
2018/10/02/14:03:35.496878;;;481;14337;5297;-1296;226;402;-501;1117;425;154;151;32;0
2018/10/02/14:03:35.513876;;;881;14481;5505;-1452;300;532;-501;1117;425;222;151;32;0
2018/10/02/14:03:35.525871;;;993;14161;5713;-1476;240;384;-527;1084;486;34;152;32;0
2018/10/02/14:03:35.537875;;;1377;14033;6337;-1444;332;416;-527;1084;486;102;152;32;0
2018/10/02/14:03:35.549862;;;1297;13985;6609;-1512;344;478;-527;1084;486;170;152;32;0
2018/10/02/14:03:35.566877;;;1297;13761;6737;-1470;312;330;-495;1078;533;238;152;32;0
2018/10/02/14:03:35.578876;;;1537;13841;7473;-1574;100;388;-495;1078;533;50;153;32;0
2018/10/02/14:03:35.590889;;;1553;13585;7793;-1536;206;346;-514;1013;581;118;153;32;0
2018/10/02/14:03:35.603869;;;1265;13393;8065;-1504;318;366;-514;1013;581;203;153;32;0
2018/10/02/14:03:35.619859;;;1409;13505;8449;-1546;312;472;-552;1006;614;15;154;32;0
2018/10/02/14:03:35.631864;;;1393;13105;8801;-1468;362;252;-552;1006;614;83;154;32;0
2018/10/02/14:03:35.644871;;;1537;13233;8833;-1494;212;294;-552;1006;614;151;154;32;0
2018/10/02/14:03:35.656881;;;1393;13089;8769;-1468;308;242;-546;967;729;219;154;32;0
2018/10/02/14:03:35.668877;;;1633;12737;9073;-1298;298;112;-546;967;729;31;155;32;0
2018/10/02/14:03:35.685890;;;1281;12721;9521;-1332;260;192;-546;967;729;99;155;32;0
2018/10/02/14:03:35.697881;;;1281;12545;9505;-1340;208;226;-514;960;736;167;155;32;0
2018/10/02/14:03:35.709877;;;993;12289;10081;-1358;218;56;-514;960;736;235;155;32;0
2018/10/02/14:03:35.722871;;;1057;11633;10497;-1470;126;100;-527;901;756;47;156;32;0
2018/10/02/14:03:35.738897;;;1105;11265;10881;-1534;164;38;-527;901;756;115;156;32;0
2018/10/02/14:03:35.750873;;;1393;10881;11025;-1512;164;100;-527;901;756;183;156;32;0
2018/10/02/14:03:35.762876;;;1729;10609;11617;-1476;224;212;-514;849;797;251;156;32;0
2018/10/02/14:03:35.775870;;;1553;10433;11569;-1476;262;76;-514;849;797;63;157;32;0
2018/10/02/14:03:35.791876;;;1825;10129;11441;-1636;326;218;-507;777;891;131;157;32;0
2018/10/02/14:03:35.803873;;;1553;9745;11537;-1550;138;206;-507;777;891;216;157;32;0
2018/10/02/14:03:35.816883;;;1329;9185;11793;-1692;370;140;-514;745;898;28;158;32;0
2018/10/02/14:03:35.828881;;;1041;9265;11953;-1590;88;216;-514;745;898;96;158;32;0
2018/10/02/14:03:35.844872;;;1201;9217;12497;-1460;92;270;-514;745;898;164;158;32;0
2018/10/02/14:03:35.857892;;;1297;8881;12577;-1584;30;228;-507;699;939;232;158;32;0
2018/10/02/14:03:35.869882;;;1137;8209;13297;-1736;84;270;-507;699;939;44;159;32;0
2018/10/02/14:03:35.881894;;;1841;8033;13857;-1834;56;254;-507;699;939;112;159;32;0
2018/10/02/14:03:35.898878;;;1409;7441;13809;-1816;84;466;-520;627;1020;180;159;32;0
2018/10/02/14:03:35.910877;;;1553;7313;14049;-1770;236;304;-520;627;1020;248;159;32;0
2018/10/02/14:03:35.922874;;;1889;7121;13937;-1798;376;154;-514;581;1006;60;160;32;0
2018/10/02/14:03:35.935870;;;1617;7025;14401;-1714;430;224;-514;581;1006;128;160;32;0
2018/10/02/14:03:35.947885;;;1313;6481;14257;-1694;422;332;-514;581;1006;196;160;32;0
2018/10/02/14:03:35.963877;;;1665;6305;14097;-1538;416;224;-546;522;1040;8;161;32;0
2018/10/02/14:03:35.975873;;;1281;5633;14657;-1558;402;60;-546;522;1040;76;161;32;0
2018/10/02/14:03:35.988885;;;1089;5233;14353;-1538;420;158;-501;464;1108;144;161;32;0
2018/10/02/14:03:36.000872;;;993;4401;14513;-1468;388;282;-501;464;1108;212;161;32;0
2018/10/02/14:03:36.016884;;;1009;3937;14689;-1390;400;230;-533;411;1081;41;162;32;0
2018/10/02/14:03:36.029887;;;609;3697;14593;-1448;456;112;-533;411;1081;109;162;32;0
2018/10/02/14:03:36.041878;;;705;4337;14385;-1246;296;308;-533;411;1081;177;162;32;0
2018/10/02/14:03:36.053874;;;513;3441;15025;-1342;396;146;-597;333;1108;245;162;32;0
2018/10/02/14:03:36.070879;;;561;3281;14337;-1316;332;202;-597;333;1108;57;163;32;0
2018/10/02/14:03:36.082878;;;497;2433;14849;-1342;282;126;-597;333;1108;125;163;32;0
2018/10/02/14:03:36.094875;;;721;2049;15265;-1462;288;238;-552;300;1155;193;163;32;0
2018/10/02/14:03:36.107887;;;577;1505;15281;-1478;156;224;-552;300;1155;4;164;32;0
2018/10/02/14:03:36.123875;;;433;1489;15649;-1396;188;258;-578;235;1121;72;164;32;0
2018/10/02/14:03:36.135872;;;401;1441;15441;-1264;206;238;-578;235;1121;140;164;32;0
2018/10/02/14:03:36.147904;;;145;1105;15697;-1228;130;298;-578;235;1121;208;164;32;0
2018/10/02/14:03:36.160900;;;17;801;15665;-1140;114;224;-603;202;1168;20;165;32;0
2018/10/02/14:03:36.176904;;;225;1009;15233;-966;116;276;-603;202;1168;88;165;32;0
2018/10/02/14:03:36.188906;;;1;513;15809;-904;144;318;-584;150;1162;156;165;32;0
2018/10/02/14:03:36.201901;;;-111;385;15713;-858;244;386;-584;150;1162;224;165;32;0
2018/10/02/14:03:36.213899;;;225;1;15809;-738;206;168;-603;91;1148;53;166;32;0
2018/10/02/14:03:36.229881;;;657;193;16001;-832;176;126;-603;91;1148;121;166;32;0
2018/10/02/14:03:36.242883;;;529;-495;16529;-696;198;50;-603;91;1148;189;166;32;0
2018/10/02/14:03:36.254876;;;385;-591;16273;-616;132;58;-623;71;1182;1;167;32;0
2018/10/02/14:03:36.266886;;;257;-495;16113;-446;126;84;-623;71;1182;69;167;32;0
2018/10/02/14:03:36.279886;;;305;-383;15889;-344;172;32;-623;71;1182;120;167;32;0
2018/10/02/14:03:36.295879;;;-175;-495;15665;-120;216;-104;-610;98;1202;205;167;32;0
2018/10/02/14:03:36.307910;;;-255;-415;15409;-120;134;-124;-610;98;1202;17;168;32;0
2018/10/02/14:03:36.324901;;;-383;-623;15073;0;226;-158;-616;52;1148;102;168;32;0
2018/10/02/14:03:36.336904;;;-303;-543;14785;72;108;-158;-616;52;1148;170;168;32;0
2018/10/02/14:03:36.348905;;;-95;-911;14881;78;144;-378;-616;39;1202;238;168;32;0
2018/10/02/14:03:36.365900;;;81;-927;15249;92;-34;-228;-616;39;1202;50;169;32;0
2018/10/02/14:03:36.377906;;;-111;-639;15473;234;-22;-162;-616;39;1202;118;169;32;0
2018/10/02/14:03:36.389909;;;449;-319;15617;176;-148;-150;-623;39;1189;186;169;32;0
2018/10/02/14:03:36.401902;;;289;-463;15969;18;-44;-204;-623;39;1189;254;169;32;0
2018/10/02/14:03:36.418877;;;177;-287;16097;120;-10;-286;-597;19;1148;66;170;32;0
2018/10/02/14:03:36.430906;;;81;-319;16225;50;-98;-240;-597;19;1148;134;170;32;0
2018/10/02/14:03:36.442906;;;33;-223;15809;-92;-16;-184;-597;19;1148;202;170;32;0
2018/10/02/14:03:36.455901;;;1;-287;15761;-156;18;-78;-648;13;1195;31;171;32;0
2018/10/02/14:03:36.467908;;;-47;-287;15921;-124;62;-32;-648;13;1195;99;171;32;0
2018/10/02/14:03:36.483906;;;145;-463;15745;-340;-12;-62;-654;26;1195;167;171;32;0
2018/10/02/14:03:36.496970;;;-47;-527;15889;-422;96;-32;-654;26;1195;235;171;32;0
2018/10/02/14:03:36.508932;;;305;-511;16081;-454;-10;60;-654;26;1195;47;172;32;0
2018/10/02/14:03:36.520900;;;385;-607;15953;-428;84;16;-616;26;1135;115;172;32;0
2018/10/02/14:03:36.537915;;;161;-927;16177;-528;10;44;-616;26;1135;183;172;32;0
2018/10/02/14:03:36.549937;;;97;-703;15825;-510;50;-34;-603;6;1189;251;172;32;0
2018/10/02/14:03:36.562066;;;65;-815;16097;-572;-98;74;-603;6;1189;63;173;32;0
2018/10/02/14:03:36.573973;;;-95;-831;16161;-634;64;154;-603;6;1189;131;173;32;0
2018/10/02/14:03:36.590955;;;17;-1311;16241;-632;-26;40;-616;-19;1175;199;173;32;0
2018/10/02/14:03:36.603081;;;-15;-1503;16161;-790;96;-78;-616;-19;1175;11;174;32;0
2018/10/02/14:03:36.615151;;;129;-1823;16177;-778;-86;62;-603;-71;1202;79;174;32;0
2018/10/02/14:03:36.628226;;;113;-1887;16305;-804;72;78;-603;-71;1202;147;174;32;0
2018/10/02/14:03:36.644414;;;225;-2287;16273;-890;-60;184;-603;-71;1202;215;174;32;0
2018/10/02/14:03:36.656009;;;385;-2367;15889;-852;114;104;-648;-78;1175;27;175;32;0
2018/10/02/14:03:36.669052;;;193;-2687;16273;-860;62;126;-648;-78;1175;112;175;32;0
2018/10/02/14:03:36.681065;;;97;-2671;16017;-832;90;96;-591;-143;1182;180;175;32;0
2018/10/02/14:03:36.697094;;;97;-3023;16081;-794;20;-16;-591;-143;1182;248;175;32;0
2018/10/02/14:03:36.710388;;;113;-3295;15841;-822;-12;112;-591;-143;1182;60;176;32;0
2018/10/02/14:03:36.721992;;;97;-3663;15777;-822;28;50;-648;-156;1168;128;176;32;0
2018/10/02/14:03:36.734048;;;-79;-3711;15825;-846;-28;200;-648;-156;1168;196;176;32;0
2018/10/02/14:03:36.746191;;;33;-3935;15649;-902;-32;200;-642;-169;1135;8;177;32;0
2018/10/02/14:03:36.763190;;;145;-3951;15841;-846;50;216;-642;-169;1135;76;177;32;0
2018/10/02/14:03:36.775186;;;353;-4127;15841;-796;-26;200;-642;-169;1135;144;177;32;0
2018/10/02/14:03:36.786933;;;209;-4287;15681;-950;-48;302;-629;-222;1155;212;177;32;0
2018/10/02/14:03:36.799948;;;97;-4175;15969;-840;22;386;-629;-222;1155;24;178;32;0
2018/10/02/14:03:36.816104;;;65;-4607;15633;-1140;52;230;-648;-267;1141;92;178;32;0
2018/10/02/14:03:36.828248;;;81;-4815;15633;-1118;68;336;-648;-267;1141;160;178;32;0
2018/10/02/14:03:36.841020;;;-207;-4959;16065;-1208;90;182;-648;-267;1141;228;178;32;0
2018/10/02/14:03:36.853003;;;-95;-5343;15313;-1358;144;304;-635;-333;1168;40;179;32;0
2018/10/02/14:03:36.869055;;;-447;-5871;14913;-1442;64;260;-635;-333;1168;125;179;32;0
2018/10/02/14:03:36.882070;;;-399;-5903;14785;-1542;112;300;-635;-333;1141;193;179;32;0
2018/10/02/14:03:36.894358;;;-495;-6255;14593;-1642;162;314;-635;-333;1141;5;180;32;0
2018/10/02/14:03:36.905991;;;-543;-6591;14449;-1678;108;270;-635;-333;1141;73;180;32;0
2018/10/02/14:03:36.922904;;;-367;-6511;14209;-1690;-52;168;-674;-444;1168;141;180;32;0
2018/10/02/14:03:36.934890;;;-31;-7039;14449;-1624;138;394;-674;-444;1168;209;180;32;0
2018/10/02/14:03:36.946907;;;-399;-7503;14257;-1660;36;232;-661;-470;1094;21;181;32;0
2018/10/02/14:03:36.958924;;;-495;-7935;13857;-1666;200;194;-661;-470;1094;89;181;32;0
2018/10/02/14:03:36.975904;;;-479;-8319;13889;-1714;146;106;-661;-470;1094;157;181;32;0
2018/10/02/14:03:36.987905;;;-543;-8767;13361;-1778;-6;206;-693;-575;1027;225;181;32;0
2018/10/02/14:03:36.999906;;;-687;-9183;13537;-1760;106;206;-693;-575;1027;37;182;32;0
2018/10/02/14:03:37.012890;;;-831;-9567;12897;-1732;150;186;-661;-601;1074;105;182;32;0
2018/10/02/14:03:37.028879;;;-511;-9599;13233;-1720;62;226;-661;-601;1074;173;182;32;0
2018/10/02/14:03:37.040928;;;-351;-10127;12401;-1722;32;196;-661;-601;1074;241;182;32;0
2018/10/02/14:03:37.053887;;;-687;-10047;12609;-1810;52;212;-699;-666;1006;53;183;32;0
2018/10/02/14:03:37.065959;;;-783;-10575;12609;-1774;40;154;-699;-666;1006;138;183;32;0
2018/10/02/14:03:37.077896;;;-415;-11263;11361;-1766;160;210;-635;-712;1000;206;183;32;0
2018/10/02/14:03:37.094907;;;-479;-11887;12177;-1710;134;234;-635;-712;1000;18;184;32;0
2018/10/02/14:03:37.106898;;;-1023;-12111;11297;-1742;48;298;-635;-712;1000;86;184;32;0
2018/10/02/14:03:37.118897;;;-623;-11631;11553;-1834;40;304;-693;-764;952;154;184;32;0
2018/10/02/14:03:37.130885;;;-719;-12335;10881;-1732;178;286;-693;-764;952;222;184;32;0
2018/10/02/14:03:37.147897;;;-607;-12191;11281;-1716;102;254;-693;-810;891;34;185;32;0
2018/10/02/14:03:37.159918;;;-991;-12655;10481;-1754;-4;276;-693;-810;891;102;185;32;0
2018/10/02/14:03:37.171890;;;-1503;-13135;9841;-1728;134;358;-693;-810;891;170;185;32;0
2018/10/02/14:03:37.184895;;;-799;-13135;10289;-1850;132;320;-718;-882;851;238;185;32;0
2018/10/02/14:03:37.200894;;;-815;-12847;9761;-1826;216;398;-718;-882;851;50;186;32;0
2018/10/02/14:03:37.212896;;;-847;-13007;9649;-1904;112;374;-699;-947;797;118;186;32;0
2018/10/02/14:03:37.225889;;;-1295;-13887;9713;-1772;234;310;-699;-947;797;186;186;32;0
2018/10/02/14:03:37.237898;;;-1775;-14207;8177;-1842;238;310;-699;-947;797;254;186;32;0
2018/10/02/14:03:37.253891;;;-1743;-14207;7729;-1694;238;228;-718;-973;722;66;187;32;0
2018/10/02/14:03:37.266929;;;-1999;-14271;7089;-1692;168;254;-718;-973;722;151;187;32;0
2018/10/02/14:03:37.278916;;;-2303;-14239;6129;-1618;208;266;-731;-986;689;219;187;32;0
2018/10/02/14:03:37.290891;;;-2047;-14415;6385;-1592;174;176;-731;-986;689;31;188;32;0
2018/10/02/14:03:37.307879;;;-2095;-14591;6305;-1716;20;260;-731;-986;689;99;188;32;0
2018/10/02/14:03:37.320024;;;-2287;-15087;5761;-1618;64;120;-744;-1052;614;167;188;32;0
2018/10/02/14:03:37.332144;;;-2031;-15519;6001;-1672;136;30;-744;-1052;614;235;188;32;0
2018/10/02/14:03:37.344366;;;-2063;-15711;5217;-1558;86;-102;-744;-1065;574;47;189;32;0
2018/10/02/14:03:37.356959;;;-2143;-15903;5329;-1508;36;34;-744;-1065;574;115;189;32;0
2018/10/02/14:03:37.373020;;;-2207;-16063;4913;-1376;64;20;-744;-1065;574;183;189;32;0
2018/10/02/14:03:37.385054;;;-1919;-16175;4545;-1270;12;-22;-757;-1098;506;251;189;32;0
2018/10/02/14:03:37.398134;;;-1663;-16159;4593;-1052;106;-128;-757;-1098;506;63;190;32;0
2018/10/02/14:03:37.410121;;;-1615;-16559;3825;-932;128;-208;-769;-1137;493;131;190;32;0
2018/10/02/14:03:37.426183;;;-1823;-16527;3889;-1004;188;-382;-769;-1137;493;199;190;32;0
2018/10/02/14:03:37.439008;;;-2159;-16415;3297;-832;50;-316;-769;-1137;493;11;191;32;0
2018/10/02/14:03:37.451053;;;-2031;-16591;3425;-818;92;-120;-776;-1137;452;79;191;32;0
2018/10/02/14:03:37.463180;;;-1967;-16271;3153;-752;90;-140;-776;-1137;452;147;191;32;0
2018/10/02/14:03:37.480164;;;-1935;-16495;3089;-810;80;-252;-744;-1150;425;232;191;32;0
2018/10/02/14:03:37.491956;;;-1919;-16607;2801;-786;116;-274;-744;-1150;425;44;192;32;0
2018/10/02/14:03:37.504049;;;-1471;-16863;2609;-794;170;-262;-744;-1150;425;112;192;32;0
2018/10/02/14:03:37.516087;;;-1759;-16959;2593;-828;14;-198;-744;-1183;391;180;192;32;0
2018/10/02/14:03:37.533111;;;-1631;-16575;2497;-914;20;-292;-744;-1183;391;248;192;32;0
2018/10/02/14:03:37.545762;;;-1407;-16735;2577;-844;68;-318;-731;-1183;351;60;193;32;0
2018/10/02/14:03:37.557019;;;-1567;-17119;2865;-988;0;-184;-731;-1183;351;127;193;32;0
2018/10/02/14:03:37.570034;;;-1535;-17263;2369;-938;12;-142;-731;-1183;351;195;193;32;0
2018/10/02/14:03:37.586057;;;-1487;-17535;2001;-984;82;-238;-718;-1202;310;7;194;32;0
2018/10/02/14:03:37.598067;;;-1375;-17647;2817;-966;100;-198;-718;-1202;310;75;194;32;0
2018/10/02/14:03:37.611299;;;-1439;-18143;2097;-870;106;-174;-706;-1209;256;143;194;32;0
2018/10/02/14:03:37.623022;;;-1663;-17583;2225;-850;122;-146;-706;-1209;256;211;194;32;0
2018/10/02/14:03:37.638974;;;-1327;-17855;1921;-916;318;-38;-706;-1209;256;23;195;32;0
2018/10/02/14:03:37.652111;;;-1439;-17615;801;-760;200;-102;-725;-1196;243;91;195;32;0
2018/10/02/14:03:37.664217;;;-1695;-17871;881;-504;254;-48;-725;-1196;243;159;195;32;0
2018/10/02/14:03:37.675984;;;-943;-17567;-383;-610;168;-86;-654;-1196;229;244;195;32;0
2018/10/02/14:03:37.687925;;;-1151;-17695;225;-498;210;18;-654;-1196;229;56;196;32;0
2018/10/02/14:03:37.704898;;;-1247;-17679;-111;-300;40;-124;-654;-1196;229;124;196;32;0
2018/10/02/14:03:37.716928;;;-1135;-17391;-543;-312;86;-6;-686;-1241;162;192;196;32;0
2018/10/02/14:03:37.728935;;;-895;-17871;-767;-278;-22;-82;-686;-1241;162;4;197;32;0
2018/10/02/14:03:37.741902;;;-879;-17807;-543;-198;-84;-110;-654;-1196;175;72;197;32;0
2018/10/02/14:03:37.757907;;;-863;-17263;1089;-240;-4;-184;-654;-1196;175;140;197;32;0
2018/10/02/14:03:37.769907;;;-783;-17215;97;-230;-96;-108;-654;-1196;175;208;197;32;0
2018/10/02/14:03:37.782889;;;-1071;-17535;225;-194;38;-74;-693;-1261;141;20;198;32;0
2018/10/02/14:03:37.794900;;;-783;-17791;417;-240;-12;-184;-693;-1261;141;88;198;32;0
2018/10/02/14:03:37.810903;;;-959;-17887;-607;-222;66;-152;-680;-1215;148;156;198;32;0
2018/10/02/14:03:37.823897;;;-847;-18111;49;-96;164;-212;-680;-1215;148;224;198;32;0
2018/10/02/14:03:37.835938;;;-879;-17919;-479;-156;-6;12;-680;-1215;148;36;199;32;0
2018/10/02/14:03:37.847915;;;-703;-17423;945;-156;26;-38;-693;-1222;168;104;199;32;0
2018/10/02/14:03:37.864903;;;-495;-18175;-223;-88;-142;-14;-693;-1222;168;172;199;32;0
2018/10/02/14:03:37.876908;;;-1023;-17887;-591;10;126;-16;-699;-1241;189;240;199;32;0
2018/10/02/14:03:37.888906;;;-639;-17343;-47;-70;42;14;-699;-1241;189;69;200;32;0
2018/10/02/14:03:37.900899;;;-911;-17471;-527;-6;38;64;-699;-1241;189;137;200;32;0
2018/10/02/14:03:37.917889;;;-943;-17455;-367;68;44;50;-725;-1235;162;205;200;32;0
2018/10/02/14:03:37.929909;;;-527;-17215;-239;6;60;6;-725;-1235;162;17;201;32;0
2018/10/02/14:03:37.941905;;;-751;-17375;-527;58;134;-8;-674;-1254;94;85;201;32;0
2018/10/02/14:03:37.954917;;;-927;-17343;-191;6;38;126;-674;-1254;94;153;201;32;0
2018/10/02/14:03:37.966907;;;-1023;-17215;-79;-44;52;100;-674;-1254;94;221;201;32;0
2018/10/02/14:03:37.982898;;;-943;-17071;-159;46;40;10;-699;-1261;108;16;202;32;0
2018/10/02/14:03:37.995901;;;-1103;-16879;-255;-16;0;-44;-699;-1261;108;101;202;32;0
2018/10/02/14:03:38.007917;;;-1375;-17023;-415;-52;140;28;-648;-1248;135;169;202;32;0
2018/10/02/14:03:38.019899;;;-1039;-16991;-223;-32;68;-128;-648;-1248;135;237;202;32;0
2018/10/02/14:03:38.036936;;;-1055;-17023;-255;20;-6;-126;-648;-1248;135;49;203;32;0
2018/10/02/14:03:38.048911;;;-1007;-17263;-575;28;26;-52;-693;-1254;121;117;203;32;0
2018/10/02/14:03:38.060906;;;-735;-17119;-351;-14;-16;114;-693;-1254;121;185;203;32;0
2018/10/02/14:03:38.072899;;;-975;-17215;-399;4;-58;-2;-654;-1235;135;253;203;32;0
2018/10/02/14:03:38.089918;;;-1263;-17391;-191;0;16;-50;-654;-1235;135;82;204;32;0
2018/10/02/14:03:38.101924;;;-1119;-17263;-127;60;160;-124;-654;-1235;135;150;204;32;0
2018/10/02/14:03:38.113901;;;-1247;-17135;-191;36;90;-78;-693;-1248;87;218;204;32;0
2018/10/02/14:03:38.126908;;;-623;-17343;17;70;68;68;-693;-1248;87;30;205;32;0
2018/10/02/14:03:38.142907;;;-927;-17487;-143;42;102;12;-693;-1248;148;98;205;32;0
2018/10/02/14:03:38.154898;;;-831;-17375;-543;-14;-34;-60;-693;-1248;148;166;205;32;0
2018/10/02/14:03:38.167910;;;-623;-17135;-287;-14;-26;48;-693;-1248;148;234;205;32;0
2018/10/02/14:03:38.179904;;;-943;-17327;-399;46;56;-64;-674;-1281;135;46;206;32;0
2018/10/02/14:03:38.195910;;;-863;-17215;-63;-40;34;68;-674;-1281;135;114;206;32;0
2018/10/02/14:03:38.208911;;;-895;-17215;-111;-12;-70;82;-706;-1248;148;182;206;32;0
2018/10/02/14:03:38.220908;;;-1055;-17343;-303;-62;32;-142;-706;-1248;148;250;206;32;0
2018/10/02/14:03:38.232907;;;-879;-17119;1;-148;124;28;-706;-1248;148;62;207;32;0
2018/10/02/14:03:38.249893;;;-1039;-17471;-623;-66;46;64;-693;-1254;114;130;207;32;0
2018/10/02/14:03:38.261905;;;-847;-17231;-431;-130;50;78;-693;-1254;114;198;207;32;0
2018/10/02/14:03:38.273904;;;-767;-17087;-383;-82;-86;50;-699;-1235;121;10;208;32;0
2018/10/02/14:03:38.285964;;;-1023;-17279;-607;2;68;-40;-699;-1235;121;95;208;32;0
2018/10/02/14:03:38.298906;;;-815;-17055;-671;-80;44;40;-699;-1235;121;163;208;32;0
2018/10/02/14:03:38.314895;;;-959;-17023;-431;-42;10;76;-654;-1241;128;231;208;32;0
2018/10/02/14:03:38.326912;;;-927;-17087;-639;-28;22;28;-654;-1241;128;43;209;32;0
2018/10/02/14:03:38.339909;;;-1055;-17055;-463;-66;84;86;-686;-1228;108;111;209;32;0
2018/10/02/14:03:38.351902;;;-1183;-17327;-591;10;122;-106;-686;-1228;108;179;209;32;0
2018/10/02/14:03:38.367907;;;-1183;-17151;-575;-152;60;-50;-686;-1228;108;247;209;32;0
2018/10/02/14:03:38.380907;;;-991;-17135;-655;-54;24;52;-674;-1215;128;59;210;32;0
2018/10/02/14:03:38.392902;;;-1055;-17183;-735;-10;-58;-150;-674;-1215;128;127;210;32;0
2018/10/02/14:03:38.404901;;;-1039;-17343;-767;30;-68;34;-680;-1202;94;195;210;32;0
2018/10/02/14:03:38.421924;;;-559;-17215;-751;68;134;50;-680;-1202;94;7;211;32;0
2018/10/02/14:03:38.433925;;;-1023;-17247;-639;130;-26;-34;-680;-1202;94;75;211;32;0
2018/10/02/14:03:38.445933;;;-943;-16991;-543;80;46;-50;-686;-1215;108;143;211;32;0
2018/10/02/14:03:38.457923;;;-847;-16879;-607;48;-82;34;-686;-1215;108;211;211;32;0
2018/10/02/14:03:38.475040;;;-1071;-16767;-735;112;-6;-176;-693;-1215;168;23;212;32;0
2018/10/02/14:03:38.487044;;;-1151;-16895;-511;-22;-48;48;-693;-1215;168;91;212;32;0
2018/10/02/14:03:38.499205;;;-847;-17071;-575;-8;10;-96;-693;-1215;168;176;212;32;0
2018/10/02/14:03:38.512137;;;-991;-17359;-591;10;-12;-204;-674;-1248;128;244;212;32;0
2018/10/02/14:03:38.528540;;;-559;-17471;-415;36;48;-76;-674;-1248;128;56;213;32;0
2018/10/02/14:03:38.540027;;;-1103;-17503;-559;-8;88;-108;-680;-1254;148;124;213;32;0
2018/10/02/14:03:38.553141;;;-655;-17407;-399;22;-74;34;-680;-1254;148;192;213;32;0
2018/10/02/14:03:38.565351;;;-863;-17663;-127;-58;-116;-44;-680;-1254;148;4;214;32;0
2018/10/02/14:03:38.577002;;;-703;-17631;-719;18;-32;-92;-706;-1248;128;72;214;32;0
2018/10/02/14:03:38.594085;;;-479;-17631;-143;130;-48;-50;-706;-1248;128;140;214;32;0
2018/10/02/14:03:38.606228;;;-959;-17503;-303;-8;100;-10;-718;-1248;101;208;214;32;0
2018/10/02/14:03:38.618085;;;-943;-17423;-271;-44;130;-88;-718;-1248;101;20;215;32;0
2018/10/02/14:03:38.630315;;;-1119;-17327;-511;-62;88;-162;-718;-1248;101;88;215;32;0
2018/10/02/14:03:38.647195;;;-1151;-17151;-655;-76;-78;108;-699;-1267;74;156;215;32;0
2018/10/02/14:03:38.659000;;;-1263;-17375;-639;28;40;-74;-699;-1267;74;224;215;32;0
2018/10/02/14:03:38.671089;;;-1023;-17343;-831;28;0;-36;-680;-1267;114;36;216;32;0
2018/10/02/14:03:38.684174;;;-927;-17423;-447;90;0;10;-680;-1267;114;104;216;32;0
2018/10/02/14:03:38.700203;;;-1119;-17695;-287;108;-14;104;-680;-1267;114;189;216;32;0
2018/10/02/14:03:38.712228;;;-1135;-17775;-671;132;114;72;-699;-1235;108;1;217;32;0
2018/10/02/14:03:38.725054;;;-1007;-17759;-303;228;48;-48;-699;-1235;108;69;217;32;0
2018/10/02/14:03:38.737087;;;-959;-17919;-655;252;36;-26;-661;-1261;162;137;217;32;0
2018/10/02/14:03:38.753252;;;-1023;-17871;-527;346;138;-44;-661;-1261;162;205;217;32;0
2018/10/02/14:03:38.766320;;;-1055;-18079;-159;474;80;-54;-661;-1261;162;17;218;32;0
2018/10/02/14:03:38.778121;;;-1151;-18111;-703;548;62;-100;-686;-1222;168;85;218;32;0
2018/10/02/14:03:38.790089;;;-1295;-17919;-559;772;68;-124;-686;-1222;168;153;218;32;0
2018/10/02/14:03:38.807031;;;-751;-17951;-655;908;100;-172;-642;-1235;141;221;218;32;0
2018/10/02/14:03:38.819086;;;-703;-17823;-143;970;142;-62;-642;-1235;141;33;219;32;0
2018/10/02/14:03:38.835141;;;-703;-17711;113;1110;34;-152;-642;-1235;141;118;219;32;0
2018/10/02/14:03:38.847973;;;-671;-17535;417;1310;48;-44;-693;-1248;216;186;219;32;0
2018/10/02/14:03:38.859938;;;-575;-17279;849;1254;-68;-106;-693;-1248;216;254;219;32;0
2018/10/02/14:03:38.871930;;;-415;-17263;1505;1394;68;-316;-642;-1215;250;66;220;32;0
2018/10/02/14:03:38.889112;;;177;-17231;1809;1264;10;-244;-642;-1215;250;134;220;32;0
2018/10/02/14:03:38.901168;;;-127;-17407;2369;1388;-112;-184;-642;-1215;250;202;220;32;0
2018/10/02/14:03:38.913413;;;-191;-17039;2545;1460;-254;-116;-693;-1235;283;14;221;32;0
2018/10/02/14:03:38.925053;;;-159;-17119;3361;1478;-56;-206;-693;-1235;283;82;221;32;0
2018/10/02/14:03:38.942042;;;-303;-16879;3809;1436;-34;-234;-616;-1254;337;167;221;32;0
2018/10/02/14:03:38.954333;;;-367;-16687;3889;1476;72;-200;-616;-1254;337;235;221;32;0
2018/10/02/14:03:38.966295;;;-287;-16495;3985;1496;-74;-108;-654;-1222;459;47;222;32;0
2018/10/02/14:03:38.979335;;;-63;-16511;4337;1556;48;-222;-654;-1222;459;115;222;32;0
2018/10/02/14:03:38.995315;;;-287;-16415;4705;1552;38;-232;-654;-1222;459;183;222;32;0
2018/10/02/14:03:39.007041;;;-463;-16127;4817;1462;34;-100;-623;-1202;506;251;222;32;0
2018/10/02/14:03:39.020125;;;-127;-16111;5377;1534;42;-204;-623;-1202;506;62;223;32;0
2018/10/02/14:03:39.032224;;;113;-15727;6097;1718;126;-156;-623;-1202;506;130;223;32;0
2018/10/02/14:03:39.048254;;;17;-15727;6337;1694;28;-174;-635;-1202;567;198;223;32;0
2018/10/02/14:03:39.065262;;;65;-15727;6209;1790;14;-78;-635;-1202;567;10;224;32;0
2018/10/02/14:03:39.073018;;;321;-15647;6785;1900;56;-242;-616;-1137;628;78;224;32;0
2018/10/02/14:03:39.085348;;;401;-15583;6849;1896;-36;-256;-616;-1137;628;146;224;32;0
2018/10/02/14:03:39.097297;;;385;-15567;7489;1960;20;-370;-616;-1137;628;214;224;32;0
2018/10/02/14:03:39.114372;;;737;-15231;7393;1902;-6;-400;-629;-1098;695;26;225;32;0
2018/10/02/14:03:39.126108;;;609;-14943;7985;2122;26;-228;-629;-1098;695;94;225;32;0
2018/10/02/14:03:39.138058;;;353;-14815;8449;2190;14;-352;-597;-1071;756;179;225;32;0
2018/10/02/14:03:39.151039;;;497;-14335;8385;2188;12;-344;-597;-1071;756;247;225;32;0
2018/10/02/14:03:39.167112;;;641;-13903;9281;2364;66;-344;-565;-1026;858;59;226;32;0
2018/10/02/14:03:39.179456;;;929;-13183;10017;2196;46;-320;-565;-1026;858;127;226;32;0
2018/10/02/14:03:39.192010;;;977;-12735;10305;2310;14;-288;-565;-1026;858;195;226;32;0
2018/10/02/14:03:39.204062;;;977;-11919;10817;2276;98;-324;-616;-941;885;7;227;32;0
2018/10/02/14:03:39.220054;;;609;-11743;11377;2290;38;-548;-616;-941;885;75;227;32;0
2018/10/02/14:03:39.233201;;;449;-11583;11313;2218;272;-358;-616;-941;885;143;227;32;0
2018/10/02/14:03:39.244979;;;513;-11359;11313;2194;222;-296;-584;-862;945;211;227;32;0
2018/10/02/14:03:39.256954;;;641;-11295;11217;2210;238;-312;-584;-862;945;23;228;32;0
2018/10/02/14:03:39.274076;;;849;-10639;11713;2086;-4;-362;-578;-816;986;91;228;32;0
2018/10/02/14:03:39.285868;;;785;-10639;12241;2062;146;-282;-578;-816;986;159;228;32;0
2018/10/02/14:03:39.297940;;;961;-10063;11985;1982;108;-322;-578;-816;986;227;228;32;0
2018/10/02/14:03:39.309938;;;273;-9615;12817;1830;80;-254;-591;-758;1067;39;229;32;0
2018/10/02/14:03:39.326874;;;289;-8751;12689;1898;100;-240;-591;-758;1067;107;229;32;0
2018/10/02/14:03:39.338939;;;433;-8415;12977;1836;76;-170;-597;-686;1067;192;229;32;0
2018/10/02/14:03:39.350983;;;465;-8111;13329;1804;76;-170;-597;-686;1067;4;230;32;0
2018/10/02/14:03:39.364377;;;177;-7791;12817;1726;132;-162;-565;-607;1094;72;230;32;0
2018/10/02/14:03:39.380209;;;385;-7279;13025;1654;88;-190;-565;-607;1094;140;230;32;0
2018/10/02/14:03:39.392038;;;241;-7279;13665;1504;6;-12;-565;-607;1094;208;230;32;0
2018/10/02/14:03:39.405133;;;497;-6879;13825;1448;26;-138;-603;-555;1209;20;231;32;0
2018/10/02/14:03:39.417332;;;865;-6223;15025;1504;32;-162;-603;-555;1209;88;231;32;0
2018/10/02/14:03:39.429273;;;721;-5855;15121;1468;-92;32;-603;-555;1209;156;231;32;0
2018/10/02/14:03:39.446602;;;865;-5935;15041;1380;-44;-96;-616;-490;1141;224;231;32;0
2018/10/02/14:03:39.458039;;;673;-5615;15041;1418;50;-112;-616;-490;1141;36;232;32;0
2018/10/02/14:03:39.470005;;;241;-5823;14321;1356;-64;-248;-623;-411;1189;104;232;32;0
2018/10/02/14:03:39.482101;;;209;-5199;14385;1264;-18;-44;-623;-411;1189;172;232;32;0
2018/10/02/14:03:39.499089;;;417;-4735;14769;1296;-42;-100;-623;-411;1189;240;232;32;0
2018/10/02/14:03:39.511090;;;321;-4463;14753;1156;-186;-128;-584;-379;1162;52;233;32;0
2018/10/02/14:03:39.523064;;;673;-4303;15313;1192;-82;-180;-584;-379;1162;120;233;32;0
2018/10/02/14:03:39.536100;;;1217;-4047;15153;1104;-46;-64;-565;-294;1155;188;233;32;0
2018/10/02/14:03:39.552077;;;929;-4223;15745;932;-268;14;-565;-294;1155;17;234;32;0
2018/10/02/14:03:39.564254;;;705;-4319;15713;946;-156;4;-591;-274;1182;85;234;32;0
2018/10/02/14:03:39.577049;;;401;-3935;15489;688;-96;44;-591;-274;1182;153;234;32;0
2018/10/02/14:03:39.588947;;;641;-3663;15601;574;-98;126;-591;-274;1182;221;234;32;0
2018/10/02/14:03:39.605083;;;513;-3343;15713;418;-84;28;-578;-228;1182;33;235;32;0
2018/10/02/14:03:39.618104;;;641;-3231;15553;318;-172;132;-578;-228;1182;101;235;32;0
2018/10/02/14:03:39.629963;;;1137;-3007;15745;422;-48;32;-578;-228;1182;169;235;32;0
2018/10/02/14:03:39.641947;;;1201;-2607;15841;234;-134;174;-597;-228;1216;237;235;32;0
2018/10/02/14:03:39.658917;;;993;-2383;16209;214;-194;162;-597;-228;1216;49;236;32;0
2018/10/02/14:03:39.670935;;;1185;-2847;16257;236;-70;194;-533;-228;1256;117;236;32;0
2018/10/02/14:03:39.682923;;;1137;-2479;16241;154;-36;216;-533;-228;1256;185;236;32;0
2018/10/02/14:03:39.694961;;;817;-2479;16433;42;-12;174;-533;-228;1256;253;236;32;0
2018/10/02/14:03:39.707959;;;785;-2735;16545;86;-108;104;-597;-183;1189;65;237;32;0
2018/10/02/14:03:39.724044;;;1105;-2479;16369;126;68;14;-597;-183;1189;133;237;32;0
2018/10/02/14:03:39.736080;;;1137;-2399;16273;2;78;54;-597;-202;1216;201;237;32;0
2018/10/02/14:03:39.749131;;;1041;-2559;15937;80;54;72;-597;-202;1216;30;238;32;0
2018/10/02/14:03:39.761066;;;785;-2879;16001;-70;64;58;-571;-235;1270;98;238;32;0
2018/10/02/14:03:39.776981;;;1233;-2927;16209;-88;16;130;-571;-235;1270;166;238;32;0
2018/10/02/14:03:39.790004;;;1089;-3103;16225;-22;170;72;-571;-235;1270;234;238;32;0
2018/10/02/14:03:39.802219;;;993;-2767;15441;-6;-12;-4;-603;-196;1236;46;239;32;0
2018/10/02/14:03:39.814503;;;897;-3039;15713;-70;0;-64;-603;-196;1236;114;239;32;0
2018/10/02/14:03:39.831408;;;865;-2959;15745;-98;-46;-28;-603;-196;1236;182;239;32;0
2018/10/02/14:03:39.842966;;;657;-2815;15713;-92;-68;28;-584;-215;1182;250;239;32;0
2018/10/02/14:03:39.855081;;;673;-2575;15521;-16;56;-8;-584;-215;1182;62;240;32;0
2018/10/02/14:03:39.867320;;;913;-2767;15905;192;110;-74;-584;-189;1202;130;240;32;0
2018/10/02/14:03:39.884168;;;1009;-2671;15729;38;104;-30;-584;-189;1202;198;240;32;0
2018/10/02/14:03:39.896283;;;817;-2767;15665;144;28;32;-584;-189;1202;10;241;32;0
2018/10/02/14:03:39.908020;;;689;-3151;15537;190;78;-96;-610;-202;1195;78;241;32;0
2018/10/02/14:03:39.921089;;;849;-3135;15425;178;84;-282;-610;-202;1195;146;241;32;0
2018/10/02/14:03:39.937265;;;657;-3263;15281;132;-12;-146;-584;-176;1209;214;241;32;0
2018/10/02/14:03:39.949231;;;609;-3183;15521;274;-92;-114;-584;-176;1209;26;242;32;0
2018/10/02/14:03:39.962124;;;561;-3151;15697;228;-80;-190;-571;-163;1175;111;242;32;0
2018/10/02/14:03:39.974078;;;993;-2927;15857;210;-104;-64;-571;-163;1175;179;242;32;0
2018/10/02/14:03:39.986039;;;1313;-2847;16145;236;-88;0;-571;-163;1175;247;242;32;0
2018/10/02/14:03:40.003119;;;1313;-2703;16353;142;-122;-160;-571;-189;1195;59;243;32;0
2018/10/02/14:03:40.015243;;;1329;-2767;16289;300;-124;-30;-571;-189;1195;127;243;32;0
2018/10/02/14:03:40.027025;;;1457;-2879;16257;238;-18;-184;-571;-189;1195;195;243;32;0
2018/10/02/14:03:40.038948;;;1217;-2751;16257;356;16;-88;-578;-196;1229;7;244;32;0
2018/10/02/14:03:40.055929;;;1425;-2479;16001;288;64;-56;-578;-196;1229;75;244;32;0
2018/10/02/14:03:40.067936;;;1313;-2543;15969;270;146;-176;-571;-169;1162;143;244;32;0
2018/10/02/14:03:40.079954;;;1329;-2415;15937;350;160;-86;-571;-169;1162;211;244;32;0
2018/10/02/14:03:40.092946;;;1057;-2511;15761;330;80;-52;-571;-169;1162;23;245;32;0
2018/10/02/14:03:40.108958;;;1073;-2575;15633;342;122;-140;-578;-150;1250;91;245;32;0
2018/10/02/14:03:40.120963;;;1009;-2383;15393;288;244;-86;-578;-150;1250;159;245;32;0
2018/10/02/14:03:40.133931;;;961;-1919;15249;310;88;-156;-578;-98;1209;227;245;32;0
2018/10/02/14:03:40.145930;;;1057;-1647;15281;304;22;-2;-578;-98;1209;39;246;32;0
2018/10/02/14:03:40.161935;;;865;-1279;15409;378;-36;56;-591;-130;1195;124;246;32;0
2018/10/02/14:03:40.174925;;;673;-1231;15473;336;-102;-80;-591;-130;1195;192;246;32;0
2018/10/02/14:03:40.186883;;;545;-991;15601;330;-82;-130;-591;-130;1195;4;247;32;0
2018/10/02/14:03:40.198946;;;689;-1103;15857;312;-24;-104;-629;-104;1209;72;247;32;0
2018/10/02/14:03:40.215928;;;689;-1519;15937;154;-44;-64;-629;-104;1209;140;247;32;0
2018/10/02/14:03:40.227939;;;961;-1599;15905;234;38;-24;-616;-84;1182;208;247;32;0
2018/10/02/14:03:40.239939;;;929;-1423;15809;336;118;-90;-616;-84;1182;20;248;32;0
2018/10/02/14:03:40.251929;;;881;-1743;15521;286;-12;-50;-616;-84;1182;88;248;32;0
2018/10/02/14:03:40.268928;;;785;-1599;15377;190;-56;16;-552;-71;1243;156;248;32;0
2018/10/02/14:03:40.280994;;;961;-1487;15505;162;-84;0;-552;-71;1243;224;248;32;0
2018/10/02/14:03:40.292965;;;817;-1615;15761;222;-12;50;-552;-71;1243;36;249;32;0
2018/10/02/14:03:40.305965;;;689;-1311;15425;264;-60;-46;-559;-91;1216;104;249;32;0
2018/10/02/14:03:40.317956;;;881;-1199;15969;60;-162;156;-559;-91;1216;172;249;32;0
2018/10/02/14:03:40.333928;;;961;-799;16033;92;-54;98;-597;-39;1162;240;249;32;0
2018/10/02/14:03:40.346939;;;1009;-719;16065;164;-38;54;-597;-39;1162;52;250;32;0
2018/10/02/14:03:40.358938;;;1009;-767;16001;126;-168;104;-546;-52;1236;137;250;32;0
2018/10/02/14:03:40.370945;;;785;-863;15841;20;-184;120;-546;-52;1236;205;250;32;0
2018/10/02/14:03:40.387891;;;625;-767;15889;104;-28;46;-546;-52;1236;17;251;32;0
2018/10/02/14:03:40.399958;;;945;-831;15889;-60;-146;196;-552;-58;1202;85;251;32;0
2018/10/02/14:03:40.411955;;;817;-1055;15713;2;-132;62;-552;-58;1202;153;251;32;0
2018/10/02/14:03:40.423953;;;689;-927;15649;48;-218;148;-559;-39;1243;221;251;32;0
2018/10/02/14:03:40.440968;;;977;-1119;15665;16;-346;156;-559;-39;1243;33;252;32;0
2018/10/02/14:03:40.452963;;;977;-1231;15697;-58;-392;262;-559;-39;1243;101;252;32;0
2018/10/02/14:03:40.464964;;;865;-959;15409;-254;-478;144;-507;-45;1236;168;252;32;0
2018/10/02/14:03:40.477963;;;1089;-1087;15329;-168;-688;238;-507;-45;1236;236;252;32;0
2018/10/02/14:03:40.493965;;;945;-1103;15713;-246;-686;188;-507;-45;1236;48;253;32;0
2018/10/02/14:03:40.505955;;;1169;-1311;15649;-234;-626;-32;-533;-58;1202;116;253;32;0
2018/10/02/14:03:40.518959;;;945;-1407;15521;-410;-808;150;-533;-58;1202;184;253;32;0
2018/10/02/14:03:40.531108;;;1089;-1151;15393;-316;-802;228;-488;-52;1250;252;253;32;0
2018/10/02/14:03:40.547134;;;1121;-1215;14801;-464;-806;152;-488;-52;1250;64;254;32;0
2018/10/02/14:03:40.559933;;;1937;-1039;15105;-342;-880;140;-488;-52;1250;132;254;32;0
2018/10/02/14:03:40.572009;;;2241;-1407;14737;-458;-1046;134;-482;-98;1256;217;254;32;0
2018/10/02/14:03:40.584458;;;3073;-1743;15185;-604;-1096;210;-482;-98;1256;29;255;32;0
2018/10/02/14:03:40.595984;;;3137;-2063;15121;-524;-1120;54;-386;-98;1310;97;255;32;0
2018/10/02/14:03:40.613000;;;3121;-2447;15617;-382;-1150;78;-386;-98;1310;165;255;32;0
2018/10/02/14:03:40.625189;;;2913;-2335;15393;-322;-1086;70;-354;-143;1283;233;255;32;0
2018/10/02/14:03:40.637135;;;2993;-2207;14481;-396;-1162;78;-354;-143;1283;45;0;33;0
2018/10/02/14:03:40.650326;;;3553;-1903;14753;-224;-1184;216;-354;-143;1283;113;0;33;0
2018/10/02/14:03:40.666532;;;4049;-1695;14049;-186;-1252;98;-303;-143;1324;181;0;33;0
2018/10/02/14:03:40.678049;;;4257;-2063;13745;-78;-1296;24;-303;-143;1324;249;0;33;0
2018/10/02/14:03:40.691076;;;4273;-1919;13521;4;-1384;-36;-303;-143;1324;61;1;33;0
2018/10/02/14:03:40.703166;;;4417;-1711;13329;-56;-1524;-112;-246;-124;1324;129;1;33;0
2018/10/02/14:03:40.719196;;;5169;-2079;13409;-80;-1770;34;-246;-124;1324;197;1;33;0
2018/10/02/14:03:40.732209;;;5489;-2063;13089;-48;-1644;-26;-169;-176;1270;9;2;33;0
2018/10/02/14:03:40.744284;;;5905;-2415;12545;-62;-1884;-104;-169;-176;1270;77;2;33;0
2018/10/02/14:03:40.756738;;;6817;-2239;12625;-10;-1928;-166;-169;-176;1270;145;2;33;0
2018/10/02/14:03:40.773233;;;6961;-2479;12049;98;-1936;-320;-9;-169;1297;230;2;33;0
2018/10/02/14:03:40.785234;;;7265;-1679;11921;98;-2098;-188;-9;-169;1297;42;3;33;0
2018/10/02/14:03:40.797489;;;7457;-1711;11793;184;-2088;-328;47;-117;1290;93;3;33;0
2018/10/02/14:03:40.809029;;;7809;-1055;11329;170;-2220;-260;47;-117;1290;178;3;33;0
2018/10/02/14:03:40.826092;;;8993;-783;10785;150;-2368;-504;137;-117;1290;246;3;33;0
2018/10/02/14:03:40.838068;;;11249;-911;11441;186;-2528;-354;137;-117;1290;58;4;33;0
2018/10/02/14:03:40.850458;;;12033;-1631;12049;96;-2520;-412;137;-117;1290;126;4;33;0
2018/10/02/14:03:40.863026;;;12001;-1935;12033;74;-2544;-386;297;-130;1270;194;4;33;0
2018/10/02/14:03:40.879009;;;12417;-1759;11505;94;-2568;-438;297;-130;1270;6;5;33;0
2018/10/02/14:03:40.891066;;;12017;-1551;13025;82;-2372;-428;297;-130;1270;74;5;33;0
2018/10/02/14:03:40.904139;;;11809;-1487;11809;84;-2254;-474;405;-111;1216;125;5;33;0
2018/10/02/14:03:40.915989;;;12033;-1295;11073;112;-1902;-518;405;-111;1216;210;5;33;0
2018/10/02/14:03:40.927960;;;13617;-1439;11265;190;-1820;-442;546;-91;1195;22;6;33;0
2018/10/02/14:03:40.944959;;;14273;-1503;10849;44;-1788;-260;546;-91;1195;90;6;33;0
2018/10/02/14:03:40.956974;;;14161;-1247;11089;184;-1730;-198;546;-91;1195;158;6;33;0
2018/10/02/14:03:40.968973;;;14401;-1215;10913;46;-1590;-204;597;-137;1195;226;6;33;0
2018/10/02/14:03:40.981005;;;14049;-1039;9985;16;-1458;-48;597;-137;1195;55;7;33;0
2018/10/02/14:03:40.997959;;;13665;-1295;9105;-40;-1246;14;648;-84;1121;123;7;33;0
2018/10/02/14:03:41.009949;;;13777;-1647;9409;-70;-1172;-50;648;-84;1121;191;7;33;0
2018/10/02/14:03:41.021960;;;13537;-1711;8113;-226;-1242;124;744;-84;1087;3;8;33;0
2018/10/02/14:03:41.034949;;;13857;-1551;8033;-78;-1064;182;744;-84;1087;71;8;33;0
2018/10/02/14:03:41.050947;;;15137;-1663;6977;-154;-1284;272;744;-84;1087;139;8;33;0
2018/10/02/14:03:41.062972;;;15409;-1999;7313;-194;-1056;308;757;-124;1087;207;8;33;0
2018/10/02/14:03:41.076005;;;15057;-1359;7569;-162;-1300;322;757;-124;1087;19;9;33;0
2018/10/02/14:03:41.087973;;;14481;-783;7105;-268;-1268;380;757;-124;1087;87;9;33;0
2018/10/02/14:03:41.103959;;;14817;-591;7073;-232;-1160;398;821;-104;1101;155;9;33;0
2018/10/02/14:03:41.116973;;;15105;-1183;6385;-258;-1082;496;821;-104;1101;223;9;33;0
2018/10/02/14:03:41.128964;;;15217;-1759;5969;-216;-1206;420;872;-84;1000;35;10;33;0
2018/10/02/14:03:41.140958;;;15153;-1503;5953;-22;-1096;250;872;-84;1000;103;10;33;0
2018/10/02/14:03:41.157928;;;15265;-1615;5585;-152;-1210;266;872;-84;1000;171;10;33;0
2018/10/02/14:03:41.169950;;;15569;-1407;5841;-86;-1264;248;904;-130;993;239;10;33;0
2018/10/02/14:03:41.181944;;;15457;-1439;5201;-80;-1226;174;904;-130;993;68;11;33;0
2018/10/02/14:03:41.193941;;;15377;-1711;4705;-106;-1228;204;929;-130;952;136;11;33;0
2018/10/02/14:03:41.206945;;;15905;-1615;4545;-124;-1222;70;929;-130;952;204;11;33;0
2018/10/02/14:03:41.222946;;;15969;-2095;3825;-58;-1138;152;993;-130;898;16;12;33;0
2018/10/02/14:03:41.234939;;;16113;-2047;4241;8;-1150;114;993;-130;898;84;12;33;0
2018/10/02/14:03:41.247952;;;16081;-1823;4337;108;-1120;52;993;-130;898;152;12;33;0
2018/10/02/14:03:41.259942;;;15969;-1695;4065;46;-1052;166;1019;-156;864;220;12;33;0
2018/10/02/14:03:41.275941;;;16065;-1487;4273;116;-1010;230;1019;-156;864;32;13;33;0
2018/10/02/14:03:41.288975;;;16225;-1583;3425;-10;-1008;70;1019;-156;864;100;13;33;0
2018/10/02/14:03:41.300975;;;16369;-2159;3345;-12;-796;234;1031;-176;810;168;13;33;0
2018/10/02/14:03:41.312950;;;16353;-2223;3777;-10;-770;204;1031;-176;810;236;13;33;0
2018/10/02/14:03:41.329951;;;16209;-2351;3153;-60;-798;104;1076;-176;770;48;14;33;0
2018/10/02/14:03:41.346040;;;15889;-2111;2369;-192;-634;190;1076;-176;770;133;14;33;0
2018/10/02/14:03:41.357951;;;15905;-2175;2273;-134;-594;92;1127;-163;763;201;14;33;0
2018/10/02/14:03:41.370951;;;16161;-1903;1745;-158;-688;132;1127;-163;763;13;15;33;0
2018/10/02/14:03:41.382943;;;16049;-2127;1265;-250;-660;-52;1127;-163;763;81;15;33;0
2018/10/02/14:03:41.398977;;;16193;-2287;1121;-176;-798;110;1134;-183;777;149;15;33;0
2018/10/02/14:03:41.410974;;;16209;-2479;1553;-134;-714;98;1134;-183;777;217;15;33;0
2018/10/02/14:03:41.425297;;;16145;-2687;1233;-260;-786;-26;1146;-196;689;46;16;33;0
2018/10/02/14:03:41.436124;;;16081;-2255;625;-160;-626;38;1146;-196;689;114;16;33;0
2018/10/02/14:03:41.447971;;;16609;-2591;881;-140;-560;-34;1146;-196;689;182;16;33;0
2018/10/02/14:03:41.465116;;;16673;-3007;753;-30;-604;-128;1185;-196;702;250;16;33;0
2018/10/02/14:03:41.477151;;;16337;-2671;721;-54;-788;112;1185;-196;702;62;17;33;0
2018/10/02/14:03:41.489221;;;16065;-2767;417;-26;-798;82;1198;-196;675;130;17;33;0
2018/10/02/14:03:41.504376;;;16369;-2447;753;-98;-798;64;1198;-196;675;198;17;33;0
2018/10/02/14:03:41.518054;;;16081;-1727;1;26;-730;160;1198;-196;675;10;18;33;0
2018/10/02/14:03:41.530131;;;16369;-2047;513;52;-590;188;1204;-189;641;78;18;33;0
2018/10/02/14:03:41.543226;;;16465;-2415;-383;-134;-660;142;1204;-189;641;146;18;33;0
2018/10/02/14:03:41.555190;;;16577;-2415;-127;-16;-690;102;1198;-196;594;214;18;33;0
2018/10/02/14:03:41.571218;;;16817;-2799;-575;-108;-644;-16;1198;-196;594;26;19;33;0
2018/10/02/14:03:41.584289;;;16721;-2351;161;-124;-628;-58;1198;-196;594;94;19;33;0
2018/10/02/14:03:41.596870;;;16721;-2303;-495;-68;-506;-22;1223;-202;608;162;19;33;0
2018/10/02/14:03:41.608047;;;16737;-2111;-415;-68;-654;10;1223;-202;608;230;19;33;0
2018/10/02/14:03:41.624079;;;17121;-2111;-1007;-114;-500;-74;1236;-196;540;59;20;33;0
2018/10/02/14:03:41.637520;;;16993;-2671;-1119;20;-458;-90;1236;-196;540;127;20;33;0
2018/10/02/14:03:41.649337;;;17201;-2655;-1103;112;-376;-102;1236;-196;540;195;20;33;0
2018/10/02/14:03:41.661213;;;17009;-2927;-735;-48;-324;-42;1217;-202;533;7;21;33;0
2018/10/02/14:03:41.678043;;;17329;-2975;-463;74;-460;-22;1217;-202;533;75;21;33;0
2018/10/02/14:03:41.690083;;;16849;-2863;-223;68;-216;92;1242;-189;506;143;21;33;0
2018/10/02/14:03:41.701952;;;16433;-2863;-559;100;-136;16;1242;-189;506;211;21;33;0
2018/10/02/14:03:41.715137;;;16545;-2399;-431;82;-130;-8;1242;-189;506;23;22;33;0
2018/10/02/14:03:41.727092;;;16721;-1967;-1183;14;-52;76;1249;-189;520;91;22;33;0
2018/10/02/14:03:41.743121;;;16977;-1807;-943;-28;96;32;1249;-189;520;159;22;33;0
2018/10/02/14:03:41.759734;;;17073;-1455;-1295;-62;176;-72;1236;-163;574;227;22;33;0
2018/10/02/14:03:41.768032;;;16817;-1471;-1263;-62;198;-78;1236;-163;574;39;23;33;0
2018/10/02/14:03:41.780464;;;16561;-1663;-1279;-28;186;-70;1236;-163;574;107;23;33;0
2018/10/02/14:03:41.796367;;;16289;-1727;-1631;-10;50;-78;1249;-183;533;175;23;33;0
2018/10/02/14:03:41.809036;;;16353;-1615;-1295;82;116;-124;1249;-183;533;243;23;33;0
2018/10/02/14:03:41.821441;;;16161;-1903;-911;-26;74;-276;1249;-143;554;72;24;33;0
2018/10/02/14:03:41.833062;;;16241;-2031;-735;16;98;-30;1249;-143;554;140;24;33;0
2018/10/02/14:03:41.849969;;;16273;-2319;-639;-18;92;2;1249;-143;554;208;24;33;0
2018/10/02/14:03:41.861975;;;16305;-2335;-879;-86;168;-8;1223;-163;506;20;25;33;0
2018/10/02/14:03:41.873961;;;16241;-2223;-831;-94;218;-46;1223;-163;506;88;25;33;0
2018/10/02/14:03:41.886980;;;16257;-2047;-1119;-98;52;130;1198;-189;527;156;25;33;0
2018/10/02/14:03:41.902969;;;16289;-1951;-1407;-64;138;52;1198;-189;527;224;25;33;0
2018/10/02/14:03:41.914949;;;16337;-2207;-1375;-84;106;-20;1198;-189;527;36;26;33;0
2018/10/02/14:03:41.927998;;;16481;-2575;-1183;-122;14;26;1255;-176;574;103;26;33;0
2018/10/02/14:03:41.939970;;;16273;-2511;-1119;-144;-64;30;1255;-176;574;171;26;33;0
2018/10/02/14:03:41.956180;;;16225;-3023;-943;-90;-52;70;1268;-196;540;239;26;33;0
2018/10/02/14:03:41.968928;;;16273;-2415;-719;-32;-16;-8;1268;-196;540;51;27;33;0
2018/10/02/14:03:41.980977;;;16289;-2143;-879;-32;64;34;1268;-196;540;119;27;33;0
2018/10/02/14:03:41.993427;;;16385;-2031;-1007;-58;-26;52;1281;-196;567;187;27;33;0
2018/10/02/14:03:42.009234;;;16481;-1999;-815;-8;66;-64;1281;-196;567;255;27;33;0
2018/10/02/14:03:42.022292;;;16369;-2287;-1087;-84;-68;162;1261;-183;547;84;28;33;0
2018/10/02/14:03:42.034107;;;16417;-2495;-799;-48;26;-106;1261;-183;547;152;28;33;0
2018/10/02/14:03:42.045986;;;16449;-2319;-847;-44;-34;-18;1261;-183;547;220;28;33;0
2018/10/02/14:03:42.059041;;;16417;-2447;-735;-58;54;-58;1261;-176;560;32;29;33;0
2018/10/02/14:03:42.075229;;;16129;-2431;-783;-60;-78;-102;1261;-176;560;100;29;33;0
2018/10/02/14:03:42.087216;;;16401;-2463;-1103;30;-30;10;1249;-169;520;168;29;33;0
2018/10/02/14:03:42.100056;;;16465;-2143;-959;-38;-114;8;1249;-169;520;236;29;33;0
2018/10/02/14:03:42.112134;;;16433;-2191;-1135;-38;2;30;1249;-169;520;48;30;33;0
2018/10/02/14:03:42.128288;;;16385;-2031;-1023;-50;-62;62;1255;-183;540;116;30;33;0
2018/10/02/14:03:42.141148;;;16593;-2271;-1007;24;-38;8;1255;-183;540;184;30;33;0
2018/10/02/14:03:42.152984;;;16673;-2143;-799;48;-62;-60;1261;-176;601;252;30;33;0
2018/10/02/14:03:42.164971;;;16705;-2095;-911;2;-104;42;1261;-176;601;64;31;33;0
2018/10/02/14:03:42.180973;;;16785;-2287;-735;-72;78;-152;1261;-176;601;132;31;33;0
2018/10/02/14:03:42.193971;;;16545;-2079;-1087;94;22;-6;1242;-176;554;200;31;33;0
2018/10/02/14:03:42.205962;;;16417;-2239;-655;2;72;-46;1242;-176;554;12;32;33;0
2018/10/02/14:03:42.217965;;;16609;-2239;-815;56;34;-86;1230;-169;533;80;32;33;0
2018/10/02/14:03:42.234972;;;16513;-2191;-799;-58;36;34;1230;-169;533;165;32;33;0
2018/10/02/14:03:42.246964;;;16689;-1999;-623;-60;106;20;1230;-169;533;233;32;33;0
2018/10/02/14:03:42.258965;;;16689;-1871;-975;40;70;-58;1236;-196;533;45;33;33;0
2018/10/02/14:03:42.271958;;;16689;-2031;-735;-72;132;-114;1236;-196;533;113;33;33;0
2018/10/02/14:03:42.287952;;;17281;-1791;-639;-106;106;20;1261;-189;574;181;33;33;0
2018/10/02/14:03:42.299957;;;17329;-1887;-511;36;300;82;1261;-189;574;249;33;33;0
2018/10/02/14:03:42.312975;;;17249;-2111;-111;-22;176;-6;1261;-189;574;61;34;33;0
2018/10/02/14:03:42.324960;;;17265;-2223;-479;-6;334;0;1198;-156;574;129;34;33;0
2018/10/02/14:03:42.336977;;;17633;-2015;-31;54;446;-94;1198;-156;574;197;34;33;0
2018/10/02/14:03:42.353963;;;17473;-2223;81;46;628;68;1242;-176;540;9;35;33;0
2018/10/02/14:03:42.365995;;;17841;-1903;497;-114;708;-40;1242;-176;540;77;35;33;0
2018/10/02/14:03:42.377966;;;17569;-1983;849;-62;834;60;1242;-176;540;145;35;33;0
2018/10/02/14:03:42.389890;;;17137;-2047;545;-102;938;76;1230;-202;648;213;35;33;0
2018/10/02/14:03:42.406965;;;17297;-1775;1457;-64;972;6;1230;-202;648;25;36;33;0
2018/10/02/14:03:42.418962;;;17489;-1887;1537;-102;1112;36;1191;-163;635;93;36;33;0
2018/10/02/14:03:42.430964;;;17777;-1775;2001;-94;1224;166;1191;-163;635;178;36;33;0
2018/10/02/14:03:42.443952;;;17761;-1967;2561;-134;1468;78;1191;-163;635;246;36;33;0
2018/10/02/14:03:42.459966;;;17329;-1615;1841;-80;1490;-94;1166;-183;743;58;37;33;0
2018/10/02/14:03:42.471959;;;16433;-2255;2417;-92;1562;-70;1166;-183;743;126;37;33;0
2018/10/02/14:03:42.484966;;;16337;-2431;2881;-28;1764;46;1095;-163;743;194;37;33;0
2018/10/02/14:03:42.496973;;;16625;-2591;3217;-28;1852;18;1095;-163;743;6;38;33;0
2018/10/02/14:03:42.512979;;;16881;-2495;4465;8;1966;66;1095;-163;743;74;38;33;0
2018/10/02/14:03:42.525956;;;17233;-2495;5057;16;2198;86;1051;-196;817;142;38;33;0
2018/10/02/14:03:42.537975;;;17393;-1455;5089;-114;2242;136;1051;-196;817;210;38;33;0
2018/10/02/14:03:42.549968;;;15937;-2223;4385;-204;2514;-72;1000;-183;891;22;39;33;0
2018/10/02/14:03:42.565955;;;15681;-1887;4705;-80;2566;-18;1000;-183;891;90;39;33;0
2018/10/02/14:03:42.578966;;;15345;-2735;4353;-56;2700;-6;1000;-183;891;158;39;33;0
2018/10/02/14:03:42.590978;;;15521;-2943;5809;-156;2696;-48;891;-215;1006;226;39;33;0
2018/10/02/14:03:42.602981;;;15473;-2719;6161;46;2604;28;891;-215;1006;38;40;33;0
2018/10/02/14:03:42.615974;;;15025;-2623;7441;-48;2562;54;789;-241;1067;106;40;33;0
2018/10/02/14:03:42.631991;;;14865;-2319;7505;-16;2446;214;789;-241;1067;174;40;33;0
2018/10/02/14:03:42.643935;;;14465;-2351;8289;-114;2696;64;789;-241;1067;3;41;33;0
2018/10/02/14:03:42.657014;;;14049;-3151;8945;76;2790;218;661;-209;1128;71;41;33;0
2018/10/02/14:03:42.668993;;;13521;-3743;8497;100;2920;202;661;-209;1128;139;41;33;0
2018/10/02/14:03:42.684994;;;12705;-3535;8833;4;2826;356;565;-248;1189;207;41;33;0
2018/10/02/14:03:42.697996;;;12801;-3663;9153;64;2932;280;565;-248;1189;19;42;33;0
2018/10/02/14:03:42.709989;;;12625;-3583;9601;-48;2758;420;565;-248;1189;87;42;33;0
2018/10/02/14:03:42.721964;;;11745;-3295;10321;-76;2728;568;399;-254;1229;155;42;33;0
2018/10/02/14:03:42.738990;;;11473;-3135;10913;-8;2616;576;399;-254;1229;223;42;33;0
2018/10/02/14:03:42.751004;;;10977;-2879;10961;82;2666;498;277;-267;1263;35;43;33;0
2018/10/02/14:03:42.762986;;;9825;-3039;11137;-44;2534;508;277;-267;1263;103;43;33;0
2018/10/02/14:03:42.774981;;;9345;-2911;11185;-72;2330;590;277;-267;1263;171;43;33;0
2018/10/02/14:03:42.792015;;;8929;-3103;11313;-28;2280;594;118;-241;1290;239;43;33;0
2018/10/02/14:03:42.803991;;;8049;-3487;12113;-10;2218;676;118;-241;1290;51;44;33;0
2018/10/02/14:03:42.815983;;;7649;-3455;12305;-40;1982;610;28;-287;1317;119;44;33;0
2018/10/02/14:03:42.828997;;;6689;-3839;12257;110;1916;636;28;-287;1317;187;44;33;0
2018/10/02/14:03:42.844995;;;6481;-3407;12369;32;1648;656;28;-287;1317;16;45;33;0
2018/10/02/14:03:42.856999;;;5985;-3583;12801;48;1624;510;-22;-281;1290;84;45;33;0
2018/10/02/14:03:42.869990;;;5185;-3023;13153;-60;1224;376;-22;-281;1290;152;45;33;0
2018/10/02/14:03:42.881984;;;4945;-2655;12833;-52;1134;454;-111;-254;1337;220;45;33;0
2018/10/02/14:03:42.897972;;;5185;-3103;13249;-52;1062;228;-111;-254;1337;49;46;33;0
2018/10/02/14:03:42.910995;;;5105;-2959;13713;-8;1000;350;-111;-254;1337;100;46;33;0
2018/10/02/14:03:42.922969;;;5297;-3711;13745;-68;776;280;-156;-294;1297;168;46;33;0
2018/10/02/14:03:42.934981;;;4897;-3647;14769;152;720;226;-156;-294;1297;236;46;33;0
2018/10/02/14:03:42.946969;;;4001;-3487;14561;100;694;154;-214;-248;1283;48;47;33;0
2018/10/02/14:03:42.963966;;;3649;-2911;14353;192;722;128;-214;-248;1283;116;47;33;0
2018/10/02/14:03:42.976123;;;3393;-3007;14993;304;808;114;-214;-248;1283;184;47;33;0
2018/10/02/14:03:42.987981;;;3697;-3007;14849;316;932;52;-233;-235;1283;252;47;33;0
2018/10/02/14:03:43.000977;;;4257;-3455;15473;428;900;28;-233;-235;1283;81;48;33;0
2018/10/02/14:03:43.017011;;;4113;-3471;15489;422;862;-30;-329;-248;1337;132;48;33;0
2018/10/02/14:03:43.028987;;;3649;-3599;15713;604;976;-18;-329;-248;1337;200;48;33;0
2018/10/02/14:03:43.041965;;;3441;-3167;15697;622;1068;-220;-329;-248;1337;12;49;33;0
2018/10/02/14:03:43.053969;;;3665;-2879;15009;860;1098;-222;-380;-235;1256;97;49;33;0
2018/10/02/14:03:43.069912;;;3841;-2927;15585;776;1106;-136;-380;-235;1256;165;49;33;0
2018/10/02/14:03:43.082971;;;3201;-3055;15697;876;1260;-238;-405;-150;1256;233;49;33;0
2018/10/02/14:03:43.094970;;;2593;-2975;15841;906;1240;-174;-405;-150;1256;28;50;33;0
2018/10/02/14:03:43.106973;;;2225;-2447;15313;900;1178;-134;-405;-150;1256;113;50;33;0
2018/10/02/14:03:43.123970;;;1777;-2431;15105;776;1174;-146;-456;-111;1290;181;50;33;0
2018/10/02/14:03:43.135962;;;2545;-2255;15297;806;1042;-138;-456;-111;1290;249;50;33;0
2018/10/02/14:03:43.147975;;;1777;-2479;15473;768;1058;-148;-520;-98;1243;61;51;33;0
2018/10/02/14:03:43.159990;;;1441;-2015;15681;642;980;-120;-520;-98;1243;129;51;33;0
2018/10/02/14:03:43.176969;;;529;-1759;15505;568;870;-42;-520;-98;1243;197;51;33;0
2018/10/02/14:03:43.188997;;;193;-1519;15249;550;886;-54;-597;-78;1222;9;52;33;0
2018/10/02/14:03:43.200978;;;289;-1087;15521;482;768;10;-597;-78;1222;77;52;33;0
2018/10/02/14:03:43.213975;;;401;-911;15361;394;826;-58;-597;-26;1222;145;52;33;0
2018/10/02/14:03:43.225966;;;-159;-991;15889;290;762;6;-597;-26;1222;213;52;33;0
2018/10/02/14:03:43.241970;;;-319;-927;15393;136;700;70;-597;-26;1222;25;53;33;0
2018/10/02/14:03:43.254972;;;-527;-1087;15585;32;604;48;-642;-45;1195;110;53;33;0
2018/10/02/14:03:43.266976;;;-591;-1359;15777;120;634;40;-642;-45;1195;178;53;33;0
2018/10/02/14:03:43.278930;;;-495;-959;15233;-38;546;116;-667;-45;1162;246;53;33;0
2018/10/02/14:03:43.295968;;;-943;-831;15473;-96;470;-24;-667;-45;1162;58;54;33;0
2018/10/02/14:03:43.307977;;;-927;-1375;15505;-74;592;84;-667;-45;1162;126;54;33;0
2018/10/02/14:03:43.319978;;;-543;-1087;15489;-204;396;90;-725;-39;1148;194;54;33;0
2018/10/02/14:03:43.331990;;;-1359;-1231;15681;-120;512;142;-725;-39;1148;6;55;33;0
2018/10/02/14:03:43.348984;;;-1599;-927;15873;-246;560;210;-686;-32;1168;74;55;33;0
2018/10/02/14:03:43.360984;;;-1439;-879;15697;-384;540;146;-686;-32;1168;142;55;33;0
2018/10/02/14:03:43.372987;;;-1215;-863;16049;-314;468;176;-686;-32;1168;210;55;33;0
2018/10/02/14:03:43.385966;;;-1503;-1039;15761;-258;440;14;-763;-26;1162;21;56;33;0
2018/10/02/14:03:43.401969;;;-1887;-1199;15665;-248;592;24;-763;-26;1162;89;56;33;0
2018/10/02/14:03:43.413966;;;-1807;-1487;15713;-374;438;96;-769;-58;1128;157;56;33;0
2018/10/02/14:03:43.426976;;;-2223;-1663;15393;-374;412;-2;-769;-58;1128;225;56;33;0
2018/10/02/14:03:43.438976;;;-1839;-1903;15457;-210;460;0;-769;-58;1128;37;57;33;0
2018/10/02/14:03:43.454974;;;-2223;-2399;15777;-172;350;-2;-769;-52;1128;122;57;33;0
2018/10/02/14:03:43.467978;;;-2191;-2079;15441;-62;316;-58;-769;-52;1128;190;57;33;0
2018/10/02/14:03:43.479975;;;-2143;-2047;15105;94;264;24;-808;-58;1087;2;58;33;0
2018/10/02/14:03:43.491972;;;-2191;-1887;15137;76;138;138;-808;-58;1087;70;58;33;0
2018/10/02/14:03:43.508998;;;-2607;-1727;15377;160;114;32;-808;-58;1087;138;58;33;0
2018/10/02/14:03:43.520981;;;-2815;-1471;15105;54;48;16;-801;-52;1081;206;58;33;0
2018/10/02/14:03:43.532980;;;-2495;-1679;15281;190;-16;-56;-801;-52;1081;18;59;33;0
2018/10/02/14:03:43.544978;;;-2479;-1439;15521;146;-56;-2;-789;-45;1094;86;59;33;0
2018/10/02/14:03:43.557975;;;-2063;-1455;15457;168;-124;20;-789;-45;1094;154;59;33;0
2018/10/02/14:03:43.573967;;;-1919;-1535;15729;276;-122;0;-789;-45;1094;222;59;33;0
2018/10/02/14:03:43.585998;;;-1999;-1615;15569;272;-162;-136;-782;-52;1141;34;60;33;0
2018/10/02/14:03:43.598979;;;-2079;-831;15489;206;-74;-38;-782;-52;1141;102;60;33;0
2018/10/02/14:03:43.610968;;;-2191;-991;15617;216;-4;-16;-763;-26;1114;170;60;33;0
2018/10/02/14:03:43.626977;;;-1919;-1615;15841;132;-6;-156;-763;-26;1114;238;60;33;0
2018/10/02/14:03:43.639981;;;-1903;-1295;16401;170;-26;-28;-763;-26;1114;50;61;33;0
2018/10/02/14:03:43.651996;;;-1855;-1231;16433;100;-30;-40;-769;-39;1108;118;61;33;0
2018/10/02/14:03:43.663970;;;-1711;-1423;16033;84;0;40;-769;-39;1108;203;61;33;0
2018/10/02/14:03:43.680995;;;-2079;-1215;16081;-64;110;80;-782;-19;1108;15;62;33;0
2018/10/02/14:03:43.692991;;;-1871;-1247;16129;-14;88;12;-782;-19;1108;83;62;33;0
2018/10/02/14:03:43.704984;;;-2015;-1311;16097;-38;78;6;-782;-19;1108;151;62;33;0
2018/10/02/14:03:43.717000;;;-2239;-1247;16449;-104;134;72;-763;6;1141;219;62;33;0
2018/10/02/14:03:43.733974;;;-2303;-1039;16369;-162;126;42;-763;6;1141;31;63;33;0
2018/10/02/14:03:43.746002;;;-2207;-1039;16193;-282;138;122;-814;-26;1141;99;63;33;0
2018/10/02/14:03:43.757982;;;-2031;-1455;16273;-250;246;20;-814;-26;1141;167;63;33;0
2018/10/02/14:03:43.770977;;;-2127;-1583;16561;-196;188;134;-814;-26;1141;235;63;33;0
2018/10/02/14:03:43.786959;;;-2207;-1551;16625;-294;226;230;-827;-58;1121;47;64;33;0
2018/10/02/14:03:43.798983;;;-2399;-1807;16385;-276;310;166;-827;-58;1121;115;64;33;0
2018/10/02/14:03:43.811978;;;-2495;-1311;16881;-324;526;156;-814;-32;1087;183;64;33;0
2018/10/02/14:03:43.823977;;;-2687;-1391;16433;-302;528;196;-814;-32;1087;251;64;33;0
2018/10/02/14:03:43.835972;;;-2687;-1599;16449;-202;504;174;-814;-32;1087;63;65;33;0
2018/10/02/14:03:43.852992;;;-2847;-1583;16321;-326;512;116;-865;-52;1074;148;65;33;0
2018/10/02/14:03:43.868999;;;-3359;-1871;16145;-340;534;140;-865;-52;1074;216;65;33;0
2018/10/02/14:03:43.880988;;;-3759;-3423;15425;-208;766;52;-859;-58;1087;28;66;33;0
2018/10/02/14:03:43.893934;;;-3007;-2335;17073;-240;748;90;-859;-58;1087;113;66;33;0
2018/10/02/14:03:43.905967;;;-3871;-1983;15217;-242;924;-86;-942;-45;1047;181;66;33;0
2018/10/02/14:03:43.921978;;;-3695;-1823;15793;-184;906;-108;-942;-45;1047;249;66;33;0
2018/10/02/14:03:43.933978;;;-3855;-2287;16033;-102;892;62;-942;-45;1047;61;67;33;0
2018/10/02/14:03:43.946983;;;-4591;-1823;14225;-48;936;-30;-968;-78;993;129;67;33;0
2018/10/02/14:03:43.958996;;;-3887;-2735;16545;104;1104;-64;-968;-78;993;197;67;33;0
2018/10/02/14:03:43.974978;;;-4367;-2463;14849;-116;1074;-16;-980;-84;1027;9;68;33;0
2018/10/02/14:03:43.987987;;;-4959;-2175;15569;-36;1124;-50;-980;-84;1027;77;68;33;0
2018/10/02/14:03:43.999982;;;-4623;-2239;15713;20;1166;26;-980;-84;1027;145;68;33;0
2018/10/02/14:03:44.011975;;;-5311;-1935;14577;72;1148;56;-1031;-65;932;213;68;33;0
2018/10/02/14:03:44.028977;;;-5455;-2271;15729;92;1130;-22;-1031;-65;932;25;69;33;0
2018/10/02/14:03:44.041020;;;-5583;-2303;14785;64;1108;-150;-1031;-65;932;93;69;33;0
2018/10/02/14:03:44.052986;;;-5727;-2447;15089;62;1142;-170;-1076;-65;912;161;69;33;0
2018/10/02/14:03:44.065978;;;-5791;-2207;14849;72;1120;-112;-1076;-65;912;229;69;33;0
2018/10/02/14:03:44.078002;;;-6351;-2079;14321;114;1188;-154;-1102;-39;851;41;70;33;0
2018/10/02/14:03:44.094023;;;-6591;-2127;14945;94;1260;-62;-1102;-39;851;109;70;33;0
2018/10/02/14:03:44.105975;;;-6863;-2287;14209;60;1252;-208;-1159;-58;783;194;70;33;0
2018/10/02/14:03:44.118969;;;-6623;-2207;14145;226;1284;-168;-1159;-58;783;6;71;33;0
2018/10/02/14:03:44.130979;;;-7215;-2415;14961;98;1274;-140;-1159;-58;783;74;71;33;0
2018/10/02/14:03:44.146987;;;-7583;-2287;13985;4;1230;-254;-1191;-71;750;142;71;33;0
2018/10/02/14:03:44.159988;;;-7919;-2639;14049;-2;1188;-138;-1191;-71;750;210;71;33;0
2018/10/02/14:03:44.171982;;;-8047;-2511;13825;-8;1248;-242;-1230;-71;736;22;72;33;0
2018/10/02/14:03:44.183980;;;-8303;-2495;12897;30;1410;-102;-1230;-71;736;90;72;33;0
2018/10/02/14:03:44.200998;;;-8415;-2639;13697;46;1288;-154;-1230;-71;736;158;72;33;0
2018/10/02/14:03:44.212998;;;-8799;-2671;13297;-46;1118;-226;-1230;-78;682;226;72;33;0
2018/10/02/14:03:44.224986;;;-8895;-3039;13841;40;1390;-210;-1230;-78;682;38;73;33;0
2018/10/02/14:03:44.237988;;;-9103;-2943;13329;34;1288;-100;-1230;-78;682;106;73;33;0
2018/10/02/14:03:44.253981;;;-9407;-2735;12865;108;1374;-162;-1281;-52;594;174;73;33;0
2018/10/02/14:03:44.266007;;;-9487;-2799;12929;-68;1382;-142;-1281;-52;594;242;73;33;0
2018/10/02/14:03:44.279062;;;-9759;-2687;12497;-48;1498;-98;-1293;-104;533;54;74;33;0
2018/10/02/14:03:44.290986;;;-10159;-2863;12449;48;1560;-90;-1293;-104;533;122;74;33;0
2018/10/02/14:03:44.306972;;;-10847;-2703;12401;-106;1538;-76;-1332;-65;513;207;74;33;0
2018/10/02/14:03:44.318998;;;-11151;-2591;12129;104;1528;-108;-1332;-65;513;19;75;33;0
2018/10/02/14:03:44.331986;;;-11439;-2527;11697;80;1508;-30;-1332;-65;513;87;75;33;0
2018/10/02/14:03:44.343985;;;-11775;-2911;11153;136;1486;-106;-1364;-65;412;155;75;33;0
2018/10/02/14:03:44.356025;;;-11855;-2911;11201;214;1584;-72;-1364;-65;412;223;75;33;0
2018/10/02/14:03:44.372998;;;-12431;-3263;10417;270;1516;-162;-1396;-39;371;35;76;33;0
2018/10/02/14:03:44.384990;;;-12479;-3183;9505;178;1366;56;-1396;-39;371;103;76;33;0
2018/10/02/14:03:44.397005;;;-12623;-3167;9633;358;1324;-66;-1396;-39;371;171;76;33;0
2018/10/02/14:03:44.409983;;;-12943;-3087;9217;306;1278;-130;-1383;-65;304;239;76;33;0
2018/10/02/14:03:44.428087;;;-13375;-3135;9617;278;1092;84;-1383;-65;304;51;77;33;0
2018/10/02/14:03:44.438113;;;-13823;-2815;8849;286;980;130;-1383;-65;304;119;77;33;0
2018/10/02/14:03:44.450967;;;-13743;-2431;9441;288;922;48;-1383;-78;229;187;77;33;0
2018/10/02/14:03:44.463015;;;-13903;-2303;9265;350;808;44;-1383;-78;229;255;77;33;0
2018/10/02/14:03:44.479037;;;-14239;-2095;8673;378;856;160;-1428;-58;162;67;78;33;0
2018/10/02/14:03:44.491006;;;-14159;-2239;8977;162;762;262;-1428;-58;162;135;78;33;0
2018/10/02/14:03:44.504004;;;-14495;-2095;8785;142;900;202;-1428;-58;162;203;78;33;0
2018/10/02/14:03:44.516011;;;-14399;-2031;8945;126;658;300;-1415;-39;162;32;79;33;0
2018/10/02/14:03:44.532011;;;-14623;-1983;9297;38;728;238;-1415;-39;162;100;79;33;0
2018/10/02/14:03:44.545022;;;-14847;-1823;9041;36;828;196;-1453;-26;114;168;79;33;0
2018/10/02/14:03:44.556933;;;-14415;-1327;9313;-48;730;208;-1453;-26;114;236;79;33;0
2018/10/02/14:03:44.568998;;;-14607;-1551;8833;6;854;196;-1421;-19;27;48;80;33;0
2018/10/02/14:03:44.586016;;;-14783;-1711;8993;8;956;50;-1421;-19;27;116;80;33;0
2018/10/02/14:03:44.598065;;;-14959;-1743;8417;-102;980;112;-1421;-19;27;184;80;33;0
2018/10/02/14:03:44.610008;;;-15039;-1967;8049;-110;1136;184;-1434;-32;13;252;80;33;0
2018/10/02/14:03:44.622951;;;-15327;-1983;7761;-180;1034;214;-1434;-32;13;64;81;33;0
2018/10/02/14:03:44.638977;;;-15439;-1855;7425;-88;994;214;-1434;-32;13;132;81;33;0
2018/10/02/14:03:44.651002;;;-15391;-1711;6945;-104;1184;224;-1434;19;-81;200;81;33;0
2018/10/02/14:03:44.663990;;;-15087;-1935;6961;-56;1070;50;-1434;19;-81;12;82;33;0
2018/10/02/14:03:44.675981;;;-15423;-2079;6481;28;1060;188;-1415;26;-108;80;82;33;0
2018/10/02/14:03:44.687995;;;-15743;-1471;6001;-80;948;136;-1415;26;-108;148;82;33;0
2018/10/02/14:03:44.703988;;;-15823;-1439;6145;-80;946;152;-1415;26;-108;216;82;33;0
2018/10/02/14:03:44.717005;;;-15871;-1135;6657;-2;962;148;-1440;13;-148;45;83;33;0
2018/10/02/14:03:44.728931;;;-15855;-1183;5873;-84;914;128;-1440;13;-148;113;83;33;0
2018/10/02/14:03:44.741005;;;-15775;-1199;5809;-134;960;16;-1434;39;-209;181;83;33;0
2018/10/02/14:03:44.757994;;;-15999;-831;5041;24;962;82;-1434;39;-209;249;83;33;0
2018/10/02/14:03:44.769990;;;-15743;-927;5057;-4;926;58;-1396;78;-250;61;84;33;0
2018/10/02/14:03:44.781991;;;-15631;-943;4641;36;918;-140;-1396;78;-250;129;84;33;0
2018/10/02/14:03:44.794990;;;-15519;-879;4209;-2;1026;20;-1396;78;-250;197;84;33;0
2018/10/02/14:03:44.810992;;;-15407;-1151;3793;74;1038;98;-1396;71;-283;9;85;33;0
2018/10/02/14:03:44.822994;;;-15759;-1263;3537;96;992;6;-1396;71;-283;60;85;33;0
2018/10/02/14:03:44.835982;;;-15551;-1199;3553;-30;924;42;-1396;71;-283;144;85;33;0
2018/10/02/14:03:44.847985;;;-15423;-1551;3201;22;898;-142;-1389;84;-364;212;85;33;0
2018/10/02/14:03:44.863986;;;-15311;-1567;2913;0;890;-142;-1389;84;-364;24;86;33;0
2018/10/02/14:03:44.876017;;;-15199;-1759;2353;48;1036;-154;-1389;111;-452;92;86;33;0
2018/10/02/14:03:44.889009;;;-15119;-1679;2609;54;812;-114;-1389;111;-452;160;86;33;0
2018/10/02/14:03:44.901008;;;-15455;-1519;2513;84;928;-26;-1389;111;-452;228;86;33;0
2018/10/02/14:03:44.916989;;;-15535;-1487;1841;82;872;-14;-1345;91;-452;57;87;33;0
2018/10/02/14:03:44.929997;;;-15407;-1295;1793;178;788;-78;-1345;91;-452;125;87;33;0
2018/10/02/14:03:44.941992;;;-15647;-1215;1217;156;836;20;-1338;84;-479;193;87;33;0
2018/10/02/14:03:44.953963;;;-15343;-1311;337;124;684;8;-1338;84;-479;5;88;33;0
2018/10/02/14:03:44.967006;;;-15119;-1599;769;54;624;-40;-1351;52;-533;73;88;33;0
2018/10/02/14:03:44.983017;;;-15135;-1583;161;-62;672;-62;-1351;52;-533;141;88;33;0
2018/10/02/14:03:44.994990;;;-15231;-1727;65;-34;626;-92;-1351;52;-533;209;88;33;0
2018/10/02/14:03:45.007997;;;-15311;-1823;209;-80;514;-198;-1306;98;-527;21;89;33;0
2018/10/02/14:03:45.019989;;;-15295;-1567;-207;-76;392;152;-1306;98;-527;89;89;33;0
2018/10/02/14:03:45.036036;;;-15087;-1919;209;-116;310;-16;-1306;98;-527;157;89;33;0
2018/10/02/14:03:45.049027;;;-15343;-1919;-175;-102;422;34;-1281;104;-567;225;89;33;0
2018/10/02/14:03:45.061002;;;-15167;-1711;129;-142;462;-4;-1281;104;-567;37;90;33;0
2018/10/02/14:03:45.073014;;;-15247;-1823;561;-80;356;76;-1293;124;-601;105;90;33;0
2018/10/02/14:03:45.089015;;;-15471;-2207;449;-68;390;44;-1293;124;-601;173;90;33;0
2018/10/02/14:03:45.102013;;;-15279;-1871;577;-232;510;32;-1293;124;-601;241;90;33;0
2018/10/02/14:03:45.113990;;;-15263;-1663;81;-70;474;-28;-1268;91;-641;70;91;33;0
2018/10/02/14:03:45.126044;;;-15199;-1343;1;0;536;92;-1268;91;-641;138;91;33;0
2018/10/02/14:03:45.142993;;;-15487;-1727;-447;0;528;98;-1236;104;-635;206;91;33;0
2018/10/02/14:03:45.154992;;;-15567;-1887;-1247;6;572;4;-1236;104;-635;18;92;33;0
2018/10/02/14:03:45.166996;;;-15711;-1967;-495;12;560;100;-1236;130;-662;86;92;33;0
2018/10/02/14:03:45.180002;;;-15823;-1599;-1679;-32;374;114;-1236;130;-662;154;92;33;0
2018/10/02/14:03:45.195980;;;-15663;-1343;-1775;18;458;42;-1236;130;-662;222;92;33;0
2018/10/02/14:03:45.208014;;;-15695;-1391;-1759;138;430;28;-1249;91;-662;34;93;33;0
2018/10/02/14:03:45.221035;;;-16031;-1567;-1983;114;218;308;-1249;91;-662;102;93;33;0
2018/10/02/14:03:45.233039;;;-16063;-1631;-1615;172;226;114;-1242;117;-702;170;93;33;0
2018/10/02/14:03:45.245027;;;-15919;-1471;-2111;176;238;94;-1242;117;-702;238;93;33;0
2018/10/02/14:03:45.261038;;;-15999;-1375;-1871;180;122;-22;-1242;117;-702;50;94;33;0
2018/10/02/14:03:45.274014;;;-15999;-1647;-1583;162;182;42;-1230;124;-702;118;94;33;0
2018/10/02/14:03:45.286014;;;-16319;-1375;-2159;150;138;-118;-1230;124;-702;186;94;33;0
2018/10/02/14:03:45.298025;;;-16239;-1199;-1135;124;138;20;-1230;124;-702;254;94;33;0
2018/10/02/14:03:45.315020;;;-16111;-1199;-1359;144;-46;54;-1191;111;-729;66;95;33;0
2018/10/02/14:03:45.327013;;;-15903;-1263;-1263;82;-48;-4;-1191;111;-729;151;95;33;0
2018/10/02/14:03:45.339019;;;-15855;-1231;-543;-18;-90;98;-1236;104;-763;219;95;33;0
2018/10/02/14:03:45.352003;;;-15839;-1407;-687;-42;-88;-28;-1236;104;-763;31;96;33;0
2018/10/02/14:03:45.368014;;;-15967;-1535;-447;-134;-48;-64;-1223;117;-729;99;96;33;0
2018/10/02/14:03:45.380024;;;-15951;-1743;-735;-70;38;-80;-1223;117;-729;167;96;33;0
2018/10/02/14:03:45.393012;;;-16095;-1695;-799;-94;44;70;-1223;117;-729;235;96;33;0
2018/10/02/14:03:45.405003;;;-16015;-1919;-863;-60;102;70;-1210;124;-750;47;97;33;0
2018/10/02/14:03:45.421015;;;-16111;-2095;-1183;0;126;128;-1210;124;-750;115;97;33;0
2018/10/02/14:03:45.433997;;;-16287;-2015;-895;-26;130;-26;-1230;111;-689;183;97;33;0
2018/10/02/14:03:45.445991;;;-16543;-1839;-1039;26;64;-42;-1230;111;-689;251;97;33;0
2018/10/02/14:03:45.458012;;;-16479;-2063;-1215;50;64;32;-1230;111;-689;63;98;33;0
2018/10/02/14:03:45.474013;;;-16383;-1871;-1439;144;176;84;-1230;156;-716;131;98;33;0
2018/10/02/14:03:45.487013;;;-16367;-1855;-1775;40;14;12;-1230;156;-716;199;98;33;0
2018/10/02/14:03:45.499003;;;-16271;-1535;-1535;112;48;98;-1230;156;-716;11;99;33;0
2018/10/02/14:03:45.511003;;;-16543;-1711;-1455;118;-24;98;-1210;163;-668;79;99;33;0
2018/10/02/14:03:45.527989;;;-16607;-1839;-1295;120;-132;280;-1210;163;-668;164;99;33;0
2018/10/02/14:03:45.540004;;;-16719;-1327;-1039;234;-148;220;-1217;124;-709;232;99;33;0
2018/10/02/14:03:45.552003;;;-16719;-959;-1183;196;-98;114;-1217;124;-709;44;100;33;0
2018/10/02/14:03:45.565025;;;-16639;-863;-1135;176;-102;224;-1191;124;-722;112;100;33;0
2018/10/02/14:03:45.577017;;;-16319;-927;-1071;150;120;-68;-1191;124;-722;180;100;33;0
2018/10/02/14:03:45.592987;;;-16431;-1087;-1151;140;-52;28;-1191;124;-722;248;100;33;0
2018/10/02/14:03:45.606035;;;-16367;-815;-1215;60;-102;56;-1191;124;-702;60;101;33;0
2018/10/02/14:03:45.618017;;;-16063;-1263;-1279;108;-46;-190;-1191;124;-702;128;101;33;0
2018/10/02/14:03:45.629969;;;-16383;-1519;-1039;170;-72;-8;-1217;143;-682;196;101;33;0
2018/10/02/14:03:45.646087;;;-16159;-1215;-1103;84;-128;-80;-1217;143;-682;8;102;33;0
2018/10/02/14:03:45.659009;;;-16383;-1311;-831;-26;-150;-46;-1217;143;-682;76;102;33;0
2018/10/02/14:03:45.670997;;;-16367;-1071;-879;30;-148;100;-1242;124;-675;144;102;33;0
2018/10/02/14:03:45.682999;;;-16303;-1039;-1167;48;-94;-56;-1242;124;-675;212;102;33;0
2018/10/02/14:03:45.700006;;;-16207;-975;-1039;-70;-50;-58;-1242;124;-675;24;103;33;0
2018/10/02/14:03:45.712001;;;-16271;-1327;-1359;-138;-138;38;-1210;137;-756;92;103;33;0
2018/10/02/14:03:45.723998;;;-16303;-1279;-1151;-114;-236;90;-1210;137;-756;177;103;33;0
2018/10/02/14:03:45.737023;;;-16479;-1519;-847;-68;-156;14;-1204;150;-736;245;103;33;0
2018/10/02/14:03:45.753018;;;-16303;-1423;-1231;-84;-248;-82;-1204;150;-736;57;104;33;0
2018/10/02/14:03:45.765008;;;-16319;-1407;-943;-54;-224;84;-1204;143;-662;125;104;33;0
2018/10/02/14:03:45.778008;;;-16127;-1311;-1183;26;-316;46;-1204;143;-662;193;104;33;0
2018/10/02/14:03:45.790003;;;-16367;-1215;-1327;-6;-260;28;-1204;143;-662;5;105;33;0
2018/10/02/14:03:45.806020;;;-16463;-1327;-1135;-72;-174;-72;-1230;84;-682;73;105;33;0
2018/10/02/14:03:45.819017;;;-16479;-1311;-1119;-138;-272;-60;-1230;84;-682;141;105;33;0
2018/10/02/14:03:45.831005;;;-16399;-1311;-1295;-24;-224;66;-1230;137;-709;209;105;33;0
2018/10/02/14:03:45.843023;;;-16335;-1359;-1679;-78;-148;-102;-1230;137;-709;21;106;33;0
2018/10/02/14:03:45.854980;;;-16207;-1231;-1199;-100;-368;196;-1230;137;-709;89;106;33;0
2018/10/02/14:03:45.872038;;;-16319;-1999;-1359;-70;-458;-22;-1223;111;-689;157;106;33;0
2018/10/02/14:03:45.884020;;;-16335;-1759;-2015;-176;-536;236;-1223;111;-689;225;106;33;0
2018/10/02/14:03:45.896182;;;-16415;-1919;-1279;-166;-778;166;-1223;111;-689;37;107;33;0
2018/10/02/14:03:45.909027;;;-16543;-1791;-1615;-120;-848;214;-1261;143;-655;105;107;33;0
2018/10/02/14:03:45.925020;;;-16367;-1455;-1471;-62;-1030;230;-1261;143;-655;173;107;33;0
2018/10/02/14:03:45.937044;;;-16159;-1423;-655;-126;-982;168;-1268;124;-614;2;108;33;0
2018/10/02/14:03:45.950027;;;-15935;-1247;129;-78;-1248;126;-1268;124;-614;70;108;33;0
2018/10/02/14:03:45.962008;;;-16015;-1407;1185;-142;-1180;114;-1306;117;-547;138;108;33;0
2018/10/02/14:03:45.978019;;;-16095;-1519;1601;-190;-1266;168;-1306;117;-547;206;108;33;0
2018/10/02/14:03:45.990992;;;-16063;-991;1489;-134;-1378;342;-1306;117;-547;18;109;33;0
2018/10/02/14:03:46.003026;;;-16111;-991;1505;-120;-1580;296;-1293;143;-452;86;109;33;0
2018/10/02/14:03:46.015000;;;-16255;-1087;1905;-260;-1636;326;-1293;143;-452;154;109;33;0
2018/10/02/14:03:46.031034;;;-16095;-815;2369;-242;-1704;286;-1357;156;-452;222;109;33;0
2018/10/02/14:03:46.044011;;;-15823;-831;3041;-284;-1686;314;-1357;156;-452;34;110;33;0
2018/10/02/14:03:46.056756;;;-15327;-351;3585;-318;-1762;426;-1357;156;-452;102;110;33;0
2018/10/02/14:03:46.068127;;;-15071;-527;4705;-366;-1882;430;-1408;202;-351;170;110;33;0
2018/10/02/14:03:46.085144;;;-15023;-751;5057;-136;-1766;420;-1408;202;-351;238;110;33;0
2018/10/02/14:03:46.097133;;;-15103;-511;5729;-334;-1858;410;-1408;202;-351;50;111;33;0
2018/10/02/14:03:46.109297;;;-15055;1;5345;-390;-1858;462;-1408;196;-250;118;111;33;0
2018/10/02/14:03:46.122395;;;-15279;81;5505;-490;-1900;356;-1408;196;-250;186;111;33;0
2018/10/02/14:03:46.138202;;;-15199;33;6321;-422;-1670;400;-1376;222;-108;15;112;33;0
2018/10/02/14:03:46.150145;;;-14943;33;6305;-432;-1714;294;-1376;222;-108;83;112;33;0
2018/10/02/14:03:46.163208;;;-14111;337;7249;-486;-1714;394;-1383;254;-114;151;112;33;0
2018/10/02/14:03:46.175280;;;-13759;337;8193;-530;-1770;238;-1383;254;-114;219;112;33;0
2018/10/02/14:03:46.187042;;;-13535;449;8705;-560;-1652;202;-1383;254;-114;31;113;33;0
2018/10/02/14:03:46.204144;;;-13535;513;8865;-612;-1676;256;-1421;254;40;99;113;33;0
2018/10/02/14:03:46.216190;;;-13407;129;9137;-632;-1534;352;-1421;254;40;167;113;33;0
2018/10/02/14:03:46.228192;;;-13471;145;9249;-620;-1544;370;-1428;254;87;235;113;33;0
2018/10/02/14:03:46.240513;;;-13567;-15;9601;-806;-1470;398;-1428;254;87;47;114;33;0
2018/10/02/14:03:46.257228;;;-13487;241;9857;-858;-1462;290;-1428;254;87;115;114;33;0
2018/10/02/14:03:46.269119;;;-13343;145;10033;-958;-1346;210;-1383;241;175;183;114;33;0
2018/10/02/14:03:46.281183;;;-13119;-15;10113;-952;-1194;274;-1383;241;175;251;114;33;0
2018/10/02/14:03:46.294238;;;-13151;-271;10145;-1024;-1284;14;-1408;267;270;62;115;33;0
2018/10/02/14:03:46.310304;;;-13023;-239;10161;-1080;-1044;-8;-1408;267;270;130;115;33;0
2018/10/02/14:03:46.322411;;;-12271;-335;10209;-984;-1004;12;-1408;267;270;198;115;33;0
2018/10/02/14:03:46.335173;;;-12271;-735;10177;-1082;-1162;12;-1389;241;310;27;116;33;0
2018/10/02/14:03:46.347124;;;-12015;-1247;10145;-1036;-1076;-18;-1389;241;310;95;116;33;0
2018/10/02/14:03:46.363181;;;-11855;-1215;10033;-1008;-1058;76;-1370;222;378;163;116;33;0
2018/10/02/14:03:46.376016;;;-11535;-1855;10369;-1012;-1136;104;-1370;222;378;248;116;33;0
2018/10/02/14:03:46.392017;;;-11727;-1983;10001;-958;-1124;136;-1370;222;378;60;117;33;0
2018/10/02/14:03:46.403939;;;-11535;-1823;9953;-906;-1274;6;-1338;209;445;128;117;33;0
2018/10/02/14:03:46.416002;;;-11439;-1647;10001;-858;-1268;-136;-1338;209;445;196;117;33;0
2018/10/02/14:03:46.429038;;;-11359;-1919;10097;-642;-1444;-104;-1332;196;506;8;118;33;0
2018/10/02/14:03:46.445034;;;-10623;-2255;10657;-712;-1578;-10;-1332;196;506;76;118;33;0
2018/10/02/14:03:46.457036;;;-10015;-2847;10721;-562;-1644;68;-1332;196;506;144;118;33;0
2018/10/02/14:03:46.470047;;;-9391;-3183;10833;-482;-1708;-50;-1261;183;567;212;118;33;0
2018/10/02/14:03:46.482009;;;-9215;-2543;11345;-294;-1740;-42;-1261;183;567;24;119;33;0
2018/10/02/14:03:46.498030;;;-9023;-3231;11825;-134;-1772;56;-1293;137;641;92;119;33;0
2018/10/02/14:03:46.511019;;;-8575;-4143;12225;-112;-1782;-12;-1293;137;641;160;119;33;0
2018/10/02/14:03:46.523013;;;-8975;-3055;12193;-40;-1800;-212;-1293;137;641;228;119;33;0
2018/10/02/14:03:46.535006;;;-8271;-2319;12401;2;-1732;-208;-1230;183;750;40;120;33;0
2018/10/02/14:03:46.552012;;;-7887;-2239;12865;206;-1682;-110;-1230;183;750;108;120;33;0
2018/10/02/14:03:46.564005;;;-7439;-2367;13153;234;-1646;-240;-1178;150;824;176;120;33;0
2018/10/02/14:03:46.576001;;;-7071;-2367;13297;344;-1592;-288;-1178;150;824;244;120;33;0
2018/10/02/14:03:46.589042;;;-6607;-2239;13361;406;-1462;-338;-1178;150;824;73;121;33;0
2018/10/02/14:03:46.605036;;;-6175;-2015;14593;444;-1398;-306;-1121;143;864;141;121;33;0
2018/10/02/14:03:46.617031;;;-5647;-2511;14465;558;-1246;-378;-1121;143;864;209;121;33;0
2018/10/02/14:03:46.629031;;;-5439;-2367;14785;568;-1132;-410;-1102;117;912;21;122;33;0
2018/10/02/14:03:46.642012;;;-5199;-1967;15073;434;-1152;-324;-1102;117;912;89;122;33;0
2018/10/02/14:03:46.658000;;;-5135;-2047;14753;544;-1058;-310;-1102;117;912;157;122;33;0
2018/10/02/14:03:46.670034;;;-5199;-1807;15121;496;-864;-400;-1051;150;932;225;122;33;0
2018/10/02/14:03:46.683016;;;-4943;-1535;14769;502;-942;-358;-1051;150;932;37;123;33;0
2018/10/02/14:03:46.694955;;;-4175;-1551;14785;378;-900;-360;-1031;130;1000;105;123;33;0
2018/10/02/14:03:46.707029;;;-4191;-1615;15281;328;-882;-138;-1031;130;1000;173;123;33;0
2018/10/02/14:03:46.724021;;;-4175;-1823;15009;290;-908;-356;-1031;130;1000;241;123;33;0
2018/10/02/14:03:46.736055;;;-4159;-1871;15249;198;-978;-178;-1012;150;986;53;124;33;0
2018/10/02/14:03:46.748039;;;-3631;-1647;15409;160;-932;-84;-1012;150;986;121;124;33;0
2018/10/02/14:03:46.761131;;;-3391;-1647;15585;118;-1046;48;-948;143;1013;189;124;33;0
2018/10/02/14:03:46.777215;;;-3087;-1455;16081;42;-846;10;-948;143;1013;1;125;33;0
2018/10/02/14:03:46.789247;;;-3119;-1455;16017;-142;-940;104;-948;143;1013;86;125;33;0
2018/10/02/14:03:46.801547;;;-2847;-1071;16113;-200;-942;126;-910;91;1027;154;125;33;0
2018/10/02/14:03:46.814116;;;-2559;-1023;16689;-278;-874;232;-910;91;1027;222;125;33;0
2018/10/02/14:03:46.830115;;;-2127;-1119;17073;-200;-648;68;-872;98;1067;34;126;33;0
2018/10/02/14:03:46.842169;;;-1999;-1087;17393;-340;-650;252;-872;98;1067;102;126;33;0
2018/10/02/14:03:46.855224;;;-2223;-991;17585;-336;-582;124;-872;98;1067;170;126;33;0
2018/10/02/14:03:46.867585;;;-2047;-719;17361;-88;-398;80;-840;117;1047;238;126;33;0
2018/10/02/14:03:46.883164;;;-1951;-479;17473;-214;-334;118;-840;117;1047;50;127;33;0
2018/10/02/14:03:46.896161;;;-2047;-703;17329;-162;-146;-106;-827;91;1054;118;127;33;0
2018/10/02/14:03:46.908153;;;-1695;-1103;16961;-96;-80;-86;-827;91;1054;186;127;33;0
2018/10/02/14:03:46.920327;;;-1791;-1519;16865;-8;-82;-100;-827;91;1054;254;127;33;0
2018/10/02/14:03:46.937459;;;-1887;-1935;16609;-26;-70;-214;-827;71;1121;66;128;33;0
2018/10/02/14:03:46.949552;;;-2207;-2111;16273;28;-50;-68;-827;71;1121;134;128;33;0
2018/10/02/14:03:46.961159;;;-2239;-2063;15585;-20;-134;-90;-840;71;1087;202;128;33;0
2018/10/02/14:03:46.974272;;;-2319;-1887;15665;72;-102;-30;-840;71;1087;14;129;33;0
2018/10/02/14:03:46.986249;;;-2415;-1711;15361;166;-186;-158;-840;71;1087;99;129;33;0
2018/10/02/14:03:47.002429;;;-2223;-1743;15233;168;-302;-92;-840;91;1081;167;129;33;0
2018/10/02/14:03:47.014138;;;-1919;-1599;15377;46;-422;-56;-840;91;1081;235;129;33;0
2018/10/02/14:03:47.027149;;;-1887;-1999;15793;72;-476;-80;-782;117;1121;47;130;33;0
2018/10/02/14:03:47.039163;;;-1695;-1663;15985;120;-570;-220;-782;117;1121;115;130;33;0
2018/10/02/14:03:47.055222;;;-1487;-1407;16545;180;-512;38;-782;117;1121;183;130;33;0
2018/10/02/14:03:47.068459;;;-1391;-1375;16833;118;-530;-154;-769;91;1141;251;130;33;0
2018/10/02/14:03:47.080113;;;-1295;-1183;16753;184;-452;-16;-769;91;1141;63;131;33;0
2018/10/02/14:03:47.092191;;;-1247;-1295;16801;46;-276;-138;-776;91;1162;131;131;33;0
2018/10/02/14:03:47.109194;;;-1135;-1039;16865;188;-264;-62;-776;91;1162;199;131;33;0
2018/10/02/14:03:47.121068;;;-975;-1167;16977;144;-304;-66;-776;91;1162;11;132;33;0
2018/10/02/14:03:47.133050;;;-1151;-1039;16721;126;-52;-156;-738;104;1121;79;132;33;0
2018/10/02/14:03:47.145989;;;-959;-1183;16993;64;-28;-208;-738;104;1121;147;132;33;0
2018/10/02/14:03:47.162034;;;-1023;-959;16721;90;-24;-232;-763;111;1128;215;132;33;0
2018/10/02/14:03:47.174034;;;-1103;-895;16129;160;-12;-142;-763;111;1128;27;133;33;0
2018/10/02/14:03:47.186028;;;-1311;-1007;16097;42;26;-22;-763;111;1128;95;133;33;0
2018/10/02/14:03:47.199075;;;-1471;-1071;15553;82;-30;-142;-744;137;1168;180;133;33;0
2018/10/02/14:03:47.215036;;;-1551;-1087;15889;46;-116;-106;-744;137;1168;248;133;33;0
2018/10/02/14:03:47.227027;;;-1391;-1119;15681;-92;-80;6;-661;111;1087;60;134;33;0
2018/10/02/14:03:47.239968;;;-1343;-1327;15761;-124;-180;4;-661;111;1087;128;134;33;0
2018/10/02/14:03:47.252018;;;-1391;-1359;15729;-66;-4;-42;-661;111;1087;196;134;33;0
2018/10/02/14:03:47.268007;;;-1503;-1407;15537;-132;-112;4;-680;117;1128;8;135;33;0
2018/10/02/14:03:47.281045;;;-1247;-1311;15633;-68;14;26;-680;117;1128;76;135;33;0
2018/10/02/14:03:47.293039;;;-1247;-1327;15585;-28;-210;-28;-706;84;1162;144;135;33;0
2018/10/02/14:03:47.305040;;;-1199;-1247;15761;-122;-192;-36;-706;84;1162;212;135;33;0
2018/10/02/14:03:47.318039;;;-1151;-1455;16033;-180;-182;-76;-706;84;1162;24;136;33;0
2018/10/02/14:03:47.334027;;;-895;-1503;15889;-164;-148;-22;-738;71;1168;92;136;33;0
2018/10/02/14:03:47.345950;;;-911;-1263;15889;-114;-228;26;-738;71;1168;160;136;33;0
2018/10/02/14:03:47.359026;;;-911;-1311;16449;-168;-158;32;-712;52;1175;228;136;33;0
2018/10/02/14:03:47.371018;;;-687;-1231;16513;-120;-180;-22;-712;52;1175;40;137;33;0
2018/10/02/14:03:47.387029;;;-799;-1423;16225;-96;-74;24;-712;52;1175;108;137;33;0
2018/10/02/14:03:47.399029;;;-815;-1167;16177;-142;-82;-34;-674;45;1148;193;137;33;0
2018/10/02/14:03:47.412023;;;-815;-1391;16289;-76;-50;-32;-674;45;1148;5;138;33;0
2018/10/02/14:03:47.424038;;;-799;-1535;16097;30;-96;-64;-699;65;1175;73;138;33;0
2018/10/02/14:03:47.440042;;;-767;-1695;16129;-56;-76;-80;-699;65;1175;141;138;33;0
2018/10/02/14:03:47.453044;;;-687;-1679;15889;34;-30;-64;-699;65;1175;209;138;33;0
2018/10/02/14:03:47.465039;;;-783;-1839;16081;18;-12;-28;-712;91;1148;21;139;33;0
2018/10/02/14:03:47.477048;;;-831;-1999;15937;20;-86;-128;-712;91;1148;89;139;33;0
2018/10/02/14:03:47.494029;;;-703;-1663;15921;56;-120;4;-693;104;1148;157;139;33;0
2018/10/02/14:03:47.506040;;;-399;-1391;16017;38;-66;-30;-693;104;1148;225;139;33;0
2018/10/02/14:03:47.518032;;;-431;-1487;16289;100;-128;-52;-693;104;1148;37;140;33;0
2018/10/02/14:03:47.531025;;;-223;-1359;15921;140;-74;-64;-680;71;1155;105;140;33;0
2018/10/02/14:03:47.546946;;;-95;-1311;16129;154;-54;-6;-680;71;1155;173;140;33;0
2018/10/02/14:03:47.559032;;;-287;-1535;15969;136;-16;-22;-680;58;1168;241;140;33;0
2018/10/02/14:03:47.571023;;;-447;-1311;15697;72;16;-6;-680;58;1168;53;141;33;0
2018/10/02/14:03:47.584032;;;-703;-1471;15457;156;-54;10;-680;58;1168;121;141;33;0
2018/10/02/14:03:47.596011;;;-975;-1167;15857;102;-102;-2;-661;98;1182;206;141;33;0
2018/10/02/14:03:47.612031;;;-607;-1247;15761;116;8;-100;-661;98;1182;18;142;33;0
2018/10/02/14:03:47.625062;;;-591;-847;15777;26;-74;-36;-674;98;1189;86;142;33;0
2018/10/02/14:03:47.637212;;;-543;-879;15857;116;-80;-154;-674;98;1189;154;142;33;0
2018/10/02/14:03:47.649101;;;-191;-767;16209;120;-52;-112;-674;98;1189;222;142;33;0
2018/10/02/14:03:47.666135;;;-303;-1103;16193;72;100;-110;-680;111;1141;34;143;33;0
2018/10/02/14:03:47.678214;;;-431;-1583;15905;44;-62;-202;-680;111;1141;102;143;33;0
2018/10/02/14:03:47.690500;;;-367;-1727;15601;76;-108;-226;-686;65;1189;170;143;33;0
2018/10/02/14:03:47.703135;;;-367;-1567;15729;86;-40;-268;-686;65;1189;238;143;33;0
2018/10/02/14:03:47.719110;;;-239;-1663;15601;110;12;-218;-686;65;1189;50;144;33;0
2018/10/02/14:03:47.731211;;;-383;-1647;15713;100;-192;-134;-699;45;1162;118;144;33;0
2018/10/02/14:03:47.744223;;;-527;-1711;15857;102;-48;62;-699;45;1162;185;144;33;0
2018/10/02/14:03:47.756486;;;-335;-1775;15889;112;18;50;-674;91;1175;253;144;33;0
2018/10/02/14:03:47.772542;;;-639;-1775;16081;28;-118;230;-674;91;1175;65;145;33;0
2018/10/02/14:03:47.784168;;;-575;-1823;16305;64;12;304;-674;91;1175;133;145;33;0
2018/10/02/14:03:47.797155;;;-511;-1919;16161;10;-34;482;-667;117;1189;201;145;33;0
2018/10/02/14:03:47.809231;;;-575;-1967;16385;-12;0;378;-667;117;1189;30;146;33;0
2018/10/02/14:03:47.825310;;;-703;-1295;16417;-4;196;362;-661;78;1148;98;146;33;0
2018/10/02/14:03:47.838411;;;-975;-1375;16209;-150;154;484;-661;78;1148;166;146;33;0
2018/10/02/14:03:47.850161;;;-655;-1311;16241;-124;102;546;-661;78;1148;234;146;33;0
2018/10/02/14:03:47.862166;;;-735;-895;16273;-192;212;594;-661;104;1182;46;147;33;0
2018/10/02/14:03:47.879162;;;-895;-1375;16209;-206;176;650;-661;104;1182;114;147;33;0
2018/10/02/14:03:47.891302;;;-975;-1023;16097;-154;308;630;-699;124;1108;182;147;33;0
2018/10/02/14:03:47.903584;;;-927;-1103;15745;-156;222;620;-699;124;1108;250;147;33;0
2018/10/02/14:03:47.916268;;;-1023;-975;15729;-198;318;618;-699;124;1108;62;148;33;0
2018/10/02/14:03:47.928101;;;-735;-1855;16321;-104;306;840;-693;143;1168;130;148;33;0
2018/10/02/14:03:47.944251;;;-879;-1647;16817;-102;224;754;-693;143;1168;198;148;33;0
2018/10/02/14:03:47.956361;;;-1407;-1183;15665;-44;350;846;-667;130;1128;10;149;33;0
2018/10/02/14:03:47.969136;;;-1167;-639;16801;-132;226;768;-667;130;1128;78;149;33;0
2018/10/02/14:03:47.981103;;;-2287;1777;14257;-154;288;736;-667;130;1128;146;149;33;0
2018/10/02/14:03:47.997316;;;-1743;177;16161;-146;232;734;-680;169;1155;214;149;33;0
2018/10/02/14:03:48.010197;;;-975;369;16753;-134;128;684;-680;169;1155;43;150;33;0
2018/10/02/14:03:48.022603;;;-1695;-431;15009;-52;180;748;-674;150;1121;111;150;33;0
2018/10/02/14:03:48.034146;;;-1775;-847;18401;-100;168;630;-674;150;1121;179;150;33;0
2018/10/02/14:03:48.051142;;;-991;-1679;16401;-126;198;570;-674;150;1121;247;150;33;0
2018/10/02/14:03:48.063061;;;-1663;-2511;16113;-74;240;692;-686;189;1108;59;151;33;0
2018/10/02/14:03:48.075036;;;-1103;-2751;17617;-184;168;740;-686;189;1108;127;151;33;0
2018/10/02/14:03:48.088053;;;-2719;-975;14865;-124;184;800;-718;202;1175;195;151;33;0
2018/10/02/14:03:48.104163;;;-863;-2847;16433;-106;-38;958;-718;202;1175;7;152;33;0
2018/10/02/14:03:48.116030;;;-1247;-2511;15361;-290;96;994;-718;202;1175;75;152;33;0
2018/10/02/14:03:48.128051;;;-1503;-1343;16033;-330;154;1204;-699;196;1175;143;152;33;0
2018/10/02/14:03:48.141063;;;-911;-1967;16321;-370;14;1344;-699;196;1175;211;152;33;0
2018/10/02/14:03:48.157040;;;-1615;-1871;15425;-428;78;1408;-693;228;1135;23;153;33;0
2018/10/02/14:03:48.169054;;;-1567;-1439;17025;-278;76;1516;-693;228;1135;91;153;33;0
2018/10/02/14:03:48.182033;;;-1343;-1391;16129;-414;50;1492;-693;228;1135;159;153;33;0
2018/10/02/14:03:48.194030;;;-1759;-1743;15745;-318;200;1470;-654;235;1168;227;153;33;0
2018/10/02/14:03:48.206122;;;-1551;-2591;17009;-456;220;1434;-654;235;1168;56;154;33;0
2018/10/02/14:03:48.222994;;;-1295;-2783;16193;-532;200;1492;-654;254;1141;124;154;33;0
2018/10/02/14:03:48.235034;;;-1471;-2607;15969;-448;282;1438;-654;254;1141;192;154;33;0
2018/10/02/14:03:48.247041;;;-1583;-2735;16433;-546;276;1518;-654;254;1141;4;155;33;0
2018/10/02/14:03:48.260042;;;-1519;-2415;15473;-518;342;1622;-648;294;1121;72;155;33;0
2018/10/02/14:03:48.276032;;;-1279;-2495;16433;-506;366;1710;-648;294;1121;140;155;33;0
2018/10/02/14:03:48.288052;;;-1311;-1871;15377;-510;214;1766;-667;281;1128;208;155;33;0
2018/10/02/14:03:48.301054;;;-1775;-1823;16225;-520;282;1738;-667;281;1128;20;156;33;0
2018/10/02/14:03:48.313056;;;-1679;-2463;16769;-468;300;1646;-667;281;1128;88;156;33;0
2018/10/02/14:03:48.329055;;;-2287;-3071;15617;-400;240;1686;-661;307;1148;156;156;33;0
2018/10/02/14:03:48.341052;;;-2591;-3231;15953;-500;344;1750;-661;307;1148;224;156;33;0
2018/10/02/14:03:48.354035;;;-2735;-2831;15265;-536;226;1774;-623;326;1141;36;157;33;0
2018/10/02/14:03:48.366030;;;-2623;-2751;15217;-540;200;1636;-623;326;1141;104;157;33;0
2018/10/02/14:03:48.382052;;;-2783;-2111;15697;-590;52;1738;-623;326;1141;172;157;33;0
2018/10/02/14:03:48.395030;;;-2767;-1839;15377;-552;190;1812;-610;326;1195;240;157;33;0
2018/10/02/14:03:48.407041;;;-2527;-1583;16449;-506;74;1758;-610;326;1195;52;158;33;0
2018/10/02/14:03:48.419109;;;-2431;-1935;15969;-484;40;1736;-584;320;1135;137;158;33;0
2018/10/02/14:03:48.436036;;;-2415;-2223;14593;-458;60;1624;-584;320;1135;205;158;33;0
2018/10/02/14:03:48.448040;;;-2895;-2671;16129;-342;-24;1528;-584;320;1135;17;159;33;0
2018/10/02/14:03:48.460040;;;-3471;-2943;15441;-344;-28;1468;-533;392;1182;85;159;33;0
2018/10/02/14:03:48.473055;;;-3887;-2879;15409;-344;-74;1346;-533;392;1182;153;159;33;0
2018/10/02/14:03:48.485053;;;-3919;-2815;15873;-272;-44;1442;-501;385;1162;221;159;33;0
2018/10/02/14:03:48.501063;;;-3663;-3007;15457;-264;-158;1264;-501;385;1162;33;160;33;0
2018/10/02/14:03:48.514038;;;-3727;-2783;15713;-426;-30;1280;-501;385;1162;101;160;33;0
2018/10/02/14:03:48.526032;;;-3407;-2287;15217;-300;-148;1368;-501;392;1175;169;160;33;0
2018/10/02/14:03:48.538041;;;-2943;-2191;14849;-242;-152;1284;-501;392;1175;237;160;33;0
2018/10/02/14:03:48.554038;;;-2607;-2383;14625;-120;-216;1378;-450;424;1182;49;161;33;0
2018/10/02/14:03:48.567041;;;-3151;-2255;14529;2;-110;1366;-450;424;1182;117;161;33;0
2018/10/02/14:03:48.579042;;;-3279;-3839;15105;54;-202;1278;-450;424;1182;185;161;33;0
2018/10/02/14:03:48.591030;;;-3199;-4063;15361;46;-218;1248;-431;437;1175;253;161;33;0
2018/10/02/14:03:48.608042;;;-3631;-3375;16001;54;-292;1134;-431;437;1175;65;162;33;0
2018/10/02/14:03:48.620059;;;-3599;-2639;16417;238;-302;1302;-380;437;1189;150;162;33;0
2018/10/02/14:03:48.632035;;;-3567;-2175;15537;256;-336;1162;-380;437;1189;218;162;33;0
2018/10/02/14:03:48.645065;;;-3359;-1599;15777;182;-330;1120;-380;437;1189;30;163;33;0
2018/10/02/14:03:48.661057;;;-3311;-1439;15553;234;-370;1154;-341;464;1195;98;163;33;0
2018/10/02/14:03:48.673054;;;-3183;-1407;14913;342;-204;938;-341;464;1195;166;163;33;0
2018/10/02/14:03:48.686137;;;-2591;-2319;15393;322;-342;1102;-297;509;1189;234;163;33;0
2018/10/02/14:03:48.698061;;;-3247;-1167;15761;330;-332;1148;-297;509;1189;46;164;33;0
2018/10/02/14:03:48.714036;;;-3503;-831;15665;368;-372;1178;-297;509;1189;114;164;33;0
2018/10/02/14:03:48.726036;;;-3103;-799;15649;420;-330;1014;-277;490;1141;182;164;33;0
2018/10/02/14:03:48.739048;;;-3439;-1039;15745;462;-364;896;-277;490;1141;250;164;33;0
2018/10/02/14:03:48.751040;;;-3023;-1055;15377;332;-338;1000;-258;568;1195;62;165;33;0
2018/10/02/14:03:48.767025;;;-2607;-847;15393;358;-384;954;-258;568;1195;130;165;33;0
2018/10/02/14:03:48.780043;;;-2415;-1231;15473;322;-390;1168;-258;568;1195;198;165;33;0
2018/10/02/14:03:48.792039;;;-2863;-863;15265;302;-352;938;-214;594;1162;10;166;33;0
2018/10/02/14:03:48.804038;;;-2687;-1407;15617;352;-342;1012;-214;594;1162;78;166;33;0
2018/10/02/14:03:48.817072;;;-2495;-1743;15297;250;-366;1170;-194;575;1195;146;166;33;0
2018/10/02/14:03:48.833056;;;-2415;-1567;15329;318;-350;1054;-194;575;1195;231;166;33;0
2018/10/02/14:03:48.845065;;;-2127;-639;15425;376;-416;1164;-194;575;1195;43;167;33;0
2018/10/02/14:03:48.858046;;;-2015;-95;14689;196;-480;1274;-111;614;1182;111;167;33;0
2018/10/02/14:03:48.874037;;;-2015;193;14721;164;-414;1330;-111;614;1182;196;167;33;0
2018/10/02/14:03:48.886036;;;-1791;225;14545;172;-474;1220;-73;620;1135;8;168;33;0
2018/10/02/14:03:48.903041;;;-1519;-47;13745;222;-504;1330;-73;620;1135;76;168;33;0
2018/10/02/14:03:48.915056;;;-767;-1039;14961;134;-496;1336;-15;614;1175;144;168;33;0
2018/10/02/14:03:48.927047;;;-447;-1119;15777;0;-604;1402;-15;614;1175;212;168;33;0
2018/10/02/14:03:48.939050;;;113;-959;15697;-70;-614;1560;-15;614;1175;24;169;33;0
2018/10/02/14:03:48.956038;;;113;-447;16081;30;-618;1548;47;627;1128;92;169;33;0
2018/10/02/14:03:48.968050;;;193;1073;16321;-16;-582;1580;47;627;1128;160;169;33;0
2018/10/02/14:03:48.980046;;;257;769;15665;-62;-604;1622;124;614;1114;228;169;33;0
2018/10/02/14:03:48.993050;;;625;-255;17217;-212;-548;1542;124;614;1114;40;170;33;0
2018/10/02/14:03:49.005066;;;513;721;16913;-186;-494;1596;124;614;1114;108;170;33;0
2018/10/02/14:03:49.021071;;;449;273;17009;-154;-330;1522;169;620;1101;176;170;33;0
2018/10/02/14:03:49.034005;;;337;737;17505;-160;-196;1492;169;620;1101;244;170;33;0
2018/10/02/14:03:49.046098;;;1;177;16529;-204;-100;1490;169;620;1101;56;171;33;0
2018/10/02/14:03:49.058068;;;129;545;16785;-222;80;1334;214;568;1128;141;171;33;0
2018/10/02/14:03:49.075046;;;593;849;16449;-264;66;1470;214;568;1128;209;171;33;0
2018/10/02/14:03:49.087068;;;849;1697;16129;-344;0;1408;252;562;1087;21;172;33;0
2018/10/02/14:03:49.099069;;;1169;1425;16353;-302;120;1300;252;562;1087;89;172;33;0
2018/10/02/14:03:49.111067;;;881;177;15873;-368;84;1398;258;509;1141;157;172;33;0
2018/10/02/14:03:49.128072;;;625;-687;15953;-248;2;1280;258;509;1141;225;172;33;0
2018/10/02/14:03:49.140069;;;641;-911;16945;-354;128;1362;258;509;1141;37;173;33;0
2018/10/02/14:03:49.152068;;;-47;-799;15825;-318;126;1418;335;496;1162;105;173;33;0
2018/10/02/14:03:49.165071;;;1;-255;16193;-258;56;1214;335;496;1162;173;173;33;0
2018/10/02/14:03:49.181075;;;385;33;15713;-214;166;1320;367;529;1148;241;173;33;0
2018/10/02/14:03:49.193074;;;529;-127;15537;-202;230;1298;367;529;1148;53;174;33;0
2018/10/02/14:03:49.206066;;;241;-127;16017;-146;242;1238;367;529;1148;120;174;33;0
2018/10/02/14:03:49.218074;;;-287;-79;14977;36;186;1262;367;477;1135;188;174;33;0
2018/10/02/14:03:49.234069;;;-239;-207;16289;10;70;1340;367;477;1135;0;175;33;0
2018/10/02/14:03:49.247069;;;-223;129;15361;26;44;1022;367;477;1135;68;175;33;0
2018/10/02/14:03:49.259082;;;81;193;14801;116;-192;1084;335;470;1141;153;175;33;0
2018/10/02/14:03:49.271069;;;369;-31;14737;126;-118;990;335;470;1141;221;175;33;0
2018/10/02/14:03:49.288062;;;369;-367;14529;154;-310;938;399;470;1182;33;176;33;0
2018/10/02/14:03:49.300072;;;369;-127;14321;274;-358;1070;399;470;1182;101;176;33;0
2018/10/02/14:03:49.312072;;;465;-207;15073;320;-442;1090;482;431;1182;169;176;33;0
2018/10/02/14:03:49.324067;;;417;-559;15553;360;-470;1014;482;431;1182;237;176;33;0
2018/10/02/14:03:49.337079;;;481;-639;16209;390;-508;1006;482;431;1182;49;177;33;0
2018/10/02/14:03:49.353077;;;273;-495;15889;198;-604;994;482;405;1162;117;177;33;0
2018/10/02/14:03:49.365077;;;545;-463;15809;308;-480;994;482;405;1162;185;177;33;0
2018/10/02/14:03:49.378075;;;673;-223;15585;250;-608;1024;507;464;1114;253;177;33;0
2018/10/02/14:03:49.390069;;;657;289;15921;312;-566;982;507;464;1114;65;178;33;0
2018/10/02/14:03:49.406067;;;577;337;15825;162;-564;916;507;464;1114;133;178;33;0
2018/10/02/14:03:49.419075;;;401;433;16113;266;-434;1092;552;424;1114;201;178;33;0
2018/10/02/14:03:49.431069;;;385;353;16001;118;-472;960;552;424;1114;13;179;33;0
2018/10/02/14:03:49.443069;;;353;593;15649;130;-366;924;552;424;1114;81;179;33;0
2018/10/02/14:03:49.460073;;;1121;1633;16721;54;-422;770;591;385;1114;149;179;33;0
2018/10/02/14:03:49.472070;;;1345;1313;16177;-36;-370;748;591;385;1114;234;179;33;0
2018/10/02/14:03:49.484068;;;1153;1825;14817;-34;-230;740;603;405;1054;46;180;33;0
2018/10/02/14:03:49.496088;;;2065;1665;17809;4;-198;648;603;405;1054;114;180;33;0
2018/10/02/14:03:49.513078;;;2273;2225;14321;-78;-162;480;661;366;1108;182;180;33;0
2018/10/02/14:03:49.525076;;;2273;2145;15825;-90;-140;430;661;366;1108;250;180;33;0
2018/10/02/14:03:49.537083;;;2801;2097;16049;50;-206;254;661;366;1108;62;181;33;0
2018/10/02/14:03:49.550073;;;1825;2129;14593;-66;-86;326;667;359;1047;130;181;33;0
2018/10/02/14:03:49.566045;;;2241;1585;17169;-122;66;140;667;359;1047;198;181;33;0
2018/10/02/14:03:49.578076;;;1905;1841;15153;-50;-64;-16;635;352;1081;10;182;33;0
2018/10/02/14:03:49.591074;;;1857;1537;15793;8;68;-210;635;352;1081;78;182;33;0
2018/10/02/14:03:49.603070;;;1921;1393;15425;-74;-50;-168;635;352;1081;146;182;33;0
2018/10/02/14:03:49.615057;;;2161;801;14977;-66;76;-118;667;372;1060;214;182;33;0
2018/10/02/14:03:49.632053;;;2833;481;15601;-28;-114;-240;667;372;1060;26;183;33;0
2018/10/02/14:03:49.644046;;;2337;241;14481;14;-64;-278;667;372;1060;94;183;33;0
2018/10/02/14:03:49.656087;;;2593;289;14977;-108;-162;-232;674;392;1054;162;183;33;0
2018/10/02/14:03:49.669082;;;2209;97;15153;-116;-220;-346;674;392;1054;230;183;33;0
2018/10/02/14:03:49.685054;;;1873;-143;15329;-176;-226;-282;642;372;1067;59;184;33;0
2018/10/02/14:03:49.697071;;;2049;-95;15937;-196;-118;-162;642;372;1067;127;184;33;0
2018/10/02/14:03:49.709071;;;2097;257;15617;-98;-70;-266;635;359;1074;195;184;33;0
2018/10/02/14:03:49.722060;;;2417;177;16065;-116;14;-274;635;359;1074;7;185;33;0
2018/10/02/14:03:49.738060;;;2673;33;16113;-144;-52;-184;635;359;1074;75;185;33;0
2018/10/02/14:03:49.750057;;;2561;-47;15617;-136;100;-330;674;352;1060;143;185;33;0
2018/10/02/14:03:49.763073;;;2465;-639;16097;-148;0;-210;674;352;1060;211;185;33;0
2018/10/02/14:03:49.775050;;;2545;-751;15569;-134;64;-168;674;366;1101;23;186;33;0
2018/10/02/14:03:49.791053;;;2385;-1183;15649;-124;60;-44;674;366;1101;91;186;33;0
2018/10/02/14:03:49.804054;;;2449;-927;16193;-10;158;-64;674;366;1101;159;186;33;0
2018/10/02/14:03:49.816099;;;2145;-543;16017;-114;132;6;616;352;1081;227;186;33;0
2018/10/02/14:03:49.828056;;;1825;-607;15937;-180;136;96;616;352;1081;39;187;33;0
2018/10/02/14:03:49.845062;;;1665;-543;16065;-210;16;198;623;313;1081;107;187;33;0
2018/10/02/14:03:49.857089;;;2145;-719;16705;-162;214;64;623;313;1081;175;187;33;0
2018/10/02/14:03:49.869076;;;2177;-911;16625;-108;152;82;623;313;1081;243;187;33;0
2018/10/02/14:03:49.881076;;;2097;-911;15745;-124;194;116;616;333;1087;72;188;33;0
2018/10/02/14:03:49.898053;;;2001;-527;15889;-116;200;40;616;333;1087;140;188;33;0
2018/10/02/14:03:49.910090;;;1681;-351;15681;24;144;70;635;346;1081;208;188;33;0
2018/10/02/14:03:49.922079;;;1409;-143;15345;52;102;80;635;346;1081;20;189;33;0
2018/10/02/14:03:49.935033;;;1121;81;15713;2;174;0;635;346;1081;88;189;33;0
2018/10/02/14:03:49.947080;;;1281;-63;15457;38;78;78;635;339;1081;156;189;33;0
2018/10/02/14:03:49.963079;;;1313;-239;15217;24;24;-8;635;339;1081;224;189;33;0
2018/10/02/14:03:49.976120;;;1361;-351;15793;-36;-52;-78;629;352;1081;36;190;33;0
2018/10/02/14:03:49.988081;;;1409;-351;15089;-12;0;-140;629;352;1081;104;190;33;0
2018/10/02/14:03:50.000077;;;1409;-559;15553;48;148;-16;629;352;1081;172;190;33;0
2018/10/02/14:03:50.017088;;;1841;-351;15361;174;-80;-64;635;352;1101;240;190;33;0
2018/10/02/14:03:50.029087;;;1761;-207;15537;100;-22;-100;635;352;1101;52;191;33;0
2018/10/02/14:03:50.041089;;;1873;-271;15777;-16;40;-50;629;326;1074;120;191;33;0
2018/10/02/14:03:50.054078;;;1729;-383;15937;-22;-80;6;629;326;1074;188;191;33;0
2018/10/02/14:03:50.070062;;;2033;-415;16321;26;2;-140;629;326;1074;0;192;33;0
2018/10/02/14:03:50.082057;;;1633;-703;16033;6;122;-174;616;339;1060;85;192;33;0
2018/10/02/14:03:50.094073;;;1857;-655;15937;0;-22;-42;616;339;1060;153;192;33;0
2018/10/02/14:03:50.107080;;;1825;-575;16081;-76;54;-60;603;359;1087;221;192;33;0
2018/10/02/14:03:50.123057;;;1809;-639;16033;-62;32;28;603;359;1087;33;193;33;0
2018/10/02/14:03:50.135080;;;1473;-511;15713;42;122;-22;603;359;1087;101;193;33;0
2018/10/02/14:03:50.148083;;;1473;-671;15713;-54;242;-96;610;307;1108;169;193;33;0
2018/10/02/14:03:50.160082;;;1313;-607;15697;-8;146;48;610;307;1108;237;193;33;0
2018/10/02/14:03:50.176056;;;1553;-607;15361;-20;76;-118;610;352;1114;49;194;33;0
2018/10/02/14:03:50.189091;;;1729;-559;15601;44;138;-130;610;352;1114;117;194;33;0
2018/10/02/14:03:50.201094;;;1649;-607;15473;-12;-28;-106;610;352;1114;185;194;33;0
2018/10/02/14:03:50.213086;;;1457;-447;15681;14;14;20;635;352;1114;253;194;33;0
2018/10/02/14:03:50.226053;;;1745;-207;15889;0;-50;88;635;352;1114;65;195;33;0
2018/10/02/14:03:50.242082;;;1633;-143;15889;88;110;48;623;379;1074;133;195;33;0
2018/10/02/14:03:50.254130;;;1761;-79;16241;88;54;-120;623;379;1074;201;195;33;0
2018/10/02/14:03:50.266156;;;1409;-175;16257;110;-68;4;623;379;1074;13;196;33;0
2018/10/02/14:03:50.279081;;;1617;-239;16497;82;162;-140;591;339;1040;81;196;33;0
2018/10/02/14:03:50.295084;;;1665;193;16801;64;278;-106;591;339;1040;166;196;33;0
2018/10/02/14:03:50.309306;;;1889;145;16417;10;170;-298;591;379;1094;234;196;33;0
2018/10/02/14:03:50.320973;;;1729;193;16561;162;152;-400;591;379;1094;46;197;33;0
2018/10/02/14:03:50.332148;;;1633;465;16337;134;252;-492;591;379;1094;114;197;33;0
2018/10/02/14:03:50.348177;;;2033;817;16209;100;208;-540;571;379;1033;182;197;33;0
2018/10/02/14:03:50.361257;;;1569;1169;16529;54;260;-574;571;379;1033;250;197;33;0
2018/10/02/14:03:50.373364;;;1185;1361;16033;176;156;-708;559;405;1128;62;198;33;0
2018/10/02/14:03:50.385321;;;1169;1489;16065;154;246;-918;559;405;1128;130;198;33;0
2018/10/02/14:03:50.402299;;;1041;1857;16561;162;194;-1060;559;405;1128;198;198;33;0
2018/10/02/14:03:50.414225;;;1073;1569;15217;102;32;-1188;539;359;1101;10;199;33;0
2018/10/02/14:03:50.426228;;;1409;1041;16561;132;158;-1572;539;359;1101;78;199;33;0
2018/10/02/14:03:50.438385;;;1233;145;15345;82;144;-1578;527;457;1121;146;199;33;0
2018/10/02/14:03:50.456690;;;849;-767;16241;52;200;-1450;527;457;1121;214;199;33;0
2018/10/02/14:03:50.467143;;;65;-687;16497;-2;302;-1562;527;457;1121;26;200;33;0
2018/10/02/14:03:50.479176;;;673;-591;16193;-184;308;-1568;507;477;1087;111;200;33;0
2018/10/02/14:03:50.492250;;;433;-143;16081;-146;362;-1440;507;477;1087;179;200;33;0
2018/10/02/14:03:50.508151;;;-79;353;16545;-152;470;-1372;424;483;1128;247;200;33;0
2018/10/02/14:03:50.520336;;;513;577;15329;-184;320;-1388;424;483;1128;59;201;33;0
2018/10/02/14:03:50.533188;;;385;1089;14801;-236;362;-1560;424;483;1128;127;201;33;0
2018/10/02/14:03:50.545207;;;1073;81;15489;-340;354;-1452;405;503;1101;195;201;33;0
2018/10/02/14:03:50.557178;;;689;-255;15809;-282;410;-1438;405;503;1101;7;202;33;0
2018/10/02/14:03:50.574253;;;561;-671;17073;-374;402;-1486;335;509;1094;75;202;33;0
2018/10/02/14:03:50.586528;;;273;-655;16497;-274;460;-1484;335;509;1094;143;202;33;0
2018/10/02/14:03:50.598159;;;433;-815;16721;-356;606;-1626;335;509;1094;211;202;33;0
2018/10/02/14:03:50.611217;;;161;-623;15857;-444;558;-1708;322;483;1216;23;203;33;0
2018/10/02/14:03:50.627091;;;-15;-991;15361;-512;606;-1724;322;483;1216;91;203;33;0
2018/10/02/14:03:50.639083;;;-31;-1103;15793;-412;538;-1632;201;516;1189;159;203;33;0
2018/10/02/14:03:50.651123;;;33;-927;15457;-328;488;-1756;201;516;1189;227;203;33;0
2018/10/02/14:03:50.664066;;;-239;-959;15489;-340;590;-1714;201;516;1189;38;204;33;0
2018/10/02/14:03:50.680084;;;-895;-751;15841;-214;602;-1822;156;522;1195;106;204;33;0
2018/10/02/14:03:50.692066;;;-1055;1;16049;-58;600;-1752;156;522;1195;191;204;33;0
2018/10/02/14:03:50.705083;;;-783;-239;15137;36;600;-1782;130;516;1236;3;205;33;0
2018/10/02/14:03:50.717085;;;-927;-831;13985;84;522;-1864;130;516;1236;71;205;33;0
2018/10/02/14:03:50.733089;;;-1727;-1327;14737;188;474;-1988;130;516;1236;139;205;33;0
2018/10/02/14:03:50.746123;;;-1663;-1551;14193;216;176;-1864;41;529;1189;207;205;33;0
2018/10/02/14:03:50.758000;;;-1247;-2031;14081;130;6;-1666;41;529;1189;19;206;33;0
2018/10/02/14:03:50.770088;;;-1167;-2031;13873;142;-310;-1542;-22;529;1175;87;206;33;0
2018/10/02/14:03:50.787054;;;-1711;-1439;13233;190;-472;-1374;-22;529;1175;155;206;33;0
2018/10/02/14:03:50.799083;;;-1407;-1407;13857;270;-636;-1184;-22;529;1175;223;206;33;0
2018/10/02/14:03:50.811065;;;-1327;-959;15185;396;-618;-1104;-9;575;1209;35;207;33;0
2018/10/02/14:03:50.823065;;;-1615;-1423;15633;344;-608;-1220;-9;575;1209;103;207;33;0
2018/10/02/14:03:50.836057;;;-671;-1183;16641;422;-590;-1304;-35;575;1141;171;207;33;0
2018/10/02/14:03:50.852068;;;-79;-1391;16705;332;-710;-1342;-35;575;1141;239;207;33;0
2018/10/02/14:03:50.864087;;;145;-1839;17617;358;-534;-1520;-35;575;1141;51;208;33;0
2018/10/02/14:03:50.877089;;;-447;-2063;17377;306;-422;-1428;-28;575;1162;119;208;33;0
2018/10/02/14:03:50.889092;;;-671;-1519;16865;324;-332;-1402;-28;575;1162;204;208;33;0
2018/10/02/14:03:50.905075;;;-703;-735;17249;328;-72;-1336;-41;581;1162;16;209;33;0
2018/10/02/14:03:50.918090;;;-351;273;16417;446;-62;-1344;-41;581;1162;84;209;33;0
2018/10/02/14:03:50.930072;;;353;353;16257;392;88;-1320;-41;581;1162;152;209;33;0
2018/10/02/14:03:50.942093;;;449;241;16321;432;30;-1316;-79;607;1162;220;209;33;0
2018/10/02/14:03:50.959092;;;321;81;16609;292;46;-1366;-79;607;1162;32;210;33;0
2018/10/02/14:03:50.971068;;;65;-143;16481;332;50;-1344;-124;601;1162;100;210;33;0
2018/10/02/14:03:50.983068;;;-463;-415;16097;216;134;-1310;-124;601;1162;168;210;33;0
2018/10/02/14:03:50.996062;;;-687;-431;16689;260;210;-1304;-124;601;1162;236;210;33;0
2018/10/02/14:03:51.012089;;;-751;-383;15937;78;80;-1260;-150;633;1155;48;211;33;0
2018/10/02/14:03:51.024102;;;-655;97;15905;118;226;-1276;-150;633;1155;116;211;33;0
2018/10/02/14:03:51.036109;;;-687;305;15665;118;158;-1298;-226;627;1128;184;211;33;0
2018/10/02/14:03:51.049107;;;-799;-79;15361;62;16;-1384;-226;627;1128;252;211;33;0
2018/10/02/14:03:51.065098;;;-671;-111;15665;-44;-36;-1402;-226;627;1128;64;212;33;0
2018/10/02/14:03:51.077109;;;-895;305;15537;8;-24;-1338;-265;627;1162;132;212;33;0
2018/10/02/14:03:51.090095;;;-1359;209;15953;18;-80;-1508;-265;627;1162;200;212;33;0
2018/10/02/14:03:51.102092;;;-1023;129;15329;-122;-100;-1436;-258;594;1141;29;213;33;0
2018/10/02/14:03:51.118078;;;-927;1;15201;-106;-96;-1566;-258;594;1141;97;213;33;0
2018/10/02/14:03:51.131095;;;-511;-239;15777;-136;-112;-1434;-258;594;1141;165;213;33;0
2018/10/02/14:03:51.143070;;;-463;-815;15201;-84;-226;-1650;-290;588;1121;233;213;33;0
2018/10/02/14:03:51.155067;;;-367;-751;15057;-80;-150;-1672;-290;588;1121;45;214;33;0
2018/10/02/14:03:51.168076;;;-287;-1263;15681;-274;-188;-1672;-354;555;1182;113;214;33;0
2018/10/02/14:03:51.184034;;;49;-1103;15361;-102;-298;-1602;-354;555;1182;181;214;33;0
2018/10/02/14:03:51.196065;;;113;-1279;15809;-42;-216;-1426;-354;555;1182;249;214;33;0
2018/10/02/14:03:51.208097;;;-175;-1007;15953;-76;-298;-1508;-341;542;1128;61;215;33;0
2018/10/02/14:03:51.221079;;;-447;-1087;15569;-192;-208;-1352;-341;542;1128;129;215;33;0
2018/10/02/14:03:51.237092;;;-751;-1375;16017;-40;-174;-1330;-380;516;1168;197;215;33;0
2018/10/02/14:03:51.249092;;;-191;-911;15841;-74;-16;-1360;-380;516;1168;9;216;33;0
2018/10/02/14:03:51.262071;;;-191;-831;16113;-116;32;-1430;-380;516;1168;77;216;33;0
2018/10/02/14:03:51.274067;;;-111;-671;16225;-138;-70;-1150;-392;457;1202;145;216;33;0
2018/10/02/14:03:51.290097;;;-79;-719;15825;-124;32;-1306;-392;457;1202;213;216;33;0
2018/10/02/14:03:51.303077;;;-47;-831;15793;-114;12;-1272;-412;483;1182;42;217;33;0
2018/10/02/14:03:51.315091;;;-719;-1407;15665;-40;144;-1236;-412;483;1182;110;217;33;0
2018/10/02/14:03:51.327075;;;-207;-1455;15825;-80;254;-1232;-412;483;1182;178;217;33;0
2018/10/02/14:03:51.344071;;;-223;-1151;16033;-36;214;-1084;-444;477;1168;246;217;33;0
2018/10/02/14:03:51.356093;;;-415;-1023;15729;-108;200;-1000;-444;477;1168;58;218;33;0
2018/10/02/14:03:51.368107;;;-431;-623;15937;-22;270;-1130;-501;418;1202;126;218;33;0
2018/10/02/14:03:51.385372;;;-735;-815;15809;-14;226;-1102;-501;418;1202;211;218;33;0
2018/10/02/14:03:51.398065;;;-1247;-1743;15793;18;358;-1250;-501;418;1202;23;219;33;0
2018/10/02/14:03:51.409168;;;-1327;-1743;15649;-64;360;-1316;-533;405;1229;91;219;33;0
2018/10/02/14:03:51.426270;;;-1135;-1647;15233;166;350;-1352;-533;405;1229;159;219;33;0
2018/10/02/14:03:51.438127;;;-799;-1375;14849;68;190;-1260;-546;372;1195;227;219;33;0
2018/10/02/14:03:51.450358;;;-991;-1503;14897;96;-2;-1126;-546;372;1195;39;220;33;0
2018/10/02/14:03:51.462393;;;-1599;-1791;14593;136;-148;-920;-546;372;1195;107;220;33;0
2018/10/02/14:03:51.479555;;;-1727;-1647;15329;116;-76;-992;-552;372;1162;175;220;33;0
2018/10/02/14:03:51.491258;;;-1695;-1311;15457;136;-210;-904;-552;372;1162;243;220;33;0
2018/10/02/14:03:51.503242;;;-1791;-927;15745;268;-396;-918;-559;392;1155;55;221;33;0
2018/10/02/14:03:51.516404;;;-991;-895;16161;260;-284;-842;-559;392;1155;123;221;33;0
2018/10/02/14:03:51.532420;;;-863;-831;16177;316;-186;-960;-559;392;1155;191;221;33;0
2018/10/02/14:03:51.545363;;;-575;-511;16513;180;-404;-894;-539;339;1168;20;222;33;0
2018/10/02/14:03:51.557129;;;-735;-623;16817;252;-314;-984;-539;339;1168;88;222;33;0
2018/10/02/14:03:51.569242;;;-655;-399;15985;192;-328;-974;-591;333;1195;156;222;33;0
2018/10/02/14:03:51.585250;;;-703;-399;16017;158;-262;-986;-591;333;1195;224;222;33;0
2018/10/02/14:03:51.598624;;;-895;-495;15857;144;-410;-884;-591;333;1195;36;223;33;0
2018/10/02/14:03:51.610199;;;-415;-335;16193;150;-516;-954;-578;339;1182;104;223;33;0
2018/10/02/14:03:51.622236;;;-159;-287;16657;140;-282;-956;-578;339;1182;172;223;33;0
2018/10/02/14:03:51.634263;;;-239;-15;16945;156;-288;-834;-559;307;1168;240;223;33;0
2018/10/02/14:03:51.651304;;;225;353;16929;166;-236;-954;-559;307;1168;52;224;33;0
2018/10/02/14:03:51.663472;;;497;113;16961;136;-124;-900;-559;307;1168;120;224;33;0
2018/10/02/14:03:51.675246;;;209;-223;16641;118;-54;-1042;-584;261;1256;188;224;33;0
2018/10/02/14:03:51.688339;;;225;-31;16801;12;-102;-916;-584;261;1256;0;225;33;0
2018/10/02/14:03:51.704190;;;353;-239;16193;82;-16;-1024;-610;274;1162;68;225;33;0
2018/10/02/14:03:51.716339;;;497;161;16289;34;-50;-904;-610;274;1162;136;225;33;0
2018/10/02/14:03:51.729095;;;209;-63;16849;-34;-30;-962;-610;274;1162;204;225;33;0
2018/10/02/14:03:51.741105;;;17;-175;16817;-134;46;-840;-648;235;1189;33;226;33;0
2018/10/02/14:03:51.757033;;;49;-207;16849;38;132;-932;-648;235;1189;101;226;33;0
2018/10/02/14:03:51.770087;;;-127;-207;16417;82;244;-1004;-629;241;1141;169;226;33;0
2018/10/02/14:03:51.782083;;;65;129;16769;-26;304;-862;-629;241;1141;237;226;33;0
2018/10/02/14:03:51.794096;;;1;-255;16545;82;300;-1006;-629;241;1141;49;227;33;0
2018/10/02/14:03:51.811090;;;-623;-655;16273;94;342;-1116;-674;222;1202;117;227;33;0
2018/10/02/14:03:51.823078;;;-703;-959;15953;94;376;-1072;-674;222;1202;185;227;33;0
2018/10/02/14:03:51.835074;;;-735;-479;15409;96;168;-1138;-674;209;1155;253;227;33;0
2018/10/02/14:03:51.847081;;;-783;-399;15921;100;94;-1064;-674;209;1155;65;228;33;0
2018/10/02/14:03:51.864081;;;-1039;-511;15857;154;102;-1064;-674;209;1155;133;228;33;0
2018/10/02/14:03:51.876080;;;-1023;-383;15761;-14;28;-960;-693;183;1162;201;228;33;0
2018/10/02/14:03:51.888082;;;-991;-95;16193;-34;-36;-1010;-693;183;1162;13;229;33;0
2018/10/02/14:03:51.901094;;;-799;-127;16081;-40;6;-1006;-712;176;1222;81;229;33;0
2018/10/02/14:03:51.917078;;;-719;-559;16817;-4;20;-1062;-712;176;1222;149;229;33;0
2018/10/02/14:03:51.929101;;;-623;-143;16449;126;20;-1152;-712;176;1222;217;229;33;0
2018/10/02/14:03:51.942082;;;-511;-351;16449;26;114;-1148;-706;130;1175;46;230;33;0
2018/10/02/14:03:51.954418;;;-287;-591;16305;-42;-66;-1058;-706;130;1175;114;230;33;0
2018/10/02/14:03:51.966076;;;-383;-943;15857;52;-66;-1276;-769;117;1182;182;230;33;0
2018/10/02/14:03:51.983093;;;-751;-719;15825;14;-156;-1052;-769;117;1182;250;230;33;0
2018/10/02/14:03:51.995083;;;-831;-463;15937;50;-162;-1154;-769;117;1182;62;231;33;0
2018/10/02/14:03:52.007097;;;-975;-719;15937;-34;-196;-1234;-718;104;1195;130;231;33;0
2018/10/02/14:03:52.019096;;;-927;-927;15809;72;-58;-1212;-718;104;1195;198;231;33;0
2018/10/02/14:03:52.036187;;;-975;-239;15969;-4;-14;-1284;-712;78;1162;10;232;33;0
2018/10/02/14:03:52.048100;;;-1007;-431;15841;108;148;-1276;-712;78;1162;78;232;33;0
2018/10/02/14:03:52.060086;;;-927;-543;15905;-34;64;-1258;-712;78;1162;146;232;33;0
2018/10/02/14:03:52.073100;;;-831;-399;15569;-62;140;-1150;-738;39;1216;214;232;33;0
2018/10/02/14:03:52.089103;;;-639;-351;15697;-108;224;-1230;-738;39;1216;26;233;33;0
2018/10/02/14:03:52.101098;;;-639;-287;14961;-106;138;-1174;-763;-19;1216;94;233;33;0
2018/10/02/14:03:52.114097;;;-591;-5631;19649;48;150;-1332;-763;-19;1216;161;233;33;0
2018/10/02/14:03:52.126079;;;-943;1009;17041;-54;50;-1534;-763;-19;1216;229;233;33;0
2018/10/02/14:03:52.142084;;;-335;641;12977;36;244;-1378;-763;-19;1162;41;234;33;0
2018/10/02/14:03:52.155080;;;1;-111;15777;174;-36;-1496;-763;-19;1162;126;234;33;0
2018/10/02/14:03:52.167089;;;225;-303;15249;0;-218;-1506;-776;-78;1195;194;234;33;0
2018/10/02/14:03:52.179091;;;-495;177;14257;-26;-138;-1488;-776;-78;1195;6;235;33;0
2018/10/02/14:03:52.196059;;;529;-367;16849;68;-248;-1584;-776;-78;1195;74;235;33;0
2018/10/02/14:03:52.208057;;;-607;-639;13841;20;-224;-1576;-731;-124;1195;142;235;33;0
2018/10/02/14:03:52.220089;;;-223;-1247;16721;12;-162;-1680;-731;-124;1195;210;235;33;0
2018/10/02/14:03:52.232080;;;-63;-735;15025;48;-212;-1632;-750;-150;1229;22;236;33;0
2018/10/02/14:03:52.245107;;;-591;-639;14817;-18;-236;-1424;-750;-150;1229;90;236;33;0
2018/10/02/14:03:52.261102;;;401;-879;16433;90;-260;-1556;-750;-150;1229;158;236;33;0
2018/10/02/14:03:52.273100;;;145;-591;14081;-26;-216;-1656;-757;-189;1189;226;236;33;0
2018/10/02/14:03:52.286104;;;593;-703;16641;92;-98;-1600;-757;-189;1189;38;237;33;0
2018/10/02/14:03:52.298089;;;1041;-719;17025;6;-194;-1692;-725;-235;1243;123;237;33;0
2018/10/02/14:03:52.314082;;;753;-431;16641;64;-54;-1674;-725;-235;1243;174;237;33;0
2018/10/02/14:03:52.327091;;;193;-815;17745;-8;-12;-1716;-725;-235;1243;242;237;33;0
2018/10/02/14:03:52.339091;;;-79;-719;15601;-16;76;-1660;-706;-267;1250;54;238;33;0
2018/10/02/14:03:52.351085;;;-79;-1007;16193;-168;138;-1808;-706;-267;1250;139;238;33;0
2018/10/02/14:03:52.368090;;;81;-1375;16017;-130;270;-1832;-693;-326;1222;207;238;33;0
2018/10/02/14:03:52.380121;;;-15;-1311;15697;-110;234;-1860;-693;-326;1222;19;239;33;0
2018/10/02/14:03:52.392087;;;17;-1151;16017;126;412;-1836;-693;-372;1209;104;239;33;0
2018/10/02/14:03:52.404085;;;-351;-1007;15585;-10;204;-1638;-693;-372;1209;155;239;33;0
2018/10/02/14:03:52.421103;;;-703;-847;16321;164;386;-1682;-693;-372;1209;223;239;33;0
2018/10/02/14:03:52.433107;;;-831;-207;15377;120;408;-1772;-661;-398;1216;35;240;33;0
2018/10/02/14:03:52.445092;;;-863;-271;16529;180;330;-1744;-661;-398;1216;103;240;33;0
2018/10/02/14:03:52.458095;;;-431;1;16193;114;332;-1884;-661;-398;1216;171;240;33;0
2018/10/02/14:03:52.474080;;;-911;-1023;15185;78;312;-1858;-725;-418;1209;239;240;33;0
2018/10/02/14:03:52.486200;;;-1055;-1407;15937;126;294;-1696;-725;-418;1209;51;241;33;0
2018/10/02/14:03:52.499076;;;-1247;-2063;14945;50;332;-1724;-667;-444;1168;119;241;33;0
2018/10/02/14:03:52.511084;;;-1327;-2175;15297;136;252;-1764;-667;-444;1168;187;241;33;0
2018/10/02/14:03:52.527071;;;-1519;-1519;15233;198;372;-1832;-667;-444;1168;255;241;33;0
2018/10/02/14:03:52.540090;;;-1823;-927;14833;134;102;-1772;-706;-529;1209;67;242;33;0
2018/10/02/14:03:52.552087;;;-1855;-623;16305;296;174;-1412;-706;-529;1209;135;242;33;0
2018/10/02/14:03:52.564044;;;-2159;-639;16449;136;168;-1488;-693;-555;1135;220;242;33;0
2018/10/02/14:03:52.576287;;;-2031;-719;15841;34;64;-1518;-693;-555;1135;32;243;33;0
2018/10/02/14:03:52.593097;;;-1599;-655;15825;52;96;-1284;-693;-555;1135;100;243;33;0
2018/10/02/14:03:52.605092;;;-1087;-1039;15681;-6;170;-1356;-654;-542;1202;168;243;33;0
2018/10/02/14:03:52.617094;;;-703;-1487;15825;98;208;-1604;-654;-542;1202;236;243;33;0
2018/10/02/14:03:52.630094;;;-303;-1823;15409;-78;172;-1548;-629;-614;1175;48;244;33;0
2018/10/02/14:03:52.646084;;;-799;-1343;15137;-162;200;-1556;-629;-614;1175;116;244;33;0
2018/10/02/14:03:52.658104;;;-1215;-719;15953;-160;238;-1556;-629;-614;1175;184;244;33;0
2018/10/02/14:03:52.671089;;;-1279;-399;15841;-82;332;-1580;-584;-653;1168;252;244;33;0
2018/10/02/14:03:52.683083;;;-1407;-703;15761;-152;302;-1420;-584;-653;1168;64;245;33;0
2018/10/02/14:03:52.699096;;;-1567;-1247;16193;-206;280;-1546;-591;-679;1121;132;245;33;0
2018/10/02/14:03:52.712095;;;-1807;-1807;15201;-86;424;-1516;-591;-679;1121;200;245;33;0
2018/10/02/14:03:52.724178;;;-1791;-1951;15905;-60;342;-1432;-591;-679;1121;12;246;33;0
2018/10/02/14:03:52.736217;;;-2143;-2575;15217;-152;200;-1108;-546;-673;1216;80;246;33;0
2018/10/02/14:03:52.753199;;;-1615;-2111;15025;-44;208;-1196;-546;-673;1216;148;246;33;0
2018/10/02/14:03:52.765543;;;-1567;-2143;15329;-26;110;-1074;-578;-758;1182;233;246;33;0
2018/10/02/14:03:52.777227;;;-2207;-2559;14497;-102;146;-1094;-578;-758;1182;45;247;33;0
2018/10/02/14:03:52.789519;;;-2639;-2447;15441;226;44;-1044;-520;-771;1168;113;247;33;0
2018/10/02/14:03:52.806376;;;-3375;-2335;14817;156;48;-974;-520;-771;1168;181;247;33;0
2018/10/02/14:03:52.818116;;;-3695;-783;15601;180;-98;-996;-520;-771;1168;249;247;33;0
2018/10/02/14:03:52.830301;;;-3535;-543;15361;324;-200;-1094;-514;-777;1209;61;248;33;0
2018/10/02/14:03:52.843455;;;-3871;-591;15313;372;-234;-1102;-514;-777;1209;129;248;33;0
2018/10/02/14:03:52.855413;;;-3567;-815;15665;448;-248;-1214;-514;-777;1209;197;248;33;0
2018/10/02/14:03:52.873010;;;-2943;-1391;15121;422;-308;-1216;-488;-803;1128;9;249;33;0
2018/10/02/14:03:52.884245;;;-2511;-1551;15361;412;-434;-1192;-488;-803;1128;77;249;33;0
2018/10/02/14:03:52.897251;;;-1775;-1615;15297;416;-530;-1276;-463;-784;1195;145;249;33;0
2018/10/02/14:03:52.908235;;;-1039;-735;15441;544;-540;-1350;-463;-784;1195;213;249;33;0
2018/10/02/14:03:52.925165;;;-847;-1087;16001;546;-588;-1328;-463;-784;1195;25;250;33;0
2018/10/02/14:03:52.937117;;;-1071;-1359;15889;440;-494;-1388;-373;-784;1222;93;250;33;0
2018/10/02/14:03:52.949112;;;-991;-1039;16513;516;-496;-1282;-373;-784;1222;161;250;33;0
2018/10/02/14:03:52.961125;;;-559;-751;16753;494;-586;-1254;-335;-758;1202;229;250;33;0
2018/10/02/14:03:52.978111;;;49;-655;17009;382;-522;-1260;-335;-758;1202;58;251;33;0
2018/10/02/14:03:52.990126;;;49;-831;16801;360;-252;-1252;-303;-751;1236;126;251;33;0
2018/10/02/14:03:53.002098;;;-239;-911;16689;304;-336;-1216;-303;-751;1236;194;251;33;0
2018/10/02/14:03:53.015092;;;-287;-911;16641;246;-174;-1320;-303;-751;1236;6;252;33;0
2018/10/02/14:03:53.031092;;;177;-815;16145;240;-212;-1282;-258;-777;1263;74;252;33;0
2018/10/02/14:03:53.043098;;;177;-639;16065;174;-226;-1360;-258;-777;1263;142;252;33;0
2018/10/02/14:03:53.056118;;;81;-543;16225;108;-206;-1262;-258;-777;1263;210;252;33;0
2018/10/02/14:03:53.068099;;;-207;-1039;16321;188;-22;-1174;-201;-790;1270;22;253;33;0
2018/10/02/14:03:53.084112;;;-271;-1423;16193;-26;-192;-1034;-201;-790;1270;90;253;33;0
2018/10/02/14:03:53.097117;;;-111;-1375;16529;-44;-144;-1158;-175;-764;1290;158;253;33;0
2018/10/02/14:03:53.109111;;;-175;-1375;16049;-108;-148;-1054;-175;-764;1290;226;253;33;0
2018/10/02/14:03:53.121108;;;-335;-1023;16577;-88;-58;-890;-175;-764;1290;38;254;33;0
2018/10/02/14:03:53.138082;;;-655;-911;16193;-168;-46;-932;-137;-764;1263;106;254;33;0
2018/10/02/14:03:53.150112;;;-927;-575;16209;-42;-6;-856;-137;-764;1263;174;254;33;0
2018/10/02/14:03:53.162100;;;-399;-1119;15857;-76;-24;-780;-105;-816;1209;242;254;33;0
2018/10/02/14:03:53.174087;;;-815;-1295;15057;-66;-36;-866;-105;-816;1209;71;255;33;0
2018/10/02/14:03:53.187100;;;-943;-1007;15297;56;-182;-800;-54;-784;1250;139;255;33;0
2018/10/02/14:03:53.203101;;;-591;-1343;15761;46;-62;-818;-54;-784;1250;207;255;33;0
2018/10/02/14:03:53.215103;;;-751;-1551;15393;206;-118;-828;-54;-784;1250;19;0;34;0
2018/10/02/14:03:53.228104;;;-1023;-1423;15985;182;-156;-768;-47;-790;1195;87;0;34;0
2018/10/02/14:03:53.240099;;;-639;-1055;15937;180;-262;-704;-47;-790;1195;155;0;34;0
2018/10/02/14:03:53.256240;;;-591;-1007;16001;242;-308;-450;-47;-790;1195;223;0;34;0
2018/10/02/14:03:53.269117;;;-111;-959;15857;222;-270;-698;-28;-790;1263;35;1;34;0
2018/10/02/14:03:53.281103;;;-127;-1119;16273;100;-276;-612;-28;-790;1263;103;1;34;0
2018/10/02/14:03:53.293120;;;65;-1455;16001;202;-154;-764;-28;-751;1195;171;1;34;0
2018/10/02/14:03:53.310106;;;-79;-2383;16545;182;-232;-568;-28;-751;1195;239;1;34;0
2018/10/02/14:03:53.322121;;;-95;-2271;16433;192;-186;-546;-28;-751;1195;51;2;34;0
2018/10/02/14:03:53.334101;;;161;-1535;17393;214;-36;-472;15;-803;1277;119;2;34;0
2018/10/02/14:03:53.346172;;;417;-1519;15857;52;-18;-154;15;-803;1277;187;2;34;0
2018/10/02/14:03:53.363117;;;369;-207;16305;168;-26;-176;9;-790;1229;255;2;34;0
2018/10/02/14:03:53.375097;;;145;-415;16385;106;140;-178;9;-790;1229;84;3;34;0
2018/10/02/14:03:53.387103;;;17;-15;15633;56;86;-190;15;-725;1243;152;3;34;0
2018/10/02/14:03:53.400117;;;145;177;17009;-58;138;-194;15;-725;1243;220;3;34;0
2018/10/02/14:03:53.416093;;;305;257;15985;-28;114;-218;15;-725;1243;32;4;34;0
2018/10/02/14:03:53.428103;;;81;65;15073;-124;330;-372;9;-738;1243;100;4;34;0
2018/10/02/14:03:53.441104;;;-31;-207;16321;-182;268;-354;9;-738;1243;168;4;34;0
2018/10/02/14:03:53.453107;;;-255;-431;15169;-228;164;-506;9;-738;1243;236;4;34;0
2018/10/02/14:03:53.465107;;;-591;-591;16705;-264;326;-420;3;-764;1236;48;5;34;0
2018/10/02/14:03:53.482119;;;-1023;-1519;15105;-222;160;-550;3;-764;1236;116;5;34;0
2018/10/02/14:03:53.494092;;;-943;-1327;15313;-180;378;-484;9;-758;1290;184;5;34;0
2018/10/02/14:03:53.506248;;;-559;-991;15761;-160;188;-382;9;-758;1290;252;5;34;0
2018/10/02/14:03:53.518109;;;-687;-783;15217;-54;134;-380;9;-758;1290;64;6;34;0
2018/10/02/14:03:53.535097;;;-783;-575;15441;38;186;-350;41;-797;1250;132;6;34;0
2018/10/02/14:03:53.547103;;;-943;-207;15217;-2;184;-372;41;-797;1250;200;6;34;0
2018/10/02/14:03:53.559109;;;-959;-207;15121;120;190;-552;28;-790;1270;12;7;34;0
2018/10/02/14:03:53.572098;;;-1119;-159;15345;68;176;-310;28;-790;1270;96;7;34;0
2018/10/02/14:03:53.588106;;;-1423;-463;14785;82;138;-554;-28;-764;1263;164;7;34;0
2018/10/02/14:03:53.600102;;;-1087;-591;15713;122;-6;-542;-28;-764;1263;232;7;34;0
2018/10/02/14:03:53.613106;;;-927;-559;14881;168;-10;-540;-28;-764;1263;44;8;34;0
2018/10/02/14:03:53.625101;;;-1295;-303;15601;136;-72;-512;3;-790;1229;112;8;34;0
2018/10/02/14:03:53.641108;;;-1071;-271;15425;74;-74;-582;3;-790;1229;180;8;34;0
2018/10/02/14:03:53.654101;;;-1247;-383;15361;148;-118;-586;3;-790;1229;248;8;34;0
2018/10/02/14:03:53.666197;;;-879;-543;16625;244;-124;-538;35;-745;1290;60;9;34;0
2018/10/02/14:03:53.678108;;;-703;-111;15489;100;-162;-612;35;-745;1290;128;9;34;0
2018/10/02/14:03:53.695101;;;-911;-79;16017;270;-172;-678;79;-692;1189;196;9;34;0
2018/10/02/14:03:53.707164;;;-1071;-255;16193;204;-194;-612;79;-692;1189;8;10;34;0
2018/10/02/14:03:53.719118;;;-1423;-47;16209;212;0;-660;79;-692;1189;76;10;34;0
2018/10/02/14:03:53.731240;;;-959;-239;16529;106;-4;-704;124;-745;1256;144;10;34;0
2018/10/02/14:03:53.744465;;;-1167;577;15265;-50;-98;-642;124;-745;1256;212;10;34;0
2018/10/02/14:03:53.760303;;;-975;305;15281;28;-124;-524;130;-751;1263;24;11;34;0
2018/10/02/14:03:53.772308;;;-927;-655;15217;-142;-16;-716;130;-751;1263;92;11;34;0
2018/10/02/14:03:53.785182;;;-319;209;16113;-124;-236;-752;156;-718;1216;177;11;34;0
2018/10/02/14:03:53.797157;;;-335;209;15121;-98;-14;-730;156;-718;1216;6;12;34;0
2018/10/02/14:03:53.813367;;;-127;-111;16385;-174;-78;-840;156;-718;1216;57;12;34;0
2018/10/02/14:03:53.826629;;;-127;-543;15249;-254;-40;-660;150;-745;1283;125;12;34;0
2018/10/02/14:03:53.838404;;;145;-895;15985;-250;-34;-654;150;-745;1283;193;12;34;0
2018/10/02/14:03:53.850150;;;-431;-1055;15713;-218;36;-474;150;-745;1229;5;13;34;0
2018/10/02/14:03:53.867387;;;-671;-1519;15953;-200;64;-524;150;-745;1229;90;13;34;0
2018/10/02/14:03:53.879308;;;-591;-1551;16561;-332;200;-554;150;-745;1229;141;13;34;0
2018/10/02/14:03:53.895481;;;-1007;-1231;15985;-262;200;-458;162;-751;1216;226;13;34;0
2018/10/02/14:03:53.908130;;;-927;-991;16305;-450;216;-410;162;-751;1216;38;14;34;0
2018/10/02/14:03:53.920129;;;-1183;-959;15185;-330;212;-526;156;-797;1243;106;14;34;0
2018/10/02/14:03:53.936081;;;-1103;-1151;15281;-266;282;-418;156;-797;1243;174;14;34;0
2018/10/02/14:03:53.949126;;;-1743;-847;14993;-304;202;-518;156;-797;1243;242;14;34;0
2018/10/02/14:03:53.961139;;;-1503;-751;14945;-144;86;-644;182;-790;1250;105;15;34;0
2018/10/02/14:03:53.973135;;;-1727;-559;14033;-162;-48;-562;182;-790;1250;156;15;34;0
2018/10/02/14:03:53.990096;;;-2159;-1071;14545;-90;-14;-782;214;-771;1202;207;15;34;0
2018/10/02/14:03:54.002123;;;-2207;-1407;14545;-96;-264;-674;214;-771;1202;2;16;34;0
2018/10/02/14:03:54.014105;;;-1743;-1679;14417;60;-336;-854;214;-771;1202;87;16;34;0
2018/10/02/14:03:54.026108;;;-1663;-1087;15073;286;-424;-884;214;-712;1175;155;16;34;0
2018/10/02/14:03:54.039108;;;-1071;-1647;15265;298;-546;-700;214;-712;1175;223;16;34;0
2018/10/02/14:03:54.055107;;;-463;-1455;15649;228;-498;-838;226;-738;1263;35;17;34;0
2018/10/02/14:03:54.067128;;;-527;-1375;16993;260;-598;-884;226;-738;1263;137;17;34;0
2018/10/02/14:03:54.080114;;;-671;-1055;16705;256;-610;-714;226;-738;1263;188;17;34;0
2018/10/02/14:03:54.092124;;;305;-911;17745;304;-494;-782;316;-712;1277;239;17;34;0
2018/10/02/14:03:54.108115;;;561;-687;16609;180;-448;-644;316;-712;1277;51;18;34;0
2018/10/02/14:03:54.121120;;;1473;-527;17537;170;-288;-786;316;-725;1250;119;18;34;0
2018/10/02/14:03:54.133109;;;689;-703;17041;112;-136;-720;316;-725;1250;187;18;34;0
2018/10/02/14:03:54.145123;;;849;-1231;17233;80;-174;-744;316;-725;1250;255;18;34;0
2018/10/02/14:03:54.162050;;;449;-1103;17377;-98;16;-688;335;-725;1243;67;19;34;0
2018/10/02/14:03:54.174107;;;161;-1151;16497;-186;82;-618;335;-725;1243;135;19;34;0
2018/10/02/14:03:54.186186;;;433;1617;15745;-80;202;-626;373;-686;1162;203;19;34;0
2018/10/02/14:03:54.198126;;;705;241;15329;-336;292;-728;373;-686;1162;15;20;34;0
2018/10/02/14:03:54.215116;;;705;-47;15377;-142;362;-842;373;-686;1162;83;20;34;0
2018/10/02/14:03:54.227110;;;833;-415;14833;-276;214;-876;380;-673;1243;168;20;34;0
2018/10/02/14:03:54.239115;;;337;-1087;16801;-192;120;-694;380;-673;1243;236;20;34;0
2018/10/02/14:03:54.252107;;;1;-543;15729;-80;112;-780;412;-627;1209;48;21;34;0
2018/10/02/14:03:54.268116;;;-431;-1727;16385;-146;190;-762;412;-627;1209;116;21;34;0
2018/10/02/14:03:54.280237;;;-143;-1631;16641;-164;210;-730;412;-627;1209;184;21;34;0
2018/10/02/14:03:54.293133;;;-367;-1727;15057;-204;168;-498;412;-679;1195;252;21;34;0
2018/10/02/14:03:54.305128;;;-95;-1903;16465;-186;236;-626;412;-679;1195;64;22;34;0
2018/10/02/14:03:54.321105;;;-127;-1263;16033;-272;116;-470;418;-699;1202;149;22;34;0
2018/10/02/14:03:54.334110;;;-495;-1327;15169;-132;234;-610;418;-699;1202;200;22;34;0
2018/10/02/14:03:54.346107;;;-223;-1327;15361;-118;52;-466;418;-699;1202;12;23;34;0
2018/10/02/14:03:54.358090;;;-623;-1503;14289;-60;118;-506;412;-660;1250;80;23;34;0
2018/10/02/14:03:54.370112;;;-143;-2239;15217;52;-18;-442;412;-660;1250;148;23;34;0
2018/10/02/14:03:54.387116;;;-95;-2671;14945;58;-176;-468;412;-699;1229;216;23;34;0
2018/10/02/14:03:54.399116;;;-1039;-2607;14977;140;-126;-288;412;-699;1229;28;24;34;0
2018/10/02/14:03:54.411109;;;-479;-1615;17073;184;-100;-418;412;-699;1229;113;24;34;0
2018/10/02/14:03:54.424113;;;-207;-383;16705;154;-210;-356;405;-666;1189;198;24;34;0
2018/10/02/14:03:54.440115;;;-559;-319;16049;198;-86;-466;405;-666;1189;249;24;34;0
2018/10/02/14:03:54.452111;;;-111;-751;16145;108;-130;-508;431;-633;1195;61;25;34;0
2018/10/02/14:03:54.465123;;;-303;-1199;15361;162;-72;-502;431;-633;1195;129;25;34;0
2018/10/02/14:03:54.477122;;;-671;-1951;16769;44;50;-634;431;-633;1195;197;25;34;0
2018/10/02/14:03:54.493112;;;1;-591;16817;130;-36;-552;412;-620;1229;9;26;34;0
2018/10/02/14:03:54.506297;;;49;17;16433;252;164;-686;412;-620;1229;77;26;34;0
2018/10/02/14:03:54.518116;;;-495;353;16929;200;126;-756;450;-633;1250;145;26;34;0
2018/10/02/14:03:54.530113;;;-351;177;16033;174;136;-702;450;-633;1250;213;26;34;0
2018/10/02/14:03:54.547115;;;-63;-159;16497;290;308;-884;450;-633;1250;25;27;34;0
2018/10/02/14:03:54.559114;;;1;-1119;16913;36;252;-966;469;-562;1209;93;27;34;0
2018/10/02/14:03:54.571136;;;-543;-1615;16753;124;332;-892;469;-562;1209;161;27;34;0
2018/10/02/14:03:54.583132;;;-655;-2319;16417;-56;226;-828;424;-607;1270;229;27;34;0
2018/10/02/14:03:54.600141;;;-719;-2671;16161;-92;292;-730;424;-607;1270;41;28;34;0
2018/10/02/14:03:54.612112;;;-911;-2975;15713;18;274;-462;424;-607;1270;109;28;34;0
2018/10/02/14:03:54.624110;;;-735;-2143;15729;-92;228;-280;418;-581;1229;194;28;34;0
2018/10/02/14:03:54.637121;;;-623;-1551;15473;-264;158;-196;418;-581;1229;6;29;34;0
2018/10/02/14:03:54.649120;;;-575;-287;15153;-64;240;-268;450;-575;1236;74;29;34;0
2018/10/02/14:03:54.665118;;;-607;-879;15249;-32;182;-272;450;-575;1236;142;29;34;0
2018/10/02/14:03:54.678131;;;-527;-1135;14849;-240;30;-234;450;-575;1236;210;29;34;0
2018/10/02/14:03:54.690119;;;-1215;-1231;14673;-26;-6;-302;456;-601;1222;5;30;34;0
2018/10/02/14:03:54.702109;;;-1087;-799;14785;-148;-114;-506;456;-601;1222;90;30;34;0
2018/10/02/14:03:54.719122;;;-1167;-1663;14753;46;-168;-414;456;-535;1189;158;30;34;0
2018/10/02/14:03:54.731114;;;-1039;-1471;15809;78;-176;-386;456;-535;1189;226;30;34;0
2018/10/02/14:03:54.743114;;;-767;-863;15857;-38;-174;-376;456;-535;1189;55;31;34;0
2018/10/02/14:03:54.755132;;;-191;-1167;15569;-34;-186;-368;482;-522;1216;106;31;34;0
2018/10/02/14:03:54.772114;;;-31;-991;16209;-12;-296;-316;482;-522;1216;174;31;34;0
2018/10/02/14:03:54.784112;;;-47;-1199;15969;-138;-190;-314;476;-535;1195;242;31;34;0
2018/10/02/14:03:54.796204;;;-79;-1599;16097;-116;-32;-388;476;-535;1195;54;32;34;0
2018/10/02/14:03:54.809127;;;-415;-1407;16129;-124;-118;-366;476;-535;1195;139;32;34;0
2018/10/02/14:03:54.825130;;;-255;-1535;16161;-90;-56;-494;501;-535;1202;207;32;34;0
2018/10/02/14:03:54.837122;;;-479;-1967;15889;-128;-98;-366;501;-535;1202;19;33;34;0
2018/10/02/14:03:54.850122;;;-63;-1487;16033;-116;-86;-380;533;-549;1209;87;33;34;0
2018/10/02/14:03:54.862111;;;-191;-1343;15265;-8;-24;-344;533;-549;1209;155;33;34;0
2018/10/02/14:03:54.878142;;;-479;-1663;15089;-190;-80;-196;533;-549;1209;223;33;34;0
2018/10/02/14:03:54.891116;;;-543;-1679;15953;4;-26;-440;520;-568;1236;35;34;34;0
2018/10/02/14:03:54.903115;;;-399;-1775;16577;-4;-44;-474;520;-568;1236;120;34;34;0
2018/10/02/14:03:54.915122;;;-447;-687;16385;-74;34;-366;533;-542;1209;171;34;34;0
2018/10/02/14:03:54.932114;;;-1167;17;15889;18;-90;-350;533;-542;1209;239;34;34;0
2018/10/02/14:03:54.944541;;;-575;-1407;15713;-62;-38;-330;533;-542;1209;51;35;34;0
2018/10/02/14:03:54.956771;;;-639;-1983;15857;-88;-58;-358;539;-529;1189;119;35;34;0
2018/10/02/14:03:54.968492;;;-319;-2239;15681;-138;-74;-334;539;-529;1189;187;35;34;0
2018/10/02/14:03:54.981134;;;-15;-2767;15489;-122;-82;-202;533;-522;1182;255;35;34;0
2018/10/02/14:03:54.997235;;;-31;-2719;15745;58;-102;-66;533;-522;1182;67;36;34;0
2018/10/02/14:03:55.009289;;;-271;-2943;15937;-114;-174;210;533;-522;1182;135;36;34;0
2018/10/02/14:03:55.022567;;;1;-2863;16033;-14;-48;50;565;-535;1189;219;36;34;0
2018/10/02/14:03:55.034172;;;17;-2703;16321;38;38;282;565;-535;1189;31;37;34;0
2018/10/02/14:03:55.050215;;;97;-2175;15729;118;-108;266;533;-542;1209;82;37;34;0
2018/10/02/14:03:55.063317;;;369;-1791;16017;234;-64;440;533;-542;1209;167;37;34;0
2018/10/02/14:03:55.075466;;;145;-1807;15633;144;-58;308;533;-542;1209;235;37;34;0
2018/10/02/14:03:55.087314;;;113;-1487;16113;40;-62;238;571;-581;1250;47;38;34;0
2018/10/02/14:03:55.104443;;;-223;-1039;16033;118;38;188;571;-581;1250;115;38;34;0
2018/10/02/14:03:55.116158;;;-239;-1007;15665;114;142;142;539;-535;1209;217;38;34;0
2018/10/02/14:03:55.128151;;;49;-1071;16081;82;138;230;539;-535;1209;12;39;34;0
2018/10/02/14:03:55.145197;;;-271;-1055;15825;86;94;118;539;-535;1209;63;39;34;0
2018/10/02/14:03:55.157183;;;-319;-1343;15953;100;46;130;552;-555;1209;148;39;34;0
2018/10/02/14:03:55.169140;;;-495;-1599;15745;126;150;-22;552;-555;1209;216;39;34;0
2018/10/02/14:03:55.181449;;;-495;-1647;16081;98;126;174;507;-549;1162;28;40;34;0
2018/10/02/14:03:55.198411;;;-287;-2223;16129;118;126;176;507;-549;1162;96;40;34;0
2018/10/02/14:03:55.210325;;;-383;-1823;16129;44;148;298;507;-549;1162;147;40;34;0
2018/10/02/14:03:55.222345;;;-319;-1919;15921;148;70;356;507;-522;1216;232;40;34;0
2018/10/02/14:03:55.235145;;;-127;-1823;15521;186;-50;354;507;-522;1216;44;41;34;0
2018/10/02/14:03:55.251284;;;81;-1791;15985;294;18;260;514;-542;1216;112;41;34;0
2018/10/02/14:03:55.263371;;;-239;-1615;15681;198;14;434;514;-542;1216;180;41;34;0
2018/10/02/14:03:55.276398;;;-239;-1247;16273;158;70;654;514;-542;1216;248;41;34;0
2018/10/02/14:03:55.288516;;;-287;-959;15953;196;22;402;520;-529;1236;60;42;34;0
2018/10/02/14:03:55.300228;;;-415;-655;16369;256;6;486;520;-529;1236;128;42;34;0
2018/10/02/14:03:55.317714;;;-623;-495;16449;296;48;444;482;-522;1182;179;42;34;0
2018/10/02/14:03:55.329272;;;-767;-319;16129;266;0;432;482;-522;1182;25;43;34;0
2018/10/02/14:03:55.341400;;;-703;-319;16289;214;114;260;482;-522;1182;76;43;34;0
2018/10/02/14:03:55.353148;;;-735;-495;16097;234;-50;432;463;-522;1222;161;43;34;0
2018/10/02/14:03:55.370154;;;-975;-575;15985;92;64;342;463;-522;1222;229;43;34;0
2018/10/02/14:03:55.382146;;;-1119;-1119;16161;192;120;406;476;-516;1250;41;44;34;0
2018/10/02/14:03:55.394120;;;-335;-1551;15873;28;24;434;476;-516;1250;109;44;34;0
2018/10/02/14:03:55.407140;;;-287;-1647;15745;18;-74;580;476;-516;1250;177;44;34;0
2018/10/02/14:03:55.423149;;;-191;-1743;16065;44;-80;838;495;-529;1202;245;44;34;0
2018/10/02/14:03:55.435121;;;-287;-1839;15649;42;-26;784;495;-529;1202;57;45;34;0
2018/10/02/14:03:55.448141;;;-111;-1919;16097;288;-14;914;463;-562;1250;125;45;34;0
2018/10/02/14:03:55.460132;;;-111;-1839;15617;276;-90;1174;463;-562;1250;193;45;34;0
2018/10/02/14:03:55.476121;;;-127;-1503;16529;142;6;1150;463;-562;1250;5;46;34;0
2018/10/02/14:03:55.489141;;;289;-1743;16449;270;-34;1290;463;-509;1250;73;46;34;0
2018/10/02/14:03:55.501129;;;401;-1407;15937;256;-12;1448;463;-509;1250;141;46;34;0
2018/10/02/14:03:55.513133;;;401;-1151;15713;222;22;1400;437;-529;1297;209;46;34;0
2018/10/02/14:03:55.530133;;;609;-607;15329;152;-102;1650;437;-529;1297;21;47;34;0
2018/10/02/14:03:55.542141;;;849;-255;15969;280;-20;1602;437;-529;1297;89;47;34;0
2018/10/02/14:03:55.554221;;;737;-31;15649;170;44;1642;424;-549;1263;157;47;34;0
2018/10/02/14:03:55.566146;;;289;145;15745;262;50;1676;424;-549;1263;242;47;34;0
2018/10/02/14:03:55.583290;;;385;-735;16177;160;104;1572;329;-594;1243;54;48;34;0
2018/10/02/14:03:55.595670;;;129;-1295;16337;180;28;1672;329;-594;1243;122;48;34;0
2018/10/02/14:03:55.607312;;;401;-1183;16385;172;132;1728;329;-594;1243;190;48;34;0
2018/10/02/14:03:55.620137;;;753;-1535;17249;68;214;1838;335;-568;1202;2;49;34;0
2018/10/02/14:03:55.632172;;;433;-255;15601;226;298;1936;335;-568;1202;104;49;34;0
2018/10/02/14:03:55.648166;;;497;161;16273;264;276;2116;309;-601;1297;155;49;34;0
2018/10/02/14:03:55.663385;;;513;321;16321;204;342;2084;309;-601;1297;206;49;34;0
2018/10/02/14:03:55.673522;;;641;65;17105;282;380;2196;309;-601;1297;18;50;34;0
2018/10/02/14:03:55.685165;;;113;-223;17025;62;404;2204;246;-620;1304;86;50;34;0
2018/10/02/14:03:55.702295;;;-143;369;16545;82;622;2118;246;-620;1304;154;50;34;0
2018/10/02/14:03:55.714291;;;113;1265;15585;108;496;2314;162;-581;1310;222;50;34;0
2018/10/02/14:03:55.726566;;;673;1665;15297;96;700;2196;162;-581;1310;34;51;34;0
2018/10/02/14:03:55.738213;;;849;2433;15809;-150;654;2280;162;-581;1310;102;51;34;0
2018/10/02/14:03:55.755198;;;625;2049;15489;-48;656;2180;118;-594;1331;170;51;34;0
2018/10/02/14:03:55.767074;;;-31;865;15425;-150;646;2044;118;-594;1331;255;51;34;0
2018/10/02/14:03:55.779157;;;-1471;833;16033;-116;630;2056;15;-601;1250;67;52;34;0
2018/10/02/14:03:55.792132;;;-1455;865;14593;-204;474;2268;15;-601;1250;135;52;34;0
2018/10/02/14:03:55.808134;;;-1183;1233;14449;-250;558;2184;15;-601;1250;203;52;34;0
2018/10/02/14:03:55.820162;;;-1071;2673;14225;-134;486;2120;-22;-666;1290;15;53;34;0
2018/10/02/14:03:55.833140;;;-1007;1665;14305;-112;268;2028;-22;-666;1290;83;53;34;0
2018/10/02/14:03:55.845129;;;-1215;2001;14977;-214;260;2202;-92;-640;1324;151;53;34;0
2018/10/02/14:03:55.861123;;;-1247;1457;14289;-26;170;2102;-92;-640;1324;219;53;34;0
2018/10/02/14:03:55.874132;;;-1631;833;15345;-68;106;2106;-92;-640;1324;31;54;34;0
2018/10/02/14:03:55.886054;;;-1359;1409;14641;-32;-170;2046;-137;-666;1337;99;54;34;0
2018/10/02/14:03:55.898135;;;-1151;1425;14545;-110;-164;2018;-137;-666;1337;167;54;34;0
2018/10/02/14:03:55.910130;;;-687;1905;15377;-44;-266;1854;-137;-620;1297;235;54;34;0
2018/10/02/14:03:55.927073;;;-1007;1873;15217;-170;-350;1896;-137;-620;1297;47;55;34;0
2018/10/02/14:03:55.939167;;;-607;1041;16929;-12;-266;1966;-137;-620;1297;115;55;34;0
2018/10/02/14:03:55.951155;;;-559;385;16801;6;-334;1884;-182;-647;1317;183;55;34;0
2018/10/02/14:03:55.964130;;;-511;673;16433;-4;-278;1730;-182;-647;1317;251;55;34;0
2018/10/02/14:03:55.980139;;;-95;1489;16017;36;-78;1910;-194;-633;1331;80;56;34;0
2018/10/02/14:03:55.992139;;;-15;2145;15649;-104;-144;1834;-194;-633;1331;148;56;34;0
2018/10/02/14:03:56.005133;;;-143;1793;16481;-24;-86;1778;-194;-633;1331;216;56;34;0
2018/10/02/14:03:56.017090;;;-479;1393;16705;-14;-16;1570;-239;-627;1283;28;57;34;0
2018/10/02/14:03:56.033138;;;-831;433;16385;-2;18;1700;-239;-627;1283;96;57;34;0
2018/10/02/14:03:56.046135;;;-543;1521;16241;158;46;1628;-271;-575;1317;164;57;34;0
2018/10/02/14:03:56.058136;;;-431;2017;15297;90;50;1738;-271;-575;1317;232;57;34;0
2018/10/02/14:03:56.070138;;;657;2289;16289;114;52;1780;-271;-575;1317;44;58;34;0
2018/10/02/14:03:56.087135;;;433;2321;15281;164;76;1664;-271;-588;1344;112;58;34;0
2018/10/02/14:03:56.099133;;;465;2193;15329;98;10;1704;-271;-588;1344;180;58;34;0
2018/10/02/14:03:56.111139;;;721;1505;15745;78;-74;1736;-341;-516;1317;248;58;34;0
2018/10/02/14:03:56.123135;;;1377;1329;15393;156;24;1568;-341;-516;1317;60;59;34;0
2018/10/02/14:03:56.140137;;;1313;1121;15633;168;68;1708;-341;-516;1317;128;59;34;0
2018/10/02/14:03:56.152136;;;817;1585;15569;162;-42;1574;-380;-516;1324;196;59;34;0
2018/10/02/14:03:56.164132;;;209;1185;16353;66;60;1730;-380;-516;1324;8;60;34;0
2018/10/02/14:03:56.177080;;;-399;529;16481;192;92;1888;-348;-496;1304;93;60;34;0
2018/10/02/14:03:56.193111;;;-639;305;15857;178;38;1920;-348;-496;1304;161;60;34;0
2018/10/02/14:03:56.205128;;;-447;49;15777;138;114;1924;-348;-496;1304;229;60;34;0
2018/10/02/14:03:56.218139;;;625;529;15457;126;-12;2064;-399;-444;1351;41;61;34;0
2018/10/02/14:03:56.230155;;;961;1185;14897;206;52;2050;-399;-444;1351;109;61;34;0
2018/10/02/14:03:56.242129;;;897;1329;15153;66;62;2064;-456;-392;1351;177;61;34;0
2018/10/02/14:03:56.259158;;;737;849;15345;90;140;2054;-456;-392;1351;245;61;34;0
2018/10/02/14:03:56.271137;;;737;497;15105;118;-96;2314;-456;-392;1351;57;62;34;0
2018/10/02/14:03:56.283141;;;577;561;14993;256;-6;2258;-488;-379;1324;125;62;34;0
2018/10/02/14:03:56.295134;;;977;289;15057;216;-92;2262;-488;-379;1324;193;62;34;0
2018/10/02/14:03:56.312137;;;1409;561;14657;94;-54;2324;-514;-320;1337;5;63;34;0
2018/10/02/14:03:56.324129;;;1665;801;14593;144;-128;2366;-514;-320;1337;73;63;34;0
2018/10/02/14:03:56.336130;;;2321;1521;14817;94;-162;2338;-514;-320;1337;141;63;34;0
2018/10/02/14:03:56.349136;;;3041;1553;14785;170;-230;2484;-482;-261;1385;209;63;34;0
2018/10/02/14:03:56.365128;;;3009;1969;15153;30;-290;2390;-482;-261;1385;21;64;34;0
2018/10/02/14:03:56.377134;;;2465;1841;15489;90;-258;2344;-514;-228;1364;106;64;34;0
2018/10/02/14:03:56.394158;;;2481;2033;15313;-78;-328;2436;-514;-228;1364;174;64;34;0
2018/10/02/14:03:56.406132;;;2593;1361;15233;-24;-460;2458;-514;-228;1364;242;64;34;0
2018/10/02/14:03:56.418140;;;2721;1217;15969;16;-312;2480;-476;-189;1337;71;65;34;0
2018/10/02/14:03:56.431134;;;3089;1153;15697;-88;-320;2332;-476;-189;1337;139;65;34;0
2018/10/02/14:03:56.447139;;;3473;897;15665;-108;-270;2442;-476;-156;1412;207;65;34;0
2018/10/02/14:03:56.459141;;;3249;961;15569;60;-180;2278;-476;-156;1412;19;66;34;0
2018/10/02/14:03:56.472137;;;3249;1313;15649;-138;-10;2278;-476;-91;1364;87;66;34;0
2018/10/02/14:03:56.484076;;;3377;1457;15953;-104;-28;2236;-476;-91;1364;154;66;34;0
2018/10/02/14:03:56.500140;;;3537;1217;14833;-36;-12;2082;-476;-91;1364;222;66;34;0
2018/10/02/14:03:56.512158;;;3617;801;15825;-170;26;2064;-476;-104;1351;34;67;34;0
2018/10/02/14:03:56.525127;;;3905;881;16289;-128;150;1918;-476;-104;1351;102;67;34;0
2018/10/02/14:03:56.537147;;;3569;273;15505;-244;132;1956;-444;-65;1378;170;67;34;0
2018/10/02/14:03:56.553113;;;3105;289;15649;-188;212;2068;-444;-65;1378;238;67;34;0
2018/10/02/14:03:56.566132;;;2945;177;15425;-178;126;1848;-444;-65;1378;50;68;34;0
2018/10/02/14:03:56.578141;;;3121;977;15601;-258;232;1832;-463;-39;1351;118;68;34;0
2018/10/02/14:03:56.590137;;;2833;849;15921;-244;258;1688;-463;-39;1351;186;68;34;0
2018/10/02/14:03:56.607143;;;2833;801;15473;-152;288;1716;-463;-39;1351;254;68;34;0
2018/10/02/14:03:56.619139;;;3057;513;15905;-190;428;1502;-456;-32;1371;83;69;34;0
2018/10/02/14:03:56.631135;;;2817;17;15809;-232;190;1542;-456;-32;1371;151;69;34;0
2018/10/02/14:03:56.644136;;;2689;289;15185;-208;350;1384;-488;-13;1331;219;69;34;0
2018/10/02/14:03:56.660119;;;2897;369;15953;-254;224;1590;-488;-13;1331;31;70;34;0
2018/10/02/14:03:56.672143;;;2977;577;15249;-322;376;1378;-482;45;1351;99;70;34;0
2018/10/02/14:03:56.684135;;;2689;17;15825;-246;338;1358;-482;45;1351;167;70;34;0
2018/10/02/14:03:56.697143;;;2545;241;15521;-348;426;1284;-482;45;1351;235;70;34;0
2018/10/02/14:03:56.709139;;;2417;353;14705;-320;488;1028;-539;45;1324;47;71;34;0
2018/10/02/14:03:56.725133;;;2833;-191;15601;-378;460;1078;-539;45;1324;115;71;34;0
2018/10/02/14:03:56.738165;;;2401;305;15505;-384;482;976;-527;19;1297;183;71;34;0
2018/10/02/14:03:56.750165;;;2417;-127;15969;-446;438;958;-527;19;1297;251;71;34;0
2018/10/02/14:03:56.762160;;;2033;-47;15569;-286;456;692;-527;19;1297;63;72;34;0
2018/10/02/14:03:56.779164;;;1553;-255;15489;-356;438;758;-527;0;1304;131;72;34;0
2018/10/02/14:03:56.791156;;;1489;-111;15009;-324;428;634;-527;0;1304;199;72;34;0
2018/10/02/14:03:56.803163;;;1345;-1087;14865;-432;386;722;-597;-6;1297;11;73;34;0
2018/10/02/14:03:56.816162;;;1121;-1359;15233;-346;396;666;-597;-6;1297;79;73;34;0
2018/10/02/14:03:56.832164;;;1281;-783;15377;-404;354;444;-597;-6;1297;164;73;34;0
2018/10/02/14:03:56.844161;;;1249;-815;15649;-348;380;504;-591;-19;1310;232;73;34;0
2018/10/02/14:03:56.857149;;;1025;-1215;15585;-232;292;492;-591;-19;1310;44;74;34;0
2018/10/02/14:03:56.869151;;;1345;-1391;15505;-240;344;454;-584;32;1337;112;74;34;0
2018/10/02/14:03:56.885147;;;1601;-1487;15921;-386;356;556;-584;32;1337;180;74;34;0
2018/10/02/14:03:56.897148;;;1841;-1551;16097;-204;384;482;-584;32;1337;248;74;34;0
2018/10/02/14:03:56.910169;;;1313;-1823;16065;-124;362;324;-623;-19;1263;60;75;34;0
2018/10/02/14:03:56.922163;;;833;-1359;15857;-52;510;266;-623;-19;1263;128;75;34;0
2018/10/02/14:03:56.938168;;;673;-1487;15585;72;510;190;-642;6;1290;196;75;34;0
2018/10/02/14:03:56.951166;;;209;-1327;14945;34;590;12;-642;6;1290;8;76;34;0
2018/10/02/14:03:56.963167;;;-127;-879;15537;84;524;6;-642;6;1290;76;76;34;0
2018/10/02/14:03:56.975163;;;-111;-1263;15073;152;536;10;-654;13;1243;144;76;34;0
2018/10/02/14:03:56.992145;;;-335;-1599;14961;118;566;-60;-654;13;1243;212;76;34;0
2018/10/02/14:03:57.004163;;;-207;-1775;15393;86;438;-38;-706;39;1263;24;77;34;0
2018/10/02/14:03:57.016253;;;289;-1807;14401;90;370;-226;-706;39;1263;92;77;34;0
2018/10/02/14:03:57.029171;;;-175;-1887;14961;282;394;-470;-706;39;1263;177;77;34;0
2018/10/02/14:03:57.041160;;;-95;-2095;15009;54;226;-394;-680;13;1222;245;77;34;0
2018/10/02/14:03:57.057155;;;-495;-2255;14465;186;158;-504;-680;13;1222;57;78;34;0
2018/10/02/14:03:57.070099;;;-479;-2239;15089;180;36;-408;-725;-6;1243;125;78;34;0
2018/10/02/14:03:57.082150;;;-575;-2143;14497;180;-138;-294;-725;-6;1243;193;78;34;0
2018/10/02/14:03:57.094151;;;-751;-1695;14913;194;-120;-338;-725;-6;1243;5;79;34;0
2018/10/02/14:03:57.110163;;;17;-1743;14609;312;-364;-478;-725;19;1162;73;79;34;0
2018/10/02/14:03:57.123153;;;1073;-2239;14353;324;-582;-280;-725;19;1162;141;79;34;0
2018/10/02/14:03:57.135162;;;-783;-4447;14081;232;-442;-304;-661;-19;1256;209;79;34;0
2018/10/02/14:03:57.147163;;;-479;-463;19825;274;-492;-588;-661;-19;1256;21;80;34;0
2018/10/02/14:03:57.164166;;;-543;529;13601;342;-324;-562;-661;-19;1256;89;80;34;0
2018/10/02/14:03:57.176135;;;689;65;19025;286;-326;-792;-654;-26;1256;157;80;34;0
2018/10/02/14:03:57.188178;;;449;65;15745;276;-244;-1108;-654;-26;1256;225;80;34;0
2018/10/02/14:03:57.201169;;;321;-479;15153;180;-38;-1052;-623;6;1236;37;81;34;0
2018/10/02/14:03:57.217148;;;993;-1551;17473;86;-82;-1196;-623;6;1236;105;81;34;0
2018/10/02/14:03:57.229114;;;-207;-1695;14017;38;-22;-1208;-623;6;1236;173;81;34;0
2018/10/02/14:03:57.242154;;;881;-2015;16081;152;288;-1128;-642;-52;1243;2;82;34;0
2018/10/02/14:03:57.254141;;;1393;-2143;16545;288;140;-1148;-642;-52;1243;70;82;34;0
2018/10/02/14:03:57.270134;;;289;-2383;14385;256;382;-1022;-661;-58;1229;138;82;34;0
2018/10/02/14:03:57.282166;;;257;-2223;17489;276;348;-840;-661;-58;1229;206;82;34;0
2018/10/02/14:03:57.295144;;;-79;-1535;14961;260;306;-796;-661;-58;1229;18;83;34;0
2018/10/02/14:03:57.307167;;;-127;-1471;16769;160;370;-792;-693;-58;1263;86;83;34;0
2018/10/02/14:03:57.319154;;;225;-1007;17361;126;380;-702;-693;-58;1263;154;83;34;0
2018/10/02/14:03:57.336123;;;-863;-1055;16193;14;410;-600;-738;-104;1195;222;83;34;0
2018/10/02/14:03:57.348164;;;-1647;-1247;17329;-88;458;-512;-738;-104;1195;34;84;34;0
2018/10/02/14:03:57.360152;;;-1423;-879;14897;52;420;-604;-738;-104;1195;102;84;34;0
2018/10/02/14:03:57.373145;;;-1423;-575;15441;88;462;-478;-738;-91;1216;170;84;34;0
2018/10/02/14:03:57.389148;;;-1263;-1103;15009;-54;300;-512;-738;-91;1216;238;84;34;0
2018/10/02/14:03:57.401157;;;-1071;-1695;14449;-98;338;-328;-725;-78;1202;50;85;34;0
2018/10/02/14:03:57.414078;;;-991;-1887;16049;-34;286;-142;-725;-78;1202;118;85;34;0
2018/10/02/14:03:57.426311;;;-1055;-1423;15153;-82;100;18;-725;-78;1202;186;85;34;0
2018/10/02/14:03:57.442156;;;-1087;-1263;15153;-128;142;190;-757;-117;1202;15;86;34;0
2018/10/02/14:03:57.455150;;;-1263;-1071;15921;-96;100;248;-757;-117;1202;83;86;34;0
2018/10/02/14:03:57.467151;;;-1135;-1151;15473;-200;38;196;-763;-117;1195;151;86;34;0
2018/10/02/14:03:57.479155;;;-895;-879;16241;-120;168;170;-763;-117;1195;219;86;34;0
2018/10/02/14:03:57.495145;;;-831;-1055;15921;-200;-64;92;-763;-117;1195;31;87;34;0
2018/10/02/14:03:57.508151;;;-1007;-1119;15729;-194;-80;134;-763;-124;1209;99;87;34;0
2018/10/02/14:03:57.520152;;;-751;-1247;16673;-136;68;232;-763;-124;1209;184;87;34;0
2018/10/02/14:03:57.532151;;;-895;-927;15777;-290;24;114;-731;-137;1168;235;87;34;0
2018/10/02/14:03:57.549145;;;-831;-959;16337;-250;40;18;-731;-137;1168;47;88;34;0
2018/10/02/14:03:57.561151;;;-879;-1167;15793;-358;36;64;-731;-137;1168;115;88;34;0
2018/10/02/14:03:57.573153;;;-1007;-1375;15537;-322;-12;174;-744;-117;1175;183;88;34;0
2018/10/02/14:03:57.586329;;;-655;-1615;15873;-360;4;164;-744;-117;1175;251;88;34;0
2018/10/02/14:03:57.602131;;;-623;-1935;15857;-328;-2;60;-706;-163;1182;80;89;34;0
2018/10/02/14:03:57.618156;;;-751;-1759;16417;-258;10;-8;-706;-163;1182;216;89;34;0
2018/10/02/14:03:57.631152;;;-943;-1823;16017;-340;30;2;-725;-189;1141;11;90;34;0
2018/10/02/14:03:57.647158;;;-703;-1679;16289;-296;-20;90;-725;-189;1141;62;90;34;0
2018/10/02/14:03:57.659157;;;-847;-1679;16065;-306;-62;76;-725;-189;1141;113;90;34;0
2018/10/02/14:03:57.672153;;;-975;-1743;16417;-320;22;54;-744;-183;1148;198;90;34;0
2018/10/02/14:03:57.684146;;;-719;-2127;15825;-358;0;-166;-744;-183;1148;10;91;34;0
2018/10/02/14:03:57.700176;;;-639;-2303;15889;-268;-138;90;-725;-189;1175;78;91;34;0
2018/10/02/14:03:57.713143;;;-543;-2719;15969;-350;30;28;-725;-189;1175;146;91;34;0
2018/10/02/14:03:57.725139;;;-287;-2671;15777;-206;-148;106;-725;-189;1175;214;91;34;0
2018/10/02/14:03:57.737146;;;-607;-2415;16401;-298;-158;90;-769;-202;1148;26;92;34;0
2018/10/02/14:03:57.753139;;;-751;-2255;16017;-174;-124;90;-769;-202;1148;94;92;34;0
2018/10/02/14:03:57.766175;;;-655;-2223;16257;-156;-28;32;-731;-189;1168;162;92;34;0
2018/10/02/14:03:57.778160;;;-575;-2383;17025;-58;18;118;-731;-189;1168;230;92;34;0
2018/10/02/14:03:57.790159;;;-815;-3103;16977;-62;-22;6;-731;-189;1168;42;93;34;0
2018/10/02/14:03:57.807160;;;-959;-3327;16129;-20;118;172;-769;-235;1162;110;93;34;0
2018/10/02/14:03:57.819160;;;-1199;-3199;16433;24;96;92;-769;-235;1162;178;93;34;0
2018/10/02/14:03:57.831162;;;-1119;-3103;16097;38;100;104;-731;-202;1168;246;93;34;0
2018/10/02/14:03:57.844170;;;-1359;-2623;16129;206;32;188;-731;-202;1168;58;94;34;0
2018/10/02/14:03:57.860160;;;-1103;-2959;16145;224;52;64;-731;-202;1168;126;94;34;0
2018/10/02/14:03:57.872158;;;-847;-2911;16161;144;-42;302;-693;-209;1101;211;94;34;0
2018/10/02/14:03:57.885152;;;-895;-2671;16433;232;-6;180;-693;-209;1101;23;95;34;0
2018/10/02/14:03:57.897146;;;-863;-2335;16369;282;-24;256;-706;-183;1168;91;95;34;0
2018/10/02/14:03:57.913131;;;-751;-2495;15985;258;46;118;-706;-183;1168;159;95;34;0
2018/10/02/14:03:57.926248;;;-479;-2623;16433;248;-2;102;-706;-183;1168;227;95;34;0
2018/10/02/14:03:57.938165;;;-415;-2687;16417;246;-74;202;-699;-169;1189;38;96;34;0
2018/10/02/14:03:57.950155;;;-543;-2431;16193;314;-12;190;-699;-169;1189;106;96;34;0
2018/10/02/14:03:57.962175;;;-639;-1935;16785;278;10;112;-693;-169;1148;174;96;34;0
2018/10/02/14:03:57.979165;;;-639;-1647;16209;340;-98;134;-693;-169;1148;242;96;34;0
2018/10/02/14:03:57.991157;;;-911;-1631;16209;216;58;84;-693;-169;1148;54;97;34;0
2018/10/02/14:03:58.003155;;;-719;-1519;16065;234;-102;220;-706;-130;1162;122;97;34;0
2018/10/02/14:03:58.016204;;;-847;-1407;16449;188;14;168;-706;-130;1162;190;97;34;0
2018/10/02/14:03:58.032160;;;-863;-1279;16641;120;18;128;-712;-163;1182;2;98;34;0
2018/10/02/14:03:58.044153;;;-911;-1263;16481;92;88;42;-712;-163;1182;70;98;34;0
2018/10/02/14:03:58.057150;;;-1039;-1263;16433;-2;138;42;-712;-163;1182;138;98;34;0
2018/10/02/14:03:58.069148;;;-975;-1087;16289;42;88;96;-680;-137;1162;223;98;34;0
2018/10/02/14:03:58.085142;;;-1231;-1087;15985;-44;44;146;-680;-137;1162;35;99;34;0
2018/10/02/14:03:58.098173;;;-1023;-1455;16097;-10;54;42;-693;-150;1168;103;99;34;0
2018/10/02/14:03:58.110163;;;-1023;-1487;16161;-38;66;-30;-693;-150;1168;171;99;34;0
2018/10/02/14:03:58.122157;;;-1167;-1583;15937;-30;30;-104;-693;-150;1168;239;99;34;0
2018/10/02/14:03:58.138166;;;-1119;-1567;16177;-110;-146;136;-680;-143;1162;51;100;34;0
2018/10/02/14:03:58.151160;;;-1231;-1503;16161;-56;-168;110;-680;-143;1162;119;100;34;0
2018/10/02/14:03:58.163157;;;-1151;-1311;15889;-220;-48;-42;-725;-130;1162;187;100;34;0
2018/10/02/14:03:58.175158;;;-1119;-1535;16577;-200;-98;46;-725;-130;1162;255;100;34;0
2018/10/02/14:03:58.192143;;;-879;-1583;16449;-236;-102;36;-725;-130;1162;67;101;34;0
2018/10/02/14:03:58.204156;;;-767;-1983;16225;-180;-92;76;-718;-163;1182;135;101;34;0
2018/10/02/14:03:58.216156;;;-479;-2063;16353;-232;-62;-16;-718;-163;1182;203;101;34;0
2018/10/02/14:03:58.229150;;;-79;-2047;16513;-250;-122;68;-712;-156;1135;15;102;34;0
2018/10/02/14:03:58.241155;;;-623;-2271;16529;-104;-36;-30;-712;-156;1135;83;102;34;0
2018/10/02/14:03:58.257150;;;-303;-2095;16353;-184;120;-22;-712;-156;1135;151;102;34;0
2018/10/02/14:03:58.270180;;;-671;-2223;16065;-160;-152;114;-699;-169;1202;219;102;34;0
2018/10/02/14:03:58.282177;;;-447;-1919;16065;32;-46;-8;-699;-169;1202;48;103;34;0
2018/10/02/14:03:58.294160;;;-399;-2111;16081;-72;-62;40;-712;-196;1148;116;103;34;0
2018/10/02/14:03:58.311184;;;-351;-2095;16001;-90;8;30;-712;-196;1148;184;103;34;0
2018/10/02/14:03:58.323159;;;-527;-2159;16097;-42;-124;146;-712;-196;1148;252;103;34;0
2018/10/02/14:03:58.335157;;;-687;-2159;15809;-124;70;58;-654;-163;1168;64;104;34;0
2018/10/02/14:03:58.347168;;;-687;-2239;15505;-78;84;-38;-654;-163;1168;132;104;34;0
2018/10/02/14:03:58.364178;;;-879;-1983;15489;-96;46;-82;-706;-169;1114;200;104;34;0
2018/10/02/14:03:58.376158;;;-847;-2175;15425;-116;-10;-2;-706;-169;1114;12;105;34;0
2018/10/02/14:03:58.388170;;;-639;-2287;15569;-98;-22;92;-706;-169;1114;80;105;34;0
2018/10/02/14:03:58.401158;;;-575;-2191;15649;-64;60;20;-667;-176;1195;148;105;34;0
2018/10/02/14:03:58.417151;;;-703;-1983;15889;-86;-68;14;-667;-176;1195;216;105;34;0
2018/10/02/14:03:58.429149;;;-527;-2079;15921;-40;-24;28;-667;-183;1202;28;106;34;0
2018/10/02/14:03:58.442163;;;-719;-1839;16065;-26;-146;42;-667;-183;1202;96;106;34;0
2018/10/02/14:03:58.454245;;;-751;-2207;15825;-74;64;24;-667;-183;1202;164;106;34;0
2018/10/02/14:03:58.470478;;;-879;-2255;15697;-70;28;-86;-731;-163;1175;232;106;34;0
2018/10/02/14:03:58.483421;;;-847;-2159;15857;-82;34;82;-731;-163;1175;61;107;34;0
2018/10/02/14:03:58.495644;;;-783;-2303;15473;-12;150;-70;-738;-202;1209;129;107;34;0
2018/10/02/14:03:58.507245;;;-783;-2431;15425;-16;24;-40;-738;-202;1209;197;107;34;0
2018/10/02/14:03:58.523320;;;-639;-2207;15665;-30;38;-110;-738;-202;1209;9;108;34;0
2018/10/02/14:03:58.536401;;;-687;-2335;15553;-60;14;62;-686;-163;1155;77;108;34;0
2018/10/02/14:03:58.550811;;;-815;-2463;15473;-82;26;-50;-686;-163;1155;145;108;34;0
2018/10/02/14:03:58.560287;;;-783;-2623;15521;-14;48;60;-674;-189;1155;213;108;34;0
2018/10/02/14:03:58.573581;;;-607;-2703;15537;-42;-66;-26;-674;-189;1155;25;109;34;0
2018/10/02/14:03:58.589375;;;-639;-2639;15713;-16;-136;-70;-674;-189;1155;93;109;34;0
2018/10/02/14:03:58.601545;;;-751;-2479;15745;-68;-62;196;-718;-196;1222;161;109;34;0
2018/10/02/14:03:58.614351;;;-655;-2351;15729;6;42;-102;-718;-196;1222;212;109;34;0
2018/10/02/14:03:58.626617;;;-687;-2447;16017;18;-182;-26;-706;-183;1250;41;110;34;0
2018/10/02/14:03:58.642321;;;-735;-2255;16049;-62;0;72;-706;-183;1250;109;110;34;0
2018/10/02/14:03:58.655241;;;-543;-2287;16097;-30;50;-26;-706;-183;1250;177;110;34;0
2018/10/02/14:03:58.667192;;;-255;-2431;15921;60;-174;-72;-680;-176;1182;245;110;34;0
2018/10/02/14:03:58.679181;;;-319;-2351;16273;-52;60;-130;-680;-176;1182;74;111;34;0
2018/10/02/14:03:58.696165;;;-319;-2543;16113;52;-2;-72;-680;-176;1182;142;111;34;0
2018/10/02/14:03:58.708179;;;-671;-2479;16065;70;-38;-134;-680;-176;1182;210;111;34;0
2018/10/02/14:03:58.720186;;;-463;-2639;16145;90;-78;-92;-680;-176;1182;22;112;34;0
2018/10/02/14:03:58.732178;;;-479;-2383;15905;14;-38;2;-712;-169;1195;90;112;34;0
2018/10/02/14:03:58.749168;;;-431;-2271;16257;46;-84;76;-712;-169;1195;158;112;34;0
2018/10/02/14:03:58.761176;;;-351;-2031;16065;-8;4;210;-674;-209;1182;226;112;34;0
2018/10/02/14:03:58.773157;;;-463;-2239;16129;86;18;62;-674;-209;1182;38;113;34;0
2018/10/02/14:03:58.786188;;;-287;-2383;16049;140;26;28;-674;-209;1182;106;113;34;0
2018/10/02/14:03:58.802151;;;-575;-2463;16049;-34;-28;112;-674;-169;1175;174;113;34;0
2018/10/02/14:03:58.814164;;;-527;-2239;15713;-34;38;24;-674;-169;1175;242;113;34;0
2018/10/02/14:03:58.827175;;;-351;-2239;15857;-4;130;20;-712;-156;1182;54;114;34;0
2018/10/02/14:03:58.839187;;;-447;-2015;15921;38;-84;60;-712;-156;1182;122;114;34;0
2018/10/02/14:03:58.851164;;;-623;-2095;15617;-4;56;-76;-712;-156;1182;190;114;34;0
2018/10/02/14:03:58.868176;;;-687;-2127;15617;-46;-10;98;-680;-150;1141;2;115;34;0
2018/10/02/14:03:58.880172;;;-719;-2143;15569;-92;-4;74;-680;-150;1141;70;115;34;0
2018/10/02/14:03:58.896163;;;-703;-2127;16033;28;30;62;-680;-189;1162;155;115;34;0
2018/10/02/14:03:58.908113;;;-543;-2287;15905;-96;-82;-78;-680;-189;1162;223;115;34;0
2018/10/02/14:03:58.921169;;;-655;-2095;15793;-96;56;-72;-680;-189;1162;52;116;34;0
2018/10/02/14:03:58.937155;;;-799;-2223;15633;60;96;-42;-667;-196;1162;120;116;34;0
2018/10/02/14:03:58.949154;;;-671;-2255;15457;-170;-26;-16;-667;-196;1162;188;116;34;0
2018/10/02/14:03:58.962176;;;-543;-2559;15537;18;26;-72;-674;-183;1216;0;117;34;0
2018/10/02/14:03:58.974172;;;-447;-2607;15713;10;76;2;-674;-183;1216;68;117;34;0
2018/10/02/14:03:58.990177;;;-319;-2479;15633;-14;-124;210;-674;-183;1216;136;117;34;0
2018/10/02/14:03:59.003170;;;-335;-2367;15873;-28;-102;22;-674;-202;1175;204;117;34;0
2018/10/02/14:03:59.015165;;;-383;-2559;15985;-98;-78;68;-674;-202;1175;16;118;34;0
2018/10/02/14:03:59.027193;;;-719;-2239;15681;-68;14;-58;-706;-169;1195;84;118;34;0
2018/10/02/14:03:59.044155;;;-495;-2255;15745;72;-28;48;-706;-169;1195;152;118;34;0
2018/10/02/14:03:59.056167;;;-543;-2255;15937;-16;40;-24;-706;-169;1195;220;118;34;0
2018/10/02/14:03:59.068173;;;-655;-2271;15825;-8;4;-14;-674;-169;1216;32;119;34;0
2018/10/02/14:03:59.081193;;;-655;-2271;15825;-10;48;-14;-674;-169;1216;100;119;34;0
2018/10/02/14:03:59.093150;;;-831;-2255;15617;98;50;-66;-680;-143;1195;168;119;34;0
2018/10/02/14:03:59.109166;;;-719;-2479;15457;140;76;-82;-680;-143;1195;236;119;34;0
2018/10/02/14:03:59.121174;;;-655;-2431;15617;54;-90;14;-680;-143;1195;48;120;34;0
2018/10/02/14:03:59.134168;;;-511;-2479;15889;8;-50;-4;-680;-176;1182;133;120;34;0
2018/10/02/14:03:59.146262;;;-527;-2223;15857;-4;-172;58;-680;-176;1182;201;120;34;0
2018/10/02/14:03:59.162172;;;-511;-2271;15985;20;80;6;-667;-156;1162;13;121;34;0
2018/10/02/14:03:59.175172;;;-303;-2319;15985;96;-74;28;-667;-156;1162;81;121;34;0
2018/10/02/14:03:59.187178;;;-351;-2239;15969;96;26;-156;-667;-156;1162;149;121;34;0
2018/10/02/14:03:59.199178;;;-383;-2127;16337;74;82;-14;-661;-150;1168;217;121;34;0
2018/10/02/14:03:59.216188;;;-559;-2111;16129;36;140;-26;-661;-150;1168;29;122;34;0
2018/10/02/14:03:59.228181;;;-431;-2143;16033;0;78;30;-661;-196;1182;97;122;34;0
2018/10/02/14:03:59.240177;;;-287;-2127;16161;144;-14;-100;-661;-196;1182;165;122;34;0
2018/10/02/14:03:59.253152;;;-495;-2351;16033;-52;86;-12;-661;-196;1182;233;122;34;0
2018/10/02/14:03:59.269158;;;-543;-2271;16145;-26;-78;158;-654;-196;1168;45;123;34;0
2018/10/02/14:03:59.281428;;;-751;-2031;15825;-92;98;106;-654;-196;1168;113;123;34;0
2018/10/02/14:03:59.293159;;;-575;-2351;15825;-128;18;78;-680;-189;1155;181;123;34;0
2018/10/02/14:03:59.306235;;;-511;-2415;15905;48;66;114;-680;-189;1155;249;123;34;0
2018/10/02/14:03:59.322164;;;-543;-2559;15553;-36;148;18;-680;-189;1155;61;124;34;0
2018/10/02/14:03:59.334190;;;-703;-2271;15665;-62;46;124;-680;-189;1121;146;124;34;0
2018/10/02/14:03:59.347194;;;-559;-2319;15985;-106;18;18;-680;-189;1121;214;124;34;0
2018/10/02/14:03:59.359193;;;-511;-2287;15713;-92;70;78;-693;-196;1114;26;125;34;0
2018/10/02/14:03:59.371171;;;-479;-1983;15825;-14;28;52;-693;-196;1114;94;125;34;0
2018/10/02/14:03:59.388190;;;-591;-2351;16001;-88;96;52;-693;-196;1114;161;125;34;0
2018/10/02/14:03:59.400191;;;-639;-2239;15665;-88;-18;-36;-674;-176;1189;229;125;34;0
2018/10/02/14:03:59.412175;;;-735;-2479;15777;-52;6;86;-674;-176;1189;41;126;34;0
2018/10/02/14:03:59.425162;;;-703;-2255;15617;-10;-94;-110;-680;-156;1189;109;126;34;0
2018/10/02/14:03:59.441174;;;-751;-2271;15857;2;54;-50;-680;-156;1189;177;126;34;0
2018/10/02/14:03:59.453153;;;-735;-2271;15617;24;-62;48;-680;-156;1189;245;126;34;0
2018/10/02/14:03:59.466324;;;-735;-2335;15425;-52;-112;62;-699;-163;1155;57;127;34;0
2018/10/02/14:03:59.478191;;;-527;-2335;15617;46;12;-72;-699;-163;1155;125;127;34;0
2018/10/02/14:03:59.494172;;;-623;-2687;15585;14;-98;-172;-674;-189;1148;193;127;34;0
2018/10/02/14:03:59.506337;;;-687;-2655;15441;-20;-116;6;-674;-189;1148;5;128;34;0
2018/10/02/14:03:59.519179;;;-607;-2559;15937;4;-54;84;-674;-189;1148;73;128;34;0
2018/10/02/14:03:59.531175;;;-463;-2815;15969;-12;-74;16;-706;-169;1155;158;128;34;0
2018/10/02/14:03:59.547178;;;-543;-2735;16001;64;-16;-22;-706;-169;1155;209;128;34;0
2018/10/02/14:03:59.560230;;;-591;-2575;16049;-52;-2;96;-725;-156;1141;38;129;34;0
2018/10/02/14:03:59.572222;;;-399;-2655;16113;-18;72;76;-725;-156;1141;106;129;34;0
2018/10/02/14:03:59.584222;;;-335;-2415;16081;96;-10;42;-725;-156;1141;174;129;34;0
2018/10/02/14:03:59.601333;;;-31;-2319;15777;12;12;-28;-693;-196;1155;242;129;34;0
2018/10/02/14:03:59.613365;;;-319;-2303;16129;120;74;-54;-693;-196;1155;54;130;34;0
2018/10/02/14:03:59.625171;;;-543;-2415;15649;56;-12;72;-654;-215;1168;122;130;34;0
2018/10/02/14:03:59.638220;;;-575;-2559;15873;12;60;-54;-654;-215;1168;190;130;34;0
2018/10/02/14:03:59.654162;;;-639;-2239;15745;18;88;38;-654;-215;1168;2;131;34;0
2018/10/02/14:03:59.666179;;;-735;-2399;15489;6;6;120;-674;-209;1209;70;131;34;0
2018/10/02/14:03:59.678194;;;-575;-2143;15793;126;50;40;-674;-209;1209;138;131;34;0
2018/10/02/14:03:59.691185;;;-655;-2415;15393;18;-98;6;-693;-209;1168;206;131;34;0
2018/10/02/14:03:59.703196;;;-703;-2271;15649;152;-52;-72;-693;-209;1168;18;132;34;0
2018/10/02/14:03:59.719183;;;-287;-2415;15905;108;-48;-8;-693;-209;1168;86;132;34;0
2018/10/02/14:03:59.732186;;;-447;-2271;15489;-58;40;52;-674;-163;1189;154;132;34;0
2018/10/02/14:03:59.744178;;;-495;-2399;15857;16;126;-84;-674;-163;1189;239;132;34;0
2018/10/02/14:03:59.756177;;;-527;-2447;15841;56;0;-108;-712;-196;1128;51;133;34;0
2018/10/02/14:03:59.773162;;;-543;-2415;15681;18;-16;-40;-712;-196;1128;119;133;34;0
2018/10/02/14:03:59.785163;;;-527;-2559;15553;-4;-90;58;-712;-196;1128;187;133;34;0
2018/10/02/14:03:59.797165;;;-655;-2463;15441;-36;-130;194;-706;-189;1209;255;133;34;0
2018/10/02/14:03:59.810183;;;-735;-2127;15393;26;-46;70;-706;-189;1209;67;134;34;0
2018/10/02/14:03:59.826186;;;-591;-1983;15569;58;-48;-76;-693;-143;1162;135;134;34;0
2018/10/02/14:03:59.838188;;;-527;-2335;15841;36;20;-98;-693;-143;1162;203;134;34;0
2018/10/02/14:03:59.851184;;;-591;-2191;16129;-8;40;34;-693;-143;1162;15;135;34;0
2018/10/02/14:03:59.863186;;;-735;-2239;15649;2;-28;-64;-706;-183;1155;83;135;34;0
2018/10/02/14:03:59.879196;;;-591;-2239;15761;36;50;-120;-706;-183;1155;151;135;34;0
2018/10/02/14:03:59.891176;;;-799;-1951;15729;-8;4;14;-667;-163;1182;219;135;34;0
2018/10/02/14:03:59.904180;;;-687;-1951;15809;16;-120;54;-667;-163;1182;31;136;34;0
2018/10/02/14:03:59.916190;;;-591;-2047;16097;-28;-82;-82;-667;-163;1182;99;136;34;0
2018/10/02/14:03:59.932239;;;-671;-2127;15921;-70;-86;42;-680;-189;1175;167;136;34;0
2018/10/02/14:03:59.945405;;;-559;-2463;15937;10;-124;-110;-680;-189;1175;252;136;34;0
2018/10/02/14:03:59.957193;;;-495;-2239;15745;-32;-58;-92;-680;-163;1114;64;137;34;0
2018/10/02/14:03:59.972684;;;-463;-2223;15857;-54;-56;30;-680;-163;1114;132;137;34;0
2018/10/02/14:03:59.982607;;;-431;-1983;16193;168;0;-6;-680;-163;1114;200;137;34;0
2018/10/02/14:03:59.998376;;;-543;-1935;16225;28;-50;42;-699;-176;1128;12;138;34;0
2018/10/02/14:04:00.010227;;;-367;-2175;16113;-88;40;-24;-699;-176;1128;80;138;34;0
2018/10/02/14:04:00.023328;;;-575;-2239;16001;6;-92;-42;-693;-189;1168;148;138;34;0
2018/10/02/14:04:00.035217;;;-383;-2175;16049;20;-12;-16;-693;-189;1168;216;138;34;0
2018/10/02/14:04:00.051514;;;-591;-2463;16017;-16;46;-84;-693;-189;1168;28;139;34;0
2018/10/02/14:04:00.063615;;;-655;-2159;15793;-6;100;-44;-731;-202;1209;96;139;34;0
2018/10/02/14:04:00.076386;;;-639;-2207;15969;-44;-24;96;-731;-202;1209;164;139;34;0
2018/10/02/14:04:00.088275;;;-687;-2351;15617;-86;-2;-64;-693;-189;1168;232;139;34;0
2018/10/02/14:04:00.105497;;;-623;-2287;15873;-24;-30;-8;-693;-189;1168;44;140;34;0
2018/10/02/14:04:00.117649;;;-703;-2335;15697;28;64;54;-693;-189;1168;112;140;34;0
2018/10/02/14:04:00.129522;;;-367;-2063;15825;-22;-28;156;-693;-183;1195;180;140;34;0
2018/10/02/14:04:00.141323;;;-431;-2255;15889;-98;-28;-76;-693;-183;1195;248;140;34;0
2018/10/02/14:04:00.158214;;;-319;-2287;15473;-92;0;-46;-693;-163;1175;77;141;34;0
2018/10/02/14:04:00.170205;;;-367;-2287;15905;16;36;-38;-693;-163;1175;145;141;34;0
2018/10/02/14:04:00.182202;;;-447;-2223;15985;-2;-28;-62;-693;-163;1175;213;141;34;0
2018/10/02/14:04:00.195194;;;-399;-2447;15857;52;-34;-40;-680;-176;1189;25;142;34;0
2018/10/02/14:04:00.211233;;;-383;-2239;15937;-86;40;-98;-680;-176;1189;93;142;34;0
2018/10/02/14:04:00.223206;;;-319;-2399;15777;-84;-48;46;-699;-189;1195;161;142;34;0
2018/10/02/14:04:00.236312;;;-415;-2591;15873;44;86;-8;-699;-189;1195;229;142;34;0
2018/10/02/14:04:00.248156;;;-543;-2783;15601;-16;76;-76;-699;-189;1195;41;143;34;0
2018/10/02/14:04:00.260180;;;-655;-2591;15617;-98;106;-50;-686;-156;1182;109;143;34;0
2018/10/02/14:04:00.276225;;;-591;-2511;15665;-32;0;42;-686;-156;1182;177;143;34;0
2018/10/02/14:04:00.289169;;;-639;-2511;15489;-48;34;14;-699;-176;1209;245;143;34;0
2018/10/02/14:04:00.301162;;;-639;-2287;15665;-14;-46;0;-699;-176;1209;57;144;34;0
2018/10/02/14:04:00.313186;;;-463;-2303;15873;26;76;-32;-699;-176;1209;125;144;34;0
2018/10/02/14:04:00.330202;;;-399;-2367;15857;-28;22;82;-686;-143;1128;193;144;34;0
2018/10/02/14:04:00.342187;;;-511;-2335;16001;44;46;-14;-686;-143;1128;5;145;34;0
2018/10/02/14:04:00.354131;;;-463;-2143;15713;112;38;56;-674;-150;1155;90;145;34;0
2018/10/02/14:04:00.367195;;;-559;-2191;15905;68;-32;0;-674;-150;1155;158;145;34;0
2018/10/02/14:04:00.383204;;;-607;-2383;15985;72;46;-8;-693;-196;1175;226;145;34;0
2018/10/02/14:04:00.395184;;;-639;-2367;15985;46;-34;44;-693;-196;1175;38;146;34;0
2018/10/02/14:04:00.408193;;;-751;-2271;15793;18;-16;-120;-693;-196;1175;106;146;34;0
2018/10/02/14:04:00.420195;;;-271;-2303;15697;-64;-66;-30;-680;-169;1222;174;146;34;0
2018/10/02/14:04:00.436182;;;-767;-2207;15857;86;88;-34;-680;-169;1222;242;146;34;0
2018/10/02/14:04:00.448144;;;-543;-2287;15889;-82;42;42;-680;-169;1222;54;147;34;0
2018/10/02/14:04:00.461164;;;-751;-1967;15873;20;64;-58;-674;-163;1209;122;147;34;0
2018/10/02/14:04:00.473171;;;-607;-2239;15761;-82;72;-4;-674;-163;1209;190;147;34;0
2018/10/02/14:04:00.489177;;;-703;-2319;16001;-20;14;6;-674;-163;1141;2;148;34;0
2018/10/02/14:04:00.502195;;;-559;-2303;15841;-56;-2;82;-674;-163;1141;70;148;34;0
2018/10/02/14:04:00.514193;;;-543;-2255;16049;-84;-28;48;-674;-163;1141;138;148;34;0
2018/10/02/14:04:00.526185;;;-431;-2175;16017;-60;-16;28;-706;-156;1168;206;148;34;0
2018/10/02/14:04:00.543166;;;-591;-1759;15921;-16;82;-30;-706;-156;1168;18;149;34;0
2018/10/02/14:04:00.555187;;;-479;-2031;15953;82;-44;-48;-693;-222;1168;103;149;34;0
2018/10/02/14:04:00.567196;;;-495;-1855;16017;-10;40;32;-693;-222;1168;171;149;34;0
2018/10/02/14:04:00.580198;;;-831;-1903;15649;62;-20;-52;-680;-169;1155;239;149;34;0
2018/10/02/14:04:00.592182;;;-591;-2111;16049;64;78;70;-680;-169;1155;51;150;34;0
2018/10/02/14:04:00.608238;;;-527;-1983;15713;52;-16;-8;-680;-169;1155;119;150;34;0
2018/10/02/14:04:00.621665;;;-607;-2319;15425;-16;-54;-32;-686;-156;1189;187;150;34;0
2018/10/02/14:04:00.633329;;;-655;-2191;15617;34;-86;-8;-686;-156;1189;255;150;34;0
2018/10/02/14:04:00.645692;;;-591;-2303;15697;-64;-132;-80;-686;-156;1189;67;151;34;0
2018/10/02/14:04:00.661307;;;-543;-2223;15809;102;-30;-118;-654;-163;1182;135;151;34;0
2018/10/02/14:04:00.676977;;;-447;-2111;15729;14;-52;0;-654;-163;1182;203;151;34;0
2018/10/02/14:04:00.686640;;;-431;-1983;15857;26;16;-4;-674;-156;1182;15;152;34;0
2018/10/02/14:04:00.698321;;;-591;-1967;16257;36;-62;20;-674;-156;1182;83;152;34;0
2018/10/02/14:04:00.715364;;;-607;-1791;15889;-82;-82;-114;-674;-156;1182;151;152;34;0
2018/10/02/14:04:00.727294;;;-703;-2127;15729;-34;38;8;-667;-176;1182;219;152;34;0
2018/10/02/14:04:00.739645;;;-639;-2127;15633;36;44;-64;-667;-176;1182;31;153;34;0
2018/10/02/14:04:00.752430;;;-623;-2255;15569;-96;2;6;-674;-163;1209;116;153;34;0
2018/10/02/14:04:00.768447;;;-575;-2239;15825;34;38;52;-674;-163;1209;184;153;34;0
2018/10/02/14:04:00.780253;;;-591;-2207;15617;16;-30;-168;-693;-150;1202;252;153;34;0
2018/10/02/14:04:00.793423;;;-623;-2079;15985;-62;26;-48;-693;-150;1202;64;154;34;0
2018/10/02/14:04:00.805187;;;-463;-1951;15905;-52;26;-64;-693;-150;1202;115;154;34;0
2018/10/02/14:04:00.821167;;;-639;-1887;15809;-136;-86;6;-661;-143;1216;200;154;34;0
2018/10/02/14:04:00.833179;;;-399;-2095;16097;-6;-112;-72;-661;-143;1216;12;155;34;0
2018/10/02/14:04:00.846197;;;-479;-2223;16065;-16;-2;-64;-661;-143;1216;79;155;34;0
2018/10/02/14:04:00.858216;;;-575;-1999;15953;46;-96;26;-661;-156;1175;147;155;34;0
2018/10/02/14:04:00.870220;;;-399;-2079;16113;0;58;-54;-661;-156;1175;215;155;34;0
2018/10/02/14:04:00.887209;;;-223;-2111;15985;50;84;18;-674;-163;1168;27;156;34;0
2018/10/02/14:04:00.899204;;;-399;-2143;15921;-52;40;-18;-674;-163;1168;95;156;34;0
2018/10/02/14:04:00.911206;;;-463;-2239;15793;-32;8;-80;-674;-163;1168;163;156;34;0
2018/10/02/14:04:00.924194;;;-767;-2095;15649;-72;-18;-70;-667;-176;1216;231;156;34;0
2018/10/02/14:04:00.940223;;;-383;-2095;15873;4;-106;60;-667;-176;1216;43;157;34;0
2018/10/02/14:04:00.952199;;;-399;-1999;15665;-136;-16;168;-674;-183;1148;111;157;34;0
2018/10/02/14:04:00.965206;;;-367;-2303;15857;-62;18;52;-674;-183;1148;196;157;34;0
2018/10/02/14:04:00.977181;;;-463;-2207;16193;18;-16;-96;-718;-169;1202;8;158;34;0
2018/10/02/14:04:00.993171;;;-591;-2207;15761;-80;6;-30;-718;-169;1202;76;158;34;0
2018/10/02/14:04:01.006192;;;-495;-2207;15793;14;34;-100;-718;-169;1202;144;158;34;0
2018/10/02/14:04:01.018220;;;-351;-2175;15761;46;86;-44;-680;-176;1175;212;158;34;0
2018/10/02/14:04:01.030204;;;-511;-2239;16001;-24;22;-64;-680;-176;1175;24;159;34;0
2018/10/02/14:04:01.046191;;;-335;-2159;15953;46;42;48;-680;-176;1175;92;159;34;0
2018/10/02/14:04:01.059201;;;-303;-2239;15921;40;0;48;-661;-163;1141;160;159;34;0
2018/10/02/14:04:01.071208;;;-527;-2079;16209;12;-62;34;-661;-163;1141;228;159;34;0
2018/10/02/14:04:01.083196;;;-367;-1887;15665;-22;-116;-76;-648;-150;1182;40;160;34;0
2018/10/02/14:04:01.100142;;;-559;-1935;15809;-2;-62;-70;-648;-150;1182;108;160;34;0
2018/10/02/14:04:01.112201;;;-463;-2111;15921;-16;52;72;-648;-150;1182;176;160;34;0
2018/10/02/14:04:01.124194;;;-415;-2111;15777;-70;36;-64;-648;-163;1189;244;160;34;0
2018/10/02/14:04:01.137172;;;-415;-2319;15793;-52;-80;-88;-648;-163;1189;56;161;34;0
2018/10/02/14:04:01.153157;;;-351;-2303;15729;90;-36;-12;-667;-169;1155;124;161;34;0
2018/10/02/14:04:01.165168;;;-319;-2191;15825;18;-34;-100;-667;-169;1155;209;161;34;0
2018/10/02/14:04:01.178204;;;-383;-2127;15969;84;0;26;-667;-130;1155;21;162;34;0
2018/10/02/14:04:01.190204;;;-399;-2319;15489;-44;100;-68;-667;-130;1155;89;162;34;0
2018/10/02/14:04:01.202194;;;-399;-2303;15825;90;34;68;-667;-130;1155;157;162;34;0
2018/10/02/14:04:01.218213;;;-431;-2271;15761;32;8;-50;-686;-176;1175;225;162;34;0
2018/10/02/14:04:01.231198;;;-447;-2047;15937;72;40;22;-686;-176;1175;37;163;34;0
2018/10/02/14:04:01.243220;;;-287;-1935;15793;-32;-32;50;-686;-176;1175;105;163;34;0
2018/10/02/14:04:01.255195;;;-495;-1855;16017;-44;0;80;-674;-176;1182;173;163;34;0
2018/10/02/14:04:01.272199;;;-271;-1807;15985;66;26;-96;-674;-176;1182;241;163;34;0
2018/10/02/14:04:01.284195;;;-511;-2111;15633;36;-68;-6;-667;-150;1168;53;164;34;0
2018/10/02/14:04:01.296197;;;-543;-2159;15777;-8;50;-78;-667;-150;1168;121;164;34;0
2018/10/02/14:04:01.309173;;;-511;-2143;15761;-50;56;34;-667;-150;1168;189;164;34;0
2018/10/02/14:04:01.325170;;;-367;-2239;15601;56;38;-58;-661;-189;1175;1;165;34;0
2018/10/02/14:04:01.337171;;;-575;-2255;15457;32;52;-8;-661;-189;1175;69;165;34;0
2018/10/02/14:04:01.350218;;;-559;-2143;15457;58;-48;22;-706;-169;1236;137;165;34;0
2018/10/02/14:04:01.362200;;;-351;-2111;15537;14;42;-4;-706;-169;1236;205;165;34;0
2018/10/02/14:04:01.378217;;;-479;-1919;15745;-24;50;-64;-699;-196;1168;34;166;34;0
2018/10/02/14:04:01.391207;;;-351;-2255;15857;18;-68;-14;-699;-196;1168;102;166;34;0
2018/10/02/14:04:01.407207;;;-463;-2255;15857;-16;-24;-32;-699;-196;1168;170;166;34;0
2018/10/02/14:04:01.419215;;;-239;-2095;16097;-86;-38;-40;-661;-176;1195;255;166;34;0
2018/10/02/14:04:01.431199;;;-207;-2175;16225;40;94;-128;-661;-176;1195;67;167;34;0
2018/10/02/14:04:01.444197;;;-271;-2095;15889;142;100;-84;-674;-150;1155;135;167;34;0
2018/10/02/14:04:01.460205;;;-447;-2063;15969;78;-12;126;-674;-150;1155;203;167;34;0
2018/10/02/14:04:01.472205;;;-591;-1855;15665;110;92;-128;-674;-150;1155;15;168;34;0
2018/10/02/14:04:01.485165;;;-543;-1855;15777;52;-12;120;-661;-156;1202;83;168;34;0
2018/10/02/14:04:01.497209;;;-479;-1807;15777;140;-62;-58;-661;-156;1202;151;168;34;0
2018/10/02/14:04:01.513175;;;-559;-1903;15921;32;18;12;-680;-156;1209;219;168;34;0
2018/10/02/14:04:01.526199;;;-383;-1903;15985;32;14;-10;-680;-156;1209;31;169;34;0
2018/10/02/14:04:01.538353;;;-271;-1951;15777;56;-24;-6;-680;-156;1209;99;169;34;0
2018/10/02/14:04:01.550346;;;-303;-2047;16049;70;-28;-92;-686;-202;1155;167;169;34;0
2018/10/02/14:04:01.567281;;;-383;-2095;16081;-10;-26;32;-686;-202;1155;235;169;34;0
2018/10/02/14:04:01.579334;;;-287;-1983;15969;10;30;112;-699;-169;1155;47;170;34;0
2018/10/02/14:04:01.591325;;;-399;-1807;15921;-48;-54;-42;-699;-169;1155;115;170;34;0
2018/10/02/14:04:01.603202;;;-479;-1871;15937;-54;-62;84;-699;-169;1155;183;170;34;0
2018/10/02/14:04:01.620246;;;-351;-2015;15761;-58;32;-40;-667;-169;1189;12;171;34;0
2018/10/02/14:04:01.632156;;;-303;-2111;16049;-62;24;-60;-667;-169;1189;80;171;34;0
2018/10/02/14:04:01.644211;;;-351;-2175;16033;54;30;-22;-661;-150;1189;148;171;34;0
2018/10/02/14:04:01.657194;;;-447;-1935;15921;-4;-20;12;-661;-150;1189;216;171;34;0
2018/10/02/14:04:01.673176;;;-431;-2271;16209;30;46;70;-661;-150;1189;28;172;34;0
2018/10/02/14:04:01.685152;;;-447;-2031;15729;4;-40;14;-648;-169;1209;96;172;34;0
2018/10/02/14:04:01.698162;;;-319;-2111;16097;-60;-18;56;-648;-169;1209;164;172;34;0
2018/10/02/14:04:01.710233;;;-367;-1839;15585;10;12;-18;-674;-156;1148;232;172;34;0
2018/10/02/14:04:01.722205;;;-511;-1935;15649;8;102;-46;-674;-156;1148;44;173;34;0
2018/10/02/14:04:01.739239;;;-399;-1951;15841;58;58;-4;-674;-156;1148;112;173;34;0
2018/10/02/14:04:01.751234;;;-511;-2287;15681;26;-50;16;-667;-176;1168;180;173;34;0
2018/10/02/14:04:01.763223;;;-415;-2319;15841;-44;56;16;-667;-176;1168;248;173;34;0
2018/10/02/14:04:01.776188;;;-479;-2047;15745;-24;0;-148;-661;-183;1155;60;174;34;0
2018/10/02/14:04:01.792226;;;-575;-2175;15713;2;2;36;-661;-183;1155;128;174;34;0
2018/10/02/14:04:01.804207;;;-463;-1871;15873;24;4;-50;-661;-183;1155;196;174;34;0
2018/10/02/14:04:01.816214;;;-255;-1919;15713;-26;-8;-100;-693;-189;1168;25;175;34;0
2018/10/02/14:04:01.829178;;;-431;-1999;15745;-26;-32;98;-693;-189;1168;93;175;34;0
2018/10/02/14:04:01.845169;;;-367;-2159;15601;70;12;-110;-706;-169;1148;161;175;34;0
2018/10/02/14:04:01.857177;;;-335;-2031;15681;-48;18;-46;-706;-169;1148;229;175;34;0
2018/10/02/14:04:01.870208;;;-367;-1999;15713;24;-58;126;-706;-169;1148;41;176;34;0
2018/10/02/14:04:01.882205;;;-367;-2159;15889;-58;20;-146;-693;-183;1182;109;176;34;0
2018/10/02/14:04:01.898212;;;-319;-2095;15793;50;-62;-18;-693;-183;1182;177;176;34;0
2018/10/02/14:04:01.911211;;;-559;-2191;15665;34;-52;42;-706;-111;1162;245;176;34;0
2018/10/02/14:04:01.923208;;;-495;-2095;15969;70;-64;78;-706;-111;1162;57;177;34;0
2018/10/02/14:04:01.935199;;;-495;-2015;16017;98;88;-4;-706;-111;1162;125;177;34;0
2018/10/02/14:04:01.952185;;;-431;-1807;16033;-8;34;-36;-674;-163;1155;193;177;34;0
2018/10/02/14:04:01.964204;;;-431;-1727;15889;-76;-62;12;-674;-163;1155;5;178;34;0
2018/10/02/14:04:01.976256;;;-479;-1983;16017;-88;14;-78;-674;-130;1195;73;178;34;0
2018/10/02/14:04:01.988215;;;-431;-2175;15969;-46;-54;72;-674;-130;1195;141;178;34;0
2018/10/02/14:04:02.001203;;;-431;-2127;15873;92;72;-38;-674;-130;1195;209;178;34;0
2018/10/02/14:04:02.017178;;;-431;-1983;15969;24;98;-30;-693;-163;1202;38;179;34;0
2018/10/02/14:04:02.029181;;;-175;-1983;16369;124;50;-48;-693;-163;1202;106;179;34;0
2018/10/02/14:04:02.042206;;;-191;-2063;16049;8;-22;218;-648;-156;1182;174;179;34;0
2018/10/02/14:04:02.054207;;;-271;-2079;16017;26;-108;56;-648;-156;1182;242;179;34;0
2018/10/02/14:04:02.070212;;;-367;-2095;15985;50;-2;-56;-648;-156;1182;54;180;34;0
2018/10/02/14:04:02.083244;;;-175;-1999;16129;-28;-8;44;-693;-169;1175;122;180;34;0
2018/10/02/14:04:02.095204;;;-255;-1791;16097;-56;-48;-6;-693;-169;1175;190;180;34;0
2018/10/02/14:04:02.107212;;;-367;-1967;15841;-68;74;68;-654;-143;1195;2;181;34;0
2018/10/02/14:04:02.124247;;;-367;-2255;15745;4;106;-40;-654;-143;1195;70;181;34;0
2018/10/02/14:04:02.136227;;;-399;-2159;15921;-20;70;-28;-654;-143;1195;138;181;34;0
2018/10/02/14:04:02.148236;;;-287;-2095;15793;94;46;14;-674;-169;1182;206;181;34;0
2018/10/02/14:04:02.161217;;;-527;-2319;15697;-106;46;14;-674;-169;1182;18;182;34;0
2018/10/02/14:04:02.177180;;;-559;-2383;15713;0;6;2;-693;-150;1155;86;182;34;0
2018/10/02/14:04:02.189181;;;-687;-2239;16017;-32;38;118;-693;-150;1155;154;182;34;0
2018/10/02/14:04:02.201228;;;-511;-2191;16001;20;42;-22;-693;-150;1155;222;182;34;0
2018/10/02/14:04:02.214207;;;-623;-2159;16049;82;92;30;-718;-143;1175;51;183;34;0
2018/10/02/14:04:02.230229;;;-415;-2079;16129;54;96;-52;-718;-143;1175;119;183;34;0
2018/10/02/14:04:02.242218;;;-559;-1823;16001;2;4;96;-686;-163;1168;187;183;34;0
2018/10/02/14:04:02.255226;;;-607;-1823;15649;12;0;-40;-686;-163;1168;255;183;34;0
2018/10/02/14:04:02.267228;;;-431;-1727;15697;90;-24;48;-686;-163;1168;67;184;34;0
2018/10/02/14:04:02.283210;;;-255;-1807;15761;-40;-24;-18;-699;-169;1121;135;184;34;0
2018/10/02/14:04:02.296216;;;-511;-1807;15905;0;-132;-112;-699;-169;1121;203;184;34;0
2018/10/02/14:04:02.308232;;;-367;-1759;15681;-16;-14;66;-674;-176;1155;14;185;34;0
2018/10/02/14:04:02.320219;;;-239;-1807;15633;-64;-72;-24;-674;-176;1155;82;185;34;0
2018/10/02/14:04:02.333177;;;-303;-1807;15905;-140;100;-140;-674;-176;1155;150;185;34;0
2018/10/02/14:04:02.349158;;;-447;-2111;15793;-14;150;-150;-680;-183;1168;218;185;34;0
2018/10/02/14:04:02.361211;;;-351;-1887;15825;-34;-40;-102;-680;-183;1168;30;186;34;0
2018/10/02/14:04:02.373177;;;-399;-1999;15825;2;-84;-94;-654;-150;1114;98;186;34;0
2018/10/02/14:04:02.386210;;;-399;-2223;15729;-96;-36;150;-654;-150;1114;166;186;34;0
2018/10/02/14:04:02.402212;;;-447;-2015;15649;-74;84;-80;-654;-150;1114;234;186;34;0
2018/10/02/14:04:02.414211;;;-495;-2287;15681;-98;62;-8;-693;-169;1189;46;187;34;0
2018/10/02/14:04:02.427220;;;-351;-2191;15841;-64;-20;-34;-693;-169;1189;131;187;34;0
2018/10/02/14:04:02.439219;;;-479;-2111;15729;-36;-46;-44;-680;-169;1168;199;187;34;0
2018/10/02/14:04:02.455209;;;-239;-2127;15905;-24;34;20;-680;-169;1168;11;188;34;0
2018/10/02/14:04:02.468221;;;-447;-2063;15745;34;30;114;-680;-169;1168;79;188;34;0
2018/10/02/14:04:02.480218;;;-335;-2271;15713;-22;110;56;-648;-169;1155;147;188;34;0
2018/10/02/14:04:02.492213;;;-399;-2175;15777;-16;56;-6;-648;-169;1155;215;188;34;0
2018/10/02/14:04:02.509192;;;-303;-1887;15617;12;14;10;-712;-176;1202;27;189;34;0
2018/10/02/14:04:02.521216;;;-335;-1743;15697;-8;-16;64;-712;-176;1202;95;189;34;0
2018/10/02/14:04:02.533183;;;-559;-1855;15681;24;114;-68;-712;-176;1202;163;189;34;0
2018/10/02/14:04:02.546210;;;-463;-2031;15745;4;-62;-98;-661;-183;1182;231;189;34;0
2018/10/02/14:04:02.562197;;;-623;-2383;15697;0;-46;-100;-661;-183;1182;43;190;34;0
2018/10/02/14:04:02.574214;;;-495;-2191;15633;84;42;50;-680;-189;1202;111;190;34;0
2018/10/02/14:04:02.586215;;;-735;-2159;15585;-12;48;0;-680;-189;1202;179;190;34;0
2018/10/02/14:04:02.599219;;;-559;-2175;15713;76;-30;-50;-680;-189;1202;247;190;34;0
2018/10/02/14:04:02.611216;;;-607;-2159;15649;-26;-36;0;-680;-196;1175;59;191;34;0
2018/10/02/14:04:02.627243;;;-383;-1983;15745;26;-70;8;-680;-196;1175;144;191;34;0
2018/10/02/14:04:02.640247;;;-303;-2095;15617;64;-10;36;-661;-183;1209;212;191;34;0
2018/10/02/14:04:02.652516;;;-383;-2095;15889;-12;-132;-114;-661;-183;1209;24;192;34;0
2018/10/02/14:04:02.664218;;;-271;-2175;15985;-124;-84;118;-661;-183;1209;92;192;34;0
2018/10/02/14:04:02.681230;;;-335;-2191;16017;4;38;-78;-680;-196;1148;160;192;34;0
2018/10/02/14:04:02.693197;;;-287;-2063;16177;-96;-88;70;-680;-196;1148;228;192;34;0
2018/10/02/14:04:02.705200;;;-159;-2159;16145;-48;-44;-30;-680;-176;1195;40;193;34;0
2018/10/02/14:04:02.718237;;;-239;-2143;16337;100;62;10;-680;-176;1195;108;193;34;0
2018/10/02/14:04:02.734234;;;-303;-2191;16065;-28;50;-52;-680;-176;1195;176;193;34;0
2018/10/02/14:04:02.746299;;;-415;-2175;15745;-22;-48;112;-712;-183;1162;244;193;34;0
2018/10/02/14:04:02.758233;;;-287;-2127;15857;98;56;-30;-712;-183;1162;56;194;34;0
2018/10/02/14:04:02.771227;;;-479;-2543;15873;-108;-36;-38;-686;-202;1168;124;194;34;0
2018/10/02/14:04:02.787235;;;-463;-2431;15761;80;64;66;-686;-202;1168;192;194;34;0
2018/10/02/14:04:02.799234;;;-527;-2175;15873;80;-12;36;-686;-202;1168;4;195;34;0
2018/10/02/14:04:02.812226;;;-559;-1743;15777;92;-12;-30;-661;-176;1148;72;195;34;0
2018/10/02/14:04:02.824219;;;-687;-1823;15745;52;26;-110;-661;-176;1148;157;195;34;0
2018/10/02/14:04:02.840227;;;-639;-1615;15585;96;22;-28;-642;-169;1189;225;195;34;0
2018/10/02/14:04:02.853189;;;-447;-1583;15889;-116;-104;-78;-642;-169;1189;37;196;34;0
2018/10/02/14:04:02.865181;;;-335;-1775;16129;34;-2;-92;-642;-169;1189;105;196;34;0
2018/10/02/14:04:02.877188;;;-287;-1807;16177;34;-130;28;-667;-156;1155;173;196;34;0
2018/10/02/14:04:02.890301;;;-191;-1775;16369;-52;-32;-114;-667;-156;1155;241;196;34;0
2018/10/02/14:04:02.906301;;;-31;-1983;16113;38;-62;-150;-648;-176;1189;53;197;34;0
2018/10/02/14:04:02.918231;;;-207;-2015;16097;-68;-32;24;-648;-176;1189;121;197;34;0
2018/10/02/14:04:02.931230;;;-207;-2303;16001;-34;-82;-16;-648;-176;1189;189;197;34;0
2018/10/02/14:04:02.943219;;;-175;-2191;15857;-124;14;-34;-654;-143;1155;1;198;34;0
2018/10/02/14:04:02.959256;;;-271;-2271;15921;-98;132;-30;-654;-143;1155;69;198;34;0
2018/10/02/14:04:02.971236;;;-351;-2303;15761;-110;22;-66;-661;-143;1209;137;198;34;0
2018/10/02/14:04:02.984229;;;-399;-2255;15857;-20;70;-10;-661;-143;1209;205;198;34;0
2018/10/02/14:04:02.996449;;;-63;-2271;15889;-28;126;78;-661;-143;1209;17;199;34;0
2018/10/02/14:04:03.012229;;;-367;-2175;15729;-28;-6;76;-654;-183;1182;85;199;34;0
2018/10/02/14:04:03.025184;;;-143;-2175;15585;-64;6;-34;-654;-183;1182;153;199;34;0
2018/10/02/14:04:03.037171;;;-367;-2223;15729;-46;-22;-36;-674;-169;1202;238;199;34;0
2018/10/02/14:04:03.049189;;;-511;-2335;15681;-52;88;-96;-674;-169;1202;50;200;34;0
2018/10/02/14:04:03.066472;;;-383;-2207;15697;-122;52;-12;-674;-169;1202;118;200;34;0
2018/10/02/14:04:03.078241;;;-399;-2159;15553;-12;-14;4;-680;-130;1182;186;200;34;0
2018/10/02/14:04:03.090304;;;-511;-2015;16017;-88;-28;-2;-680;-130;1182;254;200;34;0
2018/10/02/14:04:03.103221;;;-383;-2111;15713;-134;24;52;-667;-163;1222;66;201;34;0
2018/10/02/14:04:03.119238;;;-527;-2303;16113;38;-36;-4;-667;-163;1222;134;201;34;0
2018/10/02/14:04:03.131232;;;-431;-2271;15857;-12;-76;-116;-667;-163;1222;202;201;34;0
2018/10/02/14:04:03.143220;;;-495;-2159;15809;-54;-8;-102;-680;-202;1209;14;202;34;0
2018/10/02/14:04:03.156253;;;-687;-2015;16161;-70;18;4;-680;-202;1209;82;202;34;0
2018/10/02/14:04:03.172204;;;-431;-1983;15857;-80;-16;114;-667;-196;1195;150;202;34;0
2018/10/02/14:04:03.184221;;;-207;-1983;15921;-62;-40;-100;-667;-196;1195;218;202;34;0
2018/10/02/14:04:03.197189;;;-127;-2095;15969;14;-52;50;-667;-196;1195;30;203;34;0
2018/10/02/14:04:03.209191;;;-127;-2159;16017;-16;50;42;-686;-202;1168;98;203;34;0
2018/10/02/14:04:03.221216;;;-255;-2111;15905;-160;-34;90;-686;-202;1168;166;203;34;0
2018/10/02/14:04:03.238239;;;-367;-2383;15473;-54;86;-92;-667;-196;1175;251;203;34;0
2018/10/02/14:04:03.250304;;;-319;-2175;15489;-88;114;52;-667;-196;1175;63;204;34;0
2018/10/02/14:04:03.262231;;;-383;-2559;15505;-130;156;184;-667;-196;1175;131;204;34;0
2018/10/02/14:04:03.275229;;;-447;-2623;14945;106;162;-126;-699;-215;1175;199;204;34;0
2018/10/02/14:04:03.291230;;;-639;-2543;14929;46;198;-6;-699;-215;1175;11;205;34;0
2018/10/02/14:04:03.303225;;;-575;-2623;14353;-10;180;-106;-686;-183;1195;79;205;34;0
2018/10/02/14:04:03.315229;;;-591;-2559;14209;-8;192;126;-686;-183;1195;147;205;34;0
2018/10/02/14:04:03.328234;;;-623;-2127;13985;-82;88;24;-686;-183;1195;215;205;34;0
2018/10/02/14:04:03.344225;;;-735;-2143;13425;0;144;34;-667;-215;1168;27;206;34;0
2018/10/02/14:04:03.356232;;;-815;-2319;13921;-30;150;-40;-667;-215;1168;95;206;34;0
2018/10/02/14:04:03.369193;;;-895;-2511;13281;46;180;12;-661;-202;1162;163;206;34;0
2018/10/02/14:04:03.381143;;;-927;-2319;13281;-82;150;-140;-661;-202;1162;231;206;34;0
2018/10/02/14:04:03.397203;;;-1071;-2287;13297;-64;94;-36;-661;-202;1162;43;207;34;0
2018/10/02/14:04:03.410332;;;-911;-1823;13105;14;174;-44;-686;-189;1162;111;207;34;0
2018/10/02/14:04:03.422246;;;-735;-1807;13569;28;110;-14;-686;-189;1162;179;207;34;0
2018/10/02/14:04:03.434300;;;-559;-1807;12929;-110;12;140;-693;-202;1121;247;207;34;0
2018/10/02/14:04:03.451233;;;-751;-1311;12769;24;42;-18;-693;-202;1121;76;208;34;0
2018/10/02/14:04:03.463251;;;-639;-975;12369;-14;-30;104;-693;-202;1121;144;208;34;0
2018/10/02/14:04:03.475250;;;-687;-879;12433;44;0;208;-712;-183;1141;212;208;34;0
2018/10/02/14:04:03.488257;;;-575;-895;12561;104;-64;206;-712;-183;1141;24;209;34;0
2018/10/02/14:04:03.500256;;;-223;-447;12145;178;-172;328;-699;-189;1141;92;209;34;0
2018/10/02/14:04:03.516259;;;161;-255;12561;136;-156;480;-699;-189;1141;160;209;34;0
2018/10/02/14:04:03.528254;;;385;-47;12193;268;-244;354;-699;-189;1141;228;209;34;0
2018/10/02/14:04:03.541203;;;49;-95;12065;232;-184;384;-699;-183;1155;40;210;34;0
2018/10/02/14:04:03.553199;;;673;529;11473;258;-240;438;-699;-183;1155;108;210;34;0
2018/10/02/14:04:03.569204;;;817;609;11585;254;-198;462;-693;-169;1168;176;210;34;0
2018/10/02/14:04:03.582250;;;929;833;11793;358;-254;364;-693;-169;1168;244;210;34;0
2018/10/02/14:04:03.594249;;;929;689;11105;358;-370;284;-693;-169;1168;56;211;34;0
2018/10/02/14:04:03.606302;;;897;977;11361;438;-280;230;-686;-137;1141;124;211;34;0
2018/10/02/14:04:03.623228;;;1249;1009;11041;572;-358;236;-686;-137;1141;192;211;34;0
2018/10/02/14:04:03.635225;;;1393;-287;11489;646;-174;266;-603;-137;1182;4;212;34;0
2018/10/02/14:04:03.647237;;;1105;321;17105;760;-146;-40;-603;-137;1182;89;212;34;0
2018/10/02/14:04:03.660238;;;1217;1585;7921;920;-286;-78;-603;-137;1182;157;212;34;0
2018/10/02/14:04:03.676224;;;865;1441;14961;1036;-24;-36;-629;-98;1189;225;212;34;0
2018/10/02/14:04:03.688239;;;1393;2161;13537;1090;-290;-86;-629;-98;1189;37;213;34;0
2018/10/02/14:04:03.700234;;;753;2561;11121;996;-52;-114;-591;-45;1195;105;213;34;0
2018/10/02/14:04:03.713198;;;1889;2897;16529;1084;-224;-296;-591;-45;1195;173;213;34;0
2018/10/02/14:04:03.729193;;;433;2929;10385;1046;-348;-158;-591;-45;1195;241;213;34;0
2018/10/02/14:04:03.741189;;;1345;2913;16161;1056;-88;-348;-603;-32;1182;53;214;34;0
2018/10/02/14:04:03.754227;;;1569;3809;13345;1070;-550;-238;-603;-32;1182;120;214;34;0
2018/10/02/14:04:03.766261;;;449;3521;14529;1214;-286;-330;-578;-26;1175;188;214;34;0
2018/10/02/14:04:03.782213;;;193;3649;18689;1192;-666;-294;-578;-26;1175;239;214;34;0
2018/10/02/14:04:03.795227;;;-783;3825;14273;1184;-654;-288;-578;-26;1175;68;215;34;0
2018/10/02/14:04:03.807237;;;81;3521;19217;1100;-1072;-240;-559;6;1182;136;215;34;0
2018/10/02/14:04:03.819237;;;-95;3921;17553;1032;-1322;-190;-559;6;1182;204;215;34;0
2018/10/02/14:04:03.832225;;;353;3985;17441;1022;-1494;-68;-469;45;1182;16;216;34;0
2018/10/02/14:04:03.848238;;;1713;4433;19185;958;-1846;-246;-469;45;1182;101;216;34;0
2018/10/02/14:04:03.860237;;;1953;4913;17217;950;-2218;-254;-469;45;1182;169;216;34;0
2018/10/02/14:04:03.873235;;;2497;5441;17985;888;-2328;-352;-399;84;1202;237;216;34;0
2018/10/02/14:04:03.885186;;;3297;5905;18897;1024;-2474;-584;-399;84;1202;49;217;34;0
2018/10/02/14:04:03.901189;;;2897;6305;17265;1196;-2558;-660;-290;117;1250;117;217;34;0
2018/10/02/14:04:03.918237;;;3649;6433;18305;1166;-2464;-820;-290;117;1250;202;217;34;0
2018/10/02/14:04:03.930466;;;4977;6369;18913;1182;-2558;-864;-169;156;1270;14;218;34;0
2018/10/02/14:04:03.942437;;;5313;6369;17537;1248;-2392;-920;-169;156;1270;82;218;34;0
2018/10/02/14:04:03.954663;;;6385;6225;18433;1398;-2408;-796;-169;156;1270;150;218;34;0
2018/10/02/14:04:03.971253;;;6673;6657;17489;1224;-2220;-704;-67;202;1195;218;218;34;0
2018/10/02/14:04:03.983242;;;6929;7009;17137;1326;-2070;-744;-67;202;1195;30;219;34;0
2018/10/02/14:04:03.995230;;;8065;6785;16961;1214;-2088;-736;-67;202;1195;98;219;34;0
2018/10/02/14:04:04.008250;;;8465;6849;16257;1300;-2076;-620;9;274;1229;166;219;34;0
2018/10/02/14:04:04.020230;;;8641;6865;15921;1106;-2020;-566;9;274;1229;234;219;34;0
2018/10/02/14:04:04.036253;;;8561;6897;15777;900;-1884;-592;118;320;1168;46;220;34;0
2018/10/02/14:04:04.049195;;;8657;7985;15729;838;-1796;-672;118;320;1168;114;220;34;0
2018/10/02/14:04:04.061231;;;8961;8769;15585;564;-1728;-630;118;320;1168;182;220;34;0
2018/10/02/14:04:04.073188;;;9521;8785;15185;438;-1466;-742;188;366;1182;250;220;34;0
2018/10/02/14:04:04.090243;;;10241;8257;14353;308;-1428;-824;188;366;1182;79;221;34;0
2018/10/02/14:04:04.102237;;;10353;8097;15057;64;-1312;-914;258;372;1155;147;221;34;0
2018/10/02/14:04:04.114193;;;10305;7361;14385;-30;-1258;-832;258;372;1155;215;221;34;0
2018/10/02/14:04:04.126234;;;10369;6737;13953;-172;-1162;-972;284;379;1108;27;222;34;0
2018/10/02/14:04:04.143237;;;10369;6353;13665;-166;-1112;-876;284;379;1108;95;222;34;0
2018/10/02/14:04:04.155229;;;10289;6129;12769;-314;-1132;-688;284;379;1108;163;222;34;0
2018/10/02/14:04:04.167239;;;10369;6001;12193;-288;-1164;-714;335;431;1168;231;222;34;0
2018/10/02/14:04:04.180238;;;10417;5985;12145;-354;-1122;-614;335;431;1168;43;223;34;0
2018/10/02/14:04:04.196232;;;10353;6305;12641;-380;-1124;-518;335;431;1168;111;223;34;0
2018/10/02/14:04:04.208243;;;10705;6417;12449;-566;-1084;-414;373;411;1148;179;223;34;0
2018/10/02/14:04:04.221237;;;11041;6033;11713;-544;-1022;-358;373;411;1148;247;223;34;0
2018/10/02/14:04:04.233191;;;11089;5553;11601;-508;-1022;-376;392;379;1101;59;224;34;0
2018/10/02/14:04:04.249197;;;11457;5489;11169;-590;-832;-172;392;379;1101;127;224;34;0
2018/10/02/14:04:04.262241;;;11889;5089;11201;-632;-788;-76;392;379;1101;195;224;34;0
2018/10/02/14:04:04.274214;;;11777;5009;10801;-538;-746;-70;444;379;1135;7;225;34;0
2018/10/02/14:04:04.286239;;;11601;5585;10897;-494;-630;198;444;379;1135;92;225;34;0
2018/10/02/14:04:04.303218;;;11169;5521;10705;-510;-598;98;488;346;1135;160;225;34;0
2018/10/02/14:04:04.315252;;;11329;5585;10577;-380;-392;244;488;346;1135;228;225;34;0
2018/10/02/14:04:04.327244;;;11041;6273;10289;-426;-258;300;514;359;1135;40;226;34;0
2018/10/02/14:04:04.339246;;;11185;5857;10017;-354;-368;292;514;359;1135;108;226;34;0
2018/10/02/14:04:04.352230;;;11505;6881;10065;-218;-274;230;514;359;1135;176;226;34;0
2018/10/02/14:04:04.368242;;;11521;6673;10129;-142;-308;290;533;294;1155;244;226;34;0
2018/10/02/14:04:04.380242;;;11153;6465;10001;-16;-194;204;533;294;1155;56;227;34;0
2018/10/02/14:04:04.393239;;;10641;6529;9249;-36;-260;144;546;313;1135;124;227;34;0
2018/10/02/14:04:04.405192;;;10177;6641;8721;144;-200;318;546;313;1135;192;227;34;0
2018/10/02/14:04:04.421195;;;10033;6577;8273;98;-284;98;546;313;1135;4;228;34;0
2018/10/02/14:04:04.434262;;;10273;6833;8161;76;-322;192;565;333;1141;72;228;34;0
2018/10/02/14:04:04.446264;;;10337;7057;8161;216;-178;104;565;333;1141;140;228;34;0
2018/10/02/14:04:04.458263;;;10241;6961;8465;50;-372;156;565;333;1141;208;228;34;0
2018/10/02/14:04:04.475237;;;10417;6897;8833;132;-430;240;565;307;1101;20;229;34;0
2018/10/02/14:04:04.487247;;;10609;7041;8369;218;-392;42;565;307;1101;88;229;34;0
2018/10/02/14:04:04.499263;;;11041;6961;8353;162;-358;58;603;300;1114;173;229;34;0
2018/10/02/14:04:04.511243;;;10977;7121;8145;50;-498;-38;603;300;1114;241;229;34;0
2018/10/02/14:04:04.528178;;;10977;7041;8433;22;-406;74;616;307;1121;53;230;34;0
2018/10/02/14:04:04.540244;;;11089;7121;8593;182;-336;-72;616;307;1121;121;230;34;0
2018/10/02/14:04:04.552238;;;10977;7313;8849;112;-122;86;616;307;1121;189;230;34;0
2018/10/02/14:04:04.565188;;;10801;7185;9025;70;-212;-8;603;333;1114;1;231;34;0
2018/10/02/14:04:04.581192;;;11233;7249;8993;64;-220;52;603;333;1114;69;231;34;0
2018/10/02/14:04:04.593267;;;11137;7297;8849;50;-126;6;667;307;1101;137;231;34;0
2018/10/02/14:04:04.606243;;;11505;7361;8465;-2;-228;-12;667;307;1101;205;231;34;0
2018/10/02/14:04:04.618249;;;12113;7265;8481;8;-96;56;667;307;1101;0;232;34;0
2018/10/02/14:04:04.630238;;;12017;7201;8145;22;-130;-114;648;352;1114;85;232;34;0
2018/10/02/14:04:04.647257;;;12001;7089;8417;-94;-48;-178;648;352;1114;153;232;34;0
2018/10/02/14:04:04.659249;;;11569;6865;8705;-138;-102;-92;648;352;1114;221;232;34;0
2018/10/02/14:04:04.671241;;;11441;6833;9233;-134;-58;-294;610;352;1087;33;233;34;0
2018/10/02/14:04:04.683241;;;11505;6865;9473;-190;-64;-218;610;352;1087;101;233;34;0
2018/10/02/14:04:04.700249;;;11697;7185;9473;-290;-186;-190;642;352;1067;186;233;34;0
2018/10/02/14:04:04.712242;;;11457;7185;9409;-332;-136;-226;642;352;1067;254;233;34;0
2018/10/02/14:04:04.724242;;;11313;6977;9137;-422;-98;-102;667;307;1108;66;234;34;0
2018/10/02/14:04:04.737249;;;11393;7009;9153;-320;-22;-396;667;307;1108;134;234;34;0
2018/10/02/14:04:04.753196;;;11153;6577;8945;-410;-6;-410;667;307;1108;202;234;34;0
2018/10/02/14:04:04.765196;;;10993;7297;9537;-402;-48;-414;680;307;1128;14;235;34;0
2018/10/02/14:04:04.778266;;;10897;6641;9393;-516;-4;-452;680;307;1128;82;235;34;0
2018/10/02/14:04:04.790258;;;10481;5681;9361;-542;-74;-422;661;294;1101;150;235;34;0
2018/10/02/14:04:04.806241;;;10401;6257;9457;-608;-80;-490;661;294;1101;218;235;34;0
