time,.header.seq,.header.stamp.secs,.header.stamp.nsecs,.header.frame_id,.child_frame_id,.transform.translation.x,.transform.translation.y,.transform.translation.z,.transform.rotation.x,.transform.rotation.y,.transform.rotation.z,.transform.rotation.w
2018/10/02/14:20:13.095101,8741,1538482813,79282136,/world,vicon/IMUframe/IMUframe,-0.336364575709,0.063838970969,1.60653693732,-0.0415136842613,-0.00793394441124,0.0107585219483,0.999048507707
2018/10/02/14:20:13.105214,8742,1538482813,89260668,/world,vicon/IMUframe/IMUframe,-0.336179319578,0.0638326519591,1.60661594051,-0.0414177891842,-0.007775654557,0.010892357558,0.999052282157
2018/10/02/14:20:13.115220,8743,1538482813,99286397,/world,vicon/IMUframe/IMUframe,-0.336024158592,0.063857190496,1.60671341133,-0.0414885983664,-0.00766304493687,0.0110070614134,0.999048957032
2018/10/02/14:20:13.125158,8744,1538482813,109259576,/world,vicon/IMUframe/IMUframe,-0.335864480836,0.0638898823225,1.60684540077,-0.0417321681727,-0.00755824314677,0.0112418261445,0.999036996535
2018/10/02/14:20:13.135236,8745,1538482813,119242376,/world,vicon/IMUframe/IMUframe,-0.335720591618,0.0639726822872,1.60697036321,-0.0420133040169,-0.00744532557415,0.0114704267199,0.999023462549
2018/10/02/14:20:13.145148,8746,1538482813,129260642,/world,vicon/IMUframe/IMUframe,-0.335498832515,0.0640272033874,1.60710985729,-0.042361672912,-0.00728253609408,0.0118438169927,0.999005594246
2018/10/02/14:20:13.154982,8747,1538482813,139220812,/world,vicon/IMUframe/IMUframe,-0.335243075616,0.064074815017,1.60727703644,-0.0427239699434,-0.00708045860673,0.0122820942883,0.998986326062
2018/10/02/14:20:13.164873,8748,1538482813,149267084,/world,vicon/IMUframe/IMUframe,-0.335058608891,0.0641725231426,1.60749790478,-0.0430352759904,-0.00670455418389,0.0127714080108,0.99896942151
2018/10/02/14:20:13.175082,8749,1538482813,159285854,/world,vicon/IMUframe/IMUframe,-0.334780250755,0.0641999788171,1.60769424724,-0.0432720136084,-0.00637369674184,0.0131708538085,0.998956173933
2018/10/02/14:20:13.185108,8750,1538482813,169284718,/world,vicon/IMUframe/IMUframe,-0.334501538949,0.0642516291466,1.60790315331,-0.0433477854442,-0.00605976607657,0.0135021409651,0.998950419651
2018/10/02/14:20:13.195096,8751,1538482813,179291980,/world,vicon/IMUframe/IMUframe,-0.334197683458,0.0643080166355,1.60812935764,-0.043271488791,-0.0056461582116,0.013840501339,0.998951520184
2018/10/02/14:20:13.205034,8752,1538482813,189281139,/world,vicon/IMUframe/IMUframe,-0.333829550076,0.0644076277185,1.60837392177,-0.0430820328253,-0.00514694968684,0.0138761532878,0.998961911049
2018/10/02/14:20:13.215054,8753,1538482813,199260626,/world,vicon/IMUframe/IMUframe,-0.333439471663,0.0643234114037,1.60863038332,-0.0429536615769,-0.00434512928461,0.0145935353441,0.998961026034
2018/10/02/14:20:13.225210,8754,1538482813,209336017,/world,vicon/IMUframe/IMUframe,-0.333011129582,0.0642906301424,1.60893353207,-0.0426206780038,-0.00344188698159,0.0149555837158,0.99897345397
2018/10/02/14:20:13.235187,8755,1538482813,219284475,/world,vicon/IMUframe/IMUframe,-0.332505668686,0.0641885415859,1.60924731366,-0.0420759069123,-0.00235614578786,0.0154779658918,0.99899174131
2018/10/02/14:20:13.245097,8756,1538482813,229239431,/world,vicon/IMUframe/IMUframe,-0.331958157269,0.0640842111702,1.60956126891,-0.0412647861121,-0.00106910263536,0.0158931837393,0.999021261614
2018/10/02/14:20:13.254963,8757,1538482813,239240406,/world,vicon/IMUframe/IMUframe,-0.331356797854,0.0639401213497,1.60989113921,-0.0402201824336,0.000407382750773,0.0163460673264,0.999057043941
2018/10/02/14:20:13.265135,8758,1538482813,249301245,/world,vicon/IMUframe/IMUframe,-0.330692905766,0.0637545675231,1.61022395423,-0.0388657710667,0.00215424467636,0.0167315959585,0.999102029207
2018/10/02/14:20:13.275118,8759,1538482813,259287564,/world,vicon/IMUframe/IMUframe,-0.329978901916,0.063495489412,1.61057735487,-0.0373125828333,0.0042633027514,0.0171287393624,0.999147737674
2018/10/02/14:20:13.285186,8760,1538482813,269289613,/world,vicon/IMUframe/IMUframe,-0.329196881702,0.0631503730487,1.61092922783,-0.0353458111919,0.00665217228586,0.0175279954424,0.999199275225
2018/10/02/14:20:13.295196,8761,1538482813,279269987,/world,vicon/IMUframe/IMUframe,-0.328316068801,0.0627258170143,1.61129738896,-0.0330814120864,0.00932943447853,0.0179648057649,0.999247640768
2018/10/02/14:20:13.305159,8762,1538482813,289257950,/world,vicon/IMUframe/IMUframe,-0.327402852979,0.0622386755496,1.61164891422,-0.0304861815809,0.0123151717853,0.0182694683104,0.999292327502
2018/10/02/14:20:13.315188,8763,1538482813,299261821,/world,vicon/IMUframe/IMUframe,-0.326443807788,0.0617169582839,1.61197808497,-0.0275457126413,0.0156520760201,0.0183778932128,0.999329024532
2018/10/02/14:20:13.325175,8764,1538482813,309260746,/world,vicon/IMUframe/IMUframe,-0.325448244049,0.0611464767774,1.612269859,-0.0241699677364,0.019208340624,0.0182625731355,0.999356458293
2018/10/02/14:20:13.335296,8765,1538482813,319259541,/world,vicon/IMUframe/IMUframe,-0.324328677463,0.0603648318499,1.61257508618,-0.0202420180166,0.023299286799,0.0180546633774,0.999360512063
2018/10/02/14:20:13.345235,8766,1538482813,329253762,/world,vicon/IMUframe/IMUframe,-0.323191736148,0.0595240508504,1.61276809746,-0.0157904253837,0.027587418969,0.0177224646835,0.999337536084
2018/10/02/14:20:13.355314,8767,1538482813,339263255,/world,vicon/IMUframe/IMUframe,-0.321915130293,0.0586806324759,1.6130164819,-0.0111022042504,0.0325121261256,0.0172825873311,0.999260233818
2018/10/02/14:20:13.365219,8768,1538482813,349260020,/world,vicon/IMUframe/IMUframe,-0.320569076179,0.0578354865382,1.61320192467,-0.00579013962323,0.0377345312426,0.0161332930282,0.999140779015
2018/10/02/14:20:13.375234,8769,1538482813,359261422,/world,vicon/IMUframe/IMUframe,-0.319242484722,0.056751309603,1.61330932636,-0.000337052488109,0.0433585624315,0.0159998731743,0.998931391797
2018/10/02/14:20:13.385271,8770,1538482813,369287061,/world,vicon/IMUframe/IMUframe,-0.317755475112,0.0556123064004,1.61347375475,0.00567964864945,0.0496345300115,0.0148267245678,0.998641238514
2018/10/02/14:20:13.395179,8771,1538482813,379235460,/world,vicon/IMUframe/IMUframe,-0.316187848834,0.0543921652984,1.61361669964,0.0118325535368,0.056489869305,0.0136326479976,0.998239969272
2018/10/02/14:20:13.405242,8772,1538482813,389270706,/world,vicon/IMUframe/IMUframe,-0.314644005912,0.0532256299324,1.61369960418,0.0179529268337,0.0638223351956,0.0122250063809,0.997724887515
2018/10/02/14:20:13.415199,8773,1538482813,399259861,/world,vicon/IMUframe/IMUframe,-0.312987431506,0.0520649673533,1.61379265848,0.0244267967283,0.0717387124531,0.010326461175,0.997070836469
2018/10/02/14:20:13.425110,8774,1538482813,409269854,/world,vicon/IMUframe/IMUframe,-0.311162304753,0.0506846719504,1.61386729066,0.0314285735722,0.0805580129758,0.00834370263848,0.996219370387
2018/10/02/14:20:13.435012,8775,1538482813,419244557,/world,vicon/IMUframe/IMUframe,-0.309329957142,0.0492403001117,1.61384917457,0.0385593839474,0.0899958544527,0.00650915510556,0.99517413099
2018/10/02/14:20:13.444883,8776,1538482813,429300510,/world,vicon/IMUframe/IMUframe,-0.307255435745,0.0476677231754,1.61378570317,0.0459990453568,0.100078457311,0.00440972227151,0.993905903272
2018/10/02/14:20:13.455074,8777,1538482813,439287887,/world,vicon/IMUframe/IMUframe,-0.305165877996,0.0460982880748,1.61358719755,0.0539261566405,0.111096970641,0.00208790351741,0.992343223589
2018/10/02/14:20:13.464750,8778,1538482813,449307480,/world,vicon/IMUframe/IMUframe,-0.302938709847,0.0442912359868,1.61328181356,0.0620052351184,0.122688441544,9.47254765135e-05,0.990506379665
2018/10/02/14:20:13.474818,8779,1538482813,459273388,/world,vicon/IMUframe/IMUframe,-0.300663736763,0.0424696812959,1.61284075264,0.0703376075635,0.13517440319,-0.00220940932381,0.988319594157
2018/10/02/14:20:13.484953,8780,1538482813,469308683,/world,vicon/IMUframe/IMUframe,-0.298367048866,0.0406307373295,1.612257258,0.0795064771571,0.148263734877,-0.00485423996506,0.985734762177
2018/10/02/14:20:13.495207,8781,1538482813,479326396,/world,vicon/IMUframe/IMUframe,-0.295868046181,0.038592036042,1.61171488818,0.0886135316755,0.162265076395,-0.00705915112158,0.982734885598
2018/10/02/14:20:13.505173,8782,1538482813,489311525,/world,vicon/IMUframe/IMUframe,-0.293378343247,0.0365777070928,1.61100491477,0.0979939827744,0.176818360687,-0.00969166766996,0.979305120094
2018/10/02/14:20:13.515122,8783,1538482813,499271378,/world,vicon/IMUframe/IMUframe,-0.290860254158,0.0345437255276,1.61008401512,0.107707892982,0.191623197643,-0.012683002327,0.975458200728
2018/10/02/14:20:13.525217,8784,1538482813,509274973,/world,vicon/IMUframe/IMUframe,-0.288213738929,0.032285564945,1.60909553076,0.117895576303,0.206937834844,-0.0155250083518,0.971100581667
2018/10/02/14:20:13.535115,8785,1538482813,519269159,/world,vicon/IMUframe/IMUframe,-0.285623882789,0.0298841270195,1.60787464951,0.128482159111,0.222306755332,-0.0185403033643,0.966296175339
2018/10/02/14:20:13.545234,8786,1538482813,529260677,/world,vicon/IMUframe/IMUframe,-0.282825140154,0.0274051756653,1.60643444253,0.139264636268,0.238540764161,-0.0214919500537,0.960854703377
2018/10/02/14:20:13.555279,8787,1538482813,539276199,/world,vicon/IMUframe/IMUframe,-0.280139435012,0.024833854871,1.60477245474,0.150430586787,0.254297909091,-0.0244486967605,0.955042131645
2018/10/02/14:20:13.565224,8788,1538482813,549255056,/world,vicon/IMUframe/IMUframe,-0.277468659769,0.0221491559553,1.60290947509,0.161975873536,0.270568767836,-0.0277908058956,0.948569464706
2018/10/02/14:20:13.574836,8789,1538482813,559269059,/world,vicon/IMUframe/IMUframe,-0.274979185989,0.0194527258832,1.60095874091,0.173733383067,0.286742170785,-0.0312869617668,0.941603294984
2018/10/02/14:20:13.584890,8790,1538482813,569246212,/world,vicon/IMUframe/IMUframe,-0.272549386285,0.0166820856434,1.59882291546,0.185479198939,0.3035922506,-0.0346477209695,0.933931875229
2018/10/02/14:20:13.594898,8791,1538482813,579314356,/world,vicon/IMUframe/IMUframe,-0.270313015379,0.0137831215434,1.59649427595,0.197477364559,0.320134302092,-0.0385702230213,0.925758638635
2018/10/02/14:20:13.604980,8792,1538482813,589276425,/world,vicon/IMUframe/IMUframe,-0.268213298348,0.0108792411174,1.59397245246,0.209570939401,0.336763459404,-0.0424546925062,0.91698854565
2018/10/02/14:20:13.615283,8793,1538482813,599311704,/world,vicon/IMUframe/IMUframe,-0.266367196399,0.0080497230812,1.59132595613,0.221825528731,0.353458410459,-0.0465983808009,0.907573235494
2018/10/02/14:20:13.624978,8794,1538482813,609302948,/world,vicon/IMUframe/IMUframe,-0.264874979377,0.00530219885898,1.58825346471,0.234338112272,0.369601859547,-0.051120433236,0.897700849872
2018/10/02/14:20:13.635032,8795,1538482813,619245727,/world,vicon/IMUframe/IMUframe,-0.263267522116,0.00240468510489,1.58514539195,0.246752907011,0.385342722835,-0.0557333635485,0.887421985882
2018/10/02/14:20:13.644783,8796,1538482813,629304568,/world,vicon/IMUframe/IMUframe,-0.261927958778,-0.000412993501393,1.58187557722,0.259409919145,0.400687048433,-0.060356951506,0.876648972777
2018/10/02/14:20:13.655030,8797,1538482813,639308370,/world,vicon/IMUframe/IMUframe,-0.260888256342,-0.00308579290143,1.57849619953,0.272251253426,0.415387986069,-0.0649779345511,0.865511377198
2018/10/02/14:20:13.664864,8798,1538482813,649294652,/world,vicon/IMUframe/IMUframe,-0.260081150418,-0.00582677380547,1.57502442713,0.285229857147,0.429251541523,-0.0696156109525,0.85413155275
2018/10/02/14:20:13.674911,8799,1538482813,659287871,/world,vicon/IMUframe/IMUframe,-0.259517386379,-0.00836812298394,1.57159917934,0.297512219017,0.441919380938,-0.0739577206986,0.843044480343
2018/10/02/14:20:13.684902,8800,1538482813,669322635,/world,vicon/IMUframe/IMUframe,-0.259075400403,-0.0108492709095,1.56817522894,0.30966816664,0.453894794961,-0.0779775647922,0.831868163273
2018/10/02/14:20:13.694864,8801,1538482813,679337270,/world,vicon/IMUframe/IMUframe,-0.258668728219,-0.0131907502883,1.56471667788,0.321205550388,0.464679041054,-0.0819541489184,0.821087023817
2018/10/02/14:20:13.705022,8802,1538482813,689277463,/world,vicon/IMUframe/IMUframe,-0.258522291735,-0.0154323345266,1.56130572443,0.332265037297,0.474313810818,-0.0853296244948,0.810768283199
2018/10/02/14:20:13.714843,8803,1538482813,699349578,/world,vicon/IMUframe/IMUframe,-0.258396007396,-0.0176357551474,1.55811080556,0.342643728787,0.483340798433,-0.0881802540973,0.80075039212
2018/10/02/14:20:13.725048,8804,1538482813,709244195,/world,vicon/IMUframe/IMUframe,-0.258263903809,-0.0197255837194,1.55493188362,0.352297647172,0.491596792578,-0.0906365500055,0.791204131137
2018/10/02/14:20:13.734981,8805,1538482813,719313669,/world,vicon/IMUframe/IMUframe,-0.258179455352,-0.0215723297821,1.55184796052,0.361629760632,0.499025140048,-0.0929737003082,0.782019000329
2018/10/02/14:20:13.745064,8806,1538482813,729273910,/world,vicon/IMUframe/IMUframe,-0.25784846734,-0.023735720553,1.54878333465,0.369952798127,0.506014943236,-0.0944439787538,0.773410718349
2018/10/02/14:20:13.755172,8807,1538482813,739320612,/world,vicon/IMUframe/IMUframe,-0.257695604858,-0.0256725709414,1.54580070921,0.377063694146,0.512474272889,-0.0953286294453,0.765575301713
2018/10/02/14:20:13.764996,8808,1538482813,749241764,/world,vicon/IMUframe/IMUframe,-0.25748587416,-0.0275568281391,1.54294846658,0.38393819272,0.518180588683,-0.0961214906792,0.758182696131
2018/10/02/14:20:13.774910,8809,1538482813,759259040,/world,vicon/IMUframe/IMUframe,-0.257190848753,-0.0293505792189,1.54011613864,0.390696594971,0.523326496132,-0.0964825552445,0.751116945394
2018/10/02/14:20:13.784932,8810,1538482813,769306806,/world,vicon/IMUframe/IMUframe,-0.256792782563,-0.0308592844392,1.53745702217,0.396638882943,0.528104240449,-0.0960064827926,0.744692059189
2018/10/02/14:20:13.794690,8811,1538482813,779287058,/world,vicon/IMUframe/IMUframe,-0.256394175133,-0.032700094686,1.53484338371,0.40155728761,0.53293081251,-0.0948797856906,0.738738329933
2018/10/02/14:20:13.804693,8812,1538482813,789288245,/world,vicon/IMUframe/IMUframe,-0.255826418826,-0.0342367655058,1.53224948622,0.40614441037,0.537454465765,-0.0930485089715,0.733165322511
2018/10/02/14:20:13.814939,8813,1538482813,799315004,/world,vicon/IMUframe/IMUframe,-0.255144928113,-0.0359631846536,1.52975246236,0.409725033842,0.541801218951,-0.0906271954134,0.728260631393
2018/10/02/14:20:13.824926,8814,1538482813,809311170,/world,vicon/IMUframe/IMUframe,-0.254295637995,-0.0374753846396,1.52732857634,0.413704593265,0.54526863364,-0.0883519607615,0.723688163306
2018/10/02/14:20:13.834944,8815,1538482813,819285631,/world,vicon/IMUframe/IMUframe,-0.253524599911,-0.0390368540404,1.52498239018,0.416712989476,0.549126839617,-0.0851853032212,0.719411886564
2018/10/02/14:20:13.845250,8816,1538482813,829278168,/world,vicon/IMUframe/IMUframe,-0.252789108536,-0.0403908986006,1.5225892801,0.419247614483,0.552369031777,-0.0818659074681,0.71583368437
2018/10/02/14:20:13.854711,8817,1538482813,839302360,/world,vicon/IMUframe/IMUframe,-0.251755537193,-0.0419373570469,1.52022817233,0.421318498091,0.55561874574,-0.078094110596,0.712516555905
2018/10/02/14:20:13.864735,8818,1538482813,849245264,/world,vicon/IMUframe/IMUframe,-0.250861520168,-0.04317603937,1.51796122087,0.423050745095,0.558177063112,-0.0743087528844,0.709890584903
2018/10/02/14:20:13.874743,8819,1538482813,859295781,/world,vicon/IMUframe/IMUframe,-0.24991012312,-0.0444103184156,1.5157947761,0.42461472403,0.560764492399,-0.069969508291,0.707354075489
2018/10/02/14:20:13.884807,8820,1538482813,869315072,/world,vicon/IMUframe/IMUframe,-0.248803107792,-0.0456958047932,1.51360044265,0.42619287033,0.562832312618,-0.0656867527812,0.705169962251
2018/10/02/14:20:13.894979,8821,1538482813,879320976,/world,vicon/IMUframe/IMUframe,-0.247913115217,-0.0467862774611,1.51144849466,0.427738956883,0.565254893015,-0.0605686932359,0.702750114968
2018/10/02/14:20:13.904872,8822,1538482813,889299079,/world,vicon/IMUframe/IMUframe,-0.246946074831,-0.0477398720869,1.50936557215,0.429252732473,0.567545024216,-0.055199834203,0.700419670952
2018/10/02/14:20:13.914807,8823,1538482813,899276603,/world,vicon/IMUframe/IMUframe,-0.245930003444,-0.0485400197334,1.50733120054,0.430807119526,0.569824410628,-0.0495239453921,0.698034917215
2018/10/02/14:20:13.924783,8824,1538482813,909271418,/world,vicon/IMUframe/IMUframe,-0.245009708098,-0.0492342130732,1.50546980811,0.432082915141,0.571798668533,-0.0439268727948,0.696003640044
2018/10/02/14:20:13.934811,8825,1538482813,919308555,/world,vicon/IMUframe/IMUframe,-0.244173495491,-0.0498213928169,1.5037145581,0.43334168429,0.573446097551,-0.0385288955256,0.69418303211
2018/10/02/14:20:13.944761,8826,1538482813,929306714,/world,vicon/IMUframe/IMUframe,-0.243383873253,-0.0503775580062,1.50214193033,0.43441590148,0.574623401517,-0.0335172330455,0.69279677111
2018/10/02/14:20:13.954730,8827,1538482813,939312229,/world,vicon/IMUframe/IMUframe,-0.242684997602,-0.0507815262268,1.50078307225,0.435325891116,0.575356015543,-0.029066202588,0.691817880493
2018/10/02/14:20:13.964949,8828,1538482813,949304797,/world,vicon/IMUframe/IMUframe,-0.242069141233,-0.0510552710658,1.49957026738,0.435873499761,0.575529209202,-0.0252303049029,0.691479466995
2018/10/02/14:20:13.974962,8829,1538482813,959318033,/world,vicon/IMUframe/IMUframe,-0.241602170955,-0.0513312824463,1.49866154473,0.436284691768,0.575150845671,-0.0219670230624,0.691646313046
2018/10/02/14:20:13.984697,8830,1538482813,969292002,/world,vicon/IMUframe/IMUframe,-0.241283871637,-0.0515311379689,1.49796750276,0.436448926155,0.574175788586,-0.0193689437567,0.692430027279
2018/10/02/14:20:13.994594,8831,1538482813,979288534,/world,vicon/IMUframe/IMUframe,-0.241087927619,-0.051678630233,1.49744761991,0.436464450345,0.572559294438,-0.0173973818827,0.693809749889
2018/10/02/14:20:14.004795,8832,1538482813,989331107,/world,vicon/IMUframe/IMUframe,-0.240987917422,-0.0517696261864,1.49714607171,0.436214422045,0.570342410599,-0.0160067934093,0.695823465569
2018/10/02/14:20:14.014770,8833,1538482813,999328694,/world,vicon/IMUframe/IMUframe,-0.240997875644,-0.0518046535662,1.4970495033,0.435836078466,0.567568056079,-0.0151387849068,0.698343920728
2018/10/02/14:20:14.024753,8834,1538482814,9309548,/world,vicon/IMUframe/IMUframe,-0.241120353264,-0.0517507509887,1.49718903452,0.435164532923,0.564246110406,-0.0145538229093,0.70146015027
2018/10/02/14:20:14.034649,8835,1538482814,19287415,/world,vicon/IMUframe/IMUframe,-0.241270550339,-0.0516447053008,1.49760623348,0.434198624169,0.560260299474,-0.0140845931104,0.705252845326
2018/10/02/14:20:14.044683,8836,1538482814,29326906,/world,vicon/IMUframe/IMUframe,-0.241436962964,-0.0515043473903,1.49830415363,0.432564205035,0.55569465311,-0.0135980837127,0.709863897622
2018/10/02/14:20:14.054902,8837,1538482814,39328749,/world,vicon/IMUframe/IMUframe,-0.241534400555,-0.0512544277865,1.49930764302,0.430391352965,0.550371872727,-0.013206792664,0.715317877333
2018/10/02/14:20:14.065219,8838,1538482814,49336878,/world,vicon/IMUframe/IMUframe,-0.241723574384,-0.0508856407621,1.50065494004,0.427591194942,0.544070809232,-0.0124869345078,0.721801081335
2018/10/02/14:20:14.074872,8839,1538482814,59266064,/world,vicon/IMUframe/IMUframe,-0.241887543929,-0.0506050888205,1.50239639625,0.424274242296,0.537322448714,-0.0109604400071,0.728804378545
2018/10/02/14:20:14.084843,8840,1538482814,69282367,/world,vicon/IMUframe/IMUframe,-0.242232272297,-0.0501097334624,1.50437325548,0.419429100173,0.529232580242,-0.00948407056631,0.73749722599
2018/10/02/14:20:14.095066,8841,1538482814,79274685,/world,vicon/IMUframe/IMUframe,-0.242777766532,-0.049251310105,1.50683692132,0.414640729886,0.519242833487,-0.00809544785882,0.747257926499
2018/10/02/14:20:14.105466,8842,1538482814,89317487,/world,vicon/IMUframe/IMUframe,-0.24322180032,-0.0488457694622,1.50960201993,0.406685314891,0.508759112354,-0.00585141035607,0.758773339836
2018/10/02/14:20:14.115130,8843,1538482814,99304917,/world,vicon/IMUframe/IMUframe,-0.243628851545,-0.0480254934241,1.51289669622,0.398176574454,0.496480523669,-0.00357893120756,0.771329823373
2018/10/02/14:20:14.124885,8844,1538482814,109291092,/world,vicon/IMUframe/IMUframe,-0.244296219824,-0.0469007696329,1.51665873562,0.388679085042,0.482478110428,-0.000917475254889,0.784947514199
2018/10/02/14:20:14.134846,8845,1538482814,119269665,/world,vicon/IMUframe/IMUframe,-0.245024692213,-0.0454882349114,1.52076778975,0.377408533931,0.467085277479,0.00304142277774,0.799615464974
2018/10/02/14:20:14.144668,8846,1538482814,129290583,/world,vicon/IMUframe/IMUframe,-0.245725887745,-0.0442795694316,1.52521104883,0.364352332144,0.450088115373,0.00755309761357,0.815236785957
2018/10/02/14:20:14.154909,8847,1538482814,139309700,/world,vicon/IMUframe/IMUframe,-0.246546711502,-0.0430557149649,1.52978990844,0.349820345585,0.431614673651,0.0135707940218,0.83135451695
2018/10/02/14:20:14.165115,8848,1538482814,149261943,/world,vicon/IMUframe/IMUframe,-0.247601840915,-0.0414151037988,1.53441615825,0.334016996735,0.411018661554,0.0205875735473,0.84798140166
2018/10/02/14:20:14.174835,8849,1538482814,159276649,/world,vicon/IMUframe/IMUframe,-0.248953326747,-0.0397100867894,1.53894989363,0.317453739121,0.388505704156,0.0289631339703,0.864550506464
2018/10/02/14:20:14.184866,8850,1538482814,169279193,/world,vicon/IMUframe/IMUframe,-0.250145709927,-0.0379788545136,1.54349396359,0.299406595935,0.36390997109,0.0386547027452,0.881153242749
2018/10/02/14:20:14.194921,8851,1538482814,179298060,/world,vicon/IMUframe/IMUframe,-0.251870071334,-0.0359348840627,1.54783495209,0.281083034805,0.337231077533,0.0491209008192,0.897136926558
2018/10/02/14:20:14.204845,8852,1538482814,189301433,/world,vicon/IMUframe/IMUframe,-0.253765416677,-0.0336824808933,1.55188606687,0.262425456799,0.308965592627,0.0604620396421,0.912149924058
2018/10/02/14:20:14.214734,8853,1538482814,199296883,/world,vicon/IMUframe/IMUframe,-0.255706049064,-0.031635082824,1.55567346679,0.243317110746,0.280080397957,0.0729145865362,0.925761965825
2018/10/02/14:20:14.225139,8854,1538482814,209328823,/world,vicon/IMUframe/IMUframe,-0.25831417284,-0.0294862785515,1.55938579414,0.224375300406,0.249942103859,0.0854870988637,0.938017390678
2018/10/02/14:20:14.235104,8855,1538482814,219317158,/world,vicon/IMUframe/IMUframe,-0.261232942326,-0.0269129658212,1.56282213277,0.205167561857,0.219517772287,0.0974476634713,0.948800385801
2018/10/02/14:20:14.244832,8856,1538482814,229276915,/world,vicon/IMUframe/IMUframe,-0.264610445101,-0.0244217464639,1.56622029177,0.185513786747,0.188412815899,0.110119689082,0.958101716838
2018/10/02/14:20:14.255092,8857,1538482814,239280090,/world,vicon/IMUframe/IMUframe,-0.268152591301,-0.0217274889774,1.56922060902,0.16516373999,0.156950021859,0.122090200984,0.966013256873
2018/10/02/14:20:14.265208,8858,1538482814,249331207,/world,vicon/IMUframe/IMUframe,-0.272316734704,-0.0193532796359,1.57205110187,0.143697779606,0.125134469448,0.133329605006,0.972581888131
2018/10/02/14:20:14.275203,8859,1538482814,259298906,/world,vicon/IMUframe/IMUframe,-0.276636626909,-0.0168736887773,1.57459257292,0.121806665758,0.0926748092621,0.143516962229,0.977740966441
2018/10/02/14:20:14.284775,8860,1538482814,269271543,/world,vicon/IMUframe/IMUframe,-0.281244431009,-0.0145710723991,1.57672658831,0.0997517002094,0.0601277613551,0.152222891128,0.981459343038
2018/10/02/14:20:14.294840,8861,1538482814,279267855,/world,vicon/IMUframe/IMUframe,-0.28590953498,-0.0122664145811,1.57831458143,0.07806013881,0.0279965433581,0.160460934045,0.9835522848
2018/10/02/14:20:14.305227,8862,1538482814,289323035,/world,vicon/IMUframe/IMUframe,-0.290521313016,-0.0101293962894,1.57953192436,0.0569424223023,-0.00312989686511,0.16783687847,0.984163881939
2018/10/02/14:20:14.314860,8863,1538482814,299299070,/world,vicon/IMUframe/IMUframe,-0.29510450388,-0.00818852459049,1.58031471643,0.0379407459135,-0.0334230234849,0.173716611343,0.983496792188
2018/10/02/14:20:14.324900,8864,1538482814,309255627,/world,vicon/IMUframe/IMUframe,-0.299542921561,-0.00642383500452,1.58069996152,0.0207560803983,-0.0623981840293,0.180872035645,0.98130574159
2018/10/02/14:20:14.335078,8865,1538482814,319295897,/world,vicon/IMUframe/IMUframe,-0.30392441254,-0.0047205321207,1.58078461578,0.00520563240488,-0.0893309489626,0.187691728658,0.978143495578
2018/10/02/14:20:14.344687,8866,1538482814,329248642,/world,vicon/IMUframe/IMUframe,-0.30815215697,-0.00314701751098,1.58049295613,-0.00887939861007,-0.115154029574,0.192699683642,0.974437036282
2018/10/02/14:20:14.354775,8867,1538482814,339273060,/world,vicon/IMUframe/IMUframe,-0.312004559115,-0.00187808128835,1.57996114476,-0.0214615734489,-0.139487656092,0.19691127251,0.970210567568
2018/10/02/14:20:14.364766,8868,1538482814,349337571,/world,vicon/IMUframe/IMUframe,-0.315372812335,-0.000990982302411,1.57932925725,-0.0326214984006,-0.16194239242,0.201075325824,0.965546069706
2018/10/02/14:20:14.374802,8869,1538482814,359314332,/world,vicon/IMUframe/IMUframe,-0.318520484,-5.28601591849e-05,1.57859890602,-0.0416686791435,-0.182384220286,0.203974827949,0.960933913925
2018/10/02/14:20:14.384846,8870,1538482814,369302525,/world,vicon/IMUframe/IMUframe,-0.321491424095,0.000790244973526,1.57789228247,-0.0491263026651,-0.200187952382,0.206106484354,0.956572792429
2018/10/02/14:20:14.394885,8871,1538482814,379318298,/world,vicon/IMUframe/IMUframe,-0.324141326759,0.001706226437,1.57725798917,-0.055060153393,-0.215561409486,0.206760736711,0.952760020154
2018/10/02/14:20:14.405050,8872,1538482814,389320675,/world,vicon/IMUframe/IMUframe,-0.326605661796,0.00293015248659,1.57653152466,-0.0594874026417,-0.228745585659,0.206764664916,0.949413018297
2018/10/02/14:20:14.415128,8873,1538482814,399263034,/world,vicon/IMUframe/IMUframe,-0.328710305239,0.00394755264733,1.57619239172,-0.063531511453,-0.239784662905,0.205450069578,0.946708683492
2018/10/02/14:20:14.424922,8874,1538482814,409296995,/world,vicon/IMUframe/IMUframe,-0.330818137879,0.00518608325934,1.57590466047,-0.0675569835259,-0.249270189573,0.203170314467,0.944469295365
2018/10/02/14:20:14.435039,8875,1538482814,419291206,/world,vicon/IMUframe/IMUframe,-0.33306528366,0.00611760121819,1.57578736175,-0.0719739382678,-0.257843535428,0.199686661644,0.942582463559
2018/10/02/14:20:14.445143,8876,1538482814,429263775,/world,vicon/IMUframe/IMUframe,-0.335306946971,0.00730422186428,1.57558965422,-0.0759755070701,-0.265397394293,0.195488568464,0.941050564544
2018/10/02/14:20:14.455053,8877,1538482814,439299607,/world,vicon/IMUframe/IMUframe,-0.337473488192,0.00839929272031,1.57533143196,-0.0804658192645,-0.273021116848,0.190953575246,0.939426130031
2018/10/02/14:20:14.465117,8878,1538482814,449296878,/world,vicon/IMUframe/IMUframe,-0.339613264899,0.00942716186327,1.57505865756,-0.0849668160714,-0.281158867398,0.186525111659,0.937517314065
2018/10/02/14:20:14.475181,8879,1538482814,459283734,/world,vicon/IMUframe/IMUframe,-0.341731948995,0.0101835164298,1.57462225053,-0.0901322891786,-0.289976877438,0.181667263167,0.935300265419
2018/10/02/14:20:14.485082,8880,1538482814,469271471,/world,vicon/IMUframe/IMUframe,-0.343925525073,0.0111765274561,1.57407517041,-0.094957291706,-0.299433177638,0.178163267497,0.932513128592
2018/10/02/14:20:14.495126,8881,1538482814,479275824,/world,vicon/IMUframe/IMUframe,-0.346063807042,0.0121409830022,1.57338090175,-0.100221309191,-0.309366536962,0.17520747802,0.92927411168
2018/10/02/14:20:14.505139,8882,1538482814,489328729,/world,vicon/IMUframe/IMUframe,-0.348063603129,0.0130140269497,1.57258840286,-0.106272082823,-0.32018359696,0.17278702858,0.925382813437
2018/10/02/14:20:14.515229,8883,1538482814,499309599,/world,vicon/IMUframe/IMUframe,-0.349832182815,0.0142571571587,1.57151313243,-0.113206512316,-0.331897553961,0.171810089576,0.920602841818
2018/10/02/14:20:14.524966,8884,1538482814,509268692,/world,vicon/IMUframe/IMUframe,-0.351778678562,0.0153528846272,1.570520796,-0.121026423534,-0.344756066655,0.170796510654,0.91505432148
2018/10/02/14:20:14.534998,8885,1538482814,519287677,/world,vicon/IMUframe/IMUframe,-0.353711104173,0.0163215328066,1.5694195734,-0.129523342878,-0.358337762644,0.169952643662,0.908809028578
2018/10/02/14:20:14.545174,8886,1538482814,529301907,/world,vicon/IMUframe/IMUframe,-0.355612320913,0.0170338116935,1.56816900392,-0.138598447358,-0.37265855995,0.169512768137,0.901765762005
2018/10/02/14:20:14.554975,8887,1538482814,539317911,/world,vicon/IMUframe/IMUframe,-0.357425546451,0.0178791902603,1.56693892718,-0.147911636683,-0.38686578268,0.169592797906,0.894256840524
2018/10/02/14:20:14.565118,8888,1538482814,549292947,/world,vicon/IMUframe/IMUframe,-0.359221268495,0.0188848626015,1.56560008806,-0.157546963149,-0.400939715418,0.170054690157,0.886288723475
2018/10/02/14:20:14.575120,8889,1538482814,559317633,/world,vicon/IMUframe/IMUframe,-0.360847569978,0.019584861592,1.5646314385,-0.167222213129,-0.414771658347,0.171344005949,0.877862423443
2018/10/02/14:20:14.584898,8890,1538482814,569272846,/world,vicon/IMUframe/IMUframe,-0.362435766582,0.0202836305393,1.56344645329,-0.177341205109,-0.428563101103,0.172737105057,0.868933632609
2018/10/02/14:20:14.594950,8891,1538482814,579275719,/world,vicon/IMUframe/IMUframe,-0.364169537685,0.0211365367181,1.56230522017,-0.186886492879,-0.441409109535,0.173188657226,0.860370342241
2018/10/02/14:20:14.604884,8892,1538482814,589276841,/world,vicon/IMUframe/IMUframe,-0.365490988574,0.0217973817755,1.56143571729,-0.196120482995,-0.45328850273,0.175038797173,0.851720440595
2018/10/02/14:20:14.614905,8893,1538482814,599268742,/world,vicon/IMUframe/IMUframe,-0.367012520849,0.0227733114174,1.56067440158,-0.205731476952,-0.464321472501,0.176613305993,0.843141666455
2018/10/02/14:20:14.625009,8894,1538482814,609319795,/world,vicon/IMUframe/IMUframe,-0.368245223602,0.0236369629411,1.55998050265,-0.21548357116,-0.47420901301,0.178188897219,0.834830138081
2018/10/02/14:20:14.634891,8895,1538482814,619265636,/world,vicon/IMUframe/IMUframe,-0.369401357076,0.0245044639622,1.55946395369,-0.224877885785,-0.483224209478,0.180137533574,0.826725328544
2018/10/02/14:20:14.644612,8896,1538482814,629244825,/world,vicon/IMUframe/IMUframe,-0.37050777854,0.0253529231875,1.55901760821,-0.234247962399,-0.491594028757,0.181621745593,0.818826443473
2018/10/02/14:20:14.654758,8897,1538482814,639298265,/world,vicon/IMUframe/IMUframe,-0.371593458881,0.0263604609536,1.55859322535,-0.243668784938,-0.499319020123,0.182829847047,0.811097581318
2018/10/02/14:20:14.664852,8898,1538482814,649320386,/world,vicon/IMUframe/IMUframe,-0.372714307462,0.0272851354204,1.55814968598,-0.253382066006,-0.506484757831,0.183542024676,0.803481825488
2018/10/02/14:20:14.674751,8899,1538482814,659299702,/world,vicon/IMUframe/IMUframe,-0.373831241786,0.0287703304478,1.55772517867,-0.262319435371,-0.513493296787,0.183696354738,0.796095972379
2018/10/02/14:20:14.684769,8900,1538482814,669279270,/world,vicon/IMUframe/IMUframe,-0.374967894321,0.029806178424,1.55730342597,-0.271564551342,-0.520156300209,0.184455663104,0.788458132152
2018/10/02/14:20:14.694941,8901,1538482814,679323507,/world,vicon/IMUframe/IMUframe,-0.37577416453,0.030757233215,1.55665781222,-0.280394944032,-0.526194960512,0.183705808163,0.781504776019
2018/10/02/14:20:14.704870,8902,1538482814,689308905,/world,vicon/IMUframe/IMUframe,-0.376718120617,0.0318855996635,1.55614716942,-0.28881214598,-0.532386251439,0.183241188798,0.774322342659
2018/10/02/14:20:14.714863,8903,1538482814,699263075,/world,vicon/IMUframe/IMUframe,-0.377599321951,0.0331231749269,1.5555344923,-0.296690256394,-0.538274992786,0.18299350362,0.767299355881
2018/10/02/14:20:14.724908,8904,1538482814,709259725,/world,vicon/IMUframe/IMUframe,-0.378371684406,0.0342283718668,1.55503227908,-0.304065800029,-0.543803169977,0.182570003389,0.760585495154
2018/10/02/14:20:14.734784,8905,1538482814,719312593,/world,vicon/IMUframe/IMUframe,-0.378990687621,0.0351976641422,1.5546250656,-0.310472585297,-0.548950554903,0.182002491769,0.754410468538
2018/10/02/14:20:14.745077,8906,1538482814,729302741,/world,vicon/IMUframe/IMUframe,-0.379703341835,0.035969924247,1.55421871589,-0.316156935213,-0.553491785285,0.181099452083,0.74892898488
2018/10/02/14:20:14.754928,8907,1538482814,739307722,/world,vicon/IMUframe/IMUframe,-0.380235885034,0.0369164687318,1.55388923377,-0.321002958948,-0.557182646111,0.181104967632,0.744113962991
2018/10/02/14:20:14.764956,8908,1538482814,749296311,/world,vicon/IMUframe/IMUframe,-0.380721462658,0.0378394881153,1.55370679649,-0.325389532143,-0.560252940822,0.181307772574,0.739841730559
2018/10/02/14:20:14.774938,8909,1538482814,759290833,/world,vicon/IMUframe/IMUframe,-0.380864181747,0.0386755492696,1.55346926932,-0.329656565706,-0.562474586309,0.181386034828,0.736239088077
2018/10/02/14:20:14.784820,8910,1538482814,769328189,/world,vicon/IMUframe/IMUframe,-0.381139659433,0.0394200467893,1.55347736837,-0.333061978693,-0.564360369078,0.181503532714,0.733228177156
2018/10/02/14:20:14.794920,8911,1538482814,779316317,/world,vicon/IMUframe/IMUframe,-0.381314646964,0.0400115920075,1.55361907458,-0.336040720714,-0.56573516098,0.181608822294,0.730779445057
2018/10/02/14:20:14.804888,8912,1538482814,789315812,/world,vicon/IMUframe/IMUframe,-0.381322475597,0.0407452769177,1.55375229149,-0.338842491343,-0.566325149751,0.181268811831,0.729111245749
2018/10/02/14:20:14.814996,8913,1538482814,799289142,/world,vicon/IMUframe/IMUframe,-0.381525181343,0.0413223660758,1.55398426769,-0.340346116937,-0.566850335777,0.181546052836,0.727932859689
2018/10/02/14:20:14.825373,8914,1538482814,809276176,/world,vicon/IMUframe/IMUframe,-0.381518395503,0.0419728317942,1.55431529825,-0.341771263125,-0.566566332607,0.181258808072,0.727557722078
2018/10/02/14:20:14.834862,8915,1538482814,819305996,/world,vicon/IMUframe/IMUframe,-0.381417008544,0.0425602320386,1.55474759506,-0.342560943916,-0.565676059321,0.180756433819,0.728003919802
2018/10/02/14:20:14.844754,8916,1538482814,829283200,/world,vicon/IMUframe/IMUframe,-0.381247035688,0.0431539843455,1.55532894655,-0.342926483558,-0.564155303995,0.180357353479,0.729110036205
2018/10/02/14:20:14.854997,8917,1538482814,839280670,/world,vicon/IMUframe/IMUframe,-0.381011853883,0.0438234122234,1.5561432639,-0.342945889502,-0.561970028054,0.180188504881,0.730828233685
2018/10/02/14:20:14.864888,8918,1538482814,849302636,/world,vicon/IMUframe/IMUframe,-0.380573544747,0.0446650096188,1.55707615062,-0.342924988455,-0.558817206994,0.180107219824,0.733271553265
2018/10/02/14:20:14.874873,8919,1538482814,859296307,/world,vicon/IMUframe/IMUframe,-0.380185493532,0.0453767008692,1.55823868705,-0.3423508026,-0.555071391569,0.180540394366,0.736272262293
2018/10/02/14:20:14.884769,8920,1538482814,869257155,/world,vicon/IMUframe/IMUframe,-0.379672010681,0.0460770580169,1.55961735974,-0.341602185529,-0.550580661886,0.181130000916,0.739838363676
2018/10/02/14:20:14.894747,8921,1538482814,879268471,/world,vicon/IMUframe/IMUframe,-0.37924885028,0.0466739626335,1.56115796643,-0.340277612896,-0.545701737487,0.182096141141,0.743815672897
2018/10/02/14:20:14.904891,8922,1538482814,889306222,/world,vicon/IMUframe/IMUframe,-0.378555450045,0.0475816550906,1.56285995208,-0.339055831493,-0.539760146863,0.183240624422,0.748413656042
2018/10/02/14:20:14.914881,8923,1538482814,899317421,/world,vicon/IMUframe/IMUframe,-0.377850055283,0.0484612964548,1.56474299971,-0.337489680574,-0.533221734172,0.183999773149,0.753604260334
2018/10/02/14:20:14.924737,8924,1538482814,909283908,/world,vicon/IMUframe/IMUframe,-0.37701283303,0.0495221001094,1.56668077553,-0.33590579852,-0.525412853056,0.18413590081,0.759738506591
2018/10/02/14:20:14.935109,8925,1538482814,919291843,/world,vicon/IMUframe/IMUframe,-0.376249600402,0.050421166765,1.56899214895,-0.333062325757,-0.516967991007,0.184465521535,0.766672064706
2018/10/02/14:20:14.944954,8926,1538482814,929324310,/world,vicon/IMUframe/IMUframe,-0.375388019678,0.0513783771606,1.57169318866,-0.330217975171,-0.507095426219,0.184087785555,0.774546321914
2018/10/02/14:20:14.955114,8927,1538482814,939315573,/world,vicon/IMUframe/IMUframe,-0.374397383882,0.0524271005184,1.57459568622,-0.32661593066,-0.495893229067,0.183706553464,0.783366990254
2018/10/02/14:20:14.964932,8928,1538482814,949315287,/world,vicon/IMUframe/IMUframe,-0.373245189716,0.0535782220916,1.57785108948,-0.321908487245,-0.48392115237,0.18329746889,0.792841271647
2018/10/02/14:20:14.975064,8929,1538482814,959303273,/world,vicon/IMUframe/IMUframe,-0.371888416285,0.0546412118761,1.5814630957,-0.316779894634,-0.470077041694,0.18274675278,0.803294278316
2018/10/02/14:20:14.985087,8930,1538482814,969305381,/world,vicon/IMUframe/IMUframe,-0.370293397849,0.0552992013697,1.58526509942,-0.310475359235,-0.455320939472,0.182741772114,0.814182619632
2018/10/02/14:20:14.994720,8931,1538482814,979294090,/world,vicon/IMUframe/IMUframe,-0.368381354891,0.0559250280085,1.5892706397,-0.303421163852,-0.439196022411,0.182743163331,0.82561939626
2018/10/02/14:20:15.005058,8932,1538482814,989331634,/world,vicon/IMUframe/IMUframe,-0.366220701328,0.0564588521053,1.59341793087,-0.29536376978,-0.422030071389,0.18284069161,0.837388884472
2018/10/02/14:20:15.015325,8933,1538482814,999326132,/world,vicon/IMUframe/IMUframe,-0.363898345105,0.0569703346665,1.59758192386,-0.286153729558,-0.404240559343,0.182838628703,0.849279488211
2018/10/02/14:20:15.024873,8934,1538482815,9244954,/world,vicon/IMUframe/IMUframe,-0.361235147301,0.0572504463203,1.60186226326,-0.27653796311,-0.385329166853,0.18259990938,0.861223235419
2018/10/02/14:20:15.035093,8935,1538482815,19258310,/world,vicon/IMUframe/IMUframe,-0.358401916608,0.0573122360304,1.60611395977,-0.266038012395,-0.366341685109,0.182246026672,0.872813801148
2018/10/02/14:20:15.045007,8936,1538482815,29311287,/world,vicon/IMUframe/IMUframe,-0.355395225583,0.057409158023,1.61024783826,-0.254734432221,-0.346511777074,0.180775268299,0.884511311268
2018/10/02/14:20:15.054957,8937,1538482815,39295915,/world,vicon/IMUframe/IMUframe,-0.352043078824,0.0568686159938,1.61418456505,-0.243088041449,-0.326922675211,0.179414174675,0.895455371564
2018/10/02/14:20:15.065111,8938,1538482815,49291065,/world,vicon/IMUframe/IMUframe,-0.348854741278,0.0566967064945,1.61810341272,-0.230593469899,-0.306899362721,0.177133349053,0.906235736139
2018/10/02/14:20:15.074956,8939,1538482815,59324467,/world,vicon/IMUframe/IMUframe,-0.345480447667,0.0563142709179,1.62169440855,-0.217232191932,-0.286283417869,0.173752960234,0.916876157533
2018/10/02/14:20:15.084906,8940,1538482815,69278632,/world,vicon/IMUframe/IMUframe,-0.342261663928,0.0555707587697,1.62536834101,-0.203539297377,-0.265558065197,0.17009864608,0.926885709801
2018/10/02/14:20:15.094925,8941,1538482815,79246958,/world,vicon/IMUframe/IMUframe,-0.338450834852,0.0550701455292,1.62873568094,-0.189605779345,-0.243895373391,0.166124204107,0.936465399301
2018/10/02/14:20:15.104902,8942,1538482815,89307533,/world,vicon/IMUframe/IMUframe,-0.334866595745,0.0543384869844,1.63186919969,-0.175318426992,-0.222237179136,0.161461641244,0.945412197813
2018/10/02/14:20:15.115076,8943,1538482815,99287172,/world,vicon/IMUframe/IMUframe,-0.331392696598,0.0533109900731,1.63492011605,-0.160653391206,-0.200927701007,0.156191786603,0.953636551659
2018/10/02/14:20:15.125563,8944,1538482815,109267613,/world,vicon/IMUframe/IMUframe,-0.32786414544,0.0522913130071,1.63765700129,-0.145905916288,-0.179793804514,0.150465299582,0.961116977829
2018/10/02/14:20:15.135316,8945,1538482815,119324674,/world,vicon/IMUframe/IMUframe,-0.324315303948,0.0514600720119,1.64003594224,-0.131111071646,-0.159143366573,0.145146445025,0.9676857885
2018/10/02/14:20:15.145305,8946,1538482815,129301948,/world,vicon/IMUframe/IMUframe,-0.320781235166,0.0504634263885,1.64232945189,-0.116464666796,-0.139138612243,0.139447654465,0.973463291365
2018/10/02/14:20:15.155259,8947,1538482815,139279343,/world,vicon/IMUframe/IMUframe,-0.3173824248,0.0494699791165,1.64427926035,-0.101922477085,-0.119490559671,0.132820873009,0.978617611995
2018/10/02/14:20:15.165343,8948,1538482815,149277993,/world,vicon/IMUframe/IMUframe,-0.313887145821,0.048493327317,1.6461998137,-0.088154235958,-0.10079598358,0.126954509809,0.982828343515
2018/10/02/14:20:15.175015,8949,1538482815,159258200,/world,vicon/IMUframe/IMUframe,-0.310522045709,0.0475198592531,1.64792113706,-0.0746066000196,-0.0824991816122,0.121299677885,0.986364095257
2018/10/02/14:20:15.185047,8950,1538482815,169267469,/world,vicon/IMUframe/IMUframe,-0.30726949061,0.0464555710526,1.64957499059,-0.0621359710387,-0.0648381534424,0.115476172893,0.989242330501
2018/10/02/14:20:15.194921,8951,1538482815,179314381,/world,vicon/IMUframe/IMUframe,-0.3040354306,0.0453316226323,1.65111886683,-0.0501244714528,-0.0475590333852,0.110104736362,0.99151531644
2018/10/02/14:20:15.204935,8952,1538482815,189262970,/world,vicon/IMUframe/IMUframe,-0.300835160913,0.044248104713,1.65245441671,-0.0388946309643,-0.0308467679827,0.105154537083,0.993216093264
2018/10/02/14:20:15.214864,8953,1538482815,199279638,/world,vicon/IMUframe/IMUframe,-0.297663004824,0.0430948492094,1.65367497899,-0.0280777308502,-0.0143767545473,0.100768545007,0.994409699418
2018/10/02/14:20:15.224942,8954,1538482815,209281894,/world,vicon/IMUframe/IMUframe,-0.294485302777,0.0421109455197,1.65489624896,-0.0178100619945,0.00222126484821,0.0962989639932,0.995190623553
2018/10/02/14:20:15.235157,8955,1538482815,219340978,/world,vicon/IMUframe/IMUframe,-0.291306333897,0.040875880406,1.65584654698,-0.00810092659937,0.0180806124451,0.0930024196927,0.995468742037
2018/10/02/14:20:15.245030,8956,1538482815,229309557,/world,vicon/IMUframe/IMUframe,-0.288120843774,0.0397040049094,1.65672958928,0.00115167550165,0.0341997684494,0.0895224776292,0.995396792983
2018/10/02/14:20:15.254946,8957,1538482815,239257731,/world,vicon/IMUframe/IMUframe,-0.284907018221,0.0385016798972,1.65751611599,0.00995646538303,0.0503987592545,0.0863357120794,0.994940691038
2018/10/02/14:20:15.265050,8958,1538482815,249342595,/world,vicon/IMUframe/IMUframe,-0.281606356036,0.037291718845,1.6581741134,0.0187607716994,0.0662885716956,0.0827396595237,0.994187108873
2018/10/02/14:20:15.275246,8959,1538482815,259300454,/world,vicon/IMUframe/IMUframe,-0.278520491485,0.0360584835701,1.65862890397,0.02765211483,0.0823914022376,0.0788601181889,0.993090176742
2018/10/02/14:20:15.284942,8960,1538482815,269279597,/world,vicon/IMUframe/IMUframe,-0.275232838741,0.0345756431513,1.65896661867,0.0364209247654,0.0987019073898,0.0754721408145,0.991582273782
2018/10/02/14:20:15.295040,8961,1538482815,279280057,/world,vicon/IMUframe/IMUframe,-0.271866941148,0.0330319595019,1.65907166516,0.0454849530652,0.115721047545,0.0725023437151,0.989587372775
2018/10/02/14:20:15.304881,8962,1538482815,289295073,/world,vicon/IMUframe/IMUframe,-0.26846225526,0.0313838503087,1.65899209648,0.0541831432381,0.13272173546,0.069418096453,0.987233637905
2018/10/02/14:20:15.314798,8963,1538482815,299285860,/world,vicon/IMUframe/IMUframe,-0.265449037606,0.0297130435514,1.65892595463,0.0630180579606,0.150461291332,0.0655011555873,0.98442862758
2018/10/02/14:20:15.325269,8964,1538482815,309302249,/world,vicon/IMUframe/IMUframe,-0.2620826194,0.0283750779528,1.65870096124,0.0718157984931,0.167799208297,0.0613251012613,0.981287495455
2018/10/02/14:20:15.335296,8965,1538482815,319302181,/world,vicon/IMUframe/IMUframe,-0.258715566071,0.0266704966224,1.65835428128,0.0805350572208,0.185771602728,0.0574696192124,0.977599232327
2018/10/02/14:20:15.345196,8966,1538482815,329261208,/world,vicon/IMUframe/IMUframe,-0.255536355041,0.0249427835429,1.65780919466,0.0892055015512,0.203724645621,0.0531732985402,0.973504621243
2018/10/02/14:20:15.354773,8967,1538482815,339289746,/world,vicon/IMUframe/IMUframe,-0.252009843286,0.0230735846987,1.65710403293,0.0977708751207,0.222444849635,0.0491424218076,0.968784892134
2018/10/02/14:20:15.364848,8968,1538482815,349307288,/world,vicon/IMUframe/IMUframe,-0.248595688939,0.0209565091589,1.65620540902,0.106604925306,0.240866287364,0.0451903230922,0.963626824145
2018/10/02/14:20:15.375218,8969,1538482815,359354252,/world,vicon/IMUframe/IMUframe,-0.245249861981,0.0187455446569,1.65492405256,0.115633133561,0.25955494005,0.0413088994042,0.957890278867
2018/10/02/14:20:15.384969,8970,1538482815,369324585,/world,vicon/IMUframe/IMUframe,-0.241843543627,0.0164173633121,1.65328035323,0.124652168141,0.278831167059,0.0381148574843,0.95145271816
2018/10/02/14:20:15.395041,8971,1538482815,379259001,/world,vicon/IMUframe/IMUframe,-0.238471567406,0.0138466144032,1.6513610907,0.13496102,0.297668082087,0.0348914545288,0.944437304636
2018/10/02/14:20:15.405222,8972,1538482815,389322024,/world,vicon/IMUframe/IMUframe,-0.235379414091,0.0110908312405,1.64900922832,0.145437285673,0.316082932864,0.0321469774167,0.936966460089
2018/10/02/14:20:15.414877,8973,1538482815,399262368,/world,vicon/IMUframe/IMUframe,-0.23228219479,0.00814424641836,1.64638785008,0.157002052062,0.334049927344,0.0295044981242,0.928918988007
2018/10/02/14:20:15.424974,8974,1538482815,409263055,/world,vicon/IMUframe/IMUframe,-0.229475052278,0.00496983354319,1.64341252699,0.169320436816,0.351762903176,0.0272515540594,0.920244968705
2018/10/02/14:20:15.434607,8975,1538482815,419292688,/world,vicon/IMUframe/IMUframe,-0.226902378811,0.00168311244661,1.63989982926,0.18226853842,0.368802332589,0.0249854123753,0.911119502891
2018/10/02/14:20:15.444789,8976,1538482815,429304248,/world,vicon/IMUframe/IMUframe,-0.224595704924,-0.00164165458227,1.63604484332,0.196047672805,0.385154037802,0.0227996985158,0.901499778647
2018/10/02/14:20:15.454966,8977,1538482815,439353912,/world,vicon/IMUframe/IMUframe,-0.222592038382,-0.00534109819,1.63179256954,0.210179556065,0.401186049277,0.0208135672112,0.891314256308
2018/10/02/14:20:15.464889,8978,1538482815,449314741,/world,vicon/IMUframe/IMUframe,-0.220918589236,-0.00888536098757,1.62720228874,0.224971244394,0.416574830285,0.0187542823046,0.88062570191
2018/10/02/14:20:15.475106,8979,1538482815,459378868,/world,vicon/IMUframe/IMUframe,-0.219962442944,-0.0123889471711,1.62222278524,0.240256320798,0.430967205907,0.0167377950733,0.869634413972
2018/10/02/14:20:15.484857,8980,1538482815,469318865,/world,vicon/IMUframe/IMUframe,-0.219119996339,-0.0159627771989,1.6170557532,0.25569989234,0.445063348478,0.014738242973,0.858090301246
2018/10/02/14:20:15.494950,8981,1538482815,479322564,/world,vicon/IMUframe/IMUframe,-0.218652771252,-0.0194700986293,1.61167285939,0.271297689065,0.458367940631,0.0127409662897,0.846247045896
2018/10/02/14:20:15.504863,8982,1538482815,489311734,/world,vicon/IMUframe/IMUframe,-0.218552079441,-0.0227848924477,1.60612518635,0.286667289595,0.470646970567,0.0104650396416,0.834388265208
2018/10/02/14:20:15.514801,8983,1538482815,499261167,/world,vicon/IMUframe/IMUframe,-0.218515861166,-0.0262082734434,1.60047288067,0.302363324654,0.482240707993,0.00847108114752,0.822160908972
2018/10/02/14:20:15.525134,8984,1538482815,509337320,/world,vicon/IMUframe/IMUframe,-0.218697845846,-0.0291476269268,1.5949894997,0.317555199478,0.492515194275,0.00513253672232,0.810284601705
2018/10/02/14:20:15.534953,8985,1538482815,519294811,/world,vicon/IMUframe/IMUframe,-0.219277591781,-0.0322047752389,1.5897152695,0.331761987797,0.502324118341,0.00305543885788,0.7984955403
2018/10/02/14:20:15.545087,8986,1538482815,529298339,/world,vicon/IMUframe/IMUframe,-0.220093127109,-0.0348289300114,1.58452617644,0.345146411976,0.511373567709,0.000203377407312,0.787001262506
2018/10/02/14:20:15.555133,8987,1538482815,539319747,/world,vicon/IMUframe/IMUframe,-0.221024088001,-0.0372544456464,1.57953217206,0.357413708793,0.51974512806,-0.00259666485469,0.775959857181
2018/10/02/14:20:15.565155,8988,1538482815,549328433,/world,vicon/IMUframe/IMUframe,-0.222005849554,-0.039350517536,1.57470311544,0.36760871229,0.527189599672,-0.00555403485042,0.766096673628
2018/10/02/14:20:15.574893,8989,1538482815,559293294,/world,vicon/IMUframe/IMUframe,-0.22322485943,-0.041521951767,1.57008432341,0.377789363987,0.533942481994,-0.0089613574283,0.756373133086
2018/10/02/14:20:15.584957,8990,1538482815,569279601,/world,vicon/IMUframe/IMUframe,-0.224284336354,-0.0434502156765,1.56554659952,0.386301520105,0.540080322262,-0.0117557704444,0.747627034645
2018/10/02/14:20:15.594941,8991,1538482815,579286105,/world,vicon/IMUframe/IMUframe,-0.225388098256,-0.0453393548898,1.56123214108,0.39431823041,0.545727972373,-0.0141079144594,0.739253055513
2018/10/02/14:20:15.604693,8992,1538482815,589282840,/world,vicon/IMUframe/IMUframe,-0.22653957681,-0.0469722563389,1.55705990171,0.401523877957,0.550953902524,-0.0157518565465,0.731423442159
2018/10/02/14:20:15.614753,8993,1538482815,599285927,/world,vicon/IMUframe/IMUframe,-0.227549301249,-0.0483521594001,1.5531052804,0.408449701962,0.555747088795,-0.0168254038273,0.72389979973
2018/10/02/14:20:15.625020,8994,1538482815,609324727,/world,vicon/IMUframe/IMUframe,-0.228554842782,-0.0495128729558,1.54926593441,0.415266948963,0.560067070516,-0.0174223290594,0.716641263166
2018/10/02/14:20:15.635131,8995,1538482815,619309747,/world,vicon/IMUframe/IMUframe,-0.229382393125,-0.0509763410693,1.54567609744,0.421139266549,0.564111171462,-0.0174409915794,0.710011349357
2018/10/02/14:20:15.644818,8996,1538482815,629319948,/world,vicon/IMUframe/IMUframe,-0.230174205308,-0.0519390320964,1.54210746489,0.426741912229,0.567842201443,-0.0171194986257,0.703671441352
2018/10/02/14:20:15.654773,8997,1538482815,639261965,/world,vicon/IMUframe/IMUframe,-0.230890775265,-0.0527226566573,1.5385843544,0.431696236749,0.571137583192,-0.0166660224929,0.697970245739
2018/10/02/14:20:15.664793,8998,1538482815,649284082,/world,vicon/IMUframe/IMUframe,-0.231404438905,-0.0537506460716,1.5352897389,0.436797640198,0.574333820684,-0.0152910586611,0.692181094412
2018/10/02/14:20:15.674830,8999,1538482815,659335721,/world,vicon/IMUframe/IMUframe,-0.231991712176,-0.0543350380018,1.53212793235,0.440984676043,0.577198660932,-0.0138324538734,0.687155647968
2018/10/02/14:20:15.684762,9000,1538482815,669331436,/world,vicon/IMUframe/IMUframe,-0.232436505102,-0.0548391828512,1.52915198801,0.444623693192,0.579943924765,-0.0122172669646,0.682514141955
2018/10/02/14:20:15.694923,9001,1538482815,679321701,/world,vicon/IMUframe/IMUframe,-0.232744645131,-0.0552568853147,1.526460986,0.447573412355,0.582668878016,-0.0104702757736,0.678281204567
2018/10/02/14:20:15.704741,9002,1538482815,689320500,/world,vicon/IMUframe/IMUframe,-0.232871969284,-0.0554762199268,1.5239280798,0.449753529415,0.585337873621,-0.00870909400387,0.674555770981
2018/10/02/14:20:15.714599,9003,1538482815,699295720,/world,vicon/IMUframe/IMUframe,-0.23291498857,-0.0557319270579,1.52172094153,0.451275323315,0.587742119125,-0.00655582292082,0.671466160844
2018/10/02/14:20:15.724706,9004,1538482815,709322243,/world,vicon/IMUframe/IMUframe,-0.232849510903,-0.0560240347195,1.51974928574,0.452503871847,0.589777598952,-0.00386371207048,0.668870466881
2018/10/02/14:20:15.734702,9005,1538482815,719346989,/world,vicon/IMUframe/IMUframe,-0.232709337816,-0.0561021589536,1.51791533241,0.452948182104,0.591176826423,-0.00135853067189,0.667342534703
2018/10/02/14:20:15.744530,9006,1538482815,729322294,/world,vicon/IMUframe/IMUframe,-0.232490228682,-0.0561252337858,1.51633056512,0.453046077254,0.592024850809,0.00139883712238,0.666523721382
2018/10/02/14:20:15.754666,9007,1538482815,739325715,/world,vicon/IMUframe/IMUframe,-0.232290996284,-0.0561013193007,1.51499748338,0.452816986634,0.59223857442,0.00432436872095,0.666476966909
2018/10/02/14:20:15.764573,9008,1538482815,749359526,/world,vicon/IMUframe/IMUframe,-0.232061085083,-0.0560692043486,1.51391213611,0.452268138647,0.591771267992,0.00736547512337,0.667237624029
2018/10/02/14:20:15.774665,9009,1538482815,759354231,/world,vicon/IMUframe/IMUframe,-0.23183862321,-0.0559965668231,1.51305781035,0.45143345076,0.590698498821,0.0102760311295,0.668713336348
2018/10/02/14:20:15.784611,9010,1538482815,769352457,/world,vicon/IMUframe/IMUframe,-0.231615640353,-0.0559844863313,1.51254457512,0.450303752384,0.589147196319,0.0132740455301,0.670787530724
2018/10/02/14:20:15.794822,9011,1538482815,779330825,/world,vicon/IMUframe/IMUframe,-0.231248718431,-0.0558331678266,1.51226745863,0.448754633376,0.587249761877,0.0161483790748,0.673421284229
2018/10/02/14:20:15.804667,9012,1538482815,789355782,/world,vicon/IMUframe/IMUframe,-0.230789841108,-0.0556517381731,1.51231893571,0.446739000811,0.58500639047,0.0190132180205,0.676631573165
2018/10/02/14:20:15.814845,9013,1538482815,799328847,/world,vicon/IMUframe/IMUframe,-0.230288877867,-0.0554195298717,1.51272102987,0.444231509975,0.582272012558,0.0219177694298,0.680541901957
2018/10/02/14:20:15.824845,9014,1538482815,809361270,/world,vicon/IMUframe/IMUframe,-0.229760696397,-0.0551734769586,1.51345583263,0.441135595989,0.578936063592,0.0249434984786,0.685281140925
2018/10/02/14:20:15.834978,9015,1538482815,819262306,/world,vicon/IMUframe/IMUframe,-0.229253604894,-0.0550604026832,1.51457349986,0.437020532666,0.574949496913,0.0284189102994,0.691113952663
2018/10/02/14:20:15.844473,9016,1538482815,829315683,/world,vicon/IMUframe/IMUframe,-0.228621752129,-0.0546831209768,1.51600179766,0.432364759261,0.570289512112,0.0315634817415,0.697735145986
2018/10/02/14:20:15.854710,9017,1538482815,839290289,/world,vicon/IMUframe/IMUframe,-0.227974393898,-0.0543026918927,1.51777792382,0.426892323594,0.565110374991,0.034883712001,0.705121503552
2018/10/02/14:20:15.864521,9018,1538482815,849356324,/world,vicon/IMUframe/IMUframe,-0.227383891865,-0.0535570885879,1.51982422088,0.420304123985,0.559055746552,0.0378311885888,0.713701560022
2018/10/02/14:20:15.875067,9019,1538482815,859320027,/world,vicon/IMUframe/IMUframe,-0.226722075228,-0.0529522032834,1.52219596699,0.413053307578,0.552754995059,0.0413780700226,0.722590295989
2018/10/02/14:20:15.884755,9020,1538482815,869363280,/world,vicon/IMUframe/IMUframe,-0.226196120256,-0.0522191316549,1.5247577767,0.405087988218,0.546154281746,0.0453389456385,0.731822111131
2018/10/02/14:20:15.894979,9021,1538482815,879287328,/world,vicon/IMUframe/IMUframe,-0.225463571791,-0.0515488322794,1.52765905189,0.397009682867,0.538669475697,0.04924433341,0.741480615586
2018/10/02/14:20:15.904931,9022,1538482815,889296816,/world,vicon/IMUframe/IMUframe,-0.224942133044,-0.0504922648013,1.53073965995,0.387975192365,0.53090601213,0.053826517126,0.751476388483
2018/10/02/14:20:15.914722,9023,1538482815,899311553,/world,vicon/IMUframe/IMUframe,-0.224358541547,-0.0494014482507,1.53386589995,0.378677329383,0.522229190685,0.0576096709848,0.761945718813
2018/10/02/14:20:15.924894,9024,1538482815,909292677,/world,vicon/IMUframe/IMUframe,-0.22358056967,-0.0483376886308,1.53733378124,0.368618406549,0.513383031211,0.0630701582714,0.772386230298
2018/10/02/14:20:15.935036,9025,1538482815,919321416,/world,vicon/IMUframe/IMUframe,-0.223005483889,-0.0473207852892,1.54090182212,0.358818912446,0.503983510945,0.0683993978684,0.782669234823
2018/10/02/14:20:15.945088,9026,1538482815,929286400,/world,vicon/IMUframe/IMUframe,-0.222605083149,-0.0459283878556,1.5444306325,0.348292539043,0.49335499386,0.0735128456291,0.79365547866
2018/10/02/14:20:15.954797,9027,1538482815,939331929,/world,vicon/IMUframe/IMUframe,-0.222313820539,-0.0444895899928,1.54812397305,0.337830735669,0.482192448165,0.0793567553363,0.804402475352
2018/10/02/14:20:15.965121,9028,1538482815,949304225,/world,vicon/IMUframe/IMUframe,-0.222117846161,-0.0431181642156,1.55202443587,0.327134975362,0.470693542244,0.0857019610581,0.814914394924
2018/10/02/14:20:15.974877,9029,1538482815,959333604,/world,vicon/IMUframe/IMUframe,-0.222289511355,-0.0416972843247,1.55607414078,0.316222020896,0.457867106776,0.0924426874342,0.825721318347
2018/10/02/14:20:15.985140,9030,1538482815,969271760,/world,vicon/IMUframe/IMUframe,-0.2226463536,-0.0400668210812,1.56001821881,0.306059912376,0.443911722247,0.098784139802,0.836367985166
2018/10/02/14:20:15.994669,9031,1538482815,979294706,/world,vicon/IMUframe/IMUframe,-0.223237898403,-0.0382568573498,1.56423209232,0.294163443847,0.429199824672,0.106127941571,0.847344226878
2018/10/02/14:20:16.005184,9032,1538482815,989285826,/world,vicon/IMUframe/IMUframe,-0.224022231825,-0.0365524899027,1.56854702737,0.282679335586,0.413327381417,0.112883393151,0.858201729522
2018/10/02/14:20:16.015169,9033,1538482815,999285094,/world,vicon/IMUframe/IMUframe,-0.225265390999,-0.0346489639355,1.57290457889,0.270413508781,0.39680928764,0.11973369371,0.868954985083
2018/10/02/14:20:16.024954,9034,1538482816,9286066,/world,vicon/IMUframe/IMUframe,-0.226782688409,-0.0326852040939,1.57721773003,0.257473457102,0.379291656896,0.126141733345,0.879734915191
2018/10/02/14:20:16.035300,9035,1538482816,19280968,/world,vicon/IMUframe/IMUframe,-0.228384748097,-0.0307259769533,1.58159713228,0.244365181074,0.361083094822,0.132559471189,0.890130689006
2018/10/02/14:20:16.045194,9036,1538482816,29297835,/world,vicon/IMUframe/IMUframe,-0.230408891912,-0.0286034635011,1.58583978719,0.230718125168,0.34227808865,0.13810017224,0.900301726743
2018/10/02/14:20:16.055173,9037,1538482816,39312621,/world,vicon/IMUframe/IMUframe,-0.232568874021,-0.0264665453092,1.58994409719,0.217321413429,0.322854632077,0.143781793259,0.909869818017
2018/10/02/14:20:16.064987,9038,1538482816,49267013,/world,vicon/IMUframe/IMUframe,-0.235068344742,-0.0241424643899,1.59399273879,0.20400610544,0.303063645894,0.148957711331,0.918882764946
2018/10/02/14:20:16.075269,9039,1538482816,59284708,/world,vicon/IMUframe/IMUframe,-0.237833118354,-0.0219775265033,1.59785813555,0.190857841693,0.282791661701,0.154295886757,0.927251281836
2018/10/02/14:20:16.084952,9040,1538482816,69341747,/world,vicon/IMUframe/IMUframe,-0.240700088461,-0.0196667310612,1.60147727119,0.178118903051,0.261604622271,0.159517787733,0.93508863397
2018/10/02/14:20:16.095217,9041,1538482816,79282500,/world,vicon/IMUframe/IMUframe,-0.243754921068,-0.017304049341,1.60495328916,0.16489995142,0.240544829319,0.164401516342,0.942294185769
2018/10/02/14:20:16.105217,9042,1538482816,89339191,/world,vicon/IMUframe/IMUframe,-0.246899193762,-0.0149534283018,1.60822965182,0.151824966783,0.219218350144,0.169439225786,0.948779659977
2018/10/02/14:20:16.115252,9043,1538482816,99283977,/world,vicon/IMUframe/IMUframe,-0.250144711158,-0.0126022152223,1.61131766275,0.13854113312,0.197258428321,0.174559677424,0.954685490571
2018/10/02/14:20:16.125353,9044,1538482816,109290612,/world,vicon/IMUframe/IMUframe,-0.253544854205,-0.0101121727206,1.61424646395,0.12471794198,0.175817872606,0.179776381554,0.959798918137
2018/10/02/14:20:16.135018,9045,1538482816,119292224,/world,vicon/IMUframe/IMUframe,-0.257080923099,-0.00755837497422,1.61707606384,0.110355488848,0.154274548705,0.184852435378,0.964287616242
2018/10/02/14:20:16.144963,9046,1538482816,129282640,/world,vicon/IMUframe/IMUframe,-0.260709179728,-0.00492670051183,1.61983347217,0.0952502357258,0.132811197768,0.18969801118,0.968144226289
2018/10/02/14:20:16.155219,9047,1538482816,139320797,/world,vicon/IMUframe/IMUframe,-0.264500264232,-0.00216098678154,1.62260447655,0.0794296724156,0.111463784275,0.194545465946,0.971297489761
2018/10/02/14:20:16.165184,9048,1538482816,149308618,/world,vicon/IMUframe/IMUframe,-0.268205753332,0.000572644180405,1.62517499785,0.0624851736745,0.0902552732333,0.199041279809,0.97382347356
2018/10/02/14:20:16.175059,9049,1538482816,159268155,/world,vicon/IMUframe/IMUframe,-0.272121932461,0.00342975525358,1.62766445841,0.0441812011694,0.0692882562951,0.201806649458,0.975971943878
2018/10/02/14:20:16.184883,9050,1538482816,169287702,/world,vicon/IMUframe/IMUframe,-0.27594076983,0.00633402650117,1.6298028684,0.0265262161753,0.0487597819975,0.205717854104,0.977035827397
2018/10/02/14:20:16.195424,9051,1538482816,179334543,/world,vicon/IMUframe/IMUframe,-0.279930213269,0.00921193889448,1.63172342362,0.00847188024848,0.0285959992726,0.208705594029,0.977523642216
2018/10/02/14:20:16.205231,9052,1538482816,189334397,/world,vicon/IMUframe/IMUframe,-0.283852702559,0.0121570874963,1.6333499619,-0.00870667366016,0.00850966134525,0.210929780676,0.977425397215
2018/10/02/14:20:16.215266,9053,1538482816,199309759,/world,vicon/IMUframe/IMUframe,-0.287817482157,0.0149447611503,1.63456956374,-0.0253011634442,-0.011590214612,0.212821759533,0.976694638422
2018/10/02/14:20:16.225258,9054,1538482816,209264839,/world,vicon/IMUframe/IMUframe,-0.291825259769,0.0175776905914,1.63559536709,-0.0408278023642,-0.0310370411223,0.215940592188,0.975058692222
2018/10/02/14:20:16.235393,9055,1538482816,219273177,/world,vicon/IMUframe/IMUframe,-0.295957128038,0.0201086471116,1.63605413435,-0.0552540929864,-0.0504243811234,0.218010628808,0.9730753993
2018/10/02/14:20:16.245258,9056,1538482816,229262859,/world,vicon/IMUframe/IMUframe,-0.299755540556,0.0223578942143,1.63651001326,-0.0695983160434,-0.0702033120374,0.221336112583,0.970174156865
2018/10/02/14:20:16.255404,9057,1538482816,239305420,/world,vicon/IMUframe/IMUframe,-0.303833477609,0.0245346351515,1.63653409056,-0.0827530992811,-0.0899207184118,0.223454173346,0.96702348543
2018/10/02/14:20:16.265206,9058,1538482816,249304209,/world,vicon/IMUframe/IMUframe,-0.307755494239,0.0266920488998,1.63637186133,-0.0955403331296,-0.110102566824,0.225482423977,0.963279370692
2018/10/02/14:20:16.275256,9059,1538482816,259307155,/world,vicon/IMUframe/IMUframe,-0.311646875945,0.0289063243819,1.6359652303,-0.108205853503,-0.1307004299,0.2270908814,0.958977905104
2018/10/02/14:20:16.285205,9060,1538482816,269286920,/world,vicon/IMUframe/IMUframe,-0.315533615224,0.0308571917646,1.63533862474,-0.121054039577,-0.151454859096,0.228389804082,0.954067839595
2018/10/02/14:20:16.295141,9061,1538482816,279265802,/world,vicon/IMUframe/IMUframe,-0.319323467798,0.032828159407,1.6344350076,-0.133869414532,-0.172694348363,0.229162768296,0.948546291713
2018/10/02/14:20:16.305175,9062,1538482816,289290607,/world,vicon/IMUframe/IMUframe,-0.323086696646,0.0345576737057,1.63341796066,-0.146657120404,-0.193825869805,0.229712256286,0.942420023419
2018/10/02/14:20:16.314990,9063,1538482816,299294086,/world,vicon/IMUframe/IMUframe,-0.326828045745,0.0361139527895,1.63220587502,-0.159146489734,-0.214613354261,0.230228569875,0.93573944482
2018/10/02/14:20:16.325244,9064,1538482816,309310155,/world,vicon/IMUframe/IMUframe,-0.33022160466,0.0377306721378,1.63095199228,-0.171409387397,-0.235086365183,0.230051076545,0.92867094549
2018/10/02/14:20:16.334955,9065,1538482816,319325390,/world,vicon/IMUframe/IMUframe,-0.333618171604,0.0391905308402,1.62971063802,-0.183112826661,-0.255024698714,0.230320228898,0.921078003167
2018/10/02/14:20:16.344712,9066,1538482816,329272369,/world,vicon/IMUframe/IMUframe,-0.336560313897,0.0408785070151,1.62798296432,-0.194118983124,-0.273383726297,0.230349917822,0.913519607861
2018/10/02/14:20:16.354621,9067,1538482816,339279046,/world,vicon/IMUframe/IMUframe,-0.339461824213,0.0422526111844,1.6264630849,-0.205126564487,-0.291415044255,0.230664018521,0.905425024551
2018/10/02/14:20:16.364883,9068,1538482816,349275425,/world,vicon/IMUframe/IMUframe,-0.342482741381,0.0436350531356,1.62503026498,-0.216055666276,-0.308904957036,0.230321229901,0.897134219415
2018/10/02/14:20:16.375361,9069,1538482816,359360314,/world,vicon/IMUframe/IMUframe,-0.345180087727,0.0449829849349,1.62338346015,-0.226134165655,-0.325592862941,0.230627751447,0.888630106956
2018/10/02/14:20:16.385033,9070,1538482816,369336882,/world,vicon/IMUframe/IMUframe,-0.34777993334,0.0460676507856,1.62187904549,-0.236575457501,-0.34212005592,0.230799476994,0.879612142745
2018/10/02/14:20:16.394806,9071,1538482816,379274528,/world,vicon/IMUframe/IMUframe,-0.350137191098,0.0472810330794,1.62014594274,-0.246483723739,-0.357828188014,0.231130437652,0.870507600533
2018/10/02/14:20:16.404992,9072,1538482816,389322291,/world,vicon/IMUframe/IMUframe,-0.352415357662,0.0483301692193,1.61822080617,-0.257335006001,-0.373376505814,0.231685169192,0.860633872195
2018/10/02/14:20:16.414932,9073,1538482816,399329733,/world,vicon/IMUframe/IMUframe,-0.354948436428,0.0496651545333,1.61637777406,-0.268201701329,-0.388592882673,0.232119215184,0.850402310017
2018/10/02/14:20:16.425034,9074,1538482816,409303902,/world,vicon/IMUframe/IMUframe,-0.357170581455,0.0508337435334,1.61430333984,-0.279225331335,-0.404665538298,0.232432123784,0.839198620285
2018/10/02/14:20:16.434851,9075,1538482816,419313012,/world,vicon/IMUframe/IMUframe,-0.359544419682,0.0521075468438,1.61221642158,-0.291346322711,-0.419763623275,0.232265999931,0.827628132734
2018/10/02/14:20:16.444900,9076,1538482816,429290327,/world,vicon/IMUframe/IMUframe,-0.361932232723,0.0533230950115,1.60979034021,-0.302830783075,-0.435764303949,0.231309557325,0.815413316617
2018/10/02/14:20:16.454839,9077,1538482816,439336998,/world,vicon/IMUframe/IMUframe,-0.364030364727,0.0540875654689,1.6070822662,-0.314988292711,-0.451296194941,0.229765139576,0.802696767479
2018/10/02/14:20:16.464797,9078,1538482816,449295434,/world,vicon/IMUframe/IMUframe,-0.366349664297,0.0553032005784,1.60426405968,-0.326363600424,-0.467039103259,0.227250464099,0.789758509237
2018/10/02/14:20:16.474499,9079,1538482816,459313793,/world,vicon/IMUframe/IMUframe,-0.368512210687,0.0565017356136,1.60134180973,-0.337394287894,-0.482277279694,0.224376147502,0.776678224505
2018/10/02/14:20:16.484726,9080,1538482816,469336829,/world,vicon/IMUframe/IMUframe,-0.370440615307,0.0576875862665,1.59841568781,-0.34789390101,-0.496864166786,0.221048247074,0.763697260614
2018/10/02/14:20:16.494853,9081,1538482816,479361161,/world,vicon/IMUframe/IMUframe,-0.372103927453,0.0587792904619,1.5956081383,-0.357593247293,-0.510551993414,0.217812366858,0.751013651244
2018/10/02/14:20:16.504706,9082,1538482816,489367736,/world,vicon/IMUframe/IMUframe,-0.37353308347,0.0599083910284,1.59273635548,-0.366701710428,-0.522782187069,0.214133753099,0.739172088377
2018/10/02/14:20:16.514902,9083,1538482816,499277182,/world,vicon/IMUframe/IMUframe,-0.374908907898,0.0609232688529,1.59004119604,-0.374667648474,-0.533753251659,0.211009371844,0.728152912872
2018/10/02/14:20:16.524867,9084,1538482816,509367396,/world,vicon/IMUframe/IMUframe,-0.376241602363,0.0618066845736,1.58769930235,-0.381508973059,-0.543495871885,0.208154337747,0.718146859909
2018/10/02/14:20:16.534791,9085,1538482816,519342486,/world,vicon/IMUframe/IMUframe,-0.377260670184,0.0627879101038,1.58556646134,-0.387748430735,-0.551320917383,0.204840095359,0.70974427497
2018/10/02/14:20:16.545125,9086,1538482816,529339543,/world,vicon/IMUframe/IMUframe,-0.378257585958,0.0637846902578,1.58366664992,-0.392940231379,-0.557708034258,0.201441149563,0.7028379517
2018/10/02/14:20:16.554891,9087,1538482816,539318606,/world,vicon/IMUframe/IMUframe,-0.378768755668,0.0653037504594,1.58196416078,-0.397960109258,-0.56231403481,0.198442155661,0.697173858196
2018/10/02/14:20:16.565078,9088,1538482816,549331891,/world,vicon/IMUframe/IMUframe,-0.379418348384,0.0660655668923,1.58062103962,-0.400879808565,-0.566681339706,0.195497960644,0.692782928267
2018/10/02/14:20:16.574908,9089,1538482816,559340815,/world,vicon/IMUframe/IMUframe,-0.37978849358,0.0669247938613,1.57943741362,-0.403168128716,-0.569798328455,0.191739040772,0.68994308832
2018/10/02/14:20:16.584848,9090,1538482816,569298636,/world,vicon/IMUframe/IMUframe,-0.380101327351,0.0675015400447,1.57854012392,-0.403946215601,-0.572546010012,0.1886347171,0.688066468319
2018/10/02/14:20:16.594660,9091,1538482816,579290647,/world,vicon/IMUframe/IMUframe,-0.380231037682,0.0678925641934,1.57794045065,-0.40371758317,-0.574561013127,0.186191000939,0.687186049337
2018/10/02/14:20:16.604729,9092,1538482816,589330991,/world,vicon/IMUframe/IMUframe,-0.380185226136,0.0681350322476,1.57756921453,-0.402749022988,-0.575827305897,0.184534946925,0.687141172998
2018/10/02/14:20:16.614681,9093,1538482816,599298881,/world,vicon/IMUframe/IMUframe,-0.380020122546,0.0683034171573,1.57744232357,-0.401271146094,-0.576373903447,0.183664483904,0.6877804505
2018/10/02/14:20:16.624708,9094,1538482816,609323269,/world,vicon/IMUframe/IMUframe,-0.379712769452,0.0683975526701,1.57753518245,-0.399314611056,-0.576347547721,0.183403334178,0.689009842198
2018/10/02/14:20:16.634730,9095,1538482816,619361705,/world,vicon/IMUframe/IMUframe,-0.379337908737,0.0684731338953,1.57787090192,-0.397109695061,-0.575752548161,0.18352776426,0.690746301562
2018/10/02/14:20:16.644979,9096,1538482816,629357163,/world,vicon/IMUframe/IMUframe,-0.379024599261,0.0682103525125,1.57844976953,-0.394341871691,-0.574900260179,0.184022382653,0.69290687813
2018/10/02/14:20:16.655051,9097,1538482816,639344612,/world,vicon/IMUframe/IMUframe,-0.378613321074,0.0682972608525,1.57907452482,-0.392464656559,-0.573006240099,0.184925037487,0.695297111075
2018/10/02/14:20:16.664927,9098,1538482816,649341559,/world,vicon/IMUframe/IMUframe,-0.378187912757,0.0684648637278,1.57977800481,-0.390908508978,-0.570633930069,0.185910990646,0.697857119344
2018/10/02/14:20:16.675045,9099,1538482816,659332340,/world,vicon/IMUframe/IMUframe,-0.377733510846,0.068688003501,1.58054383647,-0.389588938622,-0.567935126087,0.186860418223,0.700537890168
2018/10/02/14:20:16.684947,9100,1538482816,669305904,/world,vicon/IMUframe/IMUframe,-0.377068995509,0.0689123320581,1.5814435197,-0.388644505244,-0.564938304092,0.187381911125,0.703340728592
2018/10/02/14:20:16.694997,9101,1538482816,679329599,/world,vicon/IMUframe/IMUframe,-0.376662460574,0.0692438145198,1.58238407756,-0.387621813209,-0.561558162485,0.187657159323,0.706531351482
2018/10/02/14:20:16.704908,9102,1538482816,689308014,/world,vicon/IMUframe/IMUframe,-0.376194172289,0.0697139234875,1.58335878949,-0.386941900617,-0.557370970426,0.187195873303,0.710331804083
2018/10/02/14:20:16.714770,9103,1538482816,699291181,/world,vicon/IMUframe/IMUframe,-0.375894880553,0.070092762143,1.58449492554,-0.385379300154,-0.553180264287,0.18727672097,0.714424117733
2018/10/02/14:20:16.724942,9104,1538482816,709303791,/world,vicon/IMUframe/IMUframe,-0.375328895934,0.0707300924245,1.58582775589,-0.384402955329,-0.547693437431,0.186637480259,0.719327962401
2018/10/02/14:20:16.735115,9105,1538482816,719370053,/world,vicon/IMUframe/IMUframe,-0.374777691764,0.0713764466399,1.58746243045,-0.382564871473,-0.541782348319,0.187405666775,0.724565471317
2018/10/02/14:20:16.744904,9106,1538482816,729289846,/world,vicon/IMUframe/IMUframe,-0.374117339206,0.0721926241594,1.58926030785,-0.381193062726,-0.534553292443,0.187226058431,0.730678472046
2018/10/02/14:20:16.754963,9107,1538482816,739304192,/world,vicon/IMUframe/IMUframe,-0.37353342507,0.0729333788191,1.59130103318,-0.378648444418,-0.526865067686,0.187955424523,0.737367828417
2018/10/02/14:20:16.764684,9108,1538482816,749307368,/world,vicon/IMUframe/IMUframe,-0.372836699661,0.073679847675,1.59364597467,-0.375941757164,-0.518233871132,0.18801456863,0.744816737201
2018/10/02/14:20:16.774908,9109,1538482816,759294891,/world,vicon/IMUframe/IMUframe,-0.371903503509,0.0749330627903,1.59619372222,-0.37279249294,-0.508452858073,0.188767309046,0.752906602017
2018/10/02/14:20:16.784852,9110,1538482816,769362020,/world,vicon/IMUframe/IMUframe,-0.370887470274,0.0757108834989,1.59902541752,-0.368759724481,-0.497732263191,0.189429263873,0.761836868213
2018/10/02/14:20:16.794885,9111,1538482816,779301160,/world,vicon/IMUframe/IMUframe,-0.369693059089,0.0766720028879,1.60211019589,-0.36363349874,-0.486294232072,0.190219196894,0.771430655069
2018/10/02/14:20:16.804898,9112,1538482816,789331282,/world,vicon/IMUframe/IMUframe,-0.368320061858,0.0769372528418,1.60531602811,-0.358507539474,-0.473565226465,0.192151317911,0.781208161407
2018/10/02/14:20:16.815040,9113,1538482816,799307420,/world,vicon/IMUframe/IMUframe,-0.366678401507,0.0774150877612,1.60858807348,-0.352368396538,-0.460277851012,0.194045788156,0.791408267008
2018/10/02/14:20:16.824981,9114,1538482816,809337179,/world,vicon/IMUframe/IMUframe,-0.364974487722,0.0778582378974,1.61187754142,-0.34494192045,-0.447092796393,0.196012139984,0.80168718582
2018/10/02/14:20:16.834920,9115,1538482816,819316265,/world,vicon/IMUframe/IMUframe,-0.362819229274,0.0784277785353,1.61508748308,-0.338212582089,-0.432538092052,0.196841316754,0.812266301319
2018/10/02/14:20:16.844834,9116,1538482816,829308182,/world,vicon/IMUframe/IMUframe,-0.360878587485,0.0784335347973,1.61839438352,-0.32997543482,-0.418699214855,0.197744263929,0.822620438585
2018/10/02/14:20:16.855085,9117,1538482816,839336291,/world,vicon/IMUframe/IMUframe,-0.358988657285,0.0785870173556,1.62145784501,-0.321222601586,-0.404840823192,0.198141246251,0.832862530459
2018/10/02/14:20:16.864948,9118,1538482816,849334019,/world,vicon/IMUframe/IMUframe,-0.356707803338,0.0785225175394,1.6244457886,-0.31227632988,-0.391174633833,0.198137394908,0.842738080533
2018/10/02/14:20:16.874974,9119,1538482816,859325360,/world,vicon/IMUframe/IMUframe,-0.354733242213,0.0785495672881,1.62739696227,-0.302627395602,-0.376978565184,0.197485007616,0.852820902998
2018/10/02/14:20:16.885132,9120,1538482816,869304956,/world,vicon/IMUframe/IMUframe,-0.352453613827,0.0781847358149,1.63020342807,-0.292774062111,-0.362322801035,0.196929923423,0.86268426534
2018/10/02/14:20:16.894916,9121,1538482816,879311128,/world,vicon/IMUframe/IMUframe,-0.350102372127,0.07767435093,1.63289136139,-0.282404852621,-0.347362700398,0.196214766228,0.872402670275
2018/10/02/14:20:16.905000,9122,1538482816,889300077,/world,vicon/IMUframe/IMUframe,-0.347775680652,0.0768754349056,1.63540834465,-0.271434229498,-0.332175023136,0.195093217031,0.881998781025
2018/10/02/14:20:16.915001,9123,1538482816,899312413,/world,vicon/IMUframe/IMUframe,-0.345203568997,0.075972698305,1.63782073853,-0.259934739226,-0.316698994115,0.194156650789,0.891313005304
2018/10/02/14:20:16.925083,9124,1538482816,909310810,/world,vicon/IMUframe/IMUframe,-0.342875984849,0.075427877326,1.64007476463,-0.247844789956,-0.301745218934,0.193118336094,0.900126708417
2018/10/02/14:20:16.935162,9125,1538482816,919344540,/world,vicon/IMUframe/IMUframe,-0.340319367622,0.0744032558983,1.64207412485,-0.235682731042,-0.287212400241,0.191570386006,0.908440132668
2018/10/02/14:20:16.945104,9126,1538482816,929309812,/world,vicon/IMUframe/IMUframe,-0.337741102697,0.0735667098315,1.64380455743,-0.222105251748,-0.273112980328,0.190573886982,0.916384281141
2018/10/02/14:20:16.955159,9127,1538482816,939274012,/world,vicon/IMUframe/IMUframe,-0.335068120329,0.0721252318664,1.64544903006,-0.208581750524,-0.259619614216,0.189048097008,0.923770602628
2018/10/02/14:20:16.964958,9128,1538482816,949294601,/world,vicon/IMUframe/IMUframe,-0.332268891026,0.0708169772734,1.64676244722,-0.194376351331,-0.246161118262,0.187955163412,0.930749909721
2018/10/02/14:20:16.975162,9129,1538482816,959294428,/world,vicon/IMUframe/IMUframe,-0.329640514187,0.0694514644817,1.647964499,-0.180020186724,-0.233327995467,0.186594649743,0.937194331817
2018/10/02/14:20:16.985490,9130,1538482816,969338301,/world,vicon/IMUframe/IMUframe,-0.326820386305,0.0681964771469,1.64898114139,-0.165315611452,-0.220382914373,0.185526107747,0.943229655496
2018/10/02/14:20:16.995075,9131,1538482816,979278506,/world,vicon/IMUframe/IMUframe,-0.324316170147,0.0664702148409,1.64982345151,-0.151134749991,-0.207692784245,0.183963823685,0.948777796058
2018/10/02/14:20:17.005360,9132,1538482816,989332902,/world,vicon/IMUframe/IMUframe,-0.321821234021,0.0649318467302,1.65037833759,-0.136983265252,-0.195558116789,0.182246259707,0.953823311112
2018/10/02/14:20:17.015064,9133,1538482816,999308342,/world,vicon/IMUframe/IMUframe,-0.319393714464,0.0634058460587,1.65064709972,-0.12287220441,-0.184382246307,0.180491432472,0.958294553587
2018/10/02/14:20:17.024986,9134,1538482817,9306928,/world,vicon/IMUframe/IMUframe,-0.317234696584,0.0616731613415,1.65081810243,-0.109152972616,-0.173845807067,0.178862177974,0.962222211978
2018/10/02/14:20:17.034872,9135,1538482817,19322180,/world,vicon/IMUframe/IMUframe,-0.315269470771,0.0597804567337,1.65079921942,-0.0953996372914,-0.16432350143,0.177434533846,0.965615701136
2018/10/02/14:20:17.045005,9136,1538482817,29340065,/world,vicon/IMUframe/IMUframe,-0.313401232849,0.0581018397333,1.65056585319,-0.0831353704356,-0.155176402683,0.17570924143,0.968573722909
2018/10/02/14:20:17.055034,9137,1538482817,39334462,/world,vicon/IMUframe/IMUframe,-0.311727869001,0.0563881020121,1.65016212994,-0.0714256894064,-0.146968265863,0.174313768859,0.971037285437
2018/10/02/14:20:17.064955,9138,1538482817,49316988,/world,vicon/IMUframe/IMUframe,-0.310205603955,0.0547867892376,1.64971928126,-0.0611129736072,-0.139285274855,0.172802688355,0.973141329696
2018/10/02/14:20:17.075120,9139,1538482817,59325077,/world,vicon/IMUframe/IMUframe,-0.30875426274,0.0532294379716,1.64925039611,-0.0514368018215,-0.132385383006,0.171826174913,0.974835438112
2018/10/02/14:20:17.084996,9140,1538482817,69300871,/world,vicon/IMUframe/IMUframe,-0.307748196625,0.0518734885949,1.64863591929,-0.0425924179949,-0.126332184279,0.169742413294,0.97642899295
2018/10/02/14:20:17.095247,9141,1538482817,79332626,/world,vicon/IMUframe/IMUframe,-0.306668129333,0.0506236599579,1.64811654103,-0.0354900025405,-0.120923079786,0.168886378859,0.977545630408
2018/10/02/14:20:17.105079,9142,1538482817,89354814,/world,vicon/IMUframe/IMUframe,-0.305843727434,0.0494464668612,1.64760911824,-0.0298860593855,-0.11627949741,0.167590389872,0.978518964128
2018/10/02/14:20:17.115235,9143,1538482817,99321030,/world,vicon/IMUframe/IMUframe,-0.305182886508,0.0483773000956,1.64710625236,-0.0253092622711,-0.112155683442,0.166113938295,0.9793807755
2018/10/02/14:20:17.125191,9144,1538482817,109318518,/world,vicon/IMUframe/IMUframe,-0.304664910853,0.0473578476343,1.64667409819,-0.0218159904344,-0.108502122044,0.164534821024,0.980142665505
2018/10/02/14:20:17.135020,9145,1538482817,119296838,/world,vicon/IMUframe/IMUframe,-0.304169371772,0.0465003759581,1.64626358705,-0.0190657658753,-0.105055883043,0.163387467315,0.9807671964
2018/10/02/14:20:17.145212,9146,1538482817,129300799,/world,vicon/IMUframe/IMUframe,-0.303641549769,0.0457837802358,1.64591223599,-0.0166926014444,-0.101553844028,0.162747117341,0.981285661577
2018/10/02/14:20:17.154855,9147,1538482817,139307356,/world,vicon/IMUframe/IMUframe,-0.303056410218,0.0453304844434,1.64572499391,-0.0157617263084,-0.0976177658913,0.162153581327,0.981798633035
2018/10/02/14:20:17.164835,9148,1538482817,149284378,/world,vicon/IMUframe/IMUframe,-0.302534623011,0.0447351400722,1.64562792906,-0.0148492524948,-0.0939520526088,0.161548195426,0.982270172644
2018/10/02/14:20:17.174971,9149,1538482817,159324962,/world,vicon/IMUframe/IMUframe,-0.301936915047,0.0443148963839,1.64553768275,-0.0140231545047,-0.0899756286289,0.161690856271,0.982631062194
2018/10/02/14:20:17.184936,9150,1538482817,169328042,/world,vicon/IMUframe/IMUframe,-0.301372930484,0.0439218083024,1.64559764027,-0.0140384821382,-0.08579923517,0.161419312235,0.983048939728
2018/10/02/14:20:17.194716,9151,1538482817,179323725,/world,vicon/IMUframe/IMUframe,-0.300811539689,0.0436841784356,1.64564912783,-0.0140645598352,-0.08154621972,0.161711329751,0.983362521167
2018/10/02/14:20:17.205116,9152,1538482817,189338618,/world,vicon/IMUframe/IMUframe,-0.300286765592,0.0434871613236,1.64573618826,-0.0144512948388,-0.0773238676145,0.161847888487,0.983675475229
2018/10/02/14:20:17.215248,9153,1538482817,199372890,/world,vicon/IMUframe/IMUframe,-0.299814602366,0.0432978271565,1.64589480288,-0.0153154306561,-0.0733331876219,0.161834526195,0.9839701557
2018/10/02/14:20:17.225250,9154,1538482817,209337218,/world,vicon/IMUframe/IMUframe,-0.299340962045,0.0432111886234,1.64602732138,-0.0161407285235,-0.0697995411406,0.162153631952,0.984161419984
2018/10/02/14:20:17.235227,9155,1538482817,219298495,/world,vicon/IMUframe/IMUframe,-0.298904807763,0.0431740334629,1.64616144145,-0.0170905580085,-0.0667091980342,0.162518278288,0.984299550415
2018/10/02/14:20:17.245099,9156,1538482817,229307249,/world,vicon/IMUframe/IMUframe,-0.298513232587,0.0431881743434,1.64631094899,-0.0181742666295,-0.0640655007385,0.162861849816,0.98439896664
2018/10/02/14:20:17.255000,9157,1538482817,239278653,/world,vicon/IMUframe/IMUframe,-0.298143890135,0.0432612673297,1.64642911015,-0.0190241647353,-0.0617532467216,0.163391253461,0.984442947035
2018/10/02/14:20:17.265103,9158,1538482817,249367267,/world,vicon/IMUframe/IMUframe,-0.297846962121,0.043300427225,1.64656140379,-0.0199909757436,-0.059868379768,0.163528662733,0.984517401805
2018/10/02/14:20:17.275009,9159,1538482817,259316145,/world,vicon/IMUframe/IMUframe,-0.297561608924,0.0432911200948,1.64670870418,-0.0208074535467,-0.0581748687043,0.16367459659,0.984577757701
2018/10/02/14:20:17.285120,9160,1538482817,269354873,/world,vicon/IMUframe/IMUframe,-0.297263270232,0.0433103935072,1.64688407873,-0.0215115506044,-0.0564655122385,0.163842148787,0.984634271899
2018/10/02/14:20:17.295102,9161,1538482817,279344082,/world,vicon/IMUframe/IMUframe,-0.296921321401,0.0432892908177,1.6470440342,-0.0220047986397,-0.0547713730004,0.163934961282,0.984703617342
2018/10/02/14:20:17.305149,9162,1538482817,289338343,/world,vicon/IMUframe/IMUframe,-0.296550151568,0.0432524302687,1.64720285553,-0.0222379988774,-0.0529078888601,0.164026044867,0.984785094987
2018/10/02/14:20:17.315201,9163,1538482817,299348062,/world,vicon/IMUframe/IMUframe,-0.296180772785,0.0431920616587,1.64733610143,-0.0221115385618,-0.050924421859,0.16406715858,0.984885653564
2018/10/02/14:20:17.325297,9164,1538482817,309297443,/world,vicon/IMUframe/IMUframe,-0.29580660444,0.043079018312,1.64746291665,-0.0218801405511,-0.048881252871,0.163790480306,0.985040385532
2018/10/02/14:20:17.335058,9165,1538482817,319296524,/world,vicon/IMUframe/IMUframe,-0.295385926941,0.0430032030433,1.64753852291,-0.0210353788365,-0.0467543540454,0.16404040141,0.985120444372
2018/10/02/14:20:17.345136,9166,1538482817,329316503,/world,vicon/IMUframe/IMUframe,-0.294966269575,0.0428313479886,1.64760574271,-0.0202687749421,-0.0446954718472,0.163567621138,0.985310674292
2018/10/02/14:20:17.354954,9167,1538482817,339348295,/world,vicon/IMUframe/IMUframe,-0.294487520908,0.042694023098,1.64759621686,-0.0189336111083,-0.0424666470383,0.163563226266,0.985436539445
2018/10/02/14:20:17.365227,9168,1538482817,349318426,/world,vicon/IMUframe/IMUframe,-0.294059467157,0.0424468708478,1.64760109004,-0.0176050143864,-0.0402214597012,0.163009329531,0.985647125565
2018/10/02/14:20:17.375035,9169,1538482817,359312142,/world,vicon/IMUframe/IMUframe,-0.293612107134,0.0422775202791,1.64752616149,-0.0158235326302,-0.037779999873,0.163072539478,0.985763477865
2018/10/02/14:20:17.385175,9170,1538482817,369300976,/world,vicon/IMUframe/IMUframe,-0.293261996413,0.0419539943811,1.64745868074,-0.0142522454034,-0.0356218816263,0.162534364038,0.985956660081
2018/10/02/14:20:17.395313,9171,1538482817,379332795,/world,vicon/IMUframe/IMUframe,-0.292824312495,0.0417620839937,1.64745287121,-0.0128217523766,-0.0332669649108,0.162087060269,0.986132190229
2018/10/02/14:20:17.405158,9172,1538482817,389296731,/world,vicon/IMUframe/IMUframe,-0.292463414342,0.0415266315867,1.64738691608,-0.0114046287031,-0.0312179942817,0.161476057353,0.986316812276
2018/10/02/14:20:17.415205,9173,1538482817,399300005,/world,vicon/IMUframe/IMUframe,-0.292126612616,0.041355719976,1.64728081994,-0.00998422359362,-0.0293476074075,0.1609755694,0.986471438651
2018/10/02/14:20:17.425160,9174,1538482817,409302393,/world,vicon/IMUframe/IMUframe,-0.291857250009,0.0411375552559,1.6472364619,-0.00900336077588,-0.0277090088508,0.159843845256,0.986712265788
2018/10/02/14:20:17.434907,9175,1538482817,419306974,/world,vicon/IMUframe/IMUframe,-0.291569971977,0.0409552106125,1.64717062803,-0.00801685069123,-0.0262502804851,0.159154962495,0.986872003247
2018/10/02/14:20:17.444701,9176,1538482817,429298104,/world,vicon/IMUframe/IMUframe,-0.291319707448,0.0408126407988,1.64710438496,-0.00726767002747,-0.0251012988332,0.158588307437,0.986998913127
2018/10/02/14:20:17.454894,9177,1538482817,439335376,/world,vicon/IMUframe/IMUframe,-0.291073377092,0.0406890370775,1.64702727347,-0.00670076937697,-0.0243251312313,0.158211046637,0.987082900471
2018/10/02/14:20:17.465215,9178,1538482817,449383434,/world,vicon/IMUframe/IMUframe,-0.290869241544,0.0405843033998,1.64687431141,-0.00601115148879,-0.0239489528243,0.158348345378,0.987074523647
2018/10/02/14:20:17.475152,9179,1538482817,459311399,/world,vicon/IMUframe/IMUframe,-0.290595722695,0.0405484591754,1.64683385448,-0.00587088073207,-0.0235542285441,0.158401541818,0.987076330699
2018/10/02/14:20:17.485036,9180,1538482817,469300021,/world,vicon/IMUframe/IMUframe,-0.290381003119,0.0404939739023,1.6467713843,-0.00581444044997,-0.0234996528102,0.158630952488,0.987041123517
2018/10/02/14:20:17.495140,9181,1538482817,479315696,/world,vicon/IMUframe/IMUframe,-0.290192508123,0.0403915184175,1.64672850369,-0.00608784297488,-0.0235885246819,0.158651267551,0.987034090078
2018/10/02/14:20:17.505142,9182,1538482817,489336750,/world,vicon/IMUframe/IMUframe,-0.289968591543,0.0404153184135,1.64664355124,-0.0060742521963,-0.0237082119531,0.159331336316,0.986921754454
2018/10/02/14:20:17.515130,9183,1538482817,499321681,/world,vicon/IMUframe/IMUframe,-0.289816587212,0.04041675808,1.64659836851,-0.00627622919779,-0.0238701777242,0.159802947032,0.986840332416
2018/10/02/14:20:17.525140,9184,1538482817,509371036,/world,vicon/IMUframe/IMUframe,-0.289679202548,0.0404334800138,1.6465924969,-0.00656535464815,-0.0240903057188,0.160332633979,0.986747181283
2018/10/02/14:20:17.535175,9185,1538482817,519351188,/world,vicon/IMUframe/IMUframe,-0.289599280803,0.040412720674,1.64661618282,-0.00704991067483,-0.0244170307511,0.160532919994,0.986703242605
2018/10/02/14:20:17.544973,9186,1538482817,529348937,/world,vicon/IMUframe/IMUframe,-0.289516632219,0.0404238185121,1.64662618323,-0.0074733617577,-0.0247427013847,0.160881853381,0.986635179205
2018/10/02/14:20:17.555071,9187,1538482817,539295859,/world,vicon/IMUframe/IMUframe,-0.289459277375,0.0404351318479,1.64666009389,-0.00790117392333,-0.0249624360939,0.161267793149,0.986563301126
2018/10/02/14:20:17.565179,9188,1538482817,549352797,/world,vicon/IMUframe/IMUframe,-0.289412103679,0.040441530506,1.64667804835,-0.00819870277191,-0.0251114218715,0.161668758778,0.986491464839
2018/10/02/14:20:17.574809,9189,1538482817,559307682,/world,vicon/IMUframe/IMUframe,-0.289350957167,0.0404512051741,1.64668468741,-0.00817755379291,-0.0251858999481,0.16238057628,0.98637282328
2018/10/02/14:20:17.584777,9190,1538482817,569301897,/world,vicon/IMUframe/IMUframe,-0.289337564775,0.0404062208074,1.64670088151,-0.00815048729925,-0.025318260706,0.162717254569,0.986314174235
2018/10/02/14:20:17.594960,9191,1538482817,579324705,/world,vicon/IMUframe/IMUframe,-0.289325728398,0.0403327477399,1.64669357277,-0.0080873923649,-0.0253743172055,0.16298686616,0.986268735979
2018/10/02/14:20:17.604839,9192,1538482817,589375583,/world,vicon/IMUframe/IMUframe,-0.289320445453,0.0402174318861,1.64666147529,-0.00785029905459,-0.0254423889916,0.163233667424,0.986228080855
2018/10/02/14:20:17.614973,9193,1538482817,599323106,/world,vicon/IMUframe/IMUframe,-0.289306291165,0.0400632745327,1.64658187362,-0.0073618067189,-0.0255406652933,0.163511392186,0.986183300834
2018/10/02/14:20:17.624822,9194,1538482817,609347192,/world,vicon/IMUframe/IMUframe,-0.289287399367,0.0398437707032,1.64643462578,-0.00648596503513,-0.0256962948355,0.163853576284,0.986128611403
2018/10/02/14:20:17.635045,9195,1538482817,619295546,/world,vicon/IMUframe/IMUframe,-0.289274492604,0.0395892581915,1.64623528269,-0.00535573835662,-0.0260263421473,0.16428991363,0.986054141445
2018/10/02/14:20:17.645195,9196,1538482817,629341206,/world,vicon/IMUframe/IMUframe,-0.289278591128,0.0392384727091,1.64596194953,-0.00389928434044,-0.0266870012364,0.164533839439,0.986002644634
2018/10/02/14:20:17.655413,9197,1538482817,639342262,/world,vicon/IMUframe/IMUframe,-0.289333057527,0.0388219467732,1.64550305474,-0.00154987351095,-0.02769905332,0.165335013188,0.985847195944
2018/10/02/14:20:17.664929,9198,1538482817,649296093,/world,vicon/IMUframe/IMUframe,-0.289447122844,0.0382957308459,1.64502177269,0.000869375752137,-0.0291785928885,0.16564204404,0.985753806561
2018/10/02/14:20:17.675060,9199,1538482817,659299496,/world,vicon/IMUframe/IMUframe,-0.289556838844,0.0376192189679,1.64439988148,0.0042893252475,-0.0312269035012,0.166129805359,0.985600005052
2018/10/02/14:20:17.684896,9200,1538482817,669337126,/world,vicon/IMUframe/IMUframe,-0.289793907942,0.036922728244,1.64361894413,0.00810831144577,-0.0341486972697,0.166651028264,0.98539106782
2018/10/02/14:20:17.694854,9201,1538482817,679296722,/world,vicon/IMUframe/IMUframe,-0.290081292996,0.0361797478085,1.64261307963,0.0128141042349,-0.0379096374034,0.167418258284,0.985073492141
2018/10/02/14:20:17.705263,9202,1538482817,689346536,/world,vicon/IMUframe/IMUframe,-0.290459682126,0.0353202669092,1.64151311206,0.0177940393215,-0.0422479254342,0.167637970744,0.984782207255
2018/10/02/14:20:17.715194,9203,1538482817,699364664,/world,vicon/IMUframe/IMUframe,-0.290781207193,0.0342407591342,1.64014693055,0.0240425736901,-0.0475406566035,0.168527145575,0.984256288689
2018/10/02/14:20:17.725571,9204,1538482817,709300315,/world,vicon/IMUframe/IMUframe,-0.291250231168,0.033038618344,1.63868724094,0.0310968225301,-0.0536848189504,0.168836782517,0.983689518452
2018/10/02/14:20:17.735030,9205,1538482817,719300219,/world,vicon/IMUframe/IMUframe,-0.29168501207,0.0318005038314,1.63694058333,0.039431349385,-0.0604587512932,0.169779537045,0.982835091396
2018/10/02/14:20:17.745156,9206,1538482817,729325169,/world,vicon/IMUframe/IMUframe,-0.292115948121,0.0303520313754,1.63510251994,0.0485696733465,-0.0677422346561,0.170535920863,0.981819472291
2018/10/02/14:20:17.755305,9207,1538482817,739292941,/world,vicon/IMUframe/IMUframe,-0.29269602191,0.0288188670736,1.63297317366,0.0585123552457,-0.0756240768336,0.171331740211,0.980562460062
2018/10/02/14:20:17.765062,9208,1538482817,749298845,/world,vicon/IMUframe/IMUframe,-0.293297881488,0.0271587116654,1.63062017849,0.0687849633102,-0.0839134536154,0.172152140791,0.97907650444
2018/10/02/14:20:17.774790,9209,1538482817,759259928,/world,vicon/IMUframe/IMUframe,-0.29403088086,0.0253635865069,1.62811356766,0.0799757168384,-0.0928415441533,0.17294883725,0.977278380038
2018/10/02/14:20:17.784973,9210,1538482817,769285415,/world,vicon/IMUframe/IMUframe,-0.294894589513,0.0233947757864,1.62544242142,0.0917496633923,-0.102310402305,0.173215876119,0.975249117461
2018/10/02/14:20:17.794758,9211,1538482817,779319867,/world,vicon/IMUframe/IMUframe,-0.295628745201,0.0215264864881,1.62279687549,0.102719597666,-0.110890416471,0.173225619372,0.973213689065
2018/10/02/14:20:17.804826,9212,1538482817,789312952,/world,vicon/IMUframe/IMUframe,-0.296305833397,0.0196030675093,1.61968697246,0.115187023991,-0.1198654797,0.174559590909,0.970511805957
2018/10/02/14:20:17.814927,9213,1538482817,799376218,/world,vicon/IMUframe/IMUframe,-0.297204576176,0.0174770989025,1.61650981208,0.126926105006,-0.128957206957,0.174625698441,0.967866554896
2018/10/02/14:20:17.825131,9214,1538482817,809355431,/world,vicon/IMUframe/IMUframe,-0.298096034571,0.0151857971169,1.61306401503,0.138939365661,-0.138001290951,0.175081662277,0.964882328525
2018/10/02/14:20:17.835027,9215,1538482817,819315773,/world,vicon/IMUframe/IMUframe,-0.299002447695,0.0128417267515,1.60937142077,0.151126056424,-0.147376200612,0.175594959325,0.961565172426
2018/10/02/14:20:17.844987,9216,1538482817,829353287,/world,vicon/IMUframe/IMUframe,-0.299759802061,0.010477474233,1.60538301147,0.163933314337,-0.157074660151,0.176424588682,0.957772302845
2018/10/02/14:20:17.855141,9217,1538482817,839344380,/world,vicon/IMUframe/IMUframe,-0.300392006035,0.00819388098958,1.60122877164,0.177387661295,-0.167388715891,0.177360683456,0.953445238793
2018/10/02/14:20:17.864995,9218,1538482817,849308524,/world,vicon/IMUframe/IMUframe,-0.30079870385,0.00602125442597,1.596927174,0.191471247902,-0.178024379533,0.178482784529,0.948572599829
2018/10/02/14:20:17.875131,9219,1538482817,859332958,/world,vicon/IMUframe/IMUframe,-0.301159122637,0.00397345537369,1.59245979381,0.205908696001,-0.188762746563,0.179560016648,0.943254172979
2018/10/02/14:20:17.884938,9220,1538482817,869344857,/world,vicon/IMUframe/IMUframe,-0.301383520675,0.00204843353383,1.58789710557,0.220628418413,-0.199402144369,0.180795216788,0.937483320063
2018/10/02/14:20:17.895349,9221,1538482817,879308929,/world,vicon/IMUframe/IMUframe,-0.301630189495,3.95162872541e-05,1.58323431747,0.235733943621,-0.21059309898,0.181512951982,0.931199818916
2018/10/02/14:20:17.905233,9222,1538482817,889299322,/world,vicon/IMUframe/IMUframe,-0.301682374341,-0.00156537223645,1.5783106034,0.250046256799,-0.220915800225,0.18224226933,0.924911257333
2018/10/02/14:20:17.915295,9223,1538482817,899300424,/world,vicon/IMUframe/IMUframe,-0.301657140932,-0.00324936465107,1.57325028082,0.265562788298,-0.231744215954,0.182669965023,0.917824987523
2018/10/02/14:20:17.925174,9224,1538482817,909305777,/world,vicon/IMUframe/IMUframe,-0.301567485589,-0.00484700495192,1.56835186529,0.280407057562,-0.241936013238,0.18294418381,0.910697684843
2018/10/02/14:20:17.935329,9225,1538482817,919300867,/world,vicon/IMUframe/IMUframe,-0.301451378405,-0.00611576047375,1.56316585496,0.295786372131,-0.252622862817,0.182665767986,0.902953669049
2018/10/02/14:20:17.945059,9226,1538482817,929301782,/world,vicon/IMUframe/IMUframe,-0.301182281867,-0.0072022651484,1.55787886777,0.311509226893,-0.263121975663,0.182204433763,0.894723628726
2018/10/02/14:20:17.955154,9227,1538482817,939302824,/world,vicon/IMUframe/IMUframe,-0.300827483166,-0.00815092471496,1.55254187925,0.327227226593,-0.273393251616,0.181516318377,0.886132212658
2018/10/02/14:20:17.965117,9228,1538482817,949352797,/world,vicon/IMUframe/IMUframe,-0.300435421384,-0.00894945369593,1.54724327615,0.34297899774,-0.283377516023,0.180714916635,0.877157174871
2018/10/02/14:20:17.975021,9229,1538482817,959310795,/world,vicon/IMUframe/IMUframe,-0.299937973494,-0.00961013009127,1.54190702237,0.358491883734,-0.293058123447,0.179851686118,0.867901997105
2018/10/02/14:20:17.985241,9230,1538482817,969340458,/world,vicon/IMUframe/IMUframe,-0.299474825093,-0.0102316438918,1.53654912951,0.373610722741,-0.302278412435,0.178914484586,0.858505909376
2018/10/02/14:20:17.994809,9231,1538482817,979308709,/world,vicon/IMUframe/IMUframe,-0.299011122804,-0.0107212709565,1.53115630586,0.388163100135,-0.310605260093,0.178361476423,0.849141309691
2018/10/02/14:20:18.005181,9232,1538482817,989335052,/world,vicon/IMUframe/IMUframe,-0.298356025377,-0.0112123910839,1.52577410402,0.401938797097,-0.317804052983,0.177813167588,0.840135860875
2018/10/02/14:20:18.015114,9233,1538482817,999339323,/world,vicon/IMUframe/IMUframe,-0.29769363986,-0.0118481055856,1.52056267571,0.415239526609,-0.324198526085,0.177277088552,0.831290734401
2018/10/02/14:20:18.025216,9234,1538482818,9319458,/world,vicon/IMUframe/IMUframe,-0.296986467744,-0.0122427081818,1.51539848965,0.427803601302,-0.329325771824,0.17693209449,0.822935993055
2018/10/02/14:20:18.035280,9235,1538482818,19336159,/world,vicon/IMUframe/IMUframe,-0.295751731853,-0.0130766021073,1.51043477968,0.440605288744,-0.334106327186,0.177611771593,0.814060194492
2018/10/02/14:20:18.045012,9236,1538482818,29296564,/world,vicon/IMUframe/IMUframe,-0.294901225007,-0.0134363571355,1.50552039738,0.452408664215,-0.338373240511,0.17773122365,0.805755274751
2018/10/02/14:20:18.055079,9237,1538482818,39326734,/world,vicon/IMUframe/IMUframe,-0.293781609239,-0.0138215281943,1.50067103547,0.464349200686,-0.34242155246,0.17858271366,0.797016633838
2018/10/02/14:20:18.065012,9238,1538482818,49331072,/world,vicon/IMUframe/IMUframe,-0.292806795829,-0.0139560041952,1.49572639609,0.476239663589,-0.346186613148,0.179165002564,0.788194464303
2018/10/02/14:20:18.075211,9239,1538482818,59324671,/world,vicon/IMUframe/IMUframe,-0.291584300924,-0.0141085878708,1.49092560222,0.487815670525,-0.350499946712,0.180536903633,0.778840218127
2018/10/02/14:20:18.085184,9240,1538482818,69308005,/world,vicon/IMUframe/IMUframe,-0.290108783228,-0.0140878657,1.48597591978,0.4992694788,-0.354992743125,0.182269717394,0.769082498818
2018/10/02/14:20:18.095286,9241,1538482818,79302549,/world,vicon/IMUframe/IMUframe,-0.288431460336,-0.013846100735,1.48116315453,0.510712536426,-0.359959838303,0.184151902147,0.758742180772
2018/10/02/14:20:18.105472,9242,1538482818,89303686,/world,vicon/IMUframe/IMUframe,-0.286983623308,-0.0137235279047,1.47661541765,0.521546116121,-0.36480199405,0.186345997288,0.748454623334
2018/10/02/14:20:18.115391,9243,1538482818,99311271,/world,vicon/IMUframe/IMUframe,-0.284507172782,-0.0129478362965,1.47207020709,0.53261953429,-0.371003356894,0.187425542651,0.73725477742
2018/10/02/14:20:18.125235,9244,1538482818,109329225,/world,vicon/IMUframe/IMUframe,-0.28268544804,-0.0122194786093,1.4674872314,0.543458475488,-0.375431413488,0.189556122264,0.726479604462
2018/10/02/14:20:18.135257,9245,1538482818,119306432,/world,vicon/IMUframe/IMUframe,-0.280377036778,-0.0115469710565,1.46276760423,0.553857282845,-0.379779156343,0.190821217385,0.715958913375
2018/10/02/14:20:18.145248,9246,1538482818,129300293,/world,vicon/IMUframe/IMUframe,-0.278819579393,-0.00999065986088,1.45845592078,0.566316028716,-0.381534826596,0.192931686255,0.704623797606
2018/10/02/14:20:18.154873,9247,1538482818,139292484,/world,vicon/IMUframe/IMUframe,-0.276503440056,-0.00885456151896,1.45446282358,0.576984623314,-0.385377344541,0.195040873585,0.693204229939
2018/10/02/14:20:18.165100,9248,1538482818,149290903,/world,vicon/IMUframe/IMUframe,-0.274287314086,-0.00740578456782,1.45075258419,0.58737207334,-0.389122482322,0.197007608802,0.681737297855
2018/10/02/14:20:18.174948,9249,1538482818,159337299,/world,vicon/IMUframe/IMUframe,-0.272238158076,-0.00573456395106,1.44724942755,0.59814338004,-0.392502674195,0.198883566501,0.669784647958
2018/10/02/14:20:18.185060,9250,1538482818,169316714,/world,vicon/IMUframe/IMUframe,-0.270011597642,-0.00414609652492,1.44379397632,0.607958762778,-0.396671381732,0.1999051173,0.658085026234
2018/10/02/14:20:18.194985,9251,1538482818,179332239,/world,vicon/IMUframe/IMUframe,-0.267975320892,-0.00256270040459,1.44052868327,0.617538532577,-0.400411478996,0.200670766898,0.646566355128
2018/10/02/14:20:18.204958,9252,1538482818,189354987,/world,vicon/IMUframe/IMUframe,-0.266045565059,-0.000712113681416,1.43736736181,0.62658772673,-0.404170184288,0.201114979963,0.635285012949
2018/10/02/14:20:18.214869,9253,1538482818,199319926,/world,vicon/IMUframe/IMUframe,-0.264221052178,0.000980841367034,1.4344548998,0.635033673408,-0.407450682031,0.201376790174,0.624630741903
2018/10/02/14:20:18.225189,9254,1538482818,209304951,/world,vicon/IMUframe/IMUframe,-0.262659258514,0.00274604482561,1.43178652956,0.642777699912,-0.410504850309,0.201290116809,0.614658348388
2018/10/02/14:20:18.235054,9255,1538482818,219358096,/world,vicon/IMUframe/IMUframe,-0.261207048038,0.00405753501491,1.42943035721,0.650535704449,-0.412835265293,0.201223853229,0.604879576329
2018/10/02/14:20:18.245057,9256,1538482818,229305837,/world,vicon/IMUframe/IMUframe,-0.259902776435,0.00543947433718,1.42735904522,0.657472968481,-0.41555111184,0.200736114474,0.595610259743
2018/10/02/14:20:18.255049,9257,1538482818,239306881,/world,vicon/IMUframe/IMUframe,-0.258757296888,0.00671640018449,1.42550121965,0.662736751951,-0.418596805755,0.201246711008,0.58741507738
2018/10/02/14:20:18.265052,9258,1538482818,249370457,/world,vicon/IMUframe/IMUframe,-0.257689643993,0.00788006721097,1.42410391116,0.667687868837,-0.421992512122,0.200504848408,0.579580050801
2018/10/02/14:20:18.274904,9259,1538482818,259311297,/world,vicon/IMUframe/IMUframe,-0.256749692796,0.0088570552452,1.42292921635,0.671836102464,-0.425695654347,0.200098255323,0.572171433674
2018/10/02/14:20:18.284705,9260,1538482818,269323984,/world,vicon/IMUframe/IMUframe,-0.255673993272,0.00978806096178,1.42192272566,0.674908044941,-0.430438790802,0.198667408366,0.565466921313
2018/10/02/14:20:18.294976,9261,1538482818,279368911,/world,vicon/IMUframe/IMUframe,-0.254980481667,0.0102102928472,1.42102075624,0.676881479662,-0.433803393662,0.198834551849,0.5604559743
2018/10/02/14:20:18.304734,9262,1538482818,289297373,/world,vicon/IMUframe/IMUframe,-0.254460548889,0.0105059736286,1.42034906079,0.678324102023,-0.436371064266,0.198428787384,0.556850718975
2018/10/02/14:20:18.314780,9263,1538482818,299345929,/world,vicon/IMUframe/IMUframe,-0.253963518414,0.0105590004127,1.41972767048,0.679062774108,-0.437942420359,0.198203301415,0.554793327807
2018/10/02/14:20:18.325158,9264,1538482818,309371316,/world,vicon/IMUframe/IMUframe,-0.253599060827,0.0103880655051,1.41915262878,0.679329389809,-0.438649238409,0.198034586664,0.553968165395
2018/10/02/14:20:18.334979,9265,1538482818,319351040,/world,vicon/IMUframe/IMUframe,-0.253321935029,0.0101056535216,1.41877891359,0.679359579952,-0.438795702068,0.197856422491,0.553878803579
2018/10/02/14:20:18.345036,9266,1538482818,329312081,/world,vicon/IMUframe/IMUframe,-0.253166100192,0.00975615242308,1.4186498131,0.679195011973,-0.438868890554,0.197595856247,0.55411561087
2018/10/02/14:20:18.355069,9267,1538482818,339332342,/world,vicon/IMUframe/IMUframe,-0.253084692442,0.00938700907317,1.41867720098,0.67886074912,-0.439179130581,0.197220083338,0.554413215295
2018/10/02/14:20:18.365303,9268,1538482818,349360787,/world,vicon/IMUframe/IMUframe,-0.253062512761,0.00902595586657,1.41868384721,0.678318199132,-0.439645691261,0.196667574929,0.554903551847
2018/10/02/14:20:18.375275,9269,1538482818,359356388,/world,vicon/IMUframe/IMUframe,-0.253100412412,0.00865143420053,1.41860544781,0.67751999275,-0.440169736811,0.195925169217,0.555725283109
2018/10/02/14:20:18.385211,9270,1538482818,369294193,/world,vicon/IMUframe/IMUframe,-0.253218233068,0.00820538000839,1.41861489914,0.676621590018,-0.440502883266,0.195056764706,0.556860208937
2018/10/02/14:20:18.395259,9271,1538482818,379324236,/world,vicon/IMUframe/IMUframe,-0.253472974423,0.00767930034701,1.41874480392,0.675626257471,-0.440561849055,0.193957817757,0.558403780703
2018/10/02/14:20:18.405007,9272,1538482818,389306027,/world,vicon/IMUframe/IMUframe,-0.25385521161,0.00709339379549,1.41911476641,0.674539461812,-0.440634349064,0.193368704371,0.559862866293
2018/10/02/14:20:18.415057,9273,1538482818,399310879,/world,vicon/IMUframe/IMUframe,-0.254330281339,0.00646894421325,1.41946368048,0.673114415948,-0.4405827329,0.192666400114,0.561857185396
2018/10/02/14:20:18.425050,9274,1538482818,409344922,/world,vicon/IMUframe/IMUframe,-0.254884245862,0.00577463610984,1.41980881327,0.671279801535,-0.440524143652,0.191840848521,0.564374871649
2018/10/02/14:20:18.434953,9275,1538482818,419347371,/world,vicon/IMUframe/IMUframe,-0.255522593172,0.0050346990023,1.4201412716,0.669076955438,-0.440382022286,0.190848851459,0.567429659117
2018/10/02/14:20:18.445052,9276,1538482818,429311218,/world,vicon/IMUframe/IMUframe,-0.256190521887,0.00423096229403,1.42048535344,0.666426085767,-0.440074106408,0.18991643812,0.571089134558
2018/10/02/14:20:18.455178,9277,1538482818,439334446,/world,vicon/IMUframe/IMUframe,-0.256858945198,0.00332776261291,1.42085254208,0.663303440794,-0.439647177969,0.189177099873,0.575283346898
2018/10/02/14:20:18.465113,9278,1538482818,449358057,/world,vicon/IMUframe/IMUframe,-0.257554450526,0.00241230022307,1.42113876081,0.659927506774,-0.439062761887,0.188361356759,0.579861687135
2018/10/02/14:20:18.474912,9279,1538482818,459364916,/world,vicon/IMUframe/IMUframe,-0.258192765068,0.00143171415988,1.42150246729,0.656409662789,-0.43846879084,0.187778635224,0.584474685688
2018/10/02/14:20:18.484738,9280,1538482818,469339955,/world,vicon/IMUframe/IMUframe,-0.258829827896,0.000455635445049,1.4219447574,0.652880055238,-0.437976954029,0.187115560536,0.588992010318
2018/10/02/14:20:18.494804,9281,1538482818,479325804,/world,vicon/IMUframe/IMUframe,-0.25945178074,-0.000504317299835,1.42248121599,0.649302956054,-0.437533490582,0.186511327784,0.593450621777
2018/10/02/14:20:18.504922,9282,1538482818,489356559,/world,vicon/IMUframe/IMUframe,-0.260162288107,-0.0013229201444,1.42306632284,0.645445730066,-0.437277645848,0.18569431111,0.598085021383
2018/10/02/14:20:18.514736,9283,1538482818,499334984,/world,vicon/IMUframe/IMUframe,-0.260928615859,-0.0021844377535,1.42362503829,0.641696285281,-0.436919883009,0.184802930309,0.602639834592
2018/10/02/14:20:18.524787,9284,1538482818,509326686,/world,vicon/IMUframe/IMUframe,-0.261798590448,-0.00298647401384,1.42427027277,0.637879733197,-0.436321801135,0.183554487755,0.607487021965
2018/10/02/14:20:18.534784,9285,1538482818,519286561,/world,vicon/IMUframe/IMUframe,-0.262784821863,-0.00363295513977,1.42499950441,0.633721883026,-0.435510735206,0.181913861506,0.612890138186
2018/10/02/14:20:18.545003,9286,1538482818,529332638,/world,vicon/IMUframe/IMUframe,-0.263767046587,-0.00441341876389,1.42584396771,0.629652429703,-0.434071447086,0.180268420224,0.618565350843
2018/10/02/14:20:18.554836,9287,1538482818,539333201,/world,vicon/IMUframe/IMUframe,-0.264863421076,-0.00552681313233,1.42694812542,0.625288025767,-0.431716576089,0.178628441941,0.625082044609
2018/10/02/14:20:18.564719,9288,1538482818,549293809,/world,vicon/IMUframe/IMUframe,-0.266009479599,-0.00658165307023,1.42827634244,0.62031638771,-0.429504785977,0.177424700783,0.63186524949
2018/10/02/14:20:18.574895,9289,1538482818,559337111,/world,vicon/IMUframe/IMUframe,-0.267289073044,-0.0076500016007,1.42983479723,0.614954401992,-0.426775449129,0.176301437779,0.639227348077
2018/10/02/14:20:18.584862,9290,1538482818,569379658,/world,vicon/IMUframe/IMUframe,-0.268554811062,-0.00894379111052,1.43164485543,0.60884987205,-0.423450881981,0.17525326239,0.647516391975
2018/10/02/14:20:18.594998,9291,1538482818,579350464,/world,vicon/IMUframe/IMUframe,-0.269893137648,-0.0100739423745,1.43352749833,0.601822783505,-0.419582093906,0.174147083035,0.656835593735
2018/10/02/14:20:18.604943,9292,1538482818,589335315,/world,vicon/IMUframe/IMUframe,-0.271228449846,-0.0113961207619,1.43557119433,0.593658010692,-0.414832380294,0.173062180506,0.66748314157
2018/10/02/14:20:18.614868,9293,1538482818,599320998,/world,vicon/IMUframe/IMUframe,-0.272556008485,-0.0129700431256,1.43785395993,0.584466904491,-0.409283921103,0.172219005596,0.679136012587
2018/10/02/14:20:18.624841,9294,1538482818,609340983,/world,vicon/IMUframe/IMUframe,-0.273861701137,-0.0147181156268,1.44046886187,0.574313209522,-0.402982459526,0.171658440625,0.69159442916
2018/10/02/14:20:18.634949,9295,1538482818,619337564,/world,vicon/IMUframe/IMUframe,-0.275104141305,-0.0165271789788,1.44342966751,0.56416769497,-0.395610672527,0.171745900989,0.704067009047
2018/10/02/14:20:18.645194,9296,1538482818,629332294,/world,vicon/IMUframe/IMUframe,-0.276349752582,-0.0190490679312,1.44695554405,0.551111292518,-0.389368267802,0.171226298501,0.717878993975
2018/10/02/14:20:18.655221,9297,1538482818,639340019,/world,vicon/IMUframe/IMUframe,-0.277516523482,-0.0210716356181,1.45051330766,0.538288514368,-0.382092453858,0.171477336176,0.731331904939
2018/10/02/14:20:18.665211,9298,1538482818,649337825,/world,vicon/IMUframe/IMUframe,-0.278921257,-0.0226780885044,1.45445511064,0.525646802894,-0.373927741424,0.170804026528,0.744781489648
2018/10/02/14:20:18.674960,9299,1538482818,659330104,/world,vicon/IMUframe/IMUframe,-0.280537338634,-0.0243510927184,1.45859807922,0.511371984691,-0.365588478362,0.169324794948,0.759060519048
2018/10/02/14:20:18.684942,9300,1538482818,669369346,/world,vicon/IMUframe/IMUframe,-0.282219144337,-0.0255886056126,1.46293916902,0.497289484586,-0.355755831425,0.167800775291,0.773294159256
2018/10/02/14:20:18.695239,9301,1538482818,679323411,/world,vicon/IMUframe/IMUframe,-0.283751469298,-0.0268180973879,1.46745789309,0.482281070707,-0.345089417583,0.167555665592,0.787555307034
2018/10/02/14:20:18.704830,9302,1538482818,689307998,/world,vicon/IMUframe/IMUframe,-0.285005211849,-0.0279924024133,1.47223450378,0.466404875218,-0.334635057197,0.166556805784,0.80171360305
2018/10/02/14:20:18.715226,9303,1538482818,699360145,/world,vicon/IMUframe/IMUframe,-0.286021284439,-0.0290848470561,1.47747960053,0.449629779243,-0.32407310258,0.16611643726,0.815607145061
2018/10/02/14:20:18.724993,9304,1538482818,709332604,/world,vicon/IMUframe/IMUframe,-0.286922920178,-0.0299418684829,1.48297531537,0.432531625847,-0.312738330859,0.166037838428,0.829181865011
2018/10/02/14:20:18.735022,9305,1538482818,719306281,/world,vicon/IMUframe/IMUframe,-0.28763909374,-0.0306454196532,1.48874094376,0.414940721887,-0.300494613977,0.166412072486,0.842516591185
2018/10/02/14:20:18.745410,9306,1538482818,729337050,/world,vicon/IMUframe/IMUframe,-0.28800570037,-0.0313306132454,1.49468211573,0.396795836519,-0.287105742315,0.166868169833,0.855732651444
2018/10/02/14:20:18.755438,9307,1538482818,739305988,/world,vicon/IMUframe/IMUframe,-0.288104616654,-0.0317373395622,1.50071416654,0.377880706802,-0.273389679502,0.168201732611,0.868431017246
2018/10/02/14:20:18.765366,9308,1538482818,749316934,/world,vicon/IMUframe/IMUframe,-0.287863986643,-0.0318058121018,1.50689692824,0.357615449702,-0.258312843548,0.169709045364,0.881240321884
2018/10/02/14:20:18.775146,9309,1538482818,759306664,/world,vicon/IMUframe/IMUframe,-0.287142023619,-0.0317229719443,1.51314186476,0.336858919857,-0.243066741398,0.171808872348,0.893267226938
2018/10/02/14:20:18.785015,9310,1538482818,769292215,/world,vicon/IMUframe/IMUframe,-0.286328992127,-0.0321589150012,1.51957466519,0.31260086243,-0.227230810354,0.171581473326,0.906204534112
2018/10/02/14:20:18.794828,9311,1538482818,779280676,/world,vicon/IMUframe/IMUframe,-0.285228733736,-0.0310796751064,1.52577880371,0.290679268656,-0.210854698515,0.175202358179,0.91670605571
2018/10/02/14:20:18.804902,9312,1538482818,789323363,/world,vicon/IMUframe/IMUframe,-0.283851109697,-0.030049209122,1.53185973273,0.267736240095,-0.194154511823,0.178613248162,0.926670728393
2018/10/02/14:20:18.814910,9313,1538482818,799385566,/world,vicon/IMUframe/IMUframe,-0.282463751228,-0.0288506781917,1.53784355703,0.244800799537,-0.17810780194,0.182001119029,0.935535019177
2018/10/02/14:20:18.825022,9314,1538482818,809323982,/world,vicon/IMUframe/IMUframe,-0.281078522403,-0.0272825922787,1.54364640937,0.221994578719,-0.16246419108,0.18543296154,0.943365470224
2018/10/02/14:20:18.835030,9315,1538482818,819331532,/world,vicon/IMUframe/IMUframe,-0.279804753047,-0.0251873080841,1.54913638061,0.200337924067,-0.14717270593,0.187993858451,0.950191149188
2018/10/02/14:20:18.845457,9316,1538482818,829335801,/world,vicon/IMUframe/IMUframe,-0.278544844105,-0.0226659937757,1.55442984897,0.178783018615,-0.132533671948,0.191317738892,0.955964947496
2018/10/02/14:20:18.855186,9317,1538482818,839358224,/world,vicon/IMUframe/IMUframe,-0.27708457767,-0.0204404820901,1.55957700352,0.156382357613,-0.117660206484,0.193412098328,0.961401265995
2018/10/02/14:20:18.864865,9318,1538482818,849346250,/world,vicon/IMUframe/IMUframe,-0.275745838449,-0.0176738865231,1.56444542581,0.134393580372,-0.103012379345,0.19457554935,0.966161048093
2018/10/02/14:20:18.874923,9319,1538482818,859335527,/world,vicon/IMUframe/IMUframe,-0.274328110804,-0.0147029683758,1.56919007122,0.112587885905,-0.08818105264,0.19537356032,0.970245969758
2018/10/02/14:20:18.885090,9320,1538482818,869322706,/world,vicon/IMUframe/IMUframe,-0.272731476493,-0.011354153922,1.5738688524,0.0905338391491,-0.0732263337674,0.196222308946,0.973621247449
2018/10/02/14:20:18.895088,9321,1538482818,879320175,/world,vicon/IMUframe/IMUframe,-0.27090271134,-0.00774747166007,1.57831202151,0.0686462322848,-0.0575591795132,0.196640121249,0.976374568678
2018/10/02/14:20:18.904993,9322,1538482818,889363235,/world,vicon/IMUframe/IMUframe,-0.269019173593,-0.0040080038124,1.58267395889,0.0471531404863,-0.0416450041523,0.196422642284,0.978499065186
2018/10/02/14:20:18.914976,9323,1538482818,899337484,/world,vicon/IMUframe/IMUframe,-0.266883669054,-3.73776757618e-05,1.58695009267,0.0261740372333,-0.0250654447096,0.196299841912,0.979873979306
2018/10/02/14:20:18.925198,9324,1538482818,909294260,/world,vicon/IMUframe/IMUframe,-0.264521222706,0.00418721010065,1.59111818517,0.00562824151621,-0.00812288507581,0.196040507367,0.980546001525
2018/10/02/14:20:18.935079,9325,1538482818,919314468,/world,vicon/IMUframe/IMUframe,-0.262004410859,0.00864092004995,1.59518878286,-0.0151392820492,0.00910251633691,0.195557669277,0.980533091906
2018/10/02/14:20:18.945518,9326,1538482818,929310920,/world,vicon/IMUframe/IMUframe,-0.259240959235,0.0131389085103,1.59899828694,-0.0349775108424,0.026723548565,0.19425159538,0.979963643907
2018/10/02/14:20:18.955255,9327,1538482818,939335803,/world,vicon/IMUframe/IMUframe,-0.256254099757,0.0179768152974,1.60231045905,-0.054872779987,0.0445127358661,0.194745753919,0.978305517562
2018/10/02/14:20:18.965126,9328,1538482818,949347362,/world,vicon/IMUframe/IMUframe,-0.253260937384,0.0228206996002,1.60542255008,-0.0743919687461,0.0621340487979,0.195103251116,0.975981514359
2018/10/02/14:20:18.974810,9329,1538482818,959299239,/world,vicon/IMUframe/IMUframe,-0.25023766358,0.027573908156,1.60828306443,-0.0927682402112,0.0790203260738,0.195423027336,0.973118534436
2018/10/02/14:20:18.984813,9330,1538482818,969317326,/world,vicon/IMUframe/IMUframe,-0.247207765133,0.0324004627255,1.61083993101,-0.110373242666,0.0950684083593,0.195629615436,0.969798328829
2018/10/02/14:20:18.995072,9331,1538482818,979344383,/world,vicon/IMUframe/IMUframe,-0.244588506722,0.0372780911844,1.61302757276,-0.127190084671,0.109657208168,0.19571930166,0.966173863244
2018/10/02/14:20:19.005234,9332,1538482818,989424407,/world,vicon/IMUframe/IMUframe,-0.241852452764,0.041995716209,1.61499384644,-0.143653048738,0.122969809147,0.195731286928,0.962253340313
2018/10/02/14:20:19.015482,9333,1538482818,999308606,/world,vicon/IMUframe/IMUframe,-0.239394656605,0.0468033245085,1.61676722573,-0.159932004525,0.135018813715,0.195646409162,0.958078366551
2018/10/02/14:20:19.024803,9334,1538482819,9319445,/world,vicon/IMUframe/IMUframe,-0.236999844163,0.0513267560018,1.61820410888,-0.174701494634,0.145784169612,0.196083622711,0.953822612736
2018/10/02/14:20:19.034906,9335,1538482819,19318216,/world,vicon/IMUframe/IMUframe,-0.234787404131,0.0559922105321,1.61955261536,-0.189130357612,0.15586646125,0.196256633792,0.949430717735
2018/10/02/14:20:19.044904,9336,1538482819,29341214,/world,vicon/IMUframe/IMUframe,-0.232781400821,0.0607632356356,1.62073265608,-0.203696945998,0.165603449686,0.195522684099,0.944909483308
2018/10/02/14:20:19.054764,9337,1538482819,39344414,/world,vicon/IMUframe/IMUframe,-0.230879690511,0.0654923742551,1.62190504014,-0.217645272118,0.174624039036,0.19498722538,0.94027493982
2018/10/02/14:20:19.064922,9338,1538482819,49348419,/world,vicon/IMUframe/IMUframe,-0.229049745962,0.0705108456414,1.62296379713,-0.231243103773,0.183648163121,0.194522707216,0.935393444235
2018/10/02/14:20:19.075773,9339,1538482819,59327842,/world,vicon/IMUframe/IMUframe,-0.227018422965,0.0751623893571,1.62370447423,-0.245295577389,0.191184062723,0.194296683795,0.930337321911
2018/10/02/14:20:19.085021,9340,1538482819,69283606,/world,vicon/IMUframe/IMUframe,-0.225130241949,0.0796355536526,1.62425375618,-0.259296648702,0.198208639913,0.193812842284,0.925156832759
2018/10/02/14:20:19.094972,9341,1538482819,79310533,/world,vicon/IMUframe/IMUframe,-0.223307400564,0.0838640153629,1.62476994209,-0.273474055404,0.205469863889,0.1931456527,0.919613414918
2018/10/02/14:20:19.104370,9342,1538482819,89338934,/world,vicon/IMUframe/IMUframe,-0.221775205465,0.0880473049016,1.62530138426,-0.287322326169,0.212619395618,0.192646851495,0.913852320728
2018/10/02/14:20:19.114744,9343,1538482819,99388571,/world,vicon/IMUframe/IMUframe,-0.220245222495,0.0924881540434,1.62554032412,-0.300715580946,0.220139720923,0.192299311643,0.907815849933
2018/10/02/14:20:19.124603,9344,1538482819,109402348,/world,vicon/IMUframe/IMUframe,-0.218684828527,0.0966461970576,1.62577390834,-0.313752962521,0.227679461458,0.19229086192,0.901523913028
2018/10/02/14:20:19.134344,9345,1538482819,119404984,/world,vicon/IMUframe/IMUframe,-0.217123104632,0.100664739733,1.62595805881,-0.326592476843,0.235692966275,0.192039219049,0.894934141747
2018/10/02/14:20:19.143912,9346,1538482819,129336111,/world,vicon/IMUframe/IMUframe,-0.215431267733,0.104888318587,1.62596892166,-0.338667240348,0.243679981322,0.190534896639,0.888606223352
2018/10/02/14:20:19.154121,9347,1538482819,139405093,/world,vicon/IMUframe/IMUframe,-0.213770010115,0.109123302964,1.62571204283,-0.349879078762,0.251883956477,0.189029667492,0.882273703293
2018/10/02/14:20:19.165219,9348,1538482819,149380042,/world,vicon/IMUframe/IMUframe,-0.212037405575,0.113138672713,1.62551547967,-0.360598760735,0.260314191438,0.187190948415,0.875879332057
2018/10/02/14:20:19.175358,9349,1538482819,159399068,/world,vicon/IMUframe/IMUframe,-0.210367085347,0.116839949657,1.6252807054,-0.370659507337,0.26905736649,0.18538935793,0.869396600594
2018/10/02/14:20:19.185164,9350,1538482819,169342256,/world,vicon/IMUframe/IMUframe,-0.207938744308,0.121172093336,1.62616398326,-0.385209775207,0.275093341485,0.181108129657,0.862053900825
2018/10/02/14:20:19.195040,9351,1538482819,179365265,/world,vicon/IMUframe/IMUframe,-0.20618122589,0.124777305928,1.62567775539,-0.394748717843,0.283724043379,0.178469666617,0.855466361155
2018/10/02/14:20:19.204909,9352,1538482819,189350599,/world,vicon/IMUframe/IMUframe,-0.204452739187,0.12808603187,1.6250578298,-0.404284875974,0.292492451565,0.175521042682,0.848642603463
2018/10/02/14:20:19.215150,9353,1538482819,199367674,/world,vicon/IMUframe/IMUframe,-0.202942607052,0.131484159654,1.62439772466,-0.412970441328,0.30114921392,0.171913654706,0.842146222975
2018/10/02/14:20:19.224939,9354,1538482819,209350738,/world,vicon/IMUframe/IMUframe,-0.201306581722,0.134809399214,1.62377709219,-0.421498876679,0.309488092514,0.168475871273,0.835566692939
2018/10/02/14:20:19.234786,9355,1538482819,219303332,/world,vicon/IMUframe/IMUframe,-0.199426108429,0.137811268772,1.62329774139,-0.430118391871,0.317081163604,0.165115873234,0.82897192538
2018/10/02/14:20:19.244761,9356,1538482819,229324043,/world,vicon/IMUframe/IMUframe,-0.197913986526,0.140807099208,1.6227019706,-0.437767172209,0.324488121401,0.162208821094,0.822651603272
2018/10/02/14:20:19.254720,9357,1538482819,239375698,/world,vicon/IMUframe/IMUframe,-0.196018270315,0.143248816672,1.6220200658,-0.44543083359,0.33184816038,0.158332112253,0.816332722099
2018/10/02/14:20:19.264778,9358,1538482819,249362956,/world,vicon/IMUframe/IMUframe,-0.194978923485,0.14591548501,1.62125717755,-0.451717751487,0.338724297974,0.155863161084,0.810508234363
2018/10/02/14:20:19.274698,9359,1538482819,259345952,/world,vicon/IMUframe/IMUframe,-0.193533535562,0.148383310311,1.62065011087,-0.458112046904,0.345107018843,0.15321661105,0.804710611415
2018/10/02/14:20:19.284804,9360,1538482819,269370237,/world,vicon/IMUframe/IMUframe,-0.192244916258,0.150431175492,1.62009669722,-0.463083038458,0.350877717331,0.151368137724,0.799704078929
2018/10/02/14:20:19.294968,9361,1538482819,279365342,/world,vicon/IMUframe/IMUframe,-0.191003995486,0.152305120745,1.61968194282,-0.467623364302,0.355944821693,0.14961150465,0.795140283689
2018/10/02/14:20:19.304991,9362,1538482819,289348710,/world,vicon/IMUframe/IMUframe,-0.189917235197,0.154066900629,1.61937135133,-0.471255986934,0.360309090392,0.148061197483,0.791310960343
2018/10/02/14:20:19.314905,9363,1538482819,299348992,/world,vicon/IMUframe/IMUframe,-0.188347300802,0.155498695003,1.61967669938,-0.476052156909,0.362687945724,0.147396321062,0.787468172351
2018/10/02/14:20:19.324704,9364,1538482819,309358295,/world,vicon/IMUframe/IMUframe,-0.187589422661,0.156993664747,1.61967643964,-0.479241925004,0.364985645014,0.146520149927,0.78463016888
2018/10/02/14:20:19.334782,9365,1538482819,319360099,/world,vicon/IMUframe/IMUframe,-0.186940688912,0.158238749908,1.61967261589,-0.480971873365,0.366864567162,0.145856692133,0.782816882644
2018/10/02/14:20:19.344866,9366,1538482819,329376570,/world,vicon/IMUframe/IMUframe,-0.186825207974,0.159645828017,1.61935951677,-0.480420604901,0.368834585826,0.144643764516,0.782454645377
2018/10/02/14:20:19.354640,9367,1538482819,339300470,/world,vicon/IMUframe/IMUframe,-0.186600584148,0.160649011727,1.61958427316,-0.482494471891,0.369067237082,0.144668535156,0.781063041018
2018/10/02/14:20:19.364715,9368,1538482819,349325897,/world,vicon/IMUframe/IMUframe,-0.186444902558,0.161381857377,1.61986968215,-0.48367818562,0.369145339969,0.14533766917,0.780169271796
2018/10/02/14:20:19.374775,9369,1538482819,359395385,/world,vicon/IMUframe/IMUframe,-0.186261286231,0.162032026153,1.62026166324,-0.484511213832,0.368960460864,0.145186889884,0.779767804539
2018/10/02/14:20:19.384708,9370,1538482819,369352195,/world,vicon/IMUframe/IMUframe,-0.186350399753,0.162626004972,1.62068440059,-0.486050432465,0.368233401492,0.145555540839,0.779084542047
2018/10/02/14:20:19.395076,9371,1538482819,379367030,/world,vicon/IMUframe/IMUframe,-0.186518248654,0.163034317987,1.62114032602,-0.486637727524,0.367529109158,0.145629282114,0.779036705337
2018/10/02/14:20:19.405024,9372,1538482819,389351505,/world,vicon/IMUframe/IMUframe,-0.186857662073,0.163289852213,1.62163550761,-0.487032459918,0.366538630649,0.145423759103,0.779295031112
2018/10/02/14:20:19.414763,9373,1538482819,399342303,/world,vicon/IMUframe/IMUframe,-0.187142181453,0.1635311588,1.62231637254,-0.487433330505,0.365076869143,0.145113878333,0.779788170111
2018/10/02/14:20:19.424790,9374,1538482819,409357792,/world,vicon/IMUframe/IMUframe,-0.187409049649,0.16357710603,1.62305705728,-0.487188575012,0.363586908368,0.144168393136,0.780811966392
2018/10/02/14:20:19.434648,9375,1538482819,419347409,/world,vicon/IMUframe/IMUframe,-0.187862611856,0.163565716968,1.62376585013,-0.486851636791,0.362074988588,0.143344433037,0.781875667808
2018/10/02/14:20:19.444674,9376,1538482819,429359412,/world,vicon/IMUframe/IMUframe,-0.188491088214,0.163524628371,1.62453194573,-0.486952890769,0.360229009161,0.142739634724,0.782775408281
2018/10/02/14:20:19.454626,9377,1538482819,439376987,/world,vicon/IMUframe/IMUframe,-0.189172057496,0.163379315885,1.62546141411,-0.486541229107,0.357964690958,0.141989068484,0.78420534099
2018/10/02/14:20:19.465042,9378,1538482819,449343696,/world,vicon/IMUframe/IMUframe,-0.190745964174,0.162850707014,1.62522566971,-0.4813632372,0.357541816099,0.142489972873,0.787495962684
2018/10/02/14:20:19.474851,9379,1538482819,459367060,/world,vicon/IMUframe/IMUframe,-0.192063902712,0.16234297981,1.62619663597,-0.480637308074,0.353745818786,0.142906344225,0.789575487562
2018/10/02/14:20:19.485088,9380,1538482819,469338869,/world,vicon/IMUframe/IMUframe,-0.193453419264,0.161572046511,1.62744886045,-0.479240597902,0.348550796562,0.143946075362,0.792540421005
2018/10/02/14:20:19.495206,9381,1538482819,479345455,/world,vicon/IMUframe/IMUframe,-0.194686367175,0.160827050619,1.62904281364,-0.4769837428,0.342388984591,0.145500238265,0.79629515445
2018/10/02/14:20:19.504976,9382,1538482819,489301473,/world,vicon/IMUframe/IMUframe,-0.196346695591,0.159800533208,1.63046109893,-0.474385237001,0.335422213409,0.147719197739,0.800393418443
2018/10/02/14:20:19.515003,9383,1538482819,499318308,/world,vicon/IMUframe/IMUframe,-0.198493973871,0.158558065655,1.63199886558,-0.471232973834,0.327035727513,0.151849021539,0.804940365468
2018/10/02/14:20:19.525021,9384,1538482819,509361031,/world,vicon/IMUframe/IMUframe,-0.200382909388,0.156724013751,1.63358737663,-0.467279398432,0.318356159432,0.155580435143,0.809996325766
2018/10/02/14:20:19.535012,9385,1538482819,519363191,/world,vicon/IMUframe/IMUframe,-0.202572552798,0.154748497239,1.6353163763,-0.46246325874,0.30825478236,0.160545371185,0.815678801526
2018/10/02/14:20:19.544991,9386,1538482819,529315134,/world,vicon/IMUframe/IMUframe,-0.204882902452,0.152556057463,1.63718175039,-0.456596836689,0.296938298263,0.166162070198,0.82203232429
2018/10/02/14:20:19.555015,9387,1538482819,539374384,/world,vicon/IMUframe/IMUframe,-0.207341602379,0.150099816827,1.63906412942,-0.450154966205,0.284940148866,0.172133540278,0.82857688978
2018/10/02/14:20:19.564832,9388,1538482819,549343517,/world,vicon/IMUframe/IMUframe,-0.209865002993,0.147332716977,1.64094469176,-0.443130897323,0.27215229646,0.1785847076,0.835269799275
2018/10/02/14:20:19.574668,9389,1538482819,559297880,/world,vicon/IMUframe/IMUframe,-0.212429231944,0.144316180469,1.64280011725,-0.435243833726,0.258618127546,0.185605047337,0.842158082376
2018/10/02/14:20:19.584855,9390,1538482819,569363422,/world,vicon/IMUframe/IMUframe,-0.215030166933,0.141011723879,1.64451867886,-0.42648045639,0.244318079768,0.193008088437,0.84921786016
2018/10/02/14:20:19.594979,9391,1538482819,579388102,/world,vicon/IMUframe/IMUframe,-0.217636677485,0.137655457806,1.64620455656,-0.416518838989,0.229671486848,0.200471879127,0.856489398986
2018/10/02/14:20:19.604832,9392,1538482819,589353418,/world,vicon/IMUframe/IMUframe,-0.220147863276,0.133987250905,1.64768026714,-0.405290057012,0.214332595893,0.207836414233,0.864063384795
2018/10/02/14:20:19.614806,9393,1538482819,599303259,/world,vicon/IMUframe/IMUframe,-0.222467186067,0.130143384613,1.64888543942,-0.393690780996,0.198941896797,0.215240569509,0.871264132107
2018/10/02/14:20:19.624744,9394,1538482819,609365209,/world,vicon/IMUframe/IMUframe,-0.224651209555,0.126107261452,1.64999277852,-0.380883955326,0.183833132608,0.221700181351,0.878624960674
2018/10/02/14:20:19.635006,9395,1538482819,619333889,/world,vicon/IMUframe/IMUframe,-0.22673044251,0.121879922763,1.65100247854,-0.36711301323,0.168968652922,0.227332140626,0.886000974991
2018/10/02/14:20:19.644982,9396,1538482819,629361937,/world,vicon/IMUframe/IMUframe,-0.228975236504,0.117597843587,1.65175819218,-0.352461954289,0.154598536872,0.231970974288,0.89334166491
2018/10/02/14:20:19.655281,9397,1538482819,639322275,/world,vicon/IMUframe/IMUframe,-0.230995566738,0.112986091827,1.65255818087,-0.337212844571,0.139898480615,0.23588537328,0.900596470818
2018/10/02/14:20:19.665164,9398,1538482819,649362250,/world,vicon/IMUframe/IMUframe,-0.233163263641,0.108548951963,1.65300328011,-0.321762042831,0.126204208721,0.238404450842,0.907581954048
2018/10/02/14:20:19.674972,9399,1538482819,659330647,/world,vicon/IMUframe/IMUframe,-0.235248344439,0.10378663465,1.65345416411,-0.306686596005,0.111018006346,0.240377884844,0.914241109651
2018/10/02/14:20:19.684988,9400,1538482819,669328240,/world,vicon/IMUframe/IMUframe,-0.238015385107,0.098428355192,1.65308191233,-0.288498152827,0.0974465009353,0.242119298678,0.921222687779
2018/10/02/14:20:19.695035,9401,1538482819,679337105,/world,vicon/IMUframe/IMUframe,-0.239826969562,0.0940585535081,1.65303692712,-0.271483681984,0.0824797803259,0.242853216147,0.927640022671
2018/10/02/14:20:19.705138,9402,1538482819,689336415,/world,vicon/IMUframe/IMUframe,-0.241763763182,0.0894442590385,1.65255114096,-0.253765219666,0.0677771096745,0.243850395147,0.933566527613
2018/10/02/14:20:19.714964,9403,1538482819,699326569,/world,vicon/IMUframe/IMUframe,-0.243723756027,0.0847698610478,1.65182774803,-0.2355303883,0.0531566253156,0.2450428027,0.938964234791
2018/10/02/14:20:19.725107,9404,1538482819,709352852,/world,vicon/IMUframe/IMUframe,-0.245514215119,0.0801654378558,1.6508380665,-0.217110436133,0.038942010766,0.24637022496,0.943741643975
2018/10/02/14:20:19.734925,9405,1538482819,719314073,/world,vicon/IMUframe/IMUframe,-0.24691365058,0.0753714780255,1.6497912253,-0.198585646604,0.0246998562923,0.247749019447,0.947931475068
2018/10/02/14:20:19.744924,9406,1538482819,729310740,/world,vicon/IMUframe/IMUframe,-0.248451738146,0.0708979693266,1.64839959513,-0.179600187555,0.0112006934493,0.24951981406,0.951503115858
2018/10/02/14:20:19.754885,9407,1538482819,739325506,/world,vicon/IMUframe/IMUframe,-0.249650384788,0.0664623499884,1.64672788907,-0.160477364519,-0.00191450595483,0.251055001192,0.954575684019
2018/10/02/14:20:19.765050,9408,1538482819,749328448,/world,vicon/IMUframe/IMUframe,-0.25082176283,0.0620737446512,1.64486949324,-0.141026200127,-0.0146534945813,0.252709557629,0.957097051222
2018/10/02/14:20:19.775196,9409,1538482819,759369563,/world,vicon/IMUframe/IMUframe,-0.25206123025,0.0574250876055,1.64277943586,-0.120511840434,-0.0274093304559,0.254851757378,0.959049637235
2018/10/02/14:20:19.785284,9410,1538482819,769348137,/world,vicon/IMUframe/IMUframe,-0.253064194999,0.0535055693591,1.64052526393,-0.100080167229,-0.0393414425843,0.256609874614,0.960514228564
2018/10/02/14:20:19.795075,9411,1538482819,779317233,/world,vicon/IMUframe/IMUframe,-0.25380298309,0.049464264961,1.63822983161,-0.079058610462,-0.0519857009699,0.258284083179,0.961424232783
2018/10/02/14:20:19.805086,9412,1538482819,789338944,/world,vicon/IMUframe/IMUframe,-0.254428556904,0.0455364447686,1.63562850979,-0.0579696951434,-0.0647148545767,0.260188917408,0.961640904548
2018/10/02/14:20:19.815221,9413,1538482819,799286956,/world,vicon/IMUframe/IMUframe,-0.255160722893,0.0416547072798,1.63270230717,-0.0373031368181,-0.0773221719523,0.262399595454,0.961132774394
2018/10/02/14:20:19.825121,9414,1538482819,809351161,/world,vicon/IMUframe/IMUframe,-0.255689257595,0.0379114474886,1.62979500261,-0.016861640523,-0.0903680041936,0.264420951478,0.960016077634
2018/10/02/14:20:19.835019,9415,1538482819,819290258,/world,vicon/IMUframe/IMUframe,-0.256389373195,0.0345213686375,1.62673784814,0.00326387533221,-0.103313929755,0.266649827099,0.958234547877
2018/10/02/14:20:19.845016,9416,1538482819,829351147,/world,vicon/IMUframe/IMUframe,-0.256935408692,0.0310271228771,1.62366345616,0.0233457054782,-0.116310048088,0.268046507657,0.956074275609
2018/10/02/14:20:19.855059,9417,1538482819,839322369,/world,vicon/IMUframe/IMUframe,-0.257844182266,0.0278269820987,1.62043066043,0.0424380340527,-0.129154671953,0.26940965901,0.953381623281
2018/10/02/14:20:19.865072,9418,1538482819,849313685,/world,vicon/IMUframe/IMUframe,-0.258696641194,0.0247801461914,1.61712314392,0.0612964004982,-0.142179731449,0.269891666166,0.950361070218
2018/10/02/14:20:19.875179,9419,1538482819,859338224,/world,vicon/IMUframe/IMUframe,-0.259427880108,0.021928882933,1.61374784165,0.0797341148362,-0.154806973889,0.270158675183,0.946937992685
2018/10/02/14:20:19.884793,9420,1538482819,869319532,/world,vicon/IMUframe/IMUframe,-0.260282862184,0.0193985495695,1.61042692668,0.0974814095668,-0.167133688037,0.269904903822,0.94324707686
2018/10/02/14:20:19.894905,9421,1538482819,879304519,/world,vicon/IMUframe/IMUframe,-0.261232858015,0.0171939948242,1.60712190495,0.114484599736,-0.178796724648,0.268732988472,0.939525193162
2018/10/02/14:20:19.904992,9422,1538482819,889353422,/world,vicon/IMUframe/IMUframe,-0.261753890088,0.0149071992389,1.60399185545,0.130745891895,-0.18992286903,0.268661500016,0.935230353432
2018/10/02/14:20:19.915312,9423,1538482819,899358272,/world,vicon/IMUframe/IMUframe,-0.262356856862,0.012906323174,1.60096962024,0.145249796276,-0.200655646762,0.268817958375,0.930793593317
2018/10/02/14:20:19.925329,9424,1538482819,909318669,/world,vicon/IMUframe/IMUframe,-0.262976163529,0.010924958337,1.59803814741,0.158773060608,-0.21080936051,0.269325264013,0.926182720046
2018/10/02/14:20:19.935215,9425,1538482819,919347688,/world,vicon/IMUframe/IMUframe,-0.263654775496,0.00902204836147,1.59507073331,0.171169120348,-0.22079368511,0.269899674323,0.921469178353
2018/10/02/14:20:19.944986,9426,1538482819,929320099,/world,vicon/IMUframe/IMUframe,-0.26435747324,0.00706697095053,1.59204147556,0.183181648571,-0.230865244647,0.27021774249,0.91658501738
2018/10/02/14:20:19.954767,9427,1538482819,939318376,/world,vicon/IMUframe/IMUframe,-0.265052136329,0.00511287419192,1.58892578771,0.194999401409,-0.24108977099,0.270334619664,0.911465934188
2018/10/02/14:20:19.965008,9428,1538482819,949366597,/world,vicon/IMUframe/IMUframe,-0.265745659882,0.00318069780402,1.58582771238,0.206622797778,-0.250918241808,0.270857164636,0.906081371474
2018/10/02/14:20:19.974644,9429,1538482819,959345310,/world,vicon/IMUframe/IMUframe,-0.266111094355,0.00163116816284,1.58279396838,0.217831143087,-0.259755972105,0.271940305986,0.90062472653
2018/10/02/14:20:19.984723,9430,1538482819,969341280,/world,vicon/IMUframe/IMUframe,-0.266302918608,0.000110676907802,1.57983312908,0.228984365586,-0.267882659449,0.273466205622,0.894997919253
2018/10/02/14:20:19.994721,9431,1538482819,979337350,/world,vicon/IMUframe/IMUframe,-0.266319996657,-0.00125049367948,1.57687934433,0.239824719586,-0.275051543099,0.275089537023,0.889469785398
2018/10/02/14:20:20.004869,9432,1538482819,989317966,/world,vicon/IMUframe/IMUframe,-0.266203181065,-0.00271253962864,1.57384059718,0.251069308858,-0.281705605439,0.276586868973,0.883801933651
2018/10/02/14:20:20.014933,9433,1538482819,999384880,/world,vicon/IMUframe/IMUframe,-0.266203254412,-0.00407283283913,1.57099462157,0.261705735366,-0.28756094587,0.277603671116,0.878495880622
2018/10/02/14:20:20.024961,9434,1538482820,9359799,/world,vicon/IMUframe/IMUframe,-0.266176844462,-0.00530126790527,1.56794251503,0.272821685675,-0.293436057379,0.278195103661,0.872966833479
2018/10/02/14:20:20.034887,9435,1538482820,19318367,/world,vicon/IMUframe/IMUframe,-0.26620814315,-0.00637203708083,1.56481783664,0.283722404399,-0.299036237061,0.278440962731,0.867496142032
2018/10/02/14:20:20.045004,9436,1538482820,29333092,/world,vicon/IMUframe/IMUframe,-0.266331784928,-0.00732731167861,1.56156011985,0.294481266065,-0.304572712526,0.278604314755,0.861914080707
2018/10/02/14:20:20.055038,9437,1538482820,39350815,/world,vicon/IMUframe/IMUframe,-0.266353621549,-0.00843505832171,1.55842753573,0.305110669255,-0.309824009545,0.278277500056,0.85643341573
2018/10/02/14:20:20.064963,9438,1538482820,49332855,/world,vicon/IMUframe/IMUframe,-0.266531834629,-0.00928728798106,1.55520572349,0.315713906067,-0.314793390688,0.277508915503,0.851010371565
2018/10/02/14:20:20.074682,9439,1538482820,59346692,/world,vicon/IMUframe/IMUframe,-0.266725021898,-0.0100190559476,1.55214467284,0.326020211046,-0.319084047531,0.276264720043,0.84591606975
2018/10/02/14:20:20.085000,9440,1538482820,69326352,/world,vicon/IMUframe/IMUframe,-0.266908123297,-0.0106497823835,1.54899039621,0.335758333478,-0.323330068418,0.274985483421,0.840896540761
2018/10/02/14:20:20.095032,9441,1538482820,79347441,/world,vicon/IMUframe/IMUframe,-0.267203926096,-0.0112627833083,1.54574015393,0.345270509352,-0.327186194953,0.273295562175,0.836090309058
2018/10/02/14:20:20.104948,9442,1538482820,89326330,/world,vicon/IMUframe/IMUframe,-0.267598755538,-0.0119837388424,1.54241249387,0.354653416968,-0.330697829676,0.271282219041,0.831423993467
2018/10/02/14:20:20.114995,9443,1538482820,99354563,/world,vicon/IMUframe/IMUframe,-0.268020175203,-0.0126163271477,1.53886373874,0.364097293023,-0.333962269033,0.26905806906,0.826746708218
2018/10/02/14:20:20.125005,9444,1538482820,109345931,/world,vicon/IMUframe/IMUframe,-0.268565908927,-0.0130388239371,1.53524683009,0.373596391166,-0.336885277596,0.266258367822,0.822216837466
2018/10/02/14:20:20.135055,9445,1538482820,119335526,/world,vicon/IMUframe/IMUframe,-0.268893312352,-0.0135920465603,1.53132580474,0.384408654696,-0.340802389072,0.263359830846,0.816532496165
2018/10/02/14:20:20.145157,9446,1538482820,129371305,/world,vicon/IMUframe/IMUframe,-0.26934992498,-0.0138190802128,1.52750601713,0.395154929082,-0.343828672659,0.260278958377,0.811103747807
2018/10/02/14:20:20.155249,9447,1538482820,139368770,/world,vicon/IMUframe/IMUframe,-0.269777056082,-0.0138678756701,1.52374266392,0.406286138476,-0.346890662769,0.256876710578,0.805365008756
2018/10/02/14:20:20.165243,9448,1538482820,149311825,/world,vicon/IMUframe/IMUframe,-0.27020340891,-0.0137143238957,1.52002787206,0.417500112959,-0.350469400263,0.253245577492,0.799206814685
2018/10/02/14:20:20.175004,9449,1538482820,159324431,/world,vicon/IMUframe/IMUframe,-0.270511219454,-0.0133488652914,1.51636236072,0.427778607435,-0.353707391752,0.249637493432,0.79345930325
2018/10/02/14:20:20.184904,9450,1538482820,169303607,/world,vicon/IMUframe/IMUframe,-0.270801988629,-0.0130048338452,1.51265292964,0.438016236611,-0.357265537147,0.245964895589,0.787403570331
2018/10/02/14:20:20.194872,9451,1538482820,179304210,/world,vicon/IMUframe/IMUframe,-0.271102373465,-0.0126584837937,1.50888924007,0.44804545328,-0.361024407311,0.24224072845,0.781176086808
2018/10/02/14:20:20.204991,9452,1538482820,189343170,/world,vicon/IMUframe/IMUframe,-0.271348386136,-0.012167510694,1.50507697301,0.45815407011,-0.364693061943,0.238491437425,0.774735860075
2018/10/02/14:20:20.215012,9453,1538482820,199381335,/world,vicon/IMUframe/IMUframe,-0.271291040368,-0.0114746594571,1.5014768657,0.468109654896,-0.369005079596,0.235127525486,0.767739310563
2018/10/02/14:20:20.224999,9454,1538482820,209353328,/world,vicon/IMUframe/IMUframe,-0.271066423504,-0.0106703022018,1.49789222992,0.477402084947,-0.373870258634,0.232608478222,0.760395669935
2018/10/02/14:20:20.235313,9455,1538482820,219345176,/world,vicon/IMUframe/IMUframe,-0.270975705391,-0.00989690848319,1.49450834921,0.486237531948,-0.37825762681,0.230199973306,0.753327420565
2018/10/02/14:20:20.245186,9456,1538482820,229353041,/world,vicon/IMUframe/IMUframe,-0.270717623445,-0.00916788871979,1.49128045545,0.494800510405,-0.382429572289,0.228254949312,0.74620356154
2018/10/02/14:20:20.255108,9457,1538482820,239320387,/world,vicon/IMUframe/IMUframe,-0.270424151682,-0.00841428859162,1.48810566756,0.502789934001,-0.386480822101,0.226488313625,0.739282016694
2018/10/02/14:20:20.265038,9458,1538482820,249339561,/world,vicon/IMUframe/IMUframe,-0.270118784483,-0.00758912924764,1.48501450811,0.510148950214,-0.390581930253,0.224831447352,0.7325603215
2018/10/02/14:20:20.274892,9459,1538482820,259324556,/world,vicon/IMUframe/IMUframe,-0.269808711955,-0.00676562688756,1.4820792316,0.517183438136,-0.394645079167,0.223150162081,0.725934265598
2018/10/02/14:20:20.285068,9460,1538482820,269305542,/world,vicon/IMUframe/IMUframe,-0.269405184476,-0.00600654012179,1.47924696503,0.52346762474,-0.398876514196,0.222357615834,0.719330426822
2018/10/02/14:20:20.295117,9461,1538482820,279412983,/world,vicon/IMUframe/IMUframe,-0.268904690816,-0.00530249564494,1.47674805792,0.52901176964,-0.403277303266,0.221958151925,0.712915523079
2018/10/02/14:20:20.305062,9462,1538482820,289357597,/world,vicon/IMUframe/IMUframe,-0.268514526501,-0.00463283433543,1.47470010814,0.533645083611,-0.407435941873,0.222016052082,0.707055691319
2018/10/02/14:20:20.314998,9463,1538482820,299320874,/world,vicon/IMUframe/IMUframe,-0.268033603567,-0.004240007412,1.47295458622,0.536790916038,-0.411289652934,0.222369515133,0.702316262511
2018/10/02/14:20:20.325089,9464,1538482820,309323624,/world,vicon/IMUframe/IMUframe,-0.267681946275,-0.00404631410779,1.47139700207,0.538573677353,-0.414558987988,0.223051217771,0.698804259998
2018/10/02/14:20:20.334855,9465,1538482820,319305263,/world,vicon/IMUframe/IMUframe,-0.267333319139,-0.00409209232338,1.46982864445,0.539751383368,-0.41663240484,0.223333761371,0.69656867172
2018/10/02/14:20:20.344909,9466,1538482820,329308579,/world,vicon/IMUframe/IMUframe,-0.267256885817,-0.00439931148939,1.46847298169,0.539617927999,-0.418368897159,0.223496141789,0.695578487504
2018/10/02/14:20:20.354855,9467,1538482820,339392939,/world,vicon/IMUframe/IMUframe,-0.267358560844,-0.00466283614657,1.46731060826,0.539029087056,-0.419358992034,0.223570663046,0.695414867351
2018/10/02/14:20:20.365195,9468,1538482820,349325570,/world,vicon/IMUframe/IMUframe,-0.267527127609,-0.00505032441235,1.46641391378,0.538263334116,-0.419757149143,0.223175953332,0.695894397696
2018/10/02/14:20:20.375057,9469,1538482820,359392510,/world,vicon/IMUframe/IMUframe,-0.267768489492,-0.00533553747554,1.46532253196,0.536774358591,-0.420089924707,0.223417994234,0.696765486352
2018/10/02/14:20:20.385452,9470,1538482820,369327006,/world,vicon/IMUframe/IMUframe,-0.268196163423,-0.00577846440303,1.46465132515,0.535830356664,-0.420236866172,0.222958150497,0.697550333893
2018/10/02/14:20:20.394880,9471,1538482820,379350538,/world,vicon/IMUframe/IMUframe,-0.268574798484,-0.00610304392901,1.46384037063,0.534975901477,-0.419785661557,0.221972754035,0.698791012861
2018/10/02/14:20:20.404956,9472,1538482820,389326054,/world,vicon/IMUframe/IMUframe,-0.269020132757,-0.00639582842334,1.46309232206,0.534177961737,-0.419087003698,0.220765430891,0.700201837365
2018/10/02/14:20:20.414895,9473,1538482820,399412445,/world,vicon/IMUframe/IMUframe,-0.269502480018,-0.00661965760173,1.46236566011,0.533308641694,-0.418040270767,0.219592799933,0.70185698467
2018/10/02/14:20:20.424973,9474,1538482820,409327644,/world,vicon/IMUframe/IMUframe,-0.2699759405,-0.00697366972213,1.46187881445,0.532526529286,-0.416935777739,0.218312267246,0.703505370852
2018/10/02/14:20:20.434913,9475,1538482820,419360127,/world,vicon/IMUframe/IMUframe,-0.27040198157,-0.00708532181851,1.46140400395,0.531323774781,-0.415614872797,0.217178632115,0.705544304502
2018/10/02/14:20:20.444947,9476,1538482820,429336282,/world,vicon/IMUframe/IMUframe,-0.270864866963,-0.00764797071743,1.46125876213,0.530214850088,-0.413925734422,0.21612223047,0.707692645592
2018/10/02/14:20:20.455090,9477,1538482820,439361141,/world,vicon/IMUframe/IMUframe,-0.271127190129,-0.00812664958659,1.46118787266,0.528567689306,-0.412063188473,0.214944560601,0.710365372464
2018/10/02/14:20:20.464934,9478,1538482820,449371152,/world,vicon/IMUframe/IMUframe,-0.271521615959,-0.0086152462211,1.46130788928,0.526415985077,-0.410149467049,0.214225793413,0.713281806001
2018/10/02/14:20:20.474989,9479,1538482820,459347055,/world,vicon/IMUframe/IMUframe,-0.271957679321,-0.0093140207551,1.46161923394,0.523757186845,-0.407936525722,0.213350983858,0.716761855777
2018/10/02/14:20:20.484863,9480,1538482820,469334326,/world,vicon/IMUframe/IMUframe,-0.272519683791,-0.00984207642072,1.46231016436,0.520855922286,-0.405227919682,0.212027162604,0.72079395367
2018/10/02/14:20:20.495371,9481,1538482820,479350836,/world,vicon/IMUframe/IMUframe,-0.273201249197,-0.0104743758921,1.4631536197,0.517075794422,-0.401775019588,0.211043594457,0.72572037156
2018/10/02/14:20:20.505385,9482,1538482820,489356297,/world,vicon/IMUframe/IMUframe,-0.273936931031,-0.0111282758212,1.46439332107,0.512815725058,-0.397657548942,0.209027653327,0.731570875615
2018/10/02/14:20:20.515193,9483,1538482820,499334102,/world,vicon/IMUframe/IMUframe,-0.274742113827,-0.0118703962832,1.46584542797,0.507778495148,-0.392709267402,0.207043663698,0.738290831911
2018/10/02/14:20:20.525257,9484,1538482820,509273835,/world,vicon/IMUframe/IMUframe,-0.275579215524,-0.0126363806133,1.46753884111,0.502079448624,-0.386876302767,0.204968563502,0.745808850579
2018/10/02/14:20:20.534958,9485,1538482820,519326627,/world,vicon/IMUframe/IMUframe,-0.276491467891,-0.0131562085743,1.46967383157,0.496150705806,-0.380291154542,0.20252645039,0.75378786923
2018/10/02/14:20:20.545161,9486,1538482820,529325589,/world,vicon/IMUframe/IMUframe,-0.27771460718,-0.0139216781951,1.47224314122,0.489163464173,-0.373194147302,0.198799223431,0.76283949983
2018/10/02/14:20:20.555543,9487,1538482820,539324829,/world,vicon/IMUframe/IMUframe,-0.27873157278,-0.0143534751145,1.47516028953,0.482044430779,-0.365267304736,0.194880684222,0.772162212079
2018/10/02/14:20:20.565447,9488,1538482820,549324633,/world,vicon/IMUframe/IMUframe,-0.279961885735,-0.0148266381391,1.47844701211,0.473804779675,-0.356040212852,0.190423450367,0.782613127375
2018/10/02/14:20:20.575440,9489,1538482820,559351948,/world,vicon/IMUframe/IMUframe,-0.281261537059,-0.0152950824877,1.48195824076,0.464353002275,-0.345677010221,0.185868557266,0.793937386261
2018/10/02/14:20:20.585089,9490,1538482820,569327234,/world,vicon/IMUframe/IMUframe,-0.282620550912,-0.0156903376855,1.48579565336,0.453983034315,-0.334289758953,0.180915375806,0.805865614362
2018/10/02/14:20:20.594881,9491,1538482820,579347864,/world,vicon/IMUframe/IMUframe,-0.283810323539,-0.0160515680896,1.49000434091,0.442814168079,-0.322921909831,0.175712287343,0.81777884833
2018/10/02/14:20:20.605068,9492,1538482820,589309744,/world,vicon/IMUframe/IMUframe,-0.285152848648,-0.0163336658909,1.49450507852,0.430908091509,-0.311101229112,0.170285432051,0.829781364908
2018/10/02/14:20:20.614952,9493,1538482820,599383515,/world,vicon/IMUframe/IMUframe,-0.286601457605,-0.0164974341001,1.49937128476,0.418169292696,-0.298988199473,0.164562179341,0.841819332371
2018/10/02/14:20:20.625286,9494,1538482820,609313109,/world,vicon/IMUframe/IMUframe,-0.288006766099,-0.0167014527434,1.50446206083,0.404370605818,-0.286959518231,0.158279034652,0.8538655604
2018/10/02/14:20:20.635139,9495,1538482820,619329794,/world,vicon/IMUframe/IMUframe,-0.28917424139,-0.0168795672353,1.50958602573,0.389388373639,-0.274642818209,0.151998783744,0.865935555698
2018/10/02/14:20:20.645011,9496,1538482820,629357177,/world,vicon/IMUframe/IMUframe,-0.290376622358,-0.0169498177149,1.51487967211,0.373603804376,-0.261888962859,0.145710460315,0.877839865945
2018/10/02/14:20:20.654891,9497,1538482820,639337723,/world,vicon/IMUframe/IMUframe,-0.291473308478,-0.0166751180435,1.52017544899,0.357060890982,-0.248682830473,0.13932911919,0.889523336684
2018/10/02/14:20:20.665212,9498,1538482820,649329469,/world,vicon/IMUframe/IMUframe,-0.292285326063,-0.0163711526007,1.52567749389,0.339440467462,-0.234938453707,0.133450585704,0.900985589893
2018/10/02/14:20:20.674955,9499,1538482820,659332200,/world,vicon/IMUframe/IMUframe,-0.292852944162,-0.0158428417854,1.53107772191,0.321482101828,-0.220638114887,0.12791468461,0.911924291772
2018/10/02/14:20:20.684972,9500,1538482820,669328957,/world,vicon/IMUframe/IMUframe,-0.293263680853,-0.0152706031295,1.53661412038,0.302972152369,-0.206055036872,0.122350134934,0.922377168598
2018/10/02/14:20:20.694795,9501,1538482820,679352047,/world,vicon/IMUframe/IMUframe,-0.293330952361,-0.0144191221028,1.5419360104,0.284502011323,-0.191152798148,0.116976891625,0.932113523204
2018/10/02/14:20:20.704851,9502,1538482820,689344175,/world,vicon/IMUframe/IMUframe,-0.293244703623,-0.013394111622,1.5473452119,0.266552618579,-0.176367979709,0.11204201732,0.940898838142
2018/10/02/14:20:20.714678,9503,1538482820,699416944,/world,vicon/IMUframe/IMUframe,-0.292823640687,-0.0121598045093,1.55261852777,0.249057864173,-0.161445050079,0.107874607125,0.948824928654
2018/10/02/14:20:20.724850,9504,1538482820,709416871,/world,vicon/IMUframe/IMUframe,-0.292199464205,-0.0107590009691,1.5576482956,0.231742464382,-0.146736048793,0.103873603404,0.956019998066
2018/10/02/14:20:20.734952,9505,1538482820,719409133,/world,vicon/IMUframe/IMUframe,-0.291285150946,-0.00912078288881,1.562482281,0.215674141764,-0.132221738787,0.101173188898,0.962167377443
2018/10/02/14:20:20.744927,9506,1538482820,729423160,/world,vicon/IMUframe/IMUframe,-0.290168464793,-0.00743770073844,1.56711836874,0.200321039575,-0.118044912831,0.0988395353395,0.967557556899
2018/10/02/14:20:20.754936,9507,1538482820,739304105,/world,vicon/IMUframe/IMUframe,-0.288854672557,-0.00567159782697,1.57151984889,0.185917749056,-0.104256358432,0.0968913451679,0.9722022781
2018/10/02/14:20:20.764997,9508,1538482820,749414811,/world,vicon/IMUframe/IMUframe,-0.287378676279,-0.00375133530892,1.57577179659,0.172667961857,-0.0908146950059,0.0953323772677,0.976140463234
2018/10/02/14:20:20.775177,9509,1538482820,759384248,/world,vicon/IMUframe/IMUframe,-0.285695873271,-0.00172992063132,1.57966541315,0.160378180215,-0.077889623558,0.0939031125966,0.979486728495
2018/10/02/14:20:20.785249,9510,1538482820,769335851,/world,vicon/IMUframe/IMUframe,-0.283949476713,0.000371102725715,1.58333086812,0.149000482145,-0.065273692708,0.0926112272221,0.982324468775
2018/10/02/14:20:20.795146,9511,1538482820,779324179,/world,vicon/IMUframe/IMUframe,-0.282017557363,0.00257286810854,1.58685566267,0.138476052497,-0.0528829226912,0.0919547004831,0.984668529218
2018/10/02/14:20:20.805254,9512,1538482820,789329390,/world,vicon/IMUframe/IMUframe,-0.279906598354,0.00483341843145,1.59024759001,0.128271224972,-0.0401958834646,0.0917267990047,0.986669639819
2018/10/02/14:20:20.815176,9513,1538482820,799328008,/world,vicon/IMUframe/IMUframe,-0.277838522179,0.00701994599335,1.59353166339,0.118507219252,-0.0281039087277,0.0912182557412,0.988354915564
2018/10/02/14:20:20.825218,9514,1538482820,809328250,/world,vicon/IMUframe/IMUframe,-0.275614614082,0.00931542272511,1.59663663582,0.108739729257,-0.0158465275536,0.0913139461411,0.989740532708
2018/10/02/14:20:20.835296,9515,1538482820,819308972,/world,vicon/IMUframe/IMUframe,-0.27350489645,0.0116402444163,1.59966346228,0.0987414245198,-0.00396260580935,0.0910195573893,0.990933836849
2018/10/02/14:20:20.845218,9516,1538482820,829330112,/world,vicon/IMUframe/IMUframe,-0.271475422862,0.0139620372669,1.60254607837,0.088522597123,0.00741440573459,0.090279909199,0.991946729609
2018/10/02/14:20:20.855294,9517,1538482820,839326515,/world,vicon/IMUframe/IMUframe,-0.269535645907,0.0162539184878,1.60522036223,0.0786798591553,0.0180079048078,0.0893347680728,0.992725790106
2018/10/02/14:20:20.865376,9518,1538482820,849326610,/world,vicon/IMUframe/IMUframe,-0.267710105646,0.018624399172,1.60786117549,0.0685913510263,0.0279706554852,0.0880647419508,0.993356668182
2018/10/02/14:20:20.875212,9519,1538482820,859326572,/world,vicon/IMUframe/IMUframe,-0.265992290319,0.0210635752552,1.61039002482,0.0581260298378,0.0374762432067,0.0864456247719,0.993853132917
2018/10/02/14:20:20.885373,9520,1538482820,869310419,/world,vicon/IMUframe/IMUframe,-0.264330018088,0.0234934383864,1.61283318809,0.0479723958807,0.046355608075,0.0849482662991,0.994149686358
2018/10/02/14:20:20.895223,9521,1538482820,879339241,/world,vicon/IMUframe/IMUframe,-0.262649572707,0.0258893977267,1.61528246769,0.0374330581739,0.0550838934149,0.083514638829,0.994278550479
2018/10/02/14:20:20.905187,9522,1538482820,889334132,/world,vicon/IMUframe/IMUframe,-0.260934299091,0.0284232556778,1.61753066158,0.0276356124249,0.0639986609686,0.082774229292,0.994127190698
2018/10/02/14:20:20.915104,9523,1538482820,899313875,/world,vicon/IMUframe/IMUframe,-0.259143280199,0.0310834048382,1.61978582757,0.0170663418412,0.0730639452,0.0825214986688,0.993760837498
2018/10/02/14:20:20.924788,9524,1538482820,909353262,/world,vicon/IMUframe/IMUframe,-0.257325755247,0.0336865275079,1.62194531492,0.00667717402562,0.0820139608984,0.0822111522309,0.993212188817
2018/10/02/14:20:20.935112,9525,1538482820,919296784,/world,vicon/IMUframe/IMUframe,-0.255600805089,0.0364790707915,1.623983872,-0.00367762240485,0.0908187338961,0.0818829732182,0.99248859508
2018/10/02/14:20:20.945020,9526,1538482820,929317253,/world,vicon/IMUframe/IMUframe,-0.253995057432,0.0389698951124,1.625854993,-0.0140284460999,0.099081529809,0.0816017687009,0.991628561759
2018/10/02/14:20:20.955121,9527,1538482820,939328885,/world,vicon/IMUframe/IMUframe,-0.252402751808,0.0416034012598,1.62767185229,-0.0244288954181,0.106875896305,0.0816262570562,0.990614923175
2018/10/02/14:20:20.965225,9528,1538482820,949328511,/world,vicon/IMUframe/IMUframe,-0.250904484355,0.044093074831,1.62936544947,-0.034951039531,0.114042551053,0.0820869572082,0.989461698522
2018/10/02/14:20:20.974944,9529,1538482820,959309686,/world,vicon/IMUframe/IMUframe,-0.249643205836,0.0470052481796,1.63102121769,-0.0450599950699,0.120820526474,0.0816328643486,0.988285420658
2018/10/02/14:20:20.985032,9530,1538482820,969364675,/world,vicon/IMUframe/IMUframe,-0.248286634009,0.0495743043257,1.6324930677,-0.0550616475755,0.127256018751,0.082214421649,0.986921936898
2018/10/02/14:20:20.994846,9531,1538482820,979405420,/world,vicon/IMUframe/IMUframe,-0.247169856741,0.0522415094758,1.63369481968,-0.0649455344776,0.133208811372,0.0828044669675,0.985485114233
2018/10/02/14:20:21.004988,9532,1538482820,989337292,/world,vicon/IMUframe/IMUframe,-0.246173062731,0.0549301835263,1.63477730083,-0.0747539989759,0.13867760317,0.0835613130606,0.983970461435
2018/10/02/14:20:21.014930,9533,1538482820,999400302,/world,vicon/IMUframe/IMUframe,-0.245039985647,0.0575385193093,1.63588309786,-0.0840959118116,0.143539658194,0.0845441676779,0.982433981423
2018/10/02/14:20:21.024738,9534,1538482821,9378045,/world,vicon/IMUframe/IMUframe,-0.243976123523,0.0601102986988,1.63676799919,-0.0931188674656,0.147734037544,0.086005220048,0.98087034454
2018/10/02/14:20:21.034716,9535,1538482821,19414925,/world,vicon/IMUframe/IMUframe,-0.24292508066,0.0626316689329,1.63756274804,-0.101882505092,0.151290704078,0.0878880104346,0.979288913262
2018/10/02/14:20:21.044963,9536,1538482821,29396630,/world,vicon/IMUframe/IMUframe,-0.241839345263,0.065009666484,1.63828076038,-0.110244108182,0.154131827971,0.0903261066334,0.977717142469
2018/10/02/14:20:21.055172,9537,1538482821,39408434,/world,vicon/IMUframe/IMUframe,-0.240907793399,0.0674572437842,1.63883419838,-0.118559197624,0.15641905876,0.092892700898,0.976139201567
2018/10/02/14:20:21.065181,9538,1538482821,49403799,/world,vicon/IMUframe/IMUframe,-0.240244459406,0.0698367381334,1.63931956344,-0.126282751185,0.157685404335,0.0960700149475,0.974658161737
2018/10/02/14:20:21.075089,9539,1538482821,59347381,/world,vicon/IMUframe/IMUframe,-0.239814969448,0.0720513609801,1.63960303571,-0.133765639652,0.158216529681,0.0997810760537,0.973199887097
2018/10/02/14:20:21.085016,9540,1538482821,69327902,/world,vicon/IMUframe/IMUframe,-0.239276530543,0.074080634705,1.63990763977,-0.141002725553,0.157859539928,0.104027723502,0.971790527729
2018/10/02/14:20:21.094860,9541,1538482821,79306483,/world,vicon/IMUframe/IMUframe,-0.238913746762,0.0759791273045,1.64002271407,-0.147238561379,0.156889533398,0.108271395859,0.970558491381
2018/10/02/14:20:21.104906,9542,1538482821,89316601,/world,vicon/IMUframe/IMUframe,-0.238721997494,0.077665292958,1.64005928034,-0.153022725863,0.155635490208,0.112344826768,0.969402021586
2018/10/02/14:20:21.114830,9543,1538482821,99417910,/world,vicon/IMUframe/IMUframe,-0.238502006398,0.0789782500109,1.63999285496,-0.158126986841,0.153997182531,0.116479861665,0.968355908554
2018/10/02/14:20:21.125222,9544,1538482821,109397694,/world,vicon/IMUframe/IMUframe,-0.238545587919,0.0804517341494,1.64001746836,-0.162791027197,0.151558915025,0.121146389436,0.967394712135
2018/10/02/14:20:21.135197,9545,1538482821,119421517,/world,vicon/IMUframe/IMUframe,-0.238538264225,0.081676247829,1.63989139924,-0.166820478612,0.149091965142,0.125800336673,0.966497174925
2018/10/02/14:20:21.145590,9546,1538482821,129335865,/world,vicon/IMUframe/IMUframe,-0.238971637776,0.0828554290203,1.63968761637,-0.169941858028,0.145802914567,0.130011874782,0.965897607104
2018/10/02/14:20:21.155032,9547,1538482821,139353919,/world,vicon/IMUframe/IMUframe,-0.239174379828,0.0839260234272,1.6394392003,-0.172964934302,0.14277324321,0.133728245648,0.965306007876
2018/10/02/14:20:21.165134,9548,1538482821,149358583,/world,vicon/IMUframe/IMUframe,-0.239356369591,0.0847887530467,1.63918086722,-0.175825503077,0.139565878515,0.137080417823,0.964787913
2018/10/02/14:20:21.175284,9549,1538482821,159370772,/world,vicon/IMUframe/IMUframe,-0.239883409631,0.0856622336423,1.63896129763,-0.17835145402,0.136663224156,0.139489005158,0.964394493686
2018/10/02/14:20:21.185253,9550,1538482821,169354386,/world,vicon/IMUframe/IMUframe,-0.24017335704,0.0869799588057,1.63869720264,-0.180423774576,0.133727024513,0.141726573267,0.96409435374
2018/10/02/14:20:21.195206,9551,1538482821,179338934,/world,vicon/IMUframe/IMUframe,-0.240851609846,0.0874146570023,1.63839756907,-0.182014467166,0.130534277277,0.143502716635,0.963970179267
2018/10/02/14:20:21.205039,9552,1538482821,189323168,/world,vicon/IMUframe/IMUframe,-0.241650795558,0.0877143044742,1.63806879716,-0.183181635185,0.127130992118,0.14483193709,0.964005139702
2018/10/02/14:20:21.214947,9553,1538482821,199319369,/world,vicon/IMUframe/IMUframe,-0.242431028385,0.087802593289,1.6377815899,-0.183896260205,0.123630298378,0.145522611463,0.964220350521
2018/10/02/14:20:21.224857,9554,1538482821,209336980,/world,vicon/IMUframe/IMUframe,-0.243202860351,0.0877266730608,1.63739493843,-0.183681365799,0.120078498671,0.146580467085,0.964549882942
2018/10/02/14:20:21.234918,9555,1538482821,219397769,/world,vicon/IMUframe/IMUframe,-0.243978298321,0.0878184821322,1.63702952468,-0.182852906119,0.117038982754,0.146806558849,0.965046385164
2018/10/02/14:20:21.245094,9556,1538482821,229421142,/world,vicon/IMUframe/IMUframe,-0.244597222706,0.0877110517258,1.63667581614,-0.181742834965,0.114162270564,0.147053053281,0.965563005422
2018/10/02/14:20:21.254936,9557,1538482821,239415304,/world,vicon/IMUframe/IMUframe,-0.245163082428,0.08786798517,1.63636851617,-0.180283133195,0.11211468089,0.146916248748,0.966097254974
2018/10/02/14:20:21.265071,9558,1538482821,249372164,/world,vicon/IMUframe/IMUframe,-0.245687229074,0.0878971919337,1.63623532333,-0.179523495875,0.110290577258,0.146093026149,0.966573396441
2018/10/02/14:20:21.275314,9559,1538482821,259364137,/world,vicon/IMUframe/IMUframe,-0.246155931003,0.0881289185361,1.63615969971,-0.178738526868,0.10870453697,0.145261202769,0.9670238082
2018/10/02/14:20:21.285063,9560,1538482821,269339885,/world,vicon/IMUframe/IMUframe,-0.246564457399,0.0883801042418,1.63610940149,-0.178568969735,0.107496811038,0.144475949048,0.967307737388
2018/10/02/14:20:21.295282,9561,1538482821,279357475,/world,vicon/IMUframe/IMUframe,-0.246851955225,0.0886257811701,1.63609818674,-0.178871337504,0.10656211369,0.143950483768,0.967433624994
2018/10/02/14:20:21.305433,9562,1538482821,289335366,/world,vicon/IMUframe/IMUframe,-0.247262196042,0.0889051149696,1.63628379263,-0.179975354168,0.105937920158,0.142731521136,0.967478031709
2018/10/02/14:20:21.315272,9563,1538482821,299341570,/world,vicon/IMUframe/IMUframe,-0.247894460777,0.0894699814372,1.63649541058,-0.181395255651,0.105670898614,0.140354112068,0.967589864374
2018/10/02/14:20:21.325480,9564,1538482821,309333672,/world,vicon/IMUframe/IMUframe,-0.248297847792,0.0895710266351,1.63684925138,-0.183646316283,0.105276247545,0.138432178084,0.967485128717
2018/10/02/14:20:21.335019,9565,1538482821,319320615,/world,vicon/IMUframe/IMUframe,-0.248758424393,0.0900724819681,1.63713818406,-0.185530967955,0.105095115788,0.136263234174,0.967453155238
2018/10/02/14:20:21.345034,9566,1538482821,329339669,/world,vicon/IMUframe/IMUframe,-0.249141758673,0.0909474456117,1.63760545207,-0.187330060686,0.105404341076,0.133226339691,0.967495796197
2018/10/02/14:20:21.354853,9567,1538482821,339390574,/world,vicon/IMUframe/IMUframe,-0.24939960899,0.0917298592522,1.63802369751,-0.189421566699,0.105737700815,0.130499848434,0.967423794546
2018/10/02/14:20:21.365232,9568,1538482821,349385074,/world,vicon/IMUframe/IMUframe,-0.249639930297,0.0927539564611,1.63851832856,-0.191638002019,0.106441233831,0.127186648404,0.967351382069
2018/10/02/14:20:21.375323,9569,1538482821,359394232,/world,vicon/IMUframe/IMUframe,-0.249791508781,0.0940597610792,1.63905378466,-0.194164521853,0.107362031093,0.123414459489,0.967234410018
2018/10/02/14:20:21.385136,9570,1538482821,369362961,/world,vicon/IMUframe/IMUframe,-0.249969433541,0.0953970816562,1.63967058252,-0.197229913549,0.10846150294,0.120285303488,0.966885675427
2018/10/02/14:20:21.394835,9571,1538482821,379341358,/world,vicon/IMUframe/IMUframe,-0.249939803346,0.0967980266495,1.6404309119,-0.200928469988,0.109676876979,0.117299877424,0.966353698891
2018/10/02/14:20:21.405065,9572,1538482821,389372830,/world,vicon/IMUframe/IMUframe,-0.249788841608,0.0985574899971,1.64128953094,-0.205232959764,0.111187462891,0.114408315406,0.965622865144
2018/10/02/14:20:21.414945,9573,1538482821,399431577,/world,vicon/IMUframe/IMUframe,-0.249598544717,0.100233248838,1.64221248242,-0.210268280226,0.113175472151,0.111611081801,0.964635438523
2018/10/02/14:20:21.425088,9574,1538482821,409342718,/world,vicon/IMUframe/IMUframe,-0.249296335953,0.102040169678,1.64320444566,-0.215931367309,0.115307474384,0.109082234764,0.96342041551
2018/10/02/14:20:21.434917,9575,1538482821,419387444,/world,vicon/IMUframe/IMUframe,-0.248785404083,0.103908709271,1.64425231185,-0.222011307718,0.117776159086,0.106641451544,0.962012139429
2018/10/02/14:20:21.444836,9576,1538482821,429309841,/world,vicon/IMUframe/IMUframe,-0.248384353285,0.105871205548,1.64518259613,-0.228622862512,0.120845122289,0.104827447206,0.960280818026
2018/10/02/14:20:21.454912,9577,1538482821,439372328,/world,vicon/IMUframe/IMUframe,-0.247757777102,0.10776588553,1.64633798211,-0.235272029792,0.124029335279,0.103222528313,0.958440872269
2018/10/02/14:20:21.464987,9578,1538482821,449410208,/world,vicon/IMUframe/IMUframe,-0.247007166639,0.109755156594,1.64730182802,-0.242634802623,0.127951943426,0.102044725531,0.956213117836
2018/10/02/14:20:21.475303,9579,1538482821,459360032,/world,vicon/IMUframe/IMUframe,-0.246117962108,0.111966334162,1.64817422355,-0.250408205865,0.132581602919,0.101014763671,0.953684364202
2018/10/02/14:20:21.485479,9580,1538482821,469409851,/world,vicon/IMUframe/IMUframe,-0.245103045517,0.113983659647,1.64924574071,-0.257211849524,0.136714602859,0.100368034997,0.951355579886
2018/10/02/14:20:21.495158,9581,1538482821,479336500,/world,vicon/IMUframe/IMUframe,-0.244062435244,0.116003919414,1.65017035779,-0.263958621753,0.141225363263,0.0997919932405,0.948906107504
2018/10/02/14:20:21.504975,9582,1538482821,489377963,/world,vicon/IMUframe/IMUframe,-0.242795617237,0.118053612099,1.65107853061,-0.270366292403,0.14603484507,0.0992939217078,0.946423060301
2018/10/02/14:20:21.515085,9583,1538482821,499343144,/world,vicon/IMUframe/IMUframe,-0.241323124606,0.120142178787,1.65191323663,-0.276786764495,0.151493727182,0.0985790665718,0.943780114888
2018/10/02/14:20:21.525127,9584,1538482821,509418162,/world,vicon/IMUframe/IMUframe,-0.239808651029,0.12220279897,1.6527569456,-0.28292045685,0.157176808604,0.0981311384324,0.941074782152
2018/10/02/14:20:21.535318,9585,1538482821,519333263,/world,vicon/IMUframe/IMUframe,-0.238216472009,0.124246638467,1.65355646906,-0.288907000776,0.163296309478,0.0975292310792,0.938272406766
2018/10/02/14:20:21.545158,9586,1538482821,529337145,/world,vicon/IMUframe/IMUframe,-0.236623019604,0.126204822008,1.65434006704,-0.294688962892,0.169537897907,0.0967573159948,0.935442856686
2018/10/02/14:20:21.555205,9587,1538482821,539343741,/world,vicon/IMUframe/IMUframe,-0.235121045719,0.127976689621,1.65499805754,-0.300053688549,0.175706390129,0.0957754979671,0.932696146902
2018/10/02/14:20:21.565202,9588,1538482821,549348526,/world,vicon/IMUframe/IMUframe,-0.233564456611,0.129969143049,1.65577927847,-0.30570840391,0.181354554771,0.0941911907653,0.929935974584
2018/10/02/14:20:21.575192,9589,1538482821,559369867,/world,vicon/IMUframe/IMUframe,-0.232082009383,0.131789035109,1.65629176941,-0.310598493434,0.186851703773,0.0928433774034,0.927359220554
2018/10/02/14:20:21.585364,9590,1538482821,569388105,/world,vicon/IMUframe/IMUframe,-0.230538331141,0.13368681359,1.65672666851,-0.315183007586,0.192435251687,0.0912926114889,0.924821066328
2018/10/02/14:20:21.594953,9591,1538482821,579317459,/world,vicon/IMUframe/IMUframe,-0.228909698234,0.13559243205,1.65709119681,-0.319412423445,0.197945431948,0.0901431241245,0.922316391968
2018/10/02/14:20:21.604925,9592,1538482821,589330400,/world,vicon/IMUframe/IMUframe,-0.227205027858,0.137434336895,1.65740921875,-0.323447132751,0.203593478901,0.0890259038917,0.919785864264
2018/10/02/14:20:21.614975,9593,1538482821,599363065,/world,vicon/IMUframe/IMUframe,-0.225346636299,0.139367605512,1.65775019226,-0.32763740488,0.209359703155,0.0883947681999,0.917065216096
2018/10/02/14:20:21.624967,9594,1538482821,609393223,/world,vicon/IMUframe/IMUframe,-0.223542041536,0.14114872865,1.65802301631,-0.33213416052,0.214990802996,0.0878310276916,0.914194489492
2018/10/02/14:20:21.634917,9595,1538482821,619390380,/world,vicon/IMUframe/IMUframe,-0.221762339434,0.142892393395,1.65820241309,-0.336718753029,0.220604669188,0.0874447710018,0.911212090194
2018/10/02/14:20:21.645072,9596,1538482821,629446568,/world,vicon/IMUframe/IMUframe,-0.219970712625,0.144667859671,1.65831053796,-0.341427527378,0.226373298452,0.0869967565294,0.908082561032
2018/10/02/14:20:21.654971,9597,1538482821,639396948,/world,vicon/IMUframe/IMUframe,-0.218091537018,0.146461197562,1.65834484522,-0.346217114773,0.232376863274,0.0865221457329,0.904792031989
2018/10/02/14:20:21.664844,9598,1538482821,649343303,/world,vicon/IMUframe/IMUframe,-0.21610025167,0.148267244183,1.65826822541,-0.351283210075,0.238630137076,0.0859376559985,0.901260496904
2018/10/02/14:20:21.674758,9599,1538482821,659358587,/world,vicon/IMUframe/IMUframe,-0.214105429397,0.150082232743,1.65810621502,-0.356330653117,0.245312745151,0.0851617856474,0.897550886012
2018/10/02/14:20:21.684953,9600,1538482821,669416236,/world,vicon/IMUframe/IMUframe,-0.211938019081,0.151884622837,1.65786258628,-0.362019346459,0.252116201889,0.0844725427373,0.893444907679
2018/10/02/14:20:21.694982,9601,1538482821,679415846,/world,vicon/IMUframe/IMUframe,-0.209649909556,0.153530428075,1.65752007598,-0.367514957024,0.259115945653,0.0842496584312,0.889209580541
2018/10/02/14:20:21.704853,9602,1538482821,689391573,/world,vicon/IMUframe/IMUframe,-0.207569743636,0.155279114775,1.65700102458,-0.372946503011,0.266606007557,0.0830689427288,0.884834274528
2018/10/02/14:20:21.715086,9603,1538482821,699343666,/world,vicon/IMUframe/IMUframe,-0.205416336358,0.156934031176,1.65645373837,-0.37848169392,0.273874257398,0.0821794070569,0.880335756151
2018/10/02/14:20:21.724726,9604,1538482821,709417363,/world,vicon/IMUframe/IMUframe,-0.203356695504,0.158645932259,1.65573664462,-0.383513234061,0.281281013796,0.081254481742,0.875897425373
2018/10/02/14:20:21.734980,9605,1538482821,719321351,/world,vicon/IMUframe/IMUframe,-0.201171582581,0.16029856399,1.65492638418,-0.388398439021,0.28871330877,0.0805174683127,0.871382932586
2018/10/02/14:20:21.744924,9606,1538482821,729421398,/world,vicon/IMUframe/IMUframe,-0.198759002396,0.162316952315,1.65384039034,-0.392811306494,0.296188287298,0.0795513932531,0.86697367422
2018/10/02/14:20:21.754859,9607,1538482821,739352651,/world,vicon/IMUframe/IMUframe,-0.196322280093,0.164051689284,1.65289486415,-0.397302693791,0.304057493679,0.0785529138171,0.862281305477
2018/10/02/14:20:21.765073,9608,1538482821,749346158,/world,vicon/IMUframe/IMUframe,-0.193932477759,0.165750949232,1.65183171045,-0.401767429735,0.311940763832,0.0776362818784,0.85746632587
2018/10/02/14:20:21.774726,9609,1538482821,759427474,/world,vicon/IMUframe/IMUframe,-0.191352066187,0.167381846671,1.65063960257,-0.406305911384,0.32060726414,0.0756332594398,0.85229460788
2018/10/02/14:20:21.784967,9610,1538482821,769351623,/world,vicon/IMUframe/IMUframe,-0.189090948802,0.16909824292,1.64944418498,-0.410937212162,0.328737364562,0.0740635191961,0.847099137012
2018/10/02/14:20:21.794847,9611,1538482821,779396577,/world,vicon/IMUframe/IMUframe,-0.186775223461,0.170793829544,1.64816581816,-0.415599996523,0.336877665037,0.0720039065324,0.84178709846
2018/10/02/14:20:21.804930,9612,1538482821,789420448,/world,vicon/IMUframe/IMUframe,-0.184266888838,0.172514875955,1.64691170763,-0.420421627617,0.34459699991,0.0694547081669,0.83646554394
2018/10/02/14:20:21.814903,9613,1538482821,799416414,/world,vicon/IMUframe/IMUframe,-0.182159000718,0.174167376089,1.64561363147,-0.424783899084,0.352059088548,0.0673249017605,0.831312453204
2018/10/02/14:20:21.825033,9614,1538482821,809439142,/world,vicon/IMUframe/IMUframe,-0.180240774445,0.175751079747,1.64430660259,-0.428909811596,0.359405155773,0.0656106341619,0.826171623941
2018/10/02/14:20:21.834965,9615,1538482821,819391980,/world,vicon/IMUframe/IMUframe,-0.178135348642,0.177207323987,1.64289852977,-0.432663427057,0.366587763082,0.0632614533696,0.821226984069
2018/10/02/14:20:21.844795,9616,1538482821,829370500,/world,vicon/IMUframe/IMUframe,-0.176056408069,0.178710407471,1.64137626792,-0.436598785609,0.373573125244,0.0609448649978,0.816155833117
2018/10/02/14:20:21.855027,9617,1538482821,839369709,/world,vicon/IMUframe/IMUframe,-0.174118514895,0.179781568767,1.63981985009,-0.439661037038,0.381230681071,0.0590009463499,0.811098162154
2018/10/02/14:20:21.864743,9618,1538482821,849417696,/world,vicon/IMUframe/IMUframe,-0.17206447044,0.181019068872,1.63816897257,-0.442725733586,0.388701688379,0.056989181153,0.806013123654
2018/10/02/14:20:21.875019,9619,1538482821,859362331,/world,vicon/IMUframe/IMUframe,-0.170013229524,0.181813283101,1.63658756438,-0.445504052283,0.396151556555,0.0546772772798,0.800999674774
2018/10/02/14:20:21.885013,9620,1538482821,869416831,/world,vicon/IMUframe/IMUframe,-0.167739679861,0.183080431799,1.63470994037,-0.448252593276,0.404334941099,0.0519913816126,0.79553740595
2018/10/02/14:20:21.895049,9621,1538482821,879371745,/world,vicon/IMUframe/IMUframe,-0.165798830383,0.184070278536,1.63299359326,-0.451098608636,0.411029737704,0.0498735854148,0.79061825522
2018/10/02/14:20:21.905246,9622,1538482821,889340875,/world,vicon/IMUframe/IMUframe,-0.163808558791,0.185000363656,1.631281051,-0.453963098227,0.417618561271,0.0475726442823,0.785652013455
2018/10/02/14:20:21.915347,9623,1538482821,899356920,/world,vicon/IMUframe/IMUframe,-0.161799039038,0.185922039921,1.62956531748,-0.456719768397,0.423940686529,0.0453068078903,0.780787192915
2018/10/02/14:20:21.924889,9624,1538482821,909339118,/world,vicon/IMUframe/IMUframe,-0.159848806942,0.186844922318,1.62785125158,-0.459485288164,0.429924451404,0.0431394586913,0.776000788112
2018/10/02/14:20:21.935145,9625,1538482821,919345002,/world,vicon/IMUframe/IMUframe,-0.157887730198,0.187686996593,1.62620130976,-0.462055859096,0.435955144277,0.0412069925561,0.771200025297
2018/10/02/14:20:21.945030,9626,1538482821,929413559,/world,vicon/IMUframe/IMUframe,-0.155990750296,0.188472372499,1.6244566763,-0.464693367033,0.44158015064,0.0393336824169,0.766498471378
2018/10/02/14:20:21.955300,9627,1538482821,939332783,/world,vicon/IMUframe/IMUframe,-0.154042412625,0.189212502635,1.62281267712,-0.467292127173,0.447129039137,0.0377906284352,0.761764765951
2018/10/02/14:20:21.965385,9628,1538482821,949360966,/world,vicon/IMUframe/IMUframe,-0.152265543218,0.189935706364,1.62115005491,-0.469563903912,0.452348117774,0.0366426916111,0.757329673023
2018/10/02/14:20:21.975222,9629,1538482821,959342736,/world,vicon/IMUframe/IMUframe,-0.15062001451,0.190505181817,1.61951426956,-0.472591218759,0.45694460684,0.035630720089,0.752721474397
2018/10/02/14:20:21.985059,9630,1538482821,969359663,/world,vicon/IMUframe/IMUframe,-0.148872701136,0.190992923755,1.61801376481,-0.474705278288,0.460882895862,0.0346404693076,0.74902729787
2018/10/02/14:20:21.995123,9631,1538482821,979334981,/world,vicon/IMUframe/IMUframe,-0.147425138714,0.191473030845,1.61651040011,-0.477088489301,0.464592182909,0.0342641761136,0.745229255459
2018/10/02/14:20:22.005088,9632,1538482821,989356813,/world,vicon/IMUframe/IMUframe,-0.146218093247,0.19191086894,1.61503659429,-0.479560928171,0.46803654088,0.0344321987455,0.741469848519
2018/10/02/14:20:22.015164,9633,1538482821,999334088,/world,vicon/IMUframe/IMUframe,-0.144766345245,0.192221862879,1.61377586991,-0.481504703257,0.471083697133,0.03440178416,0.738274940848
2018/10/02/14:20:22.024832,9634,1538482822,9348342,/world,vicon/IMUframe/IMUframe,-0.143631602276,0.19249004698,1.61252096478,-0.483677997283,0.473903972619,0.034907965153,0.735018403613
2018/10/02/14:20:22.034983,9635,1538482822,19348275,/world,vicon/IMUframe/IMUframe,-0.142674851607,0.192660226303,1.61123546291,-0.485466132875,0.476592570188,0.0356165825132,0.73206120982
2018/10/02/14:20:22.044896,9636,1538482822,29408444,/world,vicon/IMUframe/IMUframe,-0.141613012027,0.192859060882,1.61013710155,-0.487327720233,0.478979760094,0.0363866021624,0.72922294101
2018/10/02/14:20:22.054924,9637,1538482822,39355882,/world,vicon/IMUframe/IMUframe,-0.140745646978,0.193088512383,1.60896520838,-0.489023806853,0.481217550254,0.0372082142408,0.726567914548
2018/10/02/14:20:22.064864,9638,1538482822,49339766,/world,vicon/IMUframe/IMUframe,-0.139772526515,0.193335914946,1.60804634009,-0.490728663766,0.483276189518,0.037885765122,0.724012549618
2018/10/02/14:20:22.074743,9639,1538482822,59337656,/world,vicon/IMUframe/IMUframe,-0.13866426543,0.193773836708,1.6070993978,-0.492304089436,0.485102969599,0.0383745005283,0.721691894177
2018/10/02/14:20:22.084810,9640,1538482822,69437573,/world,vicon/IMUframe/IMUframe,-0.137884428963,0.19392144396,1.60622631226,-0.494234602179,0.487333450375,0.0385910584055,0.718852555373
2018/10/02/14:20:22.094746,9641,1538482822,79422304,/world,vicon/IMUframe/IMUframe,-0.136973112051,0.194142141793,1.60537148216,-0.496366913613,0.489682509436,0.0383879635636,0.715791374128
2018/10/02/14:20:22.105052,9642,1538482822,89340758,/world,vicon/IMUframe/IMUframe,-0.136122867668,0.194447795664,1.60453399667,-0.498637712861,0.491675699945,0.0382938577356,0.71284571813
2018/10/02/14:20:22.114855,9643,1538482822,99399525,/world,vicon/IMUframe/IMUframe,-0.135555970111,0.19483854978,1.60384601473,-0.501064989385,0.493582446895,0.0383472779155,0.709816688171
2018/10/02/14:20:22.125032,9644,1538482822,109362255,/world,vicon/IMUframe/IMUframe,-0.135109284863,0.195053564499,1.6034292317,-0.503462713119,0.495282591785,0.0381761499767,0.706939199894
2018/10/02/14:20:22.134981,9645,1538482822,119352055,/world,vicon/IMUframe/IMUframe,-0.134559160277,0.195461904079,1.60296808246,-0.50561345108,0.496387646912,0.038243118306,0.704621746742
2018/10/02/14:20:22.145005,9646,1538482822,129344477,/world,vicon/IMUframe/IMUframe,-0.134121921446,0.19591896873,1.60265568717,-0.507773280792,0.496981102563,0.0385111802833,0.702632882807
2018/10/02/14:20:22.154992,9647,1538482822,139309443,/world,vicon/IMUframe/IMUframe,-0.133669276587,0.196401654806,1.60245762923,-0.509971036151,0.496918038034,0.03905665019,0.701053909368
2018/10/02/14:20:22.164776,9648,1538482822,149324569,/world,vicon/IMUframe/IMUframe,-0.133506258846,0.19685373616,1.60237606693,-0.512143171815,0.496445669181,0.0398145955823,0.699761292937
2018/10/02/14:20:22.174779,9649,1538482822,159336980,/world,vicon/IMUframe/IMUframe,-0.133477343467,0.19728748568,1.60246555536,-0.514335044408,0.495354609036,0.0409009775528,0.698863637225
2018/10/02/14:20:22.184733,9650,1538482822,169355815,/world,vicon/IMUframe/IMUframe,-0.133652568606,0.19766420654,1.60272128801,-0.516493404465,0.49358930278,0.0424422601203,0.698428820913
2018/10/02/14:20:22.194869,9651,1538482822,179436122,/world,vicon/IMUframe/IMUframe,-0.134274834098,0.198009056376,1.60328995542,-0.518596026136,0.491033984185,0.0446895233268,0.698531770614
2018/10/02/14:20:22.204947,9652,1538482822,189412886,/world,vicon/IMUframe/IMUframe,-0.134901893256,0.198245609264,1.6039831992,-0.520527970249,0.487665666716,0.0473733887311,0.699277192345
2018/10/02/14:20:22.214884,9653,1538482822,199338239,/world,vicon/IMUframe/IMUframe,-0.135790744927,0.198337568123,1.60488974182,-0.522145941274,0.483493071884,0.0507282679864,0.700731552222
2018/10/02/14:20:22.224879,9654,1538482822,209337569,/world,vicon/IMUframe/IMUframe,-0.136979666581,0.198357418123,1.60601347819,-0.523632435028,0.478427609107,0.0547846232321,0.702790680707
2018/10/02/14:20:22.234894,9655,1538482822,219344716,/world,vicon/IMUframe/IMUframe,-0.138398601956,0.198217521711,1.60745486293,-0.524820381613,0.472177059783,0.0592690171745,0.705761698353
2018/10/02/14:20:22.244871,9656,1538482822,229344091,/world,vicon/IMUframe/IMUframe,-0.140026265449,0.197832211995,1.60911171959,-0.525355661482,0.464932045603,0.0644055871258,0.709712295418
2018/10/02/14:20:22.254872,9657,1538482822,239344066,/world,vicon/IMUframe/IMUframe,-0.141764631797,0.197322068425,1.61117225111,-0.525459951746,0.456455203925,0.0701888796685,0.714572604493
2018/10/02/14:20:22.265060,9658,1538482822,249380184,/world,vicon/IMUframe/IMUframe,-0.143884866432,0.196399551743,1.61336475558,-0.524985446431,0.447261991713,0.0765861019848,0.720056637208
2018/10/02/14:20:22.274988,9659,1538482822,259407553,/world,vicon/IMUframe/IMUframe,-0.146168745871,0.195277493927,1.61566897883,-0.523777325869,0.437102783507,0.0836986003004,0.726355982879
2018/10/02/14:20:22.285127,9660,1538482822,269332322,/world,vicon/IMUframe/IMUframe,-0.148651555984,0.19389622627,1.61819282866,-0.521680352493,0.425446431287,0.0911476846708,0.733850831918
2018/10/02/14:20:22.295169,9661,1538482822,279339161,/world,vicon/IMUframe/IMUframe,-0.151309488567,0.192055564592,1.62079051172,-0.518964590646,0.413875472615,0.0989195177123,0.741348619638
2018/10/02/14:20:22.305082,9662,1538482822,289341672,/world,vicon/IMUframe/IMUframe,-0.154259761366,0.189797303315,1.62344047153,-0.51553928874,0.401500595378,0.106442325504,0.749457500474
2018/10/02/14:20:22.315039,9663,1538482822,299342828,/world,vicon/IMUframe/IMUframe,-0.157359023728,0.187209377351,1.62616455017,-0.510925375584,0.388576637207,0.114253927456,0.758227866582
2018/10/02/14:20:22.325256,9664,1538482822,309344427,/world,vicon/IMUframe/IMUframe,-0.160237594119,0.184466956548,1.6292812431,-0.503489838008,0.374215833686,0.121528904845,0.76921467623
2018/10/02/14:20:22.334868,9665,1538482822,319343977,/world,vicon/IMUframe/IMUframe,-0.163646213864,0.18118983736,1.63207352325,-0.49637623306,0.360419969851,0.128552328169,0.779219083127
2018/10/02/14:20:22.345069,9666,1538482822,329380825,/world,vicon/IMUframe/IMUframe,-0.166438392332,0.177742545351,1.63503117331,-0.495218933151,0.346522190443,0.131557833051,0.785730943989
2018/10/02/14:20:22.354762,9667,1538482822,339338878,/world,vicon/IMUframe/IMUframe,-0.169918968063,0.174031622513,1.63718409894,-0.486836132656,0.332877614117,0.137026674812,0.79586855972
2018/10/02/14:20:22.364986,9668,1538482822,349346906,/world,vicon/IMUframe/IMUframe,-0.173130858101,0.17022780528,1.63944821987,-0.476613172587,0.318956789138,0.141530445672,0.806892547572
2018/10/02/14:20:22.374954,9669,1538482822,359344997,/world,vicon/IMUframe/IMUframe,-0.176789271976,0.16619067058,1.64155904383,-0.465997379746,0.305140151482,0.146372623322,0.81750289612
2018/10/02/14:20:22.384993,9670,1538482822,369343263,/world,vicon/IMUframe/IMUframe,-0.179718199468,0.162285440734,1.64348177161,-0.453633752378,0.291538635278,0.150295484558,0.828633157776
2018/10/02/14:20:22.394830,9671,1538482822,379345087,/world,vicon/IMUframe/IMUframe,-0.182646671488,0.158181669329,1.64519262389,-0.440539015441,0.278242646127,0.154461549275,0.839433163239
2018/10/02/14:20:22.404912,9672,1538482822,389347123,/world,vicon/IMUframe/IMUframe,-0.185588953742,0.154012850217,1.64660398734,-0.426473203968,0.265576609788,0.15851297106,0.849978416571
2018/10/02/14:20:22.415045,9673,1538482822,399414630,/world,vicon/IMUframe/IMUframe,-0.18818003317,0.149505547232,1.64791969699,-0.412068791676,0.252921338579,0.162233360494,0.860180471855
2018/10/02/14:20:22.425029,9674,1538482822,409327879,/world,vicon/IMUframe/IMUframe,-0.19079273512,0.144892912705,1.6489509171,-0.397601944607,0.240563439045,0.165230723606,0.869908462665
2018/10/02/14:20:22.435083,9675,1538482822,419325344,/world,vicon/IMUframe/IMUframe,-0.193439541134,0.140137760662,1.64973908904,-0.383136850877,0.228265820281,0.167685904805,0.879194123116
2018/10/02/14:20:22.444789,9676,1538482822,429370725,/world,vicon/IMUframe/IMUframe,-0.196280225742,0.135205897231,1.65008393127,-0.367862952018,0.216435610815,0.169862935554,0.888244931327
2018/10/02/14:20:22.454754,9677,1538482822,439324856,/world,vicon/IMUframe/IMUframe,-0.199093594387,0.130226161469,1.65033111697,-0.352791981282,0.204520192345,0.171511540632,0.896823895922
2018/10/02/14:20:22.464649,9678,1538482822,449307724,/world,vicon/IMUframe/IMUframe,-0.201801051148,0.125240217818,1.65047253627,-0.337883558766,0.192451303052,0.17278344162,0.904954738631
2018/10/02/14:20:22.474823,9679,1538482822,459421636,/world,vicon/IMUframe/IMUframe,-0.20459841843,0.120069620537,1.65019395542,-0.321854570347,0.180496612314,0.173703525839,0.913048571326
2018/10/02/14:20:22.484787,9680,1538482822,469324235,/world,vicon/IMUframe/IMUframe,-0.207801959622,0.114997921416,1.64892415531,-0.303078315388,0.170018090614,0.176090781639,0.920993713457
2018/10/02/14:20:22.495039,9681,1538482822,479321796,/world,vicon/IMUframe/IMUframe,-0.21064584203,0.109868507621,1.64835232396,-0.288041734972,0.157680725915,0.176678079119,0.927875855892
2018/10/02/14:20:22.505002,9682,1538482822,489431635,/world,vicon/IMUframe/IMUframe,-0.213395093616,0.104690972833,1.64740741589,-0.27301034657,0.145023603061,0.177562082823,0.934293964427
2018/10/02/14:20:22.514996,9683,1538482822,499326987,/world,vicon/IMUframe/IMUframe,-0.216067728658,0.0995447394003,1.64645657071,-0.257623273094,0.132646183347,0.178322878202,0.940338338213
2018/10/02/14:20:22.525430,9684,1538482822,509402043,/world,vicon/IMUframe/IMUframe,-0.218513557645,0.0944046926381,1.64526111593,-0.242073063637,0.12053372542,0.178888025236,0.945976388355
2018/10/02/14:20:22.535155,9685,1538482822,519325375,/world,vicon/IMUframe/IMUframe,-0.220935382805,0.0895696017999,1.64399323258,-0.226136017995,0.108186977904,0.180285840767,0.951133584097
2018/10/02/14:20:22.544958,9686,1538482822,529359077,/world,vicon/IMUframe/IMUframe,-0.223054946822,0.0848126959757,1.64233894586,-0.210607247132,0.0964091680672,0.181521128323,0.955719592632
2018/10/02/14:20:22.555083,9687,1538482822,539322605,/world,vicon/IMUframe/IMUframe,-0.225145939919,0.080376026048,1.64055160979,-0.194931442322,0.0858901390755,0.182500299089,0.959853247969
2018/10/02/14:20:22.564981,9688,1538482822,549313430,/world,vicon/IMUframe/IMUframe,-0.226932098878,0.0760951081886,1.63863305821,-0.179961584691,0.0761081249584,0.183859341076,0.963336454231
2018/10/02/14:20:22.575070,9689,1538482822,559330680,/world,vicon/IMUframe/IMUframe,-0.228633712208,0.0715390383704,1.63671311195,-0.165848595178,0.0669602357241,0.185426103075,0.966244136131
2018/10/02/14:20:22.584978,9690,1538482822,569324386,/world,vicon/IMUframe/IMUframe,-0.230154079416,0.0674491750646,1.63459841557,-0.152452430517,0.0586576661372,0.187442752464,0.968598342545
2018/10/02/14:20:22.595036,9691,1538482822,579334848,/world,vicon/IMUframe/IMUframe,-0.231685897073,0.0636669322526,1.6323587076,-0.139578862989,0.0511204265217,0.189650108319,0.970534532829
2018/10/02/14:20:22.604922,9692,1538482822,589325321,/world,vicon/IMUframe/IMUframe,-0.233143204394,0.0598652299578,1.62999499824,-0.128441493537,0.0438821189177,0.191540919637,0.972054123227
2018/10/02/14:20:22.615040,9693,1538482822,599357201,/world,vicon/IMUframe/IMUframe,-0.234627025938,0.0563608092194,1.62773526092,-0.118046293624,0.0364420099521,0.193311372162,0.973328190214
2018/10/02/14:20:22.625048,9694,1538482822,609374928,/world,vicon/IMUframe/IMUframe,-0.236027837768,0.0527949453071,1.62544549596,-0.108737420419,0.0291675547226,0.194545701149,0.974411308081
2018/10/02/14:20:22.635298,9695,1538482822,619325414,/world,vicon/IMUframe/IMUframe,-0.237511232192,0.049595950855,1.62297763069,-0.0998208244204,0.0222848293787,0.195941026215,0.975267298558
2018/10/02/14:20:22.645205,9696,1538482822,629346012,/world,vicon/IMUframe/IMUframe,-0.238850801399,0.0466294118601,1.62056638901,-0.0917486098302,0.0156090968498,0.196533308431,0.976070288128
2018/10/02/14:20:22.655286,9697,1538482822,639342460,/world,vicon/IMUframe/IMUframe,-0.240131556368,0.0438691381908,1.61821716944,-0.0846020373288,0.009540986356,0.196537583117,0.976792937772
2018/10/02/14:20:22.665061,9698,1538482822,649333276,/world,vicon/IMUframe/IMUframe,-0.241236074853,0.0414341235712,1.61595416732,-0.07821453,0.00446798259515,0.197306291412,0.977206606505
2018/10/02/14:20:22.675132,9699,1538482822,659343368,/world,vicon/IMUframe/IMUframe,-0.242169570626,0.0390968545624,1.61374881682,-0.0728598328096,0.000323498312849,0.197563616085,0.977578619708
2018/10/02/14:20:22.685173,9700,1538482822,669344240,/world,vicon/IMUframe/IMUframe,-0.24311913662,0.0369824035561,1.6114056884,-0.0676852805723,-0.00280108020569,0.196933204151,0.978073703688
2018/10/02/14:20:22.695292,9701,1538482822,679339493,/world,vicon/IMUframe/IMUframe,-0.243872612036,0.034845707397,1.60921519844,-0.0633178109098,-0.0054600306748,0.196472691804,0.978447507157
2018/10/02/14:20:22.704949,9702,1538482822,689326397,/world,vicon/IMUframe/IMUframe,-0.244653388553,0.0328174514283,1.60700003967,-0.059365361234,-0.00770792201271,0.196161103071,0.978742644144
2018/10/02/14:20:22.714913,9703,1538482822,699324363,/world,vicon/IMUframe/IMUframe,-0.245494106346,0.030852916371,1.60474200147,-0.0553759506821,-0.0094841119651,0.195286557527,0.97913569854
2018/10/02/14:20:22.725010,9704,1538482822,709383107,/world,vicon/IMUframe/IMUframe,-0.246232777033,0.0289474484437,1.60252711145,-0.0515231134182,-0.0108984677237,0.193672143444,0.979651822353
2018/10/02/14:20:22.734848,9705,1538482822,719363790,/world,vicon/IMUframe/IMUframe,-0.246776332945,0.0273408181825,1.60032348812,-0.0472474938595,-0.011331730604,0.192448591672,0.980103466869
2018/10/02/14:20:22.745061,9706,1538482822,729344195,/world,vicon/IMUframe/IMUframe,-0.24720213062,0.0258300999209,1.59820898063,-0.0436878806495,-0.0108589966279,0.190517831188,0.980651011969
2018/10/02/14:20:22.755205,9707,1538482822,739322291,/world,vicon/IMUframe/IMUframe,-0.247509236441,0.0244647373286,1.59619287793,-0.0401775070182,-0.00941803500776,0.188809611729,0.981146267926
2018/10/02/14:20:22.765197,9708,1538482822,749350748,/world,vicon/IMUframe/IMUframe,-0.247609583808,0.0232012585886,1.59431371176,-0.0361951199587,-0.00723829145087,0.187196384467,0.981628765914
2018/10/02/14:20:22.775097,9709,1538482822,759330025,/world,vicon/IMUframe/IMUframe,-0.247633681377,0.0220275778532,1.59240657559,-0.0329501702775,-0.00493997727971,0.185185475345,0.982138596444
2018/10/02/14:20:22.784828,9710,1538482822,769346842,/world,vicon/IMUframe/IMUframe,-0.247738006496,0.020851349666,1.5905256965,-0.0301444860205,-0.00266788445116,0.182802859003,0.982683726891
2018/10/02/14:20:22.795295,9711,1538482822,779348381,/world,vicon/IMUframe/IMUframe,-0.247756931929,0.0197169603963,1.58869376422,-0.0271311086631,-0.000513786761418,0.180797317125,0.983145955129
2018/10/02/14:20:22.805088,9712,1538482822,789412815,/world,vicon/IMUframe/IMUframe,-0.247904851762,0.0186696954829,1.58682540097,-0.0245428650806,0.00132322746687,0.17905113439,0.983532708209
2018/10/02/14:20:22.814978,9713,1538482822,799333197,/world,vicon/IMUframe/IMUframe,-0.248005566047,0.0176573740817,1.58509812157,-0.0219982291741,0.0030659283984,0.177505103769,0.983869206822
2018/10/02/14:20:22.824980,9714,1538482822,809374067,/world,vicon/IMUframe/IMUframe,-0.248052031685,0.0167367815307,1.58344696505,-0.0196655780437,0.00468618485439,0.176306379502,0.984127717961
2018/10/02/14:20:22.835194,9715,1538482822,819421816,/world,vicon/IMUframe/IMUframe,-0.248030243198,0.0159344497236,1.58186462004,-0.0173922901965,0.00628737847016,0.175726065648,0.984265374259
2018/10/02/14:20:22.845390,9716,1538482822,829377740,/world,vicon/IMUframe/IMUframe,-0.247982780567,0.0150550828378,1.58046483518,-0.0154993678924,0.00792416382155,0.174709117878,0.984466201224
2018/10/02/14:20:22.855124,9717,1538482822,839346563,/world,vicon/IMUframe/IMUframe,-0.247989099011,0.0144533331132,1.57915244097,-0.0138162029905,0.00935716525495,0.174417317122,0.984530423847
2018/10/02/14:20:22.865066,9718,1538482822,849373753,/world,vicon/IMUframe/IMUframe,-0.248064282693,0.01382534355,1.57801568881,-0.0127925749533,0.0104288167653,0.173598291726,0.984678233189
2018/10/02/14:20:22.874992,9719,1538482822,859344038,/world,vicon/IMUframe/IMUframe,-0.248123270773,0.0133731670208,1.57694967755,-0.0118628137951,0.011187380247,0.173294886199,0.984734989014
2018/10/02/14:20:22.885238,9720,1538482822,869339659,/world,vicon/IMUframe/IMUframe,-0.248298731878,0.0128916499937,1.57601989302,-0.0116744403366,0.0115256897203,0.172424272869,0.98488615385
2018/10/02/14:20:22.894840,9721,1538482822,879351021,/world,vicon/IMUframe/IMUframe,-0.248517354629,0.0124923955488,1.5751722826,-0.0113972911677,0.0116792015655,0.172238648789,0.984920070802
2018/10/02/14:20:22.905003,9722,1538482822,889328712,/world,vicon/IMUframe/IMUframe,-0.248823689577,0.0120619152545,1.57446631643,-0.0116951733735,0.0115200841835,0.171517361002,0.985044316493
2018/10/02/14:20:22.914672,9723,1538482822,899429342,/world,vicon/IMUframe/IMUframe,-0.249102855291,0.011746879433,1.57381875853,-0.011738212511,0.0113430726612,0.171506299618,0.98504778476
2018/10/02/14:20:22.925061,9724,1538482822,909349205,/world,vicon/IMUframe/IMUframe,-0.249374465881,0.0114126936354,1.57326761237,-0.0120914629305,0.0110964695197,0.171310750712,0.985080347778
2018/10/02/14:20:22.934823,9725,1538482822,919427703,/world,vicon/IMUframe/IMUframe,-0.249614177652,0.0111747569491,1.57285313905,-0.0124066859332,0.0108560024897,0.171110174756,0.985113967746
2018/10/02/14:20:22.944865,9726,1538482822,929335140,/world,vicon/IMUframe/IMUframe,-0.249832885656,0.010950220173,1.57260974107,-0.0130112506956,0.0107191271969,0.170553953718,0.985204119225
2018/10/02/14:20:22.954787,9727,1538482822,939423315,/world,vicon/IMUframe/IMUframe,-0.25000122228,0.0108375555615,1.57246361365,-0.0135513292682,0.0107701945608,0.170383806798,0.985225721733
2018/10/02/14:20:22.964695,9728,1538482822,949372795,/world,vicon/IMUframe/IMUframe,-0.250133217896,0.0108095235397,1.5724363813,-0.01415803179,0.010992145776,0.170251489402,0.98523761257
2018/10/02/14:20:22.974675,9729,1538482822,959410718,/world,vicon/IMUframe/IMUframe,-0.250250266424,0.0108426881923,1.57252240162,-0.0148570508403,0.0112537713315,0.170065237216,0.985256532971
2018/10/02/14:20:22.984931,9730,1538482822,969428508,/world,vicon/IMUframe/IMUframe,-0.250347023916,0.0110014574466,1.57266459194,-0.0154958758692,0.0116110850785,0.170082420191,0.985239580445
2018/10/02/14:20:22.995059,9731,1538482822,979430040,/world,vicon/IMUframe/IMUframe,-0.25048393497,0.0111546696127,1.57291687166,-0.0164620717692,0.0118499405559,0.169713490539,0.985284684866
2018/10/02/14:20:23.005220,9732,1538482822,989421579,/world,vicon/IMUframe/IMUframe,-0.250634471201,0.0113560697887,1.57326703669,-0.0175419164377,0.0121594683302,0.169246944951,0.985342529338
2018/10/02/14:20:23.015201,9733,1538482822,999369920,/world,vicon/IMUframe/IMUframe,-0.25081553353,0.0115893577611,1.57371053752,-0.0189218335687,0.0123954268591,0.168355144033,0.985466824954
2018/10/02/14:20:23.025342,9734,1538482823,9347692,/world,vicon/IMUframe/IMUframe,-0.250963264464,0.0119416399443,1.57421819449,-0.0200943883508,0.0126776835499,0.168125059283,0.985479302846
2018/10/02/14:20:23.035212,9735,1538482823,19346727,/world,vicon/IMUframe/IMUframe,-0.25121142346,0.0122706543805,1.57475077757,-0.0219235766605,0.0127151176964,0.167407223521,0.985562024472
2018/10/02/14:20:23.045006,9736,1538482823,29352327,/world,vicon/IMUframe/IMUframe,-0.251422294985,0.0126002339688,1.5752873529,-0.0234571038731,0.0128068562155,0.166992718668,0.985595850551
2018/10/02/14:20:23.055029,9737,1538482823,39326926,/world,vicon/IMUframe/IMUframe,-0.251696515819,0.0129260430558,1.57589009224,-0.0253448670312,0.0127599844195,0.166055212624,0.98570811444
2018/10/02/14:20:23.065229,9738,1538482823,49340955,/world,vicon/IMUframe/IMUframe,-0.251874355108,0.0132700887938,1.57647984732,-0.0269097167587,0.0128373181424,0.165713517758,0.985723135794
2018/10/02/14:20:23.075058,9739,1538482823,59333347,/world,vicon/IMUframe/IMUframe,-0.252009593845,0.0135988820963,1.57703870338,-0.0283646126946,0.0129544629907,0.165378599291,0.985737059023
2018/10/02/14:20:23.085153,9740,1538482823,69347795,/world,vicon/IMUframe/IMUframe,-0.252132740044,0.0139424502335,1.57765201124,-0.0298241734686,0.0131197843649,0.165019614406,0.985751955005
2018/10/02/14:20:23.094968,9741,1538482823,79358589,/world,vicon/IMUframe/IMUframe,-0.252213588378,0.0142650393549,1.5782584568,-0.0311190584376,0.0132673771358,0.164686829103,0.985765605621
2018/10/02/14:20:23.105089,9742,1538482823,89359420,/world,vicon/IMUframe/IMUframe,-0.252336165964,0.0145676443964,1.57886367363,-0.0324587162416,0.0135288511966,0.16389016938,0.985851618808
2018/10/02/14:20:23.114968,9743,1538482823,99424574,/world,vicon/IMUframe/IMUframe,-0.25238116413,0.0148805258566,1.57945691015,-0.0334173746244,0.0139231262621,0.163558725045,0.985869143999
2018/10/02/14:20:23.124830,9744,1538482823,109347268,/world,vicon/IMUframe/IMUframe,-0.252408536587,0.015166930671,1.5800178317,-0.034177656957,0.0143640578864,0.163162084737,0.985902477789
2018/10/02/14:20:23.134794,9745,1538482823,119360826,/world,vicon/IMUframe/IMUframe,-0.252407035299,0.0154733667891,1.58061715104,-0.0348414080219,0.0149574039599,0.162613511256,0.985961053141
2018/10/02/14:20:23.144892,9746,1538482823,129424000,/world,vicon/IMUframe/IMUframe,-0.25239806023,0.0157519414128,1.58121217913,-0.0353028949666,0.0157101256221,0.161964338271,0.986039781494
2018/10/02/14:20:23.154922,9747,1538482823,139427030,/world,vicon/IMUframe/IMUframe,-0.252324123943,0.0160786906351,1.5817781689,-0.0354475732298,0.0166193032148,0.161516711638,0.986093109282
2018/10/02/14:20:23.164845,9748,1538482823,149424388,/world,vicon/IMUframe/IMUframe,-0.252214937184,0.0163499888227,1.5823875205,-0.0357338450421,0.0176147770054,0.160823944406,0.986178721559
2018/10/02/14:20:23.174844,9749,1538482823,159336284,/world,vicon/IMUframe/IMUframe,-0.252062618973,0.0166046311087,1.58298430638,-0.0357895104044,0.0187154913096,0.160215574391,0.986255449188
2018/10/02/14:20:23.185003,9750,1538482823,169407012,/world,vicon/IMUframe/IMUframe,-0.251879264239,0.0167940121296,1.58363780544,-0.0358398026921,0.0198265715869,0.159409810988,0.986362472808
2018/10/02/14:20:23.194875,9751,1538482823,179422210,/world,vicon/IMUframe/IMUframe,-0.251677311803,0.016992591796,1.58424286994,-0.0356293758711,0.0209770566289,0.158944134974,0.986421447774
2018/10/02/14:20:23.205025,9752,1538482823,189398860,/world,vicon/IMUframe/IMUframe,-0.251423203093,0.0171761939019,1.58482692161,-0.0352324582702,0.0221317330155,0.158592259559,0.986467108162
2018/10/02/14:20:23.214996,9753,1538482823,199400927,/world,vicon/IMUframe/IMUframe,-0.251172638398,0.0173290026983,1.58537984575,-0.0346856001164,0.0232241776282,0.158348763656,0.986500489491
2018/10/02/14:20:23.225079,9754,1538482823,209363731,/world,vicon/IMUframe/IMUframe,-0.250941168979,0.0174580682489,1.58595899433,-0.0339787922639,0.0243148124503,0.158104256772,0.986538025401
2018/10/02/14:20:23.235019,9755,1538482823,219351659,/world,vicon/IMUframe/IMUframe,-0.250720947674,0.0175558679317,1.58649311915,-0.033137962859,0.0252080333492,0.157849449688,0.986585009873
2018/10/02/14:20:23.245054,9756,1538482823,229329765,/world,vicon/IMUframe/IMUframe,-0.250526503275,0.0176300263021,1.58701687742,-0.0321967484015,0.0259944017739,0.157570517654,0.986640356176
2018/10/02/14:20:23.254886,9757,1538482823,239346516,/world,vicon/IMUframe/IMUframe,-0.250334778063,0.0177083112537,1.58753506544,-0.0311802615851,0.0265804005044,0.157243828101,0.986709507464
2018/10/02/14:20:23.264757,9758,1538482823,249367547,/world,vicon/IMUframe/IMUframe,-0.25013297194,0.017823596126,1.58799068775,-0.0299888163019,0.0269814983313,0.157159218753,0.986749030709
2018/10/02/14:20:23.275080,9759,1538482823,259307819,/world,vicon/IMUframe/IMUframe,-0.250004131566,0.017802386717,1.58849345626,-0.0291286442686,0.0272074848498,0.156555951162,0.986864483608
2018/10/02/14:20:23.285018,9760,1538482823,269414535,/world,vicon/IMUframe/IMUframe,-0.249879829538,0.0178442353615,1.58898653771,-0.0280702841445,0.0273559059418,0.156076305513,0.986967020936
2018/10/02/14:20:23.295085,9761,1538482823,279352345,/world,vicon/IMUframe/IMUframe,-0.249774485056,0.017874277117,1.58946769998,-0.0269855287095,0.0273702456198,0.155484945836,0.987090209917
2018/10/02/14:20:23.304870,9762,1538482823,289364542,/world,vicon/IMUframe/IMUframe,-0.24963803086,0.0179243567736,1.58995075786,-0.0257671430587,0.0273210929775,0.154924320814,0.987212270506
2018/10/02/14:20:23.315023,9763,1538482823,299371715,/world,vicon/IMUframe/IMUframe,-0.249556878397,0.0179776784806,1.59045537079,-0.0247343077092,0.0273563906966,0.153903079253,0.987397429664
2018/10/02/14:20:23.325390,9764,1538482823,309397202,/world,vicon/IMUframe/IMUframe,-0.249493605085,0.0179417708479,1.59099285817,-0.0237320990955,0.0273633178122,0.152192882565,0.987686874879
2018/10/02/14:20:23.334892,9765,1538482823,319353085,/world,vicon/IMUframe/IMUframe,-0.249492373942,0.0180913514104,1.59154288901,-0.0226026792345,0.0275628166688,0.150620857715,0.987948767523
2018/10/02/14:20:23.345133,9766,1538482823,329365490,/world,vicon/IMUframe/IMUframe,-0.249595836315,0.0182298324071,1.59219274241,-0.0217105191987,0.0279570117521,0.147801829433,0.98838336594
2018/10/02/14:20:23.354941,9767,1538482823,339386730,/world,vicon/IMUframe/IMUframe,-0.249747150625,0.0185089505927,1.59291929931,-0.0206094586802,0.0288648418032,0.144409823498,0.988882133521
2018/10/02/14:20:23.365055,9768,1538482823,349384681,/world,vicon/IMUframe/IMUframe,-0.250029789314,0.0188922678199,1.59377407055,-0.0193388617431,0.0304089713249,0.139864583036,0.98951462915
2018/10/02/14:20:23.375321,9769,1538482823,359396541,/world,vicon/IMUframe/IMUframe,-0.250447846,0.0194337991016,1.59475243735,-0.0178549834245,0.032567823726,0.133711660532,0.990324052148
2018/10/02/14:20:23.385131,9770,1538482823,369315856,/world,vicon/IMUframe/IMUframe,-0.251088685871,0.0200729449012,1.59587535769,-0.0161447414907,0.0350444957163,0.12575963358,0.991310115556
2018/10/02/14:20:23.395140,9771,1538482823,379332287,/world,vicon/IMUframe/IMUframe,-0.251867095015,0.0208372271169,1.59714238179,-0.0140827445986,0.0379308636488,0.116063593714,0.992417335651
2018/10/02/14:20:23.404847,9772,1538482823,389353443,/world,vicon/IMUframe/IMUframe,-0.252995139676,0.0219612694529,1.59848295047,-0.0119146966878,0.0408562073157,0.103267795612,0.993742709516
2018/10/02/14:20:23.415063,9773,1538482823,399363928,/world,vicon/IMUframe/IMUframe,-0.254381714004,0.0231093100907,1.59991466686,-0.00967111019107,0.0436325635495,0.0876560140741,0.995147774063
2018/10/02/14:20:23.425256,9774,1538482823,409388280,/world,vicon/IMUframe/IMUframe,-0.255796538222,0.0243116983096,1.60142053575,-0.0068004123852,0.046517978933,0.0711219693601,0.99635912075
2018/10/02/14:20:23.435015,9775,1538482823,419334228,/world,vicon/IMUframe/IMUframe,-0.257410468067,0.0256485034221,1.60302288677,-0.00401869637387,0.0499265471962,0.0522851302068,0.997375282992
2018/10/02/14:20:23.445152,9776,1538482823,429378473,/world,vicon/IMUframe/IMUframe,-0.259165423237,0.0274221631263,1.60461888806,-0.000675919221354,0.0535564801622,0.0316086781256,0.998064195347
2018/10/02/14:20:23.454617,9777,1538482823,439362167,/world,vicon/IMUframe/IMUframe,-0.261015254901,0.0294763797155,1.60643966398,0.00303547583534,0.0580482710129,0.00808742621659,0.998276403435
2018/10/02/14:20:23.464746,9778,1538482823,449330448,/world,vicon/IMUframe/IMUframe,-0.262995788442,0.0313196182298,1.60817581321,0.00680027699553,0.0623965373521,-0.0156781397414,0.997905117881
2018/10/02/14:20:23.474699,9779,1538482823,459423732,/world,vicon/IMUframe/IMUframe,-0.265144228629,0.0336489313468,1.60989192868,0.0109370614719,0.0666938642552,-0.0416166207026,0.996845206659
2018/10/02/14:20:23.485459,9780,1538482823,469417709,/world,vicon/IMUframe/IMUframe,-0.267266203848,0.0363341928308,1.61163295434,0.0148621677606,0.0704607098946,-0.0686068607301,0.995041457926
2018/10/02/14:20:23.495085,9781,1538482823,479337777,/world,vicon/IMUframe/IMUframe,-0.26951862748,0.0392061719866,1.61329229318,0.0183615273073,0.0734397493142,-0.0973965566243,0.992362518585
2018/10/02/14:20:23.505190,9782,1538482823,489397534,/world,vicon/IMUframe/IMUframe,-0.271691288209,0.0425843067658,1.61476901396,0.0216364918776,0.0757444565155,-0.126985729357,0.988771593476
2018/10/02/14:20:23.515218,9783,1538482823,499349855,/world,vicon/IMUframe/IMUframe,-0.273833312295,0.0460483543925,1.61613529934,0.0248095794964,0.077746440642,-0.156490259909,0.984302176309
2018/10/02/14:20:23.525458,9784,1538482823,509395050,/world,vicon/IMUframe/IMUframe,-0.27580965229,0.0493734862914,1.61770359345,0.0268732905763,0.0796876603325,-0.185884281851,0.97896615713
2018/10/02/14:20:23.535159,9785,1538482823,519396888,/world,vicon/IMUframe/IMUframe,-0.277663855015,0.0525433318039,1.61910289074,0.0289991364868,0.081282787946,-0.215172466044,0.972755348648
2018/10/02/14:20:23.545078,9786,1538482823,529396531,/world,vicon/IMUframe/IMUframe,-0.279324076137,0.0555563404122,1.62030731523,0.0320530465368,0.0824842705516,-0.242921524565,0.966001076719
2018/10/02/14:20:23.554904,9787,1538482823,539378839,/world,vicon/IMUframe/IMUframe,-0.281188593226,0.0585218171262,1.62142476283,0.0355830042736,0.0835925453478,-0.270457382293,0.958435673654
2018/10/02/14:20:23.565202,9788,1538482823,549364300,/world,vicon/IMUframe/IMUframe,-0.283089211027,0.0613279744526,1.62236468757,0.0402290713335,0.0840897459151,-0.295839474457,0.950678463943
2018/10/02/14:20:23.574893,9789,1538482823,559384513,/world,vicon/IMUframe/IMUframe,-0.2851745065,0.0640858553857,1.62315333419,0.0460227147678,0.0833894599406,-0.320898303771,0.942312255217
2018/10/02/14:20:23.584941,9790,1538482823,569319135,/world,vicon/IMUframe/IMUframe,-0.287443287075,0.0669330033729,1.62385559546,0.0525271905534,0.0820703506905,-0.343476834995,0.934092616185
2018/10/02/14:20:23.594882,9791,1538482823,579382218,/world,vicon/IMUframe/IMUframe,-0.289587219137,0.0698502397108,1.6240784493,0.0592353967878,0.0786056405985,-0.365899024949,0.925435154171
2018/10/02/14:20:23.604864,9792,1538482823,589334377,/world,vicon/IMUframe/IMUframe,-0.291588581008,0.0724831396677,1.62421909322,0.0659723408427,0.0741230122976,-0.386169770993,0.917074880946
2018/10/02/14:20:23.614987,9793,1538482823,599427698,/world,vicon/IMUframe/IMUframe,-0.293561278137,0.0747492910928,1.6241351175,0.0723242912065,0.0684441878309,-0.404496668605,0.909102323801
2018/10/02/14:20:23.624966,9794,1538482823,609350363,/world,vicon/IMUframe/IMUframe,-0.295313398188,0.0768123290863,1.62376503421,0.0783481297029,0.0616960269523,-0.420914974457,0.901601771908
2018/10/02/14:20:23.634969,9795,1538482823,619348619,/world,vicon/IMUframe/IMUframe,-0.296854113704,0.0787907390249,1.62335129417,0.0836214155054,0.0541775330159,-0.436633001134,0.894105069948
2018/10/02/14:20:23.644989,9796,1538482823,629416366,/world,vicon/IMUframe/IMUframe,-0.298435669914,0.0806656556802,1.62280405701,0.0884040899481,0.0462111390884,-0.450373219907,0.887250365058
2018/10/02/14:20:23.655172,9797,1538482823,639399824,/world,vicon/IMUframe/IMUframe,-0.299887966022,0.0822872837151,1.62224851638,0.0919441052426,0.0381930082606,-0.462696587506,0.880908305978
2018/10/02/14:20:23.665032,9798,1538482823,649353920,/world,vicon/IMUframe/IMUframe,-0.301148405561,0.084006748164,1.62182400267,0.0941958132397,0.030833561139,-0.474957397885,0.874409463849
2018/10/02/14:20:23.675534,9799,1538482823,659370514,/world,vicon/IMUframe/IMUframe,-0.302232023291,0.0858005509959,1.62154448355,0.0951420935152,0.0241264290183,-0.48693423807,0.867906069376
2018/10/02/14:20:23.685020,9800,1538482823,669342984,/world,vicon/IMUframe/IMUframe,-0.302902754715,0.0876199921122,1.62135007316,0.0949736688703,0.018061122445,-0.498938447358,0.861228322703
2018/10/02/14:20:23.694832,9801,1538482823,679373060,/world,vicon/IMUframe/IMUframe,-0.303225708854,0.0892042901442,1.6212595602,0.0937500743014,0.0125965205411,-0.510513250197,0.854651082379
2018/10/02/14:20:23.704898,9802,1538482823,689394087,/world,vicon/IMUframe/IMUframe,-0.303525113833,0.090485697738,1.62126067044,0.0920537686396,0.00844670149715,-0.520421911946,0.848890917892
2018/10/02/14:20:23.715099,9803,1538482823,699355517,/world,vicon/IMUframe/IMUframe,-0.30325739155,0.0918129358781,1.62118643724,0.0896903328673,0.00434824096376,-0.531659221748,0.842184783121
2018/10/02/14:20:23.724975,9804,1538482823,709375780,/world,vicon/IMUframe/IMUframe,-0.303074691957,0.0928940934005,1.62104601911,0.0870807410794,0.000649671380284,-0.541701005347,0.836048170422
2018/10/02/14:20:23.734874,9805,1538482823,719332526,/world,vicon/IMUframe/IMUframe,-0.302971995284,0.0937213527787,1.62104254017,0.0847609062454,-0.00205570958647,-0.550550752154,0.830484937933
2018/10/02/14:20:23.744957,9806,1538482823,729377066,/world,vicon/IMUframe/IMUframe,-0.302873723889,0.0941220607762,1.62112852195,0.0826683537417,-0.00381733556612,-0.558002899638,0.825702207357
2018/10/02/14:20:23.755024,9807,1538482823,739370005,/world,vicon/IMUframe/IMUframe,-0.302767008909,0.0944690434436,1.6212245619,0.0808828822982,-0.00499101417616,-0.564581114188,0.821389806749
2018/10/02/14:20:23.765047,9808,1538482823,749361727,/world,vicon/IMUframe/IMUframe,-0.302770712344,0.0944186147875,1.62147399255,0.0794307437435,-0.00511027181342,-0.56934745742,0.818234755312
2018/10/02/14:20:23.775170,9809,1538482823,759383958,/world,vicon/IMUframe/IMUframe,-0.302518460876,0.0944834449653,1.62183386718,0.0781983881922,-0.00416835151711,-0.574656468714,0.814639539855
2018/10/02/14:20:23.785194,9810,1538482823,769327029,/world,vicon/IMUframe/IMUframe,-0.302449438336,0.0942898155107,1.62235352135,0.0766493489235,-0.00233638706149,-0.5781207934,0.812339686857
2018/10/02/14:20:23.795196,9811,1538482823,779353532,/world,vicon/IMUframe/IMUframe,-0.30219333594,0.094160220958,1.62278034273,0.0744698153158,-0.000516080856256,-0.581735118053,0.809961871134
2018/10/02/14:20:23.805211,9812,1538482823,789338663,/world,vicon/IMUframe/IMUframe,-0.301970692362,0.0938633400075,1.62332504935,0.0723857111242,0.00185955263215,-0.584440684666,0.808199193885
2018/10/02/14:20:23.815035,9813,1538482823,799391718,/world,vicon/IMUframe/IMUframe,-0.301667884606,0.0935179637476,1.623884867,0.0703798375356,0.00435032484237,-0.586654286158,0.80676173786
2018/10/02/14:20:23.825281,9814,1538482823,809355445,/world,vicon/IMUframe/IMUframe,-0.301350167273,0.0931006506975,1.62444380422,0.068266115693,0.00696799229501,-0.588323117584,0.805709062781
2018/10/02/14:20:23.835066,9815,1538482823,819365616,/world,vicon/IMUframe/IMUframe,-0.301033986353,0.0926994373454,1.62501139706,0.0661887341998,0.00975395888929,-0.589528512593,0.804972076901
2018/10/02/14:20:23.844986,9816,1538482823,829332728,/world,vicon/IMUframe/IMUframe,-0.300729753216,0.092264114549,1.62559030527,0.0642753871369,0.0124609481035,-0.590200451941,0.804597306675
2018/10/02/14:20:23.855159,9817,1538482823,839361668,/world,vicon/IMUframe/IMUframe,-0.300404041643,0.0918060626931,1.6261348019,0.0623323851021,0.0151749751167,-0.590338830315,0.804602050284
2018/10/02/14:20:23.865300,9818,1538482823,849405489,/world,vicon/IMUframe/IMUframe,-0.299994362817,0.091323409587,1.62670449617,0.0602603952102,0.0179286069388,-0.5900474766,0.804916905762
2018/10/02/14:20:23.875329,9819,1538482823,859380324,/world,vicon/IMUframe/IMUframe,-0.299584629525,0.0908746963443,1.62725386387,0.058168344329,0.0205341067588,-0.589192152821,0.805634781543
2018/10/02/14:20:23.885442,9820,1538482823,869369141,/world,vicon/IMUframe/IMUframe,-0.299213280791,0.0904652400043,1.62779822965,0.0560380356998,0.0230613361242,-0.587948089653,0.806625661137
2018/10/02/14:20:23.895230,9821,1538482823,879356692,/world,vicon/IMUframe/IMUframe,-0.298878334454,0.090032886334,1.62835660095,0.0538927835625,0.0255656903003,-0.586232024277,0.807944290822
2018/10/02/14:20:23.905059,9822,1538482823,889382416,/world,vicon/IMUframe/IMUframe,-0.298557381,0.0896408248201,1.6288554444,0.0518320648674,0.0280053877389,-0.584118277924,0.809527623188
2018/10/02/14:20:23.915622,9823,1538482823,899355276,/world,vicon/IMUframe/IMUframe,-0.298219676423,0.0892929058721,1.62934551195,0.0498288694843,0.0304351705499,-0.581578455408,0.811392188997
2018/10/02/14:20:23.925135,9824,1538482823,909370539,/world,vicon/IMUframe/IMUframe,-0.297888311543,0.0889771161209,1.62987521942,0.0478722087725,0.0329124457708,-0.578690129809,0.813475725638
2018/10/02/14:20:23.935442,9825,1538482823,919380332,/world,vicon/IMUframe/IMUframe,-0.297653921474,0.0887060322573,1.63036151457,0.0456166799201,0.0351637379018,-0.575367942598,0.81586418029
2018/10/02/14:20:23.945225,9826,1538482823,929395996,/world,vicon/IMUframe/IMUframe,-0.297381692844,0.0883699516352,1.63104053568,0.0437371850525,0.0378707825834,-0.57208968085,0.818148067
2018/10/02/14:20:23.955129,9827,1538482823,939339356,/world,vicon/IMUframe/IMUframe,-0.297136531307,0.0881581899514,1.63170430955,0.0418006919908,0.0403846272049,-0.568599701091,0.820558446397
2018/10/02/14:20:23.965400,9828,1538482823,949378689,/world,vicon/IMUframe/IMUframe,-0.296972847979,0.0878566054603,1.63242088349,0.0400090423933,0.0428226520684,-0.564205540653,0.823551822834
2018/10/02/14:20:23.975141,9829,1538482823,959371010,/world,vicon/IMUframe/IMUframe,-0.296855511334,0.0875135953723,1.63317432832,0.0383846969531,0.0448646583744,-0.55882745381,0.827179336261
2018/10/02/14:20:23.985193,9830,1538482823,969354088,/world,vicon/IMUframe/IMUframe,-0.296816165387,0.0870336359803,1.63394000423,0.03688229591,0.0464316325619,-0.552091706167,0.831672139565
2018/10/02/14:20:23.995370,9831,1538482823,979380081,/world,vicon/IMUframe/IMUframe,-0.296762768524,0.0865754828648,1.63470363469,0.0349882912707,0.0473451967911,-0.544283444484,0.836833187604
2018/10/02/14:20:24.005079,9832,1538482823,989361059,/world,vicon/IMUframe/IMUframe,-0.296983489017,0.0858150477282,1.63566671301,0.032513698856,0.0489902019249,-0.534269938699,0.843266536811
2018/10/02/14:20:24.014982,9833,1538482823,999363819,/world,vicon/IMUframe/IMUframe,-0.297132050783,0.0850967507226,1.63648549647,0.0290885882886,0.0498115622003,-0.523153797719,0.850283932716
2018/10/02/14:20:24.025088,9834,1538482824,9368751,/world,vicon/IMUframe/IMUframe,-0.297077156434,0.0844403240198,1.63741817919,0.0253886653538,0.0502551736614,-0.511887778168,0.857205188828
2018/10/02/14:20:24.035158,9835,1538482824,19365478,/world,vicon/IMUframe/IMUframe,-0.29722179218,0.0836242302265,1.6385050207,0.0216969425792,0.0506128888724,-0.498952826413,0.864877826734
2018/10/02/14:20:24.045095,9836,1538482824,29351000,/world,vicon/IMUframe/IMUframe,-0.297424664775,0.0824530133911,1.63954334068,0.0181776177444,0.0503707721621,-0.484008969074,0.873422965911
2018/10/02/14:20:24.055362,9837,1538482824,39383175,/world,vicon/IMUframe/IMUframe,-0.29768744136,0.0811507951247,1.64053833943,0.0149455219523,0.0497179559537,-0.467941759619,0.882233113091
2018/10/02/14:20:24.065254,9838,1538482824,49372839,/world,vicon/IMUframe/IMUframe,-0.297869374035,0.0795518274431,1.64144738567,0.0119781408462,0.0488085950147,-0.450405948468,0.891408282876
2018/10/02/14:20:24.075047,9839,1538482824,59340948,/world,vicon/IMUframe/IMUframe,-0.29819352651,0.0778583608102,1.64235685012,0.00934639993818,0.0478937021232,-0.431483489898,0.90080010882
2018/10/02/14:20:24.085035,9840,1538482824,69359490,/world,vicon/IMUframe/IMUframe,-0.298652195573,0.0761107699252,1.64334047828,0.00704161742868,0.0468878693079,-0.412073062734,0.909916333684
2018/10/02/14:20:24.095377,9841,1538482824,79352772,/world,vicon/IMUframe/IMUframe,-0.299079358928,0.0736906304788,1.64424303874,0.00528764980472,0.0454573338178,-0.390069801663,0.919647335337
2018/10/02/14:20:24.105174,9842,1538482824,89350604,/world,vicon/IMUframe/IMUframe,-0.299618169718,0.0714914859186,1.64507611964,0.00406121326488,0.0443128826069,-0.366945451151,0.929177545393
2018/10/02/14:20:24.115074,9843,1538482824,99338449,/world,vicon/IMUframe/IMUframe,-0.299997016727,0.0689219954793,1.64579573309,0.00320314968771,0.0427981770328,-0.342926506125,0.938381301642
2018/10/02/14:20:24.125200,9844,1538482824,109368932,/world,vicon/IMUframe/IMUframe,-0.299762532858,0.0659517210425,1.64662620004,0.00285985838232,0.0407504876895,-0.316287351715,0.947783482716
2018/10/02/14:20:24.135052,9845,1538482824,119370663,/world,vicon/IMUframe/IMUframe,-0.299701047964,0.0629821492037,1.64719672795,0.00328605643532,0.0385730848542,-0.289596025252,0.956365756976
2018/10/02/14:20:24.145495,9846,1538482824,129389237,/world,vicon/IMUframe/IMUframe,-0.299206026198,0.0598268991908,1.64786299557,0.00392873923738,0.0353842191171,-0.261239650799,0.964617212627
2018/10/02/14:20:24.155434,9847,1538482824,139378423,/world,vicon/IMUframe/IMUframe,-0.298495849935,0.0566299998559,1.6483696935,0.00511814474718,0.0321074900552,-0.231445107079,0.972304518186
2018/10/02/14:20:24.165087,9848,1538482824,149396677,/world,vicon/IMUframe/IMUframe,-0.297256360713,0.0532791925706,1.64870355663,0.00612687236277,0.0284611910771,-0.200622984,0.9792358451
2018/10/02/14:20:24.175083,9849,1538482824,159386195,/world,vicon/IMUframe/IMUframe,-0.295517181516,0.0502303527673,1.64900053409,0.0064651726868,0.0244995480994,-0.168805881536,0.985323575301
2018/10/02/14:20:24.185276,9850,1538482824,169341927,/world,vicon/IMUframe/IMUframe,-0.293518296358,0.0468891282155,1.64918393446,0.00562654967433,0.0206509593381,-0.137090698451,0.990327228857
2018/10/02/14:20:24.195034,9851,1538482824,179330476,/world,vicon/IMUframe/IMUframe,-0.290989932909,0.0440225561311,1.64966310626,0.00372634601803,0.0159867525316,-0.105127282891,0.994323283686
2018/10/02/14:20:24.205321,9852,1538482824,189337942,/world,vicon/IMUframe/IMUframe,-0.288342647961,0.0414911519834,1.65019308929,0.000916149711199,0.0110997296022,-0.0729755966603,0.997271537228
2018/10/02/14:20:24.215220,9853,1538482824,199356570,/world,vicon/IMUframe/IMUframe,-0.285500571398,0.0392614419333,1.65062345141,-0.00196558458799,0.00566467819184,-0.0409301373415,0.999144019526
2018/10/02/14:20:24.225078,9854,1538482824,209353918,/world,vicon/IMUframe/IMUframe,-0.282590150757,0.0369411876929,1.65094358484,-0.00460387440658,-0.000411844927002,-0.00871010053212,0.999951383255
2018/10/02/14:20:24.234823,9855,1538482824,219359349,/world,vicon/IMUframe/IMUframe,-0.279384629644,0.0351375844623,1.65127400228,-0.0063703690966,-0.00692799454799,0.0240299269248,0.999666936485
2018/10/02/14:20:24.245144,9856,1538482824,229361635,/world,vicon/IMUframe/IMUframe,-0.276156987395,0.0335549031043,1.65150500456,-0.00707940855301,-0.0137202873262,0.0568182965193,0.998265153589
2018/10/02/14:20:24.255089,9857,1538482824,239423545,/world,vicon/IMUframe/IMUframe,-0.272857714165,0.0321956260567,1.65161628894,-0.00749110259993,-0.0212370437832,0.0888657505536,0.995789008642
2018/10/02/14:20:24.265049,9858,1538482824,249372552,/world,vicon/IMUframe/IMUframe,-0.269336679687,0.030970075795,1.6517174255,-0.00727297017639,-0.0287738778297,0.120978877707,0.99221130764
2018/10/02/14:20:24.275002,9859,1538482824,259355428,/world,vicon/IMUframe/IMUframe,-0.265926483269,0.0299068032965,1.65144527248,-0.00608241192973,-0.0370346064211,0.152645548186,0.987568113505
2018/10/02/14:20:24.285404,9860,1538482824,269366797,/world,vicon/IMUframe/IMUframe,-0.262409399402,0.0288450802582,1.65116816278,-0.00277896612809,-0.0458525039387,0.183482982926,0.981948990634
2018/10/02/14:20:24.294999,9861,1538482824,279352527,/world,vicon/IMUframe/IMUframe,-0.258852288682,0.0283588141929,1.65102230573,-0.000428644648126,-0.0548248456821,0.214266398837,0.975235337182
2018/10/02/14:20:24.305160,9862,1538482824,289368948,/world,vicon/IMUframe/IMUframe,-0.255618747344,0.0281719930394,1.65081563996,0.00264889902428,-0.0641240011679,0.243368137859,0.967808372191
2018/10/02/14:20:24.315086,9863,1538482824,299371550,/world,vicon/IMUframe/IMUframe,-0.252428798452,0.0289142208331,1.65067787413,0.00440453493024,-0.0729566460907,0.271846152985,0.959561148114
2018/10/02/14:20:24.325199,9864,1538482824,309339225,/world,vicon/IMUframe/IMUframe,-0.24916818296,0.0294951345311,1.65035960057,0.0075890331671,-0.082138578358,0.299033780283,0.950670531136
2018/10/02/14:20:24.335179,9865,1538482824,319367685,/world,vicon/IMUframe/IMUframe,-0.245920264414,0.0303348092509,1.65014157329,0.0106105715107,-0.090530671263,0.325408016673,0.941170141907
2018/10/02/14:20:24.344986,9866,1538482824,329342247,/world,vicon/IMUframe/IMUframe,-0.242719690271,0.0315528040494,1.6500146559,0.0133583962633,-0.0974873767334,0.35153557502,0.930988992482
2018/10/02/14:20:24.355244,9867,1538482824,339368377,/world,vicon/IMUframe/IMUframe,-0.239536359053,0.0329627486921,1.64991130347,0.0151527234914,-0.103631921468,0.376599652635,0.920436592851
2018/10/02/14:20:24.365540,9868,1538482824,349354355,/world,vicon/IMUframe/IMUframe,-0.236297292214,0.0343579629916,1.65016442778,0.0156330747599,-0.108095241892,0.401369990317,0.909380644465
2018/10/02/14:20:24.374839,9869,1538482824,359333905,/world,vicon/IMUframe/IMUframe,-0.233458759172,0.0362519651206,1.65028299485,0.015166990036,-0.111716217087,0.424907016903,0.898188998062
2018/10/02/14:20:24.385025,9870,1538482824,369356972,/world,vicon/IMUframe/IMUframe,-0.23093568121,0.03837689961,1.65068398334,0.0141529462463,-0.114450994754,0.446409040156,0.88736668451
2018/10/02/14:20:24.395088,9871,1538482824,379394368,/world,vicon/IMUframe/IMUframe,-0.228844695324,0.0405227545849,1.65122648236,0.0119352993383,-0.116347721271,0.466451995371,0.876780070713
2018/10/02/14:20:24.405234,9872,1538482824,389354466,/world,vicon/IMUframe/IMUframe,-0.227133348858,0.0428035104636,1.65198114993,0.00859960951078,-0.118156330171,0.484642649924,0.866652542967
2018/10/02/14:20:24.415253,9873,1538482824,399364940,/world,vicon/IMUframe/IMUframe,-0.225956064337,0.0450355317189,1.65272263777,0.00415807069413,-0.119701050385,0.50075297168,0.857263571102
2018/10/02/14:20:24.425169,9874,1538482824,409359939,/world,vicon/IMUframe/IMUframe,-0.22496706836,0.0477793529375,1.65368400486,-0.00206142689554,-0.121286253143,0.51678932094,0.847475187295
2018/10/02/14:20:24.435156,9875,1538482824,419334769,/world,vicon/IMUframe/IMUframe,-0.224199504195,0.0503997065379,1.65472081331,-0.00899968172186,-0.122422889661,0.530283849064,0.838886572331
2018/10/02/14:20:24.445182,9876,1538482824,429355822,/world,vicon/IMUframe/IMUframe,-0.223805724731,0.0533834060749,1.65592033773,-0.0169099528756,-0.12305045933,0.543418898614,0.83022198151
2018/10/02/14:20:24.455348,9877,1538482824,439333269,/world,vicon/IMUframe/IMUframe,-0.223581176541,0.0565212834334,1.65707854122,-0.0257089360709,-0.123217290961,0.555988982212,0.821603798356
2018/10/02/14:20:24.465182,9878,1538482824,449358836,/world,vicon/IMUframe/IMUframe,-0.223527225044,0.059452900115,1.65828238428,-0.035123555643,-0.122910136315,0.568871489955,0.812431327649
2018/10/02/14:20:24.475337,9879,1538482824,459350939,/world,vicon/IMUframe/IMUframe,-0.223570115961,0.0627501397027,1.65941847492,-0.0449125090853,-0.122771578006,0.580765997763,0.803505359039
2018/10/02/14:20:24.485442,9880,1538482824,469365167,/world,vicon/IMUframe/IMUframe,-0.223838312014,0.06602542385,1.6605222389,-0.0547921620574,-0.122653352288,0.592621455831,0.794200090807
2018/10/02/14:20:24.495303,9881,1538482824,479371310,/world,vicon/IMUframe/IMUframe,-0.224179261188,0.0693328733429,1.66151660651,-0.0643048123862,-0.122929880452,0.604654415712,0.784312548131
2018/10/02/14:20:24.505293,9882,1538482824,489404047,/world,vicon/IMUframe/IMUframe,-0.224196619766,0.0729300544565,1.66243110111,-0.0736881354873,-0.123903578571,0.616082922772,0.774377036188
2018/10/02/14:20:24.515172,9883,1538482824,499401822,/world,vicon/IMUframe/IMUframe,-0.224172236872,0.0761231030549,1.66339282686,-0.0827690843511,-0.124464657284,0.627538782282,0.764102679288
2018/10/02/14:20:24.525095,9884,1538482824,509383713,/world,vicon/IMUframe/IMUframe,-0.224174414973,0.0795060859621,1.66425315073,-0.0913923969948,-0.124786058116,0.638371614438,0.754027553443
2018/10/02/14:20:24.535141,9885,1538482824,519385634,/world,vicon/IMUframe/IMUframe,-0.224193414339,0.0827422538812,1.66503908965,-0.0997479356605,-0.124620885511,0.648772846294,0.744052268417
2018/10/02/14:20:24.545093,9886,1538482824,529356385,/world,vicon/IMUframe/IMUframe,-0.224321488624,0.0855096318856,1.66582713917,-0.107472186921,-0.124237939523,0.657720800579,0.735131288892
2018/10/02/14:20:24.555030,9887,1538482824,539382855,/world,vicon/IMUframe/IMUframe,-0.224318937648,0.0887517999828,1.66635871347,-0.114375561234,-0.123307872949,0.666979056014,0.725845946672
2018/10/02/14:20:24.565023,9888,1538482824,549339110,/world,vicon/IMUframe/IMUframe,-0.224311833884,0.0916852337813,1.66676095962,-0.121128275036,-0.121988024746,0.675288272353,0.717239577845
2018/10/02/14:20:24.574953,9889,1538482824,559370025,/world,vicon/IMUframe/IMUframe,-0.224299653619,0.0944121088716,1.66711840985,-0.127682832637,-0.120522503063,0.68321152884,0.708797169411
2018/10/02/14:20:24.585021,9890,1538482824,569351423,/world,vicon/IMUframe/IMUframe,-0.224522656354,0.0969050870768,1.66735510683,-0.133686316549,-0.118908329012,0.690889141881,0.700471963529
2018/10/02/14:20:24.594968,9891,1538482824,579405620,/world,vicon/IMUframe/IMUframe,-0.224718867794,0.0992902420799,1.66767359673,-0.139261567304,-0.11759508567,0.698759826773,0.691745846526
2018/10/02/14:20:24.604816,9892,1538482824,589340653,/world,vicon/IMUframe/IMUframe,-0.224942763637,0.101783061981,1.66795959571,-0.144050671634,-0.117048867632,0.706018257237,0.683437771151
2018/10/02/14:20:24.615044,9893,1538482824,599427846,/world,vicon/IMUframe/IMUframe,-0.225319160041,0.104096625488,1.66822145295,-0.148259461647,-0.116750886383,0.712711143225,0.675596913022
2018/10/02/14:20:24.625085,9894,1538482824,609425060,/world,vicon/IMUframe/IMUframe,-0.225668999664,0.106322794598,1.66844910254,-0.152169698155,-0.116828029083,0.719111912005,0.667887455037
2018/10/02/14:20:24.635048,9895,1538482824,619392156,/world,vicon/IMUframe/IMUframe,-0.226135749773,0.108448945978,1.66849729208,-0.155729061285,-0.11663572147,0.724953234286,0.660747588756
2018/10/02/14:20:24.644936,9896,1538482824,629393516,/world,vicon/IMUframe/IMUframe,-0.226460752055,0.110459771323,1.66850363492,-0.159106267151,-0.116660228144,0.730521885105,0.653768584673
2018/10/02/14:20:24.655066,9897,1538482824,639369000,/world,vicon/IMUframe/IMUframe,-0.226709017795,0.112413897941,1.66860259846,-0.16177845056,-0.116466552753,0.735731395576,0.647273194708
2018/10/02/14:20:24.665097,9898,1538482824,649374030,/world,vicon/IMUframe/IMUframe,-0.226752547369,0.114355545464,1.66872269571,-0.164329488334,-0.115925005296,0.74073352726,0.640992241766
2018/10/02/14:20:24.675237,9899,1538482824,659382037,/world,vicon/IMUframe/IMUframe,-0.226921068546,0.116051834267,1.66860439537,-0.16691941196,-0.115084700772,0.745616105403,0.634783463019
2018/10/02/14:20:24.684969,9900,1538482824,669413451,/world,vicon/IMUframe/IMUframe,-0.226687004144,0.117794265642,1.66851317255,-0.169379432704,-0.11430606842,0.749856517282,0.629253473561
2018/10/02/14:20:24.694889,9901,1538482824,679381288,/world,vicon/IMUframe/IMUframe,-0.22626137441,0.119561188975,1.6683754014,-0.171582914313,-0.113677208182,0.753559449543,0.624327599791
2018/10/02/14:20:24.704888,9902,1538482824,689363724,/world,vicon/IMUframe/IMUframe,-0.225731311372,0.121320867796,1.66810380053,-0.173359728474,-0.113405545856,0.756736143151,0.620029028644
2018/10/02/14:20:24.714943,9903,1538482824,699421772,/world,vicon/IMUframe/IMUframe,-0.224999946564,0.123036112933,1.66792563566,-0.174560910513,-0.113174421676,0.75947791322,0.61637110423
2018/10/02/14:20:24.725008,9904,1538482824,709362305,/world,vicon/IMUframe/IMUframe,-0.224312331487,0.124463276095,1.66764186331,-0.175399628148,-0.112617140046,0.762158754389,0.612916293894
2018/10/02/14:20:24.734882,9905,1538482824,719368720,/world,vicon/IMUframe/IMUframe,-0.223430174499,0.125851475051,1.66739721671,-0.175553516592,-0.111952062997,0.764731664225,0.609781255972
2018/10/02/14:20:24.744898,9906,1538482824,729368943,/world,vicon/IMUframe/IMUframe,-0.222442205418,0.127267651209,1.6671249215,-0.17514841291,-0.110964664727,0.767406642977,0.606709914994
2018/10/02/14:20:24.754905,9907,1538482824,739394763,/world,vicon/IMUframe/IMUframe,-0.221338383247,0.128846752557,1.66698166018,-0.174379790668,-0.109643546902,0.770125943132,0.603718488159
2018/10/02/14:20:24.764938,9908,1538482824,749409730,/world,vicon/IMUframe/IMUframe,-0.220166119495,0.130463054193,1.66678777498,-0.173787957029,-0.10756753303,0.773151740274,0.600386007782
2018/10/02/14:20:24.774910,9909,1538482824,759341064,/world,vicon/IMUframe/IMUframe,-0.218940215994,0.132091056277,1.66652112889,-0.173273334321,-0.104803446141,0.776464596418,0.596737228434
2018/10/02/14:20:24.785253,9910,1538482824,769385691,/world,vicon/IMUframe/IMUframe,-0.21770344149,0.133672963496,1.66620693239,-0.172832973083,-0.101913950409,0.779899766709,0.592873227608
2018/10/02/14:20:24.794985,9911,1538482824,779433057,/world,vicon/IMUframe/IMUframe,-0.216364967169,0.135225066499,1.66581498468,-0.172206341384,-0.0989667935515,0.783467691621,0.588836926447
2018/10/02/14:20:24.805234,9912,1538482824,789368267,/world,vicon/IMUframe/IMUframe,-0.214976952536,0.136771711227,1.66544353,-0.171517752948,-0.0966438578146,0.786886726949,0.584851181175
2018/10/02/14:20:24.815109,9913,1538482824,799356903,/world,vicon/IMUframe/IMUframe,-0.213538245896,0.138395082539,1.66509921425,-0.170905533882,-0.0947504971006,0.790482503557,0.580474851616
2018/10/02/14:20:24.825130,9914,1538482824,809376600,/world,vicon/IMUframe/IMUframe,-0.212124935851,0.13971187687,1.66462547636,-0.17008694197,-0.092280554759,0.793992232244,0.576308135046
2018/10/02/14:20:24.835071,9915,1538482824,819374151,/world,vicon/IMUframe/IMUframe,-0.210598967485,0.141095879707,1.66411845793,-0.169158908226,-0.0899490107407,0.79759621654,0.57195691673
2018/10/02/14:20:24.844948,9916,1538482824,829371889,/world,vicon/IMUframe/IMUframe,-0.209022402905,0.142285335823,1.66356039273,-0.168032342971,-0.0877220197847,0.800670363705,0.568328204162
2018/10/02/14:20:24.855046,9917,1538482824,839367324,/world,vicon/IMUframe/IMUframe,-0.207408051475,0.143361809586,1.66297603065,-0.166467135778,-0.0855488857385,0.803343748696,0.565339634456
2018/10/02/14:20:24.865004,9918,1538482824,849409505,/world,vicon/IMUframe/IMUframe,-0.205808753025,0.144377278295,1.66230525983,-0.164391567088,-0.0834648412274,0.805586505482,0.563062532171
2018/10/02/14:20:24.875277,9919,1538482824,859385927,/world,vicon/IMUframe/IMUframe,-0.204209306058,0.145184879182,1.66164221823,-0.162299612059,-0.0811011905032,0.807483555678,0.561294699898
2018/10/02/14:20:24.885093,9920,1538482824,869335686,/world,vicon/IMUframe/IMUframe,-0.202627041416,0.145731387741,1.66098118225,-0.159965792593,-0.0785323480466,0.808905971599,0.560280951508
2018/10/02/14:20:24.895214,9921,1538482824,879350831,/world,vicon/IMUframe/IMUframe,-0.201032480301,0.146181238365,1.66037089092,-0.157485313719,-0.0760063540958,0.809930927864,0.559851142885
2018/10/02/14:20:24.905276,9922,1538482824,889360109,/world,vicon/IMUframe/IMUframe,-0.199495944018,0.146369651814,1.65991199892,-0.154934233793,-0.0735046095146,0.810554868302,0.559993983049
2018/10/02/14:20:24.915131,9923,1538482824,899366121,/world,vicon/IMUframe/IMUframe,-0.197909090674,0.146470868827,1.65944977528,-0.152405751423,-0.0709214897974,0.810623094373,0.560921409902
2018/10/02/14:20:24.925092,9924,1538482824,909353219,/world,vicon/IMUframe/IMUframe,-0.196462856326,0.146329390393,1.65889181142,-0.149666747097,-0.0680023755768,0.810259617614,0.562543237266
2018/10/02/14:20:24.934885,9925,1538482824,919383278,/world,vicon/IMUframe/IMUframe,-0.194956796083,0.146070219883,1.65838969574,-0.147116979147,-0.0652719411529,0.809248060248,0.564990039849
2018/10/02/14:20:24.945580,9926,1538482824,929363809,/world,vicon/IMUframe/IMUframe,-0.193375331415,0.145730962085,1.65803743449,-0.144740984725,-0.0620093967058,0.807238709171,0.568832619034
2018/10/02/14:20:24.955170,9927,1538482824,939392968,/world,vicon/IMUframe/IMUframe,-0.191749484361,0.145148293646,1.65763541909,-0.141959438281,-0.059120795267,0.804591301823,0.573572215576
2018/10/02/14:20:24.965244,9928,1538482824,949377103,/world,vicon/IMUframe/IMUframe,-0.190121543951,0.144388537412,1.65726216693,-0.139047259759,-0.0559067206409,0.801224948087,0.579291706055
2018/10/02/14:20:24.975428,9929,1538482824,959364035,/world,vicon/IMUframe/IMUframe,-0.188411648419,0.143478440401,1.65687832427,-0.135846390981,-0.0525097634512,0.797083250765,0.586043321052
2018/10/02/14:20:24.985095,9930,1538482824,969354225,/world,vicon/IMUframe/IMUframe,-0.186742414292,0.142573801735,1.65642998295,-0.132884567946,-0.0487584506147,0.791998483667,0.593887789877
2018/10/02/14:20:24.995087,9931,1538482824,979382789,/world,vicon/IMUframe/IMUframe,-0.185249277558,0.141440174297,1.6561622957,-0.12912425629,-0.0449696143983,0.786208942879,0.602644305006
2018/10/02/14:20:25.005120,9932,1538482824,989389121,/world,vicon/IMUframe/IMUframe,-0.183868991234,0.140043488475,1.65595186942,-0.125244103024,-0.0414837113574,0.779320139687,0.612579085692
2018/10/02/14:20:25.015329,9933,1538482824,999392030,/world,vicon/IMUframe/IMUframe,-0.182671587237,0.138497006865,1.65590327066,-0.121322855974,-0.0379298014294,0.771134186279,0.623854279086
2018/10/02/14:20:25.025061,9934,1538482825,9394643,/world,vicon/IMUframe/IMUframe,-0.181657444549,0.136861588246,1.6560005304,-0.11747785578,-0.0341905602731,0.761507404135,0.636503285488
2018/10/02/14:20:25.035082,9935,1538482825,19369716,/world,vicon/IMUframe/IMUframe,-0.180907594509,0.135018946315,1.65617017004,-0.113914620333,-0.0303851452665,0.750408387713,0.650374856426
2018/10/02/14:20:25.045236,9936,1538482825,29412165,/world,vicon/IMUframe/IMUframe,-0.180441968702,0.132945621729,1.65630727441,-0.110468182706,-0.0261911095277,0.738011936913,0.665168540571
2018/10/02/14:20:25.055261,9937,1538482825,39438566,/world,vicon/IMUframe/IMUframe,-0.179344223308,0.131343959492,1.65666839502,-0.107263826733,-0.0222599036142,0.724136805876,0.680900032708
2018/10/02/14:20:25.065146,9938,1538482825,49350571,/world,vicon/IMUframe/IMUframe,-0.178493219004,0.129179551263,1.65681997899,-0.104201330636,-0.0174963372908,0.710184555466,0.696041563452
2018/10/02/14:20:25.075121,9939,1538482825,59370574,/world,vicon/IMUframe/IMUframe,-0.177478332057,0.127131549832,1.65692711618,-0.100870504892,-0.011994344529,0.695630519664,0.71118173279
2018/10/02/14:20:25.085117,9940,1538482825,69401881,/world,vicon/IMUframe/IMUframe,-0.176143966662,0.124850640852,1.65706767943,-0.096956327992,-0.00555034985105,0.68063660424,0.726155959177
2018/10/02/14:20:25.095383,9941,1538482825,79351754,/world,vicon/IMUframe/IMUframe,-0.174874432775,0.122622593473,1.65707855645,-0.0924658981751,0.0019878275087,0.664883214287,0.741199310291
2018/10/02/14:20:25.105384,9942,1538482825,89373346,/world,vicon/IMUframe/IMUframe,-0.173547271526,0.120109904968,1.65712313362,-0.0868991713321,0.0103456789354,0.648825203575,0.755888454837
2018/10/02/14:20:25.115086,9943,1538482825,99346664,/world,vicon/IMUframe/IMUframe,-0.172251383733,0.11744692211,1.65728617388,-0.0802506948446,0.0193255223043,0.631852504539,0.770680713832
2018/10/02/14:20:25.125148,9944,1538482825,109370422,/world,vicon/IMUframe/IMUframe,-0.171143925948,0.114625244093,1.65735997888,-0.0729015467088,0.0283520644705,0.613854930863,0.785533989578
2018/10/02/14:20:25.135273,9945,1538482825,119415613,/world,vicon/IMUframe/IMUframe,-0.170341602473,0.111610971657,1.65744301018,-0.0650516179713,0.0372724355501,0.594759997167,0.800399649124
2018/10/02/14:20:25.145487,9946,1538482825,129365229,/world,vicon/IMUframe/IMUframe,-0.16976904204,0.108693693791,1.657337608,-0.0562387072127,0.0456165408671,0.575516038548,0.814578190467
2018/10/02/14:20:25.155346,9947,1538482825,139367401,/world,vicon/IMUframe/IMUframe,-0.169398083893,0.105247274336,1.65735558142,-0.0481580622908,0.0525532915047,0.552864171505,0.830216935779
2018/10/02/14:20:25.165180,9948,1538482825,149385317,/world,vicon/IMUframe/IMUframe,-0.169136953302,0.101831510836,1.65741103547,-0.0396469986866,0.0591814603841,0.529841416973,0.845099842091
2018/10/02/14:20:25.175391,9949,1538482825,159372347,/world,vicon/IMUframe/IMUframe,-0.169783942613,0.0984156484057,1.65731603005,-0.0317434378897,0.0654283915559,0.505721574579,0.859626179647
2018/10/02/14:20:25.185191,9950,1538482825,169368804,/world,vicon/IMUframe/IMUframe,-0.170422666354,0.0949082019119,1.65755816564,-0.0240114579895,0.0715256790211,0.480857289369,0.873546675562
2018/10/02/14:20:25.195185,9951,1538482825,179372607,/world,vicon/IMUframe/IMUframe,-0.171744055126,0.0913509981239,1.6577580036,-0.0163911428892,0.0776236373956,0.454367832775,0.887274350972
2018/10/02/14:20:25.205108,9952,1538482825,189347729,/world,vicon/IMUframe/IMUframe,-0.172998722498,0.087767356906,1.65787423395,-0.00924430041045,0.0836353459077,0.428000686895,0.899852812321
2018/10/02/14:20:25.215202,9953,1538482825,199389090,/world,vicon/IMUframe/IMUframe,-0.174620909489,0.0842108163745,1.65793857081,-0.00263081866778,0.0882909829744,0.401207851767,0.91171818058
2018/10/02/14:20:25.225425,9954,1538482825,209368051,/world,vicon/IMUframe/IMUframe,-0.176442124149,0.080626340452,1.65822631098,0.00371128365231,0.093345949075,0.374891785268,0.922349667699
2018/10/02/14:20:25.235381,9955,1538482825,219369507,/world,vicon/IMUframe/IMUframe,-0.178519031833,0.0769797462276,1.65845367459,0.0100071293111,0.0975513754294,0.347473365483,0.932548039939
2018/10/02/14:20:25.245125,9956,1538482825,229356579,/world,vicon/IMUframe/IMUframe,-0.180750692707,0.0735374347198,1.65861206777,0.016726321726,0.100954775462,0.319417675348,0.94207256204
2018/10/02/14:20:25.255501,9957,1538482825,239395883,/world,vicon/IMUframe/IMUframe,-0.183307342592,0.0702652161763,1.65878066854,0.0232121541156,0.104198905242,0.292186367567,0.950384611963
2018/10/02/14:20:25.265177,9958,1538482825,249376146,/world,vicon/IMUframe/IMUframe,-0.185909626612,0.067364956735,1.65902404697,0.0290380599608,0.10742332079,0.265136418275,0.95776808306
2018/10/02/14:20:25.275352,9959,1538482825,259374764,/world,vicon/IMUframe/IMUframe,-0.188729263118,0.0644459768231,1.65913705505,0.0352306658823,0.109858802025,0.23862844896,0.96423353351
2018/10/02/14:20:25.285139,9960,1538482825,269356854,/world,vicon/IMUframe/IMUframe,-0.191501268129,0.0614115789912,1.65925314326,0.0416786567951,0.112134003261,0.212834516062,0.969737244646
2018/10/02/14:20:25.295265,9961,1538482825,279380325,/world,vicon/IMUframe/IMUframe,-0.194359551893,0.0587719475507,1.65926674507,0.047676555039,0.114440570897,0.187574317492,0.974395287986
2018/10/02/14:20:25.305209,9962,1538482825,289377819,/world,vicon/IMUframe/IMUframe,-0.197308551956,0.0563689601161,1.65934325037,0.0532821296641,0.116387237215,0.162928785614,0.978299154906
2018/10/02/14:20:25.315233,9963,1538482825,299382000,/world,vicon/IMUframe/IMUframe,-0.200178556128,0.0540487011981,1.65947065134,0.0585346119904,0.118486081948,0.139685110329,0.981337259833
2018/10/02/14:20:25.325577,9964,1538482825,309388362,/world,vicon/IMUframe/IMUframe,-0.203265426236,0.0519358997731,1.6595481273,0.0630679330333,0.120855253639,0.116894822772,0.983743891417
2018/10/02/14:20:25.335420,9965,1538482825,319368879,/world,vicon/IMUframe/IMUframe,-0.206461372481,0.0499673823349,1.65983815386,0.0669133355209,0.123116709988,0.0941677167091,0.985645637327
2018/10/02/14:20:25.345442,9966,1538482825,329393865,/world,vicon/IMUframe/IMUframe,-0.209778476008,0.048253077249,1.66021443462,0.070319458556,0.125268266211,0.0717144553146,0.987025872066
2018/10/02/14:20:25.355043,9967,1538482825,339377682,/world,vicon/IMUframe/IMUframe,-0.213053518052,0.0467984500065,1.6604804595,0.0729765419964,0.127292472435,0.0491946545894,0.987952902086
2018/10/02/14:20:25.365064,9968,1538482825,349360845,/world,vicon/IMUframe/IMUframe,-0.216434871546,0.0454850868599,1.66082081805,0.0752255793934,0.129285482663,0.0270168292333,0.988380729838
2018/10/02/14:20:25.375030,9969,1538482825,359439087,/world,vicon/IMUframe/IMUframe,-0.219666164769,0.0441525650913,1.66116281336,0.0772749196483,0.131139683272,0.00516707882757,0.988334089041
2018/10/02/14:20:25.385385,9970,1538482825,369351265,/world,vicon/IMUframe/IMUframe,-0.222795683925,0.0430828324333,1.66162015831,0.0791760812682,0.133121584788,-0.0161320693023,0.987800358452
2018/10/02/14:20:25.394840,9971,1538482825,379348058,/world,vicon/IMUframe/IMUframe,-0.225943238261,0.0419301294357,1.66192620869,0.0814772729336,0.1353412891,-0.0376508540758,0.986725191047
2018/10/02/14:20:25.405133,9972,1538482825,389376925,/world,vicon/IMUframe/IMUframe,-0.229214801087,0.0411523180912,1.66213133031,0.0843610173839,0.137523007255,-0.0599993876217,0.985073964079
2018/10/02/14:20:25.414957,9973,1538482825,399335861,/world,vicon/IMUframe/IMUframe,-0.232315361377,0.040161121627,1.66217346117,0.0873018285653,0.139959279975,-0.0813413932702,0.982941182584
2018/10/02/14:20:25.424906,9974,1538482825,409344495,/world,vicon/IMUframe/IMUframe,-0.235274890067,0.0394907863746,1.662210401,0.0909135555291,0.142210826006,-0.10261169924,0.980296713025
2018/10/02/14:20:25.435230,9975,1538482825,419367673,/world,vicon/IMUframe/IMUframe,-0.238053383325,0.0388539882848,1.66204251891,0.094882046482,0.143788803521,-0.124239276335,0.977183083896
2018/10/02/14:20:25.445239,9976,1538482825,429443261,/world,vicon/IMUframe/IMUframe,-0.240913514143,0.0380462530268,1.66193022719,0.0993048855885,0.145544037296,-0.1452230663,0.973583963467
2018/10/02/14:20:25.455073,9977,1538482825,439350947,/world,vicon/IMUframe/IMUframe,-0.243984444684,0.0371396384958,1.6616642214,0.103695102886,0.147344565136,-0.165941817865,0.969536083829
2018/10/02/14:20:25.465137,9978,1538482825,449361732,/world,vicon/IMUframe/IMUframe,-0.24711391171,0.0365753264251,1.66143128377,0.108487619922,0.148874741843,-0.187260507003,0.964883542238
2018/10/02/14:20:25.474966,9979,1538482825,459351437,/world,vicon/IMUframe/IMUframe,-0.250142773922,0.0361489421292,1.66116636039,0.113458177201,0.149931401449,-0.20931782331,0.959600888771
2018/10/02/14:20:25.484880,9980,1538482825,469345195,/world,vicon/IMUframe/IMUframe,-0.253176157595,0.0358334979934,1.66083991374,0.118468662167,0.150633436231,-0.231430062526,0.95378974105
2018/10/02/14:20:25.494885,9981,1538482825,479354559,/world,vicon/IMUframe/IMUframe,-0.256033345076,0.0355977304084,1.66070025484,0.123555723411,0.150718529463,-0.253698791697,0.947446479322
2018/10/02/14:20:25.505067,9982,1538482825,489434717,/world,vicon/IMUframe/IMUframe,-0.259104288808,0.0356952560214,1.66040376052,0.127781007368,0.150821472821,-0.276321893387,0.940516405347
2018/10/02/14:20:25.515354,9983,1538482825,499442836,/world,vicon/IMUframe/IMUframe,-0.261671068096,0.0357969013764,1.65993975918,0.13198315419,0.15017344167,-0.297824848802,0.933449915027
2018/10/02/14:20:25.525245,9984,1538482825,509352089,/world,vicon/IMUframe/IMUframe,-0.264418601916,0.0362468585419,1.65954249892,0.135870392784,0.149451833523,-0.319593910179,0.925777034927
2018/10/02/14:20:25.535535,9985,1538482825,519343399,/world,vicon/IMUframe/IMUframe,-0.266970985954,0.0366936466333,1.65919824742,0.138983331609,0.148434867724,-0.341209918505,0.917728998721
2018/10/02/14:20:25.545067,9986,1538482825,529402974,/world,vicon/IMUframe/IMUframe,-0.269358875209,0.0372502910614,1.65872948419,0.141523766439,0.147039087073,-0.362610042578,0.90932089354
2018/10/02/14:20:25.555102,9987,1538482825,539393319,/world,vicon/IMUframe/IMUframe,-0.271489439622,0.0375871902441,1.65825870881,0.14278687069,0.1454576596,-0.383651659229,0.900702716324
2018/10/02/14:20:25.565026,9988,1538482825,549417800,/world,vicon/IMUframe/IMUframe,-0.273159930261,0.0380378315421,1.65775309532,0.143466026152,0.143575259693,-0.40433656347,0.891804680177
2018/10/02/14:20:25.575275,9989,1538482825,559351340,/world,vicon/IMUframe/IMUframe,-0.274636718231,0.0387341500322,1.65734075865,0.143290782505,0.141806864991,-0.424487003773,0.882705697454
2018/10/02/14:20:25.585117,9990,1538482825,569381455,/world,vicon/IMUframe/IMUframe,-0.276077433141,0.0394552673221,1.65691538004,0.142174416844,0.14072741264,-0.443945041162,0.873438624607
2018/10/02/14:20:25.595308,9991,1538482825,579366297,/world,vicon/IMUframe/IMUframe,-0.277299404902,0.0404239163722,1.65657588577,0.140392566075,0.139574295283,-0.462546610592,0.864210377464
2018/10/02/14:20:25.605067,9992,1538482825,589350739,/world,vicon/IMUframe/IMUframe,-0.277869242146,0.0412533334891,1.65631654767,0.138137857463,0.138550461907,-0.481225868407,0.854484268677
2018/10/02/14:20:25.615095,9993,1538482825,599338252,/world,vicon/IMUframe/IMUframe,-0.278173106602,0.0421070839411,1.65581894821,0.134838412804,0.13739063388,-0.498956155791,0.84497643207
2018/10/02/14:20:25.625182,9994,1538482825,609379991,/world,vicon/IMUframe/IMUframe,-0.278536466635,0.0429024056046,1.65528814649,0.131716536867,0.136486262731,-0.515129985277,0.83586084504
2018/10/02/14:20:25.635081,9995,1538482825,619370506,/world,vicon/IMUframe/IMUframe,-0.278644033544,0.0435396957485,1.6546941682,0.128113565851,0.135769988013,-0.530032141447,0.827175527704
2018/10/02/14:20:25.645148,9996,1538482825,629352386,/world,vicon/IMUframe/IMUframe,-0.278362154336,0.0440862754569,1.65404703836,0.124450036079,0.135208290213,-0.544437424199,0.818424582909
2018/10/02/14:20:25.654994,9997,1538482825,639352987,/world,vicon/IMUframe/IMUframe,-0.278060023217,0.0444766045259,1.65336556343,0.12076449855,0.135002992268,-0.55766358604,0.810062622748
2018/10/02/14:20:25.665080,9998,1538482825,649355759,/world,vicon/IMUframe/IMUframe,-0.277540502299,0.0446720920271,1.6525202134,0.116590245632,0.1348668958,-0.569717487076,0.802271537549
2018/10/02/14:20:25.675090,9999,1538482825,659432629,/world,vicon/IMUframe/IMUframe,-0.277155335159,0.0447491751649,1.65155390869,0.112297146306,0.135239544716,-0.580543285725,0.795027741577
2018/10/02/14:20:25.685406,10000,1538482825,669352405,/world,vicon/IMUframe/IMUframe,-0.276802978565,0.04480929197,1.65075151378,0.108496425506,0.135768377378,-0.590121437253,0.788385795567
2018/10/02/14:20:25.695241,10001,1538482825,679370131,/world,vicon/IMUframe/IMUframe,-0.27660006007,0.0447761026373,1.6499602104,0.104920253971,0.136544250403,-0.598715722986,0.782231993105
2018/10/02/14:20:25.705323,10002,1538482825,689367754,/world,vicon/IMUframe/IMUframe,-0.276349199047,0.044784374351,1.64912384425,0.10233883938,0.137142950836,-0.606619692605,0.776357599006
2018/10/02/14:20:25.715277,10003,1538482825,699351524,/world,vicon/IMUframe/IMUframe,-0.276287513795,0.0446229065678,1.64817893733,0.100246127205,0.137333617302,-0.613287856262,0.771341815864
2018/10/02/14:20:25.725018,10004,1538482825,709352016,/world,vicon/IMUframe/IMUframe,-0.276258721977,0.0445360133276,1.6472932847,0.0985380752253,0.137520208367,-0.619529316547,0.766525841679
2018/10/02/14:20:25.734910,10005,1538482825,719385682,/world,vicon/IMUframe/IMUframe,-0.276373483338,0.0443996069116,1.64647767153,0.0969519020103,0.137733816132,-0.625265936423,0.762018525588
2018/10/02/14:20:25.744907,10006,1538482825,729351014,/world,vicon/IMUframe/IMUframe,-0.276411556814,0.0442977386146,1.64554181633,0.0959831071388,0.137562204706,-0.630296809681,0.758017027966
2018/10/02/14:20:25.755071,10007,1538482825,739437549,/world,vicon/IMUframe/IMUframe,-0.27618444999,0.043930947343,1.644513023,0.0950175208283,0.137332429278,-0.635035747129,0.75421553582
2018/10/02/14:20:25.765121,10008,1538482825,749465644,/world,vicon/IMUframe/IMUframe,-0.276315846217,0.0437043530962,1.64365058904,0.0941897358406,0.137286944561,-0.638923014724,0.751037928317
2018/10/02/14:20:25.775247,10009,1538482825,759347830,/world,vicon/IMUframe/IMUframe,-0.276509599565,0.0434225331567,1.64290199939,0.0935123292648,0.137515106479,-0.642094790707,0.748371110822
2018/10/02/14:20:25.785169,10010,1538482825,769366797,/world,vicon/IMUframe/IMUframe,-0.276831410696,0.0430839480218,1.64221092362,0.0930249771561,0.138038714272,-0.644519173644,0.746248418285
2018/10/02/14:20:25.795368,10011,1538482825,779363830,/world,vicon/IMUframe/IMUframe,-0.277266228606,0.0426593778655,1.64153784181,0.0927549601641,0.138753107245,-0.646130526967,0.74475461376
2018/10/02/14:20:25.805188,10012,1538482825,789351510,/world,vicon/IMUframe/IMUframe,-0.277805388851,0.0421178650752,1.64093523833,0.0928390224517,0.139713508044,-0.647048323297,0.743767113349
2018/10/02/14:20:25.815060,10013,1538482825,799350836,/world,vicon/IMUframe/IMUframe,-0.278438721393,0.0415335766145,1.64029121786,0.0936068586978,0.140576819474,-0.647158716813,0.743412072195
2018/10/02/14:20:25.825238,10014,1538482825,809333583,/world,vicon/IMUframe/IMUframe,-0.279282184316,0.0407377406393,1.63966772897,0.0945159376696,0.141481501414,-0.646273390516,0.743895440902
2018/10/02/14:20:25.835041,10015,1538482825,819370074,/world,vicon/IMUframe/IMUframe,-0.280160292426,0.039967475561,1.63905613013,0.0960792335109,0.142189609169,-0.644815388027,0.7448248192
2018/10/02/14:20:25.845034,10016,1538482825,829354876,/world,vicon/IMUframe/IMUframe,-0.281032699711,0.0390952815868,1.63843468444,0.0980664760833,0.142777101893,-0.642683435604,0.746294624826
2018/10/02/14:20:25.855022,10017,1538482825,839369531,/world,vicon/IMUframe/IMUframe,-0.281963419026,0.0379798646133,1.63784877797,0.100177629113,0.143221062138,-0.640184401908,0.748074930431
2018/10/02/14:20:25.865560,10018,1538482825,849380164,/world,vicon/IMUframe/IMUframe,-0.282799418041,0.0371085071005,1.63729163327,0.102857860213,0.143821391407,-0.637322217464,0.750037371797
2018/10/02/14:20:25.875311,10019,1538482825,859386982,/world,vicon/IMUframe/IMUframe,-0.283799884591,0.0360066381088,1.63670628108,0.105557680404,0.144386201581,-0.633642960082,0.75266646002
2018/10/02/14:20:25.885185,10020,1538482825,869366112,/world,vicon/IMUframe/IMUframe,-0.284754153264,0.0348916873839,1.63616767955,0.108659534268,0.145073353794,-0.629928690554,0.755206377389
2018/10/02/14:20:25.895333,10021,1538482825,879360825,/world,vicon/IMUframe/IMUframe,-0.285699047479,0.0337323877958,1.63560803133,0.112068789233,0.145709029653,-0.62600557668,0.757843310403
2018/10/02/14:20:25.905250,10022,1538482825,889338629,/world,vicon/IMUframe/IMUframe,-0.28676878576,0.0326075185444,1.63507193404,0.115691601051,0.146366943124,-0.621766373537,0.760656787353
2018/10/02/14:20:25.915311,10023,1538482825,899379423,/world,vicon/IMUframe/IMUframe,-0.287598844767,0.0314756903663,1.63454970415,0.119618237982,0.1468802328,-0.617446764213,0.763463926926
2018/10/02/14:20:25.925460,10024,1538482825,909338093,/world,vicon/IMUframe/IMUframe,-0.288348798219,0.0304335535174,1.63407533236,0.123812852337,0.147509260084,-0.613119634653,0.766156452292
2018/10/02/14:20:25.935411,10025,1538482825,919370367,/world,vicon/IMUframe/IMUframe,-0.289205310128,0.0292218051732,1.63354810128,0.127671420244,0.147946014576,-0.608025128405,0.769491668865
2018/10/02/14:20:25.945231,10026,1538482825,929370472,/world,vicon/IMUframe/IMUframe,-0.289972890655,0.0279224177282,1.63326039224,0.131627021141,0.148202566191,-0.602810467909,0.772871183613
2018/10/02/14:20:25.955168,10027,1538482825,939369521,/world,vicon/IMUframe/IMUframe,-0.290650780406,0.0266934927695,1.63300198295,0.135204313812,0.148842857959,-0.597043653338,0.776598012597
2018/10/02/14:20:25.965165,10028,1538482825,949369658,/world,vicon/IMUframe/IMUframe,-0.291416769335,0.0253124201068,1.63278917543,0.137999614878,0.14937569057,-0.590001254721,0.781371568966
2018/10/02/14:20:25.975630,10029,1538482825,959353341,/world,vicon/IMUframe/IMUframe,-0.292193611539,0.0239592405975,1.6327413115,0.140551141298,0.150170522011,-0.581612347759,0.787033206373
2018/10/02/14:20:25.985237,10030,1538482825,969351205,/world,vicon/IMUframe/IMUframe,-0.292729093751,0.0225357374395,1.63270483713,0.142131620868,0.150320786661,-0.573078848718,0.792958319585
2018/10/02/14:20:25.995050,10031,1538482825,979393209,/world,vicon/IMUframe/IMUframe,-0.293376855515,0.021532744123,1.63275881298,0.143480096559,0.150620548708,-0.562486179231,0.800210103893
2018/10/02/14:20:26.005310,10032,1538482825,989373579,/world,vicon/IMUframe/IMUframe,-0.293785895013,0.0203135744451,1.63293690765,0.1445389254,0.15018998073,-0.550757863405,0.808218562413
2018/10/02/14:20:26.015241,10033,1538482825,999388220,/world,vicon/IMUframe/IMUframe,-0.293922327676,0.0191310859922,1.63293928776,0.144852906275,0.149238122319,-0.538070815086,0.816838672164
2018/10/02/14:20:26.025103,10034,1538482826,9352378,/world,vicon/IMUframe/IMUframe,-0.294142348433,0.0175605585464,1.63346463482,0.14549936345,0.148223261296,-0.523235399353,0.826489272109
2018/10/02/14:20:26.034827,10035,1538482826,19382944,/world,vicon/IMUframe/IMUframe,-0.294305179617,0.0158417240612,1.63382710879,0.144936106896,0.146166237879,-0.50705749515,0.836971715433
2018/10/02/14:20:26.044984,10036,1538482826,29365620,/world,vicon/IMUframe/IMUframe,-0.294110506426,0.0146011802193,1.63420377847,0.143958003783,0.143577487031,-0.490735691343,0.847254436168
2018/10/02/14:20:26.054897,10037,1538482826,39365433,/world,vicon/IMUframe/IMUframe,-0.294076041205,0.0128250686775,1.63478980183,0.142867968647,0.14094272182,-0.470536227069,0.859255230835
2018/10/02/14:20:26.065057,10038,1538482826,49418117,/world,vicon/IMUframe/IMUframe,-0.293840341238,0.0110700112835,1.6352381534,0.141327770561,0.137867101274,-0.449717796127,0.871075787461
2018/10/02/14:20:26.074846,10039,1538482826,59431541,/world,vicon/IMUframe/IMUframe,-0.293431884624,0.00936454259598,1.6358768867,0.140137919621,0.134457535685,-0.427083625807,0.883109342692
2018/10/02/14:20:26.085014,10040,1538482826,69374689,/world,vicon/IMUframe/IMUframe,-0.293017599479,0.00772190412575,1.63651333727,0.139119537552,0.130591391217,-0.402862003747,0.895150182231
2018/10/02/14:20:26.095042,10041,1538482826,79436807,/world,vicon/IMUframe/IMUframe,-0.292580935364,0.00592146407133,1.63715268076,0.137967280317,0.126786467433,-0.377453413834,0.906873277599
2018/10/02/14:20:26.105317,10042,1538482826,89358653,/world,vicon/IMUframe/IMUframe,-0.291787724016,0.00398999816226,1.63778151728,0.136842410388,0.122442316137,-0.350881403402,0.918239769714
2018/10/02/14:20:26.114954,10043,1538482826,99370850,/world,vicon/IMUframe/IMUframe,-0.290555440469,0.00193652066512,1.63838493852,0.135604229951,0.118018568601,-0.322644724641,0.929291930421
2018/10/02/14:20:26.125146,10044,1538482826,109370984,/world,vicon/IMUframe/IMUframe,-0.288825557856,-0.000491817934978,1.63898506945,0.135049978032,0.11291631644,-0.292260351681,0.939997497736
2018/10/02/14:20:26.135023,10045,1538482826,119395613,/world,vicon/IMUframe/IMUframe,-0.287422709159,-0.0021524028483,1.63965070204,0.134727227012,0.108244725564,-0.262623165383,0.949294857615
2018/10/02/14:20:26.145564,10046,1538482826,129374881,/world,vicon/IMUframe/IMUframe,-0.285489761525,-0.00394740785828,1.64032490294,0.134039399473,0.103298496426,-0.230458887521,0.958254434473
2018/10/02/14:20:26.155555,10047,1538482826,139371243,/world,vicon/IMUframe/IMUframe,-0.283087873154,-0.00555837336563,1.6409525999,0.133314927283,0.0980646097737,-0.197407205458,0.966250928955
2018/10/02/14:20:26.165192,10048,1538482826,149399908,/world,vicon/IMUframe/IMUframe,-0.280256020258,-0.00730421076005,1.64170213378,0.131920248784,0.0926322768099,-0.163210321401,0.973333807202
2018/10/02/14:20:26.175299,10049,1538482826,159374663,/world,vicon/IMUframe/IMUframe,-0.277005443673,-0.00863388668386,1.64249839053,0.130484094372,0.0868041887066,-0.128839815178,0.979203368031
2018/10/02/14:20:26.184999,10050,1538482826,169373102,/world,vicon/IMUframe/IMUframe,-0.273501187898,-0.00976247341119,1.64325779523,0.128573315335,0.0811060683801,-0.0930421976508,0.983988748773
2018/10/02/14:20:26.195118,10051,1538482826,179371616,/world,vicon/IMUframe/IMUframe,-0.269840258112,-0.0106063348775,1.64430596735,0.126074228891,0.0754070197616,-0.0573354458668,0.987487578062
2018/10/02/14:20:26.205117,10052,1538482826,189373491,/world,vicon/IMUframe/IMUframe,-0.266251809389,-0.0109669333196,1.64527799628,0.123437382297,0.0701366870833,-0.0217113609164,0.989632595756
2018/10/02/14:20:26.215398,10053,1538482826,199357561,/world,vicon/IMUframe/IMUframe,-0.262330847323,-0.0112502635349,1.64668715398,0.119601126857,0.0654546373701,0.0133865306829,0.990571583328
2018/10/02/14:20:26.225026,10054,1538482826,209355951,/world,vicon/IMUframe/IMUframe,-0.258720697612,-0.0109461282866,1.64798777997,0.115438480622,0.0598821338993,0.0480652531258,0.990342273496
2018/10/02/14:20:26.235204,10055,1538482826,219357099,/world,vicon/IMUframe/IMUframe,-0.255160857168,-0.0104799944924,1.64938772144,0.111356983402,0.0541885686892,0.0819532573605,0.988911970237
2018/10/02/14:20:26.244999,10056,1538482826,229353584,/world,vicon/IMUframe/IMUframe,-0.251609207833,-0.00959523698318,1.65074990573,0.106734045047,0.0475665605594,0.114677117212,0.986506170651
2018/10/02/14:20:26.255114,10057,1538482826,239355682,/world,vicon/IMUframe/IMUframe,-0.248084817214,-0.00818924566924,1.65212730016,0.102166248846,0.0404690220129,0.148028725067,0.982858999251
2018/10/02/14:20:26.265081,10058,1538482826,249488383,/world,vicon/IMUframe/IMUframe,-0.244604279621,-0.00654207106487,1.65337076007,0.0978225241705,0.0330160747142,0.181103278138,0.97802980283
2018/10/02/14:20:26.275066,10059,1538482826,259372420,/world,vicon/IMUframe/IMUframe,-0.240938552365,-0.00456219048972,1.65453876317,0.0937309103353,0.0250620997057,0.213158196881,0.972188248596
2018/10/02/14:20:26.285580,10060,1538482826,269376499,/world,vicon/IMUframe/IMUframe,-0.237092034789,-0.00235066406946,1.65569395715,0.0901447159518,0.0170139491219,0.245281063854,0.965101888629
2018/10/02/14:20:26.295256,10061,1538482826,279375334,/world,vicon/IMUframe/IMUframe,-0.233281976485,0.000135975369583,1.65673086607,0.0871249648957,0.00935514679125,0.277185499507,0.956812374807
2018/10/02/14:20:26.305188,10062,1538482826,289399430,/world,vicon/IMUframe/IMUframe,-0.229282276964,0.0028177848912,1.65794567796,0.0841197523586,0.00188771489344,0.309582520329,0.947142527238
2018/10/02/14:20:26.315426,10063,1538482826,299377435,/world,vicon/IMUframe/IMUframe,-0.225477038907,0.00601307610403,1.65910414622,0.0812956173445,-0.00521401266667,0.342220185507,0.936081824043
2018/10/02/14:20:26.325133,10064,1538482826,309362716,/world,vicon/IMUframe/IMUframe,-0.221457014197,0.0094748671583,1.66025063062,0.0791487624007,-0.0123376911054,0.374326397071,0.923830613936
2018/10/02/14:20:26.334935,10065,1538482826,319344263,/world,vicon/IMUframe/IMUframe,-0.217458486581,0.0130088660482,1.66161700765,0.0763929989804,-0.0188239820133,0.407035960803,0.910017304242
2018/10/02/14:20:26.345533,10066,1538482826,329375360,/world,vicon/IMUframe/IMUframe,-0.21376879138,0.0166935611392,1.66280878859,0.0743183140327,-0.0256103796906,0.43921785233,0.894934955651
2018/10/02/14:20:26.355292,10067,1538482826,339385251,/world,vicon/IMUframe/IMUframe,-0.210546156448,0.021192553806,1.66406494711,0.0710336288602,-0.0319431721485,0.468487765982,0.880030153148
2018/10/02/14:20:26.365141,10068,1538482826,349381004,/world,vicon/IMUframe/IMUframe,-0.207424387199,0.0254872710404,1.6657484762,0.0676076212572,-0.0385377758389,0.49726592603,0.864101063644
2018/10/02/14:20:26.375099,10069,1538482826,359400084,/world,vicon/IMUframe/IMUframe,-0.204699367644,0.0299820519583,1.66744869702,0.0632833233299,-0.0447712396675,0.524587173836,0.847820177947
2018/10/02/14:20:26.385281,10070,1538482826,369354652,/world,vicon/IMUframe/IMUframe,-0.202169681993,0.0346895204773,1.66932511202,0.0581973842701,-0.0507374469166,0.549524399081,0.831902464691
2018/10/02/14:20:26.395067,10071,1538482826,379371951,/world,vicon/IMUframe/IMUframe,-0.20044222884,0.0395471262872,1.67132446018,0.0524716973889,-0.0565624778849,0.573176261961,0.815791872841
2018/10/02/14:20:26.405170,10072,1538482826,389364657,/world,vicon/IMUframe/IMUframe,-0.198960181922,0.0443988323069,1.67335271223,0.0461210400741,-0.0618758050382,0.59445340905,0.800418252467
2018/10/02/14:20:26.415183,10073,1538482826,399376803,/world,vicon/IMUframe/IMUframe,-0.197901027947,0.0493675501752,1.6754083864,0.0388382895294,-0.0663620454197,0.614100703484,0.78547310086
2018/10/02/14:20:26.425021,10074,1538482826,409356709,/world,vicon/IMUframe/IMUframe,-0.196874075194,0.054515056512,1.67746355478,0.0314497769679,-0.0707517949749,0.632552288977,0.77063785058
2018/10/02/14:20:26.434772,10075,1538482826,419347506,/world,vicon/IMUframe/IMUframe,-0.196242498777,0.0597906251863,1.67967233072,0.0234099154724,-0.073832646547,0.64960751405,0.756313951909
2018/10/02/14:20:26.445041,10076,1538482826,429365388,/world,vicon/IMUframe/IMUframe,-0.195603383177,0.065051075489,1.68198482099,0.0156626937973,-0.076443117164,0.66573324175,0.742098632723
2018/10/02/14:20:26.455003,10077,1538482826,439353660,/world,vicon/IMUframe/IMUframe,-0.195258270007,0.0703872046262,1.68422447416,0.00665285580244,-0.0777779456453,0.681014680367,0.728097064824
2018/10/02/14:20:26.464867,10078,1538482826,449366951,/world,vicon/IMUframe/IMUframe,-0.195014004489,0.0756495276383,1.68646209819,-0.00259176082682,-0.0779066539876,0.695312078726,0.714468298259
2018/10/02/14:20:26.474714,10079,1538482826,459353635,/world,vicon/IMUframe/IMUframe,-0.194873880233,0.0808720998901,1.68862305441,-0.0121886563532,-0.0767156891502,0.709393406721,0.700519189027
2018/10/02/14:20:26.485072,10080,1538482826,469445166,/world,vicon/IMUframe/IMUframe,-0.195062983211,0.08590341048,1.69067896382,-0.021036781445,-0.0748367253472,0.722140735628,0.687364296653
2018/10/02/14:20:26.494916,10081,1538482826,479455488,/world,vicon/IMUframe/IMUframe,-0.195179166549,0.0908734848143,1.69254476768,-0.0297812021842,-0.0724621223472,0.733934276073,0.674687186203
2018/10/02/14:20:26.505157,10082,1538482826,489368143,/world,vicon/IMUframe/IMUframe,-0.195364000735,0.0956659822416,1.69428783734,-0.0379971044609,-0.0696955282033,0.744441322822,0.662952389147
2018/10/02/14:20:26.514937,10083,1538482826,499429549,/world,vicon/IMUframe/IMUframe,-0.195638092643,0.100047901752,1.69575942507,-0.045875426164,-0.0664786857814,0.753693548561,0.652243868863
2018/10/02/14:20:26.525075,10084,1538482826,509354742,/world,vicon/IMUframe/IMUframe,-0.195717939817,0.104413669512,1.69716067388,-0.0532333655545,-0.063407331421,0.761743159359,0.642567567096
2018/10/02/14:20:26.535024,10085,1538482826,519425576,/world,vicon/IMUframe/IMUframe,-0.19587941223,0.108276148113,1.69824986543,-0.0596410152397,-0.0600957483771,0.768066733022,0.634747937336
2018/10/02/14:20:26.545085,10086,1538482826,529367220,/world,vicon/IMUframe/IMUframe,-0.196031913991,0.112012454055,1.69913737189,-0.0647270134087,-0.0563894010072,0.773811537579,0.62757179151
2018/10/02/14:20:26.554973,10087,1538482826,539378448,/world,vicon/IMUframe/IMUframe,-0.196001428252,0.115546392182,1.69974930884,-0.0693716620983,-0.0526906371007,0.778219312981,0.621921192887
2018/10/02/14:20:26.565207,10088,1538482826,549356775,/world,vicon/IMUframe/IMUframe,-0.19591792594,0.118747756617,1.7002671827,-0.0732999335505,-0.0482794758075,0.781747554791,0.617387214424
2018/10/02/14:20:26.575213,10089,1538482826,559387579,/world,vicon/IMUframe/IMUframe,-0.195789249026,0.121673765271,1.70061452243,-0.0764643735244,-0.0433979442178,0.784646275227,0.613677472938
2018/10/02/14:20:26.585263,10090,1538482826,569380751,/world,vicon/IMUframe/IMUframe,-0.195607042138,0.124295230495,1.70080996612,-0.078834886682,-0.0382418244101,0.786970821089,0.610736891191
2018/10/02/14:20:26.595171,10091,1538482826,579356691,/world,vicon/IMUframe/IMUframe,-0.195264554858,0.126653890693,1.70077154512,-0.0799169749195,-0.0335932081539,0.788886243725,0.608394007159
2018/10/02/14:20:26.605602,10092,1538482826,589371754,/world,vicon/IMUframe/IMUframe,-0.194718716446,0.128523344053,1.70068917186,-0.0803942088542,-0.0291310537628,0.79017596275,0.606885574702
2018/10/02/14:20:26.615394,10093,1538482826,599374088,/world,vicon/IMUframe/IMUframe,-0.193926114085,0.129975980119,1.70046703963,-0.0795867636828,-0.0254028779921,0.79095618923,0.606142679205
2018/10/02/14:20:26.625481,10094,1538482826,609421463,/world,vicon/IMUframe/IMUframe,-0.192872364269,0.130994134697,1.70007779326,-0.0778086601269,-0.0222988068229,0.79121221213,0.606161538701
2018/10/02/14:20:26.635353,10095,1538482826,619422740,/world,vicon/IMUframe/IMUframe,-0.191543800446,0.13153748222,1.69968965007,-0.0751163324446,-0.0196810174558,0.790930651906,0.606958728439
2018/10/02/14:20:26.645654,10096,1538482826,629428009,/world,vicon/IMUframe/IMUframe,-0.1899984002,0.131656320686,1.69926155909,-0.0715006659386,-0.0174447337212,0.790215552495,0.608393554067
2018/10/02/14:20:26.655331,10097,1538482826,639418918,/world,vicon/IMUframe/IMUframe,-0.188357027141,0.131459402901,1.69864779163,-0.0673810329416,-0.015164006035,0.789180984387,0.610264879542
2018/10/02/14:20:26.665612,10098,1538482826,649406663,/world,vicon/IMUframe/IMUframe,-0.186690535262,0.131043197069,1.69790117476,-0.0625259918646,-0.0127043598261,0.787976683065,0.612390273052
2018/10/02/14:20:26.675345,10099,1538482826,659429083,/world,vicon/IMUframe/IMUframe,-0.185012061219,0.130433876742,1.69700747803,-0.0570141606766,-0.0102393687775,0.786651882575,0.614673373794
2018/10/02/14:20:26.685537,10100,1538482826,669407737,/world,vicon/IMUframe/IMUframe,-0.183384932751,0.129702713146,1.69604161342,-0.0509594336225,-0.00776406608499,0.785263698242,0.617011976891
2018/10/02/14:20:26.695015,10101,1538482826,679395752,/world,vicon/IMUframe/IMUframe,-0.181846790453,0.128820333018,1.69502044329,-0.0445925331702,-0.00539361108,0.783857149269,0.619314447179
2018/10/02/14:20:26.704794,10102,1538482826,689387169,/world,vicon/IMUframe/IMUframe,-0.1805553481,0.127795279741,1.69397433261,-0.0380985735005,-0.00315329188149,0.782317448182,0.621705690594
2018/10/02/14:20:26.714957,10103,1538482826,699422581,/world,vicon/IMUframe/IMUframe,-0.179437661372,0.126710823066,1.69300856281,-0.0316137950645,-0.00139076289289,0.780736176575,0.624059016702
2018/10/02/14:20:26.725142,10104,1538482826,709394739,/world,vicon/IMUframe/IMUframe,-0.178577832148,0.125623378888,1.69198373773,-0.0253837153115,-0.000215228084518,0.779065692319,0.626428182416
2018/10/02/14:20:26.735653,10105,1538482826,719455185,/world,vicon/IMUframe/IMUframe,-0.177987308036,0.124454326583,1.6911097353,-0.0194608669804,0.000675828159005,0.777435828362,0.628660759625
2018/10/02/14:20:26.745115,10106,1538482826,729346067,/world,vicon/IMUframe/IMUframe,-0.177445471546,0.123378935884,1.69031715925,-0.0147351485006,0.00107047025191,0.775916084918,0.630663110272
2018/10/02/14:20:26.754946,10107,1538482826,739395699,/world,vicon/IMUframe/IMUframe,-0.177115955042,0.122368478272,1.68966735188,-0.010955878347,0.00135820717449,0.774526524648,0.632445085852
2018/10/02/14:20:26.765199,10108,1538482826,749411984,/world,vicon/IMUframe/IMUframe,-0.177051808796,0.121515676337,1.6891565283,-0.00809808055946,0.00143536064045,0.773459162869,0.633792777022
2018/10/02/14:20:26.775097,10109,1538482826,759379351,/world,vicon/IMUframe/IMUframe,-0.177133184711,0.120650629954,1.68881169786,-0.00611228412943,0.0008837274435,0.772181521799,0.6353719827
2018/10/02/14:20:26.785084,10110,1538482826,769392257,/world,vicon/IMUframe/IMUframe,-0.177325837235,0.119894778235,1.68865219973,-0.00523012552294,-0.000102105765089,0.770719929092,0.637152592604
2018/10/02/14:20:26.795718,10111,1538482826,779363633,/world,vicon/IMUframe/IMUframe,-0.177586091269,0.119124539606,1.68873942854,-0.00526644735951,-0.00163485687599,0.768919987029,0.639321237972
2018/10/02/14:20:26.805613,10112,1538482826,789378092,/world,vicon/IMUframe/IMUframe,-0.178059267423,0.118447510995,1.68905187651,-0.00639074641878,-0.00310631593978,0.767031120728,0.641570548729
2018/10/02/14:20:26.815216,10113,1538482826,799386257,/world,vicon/IMUframe/IMUframe,-0.178677569256,0.117777491269,1.68950287716,-0.00799209047531,-0.00488750121547,0.764875582068,0.644109915137
2018/10/02/14:20:26.825065,10114,1538482826,809374972,/world,vicon/IMUframe/IMUframe,-0.179436620352,0.117181998348,1.69005730883,-0.0101728289474,-0.00670502995059,0.762259984837,0.647156296145
2018/10/02/14:20:26.834899,10115,1538482826,819401532,/world,vicon/IMUframe/IMUframe,-0.18017413676,0.11657937282,1.69082265643,-0.0125730734741,-0.00868695413741,0.759047824347,0.650855479354
2018/10/02/14:20:26.844756,10116,1538482826,829419392,/world,vicon/IMUframe/IMUframe,-0.180904373481,0.115989271104,1.69161582357,-0.0153388906726,-0.010490926525,0.755263247755,0.655158061451
2018/10/02/14:20:26.855041,10117,1538482826,839432558,/world,vicon/IMUframe/IMUframe,-0.181616643587,0.115351777933,1.69245817421,-0.0178993494343,-0.012368944433,0.750797150354,0.660174417502
2018/10/02/14:20:26.865146,10118,1538482826,849361685,/world,vicon/IMUframe/IMUframe,-0.182282703714,0.114684915762,1.69324769168,-0.0200232926789,-0.0144310429215,0.745661932918,0.665867174854
2018/10/02/14:20:26.875094,10119,1538482826,859368154,/world,vicon/IMUframe/IMUframe,-0.182961807419,0.113879771854,1.69416404712,-0.021909079942,-0.01606696753,0.739797822937,0.672280466731
2018/10/02/14:20:26.884819,10120,1538482826,869362233,/world,vicon/IMUframe/IMUframe,-0.18370437141,0.11297221851,1.69507551272,-0.0231563143353,-0.0174984566565,0.733283040551,0.679303740282
2018/10/02/14:20:26.894918,10121,1538482826,879367113,/world,vicon/IMUframe/IMUframe,-0.184435763663,0.111965783167,1.6960914064,-0.0235475060424,-0.0186986314318,0.725902480682,0.68714006191
2018/10/02/14:20:26.904854,10122,1538482826,889461887,/world,vicon/IMUframe/IMUframe,-0.185230526255,0.110759526949,1.69711269112,-0.0235647483034,-0.0194379459306,0.717605017924,0.695780070961
2018/10/02/14:20:26.914893,10123,1538482826,899434806,/world,vicon/IMUframe/IMUframe,-0.186252731884,0.109401067593,1.69814814217,-0.0230526237896,-0.0196389896846,0.708694121296,0.704865610638
2018/10/02/14:20:26.924864,10124,1538482826,909461672,/world,vicon/IMUframe/IMUframe,-0.18740205274,0.108158803936,1.69930044333,-0.0225094438335,-0.0193449364461,0.698735830364,0.714763833541
2018/10/02/14:20:26.934899,10125,1538482826,919382628,/world,vicon/IMUframe/IMUframe,-0.188332155508,0.106755565442,1.70026573714,-0.0213949057996,-0.0187614910426,0.688298167267,0.72486957268
2018/10/02/14:20:26.944824,10126,1538482826,929440245,/world,vicon/IMUframe/IMUframe,-0.189214476551,0.105336454009,1.70121486473,-0.0201637057911,-0.0177740999746,0.676687436475,0.735779599918
2018/10/02/14:20:26.955052,10127,1538482826,939465653,/world,vicon/IMUframe/IMUframe,-0.189914658695,0.103929689283,1.70215967363,-0.0184034635375,-0.0162644414105,0.664586806384,0.746807309321
2018/10/02/14:20:26.964931,10128,1538482826,949462861,/world,vicon/IMUframe/IMUframe,-0.190639899165,0.10231190826,1.70303084268,-0.0163029922452,-0.0140558761167,0.651638285016,0.758224366723
2018/10/02/14:20:26.975034,10129,1538482826,959388790,/world,vicon/IMUframe/IMUframe,-0.191326156081,0.100457899382,1.7038721357,-0.013331623644,-0.0117080776783,0.637704223519,0.770076952022
2018/10/02/14:20:26.985119,10130,1538482826,969462607,/world,vicon/IMUframe/IMUframe,-0.191860757578,0.0987995923969,1.70465423619,-0.0098833942434,-0.00874633773549,0.6234749902,0.781731895658
2018/10/02/14:20:26.995064,10131,1538482826,979377632,/world,vicon/IMUframe/IMUframe,-0.192531179786,0.0965510240459,1.70561272449,-0.00646008888802,-0.00646076142112,0.60622866389,0.795237909617
2018/10/02/14:20:27.004971,10132,1538482826,989359154,/world,vicon/IMUframe/IMUframe,-0.193401497121,0.094279840646,1.70643438266,-0.00233316083246,-0.00362501337254,0.589546497964,0.807722936641
2018/10/02/14:20:27.015226,10133,1538482826,999396210,/world,vicon/IMUframe/IMUframe,-0.194213771507,0.0917222789647,1.70729175464,0.00231427879782,-0.000641951610299,0.571788798076,0.820397344222
2018/10/02/14:20:27.025631,10134,1538482827,9413158,/world,vicon/IMUframe/IMUframe,-0.195203944872,0.08902629935,1.70828645568,0.00631329605427,0.00223427272194,0.552099327986,0.833751451186
2018/10/02/14:20:27.035714,10135,1538482827,19389000,/world,vicon/IMUframe/IMUframe,-0.196579511864,0.0865074444112,1.70903678893,0.0109688449966,0.00549384548516,0.53173535344,0.846821714414
2018/10/02/14:20:27.045028,10136,1538482827,29376640,/world,vicon/IMUframe/IMUframe,-0.198091583374,0.0838995348113,1.70977336306,0.014887058639,0.0096470470701,0.511213646625,0.859270572912
2018/10/02/14:20:27.054997,10137,1538482827,39400919,/world,vicon/IMUframe/IMUframe,-0.199760489188,0.0812120421662,1.71057873289,0.01912848232,0.0136960770019,0.48951096365,0.871679720485
2018/10/02/14:20:27.064706,10138,1538482827,49414762,/world,vicon/IMUframe/IMUframe,-0.201301421238,0.0784182342944,1.71137031036,0.0238087842488,0.018502433235,0.466220753794,0.884154404213
2018/10/02/14:20:27.075026,10139,1538482827,59435189,/world,vicon/IMUframe/IMUframe,-0.202952430877,0.0757857003197,1.71230153007,0.0282304378691,0.0236307588821,0.443241942669,0.895645694386
2018/10/02/14:20:27.084998,10140,1538482827,69477842,/world,vicon/IMUframe/IMUframe,-0.204571474335,0.0731457807625,1.71312243825,0.0331815515698,0.0285823154434,0.419436535146,0.906727648671
2018/10/02/14:20:27.094995,10141,1538482827,79421386,/world,vicon/IMUframe/IMUframe,-0.206403050237,0.0707191707075,1.7139837832,0.0384346322078,0.0335044650344,0.394720586482,0.917385354405
2018/10/02/14:20:27.104851,10142,1538482827,89442323,/world,vicon/IMUframe/IMUframe,-0.208257609245,0.0680902344818,1.71494216248,0.0431290929957,0.0390737809459,0.370269728822,0.927099481662
2018/10/02/14:20:27.115185,10143,1538482827,99414924,/world,vicon/IMUframe/IMUframe,-0.210291041238,0.0653782512045,1.71598301419,0.0476619676882,0.0442569485668,0.343988434927,0.936718536155
2018/10/02/14:20:27.125121,10144,1538482827,109448652,/world,vicon/IMUframe/IMUframe,-0.212623697519,0.062762243821,1.71715271184,0.0521072043748,0.0497040822379,0.317203271097,0.945619600191
2018/10/02/14:20:27.134989,10145,1538482827,119404682,/world,vicon/IMUframe/IMUframe,-0.215169891054,0.0602339413865,1.71830120175,0.0563323459997,0.055124537578,0.290167404988,0.953724713549
2018/10/02/14:20:27.145103,10146,1538482827,129351663,/world,vicon/IMUframe/IMUframe,-0.21775456436,0.0577400388752,1.719513794,0.0607765722022,0.060155713003,0.262245010215,0.96120500055
2018/10/02/14:20:27.155158,10147,1538482827,139397180,/world,vicon/IMUframe/IMUframe,-0.220517575484,0.05538825974,1.72067326348,0.0650918197202,0.0652969395032,0.233824945246,0.967897339431
2018/10/02/14:20:27.165210,10148,1538482827,149359464,/world,vicon/IMUframe/IMUframe,-0.223510851475,0.0531514864503,1.72163557472,0.0696435760403,0.0699934837292,0.204619932559,0.973848739667
2018/10/02/14:20:27.175341,10149,1538482827,159366192,/world,vicon/IMUframe/IMUframe,-0.226680335223,0.0511619550691,1.7226247217,0.0742652540569,0.0748160830653,0.175883628958,0.978750312807
2018/10/02/14:20:27.185154,10150,1538482827,169384923,/world,vicon/IMUframe/IMUframe,-0.229963576134,0.0494048265774,1.72354792456,0.079540093815,0.0792511068793,0.146406778015,0.982831466166
2018/10/02/14:20:27.195203,10151,1538482827,179346530,/world,vicon/IMUframe/IMUframe,-0.233081300375,0.0477633510095,1.72460638157,0.0847008807595,0.0831099536746,0.117588853869,0.985946934599
2018/10/02/14:20:27.205031,10152,1538482827,189412421,/world,vicon/IMUframe/IMUframe,-0.236368206947,0.0462790041225,1.72554003944,0.089449271775,0.086868364724,0.0892341904041,0.988175072673
2018/10/02/14:20:27.215321,10153,1538482827,199374345,/world,vicon/IMUframe/IMUframe,-0.239543663127,0.0455083662779,1.7264793422,0.0942663606745,0.0894231973645,0.0600544008845,0.989702386555
2018/10/02/14:20:27.225042,10154,1538482827,209395415,/world,vicon/IMUframe/IMUframe,-0.242897731372,0.0444649183832,1.72740508585,0.0987518556614,0.0921998124183,0.0323720084039,0.990302639937
2018/10/02/14:20:27.235086,10155,1538482827,219382758,/world,vicon/IMUframe/IMUframe,-0.246245363192,0.0437666159368,1.72834178008,0.102772395557,0.0947629400112,0.00519510443381,0.990167072166
2018/10/02/14:20:27.245112,10156,1538482827,229397100,/world,vicon/IMUframe/IMUframe,-0.249664585668,0.0430719413808,1.72951489882,0.106309114939,0.0969326162583,-0.0216714887436,0.989359786206
2018/10/02/14:20:27.255292,10157,1538482827,239387492,/world,vicon/IMUframe/IMUframe,-0.253011431519,0.0425609834853,1.73079706154,0.109320504407,0.0986053085511,-0.0477271235626,0.987951487735
2018/10/02/14:20:27.265069,10158,1538482827,249387005,/world,vicon/IMUframe/IMUframe,-0.256385474549,0.0424260623154,1.7320226781,0.111810748139,0.0995593421448,-0.0740800600213,0.985950525483
2018/10/02/14:20:27.275063,10159,1538482827,259382445,/world,vicon/IMUframe/IMUframe,-0.259571394791,0.0422693888179,1.73334538482,0.112638918706,0.0998010786343,-0.100240730724,0.983516148622
2018/10/02/14:20:27.285033,10160,1538482827,269391551,/world,vicon/IMUframe/IMUframe,-0.26279632177,0.0424515054733,1.73456596576,0.11307160734,0.0994255802276,-0.125157095927,0.980645229912
2018/10/02/14:20:27.295287,10161,1538482827,279381205,/world,vicon/IMUframe/IMUframe,-0.265840501714,0.0422092112418,1.73582547931,0.112897310448,0.0993586173476,-0.149816086394,0.977208883868
2018/10/02/14:20:27.305126,10162,1538482827,289377809,/world,vicon/IMUframe/IMUframe,-0.268716772266,0.0421520091791,1.73693924577,0.113442309093,0.0992128751579,-0.173208795273,0.973286371604
2018/10/02/14:20:27.315115,10163,1538482827,299368913,/world,vicon/IMUframe/IMUframe,-0.271475691768,0.0421096959963,1.73797745524,0.113795115654,0.0990507104184,-0.196414164643,0.968845242723
2018/10/02/14:20:27.325156,10164,1538482827,309386849,/world,vicon/IMUframe/IMUframe,-0.273996121103,0.0419712406545,1.73895127547,0.114447086198,0.0986144176822,-0.219120313534,0.963931195305
2018/10/02/14:20:27.335117,10165,1538482827,319411490,/world,vicon/IMUframe/IMUframe,-0.27648770285,0.0418930892512,1.73977185104,0.115332670382,0.0980722732889,-0.241011356112,0.958641606952
2018/10/02/14:20:27.345191,10166,1538482827,329384573,/world,vicon/IMUframe/IMUframe,-0.278893218622,0.041858299436,1.74040389352,0.116195754292,0.0966689573445,-0.262441397343,0.953036291193
2018/10/02/14:20:27.355071,10167,1538482827,339386270,/world,vicon/IMUframe/IMUframe,-0.281214742434,0.041696962498,1.74108771474,0.11743541334,0.0946766207585,-0.283097062071,0.947154324607
2018/10/02/14:20:27.365478,10168,1538482827,349398056,/world,vicon/IMUframe/IMUframe,-0.283558907465,0.0418257323432,1.74161613067,0.118494447556,0.0918691866197,-0.30280903369,0.941183195538
2018/10/02/14:20:27.375160,10169,1538482827,359373205,/world,vicon/IMUframe/IMUframe,-0.285678881881,0.0419249190998,1.74218712044,0.119222282588,0.0880656405366,-0.321114229186,0.93536952169
2018/10/02/14:20:27.385264,10170,1538482827,369370084,/world,vicon/IMUframe/IMUframe,-0.288101723822,0.042582226885,1.74272229117,0.120329419598,0.0835631736183,-0.339779815897,0.929025136098
2018/10/02/14:20:27.395165,10171,1538482827,379393119,/world,vicon/IMUframe/IMUframe,-0.290319670404,0.0432382464168,1.743357829,0.12034811822,0.0784632689462,-0.356892447495,0.923031758277
2018/10/02/14:20:27.405115,10172,1538482827,389381764,/world,vicon/IMUframe/IMUframe,-0.292547674104,0.0440336861354,1.7440888749,0.11915754404,0.073175901944,-0.373712453155,0.916943711157
2018/10/02/14:20:27.414845,10173,1538482827,399363485,/world,vicon/IMUframe/IMUframe,-0.294871032938,0.04522684244,1.74468183402,0.117836784515,0.0677960638911,-0.390829466315,0.910368339847
2018/10/02/14:20:27.424738,10174,1538482827,409366603,/world,vicon/IMUframe/IMUframe,-0.296818050608,0.0463588358616,1.74534527189,0.115440601665,0.062240913853,-0.407448751471,0.90376161185
2018/10/02/14:20:27.434848,10175,1538482827,419470982,/world,vicon/IMUframe/IMUframe,-0.298795910004,0.0474438624419,1.74601555765,0.113062182126,0.0574337414971,-0.423406219845,0.897020334946
2018/10/02/14:20:27.445029,10176,1538482827,429469076,/world,vicon/IMUframe/IMUframe,-0.300475074885,0.0485347656401,1.74655186908,0.110302487272,0.0521802526753,-0.440531799747,0.889405596983
2018/10/02/14:20:27.455075,10177,1538482827,439347686,/world,vicon/IMUframe/IMUframe,-0.301964317712,0.049400838422,1.74697240495,0.107810856162,0.0472666718464,-0.456906688962,0.881690965479
2018/10/02/14:20:27.465046,10178,1538482827,449393224,/world,vicon/IMUframe/IMUframe,-0.303476928366,0.0501947080779,1.74711952856,0.105103485574,0.0426179494064,-0.472322159329,0.874098819079
2018/10/02/14:20:27.474995,10179,1538482827,459428371,/world,vicon/IMUframe/IMUframe,-0.304568381661,0.0508450968468,1.74736456922,0.103757040129,0.0392476833821,-0.487238429431,0.866194440561
2018/10/02/14:20:27.485118,10180,1538482827,469381298,/world,vicon/IMUframe/IMUframe,-0.305462905048,0.0522092647185,1.74727416358,0.10174098094,0.0344490994015,-0.502041806358,0.858146873802
2018/10/02/14:20:27.495179,10181,1538482827,479380078,/world,vicon/IMUframe/IMUframe,-0.306033407173,0.052893822007,1.74737438304,0.100503064277,0.0309222274959,-0.5158076975,0.850226657497
2018/10/02/14:20:27.505202,10182,1538482827,489382378,/world,vicon/IMUframe/IMUframe,-0.306617038077,0.0534651317628,1.74739092461,0.0989841458407,0.0275473663881,-0.528085815518,0.842952343212
2018/10/02/14:20:27.515082,10183,1538482827,499385754,/world,vicon/IMUframe/IMUframe,-0.307017439555,0.0541385583412,1.74742212394,0.0972533050677,0.0243387692736,-0.539428790724,0.836041864204
2018/10/02/14:20:27.525152,10184,1538482827,509368644,/world,vicon/IMUframe/IMUframe,-0.307253193134,0.0545917042637,1.74750096728,0.0950308112947,0.0208818228983,-0.549457781962,0.829836875668
2018/10/02/14:20:27.535179,10185,1538482827,519366241,/world,vicon/IMUframe/IMUframe,-0.307404690941,0.0549990187461,1.74756776186,0.092730959447,0.018347451695,-0.557695174864,0.824645640326
2018/10/02/14:20:27.545146,10186,1538482827,529405160,/world,vicon/IMUframe/IMUframe,-0.307485323553,0.0552293431272,1.74763905157,0.0897555103599,0.0163254612508,-0.564867254027,0.820123413275
2018/10/02/14:20:27.554899,10187,1538482827,539350391,/world,vicon/IMUframe/IMUframe,-0.30739601466,0.0553710533069,1.74778680054,0.0861192756574,0.0146274013681,-0.570876672765,0.816375730888
2018/10/02/14:20:27.564835,10188,1538482827,549366677,/world,vicon/IMUframe/IMUframe,-0.307169766829,0.0553835105754,1.74801375842,0.0820224304701,0.0135421744798,-0.575843645629,0.813322215484
2018/10/02/14:20:27.575009,10189,1538482827,559474341,/world,vicon/IMUframe/IMUframe,-0.306927781488,0.0551733096615,1.74826489756,0.0774477131465,0.0131671975677,-0.580063329665,0.810774327551
2018/10/02/14:20:27.585097,10190,1538482827,569510516,/world,vicon/IMUframe/IMUframe,-0.306528835143,0.0548764638763,1.74857992789,0.0729741221806,0.0135155954081,-0.583244934429,0.808898913731
2018/10/02/14:20:27.595415,10191,1538482827,579381202,/world,vicon/IMUframe/IMUframe,-0.30598231976,0.0543104711565,1.74902896694,0.0686601302876,0.0144089911323,-0.585651755655,0.807521014328
2018/10/02/14:20:27.605141,10192,1538482827,589421842,/world,vicon/IMUframe/IMUframe,-0.305448243504,0.0537689966245,1.74937347095,0.0645782315979,0.0162536124274,-0.58753112019,0.806456852469
2018/10/02/14:20:27.615140,10193,1538482827,599394473,/world,vicon/IMUframe/IMUframe,-0.304894283885,0.0531026867151,1.74975830348,0.0610711765632,0.0187078251162,-0.588853717623,0.805711876488
2018/10/02/14:20:27.624907,10194,1538482827,609383403,/world,vicon/IMUframe/IMUframe,-0.304390347317,0.0523799076421,1.75019704559,0.0580202915111,0.0218051943587,-0.589844240222,0.805134741238
2018/10/02/14:20:27.635141,10195,1538482827,619436953,/world,vicon/IMUframe/IMUframe,-0.303930308679,0.0516418600901,1.75064333792,0.0554806344209,0.0252718526457,-0.590482371631,0.804744556652
2018/10/02/14:20:27.645510,10196,1538482827,629450436,/world,vicon/IMUframe/IMUframe,-0.303412946,0.0507159672903,1.75102997378,0.0533714169761,0.0294803271197,-0.591003560379,0.804361357713
2018/10/02/14:20:27.655008,10197,1538482827,639370814,/world,vicon/IMUframe/IMUframe,-0.302947161439,0.0499016775982,1.75142557844,0.0515081404234,0.0334895877746,-0.591420741391,0.804019194817
2018/10/02/14:20:27.665098,10198,1538482827,649403191,/world,vicon/IMUframe/IMUframe,-0.302423251601,0.0491362115596,1.75186304745,0.0499762717917,0.0377596565079,-0.591700329041,0.803720910025
2018/10/02/14:20:27.675084,10199,1538482827,659397748,/world,vicon/IMUframe/IMUframe,-0.301814962037,0.0482725646395,1.75225910635,0.0489150886388,0.0424673256965,-0.591931750748,0.803380758301
2018/10/02/14:20:27.685078,10200,1538482827,669366374,/world,vicon/IMUframe/IMUframe,-0.301279161987,0.0476382415989,1.75256762584,0.0478774150104,0.0467468658889,-0.592056044814,0.803114016476
2018/10/02/14:20:27.694943,10201,1538482827,679364844,/world,vicon/IMUframe/IMUframe,-0.300634827625,0.0469541890614,1.75290362325,0.0469086755584,0.050985907863,-0.592154194775,0.802840845353
2018/10/02/14:20:27.705157,10202,1538482827,689368007,/world,vicon/IMUframe/IMUframe,-0.300002003248,0.0462457432323,1.75319600407,0.0460794002428,0.0551628366757,-0.591981686681,0.802739953508
2018/10/02/14:20:27.714929,10203,1538482827,699471765,/world,vicon/IMUframe/IMUframe,-0.299382856614,0.0454963418104,1.75343072769,0.04546201406,0.0593060120458,-0.591474616676,0.802853523403
2018/10/02/14:20:27.725133,10204,1538482827,709379502,/world,vicon/IMUframe/IMUframe,-0.298821330065,0.0447037147666,1.75359742225,0.0450970408045,0.0632332863952,-0.590559518302,0.803247946617
2018/10/02/14:20:27.734886,10205,1538482827,719468959,/world,vicon/IMUframe/IMUframe,-0.298351928137,0.0439154357172,1.75369781807,0.044977236487,0.0668121669622,-0.589166015282,0.80398792838
2018/10/02/14:20:27.744855,10206,1538482827,729368293,/world,vicon/IMUframe/IMUframe,-0.297951883367,0.0431558988304,1.75377899517,0.0450844846844,0.0700968422176,-0.587190641431,0.805146553472
2018/10/02/14:20:27.754873,10207,1538482827,739470116,/world,vicon/IMUframe/IMUframe,-0.297658686145,0.0424100073785,1.75387736454,0.0453464620964,0.0731017960438,-0.58454785575,0.806785987811
2018/10/02/14:20:27.764902,10208,1538482827,749465864,/world,vicon/IMUframe/IMUframe,-0.297414519399,0.0416841216066,1.75398548405,0.0457081589114,0.0757649464532,-0.581234020479,0.808911274823
2018/10/02/14:20:27.775032,10209,1538482827,759474934,/world,vicon/IMUframe/IMUframe,-0.297228987826,0.0410172762106,1.75403512519,0.0458093415584,0.0781205826157,-0.577296537702,0.811497003294
2018/10/02/14:20:27.785088,10210,1538482827,769489262,/world,vicon/IMUframe/IMUframe,-0.297010842509,0.040396192405,1.75407220789,0.0456915738908,0.0798676389237,-0.572628412791,0.814634974202
2018/10/02/14:20:27.795228,10211,1538482827,779420630,/world,vicon/IMUframe/IMUframe,-0.296736633735,0.0397931896775,1.75412588734,0.0452316649157,0.0811638397872,-0.567002294859,0.818458872042
2018/10/02/14:20:27.804948,10212,1538482827,789373119,/world,vicon/IMUframe/IMUframe,-0.296467691392,0.0391612058704,1.75416871709,0.0445731083637,0.0820442893132,-0.560343610979,0.822980564921
2018/10/02/14:20:27.815100,10213,1538482827,799375203,/world,vicon/IMUframe/IMUframe,-0.296251133356,0.0382701799207,1.75438751084,0.0443464063724,0.0836121908545,-0.551741912624,0.828627334594
2018/10/02/14:20:27.824966,10214,1538482827,809472397,/world,vicon/IMUframe/IMUframe,-0.295990400817,0.0374803370548,1.7544700631,0.0436952285171,0.084209385708,-0.542229267645,0.834857429549
2018/10/02/14:20:27.835225,10215,1538482827,819385990,/world,vicon/IMUframe/IMUframe,-0.295727290458,0.0366772120199,1.75456185206,0.0430693180935,0.0844840645137,-0.531651039424,0.841638074805
2018/10/02/14:20:27.845186,10216,1538482827,829455512,/world,vicon/IMUframe/IMUframe,-0.295582050157,0.0357248206417,1.75473089972,0.0426608434364,0.0847575730841,-0.519461489695,0.849209024308
2018/10/02/14:20:27.855260,10217,1538482827,839439077,/world,vicon/IMUframe/IMUframe,-0.295476503113,0.0346693453965,1.75494810741,0.0423901277842,0.0847668804559,-0.505866253139,0.857389635451
2018/10/02/14:20:27.865561,10218,1538482827,849387144,/world,vicon/IMUframe/IMUframe,-0.295242745942,0.0332734241957,1.75530041391,0.0425106214969,0.0849536079389,-0.491339222878,0.865772198456
2018/10/02/14:20:27.875099,10219,1538482827,859387446,/world,vicon/IMUframe/IMUframe,-0.29554391303,0.0322012923345,1.75548043114,0.0426387053577,0.0854665122118,-0.473516439197,0.875590999215
2018/10/02/14:20:27.885253,10220,1538482827,869395524,/world,vicon/IMUframe/IMUframe,-0.295481593564,0.0308600755832,1.75551698346,0.0422399335889,0.0846902848684,-0.455730642639,0.885072271071
2018/10/02/14:20:27.895162,10221,1538482827,879376132,/world,vicon/IMUframe/IMUframe,-0.295587813301,0.0294140684824,1.75564742391,0.0423550695721,0.0844735539004,-0.435677535734,0.895128678811
2018/10/02/14:20:27.905111,10222,1538482827,889381086,/world,vicon/IMUframe/IMUframe,-0.295614542274,0.0276632706218,1.75580843907,0.0429787795239,0.0848045457648,-0.41439364094,0.905118182271
2018/10/02/14:20:27.915108,10223,1538482827,899390539,/world,vicon/IMUframe/IMUframe,-0.295824601243,0.0259113994502,1.7559661007,0.0434863734666,0.0855744317538,-0.390487279669,0.915590321251
2018/10/02/14:20:27.925224,10224,1538482827,909373461,/world,vicon/IMUframe/IMUframe,-0.295705769304,0.0241029469861,1.7560434772,0.0437623019243,0.085779448615,-0.365807290014,0.925695292036
2018/10/02/14:20:27.935057,10225,1538482827,919386837,/world,vicon/IMUframe/IMUframe,-0.295574162182,0.0221362193199,1.75597810015,0.0446806840213,0.0855296424197,-0.34026385308,0.935365611421
2018/10/02/14:20:27.945276,10226,1538482827,929369421,/world,vicon/IMUframe/IMUframe,-0.295159101392,0.0199703555228,1.75582174984,0.0455858114352,0.0849328977516,-0.313436423191,0.94470415755
2018/10/02/14:20:27.955018,10227,1538482827,939396893,/world,vicon/IMUframe/IMUframe,-0.294340191917,0.0182553739872,1.75567110885,0.0470814666302,0.0837077171738,-0.285486525038,0.953558491969
2018/10/02/14:20:27.965045,10228,1538482827,949356753,/world,vicon/IMUframe/IMUframe,-0.293270742284,0.016098023083,1.75547120594,0.0486511379546,0.0825818661922,-0.255704545753,0.961991937302
2018/10/02/14:20:27.975013,10229,1538482827,959371750,/world,vicon/IMUframe/IMUframe,-0.291985785597,0.0142479795766,1.75513334397,0.0501783027654,0.081097027783,-0.225026022515,0.969674532618
2018/10/02/14:20:27.985138,10230,1538482827,969364101,/world,vicon/IMUframe/IMUframe,-0.290250345938,0.0123724789533,1.754913049,0.0514358222603,0.0792470916052,-0.192776024249,0.976684011917
2018/10/02/14:20:27.995215,10231,1538482827,979441140,/world,vicon/IMUframe/IMUframe,-0.288089776412,0.0107314175141,1.75465728073,0.0522106363397,0.0770847655776,-0.160226494509,0.982679733599
2018/10/02/14:20:28.005353,10232,1538482827,989468283,/world,vicon/IMUframe/IMUframe,-0.285942303526,0.00923197016766,1.75429021383,0.0526112746745,0.0752815067288,-0.126713873548,0.987678258732
2018/10/02/14:20:28.015053,10233,1538482827,999426430,/world,vicon/IMUframe/IMUframe,-0.283226367384,0.00777531576566,1.75407024205,0.0527782318,0.0729664744288,-0.0933957724263,0.991548073242
2018/10/02/14:20:28.025215,10234,1538482828,9433496,/world,vicon/IMUframe/IMUframe,-0.280217283042,0.00660558755928,1.75369118306,0.0521806536991,0.0701003144937,-0.05988039605,0.994372899599
2018/10/02/14:20:28.035238,10235,1538482828,19440200,/world,vicon/IMUframe/IMUframe,-0.277216589789,0.00561386763801,1.75314201869,0.0514095720935,0.0670558271648,-0.0263145456882,0.996076360841
2018/10/02/14:20:28.045032,10236,1538482828,29411163,/world,vicon/IMUframe/IMUframe,-0.27395874573,0.00524752670205,1.75258926173,0.0507480246295,0.0639123476546,0.00694058052429,0.996640194933
2018/10/02/14:20:28.055061,10237,1538482828,39400908,/world,vicon/IMUframe/IMUframe,-0.270560448726,0.0051149970877,1.75211346825,0.0504883707333,0.0605265529498,0.0393727706411,0.996111060947
2018/10/02/14:20:28.065198,10238,1538482828,49413407,/world,vicon/IMUframe/IMUframe,-0.267100481089,0.00492094498591,1.751704005,0.0509786728706,0.0569706715369,0.0724486379563,0.994437887631
2018/10/02/14:20:28.074954,10239,1538482828,59366993,/world,vicon/IMUframe/IMUframe,-0.263877911483,0.00530626406227,1.75126262407,0.0509196856774,0.0531062038798,0.104430189711,0.991807063998
2018/10/02/14:20:28.085111,10240,1538482828,69380302,/world,vicon/IMUframe/IMUframe,-0.260562404501,0.00568922076036,1.75088998046,0.0504099099468,0.0483736109875,0.135266278916,0.988342991338
2018/10/02/14:20:28.095011,10241,1538482828,79457706,/world,vicon/IMUframe/IMUframe,-0.257071685151,0.00694380060246,1.75051544648,0.0499860353772,0.0434905850223,0.167624890225,0.983621808145
2018/10/02/14:20:28.105184,10242,1538482828,89375402,/world,vicon/IMUframe/IMUframe,-0.254049597021,0.00813116129972,1.75006324795,0.0491477317805,0.0375055498675,0.198822684389,0.978083521159
2018/10/02/14:20:28.114927,10243,1538482828,99364452,/world,vicon/IMUframe/IMUframe,-0.25093552361,0.00965256636762,1.74982555721,0.0478907750051,0.0313282911208,0.229711987162,0.97157470881
2018/10/02/14:20:28.125144,10244,1538482828,109385112,/world,vicon/IMUframe/IMUframe,-0.247876139066,0.0114226186179,1.74958808922,0.0454402618325,0.0253207913577,0.25992495923,0.964226661993
2018/10/02/14:20:28.135052,10245,1538482828,119474751,/world,vicon/IMUframe/IMUframe,-0.244803166783,0.0135533076924,1.74947782016,0.0424956359167,0.0191767473311,0.289696837825,0.955982277788
2018/10/02/14:20:28.145613,10246,1538482828,129395408,/world,vicon/IMUframe/IMUframe,-0.241659219436,0.0156028043002,1.74960213685,0.0393695689959,0.013297838525,0.319434692282,0.946696721181
2018/10/02/14:20:28.155014,10247,1538482828,139370070,/world,vicon/IMUframe/IMUframe,-0.238526057964,0.0182795041829,1.74970222145,0.0360080891149,0.00714041801489,0.348710821276,0.936511182568
2018/10/02/14:20:28.165200,10248,1538482828,149382714,/world,vicon/IMUframe/IMUframe,-0.235515882278,0.0212716876318,1.74982741312,0.0325056181069,0.00110751472376,0.377540496695,0.925421704715
2018/10/02/14:20:28.174985,10249,1538482828,159423780,/world,vicon/IMUframe/IMUframe,-0.232464913785,0.0241772387785,1.75006971831,0.0288994373416,-0.00513704744735,0.406044039704,0.913381996257
2018/10/02/14:20:28.185031,10250,1538482828,169371485,/world,vicon/IMUframe/IMUframe,-0.229477531397,0.0271275230588,1.75034529058,0.0252636446266,-0.0113079431056,0.434022181981,0.900476887117
2018/10/02/14:20:28.195422,10251,1538482828,179384838,/world,vicon/IMUframe/IMUframe,-0.226654321754,0.0304441927042,1.75055384181,0.0219510946175,-0.0172992152773,0.461670512214,0.886611089908
2018/10/02/14:20:28.205693,10252,1538482828,189395345,/world,vicon/IMUframe/IMUframe,-0.224144561116,0.0341053775793,1.75080030776,0.0188561755313,-0.0232833060544,0.487964430931,0.87234915398
2018/10/02/14:20:28.215486,10253,1538482828,199386623,/world,vicon/IMUframe/IMUframe,-0.221703262185,0.0375444090727,1.75108315918,0.0160374372992,-0.0290356103242,0.513361100711,0.85753140713
2018/10/02/14:20:28.225255,10254,1538482828,209379176,/world,vicon/IMUframe/IMUframe,-0.219589782209,0.0414177779233,1.75144382987,0.0137989722073,-0.0351593104123,0.535924939818,0.843420340126
2018/10/02/14:20:28.235205,10255,1538482828,219383845,/world,vicon/IMUframe/IMUframe,-0.217648146597,0.0450931025116,1.75184211314,0.0121803213936,-0.0411179667117,0.558274769371,0.828547062313
2018/10/02/14:20:28.245392,10256,1538482828,229421328,/world,vicon/IMUframe/IMUframe,-0.216221981888,0.0491758500572,1.75230287042,0.0103065454771,-0.0456747623113,0.579054021277,0.813943506425
2018/10/02/14:20:28.255167,10257,1538482828,239395294,/world,vicon/IMUframe/IMUframe,-0.214820547416,0.0531634795279,1.75278765784,0.0087013906738,-0.049927971585,0.598554802912,0.799477098712
2018/10/02/14:20:28.265313,10258,1538482828,249466434,/world,vicon/IMUframe/IMUframe,-0.213510081807,0.0571334290524,1.75335588258,0.00698371024905,-0.0532877969941,0.61680086973,0.785282322215
2018/10/02/14:20:28.275436,10259,1538482828,259440153,/world,vicon/IMUframe/IMUframe,-0.212551096497,0.0614484346471,1.7539020252,0.00488017070315,-0.0555672126243,0.634060573707,0.771268862127
2018/10/02/14:20:28.285406,10260,1538482828,269436709,/world,vicon/IMUframe/IMUframe,-0.211590257217,0.0659125977601,1.75453425408,0.002476665477,-0.0570247176382,0.650179318104,0.757633751899
2018/10/02/14:20:28.295369,10261,1538482828,279436164,/world,vicon/IMUframe/IMUframe,-0.210787346344,0.0702860551825,1.75523197604,-0.00044771375912,-0.0572430489433,0.665207292959,0.744461073727
2018/10/02/14:20:28.305388,10262,1538482828,289374835,/world,vicon/IMUframe/IMUframe,-0.210110623915,0.0743984569455,1.75611668997,-0.00362408105346,-0.0567992642906,0.67865634318,0.732247415478
2018/10/02/14:20:28.315212,10263,1538482828,299393035,/world,vicon/IMUframe/IMUframe,-0.209364733786,0.0790505591944,1.75684222818,-0.0062109464964,-0.055047529807,0.692637692629,0.71915521298
2018/10/02/14:20:28.325728,10264,1538482828,309414398,/world,vicon/IMUframe/IMUframe,-0.209062586617,0.0833474099266,1.75753452396,-0.0110039078473,-0.0524605270522,0.704460546478,0.707716147596
2018/10/02/14:20:28.335498,10265,1538482828,319422146,/world,vicon/IMUframe/IMUframe,-0.208546760572,0.0876062599856,1.75830800934,-0.0151872523727,-0.0496496614026,0.715683415031,0.696492288498
2018/10/02/14:20:28.345245,10266,1538482828,329425788,/world,vicon/IMUframe/IMUframe,-0.208305662955,0.0920255340892,1.75902956322,-0.0201615569487,-0.0459101538708,0.725832121763,0.686041908639
2018/10/02/14:20:28.354927,10267,1538482828,339403741,/world,vicon/IMUframe/IMUframe,-0.208281498207,0.0961239416195,1.75974507867,-0.0246344402725,-0.0411384308747,0.73502976129,0.67633721166
2018/10/02/14:20:28.365068,10268,1538482828,349372667,/world,vicon/IMUframe/IMUframe,-0.208133133151,0.100019158105,1.76027423899,-0.029071423669,-0.0366381408543,0.743313107404,0.66730661867
2018/10/02/14:20:28.375036,10269,1538482828,359442756,/world,vicon/IMUframe/IMUframe,-0.208074726155,0.103651554214,1.76074642209,-0.0332226681461,-0.0323860114978,0.750502424753,0.65923706739
2018/10/02/14:20:28.385150,10270,1538482828,369421737,/world,vicon/IMUframe/IMUframe,-0.208049508457,0.10690778596,1.76104278675,-0.0370029703153,-0.0286995190292,0.756617341922,0.652178898538
2018/10/02/14:20:28.395055,10271,1538482828,379447766,/world,vicon/IMUframe/IMUframe,-0.208165821067,0.109887307572,1.76133495624,-0.0402313319065,-0.0256043353203,0.761058103563,0.64692845118
2018/10/02/14:20:28.405520,10272,1538482828,389443553,/world,vicon/IMUframe/IMUframe,-0.208118275373,0.112755127694,1.76148969451,-0.0422348125195,-0.0238242324263,0.763832363489,0.643590511931
2018/10/02/14:20:28.414958,10273,1538482828,399397626,/world,vicon/IMUframe/IMUframe,-0.207899709459,0.114787042506,1.76172160504,-0.0445620286902,-0.0216307785348,0.766403627383,0.640446574628
2018/10/02/14:20:28.425178,10274,1538482828,409397042,/world,vicon/IMUframe/IMUframe,-0.207892411818,0.116535260595,1.76181429519,-0.0464547558739,-0.0195432632085,0.767216796455,0.639404726099
2018/10/02/14:20:28.435267,10275,1538482828,419425946,/world,vicon/IMUframe/IMUframe,-0.207642911505,0.118094233382,1.76192119732,-0.0472339534441,-0.0178227048856,0.767315308641,0.639279689931
2018/10/02/14:20:28.445087,10276,1538482828,429405685,/world,vicon/IMUframe/IMUframe,-0.207515126395,0.11927528677,1.76184162136,-0.047490253409,-0.0158316868816,0.766996496858,0.639695558316
2018/10/02/14:20:28.455363,10277,1538482828,439396207,/world,vicon/IMUframe/IMUframe,-0.207351255957,0.120206092729,1.76170218233,-0.047070440533,-0.0137383074703,0.766273536457,0.640640694822
2018/10/02/14:20:28.465152,10278,1538482828,449384322,/world,vicon/IMUframe/IMUframe,-0.207200051206,0.120846093667,1.76155765617,-0.0463334641153,-0.0114477420123,0.765311400093,0.64188832377
2018/10/02/14:20:28.475331,10279,1538482828,459387170,/world,vicon/IMUframe/IMUframe,-0.207105124235,0.121341169802,1.76132931258,-0.0450012864995,-0.00916848560003,0.764482070816,0.643006987898
2018/10/02/14:20:28.485136,10280,1538482828,469387464,/world,vicon/IMUframe/IMUframe,-0.207038552844,0.121511799608,1.76111568435,-0.0434015584173,-0.00748511899895,0.762701982177,0.645248761412
2018/10/02/14:20:28.494994,10281,1538482828,479377006,/world,vicon/IMUframe/IMUframe,-0.207186791769,0.121545331164,1.76079178086,-0.04126895005,-0.00623791439504,0.7610505256,0.647348483948
2018/10/02/14:20:28.505152,10282,1538482828,489362859,/world,vicon/IMUframe/IMUframe,-0.207409869578,0.121460435216,1.7603315379,-0.0394348315498,-0.00520354574224,0.759405844447,0.649400169843
2018/10/02/14:20:28.515072,10283,1538482828,499422229,/world,vicon/IMUframe/IMUframe,-0.207599891999,0.121309631253,1.76004976252,-0.0374670484061,-0.00451097180682,0.75783073247,0.651358927428
2018/10/02/14:20:28.525047,10284,1538482828,509407193,/world,vicon/IMUframe/IMUframe,-0.207842128101,0.121170831116,1.75979474941,-0.0355987964962,-0.00374071505033,0.756775885923,0.652693642703
2018/10/02/14:20:28.534875,10285,1538482828,519418054,/world,vicon/IMUframe/IMUframe,-0.207957462364,0.120995806161,1.75954359335,-0.0343017794888,-0.00316563467793,0.755559500025,0.65417368382
2018/10/02/14:20:28.544909,10286,1538482828,529433400,/world,vicon/IMUframe/IMUframe,-0.208121721478,0.120964851737,1.75940258189,-0.0328341956234,-0.00285151756956,0.754491102491,0.655482235234
2018/10/02/14:20:28.554962,10287,1538482828,539429932,/world,vicon/IMUframe/IMUframe,-0.208300070003,0.12078822794,1.75918698872,-0.0317853807438,-0.00278288630149,0.753598219181,0.656560484009
2018/10/02/14:20:28.564993,10288,1538482828,549445396,/world,vicon/IMUframe/IMUframe,-0.208488279615,0.120582358218,1.75904186556,-0.0311281765322,-0.0029490884882,0.7528509462,0.657447938858
2018/10/02/14:20:28.575142,10289,1538482828,559377226,/world,vicon/IMUframe/IMUframe,-0.20873503047,0.120361819343,1.75895037148,-0.0307974554475,-0.00338119296778,0.75214894015,0.65826442719
2018/10/02/14:20:28.584987,10290,1538482828,569379458,/world,vicon/IMUframe/IMUframe,-0.209027056054,0.120118515097,1.75886280873,-0.030534628542,-0.00421505577407,0.751474320565,0.659041891912
2018/10/02/14:20:28.595089,10291,1538482828,579401726,/world,vicon/IMUframe/IMUframe,-0.20931143129,0.119819744382,1.75882103662,-0.0306087248702,-0.0054028468968,0.75054399862,0.660089101064
2018/10/02/14:20:28.605066,10292,1538482828,589435112,/world,vicon/IMUframe/IMUframe,-0.209657467173,0.119604496963,1.75880747414,-0.0308214062464,-0.00663726491434,0.749982143355,0.660706267777
2018/10/02/14:20:28.615028,10293,1538482828,599407875,/world,vicon/IMUframe/IMUframe,-0.209988032631,0.119455689377,1.7588424086,-0.0313309562522,-0.00782485134947,0.749502930067,0.661212901192
2018/10/02/14:20:28.624809,10294,1538482828,609415948,/world,vicon/IMUframe/IMUframe,-0.210285788705,0.119340481057,1.75889609277,-0.0319572734547,-0.00886720598777,0.749152988241,0.661566251816
2018/10/02/14:20:28.634701,10295,1538482828,619467031,/world,vicon/IMUframe/IMUframe,-0.210592618871,0.119289560002,1.75896989006,-0.0327260466882,-0.00965144000056,0.748882391129,0.661824009712
2018/10/02/14:20:28.644977,10296,1538482828,629450345,/world,vicon/IMUframe/IMUframe,-0.210933331919,0.119268889516,1.75910871435,-0.0337435533762,-0.0103263866604,0.748616421827,0.662063585552
2018/10/02/14:20:28.654920,10297,1538482828,639463500,/world,vicon/IMUframe/IMUframe,-0.211182264247,0.119322710718,1.75919750793,-0.0346475689922,-0.0104273134622,0.74850148309,0.662145261184
2018/10/02/14:20:28.665090,10298,1538482828,649431873,/world,vicon/IMUframe/IMUframe,-0.211431197913,0.119405453005,1.7592871006,-0.0355755778784,-0.0103701464141,0.748353470228,0.662264238744
2018/10/02/14:20:28.674891,10299,1538482828,659435173,/world,vicon/IMUframe/IMUframe,-0.211628501424,0.119505570317,1.75932393368,-0.0364190821881,-0.0100030507478,0.748180642678,0.662419289687
2018/10/02/14:20:28.685092,10300,1538482828,669423856,/world,vicon/IMUframe/IMUframe,-0.211824370648,0.11961094717,1.75936120371,-0.0372875649254,-0.00970391933982,0.747894423421,0.662698576177
2018/10/02/14:20:28.694773,10301,1538482828,679428003,/world,vicon/IMUframe/IMUframe,-0.211970537308,0.119694407948,1.75940348469,-0.03816798944,-0.00928931153891,0.747537896952,0.663056563118
2018/10/02/14:20:28.704845,10302,1538482828,689400178,/world,vicon/IMUframe/IMUframe,-0.212102709034,0.119717156406,1.75944923426,-0.0390227890976,-0.00880089280538,0.746941154013,0.663685677605
2018/10/02/14:20:28.714649,10303,1538482828,699451892,/world,vicon/IMUframe/IMUframe,-0.212189254689,0.119689646271,1.75950178273,-0.0397467245596,-0.00856900783541,0.746156847783,0.664527447512
2018/10/02/14:20:28.724896,10304,1538482828,709434487,/world,vicon/IMUframe/IMUframe,-0.212278534911,0.11955741347,1.75956178377,-0.0407252086578,-0.00786155895757,0.745147439989,0.66560870333
2018/10/02/14:20:28.734984,10305,1538482828,719476723,/world,vicon/IMUframe/IMUframe,-0.212474463126,0.119131340689,1.75962736176,-0.0416838657837,-0.00711951017369,0.743785341173,0.667079556098
2018/10/02/14:20:28.744967,10306,1538482828,729431122,/world,vicon/IMUframe/IMUframe,-0.212623011589,0.118727987956,1.75963575923,-0.0422176342886,-0.00696912975246,0.741998297338,0.669034849117
2018/10/02/14:20:28.755089,10307,1538482828,739448301,/world,vicon/IMUframe/IMUframe,-0.212891639848,0.118149880354,1.75969483345,-0.0424658286357,-0.00699705585921,0.73970377372,0.671554928321
2018/10/02/14:20:28.765256,10308,1538482828,749440820,/world,vicon/IMUframe/IMUframe,-0.213018973562,0.117516973006,1.75979042509,-0.0425714239192,-0.00767200102497,0.7368343494,0.674688043329
2018/10/02/14:20:28.775079,10309,1538482828,759394662,/world,vicon/IMUframe/IMUframe,-0.213415965413,0.11678322125,1.7598559165,-0.0428332585249,-0.00844462005691,0.733025751971,0.678798384872
2018/10/02/14:20:28.784959,10310,1538482828,769403568,/world,vicon/IMUframe/IMUframe,-0.213701389957,0.115855096677,1.7598637562,-0.0429547822264,-0.00963206658954,0.728954484476,0.683145277039
2018/10/02/14:20:28.794925,10311,1538482828,779399464,/world,vicon/IMUframe/IMUframe,-0.21410880992,0.11482134184,1.75992461872,-0.0427960218021,-0.011020274776,0.724236857854,0.688133728128
2018/10/02/14:20:28.805109,10312,1538482828,789431475,/world,vicon/IMUframe/IMUframe,-0.214160937611,0.113643835728,1.75998153159,-0.0428085520069,-0.0125704353414,0.718861837138,0.693719735295
2018/10/02/14:20:28.814841,10313,1538482828,799425633,/world,vicon/IMUframe/IMUframe,-0.214427344301,0.112359532996,1.76004666707,-0.042530708007,-0.0140479562245,0.713023542311,0.69970795473
2018/10/02/14:20:28.824960,10314,1538482828,809387553,/world,vicon/IMUframe/IMUframe,-0.214938667668,0.110909920931,1.76002052907,-0.0421158505637,-0.0150825011034,0.706470118171,0.706327647359
2018/10/02/14:20:28.834790,10315,1538482828,819428457,/world,vicon/IMUframe/IMUframe,-0.215319834606,0.109576363779,1.76009927916,-0.0419268903896,-0.0161219032263,0.699132398388,0.713579785044
2018/10/02/14:20:28.844838,10316,1538482828,829427401,/world,vicon/IMUframe/IMUframe,-0.215773069694,0.108166197576,1.76015588268,-0.0415857379379,-0.016875251268,0.691100580601,0.721363874745
2018/10/02/14:20:28.854966,10317,1538482828,839474591,/world,vicon/IMUframe/IMUframe,-0.216251003059,0.10680592801,1.76019235094,-0.0411722581928,-0.0172745844238,0.682198575482,0.729802396199
2018/10/02/14:20:28.865143,10318,1538482828,849447642,/world,vicon/IMUframe/IMUframe,-0.216676130075,0.105333196979,1.76019786902,-0.0406569982553,-0.0172610106505,0.673110088713,0.738222103758
2018/10/02/14:20:28.875450,10319,1538482828,859454240,/world,vicon/IMUframe/IMUframe,-0.217059391897,0.103766065507,1.76022549091,-0.0401556126379,-0.016710196362,0.663698580159,0.746734551769
2018/10/02/14:20:28.885163,10320,1538482828,869425740,/world,vicon/IMUframe/IMUframe,-0.217539903497,0.102008481087,1.76021152761,-0.0394119114875,-0.016264461664,0.652720741108,0.756397912905
2018/10/02/14:20:28.895317,10321,1538482828,879394585,/world,vicon/IMUframe/IMUframe,-0.217863153906,0.100407901673,1.76005357787,-0.0380159892077,-0.0154462251731,0.642461521159,0.765218525993
2018/10/02/14:20:28.905162,10322,1538482828,889413638,/world,vicon/IMUframe/IMUframe,-0.218286752869,0.0986504906544,1.75998915472,-0.0365235031267,-0.0143195211958,0.631143114538,0.774673708088
2018/10/02/14:20:28.915001,10323,1538482828,899399591,/world,vicon/IMUframe/IMUframe,-0.218797611694,0.0970590409171,1.75985996888,-0.0350209018781,-0.0132228275643,0.619404971383,0.78417866248
2018/10/02/14:20:28.925034,10324,1538482828,909427444,/world,vicon/IMUframe/IMUframe,-0.219202649917,0.0952401274319,1.75960818152,-0.0328211947476,-0.0118169112501,0.607339746496,0.793675980555
2018/10/02/14:20:28.934915,10325,1538482828,919431925,/world,vicon/IMUframe/IMUframe,-0.219619241386,0.0932896706702,1.75935309067,-0.0307173828256,-0.0103049328937,0.595096508588,0.803000869375
2018/10/02/14:20:28.945005,10326,1538482828,929402819,/world,vicon/IMUframe/IMUframe,-0.219843861349,0.0915504098987,1.75888026036,-0.0286833634215,-0.00886202290177,0.582549695439,0.812240470278
2018/10/02/14:20:28.955297,10327,1538482828,939441090,/world,vicon/IMUframe/IMUframe,-0.220047909435,0.0893296103475,1.75850132403,-0.0262790226461,-0.00722422649535,0.570250228872,0.821018818293
2018/10/02/14:20:28.965142,10328,1538482828,949397002,/world,vicon/IMUframe/IMUframe,-0.220178198755,0.0873526918977,1.75794370994,-0.0236945770005,-0.00556548157329,0.557703522915,0.829683296785
2018/10/02/14:20:28.975173,10329,1538482828,959373901,/world,vicon/IMUframe/IMUframe,-0.220245026289,0.0851999265844,1.7573460668,-0.0209617179463,-0.00347646545699,0.545895232878,0.837583975067
2018/10/02/14:20:28.985022,10330,1538482828,969408880,/world,vicon/IMUframe/IMUframe,-0.220553035442,0.0832494419103,1.75659652872,-0.016944204894,-0.00187653445478,0.533190600134,0.845823360087
2018/10/02/14:20:28.995288,10331,1538482828,979414426,/world,vicon/IMUframe/IMUframe,-0.221085038258,0.0813796809312,1.75582925305,-0.0135128977272,0.000721294378893,0.521088678765,0.853395260235
2018/10/02/14:20:29.005076,10332,1538482828,989390356,/world,vicon/IMUframe/IMUframe,-0.22147541265,0.0794503112945,1.75499238474,-0.00915670029371,0.00298324492835,0.509137455746,0.860631341659
2018/10/02/14:20:29.014980,10333,1538482828,999380452,/world,vicon/IMUframe/IMUframe,-0.222061492653,0.0778626996405,1.7539957481,-0.00532656390367,0.00483275244205,0.496808973388,0.867830119426
2018/10/02/14:20:29.024832,10334,1538482829,9384484,/world,vicon/IMUframe/IMUframe,-0.222484501768,0.0762154578544,1.75308172746,-0.00193054533508,0.00735399780893,0.485475838026,0.874217022486
2018/10/02/14:20:29.034741,10335,1538482829,19428834,/world,vicon/IMUframe/IMUframe,-0.222867093694,0.0746159963175,1.75226300869,0.00132077135737,0.00994504078755,0.474157539654,0.880382859508
2018/10/02/14:20:29.044778,10336,1538482829,29458673,/world,vicon/IMUframe/IMUframe,-0.223385473576,0.073122860582,1.75150237658,0.00429427801608,0.0123888480289,0.462956202746,0.886284169982
2018/10/02/14:20:29.054806,10337,1538482829,39477860,/world,vicon/IMUframe/IMUframe,-0.223924083507,0.0715276774466,1.75074832074,0.00656712360256,0.0148320896011,0.451780696451,0.891981549316
2018/10/02/14:20:29.065002,10338,1538482829,49459370,/world,vicon/IMUframe/IMUframe,-0.224360578334,0.0699985569993,1.75004542516,0.00852067218208,0.0169741592428,0.440453003094,0.897574747934
2018/10/02/14:20:29.074851,10339,1538482829,59428239,/world,vicon/IMUframe/IMUframe,-0.224938270839,0.0687187193517,1.74935808282,0.00995208739236,0.0189032773906,0.429194730457,0.902959304403
2018/10/02/14:20:29.084772,10340,1538482829,69436832,/world,vicon/IMUframe/IMUframe,-0.225600771658,0.0676236338024,1.74867826569,0.0109606032199,0.020493975661,0.417782461519,0.908249787771
2018/10/02/14:20:29.095084,10341,1538482829,79455462,/world,vicon/IMUframe/IMUframe,-0.226316982046,0.0667293003707,1.74799495682,0.0119033285163,0.0220841693961,0.406642207297,0.913242966289
2018/10/02/14:20:29.105058,10342,1538482829,89410642,/world,vicon/IMUframe/IMUframe,-0.22726496433,0.0659715424538,1.7473124758,0.0123442804483,0.0232315132688,0.394445582704,0.918542648883
2018/10/02/14:20:29.115085,10343,1538482829,99408714,/world,vicon/IMUframe/IMUframe,-0.228098542438,0.0653860722645,1.74660991889,0.0128458162056,0.0239890416097,0.381872218755,0.923814439935
2018/10/02/14:20:29.125201,10344,1538482829,109391900,/world,vicon/IMUframe/IMUframe,-0.228818070551,0.0648723521856,1.74592928775,0.0128557248185,0.0249492967583,0.36986021247,0.928663386897
2018/10/02/14:20:29.134908,10345,1538482829,119450318,/world,vicon/IMUframe/IMUframe,-0.229783592344,0.0642337271962,1.7450878091,0.0131637624897,0.0250923196182,0.357686287258,0.933411811989
2018/10/02/14:20:29.145218,10346,1538482829,129365090,/world,vicon/IMUframe/IMUframe,-0.230647315035,0.0637319642827,1.74423359246,0.0134124582398,0.0248350218596,0.345190032489,0.938108292855
2018/10/02/14:20:29.154809,10347,1538482829,139437765,/world,vicon/IMUframe/IMUframe,-0.231563299084,0.0634271222401,1.74340108694,0.0134289410575,0.0247358829537,0.33320210062,0.942435228426
2018/10/02/14:20:29.164974,10348,1538482829,149385521,/world,vicon/IMUframe/IMUframe,-0.232546503636,0.0631383988667,1.74256340909,0.0133641959497,0.0245761654297,0.321341635058,0.946550032454
2018/10/02/14:20:29.174730,10349,1538482829,159400999,/world,vicon/IMUframe/IMUframe,-0.233549262155,0.0628988712712,1.74168551575,0.0131712784633,0.0242460102666,0.309611623632,0.95046267203
2018/10/02/14:20:29.184944,10350,1538482829,169437254,/world,vicon/IMUframe/IMUframe,-0.234724006546,0.062662078519,1.74070370712,0.013059496003,0.0238048890715,0.298431391278,0.954044800583
2018/10/02/14:20:29.194890,10351,1538482829,179443223,/world,vicon/IMUframe/IMUframe,-0.235661680339,0.0624305415083,1.73972947711,0.0128655575009,0.023448541786,0.287475919944,0.957414350619
2018/10/02/14:20:29.205101,10352,1538482829,189424992,/world,vicon/IMUframe/IMUframe,-0.23650172318,0.0622255478634,1.73870006176,0.0128519305359,0.0230591693773,0.276951453282,0.960521210132
2018/10/02/14:20:29.215060,10353,1538482829,199421786,/world,vicon/IMUframe/IMUframe,-0.23710971878,0.062044692622,1.73772440143,0.0133344428238,0.0227091735563,0.266709989739,0.963416974858
2018/10/02/14:20:29.225042,10354,1538482829,209384137,/world,vicon/IMUframe/IMUframe,-0.237628247347,0.0616764532831,1.7365279785,0.0140640045282,0.022533130213,0.257845346069,0.965821018269
2018/10/02/14:20:29.235154,10355,1538482829,219403812,/world,vicon/IMUframe/IMUframe,-0.238078900223,0.0616324886669,1.73539067672,0.0152546182519,0.0228037213542,0.248544735039,0.968231791256
2018/10/02/14:20:29.245004,10356,1538482829,229398930,/world,vicon/IMUframe/IMUframe,-0.238265782026,0.0614738989205,1.73405326496,0.0167667285437,0.0232464412014,0.24069095716,0.970178510856
2018/10/02/14:20:29.255013,10357,1538482829,239395958,/world,vicon/IMUframe/IMUframe,-0.238438484779,0.0613741031955,1.73277646162,0.0186181009372,0.023869628642,0.233196368709,0.9719583637
2018/10/02/14:20:29.264943,10358,1538482829,249460997,/world,vicon/IMUframe/IMUframe,-0.238464129082,0.0611662030665,1.73153413567,0.020259248816,0.0247069921249,0.226872475794,0.973400229661
2018/10/02/14:20:29.275081,10359,1538482829,259443231,/world,vicon/IMUframe/IMUframe,-0.238441266475,0.0608985251731,1.73030844471,0.0214680482861,0.0255595591079,0.220758216802,0.974757221853
2018/10/02/14:20:29.284752,10360,1538482829,269421622,/world,vicon/IMUframe/IMUframe,-0.238489374359,0.060780090432,1.72917427747,0.0222680381779,0.0264947810771,0.21499929168,0.976000750834
2018/10/02/14:20:29.294949,10361,1538482829,279412017,/world,vicon/IMUframe/IMUframe,-0.238547376273,0.0607015831757,1.72807960873,0.0226829377353,0.0273092032444,0.209558934455,0.977151341781
2018/10/02/14:20:29.305284,10362,1538482829,289465824,/world,vicon/IMUframe/IMUframe,-0.238486300991,0.0606551117136,1.72695508375,0.0223495449585,0.0277741145473,0.203951019542,0.978331783205
2018/10/02/14:20:29.315064,10363,1538482829,299444809,/world,vicon/IMUframe/IMUframe,-0.238433201826,0.0606540028252,1.72584177572,0.0222118041609,0.0280647383877,0.199697737344,0.979203666208
2018/10/02/14:20:29.325100,10364,1538482829,309395728,/world,vicon/IMUframe/IMUframe,-0.238442873789,0.0606027991499,1.72477034394,0.0215649516741,0.028089567617,0.195446940779,0.980074702454
2018/10/02/14:20:29.335120,10365,1538482829,319431115,/world,vicon/IMUframe/IMUframe,-0.238381677898,0.0606595955677,1.72372909371,0.0209315537953,0.0278203075255,0.191419711946,0.980890612873
2018/10/02/14:20:29.345265,10366,1538482829,329429511,/world,vicon/IMUframe/IMUframe,-0.238326865181,0.0606621583858,1.72273676105,0.0198972328452,0.0275145162036,0.187491765897,0.98167911725
2018/10/02/14:20:29.355142,10367,1538482829,339441783,/world,vicon/IMUframe/IMUframe,-0.238343722542,0.0607055759348,1.721720885,0.0192461843089,0.0272187427849,0.184973079195,0.982178030911
2018/10/02/14:20:29.365162,10368,1538482829,349364097,/world,vicon/IMUframe/IMUframe,-0.238440298181,0.0606836421964,1.72085620736,0.0181544347654,0.0266756602082,0.181146645723,0.982926608854
2018/10/02/14:20:29.375111,10369,1538482829,359426971,/world,vicon/IMUframe/IMUframe,-0.238552698544,0.0608216871697,1.71992823431,0.017124160881,0.0261726277735,0.1780910767,0.983516814838
2018/10/02/14:20:29.385103,10370,1538482829,369414838,/world,vicon/IMUframe/IMUframe,-0.238617781065,0.0610136492435,1.71903785851,0.0160598650066,0.025701777183,0.17523211539,0.984060569844
2018/10/02/14:20:29.395324,10371,1538482829,379435616,/world,vicon/IMUframe/IMUframe,-0.238778093277,0.0612048557114,1.71821059614,0.0147498489139,0.0252116939256,0.171924007387,0.984677078097
2018/10/02/14:20:29.404866,10372,1538482829,389433017,/world,vicon/IMUframe/IMUframe,-0.238789278128,0.0615910437094,1.71737598617,0.0137325244797,0.0249521276179,0.16995180017,0.985040707137
2018/10/02/14:20:29.414947,10373,1538482829,399386323,/world,vicon/IMUframe/IMUframe,-0.238834007213,0.0620288034115,1.71660911096,0.012188960413,0.0246970807558,0.167764072363,0.985442387697
2018/10/02/14:20:29.425032,10374,1538482829,409436646,/world,vicon/IMUframe/IMUframe,-0.238928323144,0.0624619180652,1.71595214683,0.0102287865393,0.024378695233,0.165247937563,0.985897646957
2018/10/02/14:20:29.435058,10375,1538482829,419434419,/world,vicon/IMUframe/IMUframe,-0.239062182112,0.0631255126876,1.71524079527,0.00809832515351,0.0242475201907,0.163272927135,0.986249677394
2018/10/02/14:20:29.444931,10376,1538482829,429434690,/world,vicon/IMUframe/IMUframe,-0.239146990424,0.063672955395,1.7146116786,0.00582805078515,0.0238674900854,0.160895258938,0.986665643667
2018/10/02/14:20:29.454957,10377,1538482829,439408459,/world,vicon/IMUframe/IMUframe,-0.239270068672,0.0642672324042,1.7140072044,0.00331586760909,0.0234671878305,0.158361608858,0.987096700915
2018/10/02/14:20:29.465151,10378,1538482829,449441187,/world,vicon/IMUframe/IMUframe,-0.239461955524,0.0648807932961,1.71345930765,0.000783762099317,0.0230664918449,0.155342673668,0.987590996521
2018/10/02/14:20:29.475159,10379,1538482829,459449022,/world,vicon/IMUframe/IMUframe,-0.239667294314,0.0656098963142,1.7128855702,-0.00138509010843,0.0227232829846,0.152732558481,0.988005313506
2018/10/02/14:20:29.485231,10380,1538482829,469386313,/world,vicon/IMUframe/IMUframe,-0.239989687007,0.0662884336604,1.71241320276,-0.00396799622459,0.0221761180905,0.14935787264,0.98852653008
2018/10/02/14:20:29.495118,10381,1538482829,479426032,/world,vicon/IMUframe/IMUframe,-0.240350981183,0.0670313163434,1.71193650063,-0.00628365461012,0.0216502401226,0.146077076979,0.989016314511
2018/10/02/14:20:29.505046,10382,1538482829,489402609,/world,vicon/IMUframe/IMUframe,-0.240697258623,0.0678184072935,1.71142163618,-0.00838206777265,0.0210108115736,0.142941775772,0.98947255418
2018/10/02/14:20:29.515135,10383,1538482829,499455367,/world,vicon/IMUframe/IMUframe,-0.241075737469,0.0685101193092,1.71092769584,-0.0105924202668,0.0202450620443,0.139314046702,0.989984613258
2018/10/02/14:20:29.525079,10384,1538482829,509432869,/world,vicon/IMUframe/IMUframe,-0.241429578526,0.0691486981171,1.71040724037,-0.0123310480715,0.019480018403,0.13611238391,0.990425107256
2018/10/02/14:20:29.535153,10385,1538482829,519454448,/world,vicon/IMUframe/IMUframe,-0.241720331399,0.0697429969389,1.70984179768,-0.0137237298096,0.0186521346024,0.133075733655,0.990835307318
2018/10/02/14:20:29.545108,10386,1538482829,529428422,/world,vicon/IMUframe/IMUframe,-0.241979239628,0.07025390997,1.70930397066,-0.0147717660189,0.0178650266123,0.130284463918,0.991205626606
2018/10/02/14:20:29.555034,10387,1538482829,539412305,/world,vicon/IMUframe/IMUframe,-0.242207594653,0.0706926917082,1.7087414256,-0.0154773743165,0.0169503987385,0.127787800678,0.991535885818
2018/10/02/14:20:29.565356,10388,1538482829,549423397,/world,vicon/IMUframe/IMUframe,-0.242524208996,0.071064780388,1.70813365615,-0.0157658726322,0.016316556199,0.125692578893,0.991809751346
2018/10/02/14:20:29.575141,10389,1538482829,559401218,/world,vicon/IMUframe/IMUframe,-0.242809731557,0.071372038596,1.70757770169,-0.0158619076438,0.0154414600768,0.123493740473,0.992098411077
2018/10/02/14:20:29.585034,10390,1538482829,569407833,/world,vicon/IMUframe/IMUframe,-0.243171749226,0.0716302578848,1.70703923645,-0.0161375863525,0.0147467884132,0.120995079048,0.992412364587
2018/10/02/14:20:29.595079,10391,1538482829,579419805,/world,vicon/IMUframe/IMUframe,-0.243530192063,0.0718827553571,1.70651799759,-0.016231283306,0.0140700757707,0.118834311619,0.992681713739
2018/10/02/14:20:29.605236,10392,1538482829,589444694,/world,vicon/IMUframe/IMUframe,-0.243807095079,0.0720205643879,1.70604835477,-0.0162654378279,0.0133581976951,0.116477779561,0.992970251798
2018/10/02/14:20:29.615152,10393,1538482829,599434406,/world,vicon/IMUframe/IMUframe,-0.244127627054,0.0722363100623,1.70554282506,-0.0162403506351,0.0128952871861,0.114511908944,0.993205409414
2018/10/02/14:20:29.625228,10394,1538482829,609404944,/world,vicon/IMUframe/IMUframe,-0.244517772267,0.0725100407482,1.70509633301,-0.0164363250233,0.0124098430629,0.11163552785,0.993535782917
2018/10/02/14:20:29.635334,10395,1538482829,619422904,/world,vicon/IMUframe/IMUframe,-0.244755111449,0.0726596339269,1.70462328815,-0.0162905679575,0.0120694288957,0.109756345948,0.993751724932
2018/10/02/14:20:29.644989,10396,1538482829,629404873,/world,vicon/IMUframe/IMUframe,-0.245017946064,0.072746815342,1.70420892008,-0.0164908326284,0.0118200779069,0.107473585776,0.99400088861
2018/10/02/14:20:29.655032,10397,1538482829,639384685,/world,vicon/IMUframe/IMUframe,-0.245253275832,0.0728526468669,1.70379646242,-0.0163840060067,0.0117060053767,0.105494912576,0.994215950991
2018/10/02/14:20:29.665000,10398,1538482829,649435615,/world,vicon/IMUframe/IMUframe,-0.245514646869,0.072973402937,1.70341562677,-0.01617884887,0.0116490931654,0.103538344055,0.994425640653
2018/10/02/14:20:29.675037,10399,1538482829,659423268,/world,vicon/IMUframe/IMUframe,-0.245789812204,0.0730772591675,1.70304064265,-0.0159819776697,0.0116743244687,0.101630554698,0.994625314824
2018/10/02/14:20:29.685148,10400,1538482829,669446922,/world,vicon/IMUframe/IMUframe,-0.246113077976,0.0732011023281,1.70269719634,-0.0159490646484,0.0118105755465,0.099572061143,0.994832419195
2018/10/02/14:20:29.694985,10401,1538482829,679413366,/world,vicon/IMUframe/IMUframe,-0.24651775395,0.073383682725,1.70240746173,-0.0161414385894,0.0118925639456,0.0973234957771,0.995050831894
2018/10/02/14:20:29.705169,10402,1538482829,689424481,/world,vicon/IMUframe/IMUframe,-0.247001501958,0.0736532109865,1.70212831492,-0.0164585162985,0.011799380782,0.0947579324681,0.995294341433
2018/10/02/14:20:29.715129,10403,1538482829,699434107,/world,vicon/IMUframe/IMUframe,-0.247486166203,0.073859898503,1.70190314552,-0.0169038960541,0.0120207869603,0.0922369918327,0.995521017516
2018/10/02/14:20:29.724964,10404,1538482829,709423925,/world,vicon/IMUframe/IMUframe,-0.248039982319,0.0741266025192,1.70165431038,-0.0172827191657,0.0122683225608,0.0891476711833,0.995792894433
2018/10/02/14:20:29.735134,10405,1538482829,719411451,/world,vicon/IMUframe/IMUframe,-0.248581988416,0.0744108272251,1.70143491071,-0.0177008146056,0.0126007731498,0.0859311410121,0.996064124784
2018/10/02/14:20:29.744999,10406,1538482829,729449412,/world,vicon/IMUframe/IMUframe,-0.249105637771,0.0747747739805,1.7012250557,-0.0180855201811,0.0129591273617,0.0824678108404,0.996345339304
2018/10/02/14:20:29.755099,10407,1538482829,739408558,/world,vicon/IMUframe/IMUframe,-0.249655663702,0.0751610213867,1.70100797159,-0.0184227096906,0.0132744990886,0.0787775674561,0.996633576751
2018/10/02/14:20:29.765084,10408,1538482829,749411512,/world,vicon/IMUframe/IMUframe,-0.250183239812,0.0755500401787,1.70081990122,-0.0188063648738,0.0135777921558,0.0751240216324,0.99690438136
2018/10/02/14:20:29.775147,10409,1538482829,759408338,/world,vicon/IMUframe/IMUframe,-0.250673009843,0.0759585788432,1.70066981552,-0.0194526416477,0.0139121604423,0.0716318487191,0.997144385119
2018/10/02/14:20:29.785135,10410,1538482829,769460414,/world,vicon/IMUframe/IMUframe,-0.251173549992,0.0763679328184,1.7004581158,-0.0203518018819,0.0144789745328,0.0680406303062,0.997369859222
2018/10/02/14:20:29.795115,10411,1538482829,779406646,/world,vicon/IMUframe/IMUframe,-0.251689405689,0.0767991424539,1.70030431833,-0.0211409677304,0.0149832503612,0.0642179414372,0.997599427471
2018/10/02/14:20:29.805147,10412,1538482829,789434660,/world,vicon/IMUframe/IMUframe,-0.252211912229,0.0772166114946,1.70012479301,-0.0217287057237,0.0154569892965,0.0601941631781,0.997830450301
2018/10/02/14:20:29.815082,10413,1538482829,799416680,/world,vicon/IMUframe/IMUframe,-0.252730508142,0.0775993531592,1.69993958497,-0.0220312417733,0.0158615750908,0.0561310305407,0.998054278199
2018/10/02/14:20:29.824976,10414,1538482829,809410894,/world,vicon/IMUframe/IMUframe,-0.253201714373,0.0778944423745,1.69968340493,-0.0221911795768,0.0161481909241,0.0521010488909,0.998264628334
2018/10/02/14:20:29.835249,10415,1538482829,819410293,/world,vicon/IMUframe/IMUframe,-0.253700529561,0.078231701616,1.69939709711,-0.0221059685367,0.016416148968,0.0482538973136,0.99845550607
2018/10/02/14:20:29.845117,10416,1538482829,829399824,/world,vicon/IMUframe/IMUframe,-0.25409338217,0.0784377727959,1.69911880107,-0.0217971870919,0.0165468700969,0.0446190847906,0.998629170912
2018/10/02/14:20:29.855484,10417,1538482829,839424633,/world,vicon/IMUframe/IMUframe,-0.254511889985,0.0786874422148,1.69876498797,-0.0211119523566,0.0165935454571,0.0410345145427,0.998796830358
2018/10/02/14:20:29.865278,10418,1538482829,849461330,/world,vicon/IMUframe/IMUframe,-0.254775147964,0.0786885254219,1.69840260572,-0.0200623782008,0.0166012312764,0.0381800141963,0.998931522486
2018/10/02/14:20:29.875277,10419,1538482829,859437097,/world,vicon/IMUframe/IMUframe,-0.254961793014,0.078537520839,1.69802130159,-0.0187191589439,0.0165330684652,0.0356472166388,0.999052314287
2018/10/02/14:20:29.885447,10420,1538482829,869406402,/world,vicon/IMUframe/IMUframe,-0.255156959374,0.0783858489683,1.69762399321,-0.0172570963585,0.0165292416716,0.0334215000873,0.999155633586
2018/10/02/14:20:29.895146,10421,1538482829,879381565,/world,vicon/IMUframe/IMUframe,-0.255317962621,0.0781758127083,1.69722209355,-0.0155513643179,0.0165178225217,0.0315697015428,0.999244049545
2018/10/02/14:20:29.905169,10422,1538482829,889407256,/world,vicon/IMUframe/IMUframe,-0.255408606576,0.0779010664028,1.69684952743,-0.0140154600065,0.0166496384757,0.0301017199349,0.999309883308
2018/10/02/14:20:29.914945,10423,1538482829,899441233,/world,vicon/IMUframe/IMUframe,-0.255506444821,0.0776565499569,1.69647624722,-0.0126422289755,0.0169036795139,0.0287353734841,0.99936415684
2018/10/02/14:20:29.925111,10424,1538482829,909432652,/world,vicon/IMUframe/IMUframe,-0.255560575045,0.0776504258468,1.69609312717,-0.0113648923661,0.0171938478217,0.0275198222706,0.999408760318
2018/10/02/14:20:29.935129,10425,1538482829,919464771,/world,vicon/IMUframe/IMUframe,-0.255613902674,0.0773893282973,1.69581916323,-0.0103325086369,0.0176532020845,0.0266287262148,0.999436098338
2018/10/02/14:20:29.945123,10426,1538482829,929447147,/world,vicon/IMUframe/IMUframe,-0.255614090078,0.0771241248335,1.69555249516,-0.00938411521884,0.0181852975756,0.0261050914729,0.999449727366
2018/10/02/14:20:29.954876,10427,1538482829,939409089,/world,vicon/IMUframe/IMUframe,-0.25561362401,0.0768908073587,1.6953245452,-0.00875471949708,0.0187403869804,0.0256999542181,0.999455684428
2018/10/02/14:20:29.965367,10428,1538482829,949448002,/world,vicon/IMUframe/IMUframe,-0.25554232546,0.0766533007089,1.69511701356,-0.00823636161303,0.0193018903381,0.0257092678573,0.999449164752
2018/10/02/14:20:29.975220,10429,1538482829,959486708,/world,vicon/IMUframe/IMUframe,-0.255509308626,0.076463695606,1.694928366,-0.00795440289914,0.019810309421,0.0258687089083,0.99943738624
2018/10/02/14:20:29.985085,10430,1538482829,969418293,/world,vicon/IMUframe/IMUframe,-0.255475542716,0.076317648578,1.69477624994,-0.00787217856112,0.0202541487601,0.0261536176241,0.999421726074
2018/10/02/14:20:29.994958,10431,1538482829,979448029,/world,vicon/IMUframe/IMUframe,-0.255447108658,0.0761882654792,1.69463180421,-0.008000022251,0.0205745948658,0.0265156294566,0.999404626307
2018/10/02/14:20:30.005127,10432,1538482829,989425469,/world,vicon/IMUframe/IMUframe,-0.25543496957,0.0760973091786,1.69449699223,-0.00827819869757,0.0207691159634,0.0269729157728,0.999386100095
2018/10/02/14:20:30.015079,10433,1538482829,999459267,/world,vicon/IMUframe/IMUframe,-0.255431141829,0.076049058354,1.69438317814,-0.00851728543599,0.0208093238586,0.0274761114324,0.999369546859
2018/10/02/14:20:30.025090,10434,1538482830,9399563,/world,vicon/IMUframe/IMUframe,-0.255453560573,0.0760109216058,1.69427909512,-0.00876818874884,0.0207065290834,0.0281331341562,0.999351232191
2018/10/02/14:20:30.035008,10435,1538482830,19436796,/world,vicon/IMUframe/IMUframe,-0.255505458877,0.076025807343,1.69417949879,-0.00902421792084,0.0205050652625,0.0288189857353,0.999333563857
2018/10/02/14:20:30.045131,10436,1538482830,29428546,/world,vicon/IMUframe/IMUframe,-0.255619259227,0.0758763083915,1.69412430224,-0.00934295813128,0.0202088150307,0.0294768518878,0.99931748115
2018/10/02/14:20:30.055027,10437,1538482830,39460722,/world,vicon/IMUframe/IMUframe,-0.255688773932,0.0759393975811,1.69403341316,-0.00962827651982,0.0198577195238,0.0302309672,0.999299282442
2018/10/02/14:20:30.065208,10438,1538482830,49434995,/world,vicon/IMUframe/IMUframe,-0.255758824179,0.0760090274049,1.69392986742,-0.00990926993478,0.0195147706718,0.0310029005243,0.999279640668
2018/10/02/14:20:30.075155,10439,1538482830,59463009,/world,vicon/IMUframe/IMUframe,-0.255862715345,0.0761309691916,1.69383254501,-0.0101978557223,0.0191762431039,0.031524266439,0.999266979373
2018/10/02/14:20:30.085197,10440,1538482830,69432066,/world,vicon/IMUframe/IMUframe,-0.255938387391,0.0762168529856,1.69377074216,-0.0104846515878,0.0188657246319,0.0320165090744,0.999254271776
2018/10/02/14:20:30.095352,10441,1538482830,79437774,/world,vicon/IMUframe/IMUframe,-0.256084010239,0.0763849622548,1.69373335819,-0.0109232722256,0.0185600198716,0.0322157153171,0.999248895658
2018/10/02/14:20:30.105396,10442,1538482830,89405966,/world,vicon/IMUframe/IMUframe,-0.25623386475,0.0765774399307,1.69369883681,-0.0114951288584,0.018270269451,0.0322875962585,0.999245500563
2018/10/02/14:20:30.115154,10443,1538482830,99406614,/world,vicon/IMUframe/IMUframe,-0.256404106934,0.0767925842372,1.6936661292,-0.0121275597098,0.0180301598618,0.0321838980517,0.999245731708
2018/10/02/14:20:30.125057,10444,1538482830,109409833,/world,vicon/IMUframe/IMUframe,-0.256571873701,0.0769908667601,1.69366492414,-0.0127716289818,0.0178059466738,0.0319508132542,0.9992492078
2018/10/02/14:20:30.135378,10445,1538482830,119416117,/world,vicon/IMUframe/IMUframe,-0.256738169151,0.0771754995491,1.69363489839,-0.0133544195426,0.0176701581187,0.0316679007147,0.999253005527
2018/10/02/14:20:30.145056,10446,1538482830,129395084,/world,vicon/IMUframe/IMUframe,-0.256893332418,0.0773173549816,1.69360655741,-0.01380469357,0.0175543984246,0.031395364519,0.999257526676
2018/10/02/14:20:30.155014,10447,1538482830,139408674,/world,vicon/IMUframe/IMUframe,-0.257045409113,0.0774287076829,1.69354877898,-0.0140456155282,0.0174157201815,0.0311126449158,0.99926543856
2018/10/02/14:20:30.165166,10448,1538482830,149440857,/world,vicon/IMUframe/IMUframe,-0.257167270156,0.0774780316707,1.6934540114,-0.0140821784499,0.0172375941963,0.0309032407104,0.999274510487
2018/10/02/14:20:30.175182,10449,1538482830,159470091,/world,vicon/IMUframe/IMUframe,-0.257285745311,0.077496557672,1.69333034903,-0.0138492868296,0.017017113314,0.0307524664901,0.999286195698
2018/10/02/14:20:30.184930,10450,1538482830,169394436,/world,vicon/IMUframe/IMUframe,-0.257415010086,0.0774519156966,1.69319429691,-0.013397196415,0.0167576945532,0.0306279089218,0.999300568396
2018/10/02/14:20:30.195035,10451,1538482830,179391125,/world,vicon/IMUframe/IMUframe,-0.257550347768,0.0773691611206,1.69304717957,-0.0128183223157,0.0165128464192,0.030530703346,0.999315211867
2018/10/02/14:20:30.204852,10452,1538482830,189418953,/world,vicon/IMUframe/IMUframe,-0.257722553374,0.0772949734645,1.69290000491,-0.0122183321958,0.0162837075,0.0304335690951,0.999329450732
2018/10/02/14:20:30.215312,10453,1538482830,199463506,/world,vicon/IMUframe/IMUframe,-0.25776266614,0.07708597436,1.69275696533,-0.0114346583068,0.0159930375982,0.0303210722786,0.999346838647
2018/10/02/14:20:30.225394,10454,1538482830,209404720,/world,vicon/IMUframe/IMUframe,-0.257982774293,0.0770842744104,1.69255673263,-0.0107705765291,0.0160068504784,0.0303854862096,0.999352038897
2018/10/02/14:20:30.235254,10455,1538482830,219416173,/world,vicon/IMUframe/IMUframe,-0.258026584453,0.0768864086163,1.69245540963,-0.0100514769176,0.0158743345096,0.0301726198489,0.999368093511
2018/10/02/14:20:30.244997,10456,1538482830,229407675,/world,vicon/IMUframe/IMUframe,-0.25812287359,0.076787730548,1.69233279475,-0.00948740943619,0.015966322037,0.0301193896213,0.9993737479
2018/10/02/14:20:30.255026,10457,1538482830,239389597,/world,vicon/IMUframe/IMUframe,-0.258210529423,0.0767060962023,1.69221839603,-0.00902739792428,0.0161177737088,0.0300256569349,0.999378398497
2018/10/02/14:20:30.264945,10458,1538482830,249518139,/world,vicon/IMUframe/IMUframe,-0.258273762056,0.0766347281684,1.69211045845,-0.00857148953051,0.016292710581,0.0299700204906,0.999381246082
2018/10/02/14:20:30.275304,10459,1538482830,259462914,/world,vicon/IMUframe/IMUframe,-0.258332344712,0.0765861021582,1.69200688402,-0.00822749155611,0.0164393933061,0.0299220374837,0.999383172964
2018/10/02/14:20:30.285150,10460,1538482830,269509480,/world,vicon/IMUframe/IMUframe,-0.258386290433,0.0765564721376,1.69191655578,-0.00795988714961,0.0165862860987,0.0298211097448,0.999385929821
2018/10/02/14:20:30.294977,10461,1538482830,279417778,/world,vicon/IMUframe/IMUframe,-0.258433900333,0.0765392840122,1.69184133527,-0.00770746616287,0.0167155621972,0.0297427261822,0.999388090376
2018/10/02/14:20:30.304992,10462,1538482830,289405950,/world,vicon/IMUframe/IMUframe,-0.258452506901,0.0765271959428,1.69177182847,-0.00749935449509,0.016851847462,0.0297285854478,0.999387805672
2018/10/02/14:20:30.315072,10463,1538482830,299475968,/world,vicon/IMUframe/IMUframe,-0.258479212718,0.0765427235606,1.69172118282,-0.00739233040037,0.0169718809197,0.0296946986276,0.999387579262
2018/10/02/14:20:30.324954,10464,1538482830,309487133,/world,vicon/IMUframe/IMUframe,-0.258541431728,0.0765736967565,1.69167144082,-0.00728846068698,0.0171210656126,0.0296478727184,0.999387187779
2018/10/02/14:20:30.334907,10465,1538482830,319518766,/world,vicon/IMUframe/IMUframe,-0.258603399554,0.0766343472618,1.69162805454,-0.00724619732144,0.0172005912737,0.0295383203404,0.999389373525
2018/10/02/14:20:30.345038,10466,1538482830,329464755,/world,vicon/IMUframe/IMUframe,-0.258702780377,0.0767159328275,1.69160754654,-0.00726679593452,0.0172443536769,0.0294223635529,0.999391890334
2018/10/02/14:20:30.354940,10467,1538482830,339498896,/world,vicon/IMUframe/IMUframe,-0.25880982889,0.0768112430882,1.69155794244,-0.00728735371993,0.0171822947479,0.0293135292787,0.999396007709
2018/10/02/14:20:30.364962,10468,1538482830,349389768,/world,vicon/IMUframe/IMUframe,-0.258920195857,0.0768769816559,1.69150311518,-0.00728091274117,0.0170596311499,0.0292480602663,0.999400074177
2018/10/02/14:20:30.375022,10469,1538482830,359486555,/world,vicon/IMUframe/IMUframe,-0.25904590637,0.0769668436616,1.69145899193,-0.00723088955947,0.0169625253248,0.0292056998999,0.999403329024
2018/10/02/14:20:30.385078,10470,1538482830,369500396,/world,vicon/IMUframe/IMUframe,-0.25916083301,0.0770349023773,1.69141332891,-0.0071701571615,0.0168845028937,0.029169260788,0.999406151989
2018/10/02/14:20:30.395069,10471,1538482830,379416679,/world,vicon/IMUframe/IMUframe,-0.25925995211,0.0770857451784,1.69140901727,-0.00716387260518,0.0168313850474,0.0292398867577,0.999405029219
2018/10/02/14:20:30.404890,10472,1538482830,389401234,/world,vicon/IMUframe/IMUframe,-0.259371864372,0.0771632419114,1.69138682426,-0.00722747866333,0.0167983683368,0.0293134462761,0.999402971899
2018/10/02/14:20:30.415059,10473,1538482830,399450833,/world,vicon/IMUframe/IMUframe,-0.259502225164,0.0772449723278,1.6913626091,-0.00744708542847,0.016755015409,0.0293333623743,0.999401503015
2018/10/02/14:20:30.425128,10474,1538482830,409519070,/world,vicon/IMUframe/IMUframe,-0.259636297745,0.0773394914528,1.69135395052,-0.00769159761674,0.0166290979938,0.0292817583865,0.999403267481
2018/10/02/14:20:30.435081,10475,1538482830,419411201,/world,vicon/IMUframe/IMUframe,-0.259795995763,0.0774281240524,1.69133391472,-0.00798872573028,0.0164996702496,0.0292146088301,0.999405046902
2018/10/02/14:20:30.444903,10476,1538482830,429393411,/world,vicon/IMUframe/IMUframe,-0.259946127241,0.0775077897388,1.69129066608,-0.00824110965007,0.0163602082933,0.0291159044257,0.999408170772
2018/10/02/14:20:30.454741,10477,1538482830,439394407,/world,vicon/IMUframe/IMUframe,-0.260100885381,0.07757553143,1.69125716217,-0.00844789133967,0.0161956726392,0.029044062948,0.999411214529
2018/10/02/14:20:30.464955,10478,1538482830,449512112,/world,vicon/IMUframe/IMUframe,-0.260239258309,0.0776504556272,1.69121426299,-0.00854049438821,0.0160595864369,0.0290109447414,0.999413585421
2018/10/02/14:20:30.475070,10479,1538482830,459519899,/world,vicon/IMUframe/IMUframe,-0.260375186992,0.0776866489726,1.69115887207,-0.0085495956206,0.0159317755399,0.0290110305946,0.999415550733
2018/10/02/14:20:30.485140,10480,1538482830,469516039,/world,vicon/IMUframe/IMUframe,-0.260510866942,0.0777522112963,1.69112200973,-0.00854566812386,0.0158334810849,0.0289943265382,0.999417631154
2018/10/02/14:20:30.495135,10481,1538482830,479410587,/world,vicon/IMUframe/IMUframe,-0.260676762484,0.0778100605223,1.69107566349,-0.00855007765537,0.0158195777592,0.0289094291946,0.999420272976
2018/10/02/14:20:30.505076,10482,1538482830,489413187,/world,vicon/IMUframe/IMUframe,-0.260811726051,0.0778672983326,1.69105235682,-0.00858384523777,0.0158153574406,0.0288442927626,0.999421932341
2018/10/02/14:20:30.515045,10483,1538482830,499413011,/world,vicon/IMUframe/IMUframe,-0.260948677473,0.0779334240038,1.69102490284,-0.0086294208777,0.0158509249545,0.028733780981,0.999424159756
2018/10/02/14:20:30.525057,10484,1538482830,509444798,/world,vicon/IMUframe/IMUframe,-0.261066730644,0.0779939418533,1.69100044228,-0.0086811310524,0.0159293218146,0.0285959072925,0.999426419881
2018/10/02/14:20:30.535011,10485,1538482830,519492071,/world,vicon/IMUframe/IMUframe,-0.261165038297,0.0780644904127,1.6909831218,-0.00876121642741,0.016083875142,0.0284228521048,0.999428182275
2018/10/02/14:20:30.545089,10486,1538482830,529497667,/world,vicon/IMUframe/IMUframe,-0.26125709421,0.078126364854,1.69097152117,-0.00888857692874,0.0162674708398,0.0281537145552,0.999431703995
2018/10/02/14:20:30.555114,10487,1538482830,539486348,/world,vicon/IMUframe/IMUframe,-0.261316497991,0.0781822053469,1.69094577825,-0.00897838926298,0.0164886560547,0.0279711980535,0.999432401329
2018/10/02/14:20:30.565147,10488,1538482830,549420775,/world,vicon/IMUframe/IMUframe,-0.261426843745,0.0783058050399,1.69092364018,-0.00912818925432,0.0167846069949,0.027902904641,0.999428026944
2018/10/02/14:20:30.575068,10489,1538482830,559418066,/world,vicon/IMUframe/IMUframe,-0.26144759686,0.0783636200794,1.69090801654,-0.00922306853354,0.0169620707309,0.0277841166709,0.999427469116
2018/10/02/14:20:30.585096,10490,1538482830,569422665,/world,vicon/IMUframe/IMUframe,-0.261481490108,0.0784093843388,1.69087774261,-0.00931890786669,0.0170689547248,0.0276412959663,0.999428720569
2018/10/02/14:20:30.595009,10491,1538482830,579441604,/world,vicon/IMUframe/IMUframe,-0.261517975101,0.0784126925044,1.69084613678,-0.00931717344906,0.0171474840485,0.0275387136855,0.999430224337
2018/10/02/14:20:30.604853,10492,1538482830,589393001,/world,vicon/IMUframe/IMUframe,-0.261565179159,0.0784142103822,1.69079880596,-0.00927061775658,0.0171826531417,0.0273731956898,0.999434600279
2018/10/02/14:20:30.614713,10493,1538482830,599484995,/world,vicon/IMUframe/IMUframe,-0.261600980132,0.0783609256657,1.69074771916,-0.00908442678189,0.0171768486096,0.0273393445418,0.999437336356
2018/10/02/14:20:30.624846,10494,1538482830,609516534,/world,vicon/IMUframe/IMUframe,-0.261640702475,0.0782958494072,1.69068145303,-0.00882201862455,0.0171401863574,0.0272975120163,0.999441459935
2018/10/02/14:20:30.635108,10495,1538482830,619516273,/world,vicon/IMUframe/IMUframe,-0.261690067679,0.0782176003625,1.69059978569,-0.0084553548189,0.0170802532811,0.0273239228175,0.999444933533
2018/10/02/14:20:30.645030,10496,1538482830,629518254,/world,vicon/IMUframe/IMUframe,-0.261764893349,0.0781650968835,1.69054279304,-0.00811554733647,0.0169969452254,0.0273027103161,0.99944975049
2018/10/02/14:20:30.655068,10497,1538482830,639437447,/world,vicon/IMUframe/IMUframe,-0.261854235525,0.078110940719,1.69048595858,-0.00782255124642,0.0168694504622,0.0272985272195,0.999454361011
2018/10/02/14:20:30.665098,10498,1538482830,649474656,/world,vicon/IMUframe/IMUframe,-0.261955012171,0.0780980674993,1.6904228359,-0.00763212896083,0.0167290060128,0.0272250335962,0.999460198563
2018/10/02/14:20:30.674964,10499,1538482830,659393748,/world,vicon/IMUframe/IMUframe,-0.26205225134,0.0780734165243,1.69038825951,-0.00754058534761,0.0166070173155,0.0272250179044,0.999462928251
2018/10/02/14:20:30.685091,10500,1538482830,669470838,/world,vicon/IMUframe/IMUframe,-0.26205029472,0.0779674217106,1.69039337028,-0.00747031207496,0.0164433288496,0.027091658246,0.99946978615
2018/10/02/14:20:30.694912,10501,1538482830,679495993,/world,vicon/IMUframe/IMUframe,-0.262186913413,0.0780466292684,1.69031652054,-0.00754157741439,0.0165719482591,0.0272239315041,0.999463532449
2018/10/02/14:20:30.704955,10502,1538482830,689396634,/world,vicon/IMUframe/IMUframe,-0.26216732354,0.0779490439979,1.69034813176,-0.00754591035829,0.016515051909,0.0271578999892,0.999466237932
2018/10/02/14:20:30.715169,10503,1538482830,699504956,/world,vicon/IMUframe/IMUframe,-0.262290125968,0.0780257533599,1.69028437951,-0.00762903554365,0.016646473886,0.0272960798392,0.999459662392
2018/10/02/14:20:30.724991,10504,1538482830,709490167,/world,vicon/IMUframe/IMUframe,-0.262294413228,0.077949449831,1.69028578519,-0.00768589800647,0.0165257017764,0.0272631040645,0.999462131003
2018/10/02/14:20:30.734978,10505,1538482830,719413533,/world,vicon/IMUframe/IMUframe,-0.262374155717,0.0779383586976,1.69024235378,-0.00773210549118,0.0164028357251,0.0273121965819,0.999462458246
2018/10/02/14:20:30.744973,10506,1538482830,729495202,/world,vicon/IMUframe/IMUframe,-0.26246898451,0.0779260274042,1.69018885167,-0.00777529405908,0.016237073225,0.0273794398893,0.999462990074
2018/10/02/14:20:30.755080,10507,1538482830,739412197,/world,vicon/IMUframe/IMUframe,-0.262571484268,0.0778964539385,1.69013094951,-0.00780118982797,0.0160595996575,0.0274737594531,0.999463067471
2018/10/02/14:20:30.764956,10508,1538482830,749476801,/world,vicon/IMUframe/IMUframe,-0.262663295366,0.077862691314,1.69005667375,-0.00781169054241,0.0159387820953,0.0276104865611,0.999461151695
2018/10/02/14:20:30.775094,10509,1538482830,759457233,/world,vicon/IMUframe/IMUframe,-0.262772078748,0.0778148021535,1.68997445805,-0.00782426063723,0.0158384884655,0.0277487902652,0.999458817494
2018/10/02/14:20:30.785039,10510,1538482830,769493696,/world,vicon/IMUframe/IMUframe,-0.262881007403,0.077746456655,1.68989660987,-0.00785901478344,0.0157369098663,0.0278375223791,0.999457681897
2018/10/02/14:20:30.794985,10511,1538482830,779414891,/world,vicon/IMUframe/IMUframe,-0.262988581556,0.0776859115852,1.68979265995,-0.00791752651998,0.0156276026369,0.0278781470097,0.999457802876
2018/10/02/14:20:30.805060,10512,1538482830,789488731,/world,vicon/IMUframe/IMUframe,-0.263109281364,0.0776010068252,1.68967699282,-0.00796294617571,0.0154717169466,0.0278675854339,0.99946016186
2018/10/02/14:20:30.815095,10513,1538482830,799458317,/world,vicon/IMUframe/IMUframe,-0.263259776006,0.0775325057459,1.68955790813,-0.00797930399998,0.0153243454752,0.0277670307,0.999465100516
2018/10/02/14:20:30.825068,10514,1538482830,809497549,/world,vicon/IMUframe/IMUframe,-0.263404136583,0.0774507579448,1.68943046516,-0.0079081474594,0.0151962068429,0.027567921243,0.999473134316
2018/10/02/14:20:30.835007,10515,1538482830,819415611,/world,vicon/IMUframe/IMUframe,-0.263540128952,0.0773414677526,1.68927951635,-0.00770135244358,0.0150538534302,0.0272744647582,0.999484954484
2018/10/02/14:20:30.844886,10516,1538482830,829394298,/world,vicon/IMUframe/IMUframe,-0.263646363515,0.0771962621466,1.68912909918,-0.00732969599979,0.0149395686362,0.0270377223921,0.999495896146
2018/10/02/14:20:30.854860,10517,1538482830,839459261,/world,vicon/IMUframe/IMUframe,-0.26375956627,0.0770817917885,1.68896175146,-0.00694826025138,0.0148547790078,0.0267259620624,0.999508269186
2018/10/02/14:20:30.864989,10518,1538482830,849511708,/world,vicon/IMUframe/IMUframe,-0.263854828749,0.0769246531686,1.68878362865,-0.00652772237619,0.0148061898029,0.0264650421065,0.999518767773
2018/10/02/14:20:30.874829,10519,1538482830,859498760,/world,vicon/IMUframe/IMUframe,-0.263956451686,0.0770395115744,1.68856436434,-0.00614001978696,0.0148060514775,0.0261640628877,0.999529150555
2018/10/02/14:20:30.884730,10520,1538482830,869500595,/world,vicon/IMUframe/IMUframe,-0.264040834666,0.0768604199014,1.68837805544,-0.00577293862756,0.0148191945146,0.0260340435315,0.999534538288
2018/10/02/14:20:30.894986,10521,1538482830,879508263,/world,vicon/IMUframe/IMUframe,-0.264149403422,0.0766943460208,1.68818326519,-0.00541147934438,0.014893323433,0.0258969597889,0.99953901989
2018/10/02/14:20:30.905042,10522,1538482830,889520230,/world,vicon/IMUframe/IMUframe,-0.264226137872,0.0765044034143,1.68797483496,-0.00502069826685,0.015040017291,0.0258413190546,0.999540302688
2018/10/02/14:20:30.915035,10523,1538482830,899495864,/world,vicon/IMUframe/IMUframe,-0.264270701558,0.0762890074309,1.68778462253,-0.00459071442155,0.0152240100341,0.025846529973,0.999539449821
2018/10/02/14:20:30.925140,10524,1538482830,909516207,/world,vicon/IMUframe/IMUframe,-0.264324621407,0.076116601211,1.68761812848,-0.00427071860874,0.0154317937028,0.0257787172952,0.999539433159
2018/10/02/14:20:30.935064,10525,1538482830,919487366,/world,vicon/IMUframe/IMUframe,-0.26436880339,0.0759635219697,1.68745163982,-0.00394300228225,0.0157076972833,0.025734998636,0.999537608509
2018/10/02/14:20:30.945022,10526,1538482830,929414510,/world,vicon/IMUframe/IMUframe,-0.264448440394,0.0758209991482,1.68727020889,-0.00360241907267,0.0159122664954,0.0255755667901,0.999539750453
2018/10/02/14:20:30.955017,10527,1538482830,939501480,/world,vicon/IMUframe/IMUframe,-0.264541240236,0.075711118408,1.68710267236,-0.00337074713012,0.0160678687816,0.0252935349513,0.999545245973
2018/10/02/14:20:30.964927,10528,1538482830,949496992,/world,vicon/IMUframe/IMUframe,-0.264636683497,0.0756185550459,1.68694034018,-0.00317007523784,0.0161436568079,0.0250415649005,0.999551025709
2018/10/02/14:20:30.974965,10529,1538482830,959491280,/world,vicon/IMUframe/IMUframe,-0.264772399081,0.0755416704877,1.68679449802,-0.00293415062036,0.0161185926754,0.0247283290258,0.999559948914
2018/10/02/14:20:30.984997,10530,1538482830,969504294,/world,vicon/IMUframe/IMUframe,-0.264915285031,0.0754465518875,1.6866565018,-0.00270942113112,0.0160310285036,0.0243589266736,0.999571061933
2018/10/02/14:20:30.994959,10531,1538482830,979474225,/world,vicon/IMUframe/IMUframe,-0.265042789471,0.0753510501824,1.68652120594,-0.0024983008731,0.0159268784151,0.0241058980582,0.99957941091
2018/10/02/14:20:31.004816,10532,1538482830,989486032,/world,vicon/IMUframe/IMUframe,-0.265192468056,0.0752625507741,1.68640563606,-0.00229919837262,0.0158337591292,0.0238601771535,0.999587263677
2018/10/02/14:20:31.014714,10533,1538482830,999492463,/world,vicon/IMUframe/IMUframe,-0.265316859167,0.0751884427544,1.68629352108,-0.00207685551566,0.0157394698329,0.0236580887564,0.999594042898
2018/10/02/14:20:31.024736,10534,1538482831,9521407,/world,vicon/IMUframe/IMUframe,-0.265445254609,0.0751189941464,1.6861937156,-0.00191880415343,0.0156583456659,0.0234664984042,0.999600148987
2018/10/02/14:20:31.035012,10535,1538482831,19516902,/world,vicon/IMUframe/IMUframe,-0.265541879018,0.0750623157835,1.68611327186,-0.00182517118467,0.0156061222917,0.0233912263986,0.99960290527
2018/10/02/14:20:31.044950,10536,1538482831,29499435,/world,vicon/IMUframe/IMUframe,-0.265648493435,0.0749856487324,1.68604596521,-0.0017077172164,0.0155323064018,0.0233463306685,0.999605312113
2018/10/02/14:20:31.054954,10537,1538482831,39484297,/world,vicon/IMUframe/IMUframe,-0.265750822498,0.0749133325472,1.68598145152,-0.00164147169533,0.0155082973469,0.0233631394417,0.999605403146
2018/10/02/14:20:31.065152,10538,1538482831,49547406,/world,vicon/IMUframe/IMUframe,-0.265860860523,0.0748386466601,1.68594294278,-0.00157596294284,0.0154729454929,0.0233667310174,0.999605972461
2018/10/02/14:20:31.075109,10539,1538482831,59517364,/world,vicon/IMUframe/IMUframe,-0.265940982226,0.0747689784148,1.68589983448,-0.00157865155519,0.0154395190754,0.023395125819,0.99960582091
2018/10/02/14:20:31.085141,10540,1538482831,69499740,/world,vicon/IMUframe/IMUframe,-0.266002928106,0.074689897185,1.68587446901,-0.00164538047433,0.0153703152746,0.0234429614188,0.999605659093
2018/10/02/14:20:31.095114,10541,1538482831,79421382,/world,vicon/IMUframe/IMUframe,-0.266052409047,0.0746570985395,1.68587161088,-0.00165568655873,0.0152685892789,0.0234122292266,0.99960792134
2018/10/02/14:20:31.105121,10542,1538482831,89431353,/world,vicon/IMUframe/IMUframe,-0.266123858231,0.0746135488053,1.68583831694,-0.00177124491076,0.0152344405272,0.0233802111514,0.999608993677
2018/10/02/14:20:31.115033,10543,1538482831,99416434,/world,vicon/IMUframe/IMUframe,-0.266209992787,0.0745573365422,1.68581671888,-0.00184685763018,0.0151874750404,0.0233061004255,0.999611302158
2018/10/02/14:20:31.125117,10544,1538482831,109470925,/world,vicon/IMUframe/IMUframe,-0.266320649681,0.0744527326082,1.68575709747,-0.00205106569372,0.0152695258675,0.0233141497559,0.999609466307
2018/10/02/14:20:31.134949,10545,1538482831,119499396,/world,vicon/IMUframe/IMUframe,-0.26638825889,0.0744252039492,1.68574224542,-0.002135152342,0.0152177198249,0.0231867969702,0.999613042419
2018/10/02/14:20:31.144942,10546,1538482831,129449221,/world,vicon/IMUframe/IMUframe,-0.26642090606,0.0743855944624,1.68572874556,-0.00223366842453,0.0151578855369,0.0230640926654,0.999616574923
2018/10/02/14:20:31.154958,10547,1538482831,139418090,/world,vicon/IMUframe/IMUframe,-0.266366776092,0.0745108106136,1.68577295096,-0.0024222858638,0.0151814251594,0.0229159435213,0.999619185687
2018/10/02/14:20:31.164942,10548,1538482831,149481521,/world,vicon/IMUframe/IMUframe,-0.266397495145,0.0744558310363,1.68574813861,-0.00244621243094,0.0151064748603,0.0228287463015,0.999622258058
2018/10/02/14:20:31.175077,10549,1538482831,159509533,/world,vicon/IMUframe/IMUframe,-0.266408164006,0.0744187413537,1.68570104012,-0.00248856273747,0.015044768417,0.0227572604736,0.999624714128
2018/10/02/14:20:31.185019,10550,1538482831,169484864,/world,vicon/IMUframe/IMUframe,-0.266367899605,0.0744687471628,1.68566110787,-0.00238763591116,0.0148896527574,0.0222582166468,0.999638519279
2018/10/02/14:20:31.195193,10551,1538482831,179445275,/world,vicon/IMUframe/IMUframe,-0.266372625584,0.0744249377348,1.68560895795,-0.00236981315834,0.0147085672021,0.0221824046527,0.99964292773
2018/10/02/14:20:31.205083,10552,1538482831,189494027,/world,vicon/IMUframe/IMUframe,-0.266403509247,0.0743746030389,1.68553894255,-0.00240025293861,0.014527175737,0.022130629918,0.999646655159
2018/10/02/14:20:31.214997,10553,1538482831,199437022,/world,vicon/IMUframe/IMUframe,-0.26642493875,0.0743410100123,1.68546746851,-0.0024233779379,0.0143477950823,0.0220949786221,0.99964997871
2018/10/02/14:20:31.224974,10554,1538482831,209414783,/world,vicon/IMUframe/IMUframe,-0.266518797512,0.0741549634932,1.68535244685,-0.00266048470132,0.0143471107388,0.0225874889664,0.999638378403
2018/10/02/14:20:31.234978,10555,1538482831,219502712,/world,vicon/IMUframe/IMUframe,-0.266493501198,0.0740920761338,1.68527333616,-0.00274831294247,0.0142859357513,0.0226603594543,0.999637367711
2018/10/02/14:20:31.244999,10556,1538482831,229489677,/world,vicon/IMUframe/IMUframe,-0.266440477128,0.0740083099581,1.6851910601,-0.00278842772373,0.0142944126429,0.0227991548341,0.999633979503
2018/10/02/14:20:31.254856,10557,1538482831,239482654,/world,vicon/IMUframe/IMUframe,-0.266378743593,0.0739124901104,1.68510547419,-0.00281233203161,0.0143187405922,0.0229457937485,0.99963020913
2018/10/02/14:20:31.264991,10558,1538482831,249543875,/world,vicon/IMUframe/IMUframe,-0.266313410499,0.0738135930849,1.68500880668,-0.0027903552005,0.0143603082758,0.023108803356,0.999625919368
2018/10/02/14:20:31.274887,10559,1538482831,259376520,/world,vicon/IMUframe/IMUframe,-0.266319070593,0.0736185688607,1.68485155596,-0.00253339499479,0.0141901705254,0.0231891862283,0.999627171806
2018/10/02/14:20:31.284837,10560,1538482831,269489083,/world,vicon/IMUframe/IMUframe,-0.266264644706,0.0734993341827,1.68474768006,-0.00243746693883,0.014155154842,0.0232737550276,0.999625941377
2018/10/02/14:20:31.294803,10561,1538482831,279516513,/world,vicon/IMUframe/IMUframe,-0.266236134179,0.0734086913931,1.68464043942,-0.00239978194266,0.0141413510158,0.0232808856915,0.999626061885
2018/10/02/14:20:31.304945,10562,1538482831,289503326,/world,vicon/IMUframe/IMUframe,-0.266194251898,0.0733074370183,1.68453416547,-0.00234376021489,0.0141760289515,0.023260897972,0.999626168934
2018/10/02/14:20:31.315152,10563,1538482831,299542633,/world,vicon/IMUframe/IMUframe,-0.26614209037,0.0731591521489,1.68442580536,-0.0022699309562,0.0142472357145,0.0233422530077,0.999623430554
2018/10/02/14:20:31.325127,10564,1538482831,309522010,/world,vicon/IMUframe/IMUframe,-0.266061137331,0.0730350028541,1.68431878387,-0.00217363752241,0.014400948084,0.0234267507965,0.999619465267
2018/10/02/14:20:31.335109,10565,1538482831,319423261,/world,vicon/IMUframe/IMUframe,-0.26598628278,0.0728801742228,1.68422623031,-0.00204107533575,0.014507931697,0.023515180731,0.999616121421
2018/10/02/14:20:31.345182,10566,1538482831,329418494,/world,vicon/IMUframe/IMUframe,-0.265914461386,0.0727332436144,1.68412916463,-0.00193710555809,0.0146212261986,0.0235788895306,0.999613176851
2018/10/02/14:20:31.355036,10567,1538482831,339492508,/world,vicon/IMUframe/IMUframe,-0.265846644494,0.0726102689446,1.68401075028,-0.00180660129812,0.0147185473033,0.0236593687841,0.999610091399
2018/10/02/14:20:31.365075,10568,1538482831,349420072,/world,vicon/IMUframe/IMUframe,-0.265794547858,0.0724829834923,1.68391742438,-0.00171728408716,0.0147367192735,0.0236614858129,0.999609930988
2018/10/02/14:20:31.375138,10569,1538482831,359502286,/world,vicon/IMUframe/IMUframe,-0.26575751579,0.0723654852453,1.68379921864,-0.00161057789314,0.0148386955164,0.0235937512164,0.999610201057
2018/10/02/14:20:31.385309,10570,1538482831,369427508,/world,vicon/IMUframe/IMUframe,-0.26569820394,0.0722455642395,1.6836823433,-0.00148040587672,0.0149594085203,0.0235913696282,0.999608659313
2018/10/02/14:20:31.395071,10571,1538482831,379421915,/world,vicon/IMUframe/IMUframe,-0.265649858648,0.0721265125471,1.68358879444,-0.00141665537735,0.0151374606237,0.0235607467951,0.999606793486
2018/10/02/14:20:31.405094,10572,1538482831,389431116,/world,vicon/IMUframe/IMUframe,-0.2655752246,0.0720123158875,1.68350989887,-0.00132967353102,0.015321775253,0.0235865089414,0.999603497276
2018/10/02/14:20:31.414934,10573,1538482831,399422578,/world,vicon/IMUframe/IMUframe,-0.265501294153,0.0719112629561,1.68342678562,-0.00131577595129,0.0155443080513,0.0236165401622,0.999599370874
2018/10/02/14:20:31.424979,10574,1538482831,409391087,/world,vicon/IMUframe/IMUframe,-0.265442974755,0.071803600485,1.68336170321,-0.00130822858294,0.0157802554115,0.0236631593915,0.9995945813
2018/10/02/14:20:31.434857,10575,1538482831,419526984,/world,vicon/IMUframe/IMUframe,-0.265390402495,0.0717145880973,1.68330117868,-0.00130560227228,0.0159723830571,0.0236327295572,0.999592253109
2018/10/02/14:20:31.445072,10576,1538482831,429516669,/world,vicon/IMUframe/IMUframe,-0.26529335402,0.0717106169694,1.68324178255,-0.0012388758876,0.0160725629291,0.0231984102173,0.999600906197
2018/10/02/14:20:31.455076,10577,1538482831,439458067,/world,vicon/IMUframe/IMUframe,-0.265302637503,0.071525020957,1.68316833747,-0.00128082830921,0.0162040007413,0.0235200131612,0.999591215858
2018/10/02/14:20:31.465184,10578,1538482831,449506567,/world,vicon/IMUframe/IMUframe,-0.26521882965,0.0715022119481,1.68309511996,-0.00117479766608,0.0162609629825,0.0230275653309,0.999601886837
2018/10/02/14:20:31.475108,10579,1538482831,459429595,/world,vicon/IMUframe/IMUframe,-0.265191149041,0.0713846674911,1.68301872091,-0.00110149655749,0.0163258039336,0.0229360808171,0.999603016716
2018/10/02/14:20:31.485156,10580,1538482831,469424464,/world,vicon/IMUframe/IMUframe,-0.265169509189,0.0712523819914,1.68293161907,-0.000970487462478,0.0163666609289,0.0228694211154,0.999604011668
2018/10/02/14:20:31.495199,10581,1538482831,479434596,/world,vicon/IMUframe/IMUframe,-0.265205153778,0.0710205267713,1.68282585432,-0.000894393076526,0.0164702102572,0.023240454169,0.999593824273
2018/10/02/14:20:31.505252,10582,1538482831,489424214,/world,vicon/IMUframe/IMUframe,-0.2651834644,0.0708690465772,1.68272366861,-0.00063800622817,0.0164936678097,0.0232503907668,0.999593402939
2018/10/02/14:20:31.515178,10583,1538482831,499478010,/world,vicon/IMUframe/IMUframe,-0.265178111332,0.0707187244225,1.68262097809,-0.000322451965491,0.0165131460009,0.023311308696,0.999591814153
2018/10/02/14:20:31.525133,10584,1538482831,509437592,/world,vicon/IMUframe/IMUframe,-0.265161307089,0.0705683656713,1.68251863405,-5.82305989535e-05,0.0165357681127,0.0233268454401,0.999591128044
2018/10/02/14:20:31.535084,10585,1538482831,519400964,/world,vicon/IMUframe/IMUframe,-0.265125461657,0.070518635826,1.68245351254,0.000215034342969,0.0164837591587,0.02287115688,0.999602495809
2018/10/02/14:20:31.544744,10586,1538482831,529423432,/world,vicon/IMUframe/IMUframe,-0.265159232072,0.0704015876018,1.68237964113,0.000331689259616,0.0164562299109,0.0227681952941,0.999605267975
2018/10/02/14:20:31.554924,10587,1538482831,539415193,/world,vicon/IMUframe/IMUframe,-0.265255876328,0.0702155082026,1.68229852594,0.000315242016829,0.0164790637183,0.0228906509429,0.999602100428
2018/10/02/14:20:31.565001,10588,1538482831,549523393,/world,vicon/IMUframe/IMUframe,-0.265327002754,0.0701260687625,1.6822315722,0.000401406051257,0.0164282087508,0.0225762626708,0.999610056569
2018/10/02/14:20:31.574853,10589,1538482831,559512544,/world,vicon/IMUframe/IMUframe,-0.265378624194,0.070005602874,1.68216151975,0.000538630591806,0.0164132096106,0.0223364801448,0.999615625169
2018/10/02/14:20:31.585156,10590,1538482831,569518107,/world,vicon/IMUframe/IMUframe,-0.265415881448,0.0699018333145,1.68211122858,0.00069311622457,0.0164101839778,0.0221870327003,0.9996189079
2018/10/02/14:20:31.595083,10591,1538482831,579525032,/world,vicon/IMUframe/IMUframe,-0.265431279126,0.069800228651,1.68205574541,0.000887941700192,0.016448792425,0.0221606120323,0.999618705338
2018/10/02/14:20:31.605168,10592,1538482831,589499576,/world,vicon/IMUframe/IMUframe,-0.265437965548,0.0696842885006,1.68199255019,0.00111277501757,0.0165328781429,0.0222295964306,0.999615561461
2018/10/02/14:20:31.615122,10593,1538482831,599403381,/world,vicon/IMUframe/IMUframe,-0.265460282565,0.0696173763726,1.68195026773,0.00130075017756,0.0165737132497,0.0222367417061,0.999614499393
2018/10/02/14:20:31.625164,10594,1538482831,609403327,/world,vicon/IMUframe/IMUframe,-0.265484121144,0.0695554417852,1.68191650263,0.00138465903661,0.0166266380001,0.0222381921404,0.999613475519
2018/10/02/14:20:31.635078,10595,1538482831,619421396,/world,vicon/IMUframe/IMUframe,-0.265545323512,0.0695178784397,1.6819024126,0.00140175615741,0.0166335017806,0.0221943875682,0.999614311051
2018/10/02/14:20:31.645110,10596,1538482831,629433110,/world,vicon/IMUframe/IMUframe,-0.265616521649,0.069497295876,1.68191667585,0.00131787336795,0.0166019125613,0.0221215356503,0.999616565174
2018/10/02/14:20:31.655059,10597,1538482831,639417195,/world,vicon/IMUframe/IMUframe,-0.265694474226,0.0695164758894,1.68193586853,0.00111319077044,0.0165685253343,0.0220175989379,0.999619662728
2018/10/02/14:20:31.664790,10598,1538482831,649421763,/world,vicon/IMUframe/IMUframe,-0.265755964708,0.0694796030637,1.68197140053,0.000933663883946,0.0164932164418,0.0219602085821,0.999622354353
2018/10/02/14:20:31.674991,10599,1538482831,659475167,/world,vicon/IMUframe/IMUframe,-0.265810282432,0.0694714126477,1.68200716368,0.00079847573887,0.0163924906681,0.0219464311525,0.999624430897
2018/10/02/14:20:31.685169,10600,1538482831,669526471,/world,vicon/IMUframe/IMUframe,-0.265881499122,0.0694662645853,1.68204369064,0.000646163205788,0.0162851806281,0.0219516467041,0.999626180415
2018/10/02/14:20:31.695129,10601,1538482831,679415694,/world,vicon/IMUframe/IMUframe,-0.265924147106,0.0694113147891,1.68207428656,0.000565774166544,0.0160888807751,0.0220244228707,0.999627807042
2018/10/02/14:20:31.705566,10602,1538482831,689429386,/world,vicon/IMUframe/IMUframe,-0.265974017492,0.0693821054462,1.68208366656,0.000521636614628,0.0158531926684,0.0221263029742,0.999629346755
2018/10/02/14:20:31.715289,10603,1538482831,699419984,/world,vicon/IMUframe/IMUframe,-0.266014463534,0.0693206694165,1.68209780594,0.000529492830702,0.0156087821168,0.0223232277865,0.999628810639
