time,.header.seq,.header.stamp.secs,.header.stamp.nsecs,.header.frame_id,.child_frame_id,.transform.translation.x,.transform.translation.y,.transform.translation.z,.transform.rotation.x,.transform.rotation.y,.transform.rotation.z,.transform.rotation.w
2018/10/02/14:20:54.845533,12916,1538482854,829630885,/world,vicon/IMUframe/IMUframe,-0.327773574219,0.153709314942,1.5842248361,0.0128912904358,0.00152942645786,-0.0350609626884,0.999300857791
2018/10/02/14:20:54.855439,12917,1538482854,839620749,/world,vicon/IMUframe/IMUframe,-0.326830288951,0.153568454225,1.58472369243,0.0124674729161,0.00166237167639,-0.0349385312127,0.999310311003
2018/10/02/14:20:54.865487,12918,1538482854,849639543,/world,vicon/IMUframe/IMUframe,-0.325879899956,0.153571368454,1.58524126614,0.0121715824628,0.00194057608358,-0.0353394698042,0.99929935886
2018/10/02/14:20:54.875975,12919,1538482854,859645113,/world,vicon/IMUframe/IMUframe,-0.324928851589,0.153309973294,1.58575381944,0.0116158480532,0.00236984310942,-0.0346363519394,0.999329664846
2018/10/02/14:20:54.885784,12920,1538482854,869624937,/world,vicon/IMUframe/IMUframe,-0.324016538194,0.153170389995,1.58631059425,0.0110786032584,0.00306718943489,-0.0344001706417,0.999342026114
2018/10/02/14:20:54.895808,12921,1538482854,879650001,/world,vicon/IMUframe/IMUframe,-0.323070197429,0.152970970406,1.58687952133,0.0105775586778,0.00369566647698,-0.0341164414329,0.999355054886
2018/10/02/14:20:54.905558,12922,1538482854,889648873,/world,vicon/IMUframe/IMUframe,-0.321982779561,0.152851427662,1.58752142616,0.0103176413664,0.0042610717705,-0.0346314107169,0.999337808219
2018/10/02/14:20:54.915406,12923,1538482854,899647240,/world,vicon/IMUframe/IMUframe,-0.321104390673,0.152568885049,1.58806786627,0.00973348234433,0.00500531562179,-0.0341825212948,0.999355673109
2018/10/02/14:20:54.925205,12924,1538482854,909603453,/world,vicon/IMUframe/IMUframe,-0.320272243263,0.152291994186,1.5885863642,0.00957949560793,0.00551980934644,-0.0342611522629,0.999351759099
2018/10/02/14:20:54.935062,12925,1538482854,919633338,/world,vicon/IMUframe/IMUframe,-0.319410369738,0.152071539643,1.58915137693,0.00941790987499,0.00614257801083,-0.0344236150987,0.999344078099
2018/10/02/14:20:54.945206,12926,1538482854,929658576,/world,vicon/IMUframe/IMUframe,-0.318613178897,0.151872470448,1.58964472696,0.00920759131549,0.00660199314738,-0.0347518742793,0.999331747311
2018/10/02/14:20:54.955163,12927,1538482854,939665578,/world,vicon/IMUframe/IMUframe,-0.317798137198,0.151794521424,1.59012463882,0.00911354015227,0.00700310820135,-0.0356787071983,0.999297217906
2018/10/02/14:20:54.965030,12928,1538482854,949669571,/world,vicon/IMUframe/IMUframe,-0.317020763488,0.15154678641,1.59057722046,0.00892357816623,0.00736792512745,-0.0360511818734,0.999282940772
2018/10/02/14:20:54.975023,12929,1538482854,959648039,/world,vicon/IMUframe/IMUframe,-0.316317860448,0.15133402246,1.59101074717,0.00877913432421,0.00779088606908,-0.0364847105324,0.999265277487
2018/10/02/14:20:54.985181,12930,1538482854,969674765,/world,vicon/IMUframe/IMUframe,-0.315608414474,0.151003587536,1.59138753048,0.00850428709958,0.00820220394876,-0.036358954782,0.99926894646
2018/10/02/14:20:54.995140,12931,1538482854,979693453,/world,vicon/IMUframe/IMUframe,-0.31490462471,0.1507779214,1.59172483126,0.00841677228863,0.00866129073207,-0.0365739337835,0.999257968372
2018/10/02/14:20:55.005217,12932,1538482854,989628310,/world,vicon/IMUframe/IMUframe,-0.314211132155,0.150549895723,1.59202739916,0.00832275720443,0.00910178066011,-0.0367844082444,0.999247114888
2018/10/02/14:20:55.015220,12933,1538482854,999674792,/world,vicon/IMUframe/IMUframe,-0.313474126953,0.15046057334,1.59228451052,0.00847722490248,0.00956578332158,-0.0372619883865,0.999223787081
2018/10/02/14:20:55.025238,12934,1538482855,9644318,/world,vicon/IMUframe/IMUframe,-0.312737943849,0.150030638204,1.59257224728,0.00843524100641,0.00996307027121,-0.0369792616441,0.999230763211
2018/10/02/14:20:55.035201,12935,1538482855,19649582,/world,vicon/IMUframe/IMUframe,-0.312110917572,0.149798561215,1.59274431063,0.00861779871177,0.0104305415595,-0.0370473381337,0.999221913333
2018/10/02/14:20:55.045147,12936,1538482855,29641895,/world,vicon/IMUframe/IMUframe,-0.31146977831,0.149654535364,1.59287608045,0.00903379108716,0.0108351675108,-0.0374854698796,0.999197592727
2018/10/02/14:20:55.055376,12937,1538482855,39647902,/world,vicon/IMUframe/IMUframe,-0.310944085701,0.149258488948,1.59298437367,0.00932023452235,0.0113474224668,-0.0369037047186,0.99921093159
2018/10/02/14:20:55.065501,12938,1538482855,49668818,/world,vicon/IMUframe/IMUframe,-0.310397187632,0.148987727718,1.59308721088,0.00981491329738,0.0117191526049,-0.0368503575123,0.999203873136
2018/10/02/14:20:55.075310,12939,1538482855,59671256,/world,vicon/IMUframe/IMUframe,-0.309847302926,0.148866815909,1.59316113343,0.0105721519924,0.0120540124938,-0.0371779530601,0.999180028919
2018/10/02/14:20:55.085499,12940,1538482855,69609614,/world,vicon/IMUframe/IMUframe,-0.309436870783,0.148510348618,1.59324138128,0.0109097256628,0.0124896984594,-0.0365083561316,0.999195739208
2018/10/02/14:20:55.095212,12941,1538482855,79634703,/world,vicon/IMUframe/IMUframe,-0.308964071122,0.148219501229,1.59331752137,0.011219964124,0.0128061398639,-0.0363611088085,0.99919366739
2018/10/02/14:20:55.105456,12942,1538482855,89651908,/world,vicon/IMUframe/IMUframe,-0.308556161606,0.147975305694,1.59340442629,0.0114572823885,0.0131590037933,-0.0361029549502,0.999195750563
2018/10/02/14:20:55.115448,12943,1538482855,99686805,/world,vicon/IMUframe/IMUframe,-0.308198865021,0.147740228028,1.59350990751,0.0115954284573,0.0134943874838,-0.0359380137838,0.99919562985
2018/10/02/14:20:55.125541,12944,1538482855,109655173,/world,vicon/IMUframe/IMUframe,-0.30790286101,0.147484759044,1.59362843506,0.0116188965718,0.0137004754693,-0.0357816472182,0.999198164498
2018/10/02/14:20:55.135406,12945,1538482855,119608637,/world,vicon/IMUframe/IMUframe,-0.307651623626,0.147207537162,1.59379061367,0.0114263452421,0.0137969128395,-0.035712746137,0.999201523014
2018/10/02/14:20:55.145201,12946,1538482855,129625532,/world,vicon/IMUframe/IMUframe,-0.30746807662,0.146947119493,1.59395370782,0.0113380088928,0.0138128977405,-0.0357031247333,0.999202652266
2018/10/02/14:20:55.155363,12947,1538482855,139634590,/world,vicon/IMUframe/IMUframe,-0.307296215307,0.146810211488,1.59412347008,0.011286324564,0.0137191492303,-0.0362120569419,0.999186214254
2018/10/02/14:20:55.165457,12948,1538482855,149681246,/world,vicon/IMUframe/IMUframe,-0.307192757458,0.146545356488,1.59429925627,0.0111302614982,0.013630969487,-0.0362531315096,0.999187682273
2018/10/02/14:20:55.175206,12949,1538482855,159658145,/world,vicon/IMUframe/IMUframe,-0.307146398793,0.146290432881,1.59447316156,0.0111401575877,0.0134905898547,-0.0363807693506,0.999184838003
2018/10/02/14:20:55.185167,12950,1538482855,169670236,/world,vicon/IMUframe/IMUframe,-0.307147616207,0.145900398441,1.5946850064,0.0108530939814,0.0133717802332,-0.0359433951817,0.999205423418
2018/10/02/14:20:55.195233,12951,1538482855,179669651,/world,vicon/IMUframe/IMUframe,-0.307086372059,0.145705968995,1.59490080938,0.010814090375,0.0131758250258,-0.036466415965,0.999189498339
2018/10/02/14:20:55.205307,12952,1538482855,189632692,/world,vicon/IMUframe/IMUframe,-0.307096003491,0.14536087084,1.59514990433,0.0105181339999,0.0130329617484,-0.0365033446322,0.999193182821
2018/10/02/14:20:55.215266,12953,1538482855,199641904,/world,vicon/IMUframe/IMUframe,-0.307144688487,0.145032457169,1.59535464768,0.0104996622892,0.0128632484126,-0.0366027856536,0.999191938526
2018/10/02/14:20:55.225161,12954,1538482855,209623537,/world,vicon/IMUframe/IMUframe,-0.307285954175,0.14462186353,1.59557421513,0.0104764200669,0.0127162767693,-0.036244669114,0.999207118113
2018/10/02/14:20:55.235126,12955,1538482855,219647174,/world,vicon/IMUframe/IMUframe,-0.307404826409,0.14427239772,1.59579211504,0.0105963905806,0.0124772823736,-0.0363464004693,0.999205170675
2018/10/02/14:20:55.245204,12956,1538482855,229672893,/world,vicon/IMUframe/IMUframe,-0.30750434412,0.143999888507,1.59603606376,0.0108573134597,0.0122089209349,-0.0368797273549,0.99918614217
2018/10/02/14:20:55.255391,12957,1538482855,239681456,/world,vicon/IMUframe/IMUframe,-0.307650165106,0.14367401287,1.59629169395,0.0110104439159,0.0119792237465,-0.0368992070548,0.999186527552
2018/10/02/14:20:55.265546,12958,1538482855,249649583,/world,vicon/IMUframe/IMUframe,-0.307832542881,0.14323016858,1.59654692777,0.0110831460485,0.0118189792256,-0.0363145801045,0.999209050637
2018/10/02/14:20:55.275473,12959,1538482855,259686114,/world,vicon/IMUframe/IMUframe,-0.307987108886,0.142885686171,1.59682317849,0.0111595781345,0.0116326002596,-0.036211229598,0.999214137849
2018/10/02/14:20:55.285216,12960,1538482855,269624106,/world,vicon/IMUframe/IMUframe,-0.308163024831,0.142545202007,1.59710012764,0.0111408950698,0.0114948573391,-0.0361051296398,0.999219779791
2018/10/02/14:20:55.295169,12961,1538482855,279653769,/world,vicon/IMUframe/IMUframe,-0.308339753823,0.142226345683,1.59735152515,0.0110447513553,0.0113635856386,-0.0359852967721,0.999226671384
2018/10/02/14:20:55.305188,12962,1538482855,289646142,/world,vicon/IMUframe/IMUframe,-0.308543720834,0.141856066816,1.59762605525,0.0108888865183,0.0112304419193,-0.0358063384862,0.999236316118
2018/10/02/14:20:55.315223,12963,1538482855,299653202,/world,vicon/IMUframe/IMUframe,-0.308760166229,0.141525810738,1.59790686918,0.0107477081729,0.0110574496769,-0.0356621793214,0.999244929205
2018/10/02/14:20:55.325207,12964,1538482855,309680656,/world,vicon/IMUframe/IMUframe,-0.308964902829,0.141219946498,1.59814558817,0.0106308642432,0.0108085348642,-0.035610787105,0.999250735372
2018/10/02/14:20:55.335332,12965,1538482855,319673871,/world,vicon/IMUframe/IMUframe,-0.309153845888,0.141020448098,1.59837584618,0.0106211018066,0.0103914783838,-0.0360503885624,0.999239500249
2018/10/02/14:20:55.345234,12966,1538482855,329622104,/world,vicon/IMUframe/IMUframe,-0.309416515964,0.140590926142,1.59859376106,0.0103882088394,0.0101095546927,-0.0354679088448,0.999265685122
2018/10/02/14:20:55.355440,12967,1538482855,339647285,/world,vicon/IMUframe/IMUframe,-0.309629455347,0.140256763675,1.59878939548,0.0103031828369,0.00980170577698,-0.0352453238146,0.999277508071
2018/10/02/14:20:55.365548,12968,1538482855,349642545,/world,vicon/IMUframe/IMUframe,-0.309822643395,0.139924960393,1.59897064065,0.0102211801027,0.00945376927162,-0.0350868055322,0.999287280916
2018/10/02/14:20:55.375586,12969,1538482855,359674028,/world,vicon/IMUframe/IMUframe,-0.310023793305,0.139574256993,1.59912017611,0.0101594554487,0.00917059503804,-0.034921348124,0.999296344983
2018/10/02/14:20:55.385463,12970,1538482855,369632162,/world,vicon/IMUframe/IMUframe,-0.310188915079,0.139224408133,1.59926813067,0.0100945942396,0.00896441341374,-0.0346222072347,0.999309282067
2018/10/02/14:20:55.395517,12971,1538482855,379626398,/world,vicon/IMUframe/IMUframe,-0.310326906318,0.138827227488,1.59939752958,0.0101154066599,0.00876668657914,-0.0342738243089,0.999322835085
2018/10/02/14:20:55.405432,12972,1538482855,389670109,/world,vicon/IMUframe/IMUframe,-0.310458468953,0.138428778065,1.59950911563,0.0101676891513,0.0086811495778,-0.0338748369247,0.999336655568
2018/10/02/14:20:55.415130,12973,1538482855,399608821,/world,vicon/IMUframe/IMUframe,-0.310565480324,0.137955288928,1.59963916001,0.0102986537469,0.00865419192894,-0.0334174667045,0.999350947171
2018/10/02/14:20:55.425164,12974,1538482855,409631119,/world,vicon/IMUframe/IMUframe,-0.310627099542,0.137590887328,1.59974755577,0.0105972029403,0.00862190536744,-0.0333354900397,0.999350842868
2018/10/02/14:20:55.435433,12975,1538482855,419655066,/world,vicon/IMUframe/IMUframe,-0.310759001728,0.137009344687,1.59983072088,0.0107925962868,0.00871493717262,-0.0323538045682,0.999380208462
2018/10/02/14:20:55.445155,12976,1538482855,429607644,/world,vicon/IMUframe/IMUframe,-0.310811428145,0.136605311222,1.59990404394,0.0112534109329,0.00866616213281,-0.0322640310927,0.999378452176
2018/10/02/14:20:55.455305,12977,1538482855,439681465,/world,vicon/IMUframe/IMUframe,-0.310918110409,0.136096905168,1.59998888203,0.0116385230188,0.00863387823916,-0.0316807180208,0.999392982282
2018/10/02/14:20:55.465505,12978,1538482855,449661074,/world,vicon/IMUframe/IMUframe,-0.310994244918,0.135596955894,1.60013092858,0.0118995755418,0.00877133891994,-0.0310130773564,0.999409652119
2018/10/02/14:20:55.475584,12979,1538482855,459643722,/world,vicon/IMUframe/IMUframe,-0.311158525836,0.134959135223,1.60022045748,0.0122535322817,0.0087775152529,-0.0300143329339,0.999435813843
2018/10/02/14:20:55.485457,12980,1538482855,469654387,/world,vicon/IMUframe/IMUframe,-0.311297055577,0.134570546968,1.60031035099,0.0127600963491,0.00863619416943,-0.029996383847,0.999431244783
2018/10/02/14:20:55.495433,12981,1538482855,479629630,/world,vicon/IMUframe/IMUframe,-0.311513575863,0.133980585211,1.60039016588,0.0130125290422,0.00854206296571,-0.0289693940404,0.999459094439
2018/10/02/14:20:55.505543,12982,1538482855,489657880,/world,vicon/IMUframe/IMUframe,-0.311699514123,0.133601304674,1.60048505444,0.0134038616327,0.00820459041155,-0.0289732378936,0.999456638717
2018/10/02/14:20:55.515498,12983,1538482855,499637862,/world,vicon/IMUframe/IMUframe,-0.31192572005,0.133166682015,1.60058685772,0.0136824975597,0.00789244012776,-0.0285340187319,0.999468012707
2018/10/02/14:20:55.525652,12984,1538482855,509623233,/world,vicon/IMUframe/IMUframe,-0.312164274671,0.132779452815,1.60070115845,0.0138769968047,0.00741816165498,-0.0282120899218,0.999478102721
2018/10/02/14:20:55.535548,12985,1538482855,519663004,/world,vicon/IMUframe/IMUframe,-0.312421507958,0.132402163253,1.60082036574,0.0139175196096,0.00693920695564,-0.0278967653957,0.999489830131
2018/10/02/14:20:55.545584,12986,1538482855,529647501,/world,vicon/IMUframe/IMUframe,-0.312677884399,0.132011474808,1.60094109096,0.0138184353938,0.00648153741446,-0.0275121662325,0.999504938069
2018/10/02/14:20:55.555428,12987,1538482855,539612837,/world,vicon/IMUframe/IMUframe,-0.313004049283,0.131571770154,1.60109092336,0.013592682441,0.00614161423656,-0.0267282776149,0.999531449597
2018/10/02/14:20:55.565179,12988,1538482855,549599939,/world,vicon/IMUframe/IMUframe,-0.313281310757,0.131269990035,1.60125541082,0.013361128102,0.00586994523192,-0.0264373569853,0.999543941082
2018/10/02/14:20:55.575233,12989,1538482855,559653946,/world,vicon/IMUframe/IMUframe,-0.313549157168,0.130921481824,1.60140995132,0.0130751086927,0.00570816532367,-0.0260103910082,0.99955986211
2018/10/02/14:20:55.585542,12990,1538482855,569686381,/world,vicon/IMUframe/IMUframe,-0.313847142806,0.130625103253,1.60158139752,0.0127595346914,0.00557437588921,-0.0258334976978,0.999569282744
2018/10/02/14:20:55.595668,12991,1538482855,579612611,/world,vicon/IMUframe/IMUframe,-0.314155305075,0.130341918923,1.60175576149,0.0125020784559,0.00552372336788,-0.0258403770066,0.999572639397
2018/10/02/14:20:55.605652,12992,1538482855,589653507,/world,vicon/IMUframe/IMUframe,-0.314443037666,0.130037838754,1.60189890823,0.0122745356917,0.00548402447959,-0.0257761701279,0.999577335829
2018/10/02/14:20:55.615473,12993,1538482855,599624732,/world,vicon/IMUframe/IMUframe,-0.314764650486,0.129760007849,1.60202806335,0.0121161268383,0.00541606419243,-0.0259216367257,0.999575877294
2018/10/02/14:20:55.625580,12994,1538482855,609611808,/world,vicon/IMUframe/IMUframe,-0.315028210244,0.129627865174,1.60213112801,0.0121165101343,0.00525393978371,-0.0266802294785,0.999556777604
2018/10/02/14:20:55.635520,12995,1538482855,619623260,/world,vicon/IMUframe/IMUframe,-0.315349007427,0.12938222086,1.60224980171,0.0120915645377,0.00525179827963,-0.0267683433646,0.999554735107
2018/10/02/14:20:55.645470,12996,1538482855,629611016,/world,vicon/IMUframe/IMUframe,-0.315724083582,0.128980873105,1.60235777663,0.0119876378116,0.00532047033099,-0.026368307955,0.999566256669
2018/10/02/14:20:55.655476,12997,1538482855,639623501,/world,vicon/IMUframe/IMUframe,-0.31600439259,0.128778174075,1.60247724148,0.0120963371893,0.0052601407076,-0.0264460835023,0.999563211715
2018/10/02/14:20:55.665442,12998,1538482855,649638860,/world,vicon/IMUframe/IMUframe,-0.31624694788,0.128651058722,1.60259054238,0.0121959364332,0.00521752857448,-0.0269317379285,0.999549257427
2018/10/02/14:20:55.675551,12999,1538482855,659630241,/world,vicon/IMUframe/IMUframe,-0.316562001609,0.12827562987,1.60269640774,0.012040854569,0.00535771446714,-0.0262722591732,0.999567947223
2018/10/02/14:20:55.685368,13000,1538482855,669627418,/world,vicon/IMUframe/IMUframe,-0.316844384177,0.128053625605,1.60279848705,0.0120233830348,0.00539991382085,-0.0261695498713,0.999570624744
2018/10/02/14:20:55.695435,13001,1538482855,679611354,/world,vicon/IMUframe/IMUframe,-0.317124046619,0.127870933474,1.60290335488,0.0120420134926,0.00537138730137,-0.0261138247482,0.999572011546
2018/10/02/14:20:55.705434,13002,1538482855,689631913,/world,vicon/IMUframe/IMUframe,-0.317409905197,0.127679332848,1.60301101365,0.0120796206913,0.0052644356093,-0.0259991063056,0.999575117214
2018/10/02/14:20:55.715272,13003,1538482855,699630288,/world,vicon/IMUframe/IMUframe,-0.317710151151,0.127505655024,1.60312378191,0.0121168497901,0.00514245198484,-0.0258866950238,0.99957821913
2018/10/02/14:20:55.725196,13004,1538482855,709619911,/world,vicon/IMUframe/IMUframe,-0.317985737602,0.127368114353,1.60326960519,0.012138046077,0.00501099226133,-0.0257991258402,0.999580893625
2018/10/02/14:20:55.735185,13005,1538482855,719614858,/world,vicon/IMUframe/IMUframe,-0.318291630532,0.127257868792,1.60343728983,0.0121021787474,0.00488418118998,-0.0257199522882,0.99958399652
2018/10/02/14:20:55.745506,13006,1538482855,729682591,/world,vicon/IMUframe/IMUframe,-0.318577410028,0.127213638878,1.6036525116,0.0120498331515,0.00471609062823,-0.0256499205966,0.999587235605
2018/10/02/14:20:55.755461,13007,1538482855,739681342,/world,vicon/IMUframe/IMUframe,-0.318847987272,0.1271631037,1.60388010714,0.0119529257593,0.00454411793874,-0.0254629355117,0.999593976309
2018/10/02/14:20:55.765476,13008,1538482855,749654533,/world,vicon/IMUframe/IMUframe,-0.319077556582,0.127111529103,1.60412719176,0.0117388147164,0.00437843293412,-0.025224252199,0.999603304644
2018/10/02/14:20:55.775662,13009,1538482855,759631293,/world,vicon/IMUframe/IMUframe,-0.319307296576,0.127270668994,1.60439975676,0.0116377792904,0.00408736535707,-0.0255467628791,0.99959752823
2018/10/02/14:20:55.785950,13010,1538482855,769658595,/world,vicon/IMUframe/IMUframe,-0.319574937517,0.127326547273,1.60470651435,0.0113175365735,0.00389287456379,-0.025357623041,0.99960679762
2018/10/02/14:20:55.795434,13011,1538482855,779615050,/world,vicon/IMUframe/IMUframe,-0.319843905145,0.127435697317,1.60500156704,0.011022484805,0.00369381923687,-0.0251441260031,0.999616243093
2018/10/02/14:20:55.805258,13012,1538482855,789625777,/world,vicon/IMUframe/IMUframe,-0.320117376095,0.127563077682,1.60533089834,0.0105963224375,0.0034885595479,-0.0249807918567,0.999625683914
2018/10/02/14:20:55.815424,13013,1538482855,799646825,/world,vicon/IMUframe/IMUframe,-0.320430328303,0.127608198106,1.60567888187,0.0100185921796,0.00338830256119,-0.0243897568925,0.999646581035
2018/10/02/14:20:55.825538,13014,1538482855,809634664,/world,vicon/IMUframe/IMUframe,-0.320671122485,0.127748565135,1.60601174673,0.00950444202666,0.00322693314731,-0.0243178486944,0.999653887463
2018/10/02/14:20:55.835222,13015,1538482855,819638831,/world,vicon/IMUframe/IMUframe,-0.320944267063,0.127942806656,1.60635492311,0.00894022802739,0.00310965226632,-0.0243094900106,0.999659667627
2018/10/02/14:20:55.845432,13016,1538482855,829654915,/world,vicon/IMUframe/IMUframe,-0.321180463716,0.128148731846,1.60668804973,0.00835430907976,0.0030627100802,-0.0242483203984,0.999666366487
2018/10/02/14:20:55.855622,13017,1538482855,839679577,/world,vicon/IMUframe/IMUframe,-0.321428769695,0.128351903089,1.60698822611,0.00778588412476,0.00302394119654,-0.0241738037304,0.999672877996
2018/10/02/14:20:55.865669,13018,1538482855,849638250,/world,vicon/IMUframe/IMUframe,-0.321628187388,0.128664496013,1.6072669217,0.00729648564373,0.00295857373754,-0.0247307355928,0.999663142691
2018/10/02/14:20:55.875520,13019,1538482855,859643914,/world,vicon/IMUframe/IMUframe,-0.321941469879,0.128754019804,1.60751376058,0.00673129200928,0.00309501592922,-0.0242314691082,0.999678921699
2018/10/02/14:20:55.885460,13020,1538482855,869662232,/world,vicon/IMUframe/IMUframe,-0.322179928498,0.128918032428,1.60775571939,0.00630115212096,0.0030889681673,-0.0243603987148,0.99967861072
2018/10/02/14:20:55.895393,13021,1538482855,879630204,/world,vicon/IMUframe/IMUframe,-0.322417312964,0.129051590254,1.60795870978,0.0059882652015,0.00312004052055,-0.0244988794184,0.99967705332
2018/10/02/14:20:55.905538,13022,1538482855,889661509,/world,vicon/IMUframe/IMUframe,-0.322688793664,0.129225261686,1.60811921487,0.00581644405882,0.00318670344504,-0.0247592023726,0.999671443924
2018/10/02/14:20:55.915583,13023,1538482855,899631052,/world,vicon/IMUframe/IMUframe,-0.322943765694,0.1293252037,1.60825969331,0.00564692955032,0.0032868231191,-0.0249649406746,0.999666974906
2018/10/02/14:20:55.925746,13024,1538482855,909629784,/world,vicon/IMUframe/IMUframe,-0.32322717367,0.12945564254,1.60837151623,0.00556084480942,0.00344799871803,-0.0251880719812,0.999661317317
2018/10/02/14:20:55.935460,13025,1538482855,919612498,/world,vicon/IMUframe/IMUframe,-0.323586538977,0.129550698635,1.60838580026,0.00542341291476,0.00388376777566,-0.0252651190874,0.999658530048
2018/10/02/14:20:55.945499,13026,1538482855,929644487,/world,vicon/IMUframe/IMUframe,-0.323707239764,0.129743181116,1.60850431545,0.00562851651123,0.00391062468757,-0.0260618290555,0.999636837998
2018/10/02/14:20:55.955399,13027,1538482855,939629223,/world,vicon/IMUframe/IMUframe,-0.324011337292,0.129797766069,1.60858737246,0.00576332059097,0.00412801433081,-0.0261278267903,0.999633472979
2018/10/02/14:20:55.965447,13028,1538482855,949656117,/world,vicon/IMUframe/IMUframe,-0.324396992545,0.129807602166,1.60850836199,0.00579871256335,0.00450935197522,-0.0260547659496,0.999633527773
2018/10/02/14:20:55.975001,13029,1538482855,959654448,/world,vicon/IMUframe/IMUframe,-0.324743398279,0.129838323613,1.60847639341,0.00595513444729,0.00463544359401,-0.0260803474497,0.999631364311
2018/10/02/14:20:55.985097,13030,1538482855,969611400,/world,vicon/IMUframe/IMUframe,-0.325105551128,0.129839746035,1.60842089074,0.00616830296106,0.00473404616324,-0.0261908091055,0.999626721514
2018/10/02/14:20:55.995170,13031,1538482855,979716937,/world,vicon/IMUframe/IMUframe,-0.325577382085,0.129701709331,1.60832666356,0.00625575603545,0.00480146654407,-0.0257893282994,0.99963629485
2018/10/02/14:20:56.005253,13032,1538482855,989647928,/world,vicon/IMUframe/IMUframe,-0.326006085327,0.129676872031,1.60821174701,0.00643407457649,0.00472447886971,-0.0259871713562,0.999630406155
2018/10/02/14:20:56.015576,13033,1538482855,999656372,/world,vicon/IMUframe/IMUframe,-0.326447795607,0.129650788151,1.60807668392,0.00664600994826,0.0045136187831,-0.0263254147034,0.999621143403
2018/10/02/14:20:56.025208,13034,1538482856,9663494,/world,vicon/IMUframe/IMUframe,-0.326922638266,0.129642198836,1.60791104286,0.00688051881546,0.00426499248136,-0.0267145158374,0.999610325549
2018/10/02/14:20:56.035598,13035,1538482856,19632261,/world,vicon/IMUframe/IMUframe,-0.327414650889,0.129645631415,1.60772700407,0.00709077575248,0.00405477129696,-0.0270445780015,0.999600855607
2018/10/02/14:20:56.045516,13036,1538482856,29653388,/world,vicon/IMUframe/IMUframe,-0.327911848076,0.129790102329,1.60751983959,0.00741874265205,0.0037219585351,-0.0281169316093,0.999570181347
2018/10/02/14:20:56.055401,13037,1538482856,39613108,/world,vicon/IMUframe/IMUframe,-0.328413250402,0.129775518643,1.60732971195,0.0075951736574,0.00343742128711,-0.0285989935725,0.99955619904
2018/10/02/14:20:56.065283,13038,1538482856,49605660,/world,vicon/IMUframe/IMUframe,-0.328941251187,0.12961648966,1.60712550205,0.00762772271563,0.00322070439149,-0.0286362362952,0.999555606697
2018/10/02/14:20:56.075242,13039,1538482856,59632505,/world,vicon/IMUframe/IMUframe,-0.329396984403,0.129591871177,1.60689466771,0.00774747710537,0.00296887894202,-0.0293267490047,0.999535444169
2018/10/02/14:20:56.085250,13040,1538482856,69611479,/world,vicon/IMUframe/IMUframe,-0.329775660298,0.12955733708,1.60668302293,0.00782872875479,0.00269830415918,-0.0299573991538,0.999516875494
2018/10/02/14:20:56.095076,13041,1538482856,79681913,/world,vicon/IMUframe/IMUframe,-0.33005166545,0.129532133004,1.60643369692,0.00784072213799,0.00242912037428,-0.0306098691996,0.999497703028
2018/10/02/14:20:56.105246,13042,1538482856,89608221,/world,vicon/IMUframe/IMUframe,-0.330238661962,0.129463274306,1.60619930523,0.00784361777428,0.00221909821539,-0.0312914499196,0.999477062481
2018/10/02/14:20:56.115167,13043,1538482856,99715385,/world,vicon/IMUframe/IMUframe,-0.330353094517,0.129414659817,1.60595398486,0.00783643066692,0.00211085900501,-0.0324609579254,0.99944005365
2018/10/02/14:20:56.125499,13044,1538482856,109657548,/world,vicon/IMUframe/IMUframe,-0.330332472432,0.129158492265,1.60573564215,0.00766722181884,0.0019906651284,-0.0326496515476,0.999435466259
2018/10/02/14:20:56.135414,13045,1538482856,119683273,/world,vicon/IMUframe/IMUframe,-0.330100389877,0.129026763582,1.60550416937,0.00759620139185,0.00182356577856,-0.03334647606,0.999413320337
2018/10/02/14:20:56.145425,13046,1538482856,129629931,/world,vicon/IMUframe/IMUframe,-0.329692640114,0.128803346716,1.60524334864,0.00760203985969,0.00156282980189,-0.0342080057612,0.999384600089
2018/10/02/14:20:56.155301,13047,1538482856,139640425,/world,vicon/IMUframe/IMUframe,-0.329040353609,0.128629214164,1.60505216227,0.00755671556333,0.00146449413211,-0.0350964034729,0.999354288413
2018/10/02/14:20:56.165157,13048,1538482856,149645964,/world,vicon/IMUframe/IMUframe,-0.32797927447,0.12863154725,1.60498546211,0.00761361341683,0.00135998202114,-0.0365428134317,0.999302159572
2018/10/02/14:20:56.175049,13049,1538482856,159622639,/world,vicon/IMUframe/IMUframe,-0.326829992672,0.128373218268,1.60487649162,0.00762469869613,0.00142583284022,-0.0374956228261,0.999266685745
2018/10/02/14:20:56.185123,13050,1538482856,169702088,/world,vicon/IMUframe/IMUframe,-0.325425004612,0.128087389641,1.60481374903,0.00776160486729,0.00159968183986,-0.0384498394982,0.999229107037
2018/10/02/14:20:56.195244,13051,1538482856,179689995,/world,vicon/IMUframe/IMUframe,-0.323617555608,0.127729719311,1.60485830303,0.00804998644111,0.00164789483929,-0.0396193070345,0.999181061005
2018/10/02/14:20:56.205246,13052,1538482856,189669961,/world,vicon/IMUframe/IMUframe,-0.321685561089,0.12740106987,1.60480978364,0.00825924770012,0.00198539770649,-0.0405818324114,0.999140109245
2018/10/02/14:20:56.215214,13053,1538482856,199618001,/world,vicon/IMUframe/IMUframe,-0.319429665543,0.126998189218,1.60482515554,0.00853794659529,0.00227215822403,-0.0416912139362,0.999091479018
2018/10/02/14:20:56.225493,13054,1538482856,209668266,/world,vicon/IMUframe/IMUframe,-0.316848246553,0.126628795478,1.60493814325,0.00892517170813,0.00258239243541,-0.0428363387383,0.999038898463
2018/10/02/14:20:56.235569,13055,1538482856,219629519,/world,vicon/IMUframe/IMUframe,-0.313939789725,0.126093627471,1.60511885367,0.00920213991253,0.00290452795032,-0.0434613242616,0.999008507287
2018/10/02/14:20:56.245209,13056,1538482856,229669150,/world,vicon/IMUframe/IMUframe,-0.310747974867,0.125582019061,1.60534043342,0.00940310791901,0.00325849528962,-0.0446448424147,0.998953353173
2018/10/02/14:20:56.255446,13057,1538482856,239680975,/world,vicon/IMUframe/IMUframe,-0.307174830204,0.125073224183,1.6056328338,0.00955877173215,0.00368618939637,-0.0456800087211,0.998903588288
2018/10/02/14:20:56.265719,13058,1538482856,249706051,/world,vicon/IMUframe/IMUframe,-0.303014543438,0.124613657354,1.60603689566,0.00974242464878,0.00381713218376,-0.0473669966751,0.998822748184
2018/10/02/14:20:56.274992,13059,1538482856,259662209,/world,vicon/IMUframe/IMUframe,-0.298712411992,0.123975840377,1.60650545241,0.00979077791879,0.00405381062244,-0.0481407655748,0.998784348084
2018/10/02/14:20:56.285441,13060,1538482856,269620254,/world,vicon/IMUframe/IMUframe,-0.294006076513,0.123430110952,1.60709840304,0.00962817848703,0.0041291509261,-0.0487508085395,0.998756029748
2018/10/02/14:20:56.295403,13061,1538482856,279721558,/world,vicon/IMUframe/IMUframe,-0.288783150169,0.122727383,1.60776640473,0.00967818031107,0.00456755014236,-0.0492755397978,0.998727886608
2018/10/02/14:20:56.305628,13062,1538482856,289629079,/world,vicon/IMUframe/IMUframe,-0.28319560894,0.122159309184,1.60850216428,0.00952939461914,0.00481488609098,-0.0496586820556,0.998709178293
2018/10/02/14:20:56.315557,13063,1538482856,299644887,/world,vicon/IMUframe/IMUframe,-0.277271017132,0.121528942165,1.60925382104,0.00923871980762,0.00480335107875,-0.0496979883358,0.998710009878
2018/10/02/14:20:56.325012,13064,1538482856,309619930,/world,vicon/IMUframe/IMUframe,-0.270830149081,0.121075966887,1.61001312163,0.00936723231186,0.00466349606574,-0.0497928306275,0.998704751556
2018/10/02/14:20:56.335187,13065,1538482856,319617938,/world,vicon/IMUframe/IMUframe,-0.263881937762,0.120627541236,1.61081394047,0.00958252668094,0.00449672658685,-0.0495322778287,0.998716430267
2018/10/02/14:20:56.345100,13066,1538482856,329680101,/world,vicon/IMUframe/IMUframe,-0.257006302988,0.120244806491,1.61157016117,0.00930554786059,0.00486999465376,-0.0488331618943,0.998751727023
2018/10/02/14:20:56.355245,13067,1538482856,339668500,/world,vicon/IMUframe/IMUframe,-0.249237943027,0.119713229788,1.61247406187,0.00916936084936,0.00535768674557,-0.0481431943933,0.998783986079
2018/10/02/14:20:56.365224,13068,1538482856,349699783,/world,vicon/IMUframe/IMUframe,-0.2411526966,0.119189256799,1.61345594789,0.00877630083606,0.00618875666233,-0.0467998811003,0.998846558268
2018/10/02/14:20:56.375030,13069,1538482856,359621373,/world,vicon/IMUframe/IMUframe,-0.232705442993,0.118934634276,1.6144145676,0.007939379833,0.00714307139012,-0.0455551736288,0.998904734664
2018/10/02/14:20:56.385383,13070,1538482856,369658657,/world,vicon/IMUframe/IMUframe,-0.223869184871,0.118587592663,1.61541999388,0.00700754978248,0.00867482156512,-0.043942570568,0.998971817525
2018/10/02/14:20:56.395132,13071,1538482856,379712184,/world,vicon/IMUframe/IMUframe,-0.214658457086,0.118312273045,1.61638719874,0.00612938343922,0.0102649458286,-0.0420574449283,0.999043659142
2018/10/02/14:20:56.405581,13072,1538482856,389645397,/world,vicon/IMUframe/IMUframe,-0.204993128704,0.118084046718,1.61760888852,0.00538906566592,0.011710381496,-0.0399874379715,0.999117025048
2018/10/02/14:20:56.415535,13073,1538482856,399680961,/world,vicon/IMUframe/IMUframe,-0.195426929205,0.117892332556,1.6184937449,0.00438027748908,0.0136814580998,-0.037610657271,0.999189205973
2018/10/02/14:20:56.425462,13074,1538482856,409618534,/world,vicon/IMUframe/IMUframe,-0.185368969066,0.117779502784,1.61942137583,0.00370858139804,0.0148444496786,-0.035351032059,0.99925782122
2018/10/02/14:20:56.435539,13075,1538482856,419616850,/world,vicon/IMUframe/IMUframe,-0.17505785478,0.117807867134,1.62025176175,0.00300280141387,0.0163001784731,-0.0331154201875,0.999314092921
2018/10/02/14:20:56.445405,13076,1538482856,429647713,/world,vicon/IMUframe/IMUframe,-0.16482214711,0.117627010493,1.62091920816,0.00306077018625,0.0169028170843,-0.0320172615034,0.99933969271
2018/10/02/14:20:56.455209,13077,1538482856,439620845,/world,vicon/IMUframe/IMUframe,-0.154114018785,0.117810813766,1.62141926675,0.00361472859873,0.0169212380789,-0.0298264853056,0.999405316282
2018/10/02/14:20:56.465149,13078,1538482856,449659917,/world,vicon/IMUframe/IMUframe,-0.143720984278,0.117976904596,1.62184756994,0.00467294099309,0.0168381800347,-0.0285478450839,0.999439672945
2018/10/02/14:20:56.475055,13079,1538482856,459667609,/world,vicon/IMUframe/IMUframe,-0.132801457296,0.118235103273,1.62227127778,0.00546175443927,0.0165437726476,-0.0268516078867,0.999487600713
2018/10/02/14:20:56.485145,13080,1538482856,469609221,/world,vicon/IMUframe/IMUframe,-0.121861004028,0.118415558156,1.6227892544,0.00615530390096,0.0164276514723,-0.0248100052233,0.999538247463
2018/10/02/14:20:56.495185,13081,1538482856,479668580,/world,vicon/IMUframe/IMUframe,-0.110971475329,0.118991848423,1.62332017072,0.00713694710648,0.0166542272364,-0.0231512292229,0.999567767231
2018/10/02/14:20:56.505198,13082,1538482856,489684534,/world,vicon/IMUframe/IMUframe,-0.0997811667977,0.119071819771,1.62393136419,0.00791721180489,0.016610781367,-0.0202487847416,0.999625623129
2018/10/02/14:20:56.515266,13083,1538482856,499641478,/world,vicon/IMUframe/IMUframe,-0.088712101683,0.119457617538,1.62465795996,0.00725094953214,0.0167097549953,-0.0174827820526,0.999681229268
2018/10/02/14:20:56.525190,13084,1538482856,509686645,/world,vicon/IMUframe/IMUframe,-0.0776895721994,0.11982008837,1.62512909466,0.00714753391755,0.0165308489301,-0.0148961240048,0.999726837332
2018/10/02/14:20:56.535422,13085,1538482856,519683396,/world,vicon/IMUframe/IMUframe,-0.066676474073,0.120143264235,1.6255595686,0.00698873985695,0.0161007541359,-0.0121083144938,0.999772630127
2018/10/02/14:20:56.545800,13086,1538482856,529700109,/world,vicon/IMUframe/IMUframe,-0.0557521263836,0.120551446065,1.62588461171,0.00692207950895,0.0154580785736,-0.00939248707442,0.999812439315
2018/10/02/14:20:56.555440,13087,1538482856,539661413,/world,vicon/IMUframe/IMUframe,-0.0447188569835,0.121168714623,1.62613352932,0.00727652440297,0.0140245077141,-0.00795093282792,0.999843561785
2018/10/02/14:20:56.565931,13088,1538482856,549653320,/world,vicon/IMUframe/IMUframe,-0.0340316184287,0.121788364601,1.62627184509,0.00802825536573,0.0129775761209,-0.00659453019224,0.999861811355
2018/10/02/14:20:56.575635,13089,1538482856,559655374,/world,vicon/IMUframe/IMUframe,-0.02338801332,0.122486387353,1.62639518313,0.00895632675964,0.0118997582229,-0.00525433825343,0.99987527817
2018/10/02/14:20:56.585631,13090,1538482856,569692530,/world,vicon/IMUframe/IMUframe,-0.0130584083503,0.123237049907,1.62635555643,0.0102236031814,0.0114676408627,-0.00370068608809,0.999875130241
2018/10/02/14:20:56.595862,13091,1538482856,579633676,/world,vicon/IMUframe/IMUframe,-0.00286006105659,0.124122937212,1.62634154492,0.0119266274921,0.0115141827036,-0.00229019865847,0.999859957266
2018/10/02/14:20:56.605417,13092,1538482856,589619965,/world,vicon/IMUframe/IMUframe,0.00691037797092,0.125049901301,1.62644462855,0.0135074874426,0.0119235086651,9.81084470614e-05,0.999837670874
2018/10/02/14:20:56.615298,13093,1538482856,599682062,/world,vicon/IMUframe/IMUframe,0.0164975919623,0.125901488164,1.62664556066,0.0149318255448,0.0129273458814,0.00328116200815,0.999799559057
2018/10/02/14:20:56.625407,13094,1538482856,609652336,/world,vicon/IMUframe/IMUframe,0.0256573847526,0.126580855006,1.62690360182,0.0164796990822,0.0140196297947,0.00727997274002,0.999739401792
2018/10/02/14:20:56.635077,13095,1538482856,619649126,/world,vicon/IMUframe/IMUframe,0.034477027987,0.127327302211,1.62720119806,0.0179441117519,0.0155151776439,0.0117862318089,0.999649124871
2018/10/02/14:20:56.645159,13096,1538482856,629646278,/world,vicon/IMUframe/IMUframe,0.042808409076,0.12808604441,1.62773926092,0.0193233120815,0.0170909490337,0.0169526773786,0.999523444348
2018/10/02/14:20:56.655234,13097,1538482856,639672973,/world,vicon/IMUframe/IMUframe,0.0506538904963,0.128682481648,1.62826224266,0.0207735566255,0.0187455843821,0.0211032095384,0.999385669778
2018/10/02/14:20:56.665246,13098,1538482856,649670049,/world,vicon/IMUframe/IMUframe,0.0582868416218,0.129753664024,1.62881922473,0.0206339314694,0.0202021783809,0.0264797157403,0.999232173979
2018/10/02/14:20:56.674965,13099,1538482856,659646409,/world,vicon/IMUframe/IMUframe,0.0649879875535,0.130566005285,1.62932418657,0.0211779253738,0.0210983272637,0.0309847395639,0.999072721066
2018/10/02/14:20:56.685180,13100,1538482856,669631801,/world,vicon/IMUframe/IMUframe,0.0711631940121,0.131461297932,1.62986939113,0.0213481626086,0.0219867040249,0.035179434902,0.998911031153
2018/10/02/14:20:56.695158,13101,1538482856,679699523,/world,vicon/IMUframe/IMUframe,0.0766935301134,0.132492725317,1.63036448993,0.0211269879892,0.022447491172,0.0387871860416,0.998771903248
2018/10/02/14:20:56.705550,13102,1538482856,689650052,/world,vicon/IMUframe/IMUframe,0.0815685299977,0.133454487097,1.63098220928,0.0212352323144,0.0226284454832,0.0423747283571,0.998619747832
2018/10/02/14:20:56.715704,13103,1538482856,699686023,/world,vicon/IMUframe/IMUframe,0.0859420415327,0.134378121198,1.6316555511,0.021533768734,0.0230647037014,0.045780871006,0.998453017471
2018/10/02/14:20:56.725464,13104,1538482856,709711386,/world,vicon/IMUframe/IMUframe,0.0896220912746,0.135246543441,1.63225622381,0.0217281325894,0.0233566794819,0.0489853209031,0.998289933894
2018/10/02/14:20:56.735734,13105,1538482856,719644587,/world,vicon/IMUframe/IMUframe,0.092663494574,0.13612031387,1.63279906279,0.0216256930648,0.0237916290964,0.051983527995,0.998130252323
2018/10/02/14:20:56.745428,13106,1538482856,729671898,/world,vicon/IMUframe/IMUframe,0.0951567335351,0.136888252335,1.63351490613,0.0214871574587,0.0242963177607,0.0547828822478,0.997971355711
2018/10/02/14:20:56.755394,13107,1538482856,739651532,/world,vicon/IMUframe/IMUframe,0.0970756006684,0.13763075457,1.63426747166,0.0210575705034,0.0248918301313,0.0575656398714,0.99780918648
2018/10/02/14:20:56.765540,13108,1538482856,749621630,/world,vicon/IMUframe/IMUframe,0.0984545509403,0.138304807208,1.63509281337,0.0202631899281,0.025678885195,0.0602194724363,0.997649043065
2018/10/02/14:20:56.775715,13109,1538482856,759650389,/world,vicon/IMUframe/IMUframe,0.0992526239557,0.138906456511,1.6359723866,0.0190870749028,0.0265190438771,0.0628918379481,0.997485358591
2018/10/02/14:20:56.785715,13110,1538482856,769643442,/world,vicon/IMUframe/IMUframe,0.0994323275838,0.139445999095,1.63681811233,0.017721548988,0.0273247112419,0.0653862521802,0.997328403728
2018/10/02/14:20:56.795482,13111,1538482856,779624769,/world,vicon/IMUframe/IMUframe,0.0989844787401,0.139906215152,1.63762375678,0.0162158853914,0.0280442690949,0.0676777942755,0.997181167188
2018/10/02/14:20:56.805433,13112,1538482856,789645778,/world,vicon/IMUframe/IMUframe,0.0979363693647,0.140258101182,1.63840251778,0.0146370592563,0.0285693753913,0.0695105091119,0.997064609947
2018/10/02/14:20:56.815499,13113,1538482856,799631128,/world,vicon/IMUframe/IMUframe,0.0962898189598,0.140539603204,1.63915714412,0.0129457508571,0.0287881597372,0.0709358421323,0.996981321638
2018/10/02/14:20:56.825733,13114,1538482856,809665825,/world,vicon/IMUframe/IMUframe,0.0940376600681,0.140811452844,1.6399301391,0.0115231231156,0.0290469058402,0.0717662688809,0.996931841976
2018/10/02/14:20:56.835493,13115,1538482856,819616910,/world,vicon/IMUframe/IMUframe,0.0911737351865,0.140923608493,1.64059597163,0.0101713675495,0.0288453118043,0.0724090824419,0.996905921363
2018/10/02/14:20:56.845701,13116,1538482856,829669363,/world,vicon/IMUframe/IMUframe,0.0875258360208,0.140839621118,1.64119704382,0.00914173118177,0.0278342975227,0.0727788297866,0.996917711031
2018/10/02/14:20:56.856002,13117,1538482856,839640649,/world,vicon/IMUframe/IMUframe,0.083861271163,0.140498957952,1.64178866081,0.00764276966906,0.0276732108296,0.0736817488537,0.996868487495
2018/10/02/14:20:56.865383,13118,1538482856,849653566,/world,vicon/IMUframe/IMUframe,0.0791338855726,0.140290661928,1.64241391186,0.0058130188297,0.0271074765386,0.0735255558485,0.99690791258
2018/10/02/14:20:56.875431,13119,1538482856,859670961,/world,vicon/IMUframe/IMUframe,0.0739038372123,0.140073380451,1.64291721315,0.00452656810182,0.026810650206,0.0736711585654,0.996911861507
2018/10/02/14:20:56.885675,13120,1538482856,869663513,/world,vicon/IMUframe/IMUframe,0.0675636018814,0.139941434656,1.64332615882,0.00277932763066,0.0262950326908,0.071213430474,0.997110572561
2018/10/02/14:20:56.895278,13121,1538482856,879668641,/world,vicon/IMUframe/IMUframe,0.0611743947558,0.139487513123,1.64354587783,0.00238710963614,0.025112977693,0.0709275606883,0.997162434709
2018/10/02/14:20:56.905380,13122,1538482856,889625630,/world,vicon/IMUframe/IMUframe,0.0541295527317,0.138884393761,1.64370387981,0.00218403276433,0.0235796870135,0.0701226196869,0.997257261979
2018/10/02/14:20:56.915329,13123,1538482856,899631929,/world,vicon/IMUframe/IMUframe,0.0465842149547,0.138237461944,1.6438044124,0.0022831842406,0.0218960568022,0.0690879125269,0.997367640396
2018/10/02/14:20:56.925369,13124,1538482856,909679926,/world,vicon/IMUframe/IMUframe,0.0385015269557,0.13735545068,1.64389972752,0.00273499550928,0.0205280305383,0.0692863747194,0.997381831617
2018/10/02/14:20:56.935338,13125,1538482856,919663443,/world,vicon/IMUframe/IMUframe,0.0299011328476,0.136651027542,1.64396501112,0.00313576820924,0.0186924098987,0.0682095568321,0.997490960925
2018/10/02/14:20:56.945217,13126,1538482856,929666585,/world,vicon/IMUframe/IMUframe,0.0208549793099,0.135889199273,1.64383133681,0.00342689320815,0.0160849659856,0.0668968888488,0.997624346402
2018/10/02/14:20:56.955241,13127,1538482856,939624463,/world,vicon/IMUframe/IMUframe,0.0112692064212,0.135119996786,1.64391148049,0.00302075438563,0.0139311706881,0.0659252847083,0.997722734211
2018/10/02/14:20:56.965250,13128,1538482856,949700508,/world,vicon/IMUframe/IMUframe,0.00129633756388,0.134300130592,1.64396112903,0.00229428058141,0.0127318674312,0.0645512759159,0.997830531005
2018/10/02/14:20:56.975499,13129,1538482856,959707486,/world,vicon/IMUframe/IMUframe,-0.00903158195033,0.133273903257,1.64395496969,0.00187100223664,0.0117574743557,0.0642124514507,0.997865232497
2018/10/02/14:20:56.985538,13130,1538482856,969658838,/world,vicon/IMUframe/IMUframe,-0.0197659932032,0.132128585074,1.64414261255,0.000967180333058,0.0109426170564,0.0636958873323,0.99790889245
2018/10/02/14:20:56.995328,13131,1538482856,979676822,/world,vicon/IMUframe/IMUframe,-0.0311955199226,0.130919091292,1.64437572942,9.48325131095e-05,0.0108554602849,0.0626682410578,0.997975371215
2018/10/02/14:20:57.004874,13132,1538482856,989695940,/world,vicon/IMUframe/IMUframe,-0.0429529532642,0.129599501806,1.64455192872,-0.000736418529117,0.0102979114499,0.0612074028388,0.99807167305
2018/10/02/14:20:57.015288,13133,1538482856,999650136,/world,vicon/IMUframe/IMUframe,-0.0550371228287,0.128435335444,1.64469664444,-0.00131729871067,0.00959701013027,0.0581633502423,0.998260079743
2018/10/02/14:20:57.025047,13134,1538482857,9684928,/world,vicon/IMUframe/IMUframe,-0.0677701450311,0.127217046065,1.64482717338,-0.00109731347162,0.00988517370673,0.0563139819703,0.998363568385
2018/10/02/14:20:57.035240,13135,1538482857,19659186,/world,vicon/IMUframe/IMUframe,-0.0805440639767,0.125883575022,1.64478819703,-0.00113958893418,0.00956132656505,0.0531402046897,0.998540635636
2018/10/02/14:20:57.045150,13136,1538482857,29664236,/world,vicon/IMUframe/IMUframe,-0.0939362184442,0.124707087608,1.64481338319,-0.000700693013266,0.00972866666671,0.0498671337839,0.998708231188
2018/10/02/14:20:57.055470,13137,1538482857,39695928,/world,vicon/IMUframe/IMUframe,-0.107750438538,0.123480390487,1.64465578444,0.000114410742979,0.00977489251599,0.0459834390944,0.998894369649
2018/10/02/14:20:57.065523,13138,1538482857,49688736,/world,vicon/IMUframe/IMUframe,-0.121881739888,0.122322702263,1.6444972635,0.00148436552692,0.00963197693141,0.0418616787947,0.999075883769
2018/10/02/14:20:57.075480,13139,1538482857,59648966,/world,vicon/IMUframe/IMUframe,-0.136398752325,0.121003430778,1.64452955731,0.00316840636581,0.00961340948231,0.0374503064242,0.999247225719
2018/10/02/14:20:57.085230,13140,1538482857,69644667,/world,vicon/IMUframe/IMUframe,-0.151356678581,0.11999942971,1.64431653366,0.00520591531436,0.00918894414751,0.0319195905095,0.999434640931
2018/10/02/14:20:57.095642,13141,1538482857,79646461,/world,vicon/IMUframe/IMUframe,-0.166427632321,0.118785249671,1.64429747634,0.00685061893924,0.00827078853268,0.0274501586816,0.99956548153
2018/10/02/14:20:57.105415,13142,1538482857,89629235,/world,vicon/IMUframe/IMUframe,-0.181597599403,0.117985753569,1.64411466234,0.00875785085601,0.00831587690839,0.0219634850954,0.999685826429
2018/10/02/14:20:57.115309,13143,1538482857,99668712,/world,vicon/IMUframe/IMUframe,-0.196967150598,0.11701415456,1.64403507574,0.009708135893,0.00857977094,0.0168038226178,0.999774860243
2018/10/02/14:20:57.125294,13144,1538482857,109659848,/world,vicon/IMUframe/IMUframe,-0.212479407107,0.116158215994,1.6440997057,0.0107749083536,0.00911147337537,0.0123186765359,0.999824550914
2018/10/02/14:20:57.135636,13145,1538482857,119659129,/world,vicon/IMUframe/IMUframe,-0.227978044081,0.115353028073,1.64413753729,0.0113050086097,0.00979962633931,0.00734517796601,0.999861096585
2018/10/02/14:20:57.145631,13146,1538482857,129657516,/world,vicon/IMUframe/IMUframe,-0.243708867083,0.114531375577,1.6442555485,0.0115530883708,0.0109105751342,0.00252418774918,0.999870548609
2018/10/02/14:20:57.155457,13147,1538482857,139631463,/world,vicon/IMUframe/IMUframe,-0.259598859404,0.113794352267,1.64434030714,0.0121828699144,0.0122848391708,-0.00259476384,0.999846952092
2018/10/02/14:20:57.165659,13148,1538482857,149645876,/world,vicon/IMUframe/IMUframe,-0.27582326007,0.1133237311,1.64456166266,0.0125136351096,0.0129895966837,-0.00689921629376,0.999813522678
2018/10/02/14:20:57.175330,13149,1538482857,159636876,/world,vicon/IMUframe/IMUframe,-0.292192348611,0.112646242291,1.6446645086,0.0132561044872,0.0135399701468,-0.0122363720811,0.999745575684
2018/10/02/14:20:57.185307,13150,1538482857,169625885,/world,vicon/IMUframe/IMUframe,-0.308825350592,0.112161406821,1.64471193929,0.0145439115534,0.013348654029,-0.0175268715907,0.999651487692
2018/10/02/14:20:57.195282,13151,1538482857,179617125,/world,vicon/IMUframe/IMUframe,-0.325605416054,0.112206733663,1.64456832234,0.0169067272415,0.0125472692746,-0.024097029794,0.999487899758
2018/10/02/14:20:57.205540,13152,1538482857,189648044,/world,vicon/IMUframe/IMUframe,-0.342658191559,0.111945667567,1.64438578033,0.0193479476902,0.0110855758563,-0.0302823702418,0.999292622299
2018/10/02/14:20:57.215530,13153,1538482857,199627474,/world,vicon/IMUframe/IMUframe,-0.359517482604,0.11229784799,1.6439950733,0.0220135022684,0.00930388156252,-0.0371657102443,0.999023299772
2018/10/02/14:20:57.225166,13154,1538482857,209642332,/world,vicon/IMUframe/IMUframe,-0.376436410817,0.11305361454,1.64382521285,0.0242943545511,0.00716459035661,-0.0458619964213,0.99862662205
2018/10/02/14:20:57.234999,13155,1538482857,219625840,/world,vicon/IMUframe/IMUframe,-0.393243969978,0.113648566973,1.64369202612,0.0264602024826,0.005428079184,-0.0531766467023,0.99821973427
2018/10/02/14:20:57.245260,13156,1538482857,229653123,/world,vicon/IMUframe/IMUframe,-0.409477962206,0.114266374427,1.64355689405,0.0276583714218,0.00403734208722,-0.0604349131399,0.997780705182
2018/10/02/14:20:57.255228,13157,1538482857,239680589,/world,vicon/IMUframe/IMUframe,-0.425960135274,0.115265745909,1.64361696297,0.0286170446697,0.00343813341525,-0.0676606282043,0.997291974992
2018/10/02/14:20:57.265192,13158,1538482857,249666464,/world,vicon/IMUframe/IMUframe,-0.441967521503,0.116147708781,1.64378772977,0.0286288890845,0.00324148400453,-0.0734973240529,0.996879141545
2018/10/02/14:20:57.275451,13159,1538482857,259717081,/world,vicon/IMUframe/IMUframe,-0.457763976869,0.117052604985,1.64403554295,0.0281546686289,0.00366377237413,-0.0794259491486,0.996436355222
2018/10/02/14:20:57.285082,13160,1538482857,269727572,/world,vicon/IMUframe/IMUframe,-0.473322449731,0.118231882656,1.64428392084,0.0277085889441,0.0043314564089,-0.0849156430586,0.995993376558
2018/10/02/14:20:57.295141,13161,1538482857,279643233,/world,vicon/IMUframe/IMUframe,-0.488571501788,0.119537147865,1.64451567484,0.0270315486856,0.00486966404419,-0.091032392953,0.995469077963
2018/10/02/14:20:57.305609,13162,1538482857,289754666,/world,vicon/IMUframe/IMUframe,-0.50357432995,0.120962640309,1.64457898814,0.0275724186224,0.00525186902407,-0.0972424567314,0.99486485726
2018/10/02/14:20:57.315407,13163,1538482857,299743587,/world,vicon/IMUframe/IMUframe,-0.518163563018,0.122654549734,1.64460372298,0.0272454358073,0.00559471671267,-0.10362006505,0.994227975613
2018/10/02/14:20:57.325697,13164,1538482857,309642837,/world,vicon/IMUframe/IMUframe,-0.532354232525,0.12433711027,1.64455216331,0.0276235438778,0.00549991037338,-0.110646430218,0.99346064758
2018/10/02/14:20:57.335440,13165,1538482857,319628819,/world,vicon/IMUframe/IMUframe,-0.546246088901,0.126299277794,1.64443851566,0.0276394036944,0.00560381754241,-0.117741808761,0.992643706
2018/10/02/14:20:57.345605,13166,1538482857,329656612,/world,vicon/IMUframe/IMUframe,-0.559475233849,0.127844591955,1.6443276044,0.0260879795038,0.00533276935386,-0.125376512289,0.991751838447
2018/10/02/14:20:57.355680,13167,1538482857,339675783,/world,vicon/IMUframe/IMUframe,-0.572217490923,0.129498939108,1.64431599173,0.0253084500641,0.00544515560596,-0.132215061657,0.990882944705
2018/10/02/14:20:57.365544,13168,1538482857,349644940,/world,vicon/IMUframe/IMUframe,-0.584699688574,0.131271215126,1.64400736011,0.0244133757143,0.00518253940581,-0.138219819601,0.990087071848
2018/10/02/14:20:57.375768,13169,1538482857,359647241,/world,vicon/IMUframe/IMUframe,-0.596389926346,0.132897404793,1.64371994313,0.0228882414045,0.00608147013375,-0.143494790722,0.989367671375
2018/10/02/14:20:57.385735,13170,1538482857,369646218,/world,vicon/IMUframe/IMUframe,-0.607576960713,0.134481024998,1.64343756163,0.0226271628021,0.00667447766768,-0.148347129566,0.988653929341
2018/10/02/14:20:57.395529,13171,1538482857,379675605,/world,vicon/IMUframe/IMUframe,-0.618403201396,0.136364952212,1.64313509387,0.0224333498725,0.00685665574641,-0.152501199583,0.988024855563
2018/10/02/14:20:57.405635,13172,1538482857,389657722,/world,vicon/IMUframe/IMUframe,-0.628731980401,0.137970177904,1.64274320889,0.0229088585814,0.00689085899036,-0.156261188287,0.987426018138
2018/10/02/14:20:57.415300,13173,1538482857,399625900,/world,vicon/IMUframe/IMUframe,-0.638533887835,0.139628702427,1.64233504403,0.0242052452266,0.00695251097544,-0.159899421992,0.986812010234
2018/10/02/14:20:57.424978,13174,1538482857,409629093,/world,vicon/IMUframe/IMUframe,-0.647884313325,0.141526008313,1.64197138977,0.025707381361,0.00658083415689,-0.163192674757,0.986237280816
2018/10/02/14:20:57.435205,13175,1538482857,419631956,/world,vicon/IMUframe/IMUframe,-0.656819387299,0.143180414854,1.64154045483,0.0270451134327,0.00589791518498,-0.167257521694,0.985524580045
2018/10/02/14:20:57.445157,13176,1538482857,429738347,/world,vicon/IMUframe/IMUframe,-0.665420033475,0.144839623394,1.64117288595,0.0285883218139,0.00566750785784,-0.170133804116,0.984989886196
2018/10/02/14:20:57.455247,13177,1538482857,439712318,/world,vicon/IMUframe/IMUframe,-0.673323618215,0.146526887454,1.6408366631,0.0295082838263,0.00524123431156,-0.172248689891,0.984597470787
2018/10/02/14:20:57.465168,13178,1538482857,449728517,/world,vicon/IMUframe/IMUframe,-0.680587165665,0.148343624395,1.64030517274,0.0296699498579,0.0038248655783,-0.175621857577,0.98400306281
2018/10/02/14:20:57.475217,13179,1538482857,459718907,/world,vicon/IMUframe/IMUframe,-0.687512045076,0.150296343405,1.63974819587,0.0299309604516,0.00241345307867,-0.179279819907,0.983339747506
2018/10/02/14:20:57.485219,13180,1538482857,469746184,/world,vicon/IMUframe/IMUframe,-0.694053141889,0.152061848545,1.63916940853,0.0299806276776,0.00090947874243,-0.18222159569,0.982799890556
2018/10/02/14:20:57.495400,13181,1538482857,479737811,/world,vicon/IMUframe/IMUframe,-0.699906759357,0.153860636261,1.63881698412,0.0299566911934,0.000255172124496,-0.184817567648,0.982316139656
2018/10/02/14:20:57.505213,13182,1538482857,489660718,/world,vicon/IMUframe/IMUframe,-0.705130600195,0.155677831923,1.6384825555,0.0291227698787,-0.00112649967145,-0.187293488083,0.981871551984
2018/10/02/14:20:57.515433,13183,1538482857,499645186,/world,vicon/IMUframe/IMUframe,-0.709860181811,0.157396171418,1.63816827011,0.0281491622172,-0.00240319921959,-0.189283289741,0.981516013891
2018/10/02/14:20:57.525257,13184,1538482857,509684344,/world,vicon/IMUframe/IMUframe,-0.713994732049,0.158926712193,1.6380194825,0.0272884381808,-0.00316377574539,-0.190806133589,0.981243268028
2018/10/02/14:20:57.535305,13185,1538482857,519627631,/world,vicon/IMUframe/IMUframe,-0.717652456808,0.160443895005,1.63796129945,0.0264424353672,-0.00368338721593,-0.191884384018,0.98105433766
2018/10/02/14:20:57.545169,13186,1538482857,529646616,/world,vicon/IMUframe/IMUframe,-0.720872018228,0.161852794958,1.63799855281,0.0256688482524,-0.00403469816679,-0.192641017188,0.980925211184
2018/10/02/14:20:57.555244,13187,1538482857,539672935,/world,vicon/IMUframe/IMUframe,-0.723605410962,0.163220928641,1.63818469064,0.0250458597503,-0.00416546170029,-0.193302705625,0.980810592233
2018/10/02/14:20:57.564965,13188,1538482857,549712335,/world,vicon/IMUframe/IMUframe,-0.725846506041,0.164567462128,1.63841393315,0.0242775772888,-0.00430374445073,-0.193867635723,0.980717806937
2018/10/02/14:20:57.575228,13189,1538482857,559697282,/world,vicon/IMUframe/IMUframe,-0.727614976823,0.165820212718,1.63866637739,0.0233333332878,-0.00428710119722,-0.194435840772,0.980628308863
2018/10/02/14:20:57.585087,13190,1538482857,569751435,/world,vicon/IMUframe/IMUframe,-0.728900533867,0.166985014176,1.63897896437,0.0223992741152,-0.00423326057036,-0.194960406058,0.980546170302
2018/10/02/14:20:57.595095,13191,1538482857,579699176,/world,vicon/IMUframe/IMUframe,-0.729718971344,0.168094170627,1.63928665518,0.021250417209,-0.00412517695499,-0.195415373826,0.98048163387
2018/10/02/14:20:57.605110,13192,1538482857,589733731,/world,vicon/IMUframe/IMUframe,-0.730117630027,0.169057668293,1.63965506707,0.0198832476801,-0.00394919884072,-0.195623006437,0.980469632188
2018/10/02/14:20:57.615107,13193,1538482857,599759304,/world,vicon/IMUframe/IMUframe,-0.730117265833,0.169945189679,1.64002815534,0.0185734393713,-0.00378746644919,-0.195701092501,0.980480374532
2018/10/02/14:20:57.625211,13194,1538482857,609731072,/world,vicon/IMUframe/IMUframe,-0.729750210605,0.170725079773,1.64044455838,0.017357492057,-0.00364697078813,-0.195631073492,0.980517159543
2018/10/02/14:20:57.635270,13195,1538482857,619734025,/world,vicon/IMUframe/IMUframe,-0.729031606809,0.171456078363,1.64086641171,0.0162535691975,-0.00359329470395,-0.195600566075,0.980542364344
2018/10/02/14:20:57.644992,13196,1538482857,629701684,/world,vicon/IMUframe/IMUframe,-0.727941610427,0.172071262017,1.64126585733,0.0152553674097,-0.00361714822283,-0.195544203238,0.980569556219
2018/10/02/14:20:57.654945,13197,1538482857,639656355,/world,vicon/IMUframe/IMUframe,-0.726459987201,0.172606652939,1.64165944786,0.0141323497752,-0.00370861689494,-0.195339871421,0.980626767676
2018/10/02/14:20:57.665024,13198,1538482857,649733127,/world,vicon/IMUframe/IMUframe,-0.724637911136,0.17303504095,1.64202339885,0.0131134601902,-0.00387914880459,-0.195246224775,0.98065891169
2018/10/02/14:20:57.675006,13199,1538482857,659712153,/world,vicon/IMUframe/IMUframe,-0.722491682976,0.173395252556,1.6423370093,0.0121433534226,-0.00419731456102,-0.195099607627,0.980699273285
2018/10/02/14:20:57.684909,13200,1538482857,669732677,/world,vicon/IMUframe/IMUframe,-0.720004400268,0.173657829813,1.64258524795,0.0111812889014,-0.00474160253823,-0.194949724182,0.980738038941
2018/10/02/14:20:57.695155,13201,1538482857,679723604,/world,vicon/IMUframe/IMUframe,-0.717054889484,0.173817253794,1.6428160012,0.00992197226651,-0.00562513350078,-0.194369252458,0.980862123868
2018/10/02/14:20:57.704935,13202,1538482857,689717493,/world,vicon/IMUframe/IMUframe,-0.713637378988,0.173842316274,1.64295959051,0.00851241265857,-0.00688699342165,-0.1936528997,0.981009002298
2018/10/02/14:20:57.715035,13203,1538482857,699722312,/world,vicon/IMUframe/IMUframe,-0.70979950881,0.173653887378,1.64305557129,0.00725498619247,-0.00826432861773,-0.192916190131,0.981153611639
2018/10/02/14:20:57.724934,13204,1538482857,709735462,/world,vicon/IMUframe/IMUframe,-0.705575045046,0.173298892635,1.64311049708,0.00625119361966,-0.0096085567963,-0.192254126477,0.981278222049
2018/10/02/14:20:57.735043,13205,1538482857,719734343,/world,vicon/IMUframe/IMUframe,-0.700659502165,0.172741886757,1.64318284842,0.00533339056096,-0.0111397116487,-0.191684232429,0.981378936399
2018/10/02/14:20:57.745085,13206,1538482857,729731660,/world,vicon/IMUframe/IMUframe,-0.695505860594,0.171873698418,1.64334700635,0.00467640311832,-0.011264175112,-0.190193937301,0.981670777719
2018/10/02/14:20:57.755283,13207,1538482857,739738768,/world,vicon/IMUframe/IMUframe,-0.689804788948,0.170971042613,1.64372298321,0.00397270337603,-0.0110698142107,-0.18799573947,0.982099424082
2018/10/02/14:20:57.765233,13208,1538482857,749736957,/world,vicon/IMUframe/IMUframe,-0.683425671588,0.169948225497,1.64403333087,0.0032748261287,-0.0111207285617,-0.186399132968,0.982405704452
2018/10/02/14:20:57.775102,13209,1538482857,759714496,/world,vicon/IMUframe/IMUframe,-0.676409841251,0.168522903373,1.64452089374,0.0030154671068,-0.0093900841255,-0.183394823375,0.982989863649
2018/10/02/14:20:57.785081,13210,1538482857,769718276,/world,vicon/IMUframe/IMUframe,-0.669138132513,0.166703501335,1.64485438124,0.00289280584119,-0.00858346713769,-0.180857446607,0.983467609926
2018/10/02/14:20:57.795142,13211,1538482857,779732908,/world,vicon/IMUframe/IMUframe,-0.661817830559,0.165383315586,1.6451973847,0.00300092342569,-0.00713178539948,-0.178814913175,0.983852305441
2018/10/02/14:20:57.805887,13212,1538482857,789676670,/world,vicon/IMUframe/IMUframe,-0.653947214508,0.163743220845,1.64550107504,0.00310831897816,-0.00604346230906,-0.176316185967,0.984310122615
2018/10/02/14:20:57.815492,13213,1538482857,799756090,/world,vicon/IMUframe/IMUframe,-0.645652098606,0.161915690368,1.6458247916,0.00338029293701,-0.00517457340605,-0.173546735761,0.984806238768
2018/10/02/14:20:57.825755,13214,1538482857,809664879,/world,vicon/IMUframe/IMUframe,-0.637067468654,0.159895908761,1.64606781303,0.00383646948725,-0.00476989379674,-0.171200017217,0.985217277416
2018/10/02/14:20:57.835750,13215,1538482857,819678452,/world,vicon/IMUframe/IMUframe,-0.628127680571,0.157841071865,1.64620201236,0.00441135360392,-0.00474643729117,-0.169149820822,0.985569048524
2018/10/02/14:20:57.845124,13216,1538482857,829673892,/world,vicon/IMUframe/IMUframe,-0.618792358924,0.155759104156,1.64623028227,0.00552209689509,-0.00502410099233,-0.167264248886,0.985883834891
2018/10/02/14:20:57.855399,13217,1538482857,839630435,/world,vicon/IMUframe/IMUframe,-0.609162875968,0.15346672607,1.64623848209,0.00648451587356,-0.00527680496118,-0.165500447953,0.986174278772
2018/10/02/14:20:57.865477,13218,1538482857,849732262,/world,vicon/IMUframe/IMUframe,-0.599160598643,0.151138428388,1.64633197263,0.00750464785821,-0.00562330934593,-0.163474478175,0.986502992209
2018/10/02/14:20:57.875421,13219,1538482857,859630102,/world,vicon/IMUframe/IMUframe,-0.58905037615,0.148511269523,1.64641269809,0.00913313534899,-0.00599926324422,-0.161403728397,0.986827964307
2018/10/02/14:20:57.885608,13220,1538482857,869631623,/world,vicon/IMUframe/IMUframe,-0.578286669549,0.145376133387,1.64658826833,0.0103105213302,-0.00473316154799,-0.159421304279,0.9871454493
2018/10/02/14:20:57.895333,13221,1538482857,879644685,/world,vicon/IMUframe/IMUframe,-0.567472526939,0.142813612208,1.64673908147,0.0110381095685,-0.00357116600578,-0.156742991053,0.987571284347
2018/10/02/14:20:57.905397,13222,1538482857,889642974,/world,vicon/IMUframe/IMUframe,-0.556510211985,0.139649562565,1.64700827413,0.0119581065144,-0.00198113001529,-0.153439050964,0.988083769957
2018/10/02/14:20:57.915400,13223,1538482857,899655189,/world,vicon/IMUframe/IMUframe,-0.545411516764,0.1366224515,1.64726980316,0.0123015722076,-0.000554834072916,-0.150356870175,0.988555094606
2018/10/02/14:20:57.925817,13224,1538482857,909641948,/world,vicon/IMUframe/IMUframe,-0.534273452219,0.133335959632,1.64735973822,0.0123015567213,0.000572569490825,-0.14752941077,0.988980999223
2018/10/02/14:20:57.935398,13225,1538482857,919633903,/world,vicon/IMUframe/IMUframe,-0.523267365213,0.130139775054,1.64735055444,0.0123240579342,0.00174485051177,-0.144338110277,0.989450141753
2018/10/02/14:20:57.945480,13226,1538482857,929650698,/world,vicon/IMUframe/IMUframe,-0.512089281357,0.126829080495,1.64740520804,0.0123674230987,0.00248678968337,-0.141512277828,0.989856119821
2018/10/02/14:20:57.955525,13227,1538482857,939627859,/world,vicon/IMUframe/IMUframe,-0.50095156025,0.123222937998,1.64710736247,0.0119612539316,0.00242335014811,-0.139076037038,0.990206499524
2018/10/02/14:20:57.965580,13228,1538482857,949632921,/world,vicon/IMUframe/IMUframe,-0.48973960771,0.119665794719,1.6467740347,0.0117018518968,0.00191353072531,-0.136666812726,0.990546105621
2018/10/02/14:20:57.975383,13229,1538482857,959659872,/world,vicon/IMUframe/IMUframe,-0.478585795433,0.115986124815,1.64627931863,0.0126017565788,0.000704644517633,-0.134940224573,0.990773351983
2018/10/02/14:20:57.985332,13230,1538482857,969651521,/world,vicon/IMUframe/IMUframe,-0.467335331536,0.112097880346,1.64580998103,0.0134582013452,-0.000546687587126,-0.132852016901,0.991044358016
2018/10/02/14:20:57.995383,13231,1538482857,979667313,/world,vicon/IMUframe/IMUframe,-0.456173046832,0.108319088453,1.64526034448,0.0144320566389,-0.00192363887741,-0.130584835105,0.991330225604
2018/10/02/14:20:58.005465,13232,1538482857,989642586,/world,vicon/IMUframe/IMUframe,-0.445120730888,0.104409105875,1.64473757059,0.0150571139447,-0.00333428557353,-0.128462388922,0.991594463726
2018/10/02/14:20:58.015229,13233,1538482857,999659354,/world,vicon/IMUframe/IMUframe,-0.433985943045,0.100833827761,1.64413358333,0.016782634138,-0.00481585931313,-0.124591868345,0.992054442575
2018/10/02/14:20:58.025286,13234,1538482858,9630630,/world,vicon/IMUframe/IMUframe,-0.423004264397,0.097177717034,1.64354354471,0.0181742462346,-0.00608752930208,-0.120952847262,0.992473197371
2018/10/02/14:20:58.035073,13235,1538482858,19686806,/world,vicon/IMUframe/IMUframe,-0.412142586106,0.0932452792331,1.64308781637,0.0185492528815,-0.00714197610311,-0.116510497135,0.992990544493
2018/10/02/14:20:58.045131,13236,1538482858,29677678,/world,vicon/IMUframe/IMUframe,-0.401641423359,0.0897069920856,1.64265706497,0.0191531172283,-0.00808351874619,-0.111988434614,0.993492025805
2018/10/02/14:20:58.055349,13237,1538482858,39753827,/world,vicon/IMUframe/IMUframe,-0.391291198545,0.0861148541597,1.64229416429,0.0195783083406,-0.0091063164256,-0.107026744474,0.994021650072
2018/10/02/14:20:58.065416,13238,1538482858,49740048,/world,vicon/IMUframe/IMUframe,-0.381294362518,0.0826956114135,1.64192220067,0.0200413173406,-0.0102118820994,-0.10201934393,0.99452808735
2018/10/02/14:20:58.075418,13239,1538482858,59639398,/world,vicon/IMUframe/IMUframe,-0.371437544593,0.0795788264245,1.64153444183,0.0206307175525,-0.0117903447344,-0.0974610251818,0.994955632094
2018/10/02/14:20:58.085523,13240,1538482858,69661023,/world,vicon/IMUframe/IMUframe,-0.361984233537,0.0766728152305,1.64121877024,0.0210369263936,-0.0137513267323,-0.0939746993458,0.995257305738
2018/10/02/14:20:58.095715,13241,1538482858,79633282,/world,vicon/IMUframe/IMUframe,-0.352787203271,0.0738832419154,1.6406607916,0.0219838058632,-0.0157348369246,-0.0899053762897,0.995583321727
2018/10/02/14:20:58.105456,13242,1538482858,89641265,/world,vicon/IMUframe/IMUframe,-0.344018158097,0.0715116175481,1.64034474065,0.0220494650898,-0.0178083691287,-0.0877201374375,0.995741864424
2018/10/02/14:20:58.115223,13243,1538482858,99651799,/world,vicon/IMUframe/IMUframe,-0.335136750884,0.0694598095251,1.63993848317,0.02192564032,-0.0198299359414,-0.085759003622,0.995877217952
2018/10/02/14:20:58.125187,13244,1538482858,109634884,/world,vicon/IMUframe/IMUframe,-0.326437239826,0.0675388667633,1.63971128401,0.0216235888821,-0.021116921133,-0.0840286009241,0.996004864583
2018/10/02/14:20:58.135088,13245,1538482858,119636939,/world,vicon/IMUframe/IMUframe,-0.31818414706,0.0657431325596,1.63965875192,0.0207220044319,-0.0216921141769,-0.082272708991,0.9961582465
2018/10/02/14:20:58.145161,13246,1538482858,129660227,/world,vicon/IMUframe/IMUframe,-0.309932701749,0.06411417902,1.63972878049,0.0195038750103,-0.0218362123643,-0.0805632566318,0.996319396765
2018/10/02/14:20:58.155108,13247,1538482858,139733007,/world,vicon/IMUframe/IMUframe,-0.301991609965,0.0628173961436,1.63979328945,0.0180527331398,-0.0213863615358,-0.0787230764805,0.996503587347
2018/10/02/14:20:58.165134,13248,1538482858,149740114,/world,vicon/IMUframe/IMUframe,-0.294247382924,0.0617410696519,1.63988647651,0.0167259437772,-0.0207913413642,-0.077091239922,0.99666689704
2018/10/02/14:20:58.175188,13249,1538482858,159738192,/world,vicon/IMUframe/IMUframe,-0.286734997876,0.0609557763216,1.63992806646,0.0159782393088,-0.0204258794116,-0.0760014836033,0.996770411784
2018/10/02/14:20:58.185237,13250,1538482858,169730941,/world,vicon/IMUframe/IMUframe,-0.279429844307,0.0604568900437,1.64011294035,0.0153632045845,-0.0203396411288,-0.0756918321663,0.996805406028
2018/10/02/14:20:58.195223,13251,1538482858,179734958,/world,vicon/IMUframe/IMUframe,-0.272400875076,0.0601746430857,1.64013793686,0.0149528767471,-0.020668141865,-0.0761097932319,0.99677306282
2018/10/02/14:20:58.205724,13252,1538482858,189699283,/world,vicon/IMUframe/IMUframe,-0.265487154857,0.0599605288227,1.64015812761,0.0145375027736,-0.0211338450218,-0.0768322651202,0.996714013468
2018/10/02/14:20:58.215568,13253,1538482858,199683213,/world,vicon/IMUframe/IMUframe,-0.258687066742,0.0600077944463,1.64018409773,0.0141687909369,-0.0216625848,-0.0775382662477,0.996653297316
2018/10/02/14:20:58.225447,13254,1538482858,209681362,/world,vicon/IMUframe/IMUframe,-0.251925083618,0.0602599262113,1.64035800025,0.0137948588839,-0.0220382942991,-0.078282412295,0.99659213291
2018/10/02/14:20:58.235350,13255,1538482858,219657429,/world,vicon/IMUframe/IMUframe,-0.245522668145,0.0605698249633,1.6405954292,0.0132315013384,-0.0219258366901,-0.0782945167265,0.996601301278
2018/10/02/14:20:58.245225,13256,1538482858,229633457,/world,vicon/IMUframe/IMUframe,-0.239200726992,0.0611075661263,1.64097711119,0.0125209640304,-0.0215782608355,-0.0777647215352,0.996659546788
2018/10/02/14:20:58.255280,13257,1538482858,239655649,/world,vicon/IMUframe/IMUframe,-0.233093249618,0.0617093553573,1.64127357953,0.0118859068216,-0.0211595851815,-0.077071434189,0.996730149642
2018/10/02/14:20:58.265097,13258,1538482858,249646527,/world,vicon/IMUframe/IMUframe,-0.227084410748,0.0623223499089,1.6415575701,0.0108919651971,-0.02065228978,-0.0761619299627,0.996822054554
2018/10/02/14:20:58.275141,13259,1538482858,259705661,/world,vicon/IMUframe/IMUframe,-0.221318085723,0.0631174854971,1.64179622918,0.00963177168862,-0.0201543719856,-0.0742537509427,0.996989172827
2018/10/02/14:20:58.285134,13260,1538482858,269757177,/world,vicon/IMUframe/IMUframe,-0.215439604599,0.064105731091,1.6420158157,0.00873301022546,-0.0197749480465,-0.0719196713358,0.997176136316
2018/10/02/14:20:58.295195,13261,1538482858,279708808,/world,vicon/IMUframe/IMUframe,-0.20993293539,0.064884802508,1.64211157486,0.00811823586014,-0.019568354064,-0.0699043470483,0.99732871012
2018/10/02/14:20:58.305211,13262,1538482858,289743025,/world,vicon/IMUframe/IMUframe,-0.204427670745,0.0656083344721,1.64230759639,0.00756443089252,-0.0187573433301,-0.06712774143,0.99753937656
2018/10/02/14:20:58.314977,13263,1538482858,299625827,/world,vicon/IMUframe/IMUframe,-0.199146136877,0.0663609671124,1.64254525069,0.00697931062074,-0.0177533799739,-0.0638737780436,0.997775649734
2018/10/02/14:20:58.325366,13264,1538482858,309668398,/world,vicon/IMUframe/IMUframe,-0.194059842055,0.0669970793703,1.64275084285,0.00630187287813,-0.0165421597743,-0.0599865591101,0.998042211569
2018/10/02/14:20:58.335424,13265,1538482858,319744601,/world,vicon/IMUframe/IMUframe,-0.189081074665,0.0678289871243,1.64300246249,0.00592221483889,-0.0147829210686,-0.0566239866245,0.998268559434
2018/10/02/14:20:58.345195,13266,1538482858,329648208,/world,vicon/IMUframe/IMUframe,-0.184492058927,0.0684554603389,1.64319396737,0.00548847325797,-0.0127238935401,-0.0524854553287,0.998525541072
2018/10/02/14:20:58.355367,13267,1538482858,339651358,/world,vicon/IMUframe/IMUframe,-0.180082259176,0.0689783519147,1.64349055066,0.00526931177606,-0.0104761111808,-0.0480400629938,0.998776570508
2018/10/02/14:20:58.365477,13268,1538482858,349659679,/world,vicon/IMUframe/IMUframe,-0.17609965658,0.0692089453187,1.64367546046,0.00498260669794,-0.00836949885811,-0.0429384604745,0.999030236645
2018/10/02/14:20:58.375322,13269,1538482858,359634521,/world,vicon/IMUframe/IMUframe,-0.172517963497,0.0696494883309,1.64379415206,0.00538463284512,-0.00628147157267,-0.0389360034115,0.999207454177
2018/10/02/14:20:58.385521,13270,1538482858,369652770,/world,vicon/IMUframe/IMUframe,-0.1694625509,0.0702578268627,1.64389313021,0.0060097561029,-0.0046013974462,-0.0355353870682,0.999339755158
2018/10/02/14:20:58.395344,13271,1538482858,379706086,/world,vicon/IMUframe/IMUframe,-0.166841979015,0.0713000471747,1.64387978938,0.00695910819112,-0.00309841467237,-0.0329492123104,0.99942799643
2018/10/02/14:20:58.405560,13272,1538482858,389646399,/world,vicon/IMUframe/IMUframe,-0.164634770461,0.071649063729,1.64396511322,0.00734567611401,-0.00160020243577,-0.0296497492341,0.999532076906
2018/10/02/14:20:58.415035,13273,1538482858,399642093,/world,vicon/IMUframe/IMUframe,-0.162773904799,0.0724106781434,1.64400203466,0.00786893268346,-0.000591464057777,-0.0282957572917,0.999568446975
2018/10/02/14:20:58.425444,13274,1538482858,409638352,/world,vicon/IMUframe/IMUframe,-0.161306939545,0.0728904560355,1.64404680635,0.00798160125827,8.77642206201e-05,-0.0267040865693,0.999611513589
2018/10/02/14:20:58.435490,13275,1538482858,419762489,/world,vicon/IMUframe/IMUframe,-0.160261171498,0.0739289959909,1.64396538267,0.00800395634785,0.000820223745558,-0.0264073914303,0.999618884172
2018/10/02/14:20:58.445316,13276,1538482858,429673737,/world,vicon/IMUframe/IMUframe,-0.159460309699,0.0747917904683,1.64396847907,0.00776713915925,0.00124601578772,-0.0261539773767,0.999626974657
2018/10/02/14:20:58.455422,13277,1538482858,439654292,/world,vicon/IMUframe/IMUframe,-0.158980938299,0.075526933399,1.64404033302,0.0072799669753,0.00162404842479,-0.0255777102602,0.999645009634
2018/10/02/14:20:58.465499,13278,1538482858,449672180,/world,vicon/IMUframe/IMUframe,-0.15866911407,0.0763937913943,1.64425113793,0.00669184475949,0.00198526531208,-0.0254468708931,0.999651806729
2018/10/02/14:20:58.475182,13279,1538482858,459639614,/world,vicon/IMUframe/IMUframe,-0.158557451251,0.0772615145466,1.64452544614,0.00588478219945,0.00249481511668,-0.0253274289174,0.999658775073
2018/10/02/14:20:58.485225,13280,1538482858,469654540,/world,vicon/IMUframe/IMUframe,-0.158640963741,0.0780350288182,1.64485858867,0.00473477549271,0.00314344294601,-0.0250694220049,0.999669557778
2018/10/02/14:20:58.495275,13281,1538482858,479704541,/world,vicon/IMUframe/IMUframe,-0.158889257492,0.0788757090926,1.64522893756,0.00364474892401,0.00385737609772,-0.0245582122187,0.999684315505
2018/10/02/14:20:58.505348,13282,1538482858,489673129,/world,vicon/IMUframe/IMUframe,-0.159295020492,0.0798544364659,1.64557384247,0.0024663086039,0.00460069459858,-0.0239831891326,0.999698733404
2018/10/02/14:20:58.515165,13283,1538482858,499640678,/world,vicon/IMUframe/IMUframe,-0.15988495598,0.0806963613271,1.64594479666,0.00160939548134,0.00500589778343,-0.023752868363,0.999704032241
2018/10/02/14:20:58.525249,13284,1538482858,509670678,/world,vicon/IMUframe/IMUframe,-0.160792936152,0.0818601906496,1.646236649,0.00116149416126,0.00511485717281,-0.024319414713,0.999690479716
2018/10/02/14:20:58.535113,13285,1538482858,519668909,/world,vicon/IMUframe/IMUframe,-0.161624682288,0.082771931252,1.64661561735,0.000635595185217,0.00517669004812,-0.0246209934996,0.999683252124
2018/10/02/14:20:58.545336,13286,1538482858,529636677,/world,vicon/IMUframe/IMUframe,-0.162549853246,0.0836926433201,1.64696941391,0.000136607218797,0.00511672398249,-0.0250634841559,0.999672757574
2018/10/02/14:20:58.555027,13287,1538482858,539736661,/world,vicon/IMUframe/IMUframe,-0.163598387467,0.0846419292927,1.64739018892,-0.000405322335576,0.00505403392468,-0.0255576559337,0.999660491706
2018/10/02/14:20:58.565486,13288,1538482858,549638418,/world,vicon/IMUframe/IMUframe,-0.164707161279,0.0855921911427,1.64782648257,-0.00105515015707,0.00516136082607,-0.0260398877555,0.999647023333
2018/10/02/14:20:58.575333,13289,1538482858,559757882,/world,vicon/IMUframe/IMUframe,-0.165859002094,0.0866145620194,1.64827233038,-0.00200095273232,0.00517911932007,-0.026426886279,0.999635329804
2018/10/02/14:20:58.585407,13290,1538482858,569659910,/world,vicon/IMUframe/IMUframe,-0.16701704466,0.0875505860293,1.64868321459,-0.00282411151533,0.00550107145759,-0.0269923029355,0.999616515564
2018/10/02/14:20:58.595505,13291,1538482858,579656724,/world,vicon/IMUframe/IMUframe,-0.168194468765,0.0885169364817,1.64907854774,-0.00365642952222,0.00583995001003,-0.0275103008331,0.999597773534
2018/10/02/14:20:58.605184,13292,1538482858,589638581,/world,vicon/IMUframe/IMUframe,-0.169382062856,0.0894709659625,1.64948170525,-0.00442705848589,0.00619921643713,-0.0279646422784,0.999579886578
2018/10/02/14:20:58.615304,13293,1538482858,599656765,/world,vicon/IMUframe/IMUframe,-0.170569949347,0.0904038390821,1.64985522832,-0.00501832795859,0.00670475165264,-0.0282913119787,0.999564637408
2018/10/02/14:20:58.625255,13294,1538482858,609701657,/world,vicon/IMUframe/IMUframe,-0.171775827458,0.0913035667486,1.65016056228,-0.00540313575071,0.0070547272543,-0.028598954717,0.999551467778
2018/10/02/14:20:58.635356,13295,1538482858,619657402,/world,vicon/IMUframe/IMUframe,-0.17301327807,0.092212967221,1.65045638966,-0.00554106718327,0.00746000252932,-0.0288167701674,0.999541514242
2018/10/02/14:20:58.645344,13296,1538482858,629639594,/world,vicon/IMUframe/IMUframe,-0.17427749751,0.0932941034146,1.65063239688,-0.00532514208425,0.00774697337698,-0.0294121409342,0.999523162929
2018/10/02/14:20:58.655095,13297,1538482858,639640983,/world,vicon/IMUframe/IMUframe,-0.17557357168,0.0940580421105,1.65081084461,-0.00506532795193,0.00793898033614,-0.0292389964422,0.999528086714
2018/10/02/14:20:58.665088,13298,1538482858,649638645,/world,vicon/IMUframe/IMUframe,-0.176827257903,0.0949062780353,1.65091617825,-0.0044800608502,0.00803167551794,-0.0296186849849,0.999518961673
2018/10/02/14:20:58.675107,13299,1538482858,659758710,/world,vicon/IMUframe/IMUframe,-0.178043432665,0.0958939756076,1.65095882736,-0.00363045188139,0.00804388344503,-0.0303807460085,0.999499437734
2018/10/02/14:20:58.685393,13300,1538482858,669765666,/world,vicon/IMUframe/IMUframe,-0.179363389437,0.0966803445349,1.65093422708,-0.00291454627508,0.008132626936,-0.030357936153,0.999501756633
2018/10/02/14:20:58.695303,13301,1538482858,679685914,/world,vicon/IMUframe/IMUframe,-0.18061785444,0.0975733360655,1.65086658114,-0.00207588393507,0.00819418480005,-0.0306959580732,0.999493023587
2018/10/02/14:20:58.705498,13302,1538482858,689658540,/world,vicon/IMUframe/IMUframe,-0.18180622901,0.0984389224587,1.65078351461,-0.00132536431828,0.00826087403213,-0.0309127353981,0.999487070532
2018/10/02/14:20:58.715476,13303,1538482858,699646747,/world,vicon/IMUframe/IMUframe,-0.183004719185,0.0993389042589,1.65067208523,-0.000573009399281,0.00836533845206,-0.0311154079129,0.999480627208
2018/10/02/14:20:58.725209,13304,1538482858,709635384,/world,vicon/IMUframe/IMUframe,-0.184172350217,0.100222485734,1.65051528029,0.000143066327652,0.00846189552846,-0.0311332671813,0.99947941226
2018/10/02/14:20:58.735088,13305,1538482858,719674705,/world,vicon/IMUframe/IMUframe,-0.185311096966,0.101098646596,1.65034852401,0.000755585723506,0.00863029283815,-0.0309198603211,0.999484321725
2018/10/02/14:20:58.745196,13306,1538482858,729640118,/world,vicon/IMUframe/IMUframe,-0.186429367743,0.101989577679,1.65021830089,0.00131932689607,0.00882716458621,-0.0304887492078,0.999495260976
2018/10/02/14:20:58.755023,13307,1538482858,739763476,/world,vicon/IMUframe/IMUframe,-0.187554871187,0.102960426135,1.65012733667,0.00168852441158,0.00889832978408,-0.0298424138647,0.999513581172
2018/10/02/14:20:58.765257,13308,1538482858,749688727,/world,vicon/IMUframe/IMUframe,-0.188693058638,0.103888342606,1.64994126192,0.00207129999494,0.00901134491466,-0.0290990883797,0.99953376553
2018/10/02/14:20:58.775429,13309,1538482858,759759728,/world,vicon/IMUframe/IMUframe,-0.189838419575,0.104874706284,1.64968804139,0.00264870428401,0.00894133848556,-0.0281960503006,0.99955891251
2018/10/02/14:20:58.785416,13310,1538482858,769668839,/world,vicon/IMUframe/IMUframe,-0.190960863016,0.106004277482,1.64939211739,0.00347096004837,0.00862658017449,-0.0279357649671,0.999566469819
2018/10/02/14:20:58.795165,13311,1538482858,779643850,/world,vicon/IMUframe/IMUframe,-0.192254781228,0.106988650885,1.64903953657,0.004432989395,0.00811057761958,-0.0270933914811,0.999590173658
2018/10/02/14:20:58.805238,13312,1538482858,789660068,/world,vicon/IMUframe/IMUframe,-0.193493835352,0.108114126676,1.64866546595,0.0056768540442,0.0074082658682,-0.0269245706901,0.999593896749
2018/10/02/14:20:58.815224,13313,1538482858,799715171,/world,vicon/IMUframe/IMUframe,-0.194721639472,0.109200355969,1.64829101314,0.00696474657374,0.00639349498938,-0.0270189041615,0.99959021321
2018/10/02/14:20:58.825211,13314,1538482858,809686300,/world,vicon/IMUframe/IMUframe,-0.195896092396,0.110233449449,1.64792433064,0.00828205614616,0.00523849028233,-0.0272322432037,0.999581097608
2018/10/02/14:20:58.835390,13315,1538482858,819684920,/world,vicon/IMUframe/IMUframe,-0.196959859522,0.111289566445,1.64761813863,0.00953288361348,0.0040350901428,-0.0279461946525,0.999555827546
2018/10/02/14:20:58.845558,13316,1538482858,829691107,/world,vicon/IMUframe/IMUframe,-0.198077123602,0.112056674374,1.64737246788,0.0103247009646,0.00293024332443,-0.0277098959867,0.999558390435
2018/10/02/14:20:58.855494,13317,1538482858,839643342,/world,vicon/IMUframe/IMUframe,-0.199115794105,0.112766785149,1.64723957422,0.0109030652911,0.00192791141529,-0.0278664081997,0.99955033371
2018/10/02/14:20:58.865570,13318,1538482858,849639187,/world,vicon/IMUframe/IMUframe,-0.199867972117,0.113248718029,1.64718598927,0.0111110573763,0.000898825950698,-0.0282529067075,0.999538648467
2018/10/02/14:20:58.875341,13319,1538482858,859652399,/world,vicon/IMUframe/IMUframe,-0.20043246144,0.113612097231,1.64726226713,0.0110903898888,1.8208691426e-06,-0.0291435127768,0.999513711218
2018/10/02/14:20:58.885565,13320,1538482858,869673889,/world,vicon/IMUframe/IMUframe,-0.200888499888,0.113628594879,1.64744261459,0.0106304226904,-0.000658577104603,-0.0297521041027,0.999500561626
2018/10/02/14:20:58.895516,13321,1538482858,879656116,/world,vicon/IMUframe/IMUframe,-0.201160767114,0.113314633133,1.64774100975,0.00990199991794,-0.00117563946003,-0.0307472779193,0.999477450056
2018/10/02/14:20:58.905222,13322,1538482858,889636114,/world,vicon/IMUframe/IMUframe,-0.201197242784,0.112679039915,1.64810533008,0.00898951268028,-0.00143425119455,-0.0317488894784,0.999454420973
2018/10/02/14:20:58.915526,13323,1538482858,899660573,/world,vicon/IMUframe/IMUframe,-0.201034699907,0.111656825098,1.64855059525,0.0079596043031,-0.00142696689396,-0.0330936443187,0.999419541119
2018/10/02/14:20:58.925688,13324,1538482858,909740854,/world,vicon/IMUframe/IMUframe,-0.200623092237,0.110158287198,1.64904383116,0.00674474698754,-0.00110732402689,-0.034063385637,0.999396301764
2018/10/02/14:20:58.935174,13325,1538482858,919639951,/world,vicon/IMUframe/IMUframe,-0.199868129094,0.108378404616,1.64959487844,0.00577634485114,-0.000581780940373,-0.0356086601264,0.999348947413
2018/10/02/14:20:58.945570,13326,1538482858,929637646,/world,vicon/IMUframe/IMUframe,-0.198812877105,0.106132239229,1.65017933006,0.00488630800337,3.47204229719e-05,-0.0372800721735,0.999292909515
2018/10/02/14:20:58.955291,13327,1538482858,939638214,/world,vicon/IMUframe/IMUframe,-0.197417873239,0.103493824379,1.65072319087,0.00425324508787,0.000966031832245,-0.0390103836,0.99922928633
2018/10/02/14:20:58.965460,13328,1538482858,949669021,/world,vicon/IMUframe/IMUframe,-0.195694034012,0.100626068854,1.65136538637,0.00416007331395,0.00187091683235,-0.0409919885564,0.99914906312
2018/10/02/14:20:58.975485,13329,1538482858,959712416,/world,vicon/IMUframe/IMUframe,-0.193799997567,0.0969175729183,1.65207836218,0.00443419792457,0.0029741069926,-0.0418970693589,0.999107665948
2018/10/02/14:20:58.985256,13330,1538482858,969678622,/world,vicon/IMUframe/IMUframe,-0.191473990209,0.0929010109982,1.65272166164,0.00559079990095,0.0041848381867,-0.0437414763572,0.99901847497
2018/10/02/14:20:58.995256,13331,1538482858,979701174,/world,vicon/IMUframe/IMUframe,-0.188968087183,0.088185041574,1.65334152642,0.00709831408242,0.00576580886528,-0.0442735068946,0.998977590326
2018/10/02/14:20:59.005203,13332,1538482858,989690618,/world,vicon/IMUframe/IMUframe,-0.186030584837,0.0830999912031,1.65406316275,0.00926633306999,0.00711098948488,-0.0456347983006,0.998889900882
2018/10/02/14:20:59.015353,13333,1538482858,999669558,/world,vicon/IMUframe/IMUframe,-0.182805124534,0.0771349293136,1.65476991119,0.0116362901917,0.00882893737524,-0.0464361866451,0.998814460841
2018/10/02/14:20:59.025381,13334,1538482859,9668829,/world,vicon/IMUframe/IMUframe,-0.179503195291,0.0711608316266,1.65535669388,0.0143019973426,0.0106504155996,-0.0463317170325,0.998766936535
2018/10/02/14:20:59.035659,13335,1538482859,19685958,/world,vicon/IMUframe/IMUframe,-0.175846527172,0.0648570144904,1.65587371054,0.0169711421148,0.012198752094,-0.0465579833321,0.998696913468
2018/10/02/14:20:59.045587,13336,1538482859,29653300,/world,vicon/IMUframe/IMUframe,-0.17161796964,0.0577034843601,1.65645751767,0.0193604183923,0.0139652863996,-0.045252686131,0.998690312045
2018/10/02/14:20:59.055477,13337,1538482859,39669586,/world,vicon/IMUframe/IMUframe,-0.167442767404,0.0506523753511,1.6569193855,0.0221262224257,0.0154033364168,-0.0442740472306,0.998655584398
2018/10/02/14:20:59.065380,13338,1538482859,49695869,/world,vicon/IMUframe/IMUframe,-0.162983278999,0.0432869713063,1.65747152215,0.0246184854421,0.016665813172,-0.0433971904426,0.998615473898
2018/10/02/14:20:59.075137,13339,1538482859,59670960,/world,vicon/IMUframe/IMUframe,-0.158332386293,0.035607920608,1.65808835063,0.0271727706022,0.0174782373061,-0.042228677373,0.9985854448
2018/10/02/14:20:59.085373,13340,1538482859,69645484,/world,vicon/IMUframe/IMUframe,-0.153830911048,0.0279626270124,1.65860742712,0.0295635485221,0.0181301676159,-0.0413972299162,0.998540716734
2018/10/02/14:20:59.095469,13341,1538482859,79692582,/world,vicon/IMUframe/IMUframe,-0.14870975207,0.0199276132408,1.65934704071,0.0316042933712,0.0184186764244,-0.0407174017831,0.99850088342
2018/10/02/14:20:59.105451,13342,1538482859,89660089,/world,vicon/IMUframe/IMUframe,-0.143491713366,0.0112557786162,1.66025541664,0.0319181792407,0.0181707169016,-0.0388721197884,0.998568982687
2018/10/02/14:20:59.115497,13343,1538482859,99659061,/world,vicon/IMUframe/IMUframe,-0.13854237913,0.00291297781208,1.66099481394,0.0330587157933,0.0177354407342,-0.0378768054011,0.99857795042
2018/10/02/14:20:59.125419,13344,1538482859,109670060,/world,vicon/IMUframe/IMUframe,-0.133303603751,-0.00540669713487,1.66193070077,0.0336627060815,0.017361775166,-0.036145630427,0.998628501688
2018/10/02/14:20:59.135297,13345,1538482859,119630841,/world,vicon/IMUframe/IMUframe,-0.12796550039,-0.0138869894491,1.66296710279,0.0337856635962,0.0171654704989,-0.0346584177803,0.99868046423
2018/10/02/14:20:59.145171,13346,1538482859,129649081,/world,vicon/IMUframe/IMUframe,-0.122565673741,-0.0222444108584,1.66410575794,0.0340095802599,0.0170934579578,-0.0340204910412,0.998696034004
2018/10/02/14:20:59.155498,13347,1538482859,139647006,/world,vicon/IMUframe/IMUframe,-0.117100623163,-0.0309465124832,1.6652998121,0.03388113435,0.0173978593758,-0.0336284428439,0.998708421441
2018/10/02/14:20:59.165423,13348,1538482859,149659459,/world,vicon/IMUframe/IMUframe,-0.111644842648,-0.0396976454156,1.66661754914,0.0335666638407,0.0187932866164,-0.0331868602364,0.998708527932
2018/10/02/14:20:59.175202,13349,1538482859,159667957,/world,vicon/IMUframe/IMUframe,-0.106226583123,-0.0482753096112,1.66787077041,0.0336444493205,0.0203374961399,-0.0340966681866,0.99864500925
2018/10/02/14:20:59.185373,13350,1538482859,169645490,/world,vicon/IMUframe/IMUframe,-0.100972774334,-0.0569159444467,1.6689631379,0.0336313682886,0.0225814201742,-0.0343299474423,0.998589237494
2018/10/02/14:20:59.195179,13351,1538482859,179728625,/world,vicon/IMUframe/IMUframe,-0.0957404207518,-0.0653845809481,1.67011563717,0.0334527599911,0.0251913739225,-0.0351838999924,0.99850307997
2018/10/02/14:20:59.205189,13352,1538482859,189644889,/world,vicon/IMUframe/IMUframe,-0.0905892908572,-0.0737400441402,1.67124062842,0.0334761835325,0.0277642287249,-0.0367539873185,0.998377502328
2018/10/02/14:20:59.215261,13353,1538482859,199730528,/world,vicon/IMUframe/IMUframe,-0.0858561456479,-0.0819259715566,1.67221445204,0.0336966687526,0.0306087406524,-0.0382362425044,0.998231250397
2018/10/02/14:20:59.225150,13354,1538482859,209712908,/world,vicon/IMUframe/IMUframe,-0.0811942908939,-0.0895407823423,1.67301650685,0.034543210876,0.0330350181395,-0.0408148113229,0.998022848103
2018/10/02/14:20:59.235156,13355,1538482859,219725506,/world,vicon/IMUframe/IMUframe,-0.0769420524825,-0.0966272247902,1.67373735312,0.0359963674224,0.0351654948385,-0.043063755818,0.997804170386
2018/10/02/14:20:59.245255,13356,1538482859,229737432,/world,vicon/IMUframe/IMUframe,-0.0728779566764,-0.103495451148,1.67437343394,0.0366953298503,0.0371606107878,-0.0450537776518,0.997618513708
2018/10/02/14:20:59.255079,13357,1538482859,239744152,/world,vicon/IMUframe/IMUframe,-0.0688578002707,-0.109737242087,1.67488986365,0.0376129049654,0.0392901185872,-0.0488334166877,0.99732484847
2018/10/02/14:20:59.265419,13358,1538482859,249699589,/world,vicon/IMUframe/IMUframe,-0.0653885476131,-0.1158506722,1.67549833378,0.0379614615125,0.0405033948984,-0.0516269078547,0.9971223921
2018/10/02/14:20:59.275436,13359,1538482859,259640822,/world,vicon/IMUframe/IMUframe,-0.0620036781655,-0.121172245148,1.67613437709,0.0376969967155,0.0418254526711,-0.054611758152,0.996918815059
2018/10/02/14:20:59.285542,13360,1538482859,269685704,/world,vicon/IMUframe/IMUframe,-0.0588848036206,-0.126047899641,1.6767486518,0.037018826467,0.0428242917664,-0.0571099060753,0.996761829701
2018/10/02/14:20:59.295391,13361,1538482859,279650125,/world,vicon/IMUframe/IMUframe,-0.0558982724135,-0.130620239031,1.67733899663,0.0362114502087,0.0437590821901,-0.0592026624036,0.996628776608
2018/10/02/14:20:59.305204,13362,1538482859,289648737,/world,vicon/IMUframe/IMUframe,-0.0531548484576,-0.134601575134,1.67789378716,0.0351513323599,0.0441841363416,-0.0613020710903,0.996521049456
2018/10/02/14:20:59.315249,13363,1538482859,299658774,/world,vicon/IMUframe/IMUframe,-0.0507567760365,-0.13834472448,1.67840534106,0.0340894606899,0.0443596713829,-0.0625717960581,0.996471223148
2018/10/02/14:20:59.325427,13364,1538482859,309718844,/world,vicon/IMUframe/IMUframe,-0.0485778486126,-0.141849229876,1.67894391845,0.0332485390956,0.0447344624958,-0.062915700822,0.996461227095
2018/10/02/14:20:59.335177,13365,1538482859,319676539,/world,vicon/IMUframe/IMUframe,-0.0466833487153,-0.144849734173,1.67935668516,0.0330048402406,0.0442273461602,-0.0638099514501,0.996435101985
2018/10/02/14:20:59.345215,13366,1538482859,329673090,/world,vicon/IMUframe/IMUframe,-0.0450427387011,-0.147551912315,1.67965907113,0.03331191721,0.0435165390148,-0.0643355742273,0.996422380767
2018/10/02/14:20:59.355216,13367,1538482859,339701319,/world,vicon/IMUframe/IMUframe,-0.0436610511061,-0.149894674271,1.67990767956,0.0342922632537,0.0425787238905,-0.0646878984552,0.996406828934
2018/10/02/14:20:59.365450,13368,1538482859,349679766,/world,vicon/IMUframe/IMUframe,-0.042548070211,-0.151903908258,1.68007363363,0.0357943678196,0.0413681446102,-0.0646949648026,0.996404537009
2018/10/02/14:20:59.375147,13369,1538482859,359669133,/world,vicon/IMUframe/IMUframe,-0.0416868175367,-0.153459679921,1.68023522588,0.0378294122127,0.0397272160868,-0.06499872471,0.996376359444
2018/10/02/14:20:59.385379,13370,1538482859,369677315,/world,vicon/IMUframe/IMUframe,-0.0411447474614,-0.154716153914,1.68032889257,0.0399718602594,0.0377362253342,-0.064466136824,0.996404709387
2018/10/02/14:20:59.395345,13371,1538482859,379698147,/world,vicon/IMUframe/IMUframe,-0.0408381130273,-0.15559699493,1.6803618378,0.0421209954252,0.0353708437759,-0.0635294456596,0.996463112558
2018/10/02/14:20:59.405324,13372,1538482859,389662866,/world,vicon/IMUframe/IMUframe,-0.0408078443373,-0.156087858436,1.68043117258,0.0441534147772,0.0325694144114,-0.0622361864195,0.996552239628
2018/10/02/14:20:59.415470,13373,1538482859,399690439,/world,vicon/IMUframe/IMUframe,-0.0410435404188,-0.156197476764,1.68056826023,0.0459190959161,0.0295471493177,-0.0607126070921,0.996660615223
2018/10/02/14:20:59.425620,13374,1538482859,409668299,/world,vicon/IMUframe/IMUframe,-0.0416248774197,-0.155928559839,1.68070146502,0.0473759829987,0.0263746154523,-0.0589690499299,0.996786108975
2018/10/02/14:20:59.435488,13375,1538482859,419646285,/world,vicon/IMUframe/IMUframe,-0.0424261780207,-0.155248131725,1.68097256,0.0483450769523,0.0233090396229,-0.056860754971,0.996938461867
2018/10/02/14:20:59.445502,13376,1538482859,429644331,/world,vicon/IMUframe/IMUframe,-0.0435522836672,-0.154170223478,1.68134302808,0.0489639078136,0.0203207698881,-0.0543922857623,0.99711136855
2018/10/02/14:20:59.455270,13377,1538482859,439666216,/world,vicon/IMUframe/IMUframe,-0.045134209828,-0.152706556763,1.68178220708,0.0490310143193,0.01703016764,-0.0517125609022,0.997312260062
2018/10/02/14:20:59.465152,13378,1538482859,449665919,/world,vicon/IMUframe/IMUframe,-0.0468942337958,-0.150891585562,1.68239867231,0.0487769286165,0.0139392093876,-0.0489833431234,0.997510472012
2018/10/02/14:20:59.475220,13379,1538482859,459695993,/world,vicon/IMUframe/IMUframe,-0.0489921738089,-0.148730705993,1.68311317446,0.0480801887274,0.0111148643167,-0.0465737888712,0.997695162579
2018/10/02/14:20:59.485223,13380,1538482859,469696654,/world,vicon/IMUframe/IMUframe,-0.0513852385111,-0.146165798314,1.68392398589,0.0468551439302,0.00847015404338,-0.0446637090244,0.99786672711
2018/10/02/14:20:59.495331,13381,1538482859,479678119,/world,vicon/IMUframe/IMUframe,-0.0543288101186,-0.143277380991,1.68484527082,0.0449382467505,0.00570081529602,-0.0423959282941,0.998073464204
2018/10/02/14:20:59.505193,13382,1538482859,489693973,/world,vicon/IMUframe/IMUframe,-0.057317848476,-0.139983792265,1.68593409218,0.0433338181145,0.00382549422234,-0.041204472919,0.998203254459
2018/10/02/14:20:59.515273,13383,1538482859,499691192,/world,vicon/IMUframe/IMUframe,-0.0607530876547,-0.13649128436,1.68711824429,0.0411722958389,0.00309666602874,-0.0388780610598,0.998390579424
2018/10/02/14:20:59.525414,13384,1538482859,509697396,/world,vicon/IMUframe/IMUframe,-0.0646373048749,-0.13248780144,1.68845744313,0.0392262260616,0.00216000615336,-0.0370119383218,0.998542314569
2018/10/02/14:20:59.535324,13385,1538482859,519686660,/world,vicon/IMUframe/IMUframe,-0.068790080886,-0.1277341889,1.68983090561,0.0371930784634,0.00159774679556,-0.0354368926894,0.998678300934
2018/10/02/14:20:59.545511,13386,1538482859,529683349,/world,vicon/IMUframe/IMUframe,-0.0734025753277,-0.122969502825,1.69120249238,0.0348258606897,0.00121895443839,-0.0331262356402,0.998843494292
2018/10/02/14:20:59.555492,13387,1538482859,539660322,/world,vicon/IMUframe/IMUframe,-0.0782358726674,-0.117667943837,1.69272374194,0.0318705312016,0.000654166177515,-0.0309879504153,0.99901130536
2018/10/02/14:20:59.565177,13388,1538482859,549669706,/world,vicon/IMUframe/IMUframe,-0.0834393556152,-0.111757941792,1.69401791053,0.0294914895686,0.000223259491901,-0.0299918893717,0.999114952731
2018/10/02/14:20:59.575246,13389,1538482859,559643546,/world,vicon/IMUframe/IMUframe,-0.0888688287239,-0.105573361015,1.69520490351,0.0269868763819,0.000197112521225,-0.0270096248183,0.999270809049
2018/10/02/14:20:59.585354,13390,1538482859,569704245,/world,vicon/IMUframe/IMUframe,-0.0947106034157,-0.0988483601559,1.69628609682,0.0252591218821,0.000189050353825,-0.0258478822111,0.999346700603
2018/10/02/14:20:59.595180,13391,1538482859,579647813,/world,vicon/IMUframe/IMUframe,-0.100974021962,-0.0918028816014,1.69731608993,0.0237510958662,0.000754741352323,-0.0240491114781,0.999428314612
2018/10/02/14:20:59.605183,13392,1538482859,589675009,/world,vicon/IMUframe/IMUframe,-0.107491512409,-0.0841590086214,1.69831820511,0.0226645463714,0.00148822988605,-0.0233959958649,0.999468224051
2018/10/02/14:20:59.615217,13393,1538482859,599697610,/world,vicon/IMUframe/IMUframe,-0.114299618952,-0.0764851277649,1.69935113607,0.0221876977884,0.00279129788812,-0.022524044429,0.999496164147
2018/10/02/14:20:59.625398,13394,1538482859,609695189,/world,vicon/IMUframe/IMUframe,-0.121347871922,-0.0683462170846,1.70024529763,0.0215550406759,0.00413115050905,-0.0211880221923,0.99953458246
2018/10/02/14:20:59.635468,13395,1538482859,619716835,/world,vicon/IMUframe/IMUframe,-0.128508551663,-0.0599133003621,1.70104654101,0.0210466786905,0.00546054321097,-0.0199108288609,0.999565294855
2018/10/02/14:20:59.645609,13396,1538482859,629741693,/world,vicon/IMUframe/IMUframe,-0.136034722944,-0.0512334965692,1.70170300073,0.020795263232,0.00703162197907,-0.0181027459553,0.99959511999
2018/10/02/14:20:59.655396,13397,1538482859,639649648,/world,vicon/IMUframe/IMUframe,-0.143630794504,-0.0420374646586,1.70234477642,0.0209081436547,0.00870726500441,-0.0173746889378,0.999592493594
2018/10/02/14:20:59.665621,13398,1538482859,649659341,/world,vicon/IMUframe/IMUframe,-0.151524899797,-0.0326032662628,1.70281417065,0.0213311485018,0.0105215406397,-0.0160052436999,0.999588971258
2018/10/02/14:20:59.675414,13399,1538482859,659668073,/world,vicon/IMUframe/IMUframe,-0.159654893368,-0.0230733145318,1.70304151853,0.0219582120523,0.0125991619081,-0.0137349381695,0.999585138703
2018/10/02/14:20:59.685199,13400,1538482859,669648140,/world,vicon/IMUframe/IMUframe,-0.167926338544,-0.0128633528761,1.70319757733,0.0224364659286,0.0145161176515,-0.0124347486811,0.999565537796
2018/10/02/14:20:59.695195,13401,1538482859,679670965,/world,vicon/IMUframe/IMUframe,-0.176318125566,-0.00265367405809,1.70334127171,0.0227043906822,0.016109704503,-0.0103146067126,0.999559201325
2018/10/02/14:20:59.705387,13402,1538482859,689698859,/world,vicon/IMUframe/IMUframe,-0.184715533212,0.00785348081061,1.70326237462,0.0223305138442,0.0174020218313,-0.00845472061705,0.999563422443
2018/10/02/14:20:59.715386,13403,1538482859,699710381,/world,vicon/IMUframe/IMUframe,-0.193524707373,0.0188832506569,1.70295862889,0.0225947887229,0.0185717000461,-0.00694274311934,0.999548080783
2018/10/02/14:20:59.725513,13404,1538482859,709694218,/world,vicon/IMUframe/IMUframe,-0.202365272627,0.0297122587247,1.70270490346,0.0214326527058,0.0191194991873,-0.00547537777859,0.999572461799
2018/10/02/14:20:59.735577,13405,1538482859,719670807,/world,vicon/IMUframe/IMUframe,-0.211400817549,0.0412594164342,1.70214829611,0.0221249718069,0.0199334282192,-0.00412840249722,0.999547948002
2018/10/02/14:20:59.745192,13406,1538482859,729662924,/world,vicon/IMUframe/IMUframe,-0.220733268392,0.0532052729571,1.7015783537,0.0219925832405,0.0208571420632,-0.00293541040448,0.999536237099
2018/10/02/14:20:59.755437,13407,1538482859,739649534,/world,vicon/IMUframe/IMUframe,-0.229911842634,0.0650673339054,1.70088542484,0.0210093724009,0.0212031795843,-0.00275455494145,0.999550620966
2018/10/02/14:20:59.765610,13408,1538482859,749693635,/world,vicon/IMUframe/IMUframe,-0.239374205225,0.0771326445721,1.70006923973,0.0197472079495,0.0219318162113,-0.00138509579342,0.999563467082
2018/10/02/14:20:59.775232,13409,1538482859,759678439,/world,vicon/IMUframe/IMUframe,-0.248857354167,0.0891795489156,1.69909532475,0.0185536109864,0.0225035884478,-0.00114456223231,0.999573930234
2018/10/02/14:20:59.785596,13410,1538482859,769643194,/world,vicon/IMUframe/IMUframe,-0.258448927374,0.101475224898,1.69797312216,0.0175916854043,0.0227845084845,-0.0018713879029,0.999583861757
2018/10/02/14:20:59.795233,13411,1538482859,779647579,/world,vicon/IMUframe/IMUframe,-0.268129283353,0.113654224508,1.69689974165,0.0168120366655,0.0227681772018,-0.00227899124961,0.999596804581
2018/10/02/14:20:59.805589,13412,1538482859,789701231,/world,vicon/IMUframe/IMUframe,-0.277818919901,0.125806697952,1.69559620143,0.016230114345,0.0228445350183,-0.00264067978753,0.999603790218
2018/10/02/14:20:59.815530,13413,1538482859,799700877,/world,vicon/IMUframe/IMUframe,-0.287519460043,0.138458742129,1.69429384435,0.015660001293,0.0225231398072,-0.0032518641993,0.999618376138
2018/10/02/14:20:59.825194,13414,1538482859,809681951,/world,vicon/IMUframe/IMUframe,-0.297179308379,0.150741233514,1.6928699915,0.01548397378,0.022752036515,-0.00420503971234,0.999612379391
2018/10/02/14:20:59.835779,13415,1538482859,819653847,/world,vicon/IMUframe/IMUframe,-0.306919674447,0.162915222886,1.69129191092,0.01515405281,0.0232369230057,-0.00503956839681,0.999602422388
2018/10/02/14:20:59.845379,13416,1538482859,829704815,/world,vicon/IMUframe/IMUframe,-0.316685959618,0.17550200124,1.68988903869,0.0144007383822,0.0235976415812,-0.00701553533439,0.999593193409
2018/10/02/14:20:59.855615,13417,1538482859,839658069,/world,vicon/IMUframe/IMUframe,-0.326339834389,0.187661070949,1.68825269261,0.0137404156774,0.0238036830936,-0.00664102345249,0.999600161292
2018/10/02/14:20:59.865264,13418,1538482859,849646090,/world,vicon/IMUframe/IMUframe,-0.336010594557,0.200130798472,1.68657487377,0.0132389190834,0.0236628367753,-0.00725312542727,0.999606019064
2018/10/02/14:20:59.875367,13419,1538482859,859695626,/world,vicon/IMUframe/IMUframe,-0.345634937904,0.212362006219,1.68494135383,0.0127601306233,0.0231238653914,-0.00760979788693,0.999622207082
2018/10/02/14:20:59.885506,13420,1538482859,869657379,/world,vicon/IMUframe/IMUframe,-0.355336366335,0.224669069432,1.68321120239,0.0125608846678,0.0224229034627,-0.0083250990642,0.999634998538
2018/10/02/14:20:59.895694,13421,1538482859,879693505,/world,vicon/IMUframe/IMUframe,-0.364818314423,0.236386912421,1.68136331448,0.0129715953887,0.0209777916451,-0.00934918401036,0.999652070837
2018/10/02/14:20:59.905783,13422,1538482859,889679733,/world,vicon/IMUframe/IMUframe,-0.374301101981,0.248880016549,1.67930313183,0.0114778112073,0.0194536239203,-0.0108873715108,0.999685591328
2018/10/02/14:20:59.915488,13423,1538482859,899705068,/world,vicon/IMUframe/IMUframe,-0.383918094667,0.261496377419,1.67730164581,0.0112139022493,0.0178075939142,-0.0133534367261,0.999689363614
2018/10/02/14:20:59.925545,13424,1538482859,909686151,/world,vicon/IMUframe/IMUframe,-0.393372035995,0.273692212734,1.67532192024,0.0103200932794,0.0157525384626,-0.0153914183636,0.99970418497
2018/10/02/14:20:59.935369,13425,1538482859,919680919,/world,vicon/IMUframe/IMUframe,-0.402422799879,0.285315314147,1.67350622957,0.0100504182131,0.0140228032085,-0.0172496087308,0.999702356245
2018/10/02/14:20:59.945072,13426,1538482859,929666805,/world,vicon/IMUframe/IMUframe,-0.411476370842,0.29722898286,1.67164071369,0.00939800636801,0.0119767262575,-0.0200057907469,0.999683951977
2018/10/02/14:20:59.955186,13427,1538482859,939641044,/world,vicon/IMUframe/IMUframe,-0.420344709494,0.308917563197,1.66991412289,0.00865778363215,0.0104089075057,-0.0230225019833,0.999643267286
2018/10/02/14:20:59.965157,13428,1538482859,949720211,/world,vicon/IMUframe/IMUframe,-0.428804893499,0.320407296912,1.66830227461,0.00807719153482,0.00910647514415,-0.0267932775895,0.999566881886
2018/10/02/14:20:59.975150,13429,1538482859,959704382,/world,vicon/IMUframe/IMUframe,-0.43729329122,0.331509775541,1.6667424439,0.00743971737937,0.00838542327239,-0.0300693376476,0.999484952471
2018/10/02/14:20:59.985080,13430,1538482859,969702772,/world,vicon/IMUframe/IMUframe,-0.445382080568,0.342348522421,1.66534176112,0.00673270325371,0.00781585852272,-0.0342720928822,0.999359298107
2018/10/02/14:20:59.995388,13431,1538482859,979700709,/world,vicon/IMUframe/IMUframe,-0.453127948861,0.352907888737,1.66402884524,0.00596341054661,0.00744209229543,-0.0394706417269,0.999175220589
2018/10/02/14:21:00.005235,13432,1538482859,989702306,/world,vicon/IMUframe/IMUframe,-0.460495989996,0.363216201906,1.66268554031,0.00525618734575,0.00701109157309,-0.0453532889831,0.99893257844
2018/10/02/14:21:00.015197,13433,1538482859,999676768,/world,vicon/IMUframe/IMUframe,-0.467561808542,0.373064190578,1.66141909668,0.0046708380271,0.00686883912938,-0.0512015136268,0.998653797531
2018/10/02/14:21:00.025347,13434,1538482860,9660369,/world,vicon/IMUframe/IMUframe,-0.47431603496,0.382475022238,1.66011436551,0.00424023709592,0.00666567670537,-0.0568113620122,0.99835367395
2018/10/02/14:21:00.035415,13435,1538482860,19712632,/world,vicon/IMUframe/IMUframe,-0.480424734555,0.391548370599,1.65902042196,0.00469616836912,0.00599340643215,-0.0644313744183,0.997893092006
2018/10/02/14:21:00.045372,13436,1538482860,29681528,/world,vicon/IMUframe/IMUframe,-0.486249194197,0.400234944846,1.65800260458,0.00515304795733,0.00530691528472,-0.0720669974979,0.997372363071
2018/10/02/14:21:00.055654,13437,1538482860,39668984,/world,vicon/IMUframe/IMUframe,-0.491567764241,0.408448123687,1.65726930704,0.00503076492006,0.00518914587539,-0.0793041875415,0.996824262349
2018/10/02/14:21:00.065284,13438,1538482860,49686644,/world,vicon/IMUframe/IMUframe,-0.496290734924,0.415845038964,1.65641660659,0.00545969877894,0.00414051007503,-0.087946718074,0.996101612611
2018/10/02/14:21:00.075118,13439,1538482860,59651224,/world,vicon/IMUframe/IMUframe,-0.500373014663,0.422830043351,1.65582710437,0.00551319577326,0.0034748310034,-0.0965310813094,0.995308635833
2018/10/02/14:21:00.085193,13440,1538482860,69674858,/world,vicon/IMUframe/IMUframe,-0.503963763179,0.429557647996,1.65537830883,0.00534793818111,0.00262465902101,-0.105487705573,0.994402762816
2018/10/02/14:21:00.095139,13441,1538482860,79728671,/world,vicon/IMUframe/IMUframe,-0.506493567337,0.435134825479,1.65536906177,0.00471088741649,0.00239673602703,-0.113912504104,0.993476725749
2018/10/02/14:21:00.105522,13442,1538482860,89701528,/world,vicon/IMUframe/IMUframe,-0.508383875607,0.440021334367,1.65573571229,0.00384229551439,0.00283292704139,-0.122219001526,0.992491676013
2018/10/02/14:21:00.115321,13443,1538482860,99714479,/world,vicon/IMUframe/IMUframe,-0.509521402694,0.444109651634,1.65632218969,0.00273975289621,0.00406188893731,-0.130122094109,0.991485872535
2018/10/02/14:21:00.125067,13444,1538482860,109681432,/world,vicon/IMUframe/IMUframe,-0.50994976515,0.447229397919,1.6571855486,0.00123507475012,0.00599005787289,-0.137261624918,0.990515946425
2018/10/02/14:21:00.135289,13445,1538482860,119716908,/world,vicon/IMUframe/IMUframe,-0.509686947435,0.44925439458,1.65829206639,-0.000718773780568,0.00836787922314,-0.143261472194,0.989649237127
2018/10/02/14:21:00.145490,13446,1538482860,129703097,/world,vicon/IMUframe/IMUframe,-0.508597959838,0.450205465167,1.65975139197,-0.00265311210146,0.0113744150521,-0.147737063945,0.988957705676
2018/10/02/14:21:00.155358,13447,1538482860,139711270,/world,vicon/IMUframe/IMUframe,-0.506810453861,0.450421567678,1.66133980331,-0.00461812279435,0.0137300177172,-0.150998410937,0.988427862542
2018/10/02/14:21:00.165505,13448,1538482860,149652484,/world,vicon/IMUframe/IMUframe,-0.504293584366,0.449774922335,1.66302584823,-0.00627418461749,0.0158751430887,-0.152650649782,0.988132781341
2018/10/02/14:21:00.175659,13449,1538482860,159681356,/world,vicon/IMUframe/IMUframe,-0.500981694659,0.448251210185,1.66471503853,-0.00788428370196,0.0173605232955,-0.153452530559,0.98797204979
2018/10/02/14:21:00.185399,13450,1538482860,169698048,/world,vicon/IMUframe/IMUframe,-0.496990570717,0.44568092206,1.66651750759,-0.0096307809902,0.0186724534412,-0.152082726423,0.988144438766
2018/10/02/14:21:00.195473,13451,1538482860,179670017,/world,vicon/IMUframe/IMUframe,-0.492296217118,0.442246318557,1.66835833056,-0.0112852373725,0.0197722060431,-0.148995563783,0.988575755953
2018/10/02/14:21:00.205538,13452,1538482860,189699736,/world,vicon/IMUframe/IMUframe,-0.486876978029,0.437965881595,1.6702768356,-0.012753212865,0.0206963338513,-0.14411508783,0.989262280079
2018/10/02/14:21:00.215456,13453,1538482860,199655480,/world,vicon/IMUframe/IMUframe,-0.480835615675,0.432881748558,1.67222133229,-0.0138164117562,0.0218027611426,-0.137457975391,0.990171223261
2018/10/02/14:21:00.225428,13454,1538482860,209653350,/world,vicon/IMUframe/IMUframe,-0.473978292118,0.426877413896,1.67413312818,-0.0149630498085,0.0226963875506,-0.12915041376,0.991252314882
2018/10/02/14:21:00.235452,13455,1538482860,219683725,/world,vicon/IMUframe/IMUframe,-0.466647214352,0.420040703266,1.6759073711,-0.0153191658139,0.0237281854473,-0.120354341631,0.992329143392
2018/10/02/14:21:00.245716,13456,1538482860,229678388,/world,vicon/IMUframe/IMUframe,-0.45877293178,0.412600782197,1.67765087903,-0.0153529820047,0.0248203545246,-0.110997096283,0.993392108163
2018/10/02/14:21:00.255285,13457,1538482860,239669028,/world,vicon/IMUframe/IMUframe,-0.450277333835,0.404282877429,1.67935185979,-0.0150075292026,0.025829543032,-0.101226428644,0.994414812298
2018/10/02/14:21:00.265186,13458,1538482860,249698365,/world,vicon/IMUframe/IMUframe,-0.441626455209,0.395876392926,1.68087048584,-0.013922195757,0.0267872637488,-0.0919670028773,0.995304317959
2018/10/02/14:21:00.275433,13459,1538482860,259661498,/world,vicon/IMUframe/IMUframe,-0.432444919523,0.386560190375,1.68213183207,-0.0130764329263,0.0280652197578,-0.0830070902426,0.996067855777
2018/10/02/14:21:00.285438,13460,1538482860,269747081,/world,vicon/IMUframe/IMUframe,-0.42283285331,0.376745448227,1.68338422778,-0.0122047409764,0.0292416485139,-0.0739805129435,0.996756165767
2018/10/02/14:21:00.295546,13461,1538482860,279670745,/world,vicon/IMUframe/IMUframe,-0.41264125656,0.3663002252,1.68464268016,-0.0110883014196,0.0301586906844,-0.0654629923751,0.99733750535
2018/10/02/14:21:00.305503,13462,1538482860,289649902,/world,vicon/IMUframe/IMUframe,-0.402162190436,0.355675837657,1.68568917119,-0.00988321142901,0.0312903873734,-0.05695370046,0.997837416513
2018/10/02/14:21:00.315122,13463,1538482860,299671140,/world,vicon/IMUframe/IMUframe,-0.39133222251,0.344723690584,1.68662284006,-0.00844260755075,0.0322724736207,-0.0490503625598,0.998239085468
2018/10/02/14:21:00.325542,13464,1538482860,309718233,/world,vicon/IMUframe/IMUframe,-0.380158156603,0.333481704359,1.68738003449,-0.00697438289915,0.0333509899272,-0.0415744286268,0.998554273106
2018/10/02/14:21:00.335301,13465,1538482860,319761716,/world,vicon/IMUframe/IMUframe,-0.36846431764,0.321912212368,1.68808132014,-0.00576326823599,0.0338934360318,-0.0350110779198,0.998795396543
2018/10/02/14:21:00.345162,13466,1538482860,329720393,/world,vicon/IMUframe/IMUframe,-0.356716287746,0.310250217599,1.68872605392,-0.00471617572127,0.0339899920005,-0.0287616805906,0.998997099025
2018/10/02/14:21:00.355547,13467,1538482860,339706368,/world,vicon/IMUframe/IMUframe,-0.344356806188,0.298153831093,1.68917239173,-0.00412913549072,0.0338605148334,-0.0223274025627,0.999168605827
2018/10/02/14:21:00.365587,13468,1538482860,349719467,/world,vicon/IMUframe/IMUframe,-0.331711136723,0.286002961944,1.68944563457,-0.00390053490516,0.0333369695436,-0.0160469832247,0.999307723686
2018/10/02/14:21:00.375857,13469,1538482860,359718945,/world,vicon/IMUframe/IMUframe,-0.318599651513,0.273447962175,1.68960955126,-0.0033683246891,0.0323066928893,-0.00986882650396,0.999423603007
2018/10/02/14:21:00.385764,13470,1538482860,369721282,/world,vicon/IMUframe/IMUframe,-0.305343626453,0.260953333315,1.68963476248,-0.0025451647159,0.03106028202,-0.00357703068094,0.999507871839
2018/10/02/14:21:00.395325,13471,1538482860,379671239,/world,vicon/IMUframe/IMUframe,-0.291767789612,0.248358954342,1.68953687606,-0.00161441697171,0.0291727156686,0.00196233829148,0.99957115582
2018/10/02/14:21:00.405222,13472,1538482860,389679915,/world,vicon/IMUframe/IMUframe,-0.278010390866,0.235250561485,1.68923640644,0.000636997168666,0.0275146679175,0.00866250349937,0.99958366249
2018/10/02/14:21:00.415303,13473,1538482860,399711697,/world,vicon/IMUframe/IMUframe,-0.263867969524,0.222325745545,1.68897126597,0.00220261415838,0.0257665908917,0.0157936671626,0.999540790244
2018/10/02/14:21:00.425439,13474,1538482860,409663219,/world,vicon/IMUframe/IMUframe,-0.249687538115,0.209191302828,1.68861076621,0.00442811413196,0.0238524449631,0.0223567707373,0.999455665588
2018/10/02/14:21:00.435186,13475,1538482860,419652189,/world,vicon/IMUframe/IMUframe,-0.235474430451,0.19627693191,1.68808450266,0.00717055412732,0.0217620477011,0.0292295276613,0.999310077577
2018/10/02/14:21:00.445149,13476,1538482860,429654087,/world,vicon/IMUframe/IMUframe,-0.221396470042,0.183122732712,1.68746424449,0.0109810666135,0.0194005825564,0.0359568000844,0.999104670242
2018/10/02/14:21:00.455166,13477,1538482860,439742224,/world,vicon/IMUframe/IMUframe,-0.207268395323,0.170321328905,1.68708913125,0.0144671042652,0.0168840361264,0.0435539695158,0.998803626324
2018/10/02/14:21:00.465181,13478,1538482860,449758401,/world,vicon/IMUframe/IMUframe,-0.193614099725,0.157875450079,1.68643804718,0.0189128611396,0.01426612246,0.0482725754158,0.998553223367
2018/10/02/14:21:00.475045,13479,1538482860,459756499,/world,vicon/IMUframe/IMUframe,-0.180047006033,0.145655091475,1.68584976167,0.0226501052521,0.0116663647271,0.0517792475706,0.998333500483
2018/10/02/14:21:00.485173,13480,1538482860,469721582,/world,vicon/IMUframe/IMUframe,-0.166770689425,0.133787287822,1.68533116864,0.0251099680773,0.00965613101616,0.0542589086516,0.998164425067
2018/10/02/14:21:00.495506,13481,1538482860,479762047,/world,vicon/IMUframe/IMUframe,-0.153543201065,0.122078966097,1.68483879235,0.0259730199982,0.00868976318801,0.0560390753433,0.998052860465
2018/10/02/14:21:00.505453,13482,1538482860,489761558,/world,vicon/IMUframe/IMUframe,-0.140956839978,0.110748707966,1.68426580966,0.0273016272023,0.00766688690929,0.0561629261588,0.998018820325
2018/10/02/14:21:00.515408,13483,1538482860,499669958,/world,vicon/IMUframe/IMUframe,-0.128695235042,0.0995937795579,1.68365096846,0.0284942182544,0.0069349947317,0.0557339456535,0.998014885999
2018/10/02/14:21:00.525878,13484,1538482860,509672657,/world,vicon/IMUframe/IMUframe,-0.116648249152,0.0886547204355,1.68316681901,0.0299058105436,0.00629013812066,0.05429603582,0.998057121187
2018/10/02/14:21:00.535475,13485,1538482860,519672998,/world,vicon/IMUframe/IMUframe,-0.104995769298,0.077660855022,1.68227444395,0.0325222248676,0.0062577976124,0.0520619332972,0.998094534581
2018/10/02/14:21:00.545619,13486,1538482860,529704200,/world,vicon/IMUframe/IMUframe,-0.0938379360131,0.0676039955781,1.68125086803,0.0335286629412,0.00570459942822,0.0493703561413,0.998201309477
2018/10/02/14:21:00.555394,13487,1538482860,539694641,/world,vicon/IMUframe/IMUframe,-0.0828680360793,0.0577903436713,1.68014283768,0.0349204452477,0.00538007127732,0.046477909577,0.998294255847
2018/10/02/14:21:00.565232,13488,1538482860,549667456,/world,vicon/IMUframe/IMUframe,-0.0723089062091,0.0482470498882,1.67904946789,0.0369200588663,0.00441435931321,0.0441247863431,0.998333824888
2018/10/02/14:21:00.575520,13489,1538482860,559657809,/world,vicon/IMUframe/IMUframe,-0.0622320114573,0.0389032970941,1.67789227285,0.0387008251864,0.0032470477929,0.0414749875957,0.998384459121
2018/10/02/14:21:00.585304,13490,1538482860,569680031,/world,vicon/IMUframe/IMUframe,-0.0523629634761,0.0296431899755,1.67679255503,0.0403791568877,0.00165443449366,0.0405139721167,0.998361359728
2018/10/02/14:21:00.595129,13491,1538482860,579652325,/world,vicon/IMUframe/IMUframe,-0.0428501774894,0.0205726167852,1.67562825661,0.0417143968069,0.000132250557721,0.039802387831,0.998336447062
2018/10/02/14:21:00.605337,13492,1538482860,589657572,/world,vicon/IMUframe/IMUframe,-0.0339568966585,0.0119981062273,1.67450294742,0.0440189992209,-0.00169626323079,0.0388101834845,0.998275122427
2018/10/02/14:21:00.615182,13493,1538482860,599759206,/world,vicon/IMUframe/IMUframe,-0.025519597871,0.00362518316909,1.67343258273,0.0460823570168,-0.00341530849916,0.0379842250735,0.998209372169
2018/10/02/14:21:00.625178,13494,1538482860,609727541,/world,vicon/IMUframe/IMUframe,-0.0174248253303,-0.00431910804218,1.67241368605,0.0483275460843,-0.00505196001797,0.0368969694854,0.998137034496
2018/10/02/14:21:00.635197,13495,1538482860,619694330,/world,vicon/IMUframe/IMUframe,-0.0098443649043,-0.0120296589797,1.67156077963,0.0503735159218,-0.0067275852566,0.0359955399582,0.998058900864
2018/10/02/14:21:00.645234,13496,1538482860,629673842,/world,vicon/IMUframe/IMUframe,-0.00232117847184,-0.0195697477619,1.67069033642,0.0525617842102,-0.00741552731872,0.0346563892233,0.997988578833
2018/10/02/14:21:00.655083,13497,1538482860,639713122,/world,vicon/IMUframe/IMUframe,0.00452599176493,-0.0266583067012,1.67002752987,0.0544667375845,-0.00885002149069,0.0331406684587,0.997926223581
2018/10/02/14:21:00.665219,13498,1538482860,649667816,/world,vicon/IMUframe/IMUframe,0.0110963499258,-0.0335056400856,1.66952691659,0.056001691885,-0.00955157771754,0.0316027282627,0.99788468544
2018/10/02/14:21:00.675373,13499,1538482860,659763789,/world,vicon/IMUframe/IMUframe,0.0174206061092,-0.0400160313555,1.66928570124,0.0574007668471,-0.00967313450167,0.0297015829383,0.997862414567
2018/10/02/14:21:00.685611,13500,1538482860,669779480,/world,vicon/IMUframe/IMUframe,0.0232885035076,-0.0462380162269,1.66911893831,0.0583937690826,-0.00891297866082,0.0278741545768,0.997864599057
2018/10/02/14:21:00.695551,13501,1538482860,679663113,/world,vicon/IMUframe/IMUframe,0.0288961328393,-0.0521086542062,1.66889808157,0.0589653291473,-0.00776671894693,0.0259640246635,0.997892097102
2018/10/02/14:21:00.705421,13502,1538482860,689672422,/world,vicon/IMUframe/IMUframe,0.0340673131,-0.057657657044,1.66882231363,0.0594691057636,-0.00549270171726,0.0242563751766,0.997920279356
2018/10/02/14:21:00.715590,13503,1538482860,699702126,/world,vicon/IMUframe/IMUframe,0.0386514862018,-0.0627559454952,1.66879044147,0.0606892306396,-0.00343691934842,0.0224906925992,0.997897376295
2018/10/02/14:21:00.725438,13504,1538482860,709721419,/world,vicon/IMUframe/IMUframe,0.0428164472224,-0.0674797744966,1.66887907877,0.0623293914604,-0.00111064579181,0.0204486357946,0.997845512452
2018/10/02/14:21:00.735260,13505,1538482860,719703462,/world,vicon/IMUframe/IMUframe,0.0465587201009,-0.0715158146485,1.6689985654,0.0641870808231,0.00137292515473,0.018436103056,0.997766627943
2018/10/02/14:21:00.745383,13506,1538482860,729653872,/world,vicon/IMUframe/IMUframe,0.0500621434788,-0.0752685856464,1.66925499188,0.0664019609442,0.00481358779235,0.0168150263847,0.997639646287
2018/10/02/14:21:00.755383,13507,1538482860,739720765,/world,vicon/IMUframe/IMUframe,0.0528239782322,-0.0782985890642,1.66944754103,0.0689870406294,0.00845045571512,0.0153935382441,0.997462990293
2018/10/02/14:21:00.766058,13508,1538482860,749719204,/world,vicon/IMUframe/IMUframe,0.0550717474976,-0.0808162600424,1.67015551659,0.0714476182598,0.0139641980974,0.0149865008677,0.997233996516
2018/10/02/14:21:00.775536,13509,1538482860,759727490,/world,vicon/IMUframe/IMUframe,0.0568994392988,-0.0826445336625,1.67067579555,0.0738102875965,0.0174952245506,0.0147011594176,0.997010448528
2018/10/02/14:21:00.785559,13510,1538482860,769720938,/world,vicon/IMUframe/IMUframe,0.0582418493852,-0.0838897489732,1.67138137836,0.0758267270875,0.0207612564772,0.0151879006963,0.996789147895
2018/10/02/14:21:00.795501,13511,1538482860,779727301,/world,vicon/IMUframe/IMUframe,0.0588730844998,-0.0843675178708,1.67222952786,0.0773673925279,0.0233199382321,0.0164799891802,0.996593636851
2018/10/02/14:21:00.805710,13512,1538482860,789681809,/world,vicon/IMUframe/IMUframe,0.0591022788701,-0.0841586000625,1.67313667656,0.0779150329508,0.0251182951451,0.0180161546153,0.996480675709
2018/10/02/14:21:00.815129,13513,1538482860,799730320,/world,vicon/IMUframe/IMUframe,0.0586590705848,-0.0831381675804,1.67414979982,0.0776321461772,0.0262120740032,0.0199652502936,0.996437436991
2018/10/02/14:21:00.825448,13514,1538482860,809657613,/world,vicon/IMUframe/IMUframe,0.0575812845538,-0.0814435554738,1.67519489235,0.0763705783064,0.0267697922731,0.0223057563004,0.996470454267
2018/10/02/14:21:00.835248,13515,1538482860,819780046,/world,vicon/IMUframe/IMUframe,0.0561011977134,-0.0791211629258,1.67607787978,0.0742460211578,0.0259920613152,0.0244321631668,0.996601731131
2018/10/02/14:21:00.845182,13516,1538482860,829658557,/world,vicon/IMUframe/IMUframe,0.053990688053,-0.0761113037322,1.67709705565,0.0716717733676,0.0254092628683,0.0263227665553,0.996757060784
2018/10/02/14:21:00.855232,13517,1538482860,839695544,/world,vicon/IMUframe/IMUframe,0.0513623821852,-0.0724525943473,1.67802407717,0.0685495715269,0.0243555148076,0.0279752833221,0.99695794729
2018/10/02/14:21:00.865452,13518,1538482860,849813164,/world,vicon/IMUframe/IMUframe,0.0482619225516,-0.0680910968406,1.6789855173,0.0654463919638,0.0233750011817,0.0301676513249,0.997126016064
2018/10/02/14:21:00.875293,13519,1538482860,859655177,/world,vicon/IMUframe/IMUframe,0.0447412834059,-0.0634722974787,1.68006370968,0.0626619925752,0.0224796376279,0.0327540471643,0.997243858328
2018/10/02/14:21:00.885354,13520,1538482860,869658756,/world,vicon/IMUframe/IMUframe,0.0407118614395,-0.0581598717074,1.68106876487,0.0594182501738,0.0217456507825,0.0356329439344,0.997359960859
2018/10/02/14:21:00.895106,13521,1538482860,879715039,/world,vicon/IMUframe/IMUframe,0.036143999787,-0.0524841131712,1.68216311492,0.055964953153,0.0216370553215,0.0393921213054,0.997420684884
2018/10/02/14:21:00.905227,13522,1538482860,889660422,/world,vicon/IMUframe/IMUframe,0.0311436495498,-0.0461564880211,1.68315147805,0.0522964419261,0.0219652444598,0.0433650690782,0.997447783586
2018/10/02/14:21:00.915224,13523,1538482860,899767466,/world,vicon/IMUframe/IMUframe,0.025533072697,-0.039595937768,1.68403352076,0.0491042480297,0.0221200599513,0.0481635481264,0.997386458904
2018/10/02/14:21:00.925594,13524,1538482860,909713056,/world,vicon/IMUframe/IMUframe,0.0191992027236,-0.0325391672317,1.68465501274,0.0465773543019,0.0220223249456,0.0527391039191,0.997278373469
2018/10/02/14:21:00.935313,13525,1538482860,919689767,/world,vicon/IMUframe/IMUframe,0.0125430133373,-0.0252214803763,1.68516463535,0.0442117516204,0.021663698259,0.0573671412072,0.997138413815
2018/10/02/14:21:00.945483,13526,1538482860,929658617,/world,vicon/IMUframe/IMUframe,0.00541979019725,-0.0177551443402,1.68554705485,0.0421620991811,0.0214213212353,0.0624763506156,0.996925368321
2018/10/02/14:21:00.955215,13527,1538482860,939748965,/world,vicon/IMUframe/IMUframe,-0.00244026682151,-0.00936342249868,1.68548452904,0.0409007829758,0.0200033643976,0.0657753554305,0.996795161496
2018/10/02/14:21:00.965161,13528,1538482860,949645872,/world,vicon/IMUframe/IMUframe,-0.0106912292776,-0.000652514652436,1.68523721804,0.0402198624754,0.0188540599998,0.0693054755632,0.996606059655
2018/10/02/14:21:00.975312,13529,1538482860,959775120,/world,vicon/IMUframe/IMUframe,-0.0191505318762,0.00861579571355,1.68482659903,0.0398754858005,0.0186329105278,0.0722232007102,0.996416865351
2018/10/02/14:21:00.985220,13530,1538482860,969765368,/world,vicon/IMUframe/IMUframe,-0.0279147681634,0.0180727770903,1.68447600319,0.0395146669232,0.0191342684932,0.0754173396353,0.996185071033
2018/10/02/14:21:00.995596,13531,1538482860,979718784,/world,vicon/IMUframe/IMUframe,-0.0370750358169,0.0282789024934,1.6840195589,0.0390523938337,0.0197737797756,0.0780540288878,0.995987689052
2018/10/02/14:21:01.005438,13532,1538482860,989726835,/world,vicon/IMUframe/IMUframe,-0.0463407279305,0.0386013240186,1.68357791335,0.0378527248468,0.0208069808958,0.0801325228694,0.995847889763
2018/10/02/14:21:01.015568,13533,1538482860,999707942,/world,vicon/IMUframe/IMUframe,-0.0560640554484,0.04917298093,1.68304601696,0.0360711957314,0.0224607181191,0.0826733223516,0.995670380574
2018/10/02/14:21:01.025596,13534,1538482861,9676528,/world,vicon/IMUframe/IMUframe,-0.0659908713175,0.0602722746279,1.68262673063,0.0340492782556,0.0241183395615,0.0847550269527,0.995527768449
2018/10/02/14:21:01.035586,13535,1538482861,19702788,/world,vicon/IMUframe/IMUframe,-0.0760704579171,0.0716392575239,1.68212252196,0.0326707573698,0.0257781168787,0.0874578916586,0.995298561985
2018/10/02/14:21:01.045617,13536,1538482861,29660747,/world,vicon/IMUframe/IMUframe,-0.0866189170191,0.0839997840406,1.68164569995,0.02972227099,0.027773472906,0.0891698160564,0.995185392133
2018/10/02/14:21:01.055431,13537,1538482861,39677542,/world,vicon/IMUframe/IMUframe,-0.0970729918297,0.09573276198,1.68131184058,0.0273656960683,0.0301040724426,0.0920888655372,0.994919345648
2018/10/02/14:21:01.065370,13538,1538482861,49660161,/world,vicon/IMUframe/IMUframe,-0.108120073464,0.108405134247,1.68063866302,0.0242831814664,0.0322874652756,0.0941180884992,0.994740987444
2018/10/02/14:21:01.075457,13539,1538482861,59676817,/world,vicon/IMUframe/IMUframe,-0.119434959711,0.121155019927,1.67998395894,0.0213941051317,0.0343161200699,0.0947539364527,0.994679037527
2018/10/02/14:21:01.085355,13540,1538482861,69658632,/world,vicon/IMUframe/IMUframe,-0.130990141902,0.134473998674,1.67920912804,0.0165162323272,0.0363497540028,0.0949757742946,0.994678597212
2018/10/02/14:21:01.095486,13541,1538482861,79661121,/world,vicon/IMUframe/IMUframe,-0.142782809133,0.147382149721,1.67835643553,0.0124737227863,0.0373841309833,0.0937508647467,0.994815363949
2018/10/02/14:21:01.105601,13542,1538482861,89676708,/world,vicon/IMUframe/IMUframe,-0.155063631685,0.160884178903,1.67753659899,0.00802243778923,0.0376778084959,0.0919594715618,0.995017325894
2018/10/02/14:21:01.115817,13543,1538482861,99661797,/world,vicon/IMUframe/IMUframe,-0.167180250748,0.174044551869,1.67654383045,0.00419393984856,0.0377554625463,0.0896860062252,0.995245374872
2018/10/02/14:21:01.125459,13544,1538482861,109663550,/world,vicon/IMUframe/IMUframe,-0.179459897074,0.187135941044,1.6755165359,0.00158022390831,0.0374328180256,0.0865234409296,0.995545067386
2018/10/02/14:21:01.135480,13545,1538482861,119682107,/world,vicon/IMUframe/IMUframe,-0.191704980069,0.200332310557,1.6743103816,-0.00124460840107,0.0369679705141,0.08313520738,0.995851573981
2018/10/02/14:21:01.145438,13546,1538482861,129664411,/world,vicon/IMUframe/IMUframe,-0.204158667619,0.213733581693,1.67317988286,-0.00362308213902,0.037103916701,0.080170175805,0.996083789424
2018/10/02/14:21:01.155204,13547,1538482861,139659887,/world,vicon/IMUframe/IMUframe,-0.21640009879,0.226939354266,1.6719444814,-0.00588168736296,0.0375907879853,0.0767750480675,0.996322202105
2018/10/02/14:21:01.165171,13548,1538482861,149658830,/world,vicon/IMUframe/IMUframe,-0.228753832455,0.240295363548,1.67066454366,-0.00835260662788,0.0386779527481,0.0740205340932,0.996471379652
2018/10/02/14:21:01.175483,13549,1538482861,159747729,/world,vicon/IMUframe/IMUframe,-0.240999419504,0.253142959861,1.66950382395,-0.00928356931574,0.0388876704741,0.0714129756527,0.996645248488
2018/10/02/14:21:01.185239,13550,1538482861,169755041,/world,vicon/IMUframe/IMUframe,-0.253608792783,0.266268138627,1.66803239763,-0.00884479039082,0.0389433499839,0.0680366247746,0.996883244349
2018/10/02/14:21:01.195458,13551,1538482861,179691375,/world,vicon/IMUframe/IMUframe,-0.265934007233,0.279188409409,1.66667925527,-0.00907398700677,0.0383159412767,0.0660633058538,0.99703820941
2018/10/02/14:21:01.205534,13552,1538482861,189721243,/world,vicon/IMUframe/IMUframe,-0.278248860197,0.291935563017,1.6653831619,-0.00859178583633,0.0368425919137,0.0638729703827,0.997240717325
2018/10/02/14:21:01.215508,13553,1538482861,199679099,/world,vicon/IMUframe/IMUframe,-0.290732885636,0.30474716734,1.6639221546,-0.00804632192861,0.0348132268977,0.0611780803239,0.997487111909
2018/10/02/14:21:01.225521,13554,1538482861,209679732,/world,vicon/IMUframe/IMUframe,-0.303036160459,0.317394539522,1.66242489388,-0.00661766900606,0.0321945925491,0.0587703702706,0.997730303361
2018/10/02/14:21:01.235469,13555,1538482861,219681738,/world,vicon/IMUframe/IMUframe,-0.315123914893,0.329911930742,1.66079535501,-0.00628600876518,0.0286756708077,0.056633271755,0.997963358309
2018/10/02/14:21:01.245379,13556,1538482861,229679839,/world,vicon/IMUframe/IMUframe,-0.327359673819,0.342537189543,1.65904986076,-0.00604708451042,0.0253719653422,0.0541659027394,0.998191239755
2018/10/02/14:21:01.255478,13557,1538482861,239662124,/world,vicon/IMUframe/IMUframe,-0.339293420354,0.355030714241,1.65738350279,-0.00518357002767,0.0213069205215,0.0514853628764,0.998432973789
2018/10/02/14:21:01.265132,13558,1538482861,249691746,/world,vicon/IMUframe/IMUframe,-0.35116127978,0.367431759638,1.6557551743,-0.00450226965469,0.0177857627477,0.0490472985336,0.998627938082
2018/10/02/14:21:01.275100,13559,1538482861,259677036,/world,vicon/IMUframe/IMUframe,-0.362605160405,0.379776384586,1.65428129892,-0.00315387714304,0.0138111232885,0.0459350731084,0.998843969292
2018/10/02/14:21:01.285509,13560,1538482861,269786813,/world,vicon/IMUframe/IMUframe,-0.373900002096,0.391573544649,1.6526001374,-0.00282756951466,0.0106003653838,0.0424281651102,0.999039282466
2018/10/02/14:21:01.295545,13561,1538482861,279784919,/world,vicon/IMUframe/IMUframe,-0.384840956324,0.403189560963,1.65113573028,-0.00167609709143,0.00779097871873,0.0383224622628,0.999233646469
2018/10/02/14:21:01.305508,13562,1538482861,289688911,/world,vicon/IMUframe/IMUframe,-0.395725484823,0.414664269969,1.64966803959,-0.000590009421849,0.00559380682345,0.0339450877863,0.999407870806
2018/10/02/14:21:01.315384,13563,1538482861,299663921,/world,vicon/IMUframe/IMUframe,-0.406227704881,0.425799289986,1.648262424,0.000983720225341,0.00340799634307,0.028585587785,0.999585054924
2018/10/02/14:21:01.325397,13564,1538482861,309663172,/world,vicon/IMUframe/IMUframe,-0.416444253432,0.436351503088,1.64680397973,0.00248790013405,0.00141699007495,0.021713322213,0.999760138298
2018/10/02/14:21:01.335271,13565,1538482861,319665157,/world,vicon/IMUframe/IMUframe,-0.426428164577,0.446990379405,1.64542413004,0.00454902435026,-0.000609355977558,0.0139103406588,0.999892712988
2018/10/02/14:21:01.345560,13566,1538482861,329708716,/world,vicon/IMUframe/IMUframe,-0.435901422994,0.457175680188,1.64395117367,0.00680605400369,-0.00276310409449,0.00600469655346,0.999954992239
2018/10/02/14:21:01.355427,13567,1538482861,339693195,/world,vicon/IMUframe/IMUframe,-0.444976640873,0.466941771403,1.64247700636,0.00881721158088,-0.00501085317047,-0.00301726706412,0.999944020548
2018/10/02/14:21:01.365600,13568,1538482861,349700062,/world,vicon/IMUframe/IMUframe,-0.453591801233,0.476520458544,1.64108652441,0.010372744092,-0.00710187174104,-0.0125480061299,0.999842246127
2018/10/02/14:21:01.375497,13569,1538482861,359648908,/world,vicon/IMUframe/IMUframe,-0.461749503715,0.485577735288,1.63984967639,0.0116967445181,-0.00855436705655,-0.0224906572052,0.999642025582
2018/10/02/14:21:01.385410,13570,1538482861,369661317,/world,vicon/IMUframe/IMUframe,-0.469075743717,0.494643022039,1.63871091593,0.0128538778594,-0.0107094614124,-0.034092025792,0.999278649345
2018/10/02/14:21:01.395431,13571,1538482861,379665989,/world,vicon/IMUframe/IMUframe,-0.475765495976,0.502655032206,1.6378680924,0.0130759055551,-0.0116663456506,-0.0439976145649,0.998877933977
2018/10/02/14:21:01.405476,13572,1538482861,389665145,/world,vicon/IMUframe/IMUframe,-0.48199944747,0.510473862766,1.63726487935,0.0124527179496,-0.0121406319498,-0.0549059819795,0.998340056301
2018/10/02/14:21:01.415434,13573,1538482861,399663718,/world,vicon/IMUframe/IMUframe,-0.487544106793,0.51762565936,1.63689661104,0.0110172693556,-0.0120341213179,-0.0654242801225,0.99772414187
2018/10/02/14:21:01.425418,13574,1538482861,409667483,/world,vicon/IMUframe/IMUframe,-0.492460884505,0.524204585403,1.63666841145,0.00919925858994,-0.0117805006076,-0.075707790706,0.997018015822
2018/10/02/14:21:01.435504,13575,1538482861,419660807,/world,vicon/IMUframe/IMUframe,-0.496629165861,0.530040306724,1.63654032696,0.0074936226508,-0.0111819313676,-0.0847366620377,0.996312455075
2018/10/02/14:21:01.445550,13576,1538482861,429665125,/world,vicon/IMUframe/IMUframe,-0.500444111657,0.535407869328,1.63659181248,0.00646130620558,-0.0101312900691,-0.0926790831089,0.995623521236
2018/10/02/14:21:01.455839,13577,1538482861,439662724,/world,vicon/IMUframe/IMUframe,-0.503351912067,0.540020174851,1.63660418702,0.00571720762276,-0.0090243303213,-0.0996970858842,0.994960484675
2018/10/02/14:21:01.465595,13578,1538482861,449679033,/world,vicon/IMUframe/IMUframe,-0.505879920651,0.544234716668,1.63667849687,0.00563574109234,-0.00775673163391,-0.105700829471,0.994351751739
2018/10/02/14:21:01.475512,13579,1538482861,459691592,/world,vicon/IMUframe/IMUframe,-0.507777963893,0.547668350092,1.63681387428,0.00555886927372,-0.00666706398224,-0.110402648836,0.993849034995
2018/10/02/14:21:01.485639,13580,1538482861,469729171,/world,vicon/IMUframe/IMUframe,-0.509178055352,0.550558704984,1.63699768185,0.00557873742642,-0.0056255808845,-0.113961862978,0.993453534049
2018/10/02/14:21:01.495686,13581,1538482861,479676687,/world,vicon/IMUframe/IMUframe,-0.510018736129,0.552618675241,1.63735358963,0.00536783484048,-0.0052539477206,-0.116560116836,0.993155235371
2018/10/02/14:21:01.505707,13582,1538482861,489697291,/world,vicon/IMUframe/IMUframe,-0.510395432837,0.554092979613,1.63778766506,0.00489156431191,-0.00494615858608,-0.118383869767,0.992943536911
2018/10/02/14:21:01.515730,13583,1538482861,499743398,/world,vicon/IMUframe/IMUframe,-0.510267159394,0.554977186532,1.63834283771,0.00367191003187,-0.00488867675966,-0.119493210206,0.992816191765
2018/10/02/14:21:01.525802,13584,1538482861,509732732,/world,vicon/IMUframe/IMUframe,-0.509721346707,0.555161801804,1.63892262233,0.00166878470476,-0.0050579636019,-0.120001912184,0.992759373279
2018/10/02/14:21:01.535856,13585,1538482861,519733244,/world,vicon/IMUframe/IMUframe,-0.508630645221,0.554805466624,1.63964185245,-0.000708502383347,-0.00530810022425,-0.119874899325,0.992774561826
2018/10/02/14:21:01.545996,13586,1538482861,529713540,/world,vicon/IMUframe/IMUframe,-0.506923618607,0.553646343705,1.6405706299,-0.00330758888061,-0.00536721954928,-0.119217642911,0.992848128582
2018/10/02/14:21:01.555839,13587,1538482861,539722245,/world,vicon/IMUframe/IMUframe,-0.504776769292,0.551895767163,1.64151233552,-0.00624075087228,-0.00524248936177,-0.117659478675,0.993020551858
2018/10/02/14:21:01.565683,13588,1538482861,549699849,/world,vicon/IMUframe/IMUframe,-0.502105105164,0.549563494766,1.64257736254,-0.0089717785894,-0.00491361223425,-0.115290644226,0.993279130435
2018/10/02/14:21:01.575487,13589,1538482861,559678669,/world,vicon/IMUframe/IMUframe,-0.498834216071,0.546395284291,1.64354800517,-0.0116378283516,-0.00458584667664,-0.112232151678,0.993603278523
2018/10/02/14:21:01.585479,13590,1538482861,569702620,/world,vicon/IMUframe/IMUframe,-0.495389275855,0.542864162088,1.64459015246,-0.0135954396538,-0.00374360013237,-0.108698530299,0.993974737601
2018/10/02/14:21:01.595460,13591,1538482861,579702553,/world,vicon/IMUframe/IMUframe,-0.491240177904,0.53846042473,1.64559573665,-0.0149149579225,-0.00296514899562,-0.10491190062,0.994365247296
2018/10/02/14:21:01.605620,13592,1538482861,589669984,/world,vicon/IMUframe/IMUframe,-0.486840774464,0.533651867711,1.6466740777,-0.0154517676695,-0.00173875914862,-0.10082904448,0.994782249229
2018/10/02/14:21:01.615476,13593,1538482861,599681999,/world,vicon/IMUframe/IMUframe,-0.482114684013,0.528395771351,1.64778885685,-0.0151854391993,-0.000184076053002,-0.0969481146663,0.995173568587
2018/10/02/14:21:01.625162,13594,1538482861,609663617,/world,vicon/IMUframe/IMUframe,-0.477031935716,0.52284835397,1.64890634211,-0.015033609232,0.00187579528209,-0.0929201117738,0.995558298049
2018/10/02/14:21:01.635112,13595,1538482861,619657819,/world,vicon/IMUframe/IMUframe,-0.471620473257,0.51670322053,1.65021081902,-0.0141593265302,0.00444187070378,-0.0885425024889,0.995961850931
2018/10/02/14:21:01.645200,13596,1538482861,629764751,/world,vicon/IMUframe/IMUframe,-0.465534390669,0.51005834246,1.65140253517,-0.0137753822107,0.00565248442853,-0.0848264766467,0.996284476003
2018/10/02/14:21:01.655234,13597,1538482861,639721401,/world,vicon/IMUframe/IMUframe,-0.459618952598,0.503273503498,1.65265698849,-0.0138334571268,0.00775472477059,-0.079756983352,0.996688177573
2018/10/02/14:21:01.665597,13598,1538482861,649717172,/world,vicon/IMUframe/IMUframe,-0.453177711188,0.496303267571,1.65398488959,-0.0139492216738,0.00944615757486,-0.0755091112377,0.997002790087
2018/10/02/14:21:01.675415,13599,1538482861,659723344,/world,vicon/IMUframe/IMUframe,-0.446550607222,0.488960991575,1.65540454838,-0.0147340968627,0.0110906199741,-0.0699424538614,0.997380548079
2018/10/02/14:21:01.685601,13600,1538482861,669700273,/world,vicon/IMUframe/IMUframe,-0.439489568372,0.481272192174,1.65684739721,-0.0154880257476,0.012225765909,-0.0643775093524,0.997730518725
2018/10/02/14:21:01.695399,13601,1538482861,679711200,/world,vicon/IMUframe/IMUframe,-0.432360178624,0.473586529335,1.65826508104,-0.0167393613266,0.0134330739696,-0.0587342207223,0.998042903698
2018/10/02/14:21:01.705659,13602,1538482861,689700703,/world,vicon/IMUframe/IMUframe,-0.424917110042,0.46541378145,1.6597499827,-0.0186479674814,0.0146646898401,-0.051800976489,0.998375610187
2018/10/02/14:21:01.715470,13603,1538482861,699667019,/world,vicon/IMUframe/IMUframe,-0.417304542437,0.457290288863,1.66120760438,-0.020111610565,0.0157958859999,-0.0456892604436,0.998628311528
2018/10/02/14:21:01.725466,13604,1538482861,709671085,/world,vicon/IMUframe/IMUframe,-0.409534320971,0.448914229941,1.66273746357,-0.0209999527429,0.0168861599084,-0.0401157717065,0.998831609656
2018/10/02/14:21:01.735392,13605,1538482861,719692360,/world,vicon/IMUframe/IMUframe,-0.402165587478,0.44074004032,1.66423103099,-0.0217339448774,0.018455835087,-0.0346820244531,0.998991579029
2018/10/02/14:21:01.745210,13606,1538482861,729682538,/world,vicon/IMUframe/IMUframe,-0.394141301874,0.432102239893,1.66565374111,-0.0224123560734,0.0195546104188,-0.0302066121909,0.999101027968
2018/10/02/14:21:01.755399,13607,1538482861,739680257,/world,vicon/IMUframe/IMUframe,-0.386583665378,0.423171082418,1.6671336554,-0.0234919872987,0.0203159774076,-0.0248568902258,0.999208448024
2018/10/02/14:21:01.765620,13608,1538482861,749667336,/world,vicon/IMUframe/IMUframe,-0.378991369733,0.413915851192,1.66847352048,-0.0248409576769,0.0205741327922,-0.0189405641901,0.999300198594
2018/10/02/14:21:01.775561,13609,1538482861,759700449,/world,vicon/IMUframe/IMUframe,-0.371458616469,0.404902774366,1.66964486955,-0.0255729272608,0.0202203721638,-0.0137936525314,0.999373252139
2018/10/02/14:21:01.785634,13610,1538482861,769683157,/world,vicon/IMUframe/IMUframe,-0.364239857422,0.395931812935,1.67059213536,-0.0260735250999,0.0195190859554,-0.00841730409285,0.999434002606
2018/10/02/14:21:01.795686,13611,1538482861,779687031,/world,vicon/IMUframe/IMUframe,-0.356710481099,0.386696847187,1.67159567756,-0.0258164829733,0.0180703433429,-0.00364209345352,0.999496726885
2018/10/02/14:21:01.805652,13612,1538482861,789689279,/world,vicon/IMUframe/IMUframe,-0.349806390599,0.37801053836,1.67253510724,-0.0248529838389,0.016666395135,0.0012489342315,0.999551399694
2018/10/02/14:21:01.815373,13613,1538482861,799689155,/world,vicon/IMUframe/IMUframe,-0.342918593685,0.369058748703,1.67320041361,-0.0241842764676,0.0159307952636,0.0054679832285,0.999565621504
2018/10/02/14:21:01.825372,13614,1538482861,809714862,/world,vicon/IMUframe/IMUframe,-0.336273886171,0.360083516882,1.67387585194,-0.0232099731959,0.0147581361783,0.0093792868,0.99957767259
2018/10/02/14:21:01.835662,13615,1538482861,819691099,/world,vicon/IMUframe/IMUframe,-0.330020500303,0.350978398568,1.67449455242,-0.0224980841642,0.0141230472475,0.0129484887128,0.999563260822
2018/10/02/14:21:01.845545,13616,1538482861,829685191,/world,vicon/IMUframe/IMUframe,-0.324013496309,0.342343596997,1.67500148887,-0.0219645957503,0.013353811086,0.0167435258156,0.999529332539
2018/10/02/14:21:01.855095,13617,1538482861,839672361,/world,vicon/IMUframe/IMUframe,-0.318321597866,0.333853353906,1.67534842111,-0.0217989432035,0.0123129139884,0.0198567823696,0.999489322814
2018/10/02/14:21:01.865263,13618,1538482861,849649468,/world,vicon/IMUframe/IMUframe,-0.313014122039,0.325685105426,1.67546607634,-0.0216590476051,0.0110977653956,0.0226630827066,0.999446902012
2018/10/02/14:21:01.875583,13619,1538482861,859784775,/world,vicon/IMUframe/IMUframe,-0.308024621845,0.317815434861,1.67554641916,-0.0207850246757,0.00932609484592,0.0251803959667,0.999423310896
2018/10/02/14:21:01.885973,13620,1538482861,869672727,/world,vicon/IMUframe/IMUframe,-0.303367069912,0.310091156582,1.67532158698,-0.0189155961475,0.0076604945404,0.0271972292853,0.999421746694
2018/10/02/14:21:01.895835,13621,1538482861,879682808,/world,vicon/IMUframe/IMUframe,-0.298998277405,0.302507867898,1.67495817023,-0.0173061520894,0.00499608700045,0.0281046797506,0.99944267629
2018/10/02/14:21:01.905912,13622,1538482861,889713647,/world,vicon/IMUframe/IMUframe,-0.294737518563,0.295123273145,1.67456146968,-0.0156031569499,0.0023956600864,0.0299047531899,0.999428090481
2018/10/02/14:21:01.915485,13623,1538482861,899712271,/world,vicon/IMUframe/IMUframe,-0.291206685593,0.288103622774,1.67391487335,-0.0140301041586,-0.000450429229981,0.0295877862163,0.999463614244
2018/10/02/14:21:01.925639,13624,1538482861,909719915,/world,vicon/IMUframe/IMUframe,-0.287790257557,0.281642105903,1.6732777595,-0.0129909442156,-0.00306056574691,0.0291654203798,0.99948549092
2018/10/02/14:21:01.935798,13625,1538482861,919687416,/world,vicon/IMUframe/IMUframe,-0.284339356369,0.275035071836,1.67255750771,-0.0123874130055,-0.00567246373991,0.0290577671918,0.999484877985
2018/10/02/14:21:01.945607,13626,1538482861,929667483,/world,vicon/IMUframe/IMUframe,-0.280994437706,0.268660573298,1.67181940253,-0.0115444906688,-0.0079401110821,0.0286275865756,0.999491941267
2018/10/02/14:21:01.955612,13627,1538482861,939712518,/world,vicon/IMUframe/IMUframe,-0.277976843831,0.262901792894,1.6711299268,-0.0110351193825,-0.00969643352729,0.0277567533454,0.999506762339
2018/10/02/14:21:01.965574,13628,1538482861,949671885,/world,vicon/IMUframe/IMUframe,-0.274948745962,0.257177124601,1.67046634368,-0.010102848475,-0.0109188300858,0.0265925030857,0.999535667389
2018/10/02/14:21:01.975545,13629,1538482861,959699528,/world,vicon/IMUframe/IMUframe,-0.272019579329,0.251584291052,1.66971674313,-0.00850130939892,-0.0115412315755,0.0265479765032,0.999544762707
2018/10/02/14:21:01.985521,13630,1538482861,969657788,/world,vicon/IMUframe/IMUframe,-0.269130704496,0.246318218006,1.66896038815,-0.00660862350133,-0.0114891793435,0.0259038107898,0.999576569073
2018/10/02/14:21:01.995374,13631,1538482861,979670200,/world,vicon/IMUframe/IMUframe,-0.266393768613,0.241592796854,1.66835910788,-0.00591362102721,-0.0109638057836,0.0254284312768,0.999599029077
2018/10/02/14:21:02.005517,13632,1538482861,989687543,/world,vicon/IMUframe/IMUframe,-0.263715451148,0.236902733923,1.66773276781,-0.00508758643115,-0.010202447754,0.0250379113077,0.999621493127
2018/10/02/14:21:02.015641,13633,1538482861,999695761,/world,vicon/IMUframe/IMUframe,-0.261167104095,0.232445316306,1.66705983319,-0.00416356539381,-0.00938424875395,0.024915332414,0.999636847465
2018/10/02/14:21:02.025606,13634,1538482862,9685158,/world,vicon/IMUframe/IMUframe,-0.258767931886,0.228230453461,1.66625085095,-0.00291370720319,-0.00868225468094,0.0250695660366,0.999643759358
2018/10/02/14:21:02.035627,13635,1538482862,19668695,/world,vicon/IMUframe/IMUframe,-0.256497186933,0.224374183157,1.66549391481,-0.00115915485215,-0.00830507507605,0.0252289413282,0.999646528833
2018/10/02/14:21:02.045687,13636,1538482862,29685823,/world,vicon/IMUframe/IMUframe,-0.254417239468,0.220763657861,1.66471405162,0.000531440390295,-0.00806226404353,0.0254642622659,0.999643080713
2018/10/02/14:21:02.055746,13637,1538482862,39686946,/world,vicon/IMUframe/IMUframe,-0.25236585409,0.217325238042,1.66388080625,0.00204858133544,-0.00791804936537,0.0259339035012,0.999630201854
2018/10/02/14:21:02.065718,13638,1538482862,49690236,/world,vicon/IMUframe/IMUframe,-0.250469207663,0.214148965573,1.66312418461,0.00331970807002,-0.00800493355657,0.0265966277837,0.999608683419
2018/10/02/14:21:02.075361,13639,1538482862,59690285,/world,vicon/IMUframe/IMUframe,-0.248661847411,0.211248257324,1.66233853927,0.00436815429759,-0.00823958876808,0.027620673014,0.99957497309
2018/10/02/14:21:02.085653,13640,1538482862,69685348,/world,vicon/IMUframe/IMUframe,-0.24692512947,0.208578444997,1.66156066791,0.00542963006096,-0.00876352194072,0.0290105419053,0.999525941764
2018/10/02/14:21:02.095253,13641,1538482862,79668752,/world,vicon/IMUframe/IMUframe,-0.245240276217,0.206267109748,1.66083006289,0.00621536244045,-0.00928835963887,0.0310149710118,0.999456435878
2018/10/02/14:21:02.105356,13642,1538482862,89671019,/world,vicon/IMUframe/IMUframe,-0.243605340629,0.2041405138,1.66014898798,0.00693258409622,-0.00976909350336,0.0331130024427,0.999379824271
2018/10/02/14:21:02.115495,13643,1538482862,99729816,/world,vicon/IMUframe/IMUframe,-0.24205655839,0.202401773473,1.65953711489,0.00723272816364,-0.00979364582735,0.0353844052034,0.999299612735
2018/10/02/14:21:02.125634,13644,1538482862,109670903,/world,vicon/IMUframe/IMUframe,-0.240596791416,0.200792493827,1.65897910319,0.00784990985524,-0.00970633441169,0.0373067394994,0.999225886962
2018/10/02/14:21:02.135353,13645,1538482862,119670894,/world,vicon/IMUframe/IMUframe,-0.239212773661,0.19939104805,1.65847898564,0.0084171184462,-0.00924874490504,0.0389386911725,0.999163345587
2018/10/02/14:21:02.145383,13646,1538482862,129715331,/world,vicon/IMUframe/IMUframe,-0.237939864626,0.198221421262,1.65804825963,0.00884462925423,-0.00870420487096,0.0402776636535,0.999111464833
2018/10/02/14:21:02.155569,13647,1538482862,139689634,/world,vicon/IMUframe/IMUframe,-0.236780010912,0.197238231512,1.65762765235,0.00919782596927,-0.00799035297495,0.0411972959595,0.999076742329
2018/10/02/14:21:02.165689,13648,1538482862,149689733,/world,vicon/IMUframe/IMUframe,-0.235769001534,0.196454304545,1.65725255312,0.00954721400973,-0.00734691919762,0.0417462948686,0.999055614242
2018/10/02/14:21:02.175516,13649,1538482862,159660418,/world,vicon/IMUframe/IMUframe,-0.234848378531,0.19578406332,1.65691217558,0.00982860123581,-0.00672629210799,0.0418304293202,0.999053737681
2018/10/02/14:21:02.185576,13650,1538482862,169679796,/world,vicon/IMUframe/IMUframe,-0.234056684911,0.195332716795,1.65656551475,0.0102143748706,-0.00609338988114,0.0418501650699,0.999053102107
2018/10/02/14:21:02.195586,13651,1538482862,179690052,/world,vicon/IMUframe/IMUframe,-0.233417094064,0.195073336621,1.6562600661,0.0105661045321,-0.00548718755137,0.0416940846181,0.999059483472
2018/10/02/14:21:02.205675,13652,1538482862,189690830,/world,vicon/IMUframe/IMUframe,-0.232851392611,0.194934407112,1.6560323886,0.0107813314108,-0.00494601136622,0.0412409291283,0.999078818527
2018/10/02/14:21:02.215625,13653,1538482862,199689511,/world,vicon/IMUframe/IMUframe,-0.232402372693,0.194923158164,1.65586149756,0.0107230404712,-0.00439429041452,0.0407337366957,0.9991028322
2018/10/02/14:21:02.225477,13654,1538482862,209679855,/world,vicon/IMUframe/IMUframe,-0.232045123559,0.194996634302,1.65574569331,0.0104068669408,-0.00387340438133,0.0402243064358,0.999128970169
2018/10/02/14:21:02.235280,13655,1538482862,219690193,/world,vicon/IMUframe/IMUframe,-0.231742501302,0.195139576601,1.655702133,0.00989200108419,-0.00346902982107,0.0398701711197,0.999149880449
2018/10/02/14:21:02.245397,13656,1538482862,229719948,/world,vicon/IMUframe/IMUframe,-0.231528460863,0.195354861137,1.65572428691,0.0092042398802,-0.00314011642589,0.039591380068,0.99916862654
2018/10/02/14:21:02.255474,13657,1538482862,239712499,/world,vicon/IMUframe/IMUframe,-0.231428628271,0.195618927177,1.65580542692,0.00843851904448,-0.00298591093203,0.0392823518034,0.999188056659
2018/10/02/14:21:02.265627,13658,1538482862,249736048,/world,vicon/IMUframe/IMUframe,-0.231399890339,0.195928345898,1.65591453071,0.00774284810725,-0.0029908797854,0.0389046771139,0.999208451245
2018/10/02/14:21:02.275798,13659,1538482862,259726905,/world,vicon/IMUframe/IMUframe,-0.231404444374,0.196266505161,1.65602954947,0.00718419026933,-0.00301696813388,0.0385374259459,0.999226777121
2018/10/02/14:21:02.285679,13660,1538482862,269691879,/world,vicon/IMUframe/IMUframe,-0.231428403442,0.196645190181,1.65616851098,0.00678874098192,-0.00298413229429,0.0382121594823,0.999242132227
2018/10/02/14:21:02.295759,13661,1538482862,279690927,/world,vicon/IMUframe/IMUframe,-0.231523783986,0.197045956258,1.6563653141,0.00631451510912,-0.00282976842062,0.0376739689409,0.999266126402
2018/10/02/14:21:02.305464,13662,1538482862,289673367,/world,vicon/IMUframe/IMUframe,-0.231691093065,0.197452295994,1.6566058774,0.00589458895952,-0.0025565287165,0.0371067639664,0.999290651437
2018/10/02/14:21:02.315364,13663,1538482862,299716143,/world,vicon/IMUframe/IMUframe,-0.231902041638,0.197847859036,1.65688944227,0.00554495252878,-0.00234122293177,0.0365847521829,0.999312427664
2018/10/02/14:21:02.325727,13664,1538482862,309716766,/world,vicon/IMUframe/IMUframe,-0.232124849111,0.198281212597,1.65719270986,0.00526445784113,-0.0021403872998,0.0359765544714,0.999336475745
2018/10/02/14:21:02.335598,13665,1538482862,319717007,/world,vicon/IMUframe/IMUframe,-0.232358321629,0.198737835781,1.6574741475,0.00503368945476,-0.00210162030074,0.0352842908255,0.999362428743
2018/10/02/14:21:02.345472,13666,1538482862,329696648,/world,vicon/IMUframe/IMUframe,-0.232643062299,0.199221426459,1.65778640197,0.00481005170981,-0.00212342844802,0.0346355247697,0.999386179051
2018/10/02/14:21:02.355427,13667,1538482862,339671956,/world,vicon/IMUframe/IMUframe,-0.232978010059,0.199757296901,1.65814843727,0.00453854697352,-0.00208235852836,0.0339804902392,0.999410021792
2018/10/02/14:21:02.365522,13668,1538482862,349719381,/world,vicon/IMUframe/IMUframe,-0.233375038243,0.200365763369,1.65855008376,0.00422243348465,-0.00206537668991,0.0334195665366,0.999430356677
2018/10/02/14:21:02.375516,13669,1538482862,359700828,/world,vicon/IMUframe/IMUframe,-0.233720683886,0.200917720654,1.65896947488,0.00377852762783,-0.0019778765626,0.0326455670085,0.999457891903
2018/10/02/14:21:02.385542,13670,1538482862,369719453,/world,vicon/IMUframe/IMUframe,-0.23409164122,0.201473625304,1.659347495,0.00328688538207,-0.0019315298332,0.0320119311491,0.999480215833
2018/10/02/14:21:02.395419,13671,1538482862,379737722,/world,vicon/IMUframe/IMUframe,-0.234488436484,0.202041034292,1.6597633547,0.00274906915628,-0.00190849949654,0.0314167920572,0.999500768096
2018/10/02/14:21:02.405641,13672,1538482862,389721491,/world,vicon/IMUframe/IMUframe,-0.234901836187,0.202631855086,1.6602000414,0.00225116618874,-0.00201202617575,0.0308064842031,0.999520807454
2018/10/02/14:21:02.415466,13673,1538482862,399672671,/world,vicon/IMUframe/IMUframe,-0.235357973569,0.203249372276,1.6606039289,0.00188050924789,-0.00215836554944,0.030294578994,0.999536914589
2018/10/02/14:21:02.425328,13674,1538482862,409690369,/world,vicon/IMUframe/IMUframe,-0.23582891766,0.203874025188,1.6609983496,0.00157300138278,-0.00234983378096,0.0299523097894,0.999547329088
2018/10/02/14:21:02.435494,13675,1538482862,419717311,/world,vicon/IMUframe/IMUframe,-0.236282507471,0.204538453053,1.66138127697,0.00136246722419,-0.00258157706123,0.0294680032117,0.999561461807
2018/10/02/14:21:02.445544,13676,1538482862,429721972,/world,vicon/IMUframe/IMUframe,-0.23673237215,0.205211433019,1.6618037493,0.00107459870124,-0.0027230300871,0.028853785545,0.999579356232
2018/10/02/14:21:02.455461,13677,1538482862,439700989,/world,vicon/IMUframe/IMUframe,-0.237232388255,0.205915996331,1.66224588183,0.00068942657622,-0.00273048241145,0.0280492372103,0.999602575751
2018/10/02/14:21:02.465641,13678,1538482862,449721646,/world,vicon/IMUframe/IMUframe,-0.237689274613,0.206610775893,1.66267896028,0.0002304664611,-0.00264862462754,0.027116109297,0.999628755233
2018/10/02/14:21:02.475574,13679,1538482862,459731018,/world,vicon/IMUframe/IMUframe,-0.238132317943,0.207311160015,1.66312063949,-0.00034613860101,-0.00256930441392,0.0261445341209,0.999654811522
2018/10/02/14:21:02.485270,13680,1538482862,469650007,/world,vicon/IMUframe/IMUframe,-0.23854475544,0.207837220428,1.66355096378,-0.00050146037857,-0.00252262874034,0.0251257668772,0.999680989476
2018/10/02/14:21:02.495355,13681,1538482862,479707604,/world,vicon/IMUframe/IMUframe,-0.238950347775,0.20849208867,1.6639326609,-0.0010654996132,-0.00235911361879,0.0242433845903,0.999702734615
2018/10/02/14:21:02.505224,13682,1538482862,489700616,/world,vicon/IMUframe/IMUframe,-0.239372259626,0.209132251274,1.66429391171,-0.00155547007999,-0.00218336800354,0.0232844933238,0.99972528516
2018/10/02/14:21:02.515315,13683,1538482862,499674870,/world,vicon/IMUframe/IMUframe,-0.239717065722,0.209727471528,1.66463099176,-0.00200357766982,-0.00203564307976,0.0224147706696,0.99974467735
2018/10/02/14:21:02.525363,13684,1538482862,509716614,/world,vicon/IMUframe/IMUframe,-0.240033488515,0.210244700782,1.66494800183,-0.00234813336933,-0.0018091579472,0.0215567754085,0.999763231296
2018/10/02/14:21:02.535524,13685,1538482862,519693190,/world,vicon/IMUframe/IMUframe,-0.240283949314,0.210698649357,1.66521994778,-0.00256893046403,-0.00151543869168,0.0209598752644,0.999775868718
2018/10/02/14:21:02.545591,13686,1538482862,529721118,/world,vicon/IMUframe/IMUframe,-0.240553722135,0.211114541399,1.66545026395,-0.00266509577183,-0.00110219993191,0.0203351787086,0.999789059215
2018/10/02/14:21:02.555407,13687,1538482862,539699790,/world,vicon/IMUframe/IMUframe,-0.240794341086,0.211476551606,1.66561263986,-0.00247418287056,-0.000807004053812,0.0198427985243,0.9997997252
2018/10/02/14:21:02.565468,13688,1538482862,549723763,/world,vicon/IMUframe/IMUframe,-0.241029966755,0.211812236304,1.66570892614,-0.00207504729586,-0.000650868826072,0.0194035980053,0.999809367296
2018/10/02/14:21:02.575550,13689,1538482862,559719561,/world,vicon/IMUframe/IMUframe,-0.24125875618,0.212138188303,1.66572768275,-0.00159695726825,-0.000647537976758,0.0189724068158,0.999818522634
2018/10/02/14:21:02.585544,13690,1538482862,569727616,/world,vicon/IMUframe/IMUframe,-0.241453340464,0.21241298946,1.66569986555,-0.00107966426806,-0.000711916367328,0.018654617238,0.999825151092
2018/10/02/14:21:02.595452,13691,1538482862,579686826,/world,vicon/IMUframe/IMUframe,-0.241619296486,0.212776314301,1.66568222708,-0.000635104640339,-0.000709141874904,0.0179348786149,0.999838703936
2018/10/02/14:21:02.605595,13692,1538482862,589681665,/world,vicon/IMUframe/IMUframe,-0.241832859708,0.213017366309,1.66561551206,-0.000377698312127,-0.000751801044093,0.017959839316,0.999838355091
2018/10/02/14:21:02.615238,13693,1538482862,599674272,/world,vicon/IMUframe/IMUframe,-0.242007660252,0.213309405927,1.66555103175,-0.000105269406333,-0.00080472938583,0.0177159241984,0.999842731313
2018/10/02/14:21:02.625399,13694,1538482862,609675535,/world,vicon/IMUframe/IMUframe,-0.242148634546,0.213635857836,1.66549630154,0.000110301497952,-0.000891500277019,0.0176230229237,0.999844298941
2018/10/02/14:21:02.635242,13695,1538482862,619719482,/world,vicon/IMUframe/IMUframe,-0.242243737856,0.21398165559,1.66545052612,0.000354190212966,-0.00103378323387,0.0176443409133,0.999843729327
2018/10/02/14:21:02.645258,13696,1538482862,629699145,/world,vicon/IMUframe/IMUframe,-0.242313035552,0.214335020746,1.66542517105,0.000480064164648,-0.00122335910488,0.017770969229,0.999841220186
2018/10/02/14:21:02.655585,13697,1538482862,639765349,/world,vicon/IMUframe/IMUframe,-0.242367196919,0.214719681352,1.66540096554,0.000498346399341,-0.00135600524544,0.0178557907792,0.999839528943
2018/10/02/14:21:02.665445,13698,1538482862,649712795,/world,vicon/IMUframe/IMUframe,-0.24240104537,0.215117781108,1.6653880498,0.000378618230541,-0.00141392023423,0.0179391984863,0.999838008197
2018/10/02/14:21:02.675407,13699,1538482862,659719170,/world,vicon/IMUframe/IMUframe,-0.242388480957,0.215574260804,1.66539886451,0.000182332168971,-0.00139749013473,0.0177781936422,0.999840962157
2018/10/02/14:21:02.685503,13700,1538482862,669728857,/world,vicon/IMUframe/IMUframe,-0.242416548645,0.215904363287,1.6653896464,-0.000220185507866,-0.00139253292282,0.0180847684396,0.999835463224
2018/10/02/14:21:02.695305,13701,1538482862,679695897,/world,vicon/IMUframe/IMUframe,-0.242373435744,0.216330912831,1.66541529013,-0.000478795831799,-0.00137882676123,0.0177281815902,0.999841778067
2018/10/02/14:21:02.705517,13702,1538482862,689715202,/world,vicon/IMUframe/IMUframe,-0.242411392042,0.216635571663,1.66540079622,-0.000797783317984,-0.00133841023441,0.0179100430453,0.99983838822
2018/10/02/14:21:02.715296,13703,1538482862,699737849,/world,vicon/IMUframe/IMUframe,-0.242408961584,0.216989776522,1.66537335968,-0.000952102583567,-0.00126384753515,0.0177185627818,0.999841761842
2018/10/02/14:21:02.725266,13704,1538482862,709691500,/world,vicon/IMUframe/IMUframe,-0.24239917418,0.217327839119,1.66534963535,-0.000958927928432,-0.00120983656433,0.0175069804356,0.999845549267
2018/10/02/14:21:02.735146,13705,1538482862,719695418,/world,vicon/IMUframe/IMUframe,-0.242391668598,0.217658203147,1.66532248498,-0.000788221406569,-0.00116724194333,0.0173300511042,0.999848831365
2018/10/02/14:21:02.745400,13706,1538482862,729723082,/world,vicon/IMUframe/IMUframe,-0.242346195038,0.218019460311,1.66527869052,-0.000491724293391,-0.00104979169937,0.0169012681601,0.999856491342
2018/10/02/14:21:02.755168,13707,1538482862,739731079,/world,vicon/IMUframe/IMUframe,-0.242362711026,0.2182985223,1.66521637243,-0.000315624950071,-0.00106136154313,0.017036606496,0.999854253345
2018/10/02/14:21:02.765404,13708,1538482862,749686169,/world,vicon/IMUframe/IMUframe,-0.242325160287,0.218641303008,1.66515417118,-0.000129183815365,-0.00107247382448,0.0170232694963,0.99985451012
2018/10/02/14:21:02.775323,13709,1538482862,759728874,/world,vicon/IMUframe/IMUframe,-0.242240093845,0.21899619008,1.66510726244,-3.78098988915e-05,-0.00111908370644,0.0172050783585,0.999851354703
2018/10/02/14:21:02.785218,13710,1538482862,769675345,/world,vicon/IMUframe/IMUframe,-0.242156216017,0.219357107278,1.66506891646,-5.99951328324e-05,-0.00119968767984,0.0175803762587,0.999844731706
2018/10/02/14:21:02.795387,13711,1538482862,779727437,/world,vicon/IMUframe/IMUframe,-0.242034254987,0.21976725091,1.66504738886,-0.000196482752709,-0.00134621121322,0.0181186058345,0.99983491899
2018/10/02/14:21:02.805206,13712,1538482862,789720647,/world,vicon/IMUframe/IMUframe,-0.241919278365,0.220193124514,1.66501071562,-0.000454968414412,-0.00151843221095,0.018771715872,0.999822539279
2018/10/02/14:21:02.815418,13713,1538482862,799749042,/world,vicon/IMUframe/IMUframe,-0.241807246365,0.220680294649,1.66494517855,-0.000610472286229,-0.00180994553136,0.0194631606363,0.999808750111
2018/10/02/14:21:02.825480,13714,1538482862,809726838,/world,vicon/IMUframe/IMUframe,-0.24167681221,0.221205065814,1.66485649904,-0.000748044455958,-0.00216855050412,0.0201495639843,0.999794345298
2018/10/02/14:21:02.835270,13715,1538482862,819703697,/world,vicon/IMUframe/IMUframe,-0.241572535108,0.221800862913,1.66475912444,-0.000810425880455,-0.00255185456473,0.0208181714744,0.999779693225
2018/10/02/14:21:02.845204,13716,1538482862,829705162,/world,vicon/IMUframe/IMUframe,-0.241448219254,0.222380573079,1.66467461993,-0.000893560328539,-0.00293056554463,0.0215648785472,0.999762756532
2018/10/02/14:21:02.855289,13717,1538482862,839723423,/world,vicon/IMUframe/IMUframe,-0.241368481366,0.223049530665,1.66457740139,-0.000993911998761,-0.0032826517188,0.0222429749478,0.999746711123
2018/10/02/14:21:02.865370,13718,1538482862,849719805,/world,vicon/IMUframe/IMUframe,-0.241327617133,0.223708877959,1.66451703386,-0.00121305424985,-0.00355081588486,0.0229709076498,0.999729092108
2018/10/02/14:21:02.875349,13719,1538482862,859742141,/world,vicon/IMUframe/IMUframe,-0.24132858129,0.224326659105,1.66450306891,-0.001527131389,-0.00372857390404,0.0237682162043,0.999709376521
2018/10/02/14:21:02.885655,13720,1538482862,869720388,/world,vicon/IMUframe/IMUframe,-0.241436300994,0.224896928422,1.66454808387,-0.00190450866236,-0.00392154963932,0.0243913072034,0.999692982084
2018/10/02/14:21:02.895262,13721,1538482862,879736646,/world,vicon/IMUframe/IMUframe,-0.241630609195,0.225380126679,1.66463659921,-0.00233893364465,-0.00417785175917,0.0249240982742,0.999677880254
2018/10/02/14:21:02.905552,13722,1538482862,889749820,/world,vicon/IMUframe/IMUframe,-0.241937691729,0.2257195531,1.66477209286,-0.00279326774358,-0.00444717209122,0.0253701262319,0.999664332169
2018/10/02/14:21:02.915300,13723,1538482862,899725566,/world,vicon/IMUframe/IMUframe,-0.24239903689,0.225913012571,1.66496960673,-0.00328602070118,-0.00477267174354,0.0255165018623,0.999657607286
2018/10/02/14:21:02.925233,13724,1538482862,909739902,/world,vicon/IMUframe/IMUframe,-0.242981104872,0.225917653185,1.66521009196,-0.00369772163098,-0.00505351872951,0.0255786796745,0.999653199839
2018/10/02/14:21:02.935411,13725,1538482862,919728057,/world,vicon/IMUframe/IMUframe,-0.243734746866,0.225797680254,1.66553427633,-0.0040660575129,-0.00536254080105,0.0251534293314,0.999660950185
2018/10/02/14:21:02.945417,13726,1538482862,929694206,/world,vicon/IMUframe/IMUframe,-0.24460579434,0.225328234693,1.66590967703,-0.00456480020116,-0.00569431613958,0.0251726986897,0.999656477298
2018/10/02/14:21:02.955352,13727,1538482862,939699752,/world,vicon/IMUframe/IMUframe,-0.245628207716,0.224644355649,1.6664002744,-0.00508010758574,-0.00571994700975,0.0248152499711,0.999662782183
2018/10/02/14:21:02.965349,13728,1538482862,949706068,/world,vicon/IMUframe/IMUframe,-0.246767547055,0.223705636706,1.66700933946,-0.00569961514295,-0.00532933237916,0.0244229370237,0.999671262341
2018/10/02/14:21:02.975280,13729,1538482862,959681018,/world,vicon/IMUframe/IMUframe,-0.248097739514,0.222468464534,1.66773096838,-0.00628925234562,-0.00466697572931,0.0239774902666,0.999681821683
2018/10/02/14:21:02.985251,13730,1538482862,969681300,/world,vicon/IMUframe/IMUframe,-0.249573318778,0.220880163838,1.66859840304,-0.00675478732454,-0.00352342340999,0.0236163821955,0.999692065002
2018/10/02/14:21:02.995262,13731,1538482862,979729466,/world,vicon/IMUframe/IMUframe,-0.251341822294,0.218873624779,1.66954799564,-0.00735989745569,-0.00206482090521,0.0227230408074,0.999712574614
2018/10/02/14:21:03.005200,13732,1538482862,989827467,/world,vicon/IMUframe/IMUframe,-0.253323221166,0.216502847469,1.67059903982,-0.00760602040731,-0.000295604855816,0.022132950454,0.999726059266
2018/10/02/14:21:03.015524,13733,1538482862,999724635,/world,vicon/IMUframe/IMUframe,-0.2555744283,0.213713589561,1.6716642124,-0.0075826093318,0.0015710675247,0.0213628921241,0.999741797977
2018/10/02/14:21:03.025522,13734,1538482863,9729689,/world,vicon/IMUframe/IMUframe,-0.258098735459,0.210544705812,1.67274423882,-0.00717132209632,0.00336365593745,0.0209288959616,0.999749588283
2018/10/02/14:21:03.035274,13735,1538482863,19698298,/world,vicon/IMUframe/IMUframe,-0.261012658776,0.206924447026,1.67381528844,-0.00659147078215,0.00490105054433,0.0202646925196,0.999760908644
2018/10/02/14:21:03.045444,13736,1538482863,29702137,/world,vicon/IMUframe/IMUframe,-0.264262154791,0.203101989622,1.67483155997,-0.00570284129956,0.0061573584709,0.0194695208011,0.999775225887
2018/10/02/14:21:03.055203,13737,1538482863,39711481,/world,vicon/IMUframe/IMUframe,-0.267903012505,0.198504352186,1.67591330369,-0.00460853249681,0.00691924171489,0.0186117539645,0.999792222483
2018/10/02/14:21:03.065591,13738,1538482863,49718291,/world,vicon/IMUframe/IMUframe,-0.271992698066,0.193510792186,1.67710502087,-0.00328977540083,0.00734430966176,0.0179090373739,0.999807233857
2018/10/02/14:21:03.075252,13739,1538482863,59729452,/world,vicon/IMUframe/IMUframe,-0.276475080289,0.18832509859,1.67820488611,-0.00187792066137,0.00747636960986,0.0174716945703,0.999817641973
2018/10/02/14:21:03.085234,13740,1538482863,69692952,/world,vicon/IMUframe/IMUframe,-0.281400467307,0.182594795762,1.67940606924,-0.000451374743862,0.00731514784137,0.0170802305704,0.999827260379
2018/10/02/14:21:03.095248,13741,1538482863,79725655,/world,vicon/IMUframe/IMUframe,-0.286752546323,0.176392121842,1.68062227555,0.00116901844566,0.00684247499175,0.0167907210919,0.999834929184
2018/10/02/14:21:03.105207,13742,1538482863,89668317,/world,vicon/IMUframe/IMUframe,-0.292506528612,0.169947054842,1.68176041385,0.002773253466,0.00623419328573,0.0166299004386,0.999838432103
2018/10/02/14:21:03.115368,13743,1538482863,99747367,/world,vicon/IMUframe/IMUframe,-0.29882908914,0.163098985414,1.68298761566,0.00453784666874,0.00536292873343,0.0161439830677,0.999844997364
2018/10/02/14:21:03.125642,13744,1538482863,109730468,/world,vicon/IMUframe/IMUframe,-0.305495920708,0.155871402972,1.6841965281,0.00626019757965,0.00453219879362,0.0152464784023,0.999853896325
2018/10/02/14:21:03.135330,13745,1538482863,119699620,/world,vicon/IMUframe/IMUframe,-0.312754540173,0.148269069809,1.6854338553,0.00782848151347,0.00390806915443,0.0138462075916,0.999865853206
2018/10/02/14:21:03.145606,13746,1538482863,129675602,/world,vicon/IMUframe/IMUframe,-0.320275785609,0.140068275274,1.68669698291,0.0095531534328,0.00324843439338,0.0115414019793,0.999882483582
2018/10/02/14:21:03.155406,13747,1538482863,139716364,/world,vicon/IMUframe/IMUframe,-0.328189306497,0.131608798912,1.68801243867,0.011730595211,0.00271519347866,0.009315832023,0.999884111352
2018/10/02/14:21:03.165249,13748,1538482863,149667395,/world,vicon/IMUframe/IMUframe,-0.336526782824,0.123045155757,1.68931324714,0.0136426105634,0.00247456649517,0.00639845272917,0.999883400953
2018/10/02/14:21:03.175515,13749,1538482863,159687536,/world,vicon/IMUframe/IMUframe,-0.345258397264,0.114380344648,1.69078942184,0.0152221015026,0.00256694233525,0.00273755014122,0.999877094573
2018/10/02/14:21:03.185380,13750,1538482863,169725805,/world,vicon/IMUframe/IMUframe,-0.353859205454,0.105210869175,1.6923064426,0.0176266085247,0.00297321836575,0.00182583666622,0.99983855145
2018/10/02/14:21:03.195304,13751,1538482863,179706759,/world,vicon/IMUframe/IMUframe,-0.362900795203,0.0959306308983,1.69405101705,0.0201400315449,0.00352199050122,-0.000762109136693,0.999790675043
2018/10/02/14:21:03.205220,13752,1538482863,189665071,/world,vicon/IMUframe/IMUframe,-0.372282115217,0.0867434480461,1.69564731056,0.0220149590242,0.00546378128838,-0.00233893627682,0.999739975219
2018/10/02/14:21:03.215306,13753,1538482863,199732400,/world,vicon/IMUframe/IMUframe,-0.381847877344,0.0772947970216,1.69727257806,0.0227652415184,0.00722967130803,-0.00503313795442,0.999702027183
2018/10/02/14:21:03.225572,13754,1538482863,209744424,/world,vicon/IMUframe/IMUframe,-0.391760508342,0.0679561027844,1.69882147111,0.0235834036073,0.00921212810386,-0.00633549788883,0.999659352598
2018/10/02/14:21:03.235357,13755,1538482863,219729115,/world,vicon/IMUframe/IMUframe,-0.401448686209,0.0587443087983,1.70028586161,0.0234211769492,0.0112900121907,-0.00874745233727,0.999623662271
2018/10/02/14:21:03.245572,13756,1538482863,229681147,/world,vicon/IMUframe/IMUframe,-0.411294158003,0.0494672499047,1.70168015269,0.0233974520049,0.0127960506584,-0.0105269791431,0.999588917024
2018/10/02/14:21:03.255478,13757,1538482863,239685614,/world,vicon/IMUframe/IMUframe,-0.421274534269,0.0404580248925,1.70291224423,0.0233883602093,0.0142083276451,-0.0116395939126,0.999557716135
2018/10/02/14:21:03.265546,13758,1538482863,249707972,/world,vicon/IMUframe/IMUframe,-0.431157415062,0.0317026344794,1.70403294109,0.0233311440912,0.0153994671505,-0.0130434924937,0.999524077464
2018/10/02/14:21:03.275597,13759,1538482863,259696206,/world,vicon/IMUframe/IMUframe,-0.440863944834,0.0231535994452,1.7048646796,0.0242507840568,0.0162709454427,-0.0144918553418,0.999468429684
2018/10/02/14:21:03.285616,13760,1538482863,269726014,/world,vicon/IMUframe/IMUframe,-0.45077459856,0.0149530586085,1.7054374132,0.024624878449,0.0172186074428,-0.0155709400825,0.999427176309
2018/10/02/14:21:03.295502,13761,1538482863,279694130,/world,vicon/IMUframe/IMUframe,-0.460530599318,0.00697842000273,1.70568279571,0.0255026560988,0.0173700591845,-0.0178048859119,0.999365239346
2018/10/02/14:21:03.305552,13762,1538482863,289693928,/world,vicon/IMUframe/IMUframe,-0.47008572938,-0.000476243578425,1.70565343644,0.0266860816093,0.0171977159492,-0.0209813775544,0.999275674381
2018/10/02/14:21:03.315568,13763,1538482863,299736636,/world,vicon/IMUframe/IMUframe,-0.479607690476,-0.00765329372106,1.70534738798,0.0285930693955,0.0164943227233,-0.0241331437041,0.999163632783
2018/10/02/14:21:03.325398,13764,1538482863,309697359,/world,vicon/IMUframe/IMUframe,-0.488898189021,-0.0144842425839,1.70474213554,0.031126964529,0.015091936096,-0.0278150971924,0.9990143472
2018/10/02/14:21:03.335320,13765,1538482863,319706980,/world,vicon/IMUframe/IMUframe,-0.497859316044,-0.020969475302,1.70391114375,0.0336281201238,0.0129882765783,-0.0318861994703,0.998841190827
2018/10/02/14:21:03.345737,13766,1538482863,329720173,/world,vicon/IMUframe/IMUframe,-0.506385673954,-0.0270011394753,1.70270220142,0.0365298281108,0.0104829131112,-0.0357739173743,0.998637024662
2018/10/02/14:21:03.355132,13767,1538482863,339728314,/world,vicon/IMUframe/IMUframe,-0.514410377765,-0.0326845835976,1.70131163977,0.0397110768353,0.00770863417175,-0.039466595146,0.998401720353
2018/10/02/14:21:03.365140,13768,1538482863,349712811,/world,vicon/IMUframe/IMUframe,-0.522084526247,-0.0379745793645,1.69995668808,0.0438531157505,0.0045454834969,-0.0428287397162,0.998109183343
2018/10/02/14:21:03.375176,13769,1538482863,359756483,/world,vicon/IMUframe/IMUframe,-0.529162504768,-0.0427598050135,1.69848735264,0.0479282490526,0.00121011019396,-0.0461406105724,0.99778377549
2018/10/02/14:21:03.385204,13770,1538482863,369755683,/world,vicon/IMUframe/IMUframe,-0.535480236666,-0.0469400061613,1.69693414058,0.0521544350111,-0.00219979579968,-0.0487875079884,0.99744416128
2018/10/02/14:21:03.395298,13771,1538482863,379724759,/world,vicon/IMUframe/IMUframe,-0.541077399038,-0.0506669374255,1.69549650064,0.0560121104704,-0.00600395496595,-0.0509224628534,0.997112580796
2018/10/02/14:21:03.405500,13772,1538482863,389751095,/world,vicon/IMUframe/IMUframe,-0.545844056934,-0.0537519948012,1.69420282712,0.0591713515542,-0.00922338481562,-0.0524220436809,0.996827773321
2018/10/02/14:21:03.415467,13773,1538482863,399705427,/world,vicon/IMUframe/IMUframe,-0.549757416651,-0.0561854798757,1.69316534479,0.0619173675449,-0.0120161769931,-0.053376918341,0.996580531455
2018/10/02/14:21:03.425387,13774,1538482863,409706879,/world,vicon/IMUframe/IMUframe,-0.552900223239,-0.0581969133622,1.69238108711,0.0638877813235,-0.0141093583767,-0.053362629719,0.996429479267
2018/10/02/14:21:03.435174,13775,1538482863,419726376,/world,vicon/IMUframe/IMUframe,-0.555035491009,-0.0595609678368,1.69181756416,0.0648687718681,-0.0155826164277,-0.0528233318746,0.996372882063
2018/10/02/14:21:03.445414,13776,1538482863,429684377,/world,vicon/IMUframe/IMUframe,-0.556357725728,-0.0603795661045,1.69154035023,0.065182485909,-0.016903013161,-0.0517025961106,0.996389669372
2018/10/02/14:21:03.455402,13777,1538482863,439752703,/world,vicon/IMUframe/IMUframe,-0.556765255324,-0.0607113442194,1.69146769975,0.0647843930297,-0.0178432541232,-0.0499341071351,0.996489430775
2018/10/02/14:21:03.465445,13778,1538482863,449721974,/world,vicon/IMUframe/IMUframe,-0.556189980917,-0.0603263322174,1.69167290164,0.0640648602886,-0.0184043051084,-0.0478381247353,0.996628561226
2018/10/02/14:21:03.475101,13779,1538482863,459705473,/world,vicon/IMUframe/IMUframe,-0.554771246935,-0.0594400053211,1.69206754814,0.0630833850469,-0.01835266117,-0.0452221692119,0.99681423634
2018/10/02/14:21:03.485219,13780,1538482863,469689694,/world,vicon/IMUframe/IMUframe,-0.552466245772,-0.0580260097993,1.6926473958,0.0618527403464,-0.0179998316189,-0.0422661547644,0.997027490461
2018/10/02/14:21:03.495167,13781,1538482863,479784260,/world,vicon/IMUframe/IMUframe,-0.549247887115,-0.0560032683672,1.69346958184,0.06053968818,-0.0172854265628,-0.039086843977,0.997250409281
2018/10/02/14:21:03.505224,13782,1538482863,489756635,/world,vicon/IMUframe/IMUframe,-0.545139899194,-0.0535764661314,1.69457970696,0.0589011602604,-0.0158033654849,-0.0351437540574,0.997519836149
2018/10/02/14:21:03.515540,13783,1538482863,499738584,/world,vicon/IMUframe/IMUframe,-0.540019828168,-0.050488738331,1.69588671383,0.0572366234255,-0.0136796162564,-0.0310206484834,0.997784824702
2018/10/02/14:21:03.525515,13784,1538482863,509748195,/world,vicon/IMUframe/IMUframe,-0.533872381632,-0.0465277254936,1.69741194576,0.054588003933,-0.0107367761481,-0.0256045113637,0.998122878439
2018/10/02/14:21:03.535339,13785,1538482863,519710246,/world,vicon/IMUframe/IMUframe,-0.526730536836,-0.0422004927676,1.69910381074,0.0517478042399,-0.00732550530754,-0.020696123481,0.998418836061
2018/10/02/14:21:03.545370,13786,1538482863,529710132,/world,vicon/IMUframe/IMUframe,-0.518724048211,-0.0370409713194,1.70098087091,0.0486277688818,-0.0032289722946,-0.0148215378483,0.99870177523
2018/10/02/14:21:03.555308,13787,1538482863,539729394,/world,vicon/IMUframe/IMUframe,-0.509588235631,-0.0310618332962,1.70325548297,0.0451717099617,0.00121821443107,-0.00858460390918,0.998941608478
2018/10/02/14:21:03.565484,13788,1538482863,549722534,/world,vicon/IMUframe/IMUframe,-0.499880062046,-0.0241964047212,1.70545237507,0.0416076667512,0.00655048791763,-0.00170584620112,0.999111096557
2018/10/02/14:21:03.575182,13789,1538482863,559698639,/world,vicon/IMUframe/IMUframe,-0.489433125013,-0.0167929966017,1.7077725412,0.037229101797,0.012145713172,0.00483523991647,0.999221244813
2018/10/02/14:21:03.585224,13790,1538482863,569681574,/world,vicon/IMUframe/IMUframe,-0.478432254769,-0.00871133670184,1.7101023567,0.0327564030649,0.017565281048,0.0110945807444,0.999247411424
2018/10/02/14:21:03.595270,13791,1538482863,579734223,/world,vicon/IMUframe/IMUframe,-0.467101361586,-9.52197619323e-05,1.7123035435,0.0280063783323,0.0227051694971,0.0179153878316,0.999189249807
2018/10/02/14:21:03.605132,13792,1538482863,589740814,/world,vicon/IMUframe/IMUframe,-0.455125582622,0.0091648177735,1.71437829764,0.0228957502183,0.027402829917,0.0240572909378,0.999072628134
2018/10/02/14:21:03.615298,13793,1538482863,599721005,/world,vicon/IMUframe/IMUframe,-0.442931697323,0.0188529710836,1.71631560409,0.0181615682751,0.0310591932009,0.0298657897668,0.998906161037
2018/10/02/14:21:03.625342,13794,1538482863,609769549,/world,vicon/IMUframe/IMUframe,-0.430448575247,0.0291537853492,1.71776655525,0.0132156949682,0.0346145432695,0.035823147211,0.998671057418
2018/10/02/14:21:03.635408,13795,1538482863,619696083,/world,vicon/IMUframe/IMUframe,-0.41793330828,0.039605449683,1.71901487493,0.00870868419806,0.0370525410507,0.0412911030204,0.998421911234
2018/10/02/14:21:03.645327,13796,1538482863,629748535,/world,vicon/IMUframe/IMUframe,-0.405319797422,0.0505205907675,1.72000179187,0.00506058871563,0.0381989782443,0.0465057213208,0.998174557073
2018/10/02/14:21:03.655272,13797,1538482863,639730498,/world,vicon/IMUframe/IMUframe,-0.392520469464,0.0615219929421,1.72063363271,0.00220394941189,0.0383214558346,0.0511544062381,0.997952822208
2018/10/02/14:21:03.665257,13798,1538482863,649713214,/world,vicon/IMUframe/IMUframe,-0.379778094584,0.0727986074532,1.72087785699,-0.000116161215485,0.0378820861821,0.0554792546172,0.997740941507
2018/10/02/14:21:03.675406,13799,1538482863,659732673,/world,vicon/IMUframe/IMUframe,-0.367223309894,0.0841114199652,1.72080807371,-0.00176696135104,0.037167722971,0.058756834777,0.997578604714
2018/10/02/14:21:03.685520,13800,1538482863,669733814,/world,vicon/IMUframe/IMUframe,-0.354390984209,0.0957149071617,1.72041244923,-0.00288173941247,0.03612027903,0.0635923768376,0.997317918534
2018/10/02/14:21:03.695399,13801,1538482863,679740670,/world,vicon/IMUframe/IMUframe,-0.341628503526,0.107109919577,1.71971145899,-0.00377658172297,0.0354625003775,0.0689642915489,0.996981481768
2018/10/02/14:21:03.705635,13802,1538482863,689714212,/world,vicon/IMUframe/IMUframe,-0.329110522671,0.118606400875,1.71892574198,-0.0049250988655,0.0350448166792,0.0740166558582,0.99662888724
2018/10/02/14:21:03.715373,13803,1538482863,699715083,/world,vicon/IMUframe/IMUframe,-0.316232049553,0.130198849474,1.71781554966,-0.00613733725544,0.0346237071041,0.0798592795233,0.996185739444
2018/10/02/14:21:03.725245,13804,1538482863,709690314,/world,vicon/IMUframe/IMUframe,-0.303751711202,0.141517977246,1.71669785527,-0.00708526970626,0.0342953342899,0.0864553701937,0.995640044375
2018/10/02/14:21:03.735385,13805,1538482863,719713618,/world,vicon/IMUframe/IMUframe,-0.291211783499,0.153013943988,1.7154158386,-0.00791138582924,0.0340799051548,0.0930732760993,0.995044388615
2018/10/02/14:21:03.745519,13806,1538482863,729679798,/world,vicon/IMUframe/IMUframe,-0.278537686338,0.164157762708,1.71420772012,-0.0103283732582,0.0341722282743,0.100967505473,0.994249036388
2018/10/02/14:21:03.755409,13807,1538482863,739693272,/world,vicon/IMUframe/IMUframe,-0.265902440996,0.17566011864,1.71268043273,-0.0137563320171,0.0344935893843,0.108579128845,0.993393944213
2018/10/02/14:21:03.765230,13808,1538482863,749716306,/world,vicon/IMUframe/IMUframe,-0.253643871308,0.186421740728,1.71123156043,-0.0175529035743,0.0350269385594,0.117568293639,0.99229164336
2018/10/02/14:21:03.775221,13809,1538482863,759702925,/world,vicon/IMUframe/IMUframe,-0.241390462054,0.197226458124,1.7094551269,-0.0217159622001,0.0354703637991,0.125888450553,0.991172219291
2018/10/02/14:21:03.785353,13810,1538482863,769694972,/world,vicon/IMUframe/IMUframe,-0.229713663606,0.207462883027,1.70752963472,-0.0249596835281,0.0351618359043,0.134007215205,0.990041779809
2018/10/02/14:21:03.795343,13811,1538482863,779753705,/world,vicon/IMUframe/IMUframe,-0.218366690114,0.217565160476,1.70513639487,-0.0265998488048,0.0339277845957,0.142448317869,0.988862897581
2018/10/02/14:21:03.805642,13812,1538482863,789717016,/world,vicon/IMUframe/IMUframe,-0.207408419628,0.227448056062,1.70258059543,-0.0275173247728,0.0312576470264,0.150182022096,0.98778090515
2018/10/02/14:21:03.815395,13813,1538482863,799729338,/world,vicon/IMUframe/IMUframe,-0.196792476768,0.23700215969,1.6997496775,-0.0266537258511,0.0273144983708,0.15790107597,0.986717156679
2018/10/02/14:21:03.825791,13814,1538482863,809713204,/world,vicon/IMUframe/IMUframe,-0.186339090941,0.246230011193,1.69677978063,-0.0250676576659,0.0226143371057,0.164803853922,0.985748392861
2018/10/02/14:21:03.835444,13815,1538482863,819731438,/world,vicon/IMUframe/IMUframe,-0.176088266749,0.25532154887,1.69368476587,-0.0234926172901,0.018535243533,0.172468169309,0.984560446217
2018/10/02/14:21:03.845535,13816,1538482863,829701084,/world,vicon/IMUframe/IMUframe,-0.165903885261,0.264115021364,1.690811728,-0.0217399866805,0.0146912780483,0.180686474673,0.983190692185
2018/10/02/14:21:03.855364,13817,1538482863,839729399,/world,vicon/IMUframe/IMUframe,-0.155892600003,0.272663903084,1.68818074979,-0.0203342837532,0.0115492462698,0.189851402769,0.981534297252
2018/10/02/14:21:03.865407,13818,1538482863,849703323,/world,vicon/IMUframe/IMUframe,-0.145992157448,0.280966582262,1.6857928631,-0.0199938593379,0.009970369453,0.199385740505,0.979666353309
2018/10/02/14:21:03.875439,13819,1538482863,859690403,/world,vicon/IMUframe/IMUframe,-0.136368772108,0.289006317973,1.68353615692,-0.019132967374,0.00948551293227,0.209515953311,0.977572002418
2018/10/02/14:21:03.885435,13820,1538482863,869693916,/world,vicon/IMUframe/IMUframe,-0.127385213283,0.296622773054,1.68135041399,-0.0184711017822,0.00997242141384,0.219288813271,0.975434152357
2018/10/02/14:21:03.895244,13821,1538482863,879715132,/world,vicon/IMUframe/IMUframe,-0.118795988785,0.304110912641,1.67933347177,-0.0177305915293,0.0112991741431,0.228026679911,0.973427854562
2018/10/02/14:21:03.905210,13822,1538482863,889690829,/world,vicon/IMUframe/IMUframe,-0.111082773392,0.310681525282,1.67743737222,-0.0167526650031,0.0123174348489,0.236606684084,0.971382986294
2018/10/02/14:21:03.915323,13823,1538482863,899690950,/world,vicon/IMUframe/IMUframe,-0.103982646177,0.316546764681,1.67557677858,-0.015816723434,0.0126767158486,0.242959046551,0.969824743876
2018/10/02/14:21:03.925179,13824,1538482863,909730782,/world,vicon/IMUframe/IMUframe,-0.0974958697888,0.322540031065,1.67388828567,-0.0152522757103,0.0125804392687,0.248750895741,0.968365681187
2018/10/02/14:21:03.935788,13825,1538482863,919760632,/world,vicon/IMUframe/IMUframe,-0.0916957485021,0.327208433721,1.67196841845,-0.0132224957164,0.0113316958685,0.253534770389,0.967169518998
2018/10/02/14:21:03.945703,13826,1538482863,929750474,/world,vicon/IMUframe/IMUframe,-0.0866297886965,0.33165696786,1.67016344852,-0.0120931899057,0.0104111895296,0.258591215885,0.965855033096
2018/10/02/14:21:03.955637,13827,1538482863,939693252,/world,vicon/IMUframe/IMUframe,-0.0823073131334,0.336384237761,1.66852176947,-0.0109915725917,0.00884745214518,0.26196602621,0.964973942153
2018/10/02/14:21:03.965440,13828,1538482863,949703401,/world,vicon/IMUframe/IMUframe,-0.0784308130503,0.339948677193,1.66709905251,-0.0105564936574,0.00729128276425,0.264351620188,0.964341028133
2018/10/02/14:21:03.975512,13829,1538482863,959703320,/world,vicon/IMUframe/IMUframe,-0.0751201236962,0.343195271334,1.66589572679,-0.0107320813022,0.00629907480622,0.265783010671,0.963952558649
2018/10/02/14:21:03.985566,13830,1538482863,969723764,/world,vicon/IMUframe/IMUframe,-0.0726034249015,0.345454902392,1.66509274481,-0.0111481763307,0.00626868198212,0.267251059703,0.963542055584
2018/10/02/14:21:03.995653,13831,1538482863,979707250,/world,vicon/IMUframe/IMUframe,-0.0707081180873,0.346821604009,1.66479499271,-0.0113339541306,0.0067317737125,0.268120187063,0.963295276639
2018/10/02/14:21:04.005576,13832,1538482863,989706984,/world,vicon/IMUframe/IMUframe,-0.0694502819858,0.347512268579,1.66466497831,-0.0113989212817,0.00777663359318,0.268256353268,0.963248730856
2018/10/02/14:21:04.015392,13833,1538482863,999689210,/world,vicon/IMUframe/IMUframe,-0.0688121200789,0.347455549152,1.66475095556,-0.0110281645229,0.00908055329304,0.267466761729,0.963461184745
2018/10/02/14:21:04.025241,13834,1538482864,9719377,/world,vicon/IMUframe/IMUframe,-0.0688322670329,0.346630861321,1.66508638058,-0.0104831741531,0.0105845878108,0.265662972391,0.963950856974
2018/10/02/14:21:04.035362,13835,1538482864,19698559,/world,vicon/IMUframe/IMUframe,-0.0695339055428,0.34501674689,1.66561528664,-0.00991507543665,0.0122293416759,0.262781948382,0.964726791421
2018/10/02/14:21:04.045220,13836,1538482864,29694323,/world,vicon/IMUframe/IMUframe,-0.0709564849233,0.342592480416,1.66636849451,-0.00943467077651,0.0138454570017,0.258750307638,0.965798927627
2018/10/02/14:21:04.055481,13837,1538482864,39746506,/world,vicon/IMUframe/IMUframe,-0.0730991792882,0.33932497497,1.66730809549,-0.00922091732852,0.0151628845484,0.253280647041,0.967230053012
2018/10/02/14:21:04.065430,13838,1538482864,49701451,/world,vicon/IMUframe/IMUframe,-0.0759986045888,0.335319312399,1.66836782413,-0.00900045862177,0.0157577953411,0.246440353617,0.968988047264
2018/10/02/14:21:04.075407,13839,1538482864,59745350,/world,vicon/IMUframe/IMUframe,-0.0794588537201,0.330458708724,1.66964126174,-0.00889583264668,0.0165756481788,0.239392221148,0.970740684479
2018/10/02/14:21:04.085689,13840,1538482864,69731821,/world,vicon/IMUframe/IMUframe,-0.0838734715156,0.32449576731,1.67132918263,-0.00835133955721,0.0168381692713,0.232061704495,0.972519458155
2018/10/02/14:21:04.095580,13841,1538482864,79714601,/world,vicon/IMUframe/IMUframe,-0.088743893922,0.318456681503,1.67280532983,-0.00832559467823,0.0173095678048,0.223076668167,0.974611647506
2018/10/02/14:21:04.105412,13842,1538482864,89715247,/world,vicon/IMUframe/IMUframe,-0.094418506104,0.31192116154,1.67439418481,-0.00854453675524,0.0174423957308,0.213690283713,0.976708357889
2018/10/02/14:21:04.115541,13843,1538482864,99698587,/world,vicon/IMUframe/IMUframe,-0.100769807813,0.304644307057,1.67618458746,-0.00888389859663,0.0170346658439,0.202231221348,0.979149339793
2018/10/02/14:21:04.125758,13844,1538482864,109694365,/world,vicon/IMUframe/IMUframe,-0.107630627667,0.296830998691,1.67786031282,-0.00925082111462,0.0170491544025,0.19122061112,0.98135540276
2018/10/02/14:21:04.135401,13845,1538482864,119731585,/world,vicon/IMUframe/IMUframe,-0.114982569643,0.288850947088,1.67971540713,-0.0105674814178,0.0171434723803,0.178620528859,0.983711917363
2018/10/02/14:21:04.145445,13846,1538482864,129690184,/world,vicon/IMUframe/IMUframe,-0.122935970363,0.279548974001,1.68142646137,-0.0101629032436,0.0166475856106,0.165840616575,0.985959666105
2018/10/02/14:21:04.155192,13847,1538482864,139741320,/world,vicon/IMUframe/IMUframe,-0.131110233069,0.270364327137,1.68311036896,-0.0102621873164,0.016761737114,0.153131311783,0.988010391156
2018/10/02/14:21:04.166025,13848,1538482864,149724005,/world,vicon/IMUframe/IMUframe,-0.139698439248,0.260620537762,1.6849243346,-0.0105868350908,0.0171024873049,0.140417041018,0.989888114103
2018/10/02/14:21:04.175546,13849,1538482864,159735710,/world,vicon/IMUframe/IMUframe,-0.148748532666,0.250663520242,1.68683936881,-0.0105943768615,0.0179592353263,0.128621209152,0.991474563265
2018/10/02/14:21:04.185555,13850,1538482864,169731134,/world,vicon/IMUframe/IMUframe,-0.158186277064,0.240175664715,1.68873256841,-0.0102235117182,0.0183288565377,0.117004079693,0.992909652567
2018/10/02/14:21:04.195593,13851,1538482864,179748252,/world,vicon/IMUframe/IMUframe,-0.167697976625,0.229520049993,1.69062546955,-0.00992296582853,0.0196295164148,0.10586702551,0.994137007532
2018/10/02/14:21:04.205740,13852,1538482864,189721353,/world,vicon/IMUframe/IMUframe,-0.17778322823,0.218737612096,1.69260452756,-0.0101967415203,0.0203944765325,0.0949355751229,0.995222250739
2018/10/02/14:21:04.215732,13853,1538482864,199709338,/world,vicon/IMUframe/IMUframe,-0.188062144541,0.207723426503,1.6944944093,-0.0110064693465,0.0217465673997,0.0838596593761,0.996179452693
2018/10/02/14:21:04.225461,13854,1538482864,209729083,/world,vicon/IMUframe/IMUframe,-0.198412933095,0.196226398256,1.69619047354,-0.0118551266055,0.0230473054094,0.072490861717,0.997032272624
2018/10/02/14:21:04.235682,13855,1538482864,219710005,/world,vicon/IMUframe/IMUframe,-0.208944659253,0.184528489653,1.697726657,-0.0121695093259,0.0247026579743,0.0611697716547,0.997747433355
2018/10/02/14:21:04.245585,13856,1538482864,229734978,/world,vicon/IMUframe/IMUframe,-0.219913276384,0.172632429496,1.69934880085,-0.0113915610654,0.026579719975,0.0503803266793,0.998311361002
2018/10/02/14:21:04.255562,13857,1538482864,239707675,/world,vicon/IMUframe/IMUframe,-0.230731344107,0.160609591329,1.7009168053,-0.00976635299229,0.0296507968079,0.0412174795003,0.99866238939
2018/10/02/14:21:04.265882,13858,1538482864,249723518,/world,vicon/IMUframe/IMUframe,-0.241793189002,0.148417898362,1.70223408777,-0.00601559194274,0.0329049022621,0.0320311832152,0.99892696598
2018/10/02/14:21:04.275481,13859,1538482864,259706346,/world,vicon/IMUframe/IMUframe,-0.252979664362,0.136177357674,1.70352053461,-0.00198692310035,0.0361267234735,0.0251410281887,0.999028948874
2018/10/02/14:21:04.285854,13860,1538482864,269732082,/world,vicon/IMUframe/IMUframe,-0.264190027152,0.124045696798,1.70468316792,0.00302378149599,0.0391686771479,0.0187340853552,0.999052403792
2018/10/02/14:21:04.295455,13861,1538482864,279736376,/world,vicon/IMUframe/IMUframe,-0.275355999121,0.111712461165,1.70582522741,0.00827304229566,0.0419183779051,0.0131989474153,0.998999596673
2018/10/02/14:21:04.305429,13862,1538482864,289726849,/world,vicon/IMUframe/IMUframe,-0.286343938582,0.0994318082747,1.70689099038,0.0128792181366,0.0445262195503,0.00823605308738,0.998891239797
2018/10/02/14:21:04.315566,13863,1538482864,299730345,/world,vicon/IMUframe/IMUframe,-0.297187000467,0.0869489606418,1.70781402258,0.016682556896,0.0473069584248,0.00418364718033,0.998732317028
2018/10/02/14:21:04.325407,13864,1538482864,309717629,/world,vicon/IMUframe/IMUframe,-0.307858758533,0.0745450028575,1.70851451348,0.0199322815198,0.0504766021815,0.000901263590255,0.998525915793
2018/10/02/14:21:04.335385,13865,1538482864,319703391,/world,vicon/IMUframe/IMUframe,-0.318416057285,0.062097556201,1.70915905486,0.0221088715294,0.0540112007907,-0.00128226698951,0.998294717897
2018/10/02/14:21:04.345536,13866,1538482864,329717835,/world,vicon/IMUframe/IMUframe,-0.329293184864,0.0499332440299,1.70958693508,0.0259129232261,0.0572366387791,-0.00177542463756,0.998022712897
2018/10/02/14:21:04.355363,13867,1538482864,339711198,/world,vicon/IMUframe/IMUframe,-0.340335656644,0.0376674670661,1.70982344231,0.0304821499817,0.0591115856338,-0.00237963109289,0.997783040712
2018/10/02/14:21:04.365887,13868,1538482864,349709808,/world,vicon/IMUframe/IMUframe,-0.351535077011,0.0261010536305,1.70981643762,0.0342825603722,0.0597874508929,-0.00398158604086,0.997614311116
2018/10/02/14:21:04.375590,13869,1538482864,359707945,/world,vicon/IMUframe/IMUframe,-0.36286704142,0.0152245968465,1.70955847808,0.0379311656988,0.0592312033165,-0.00640944474533,0.997502787084
2018/10/02/14:21:04.385630,13870,1538482864,369722679,/world,vicon/IMUframe/IMUframe,-0.374081874099,0.00439728435353,1.70888411324,0.0421220012195,0.0565336826799,-0.00863460642437,0.997474372256
2018/10/02/14:21:04.395512,13871,1538482864,379688273,/world,vicon/IMUframe/IMUframe,-0.385052900973,-0.00585063057963,1.70798941531,0.0463103642345,0.0532324620557,-0.0121438427109,0.997433798421
2018/10/02/14:21:04.405420,13872,1538482864,389692262,/world,vicon/IMUframe/IMUframe,-0.395989688162,-0.0155664408562,1.7069413686,0.0500215259891,0.0496722865318,-0.016020879504,0.997383498113
2018/10/02/14:21:04.415264,13873,1538482864,399733974,/world,vicon/IMUframe/IMUframe,-0.406799477084,-0.0248914275838,1.70599222664,0.0545639653157,0.0455651769783,-0.0195725494691,0.997278047308
2018/10/02/14:21:04.425248,13874,1538482864,409689773,/world,vicon/IMUframe/IMUframe,-0.417420291881,-0.033409346338,1.70513250655,0.0593424905638,0.0408943832359,-0.0236119950242,0.997120149192
2018/10/02/14:21:04.435421,13875,1538482864,419759972,/world,vicon/IMUframe/IMUframe,-0.427651643305,-0.0410783126127,1.70426604027,0.0627805983685,0.0366221856828,-0.0266296795031,0.996999634982
2018/10/02/14:21:04.445574,13876,1538482864,429715946,/world,vicon/IMUframe/IMUframe,-0.437462093641,-0.0480211648109,1.70344009798,0.0655466502432,0.0316133542449,-0.0295138314191,0.996911814671
2018/10/02/14:21:04.455392,13877,1538482864,439743554,/world,vicon/IMUframe/IMUframe,-0.446551697214,-0.0539475190376,1.70245369704,0.0663188012859,0.0267951218848,-0.032324190939,0.996914732923
2018/10/02/14:21:04.465443,13878,1538482864,449722059,/world,vicon/IMUframe/IMUframe,-0.455007767212,-0.0592009562369,1.70148881042,0.0656284329359,0.0222311097448,-0.0350824951277,0.996979390502
2018/10/02/14:21:04.475290,13879,1538482864,459720367,/world,vicon/IMUframe/IMUframe,-0.462886418019,-0.063905521716,1.70072707782,0.0639569405689,0.0179630609091,-0.0377896123543,0.997075114219
2018/10/02/14:21:04.485368,13880,1538482864,469736493,/world,vicon/IMUframe/IMUframe,-0.470158550986,-0.0678307989872,1.69999913244,0.0622560869853,0.0142748791256,-0.0400384827867,0.997154615571
2018/10/02/14:21:04.495336,13881,1538482864,479759706,/world,vicon/IMUframe/IMUframe,-0.477004910451,-0.0714212685892,1.69929497657,0.0606961943429,0.011066382973,-0.042125611583,0.997205565573
2018/10/02/14:21:04.505539,13882,1538482864,489719316,/world,vicon/IMUframe/IMUframe,-0.483141052664,-0.0741489682116,1.69865859172,0.0593889270391,0.00795728060625,-0.0439852042267,0.997233643054
2018/10/02/14:21:04.515329,13883,1538482864,499762906,/world,vicon/IMUframe/IMUframe,-0.488860589344,-0.0765214421663,1.69790019863,0.0585670893462,0.0048965645871,-0.0470114695449,0.997163898981
2018/10/02/14:21:04.525409,13884,1538482864,509710310,/world,vicon/IMUframe/IMUframe,-0.493982432935,-0.078265023632,1.69710071019,0.0586810892517,0.00179641822372,-0.0501480395252,0.997014782627
2018/10/02/14:21:04.535261,13885,1538482864,519740670,/world,vicon/IMUframe/IMUframe,-0.498483856884,-0.0794556418313,1.69641493597,0.0596477048651,-0.00146328183644,-0.0536895658658,0.996773515212
2018/10/02/14:21:04.545440,13886,1538482864,529693904,/world,vicon/IMUframe/IMUframe,-0.502330067395,-0.0800596119775,1.69580380184,0.061355118315,-0.00447661882344,-0.0573956167444,0.996454340409
2018/10/02/14:21:04.555226,13887,1538482864,539756745,/world,vicon/IMUframe/IMUframe,-0.505540095775,-0.0800257168627,1.69524690833,0.0630679395793,-0.00679771747728,-0.0607373457161,0.996136135711
2018/10/02/14:21:04.565353,13888,1538482864,549744154,/world,vicon/IMUframe/IMUframe,-0.507851793456,-0.0795116744586,1.69505214865,0.0649402986043,-0.0090097377857,-0.0636824861146,0.995814301567
2018/10/02/14:21:04.575409,13889,1538482864,559757896,/world,vicon/IMUframe/IMUframe,-0.50932719201,-0.0785438350215,1.69518227514,0.066482786972,-0.0107346865469,-0.0660871420261,0.995538695983
2018/10/02/14:21:04.585281,13890,1538482864,569722790,/world,vicon/IMUframe/IMUframe,-0.509814459169,-0.0770891709573,1.69555351141,0.0671516021549,-0.0115385979422,-0.0674428654474,0.995393883338
2018/10/02/14:21:04.595102,13891,1538482864,579694904,/world,vicon/IMUframe/IMUframe,-0.50934885685,-0.0751647727494,1.696201263,0.066725387268,-0.0113157712563,-0.0677551120511,0.995403898328
2018/10/02/14:21:04.605128,13892,1538482864,589730773,/world,vicon/IMUframe/IMUframe,-0.507962451795,-0.0727678716019,1.69724530933,0.0653011141343,-0.010176105545,-0.0670238237782,0.995560153087
2018/10/02/14:21:04.615157,13893,1538482864,599782489,/world,vicon/IMUframe/IMUframe,-0.505811276343,-0.0699058354535,1.69852907761,0.0630705516765,-0.00830784091201,-0.0656307079411,0.995814086798
2018/10/02/14:21:04.625163,13894,1538482864,609797407,/world,vicon/IMUframe/IMUframe,-0.502880540786,-0.0664798921631,1.7000059824,0.0601846720057,-0.00588996724165,-0.0636335897434,0.996139488123
2018/10/02/14:21:04.635221,13895,1538482864,619734499,/world,vicon/IMUframe/IMUframe,-0.499187234771,-0.0625268250966,1.70166009587,0.0570845824929,-0.00349331029015,-0.0611284911746,0.996490067583
2018/10/02/14:21:04.645406,13896,1538482864,629759181,/world,vicon/IMUframe/IMUframe,-0.494778245345,-0.0580861416138,1.70334195004,0.0544309924229,-0.00123487935878,-0.0579463185649,0.996833971282
2018/10/02/14:21:04.655574,13897,1538482864,639759658,/world,vicon/IMUframe/IMUframe,-0.489578848084,-0.0530237510937,1.70496458677,0.051588436922,0.000932813789678,-0.0549747908159,0.997153717041
2018/10/02/14:21:04.665410,13898,1538482864,649729369,/world,vicon/IMUframe/IMUframe,-0.484075756763,-0.0474291392206,1.70664598836,0.0488510687401,0.00310526268193,-0.0519636826905,0.997448598228
2018/10/02/14:21:04.675492,13899,1538482864,659712226,/world,vicon/IMUframe/IMUframe,-0.477739491092,-0.0412215042451,1.70816393896,0.0462288673351,0.00501926360514,-0.0487994100625,0.997725571686
2018/10/02/14:21:04.685417,13900,1538482864,669723844,/world,vicon/IMUframe/IMUframe,-0.470834623892,-0.0344975061442,1.70961347643,0.0437199696734,0.00678623899289,-0.0453542734467,0.997990731967
2018/10/02/14:21:04.695407,13901,1538482864,679751256,/world,vicon/IMUframe/IMUframe,-0.463334639099,-0.0271359457425,1.71089690158,0.0418984333907,0.00810576530144,-0.0414853873761,0.998227319042
2018/10/02/14:21:04.705516,13902,1538482864,689696647,/world,vicon/IMUframe/IMUframe,-0.455356449833,-0.0192552388223,1.71209390519,0.0401681463411,0.00911858215386,-0.0378237342719,0.998435143915
2018/10/02/14:21:04.715374,13903,1538482864,699706706,/world,vicon/IMUframe/IMUframe,-0.446855637862,-0.0108812878158,1.71309495773,0.0390648870379,0.00988408689815,-0.0340588001235,0.998607148763
2018/10/02/14:21:04.725198,13904,1538482864,709724827,/world,vicon/IMUframe/IMUframe,-0.437747739665,-0.00190078936385,1.71386831836,0.0381964172452,0.0104631684579,-0.0302534502008,0.998757370219
2018/10/02/14:21:04.735437,13905,1538482864,719686003,/world,vicon/IMUframe/IMUframe,-0.428164867184,0.00747538076013,1.71438114788,0.0378018903432,0.0107816853443,-0.0261255088896,0.998885494005
2018/10/02/14:21:04.745450,13906,1538482864,729743114,/world,vicon/IMUframe/IMUframe,-0.418152791943,0.0172059547392,1.71469462664,0.0372972717039,0.0110526421694,-0.0217257147628,0.999006879827
2018/10/02/14:21:04.755401,13907,1538482864,739720275,/world,vicon/IMUframe/IMUframe,-0.40765797114,0.0274361097415,1.71474973996,0.0363854603829,0.0117654672215,-0.0163470023859,0.999134849541
2018/10/02/14:21:04.765562,13908,1538482864,749722085,/world,vicon/IMUframe/IMUframe,-0.396935282104,0.0378796444157,1.71475712401,0.0346520029259,0.0125312878198,-0.0102863832963,0.999267929955
2018/10/02/14:21:04.775455,13909,1538482864,759695440,/world,vicon/IMUframe/IMUframe,-0.385949970253,0.0489116315464,1.71465527437,0.0329322974452,0.0135292712318,-0.00500614782566,0.999353471545
2018/10/02/14:21:04.785433,13910,1538482864,769716753,/world,vicon/IMUframe/IMUframe,-0.374655852137,0.0602602008161,1.71446715272,0.030704839242,0.0146003974188,0.000502989393369,0.999421726922
2018/10/02/14:21:04.795434,13911,1538482864,779718757,/world,vicon/IMUframe/IMUframe,-0.363459861461,0.0717800807083,1.71432430867,0.0279492416873,0.0159604854898,0.00592034878928,0.999464382688
2018/10/02/14:21:04.805258,13912,1538482864,789699117,/world,vicon/IMUframe/IMUframe,-0.352337960099,0.0843126865426,1.7134964782,0.0246517324952,0.0169298587304,0.0118419265334,0.999482586514
2018/10/02/14:21:04.815428,13913,1538482864,799718888,/world,vicon/IMUframe/IMUframe,-0.341324819813,0.0962805108699,1.71289706388,0.019939198082,0.017751392539,0.0160036559232,0.999515482341
2018/10/02/14:21:04.825412,13914,1538482864,809761844,/world,vicon/IMUframe/IMUframe,-0.329939319365,0.108517182736,1.7119267848,0.0154472986745,0.0181913981931,0.0214545109514,0.999484946337
2018/10/02/14:21:04.835526,13915,1538482864,819746235,/world,vicon/IMUframe/IMUframe,-0.318703276563,0.120873652749,1.71089371125,0.0095422034571,0.0180031219939,0.0254489551285,0.999468451045
2018/10/02/14:21:04.845777,13916,1538482864,829737638,/world,vicon/IMUframe/IMUframe,-0.307504107919,0.132954200689,1.70974115118,0.00251673799559,0.0175343301586,0.0299495850802,0.99939443447
2018/10/02/14:21:04.855598,13917,1538482864,839753973,/world,vicon/IMUframe/IMUframe,-0.296275575934,0.145313454954,1.70829720706,-0.00508165311618,0.0170085028896,0.0348271030005,0.999235688178
2018/10/02/14:21:04.865673,13918,1538482864,849726322,/world,vicon/IMUframe/IMUframe,-0.284888070173,0.157190428154,1.70683364545,-0.013032722804,0.0164712782972,0.0399376651944,0.998981395235
2018/10/02/14:21:04.875581,13919,1538482864,859753644,/world,vicon/IMUframe/IMUframe,-0.273491316013,0.169187790283,1.70524590278,-0.0211560754014,0.0165126696139,0.0455123422491,0.998603213954
2018/10/02/14:21:04.885673,13920,1538482864,869710975,/world,vicon/IMUframe/IMUframe,-0.261899113151,0.180812238153,1.70375626076,-0.0296822856716,0.0173282453067,0.052311196896,0.998039193875
2018/10/02/14:21:04.895888,13921,1538482864,879695193,/world,vicon/IMUframe/IMUframe,-0.250521003542,0.19224031707,1.7022024736,-0.037521000824,0.0188256702962,0.0591372552649,0.997366809993
2018/10/02/14:21:04.905402,13922,1538482864,889712771,/world,vicon/IMUframe/IMUframe,-0.239012482882,0.203475186703,1.70050325623,-0.045839729625,0.0212218004044,0.0663466403992,0.996517173802
2018/10/02/14:21:04.915442,13923,1538482864,899736584,/world,vicon/IMUframe/IMUframe,-0.227871150622,0.214347569612,1.69883969494,-0.0535826259043,0.0234324051645,0.0741145171767,0.995533456461
2018/10/02/14:21:04.925503,13924,1538482864,909722834,/world,vicon/IMUframe/IMUframe,-0.217012901544,0.225210591522,1.69699020388,-0.0603929837852,0.0252412928691,0.0822664568292,0.994458543492
2018/10/02/14:21:04.935240,13925,1538482864,919721367,/world,vicon/IMUframe/IMUframe,-0.20653436482,0.235647381443,1.69496693651,-0.0665849033861,0.0265256104409,0.0898004846724,0.993377428566
2018/10/02/14:21:04.945250,13926,1538482864,929717828,/world,vicon/IMUframe/IMUframe,-0.196449753231,0.245730346003,1.69285091099,-0.0718087785579,0.0267551005364,0.0967652229503,0.992352838231
2018/10/02/14:21:04.955470,13927,1538482864,939757341,/world,vicon/IMUframe/IMUframe,-0.186817537456,0.255410119967,1.69063581361,-0.0761450366937,0.0261734726565,0.103654878523,0.991348853267
2018/10/02/14:21:04.965367,13928,1538482864,949696766,/world,vicon/IMUframe/IMUframe,-0.17776610209,0.264493197795,1.68833650851,-0.0789074465653,0.0246877024374,0.109282278958,0.990566260141
2018/10/02/14:21:04.975132,13929,1538482864,959716947,/world,vicon/IMUframe/IMUframe,-0.16880023165,0.273175641984,1.68587472233,-0.0813044821107,0.0232068832301,0.114760087724,0.989788433972
2018/10/02/14:21:04.985372,13930,1538482864,969701094,/world,vicon/IMUframe/IMUframe,-0.160303953549,0.281564535347,1.68330410396,-0.0828575222084,0.0219621190705,0.120525808704,0.989002439722
2018/10/02/14:21:04.995363,13931,1538482864,979775696,/world,vicon/IMUframe/IMUframe,-0.152163446287,0.289311175299,1.68069927618,-0.0834398559841,0.0200784853787,0.126268678776,0.988276715105
2018/10/02/14:21:05.005199,13932,1538482864,989722401,/world,vicon/IMUframe/IMUframe,-0.144217148001,0.296816521603,1.67807093469,-0.0833942287014,0.0183984278453,0.131497842876,0.987631114228
2018/10/02/14:21:05.015216,13933,1538482864,999749236,/world,vicon/IMUframe/IMUframe,-0.136600535195,0.303173672152,1.67538765108,-0.0814777586408,0.0167350604518,0.136997725275,0.987072913147
2018/10/02/14:21:05.025346,13934,1538482865,9698837,/world,vicon/IMUframe/IMUframe,-0.129598468018,0.309306353577,1.6729364059,-0.0789242858319,0.0162813171595,0.143127185873,0.986418006973
2018/10/02/14:21:05.035231,13935,1538482865,19748211,/world,vicon/IMUframe/IMUframe,-0.122737994733,0.31488845251,1.67072345124,-0.0761838551008,0.016238385963,0.149078674161,0.985752445573
2018/10/02/14:21:05.045248,13936,1538482865,29768549,/world,vicon/IMUframe/IMUframe,-0.11630825481,0.319874019647,1.66868229307,-0.0729747105455,0.0167962195943,0.15509996488,0.985056637723
2018/10/02/14:21:05.055288,13937,1538482865,39776548,/world,vicon/IMUframe/IMUframe,-0.110335175607,0.324342300297,1.66673882248,-0.0691723884249,0.0174906456328,0.160877974939,0.984391962165
2018/10/02/14:21:05.065442,13938,1538482865,49741227,/world,vicon/IMUframe/IMUframe,-0.104809651137,0.328269610681,1.66496529498,-0.0655036869642,0.0179694629063,0.165961908349,0.983790125166
2018/10/02/14:21:05.075232,13939,1538482865,59750818,/world,vicon/IMUframe/IMUframe,-0.0997127423321,0.332025002857,1.66332169592,-0.0616918685166,0.0185086028395,0.170968246464,0.983169061597
2018/10/02/14:21:05.085483,13940,1538482865,69715813,/world,vicon/IMUframe/IMUframe,-0.095109087176,0.335138545705,1.66189986956,-0.0582924983967,0.0183750627587,0.174925571779,0.982682749435
2018/10/02/14:21:05.095265,13941,1538482865,79721634,/world,vicon/IMUframe/IMUframe,-0.0909825745063,0.338126491604,1.66057334813,-0.0557355034921,0.0181408034029,0.178626165254,0.982169617729
2018/10/02/14:21:05.105247,13942,1538482865,89710763,/world,vicon/IMUframe/IMUframe,-0.0872830919601,0.340521229276,1.65927986757,-0.0525327760326,0.0173109058825,0.182344479017,0.981677712364
2018/10/02/14:21:05.115486,13943,1538482865,99697916,/world,vicon/IMUframe/IMUframe,-0.0842040416697,0.341902764723,1.65831968944,-0.0505198647808,0.0160022985019,0.183923971525,0.981510897751
2018/10/02/14:21:05.125215,13944,1538482865,109747638,/world,vicon/IMUframe/IMUframe,-0.0813768262425,0.343635340187,1.65747199658,-0.0482920308377,0.0155694408608,0.187389134438,0.980974405662
2018/10/02/14:21:05.135387,13945,1538482865,119723630,/world,vicon/IMUframe/IMUframe,-0.0790902964838,0.344918759843,1.65702860577,-0.0460422814569,0.0156115704264,0.190402543792,0.980501534167
2018/10/02/14:21:05.145324,13946,1538482865,129724969,/world,vicon/IMUframe/IMUframe,-0.0772569422648,0.345815076343,1.65676243384,-0.0446624145232,0.0161082330058,0.192732037931,0.980102114636
2018/10/02/14:21:05.155449,13947,1538482865,139704296,/world,vicon/IMUframe/IMUframe,-0.075913529343,0.34632335221,1.65680995987,-0.0436803662528,0.0168735692755,0.193461832096,0.979989708
2018/10/02/14:21:05.165090,13948,1538482865,149756793,/world,vicon/IMUframe/IMUframe,-0.0751001036539,0.346448250312,1.65694619395,-0.0426176495728,0.0172490042302,0.193666016296,0.979989633583
2018/10/02/14:21:05.175354,13949,1538482865,159695433,/world,vicon/IMUframe/IMUframe,-0.0747756972866,0.346315163982,1.65720031105,-0.0415580796335,0.0171231734102,0.192832182677,0.980201750801
2018/10/02/14:21:05.185262,13950,1538482865,169749277,/world,vicon/IMUframe/IMUframe,-0.0748766269141,0.345863556833,1.65744803963,-0.0406835498459,0.016427230187,0.190862873947,0.980635690881
2018/10/02/14:21:05.195432,13951,1538482865,179697841,/world,vicon/IMUframe/IMUframe,-0.0753741720771,0.345325075309,1.65776590202,-0.0396472774357,0.015206413366,0.188100262102,0.981231445573
2018/10/02/14:21:05.205580,13952,1538482865,189777578,/world,vicon/IMUframe/IMUframe,-0.0761243786405,0.344650575212,1.65817222063,-0.0386139214445,0.0135709507916,0.184907262112,0.981903304192
2018/10/02/14:21:05.215779,13953,1538482865,199733106,/world,vicon/IMUframe/IMUframe,-0.0771682275177,0.34349739506,1.658783055,-0.0389913839372,0.011684822116,0.179382375083,0.98293697683
2018/10/02/14:21:05.225729,13954,1538482865,209742419,/world,vicon/IMUframe/IMUframe,-0.0782806831813,0.342519979377,1.65941998581,-0.0391604342086,0.0101347371218,0.175107684742,0.983717970884
2018/10/02/14:21:05.235281,13955,1538482865,219743195,/world,vicon/IMUframe/IMUframe,-0.0794500922199,0.341560340356,1.6601027756,-0.0405928481913,0.00937106141257,0.170637870837,0.98445270121
2018/10/02/14:21:05.245403,13956,1538482865,229727570,/world,vicon/IMUframe/IMUframe,-0.0806802505671,0.340331773158,1.66096886687,-0.041274422687,0.00872604289258,0.166849161772,0.985079507158
2018/10/02/14:21:05.255773,13957,1538482865,239728119,/world,vicon/IMUframe/IMUframe,-0.0820650612581,0.3388687978,1.6620517458,-0.0427668825725,0.00841115639918,0.161805927742,0.985859568068
2018/10/02/14:21:05.265633,13958,1538482865,249755642,/world,vicon/IMUframe/IMUframe,-0.083507025682,0.337213196567,1.66316765038,-0.0439066098147,0.0086466658727,0.156977751835,0.986587771165
2018/10/02/14:21:05.275702,13959,1538482865,259714146,/world,vicon/IMUframe/IMUframe,-0.0849349675839,0.335492533303,1.66436776458,-0.044785081304,0.00899043927047,0.152095733707,0.987309655722
2018/10/02/14:21:05.285634,13960,1538482865,269714282,/world,vicon/IMUframe/IMUframe,-0.0863978084125,0.333663045013,1.66564482901,-0.0452312881833,0.00935363974888,0.146828277234,0.988083041549
2018/10/02/14:21:05.295466,13961,1538482865,279707102,/world,vicon/IMUframe/IMUframe,-0.0878153262393,0.331713891359,1.66700687144,-0.045314714487,0.00977966200184,0.140825706811,0.988948459306
2018/10/02/14:21:05.305598,13962,1538482865,289711700,/world,vicon/IMUframe/IMUframe,-0.0892722312506,0.329575088872,1.66846197575,-0.0450408746874,0.0103051124695,0.135717594681,0.989669570492
2018/10/02/14:21:05.315462,13963,1538482865,299765809,/world,vicon/IMUframe/IMUframe,-0.0908970037375,0.327271350059,1.67002142718,-0.0445967659468,0.0108741980727,0.131028406871,0.990315321944
2018/10/02/14:21:05.325604,13964,1538482865,309697497,/world,vicon/IMUframe/IMUframe,-0.09273516761,0.324668297676,1.67193042315,-0.0440287187178,0.011359180791,0.12664042715,0.990905970893
2018/10/02/14:21:05.335357,13965,1538482865,319750204,/world,vicon/IMUframe/IMUframe,-0.0946931047869,0.321845958635,1.67388485442,-0.0437145749063,0.011484284503,0.122401189235,0.991451005357
2018/10/02/14:21:05.345391,13966,1538482865,329722548,/world,vicon/IMUframe/IMUframe,-0.0968288803854,0.318700082464,1.67600758966,-0.0435533959804,0.0113179935573,0.118463107777,0.991938252522
2018/10/02/14:21:05.355268,13967,1538482865,339702634,/world,vicon/IMUframe/IMUframe,-0.0990743186075,0.31548603431,1.6781006155,-0.043436388351,0.0105336835451,0.114846198515,0.992377283277
2018/10/02/14:21:05.365471,13968,1538482865,349707496,/world,vicon/IMUframe/IMUframe,-0.101479751797,0.311988171644,1.68041832609,-0.0435975523981,0.00926060970755,0.110721498282,0.992851572165
2018/10/02/14:21:05.375505,13969,1538482865,359761398,/world,vicon/IMUframe/IMUframe,-0.104061317817,0.308192727868,1.68282068858,-0.0433958774499,0.00788497096936,0.106985943319,0.993281749045
2018/10/02/14:21:05.385448,13970,1538482865,369738787,/world,vicon/IMUframe/IMUframe,-0.106774470723,0.304120307807,1.68533257166,-0.0426191253425,0.00624321555184,0.103328868448,0.993714132616
2018/10/02/14:21:05.395602,13971,1538482865,379727448,/world,vicon/IMUframe/IMUframe,-0.109468816539,0.300195911268,1.68799520253,-0.0425921036582,0.00503960708001,0.0998652431483,0.994076178307
2018/10/02/14:21:05.405448,13972,1538482865,389748001,/world,vicon/IMUframe/IMUframe,-0.112154810096,0.296141668337,1.69073678493,-0.0421931706181,0.00416505059855,0.096771954115,0.994403126304
2018/10/02/14:21:05.415545,13973,1538482865,399712887,/world,vicon/IMUframe/IMUframe,-0.114960539402,0.291993840859,1.69360562713,-0.0416478173208,0.00342060567283,0.0937730661241,0.994716226287
2018/10/02/14:21:05.425239,13974,1538482865,409690813,/world,vicon/IMUframe/IMUframe,-0.117862321867,0.287641576628,1.69648142231,-0.0413357240081,0.00263224264452,0.0910549103941,0.994984136815
2018/10/02/14:21:05.435067,13975,1538482865,419709002,/world,vicon/IMUframe/IMUframe,-0.120751168297,0.283289814053,1.69941848849,-0.041145492072,0.00214235443309,0.0877638317551,0.995288887025
2018/10/02/14:21:05.445122,13976,1538482865,429760475,/world,vicon/IMUframe/IMUframe,-0.123548114473,0.278990663865,1.70232455987,-0.040853708674,0.00166062014094,0.0842331702606,0.995606845023
2018/10/02/14:21:05.455168,13977,1538482865,439802871,/world,vicon/IMUframe/IMUframe,-0.126346848687,0.274753635292,1.70508552235,-0.040801116135,0.00159058823935,0.0804877846099,0.995918900051
2018/10/02/14:21:05.465170,13978,1538482865,449786527,/world,vicon/IMUframe/IMUframe,-0.129251252692,0.270677927735,1.70782893699,-0.0405229497549,0.00140900070304,0.0765229861008,0.996243011448
2018/10/02/14:21:05.475015,13979,1538482865,459765653,/world,vicon/IMUframe/IMUframe,-0.13216976513,0.266792359476,1.71046348511,-0.0405338268056,0.00127591982238,0.0724748511962,0.996545421372
2018/10/02/14:21:05.485102,13980,1538482865,469789963,/world,vicon/IMUframe/IMUframe,-0.134954581649,0.263047707313,1.71287884342,-0.0409952790244,0.00104023027597,0.0687304164611,0.996792072035
2018/10/02/14:21:05.495445,13981,1538482865,479766120,/world,vicon/IMUframe/IMUframe,-0.137709027892,0.259460341029,1.71508830985,-0.041679954019,9.53170183716e-05,0.0646774254467,0.997035407087
2018/10/02/14:21:05.505438,13982,1538482865,489792742,/world,vicon/IMUframe/IMUframe,-0.140236213834,0.256064633217,1.71700158062,-0.0428032546738,-0.000330604610678,0.0603514405993,0.997258981262
2018/10/02/14:21:05.515470,13983,1538482865,499743727,/world,vicon/IMUframe/IMUframe,-0.142660351313,0.252912720432,1.71867908623,-0.0438470670901,-0.000558237282376,0.056031454224,0.997465587986
2018/10/02/14:21:05.525565,13984,1538482865,509745474,/world,vicon/IMUframe/IMUframe,-0.144980735999,0.249971565415,1.72014381195,-0.0446232483455,-0.000374423851982,0.0518259502456,0.997658607137
2018/10/02/14:21:05.535450,13985,1538482865,519744201,/world,vicon/IMUframe/IMUframe,-0.147142626031,0.247219892182,1.72137118057,-0.045046167225,0.000143836084858,0.0478149958372,0.997839941224
2018/10/02/14:21:05.545769,13986,1538482865,529720433,/world,vicon/IMUframe/IMUframe,-0.149157137406,0.24471108908,1.72232929191,-0.0451515230904,0.00118567925738,0.0437871411592,0.998019348708
2018/10/02/14:21:05.555539,13987,1538482865,539724093,/world,vicon/IMUframe/IMUframe,-0.151029883996,0.242455918383,1.7230123385,-0.0446954266642,0.00229536678383,0.040044075419,0.998195132302
2018/10/02/14:21:05.565568,13988,1538482865,549713351,/world,vicon/IMUframe/IMUframe,-0.152854316981,0.240369919168,1.72342836024,-0.0436456719831,0.00350621157195,0.0367346963886,0.99836532586
2018/10/02/14:21:05.575455,13989,1538482865,559743248,/world,vicon/IMUframe/IMUframe,-0.154290683242,0.238581264659,1.7237139645,-0.0427333975171,0.00449431476834,0.0339522467891,0.998499325393
2018/10/02/14:21:05.585679,13990,1538482865,569771418,/world,vicon/IMUframe/IMUframe,-0.155631305877,0.236870173361,1.72384312226,-0.0420348578233,0.00556262749474,0.0318087523537,0.99859417742
2018/10/02/14:21:05.595676,13991,1538482865,579734608,/world,vicon/IMUframe/IMUframe,-0.156919822242,0.235427814696,1.72384968653,-0.0415665663717,0.00659737451526,0.0304335934069,0.998650335003
2018/10/02/14:21:05.605989,13992,1538482865,589715767,/world,vicon/IMUframe/IMUframe,-0.158068005034,0.2340969771,1.72377565224,-0.0414421841029,0.00753959224217,0.0298335686661,0.998666940529
2018/10/02/14:21:05.615884,13993,1538482865,599715646,/world,vicon/IMUframe/IMUframe,-0.159128268735,0.232860592122,1.7235901598,-0.0416527920504,0.00830458938963,0.0297652096656,0.998654149845
2018/10/02/14:21:05.625828,13994,1538482865,609749208,/world,vicon/IMUframe/IMUframe,-0.160141398535,0.231693217889,1.72332336668,-0.0420333035224,0.0088385329627,0.0300332800124,0.99862559742
2018/10/02/14:21:05.635689,13995,1538482865,619744246,/world,vicon/IMUframe/IMUframe,-0.161136962363,0.230541061391,1.7229313357,-0.0425602831823,0.00905303794003,0.0304774129815,0.998587899034
2018/10/02/14:21:05.645691,13996,1538482865,629752016,/world,vicon/IMUframe/IMUframe,-0.162128469373,0.229465639214,1.72242630917,-0.0429210095872,0.00909881620441,0.0307058188895,0.998565046037
2018/10/02/14:21:05.655733,13997,1538482865,639698900,/world,vicon/IMUframe/IMUframe,-0.163185131947,0.228228239233,1.72186660456,-0.0425010679662,0.0084569493934,0.0308600285385,0.998583896259
2018/10/02/14:21:05.665650,13998,1538482865,649727255,/world,vicon/IMUframe/IMUframe,-0.16416028173,0.227093167466,1.72115291843,-0.0419215767275,0.00794614160178,0.0309031033514,0.998611254914
2018/10/02/14:21:05.675931,13999,1538482865,659744236,/world,vicon/IMUframe/IMUframe,-0.165103470763,0.225968586408,1.72039695413,-0.0408889611122,0.00741358287878,0.0308820410448,0.998658816208
2018/10/02/14:21:05.685822,14000,1538482865,669747897,/world,vicon/IMUframe/IMUframe,-0.166042109832,0.224864894429,1.71965402303,-0.0396732690345,0.00698453340332,0.0310315131842,0.998706309786
2018/10/02/14:21:05.695377,14001,1538482865,679719548,/world,vicon/IMUframe/IMUframe,-0.166945384026,0.22373472881,1.71896221388,-0.0382923149813,0.00691560889329,0.0314250300495,0.998748386959
2018/10/02/14:21:05.705394,14002,1538482865,689726096,/world,vicon/IMUframe/IMUframe,-0.167887561307,0.222606644621,1.71834027752,-0.0369690328402,0.00719604831174,0.03200150541,0.998777958883
2018/10/02/14:21:05.715409,14003,1538482865,699703074,/world,vicon/IMUframe/IMUframe,-0.168876558925,0.221202646891,1.71782642438,-0.0352203345309,0.00753134209468,0.0322156389042,0.998831797417
2018/10/02/14:21:05.725250,14004,1538482865,709683864,/world,vicon/IMUframe/IMUframe,-0.16992395399,0.22008101039,1.71725721396,-0.0340441641673,0.0082670959236,0.0325900547419,0.998854613216
2018/10/02/14:21:05.735271,14005,1538482865,719701051,/world,vicon/IMUframe/IMUframe,-0.171010927482,0.21893803672,1.71674369149,-0.0327850785268,0.00877514761148,0.0328173894895,0.998884955517
2018/10/02/14:21:05.745379,14006,1538482865,729703058,/world,vicon/IMUframe/IMUframe,-0.172184107433,0.217845395007,1.71621420051,-0.0316293160907,0.00917443364141,0.0327131879828,0.998922050744
2018/10/02/14:21:05.755351,14007,1538482865,739737950,/world,vicon/IMUframe/IMUframe,-0.173492338021,0.216838679567,1.71561167981,-0.0304451193663,0.00914238290429,0.0322368597822,0.998974622507
2018/10/02/14:21:05.765188,14008,1538482865,749720541,/world,vicon/IMUframe/IMUframe,-0.174845158451,0.215861472461,1.71498731054,-0.0290692198596,0.00874711017404,0.0314856465796,0.999043103464
2018/10/02/14:21:05.775295,14009,1538482865,759709473,/world,vicon/IMUframe/IMUframe,-0.17621019508,0.214940851195,1.71434579999,-0.0276925780049,0.00794226200996,0.0304669307102,0.99912051712
2018/10/02/14:21:05.785782,14010,1538482865,769766409,/world,vicon/IMUframe/IMUframe,-0.177570322928,0.214021793911,1.71366488275,-0.0258495963782,0.00706058483951,0.0294225909363,0.999207815047
2018/10/02/14:21:05.795597,14011,1538482865,779764965,/world,vicon/IMUframe/IMUframe,-0.178955089069,0.213325784876,1.7131347965,-0.0248860885122,0.00609127917346,0.0283245768698,0.99927038246
2018/10/02/14:21:05.805663,14012,1538482865,789738830,/world,vicon/IMUframe/IMUframe,-0.180347530749,0.212724235155,1.71266814333,-0.0241731535226,0.00553020653611,0.0270990536605,0.999325130653
2018/10/02/14:21:05.815400,14013,1538482865,799733230,/world,vicon/IMUframe/IMUframe,-0.181588182281,0.212117704672,1.71230292061,-0.0236668223878,0.00521016667791,0.02607331045,0.999366258267
2018/10/02/14:21:05.825466,14014,1538482865,809716647,/world,vicon/IMUframe/IMUframe,-0.182768959178,0.21156717252,1.71202783391,-0.0234341574025,0.00521254876541,0.0251906343179,0.999394367377
2018/10/02/14:21:05.835484,14015,1538482865,819738423,/world,vicon/IMUframe/IMUframe,-0.183817336584,0.211060737201,1.71181468857,-0.0234515324279,0.0053819752199,0.0245120237829,0.999409936242
2018/10/02/14:21:05.845686,14016,1538482865,829746766,/world,vicon/IMUframe/IMUframe,-0.184804580884,0.21063201963,1.71166078866,-0.0236617446188,0.00580832927337,0.024079616104,0.999413106398
2018/10/02/14:21:05.855713,14017,1538482865,839762284,/world,vicon/IMUframe/IMUframe,-0.185777910844,0.210267626751,1.71152912527,-0.0238612925128,0.00632462556372,0.0238611677703,0.999410467478
2018/10/02/14:21:05.865698,14018,1538482865,849720554,/world,vicon/IMUframe/IMUframe,-0.186664803192,0.209967113698,1.71139578356,-0.0239963042196,0.00692610957679,0.0237015756344,0.999407045053
2018/10/02/14:21:05.875580,14019,1538482865,859718586,/world,vicon/IMUframe/IMUframe,-0.187506167885,0.209670378494,1.7112626414,-0.0238503615814,0.00733361494696,0.023671735863,0.999408338601
2018/10/02/14:21:05.885419,14020,1538482865,869701081,/world,vicon/IMUframe/IMUframe,-0.188351246597,0.20948771977,1.71112246771,-0.0236068342894,0.00765737455233,0.0235010694625,0.99941572017
2018/10/02/14:21:05.895315,14021,1538482865,879699691,/world,vicon/IMUframe/IMUframe,-0.189175847104,0.209359997947,1.71093350156,-0.0232725420966,0.00776395959727,0.0232284292595,0.999429111938
2018/10/02/14:21:05.905388,14022,1538482865,889725748,/world,vicon/IMUframe/IMUframe,-0.189965425063,0.209268152901,1.71072295394,-0.0229709010683,0.00770422048262,0.0229327410131,0.999443381128
2018/10/02/14:21:05.915686,14023,1538482865,899766620,/world,vicon/IMUframe/IMUframe,-0.190777493433,0.209215004164,1.71049012509,-0.0227395051677,0.00752459816344,0.0225645179939,0.999458422274
2018/10/02/14:21:05.925609,14024,1538482865,909734441,/world,vicon/IMUframe/IMUframe,-0.191567764208,0.209249743836,1.71024461058,-0.0225440106595,0.00719234402603,0.0222520486186,0.999472302819
2018/10/02/14:21:05.935568,14025,1538482865,919717803,/world,vicon/IMUframe/IMUframe,-0.192301047904,0.209277361479,1.71001851606,-0.0225036454789,0.00680674841344,0.0219286727204,0.999483060101
2018/10/02/14:21:05.945539,14026,1538482865,929768440,/world,vicon/IMUframe/IMUframe,-0.192999082098,0.2093087237,1.70981115464,-0.0225612713879,0.00635398113762,0.0217483948695,0.999488680915
2018/10/02/14:21:05.955349,14027,1538482865,939690593,/world,vicon/IMUframe/IMUframe,-0.193670169253,0.209381207315,1.70957185821,-0.0226763904626,0.0058541396891,0.0217620411592,0.999488831318
2018/10/02/14:21:05.965470,14028,1538482865,949747370,/world,vicon/IMUframe/IMUframe,-0.194297493894,0.209429085446,1.70933272011,-0.0227140415394,0.00537706004362,0.0217238883348,0.999491486816
2018/10/02/14:21:05.975379,14029,1538482865,959722388,/world,vicon/IMUframe/IMUframe,-0.194914120652,0.20948129989,1.7090716654,-0.0225248325484,0.00493089317276,0.0217515316589,0.999497468272
2018/10/02/14:21:05.985468,14030,1538482865,969716065,/world,vicon/IMUframe/IMUframe,-0.195503814688,0.209551095295,1.70880352994,-0.0222424206904,0.00442983820524,0.0217372529517,0.999506449749
2018/10/02/14:21:05.995396,14031,1538482865,979748033,/world,vicon/IMUframe/IMUframe,-0.196055883818,0.209577985178,1.70852705968,-0.0217969043242,0.00400747336579,0.0219505036905,0.999513386857
2018/10/02/14:21:06.005300,14032,1538482865,989719235,/world,vicon/IMUframe/IMUframe,-0.196599077695,0.20964194697,1.70822738241,-0.0213049278211,0.0035709050041,0.022034007199,0.99952381223
2018/10/02/14:21:06.015399,14033,1538482865,999738761,/world,vicon/IMUframe/IMUframe,-0.197008603964,0.209549690232,1.70796615966,-0.0207199757521,0.00295917329745,0.0220759313958,0.999537182476
2018/10/02/14:21:06.025261,14034,1538482866,9729719,/world,vicon/IMUframe/IMUframe,-0.197493735859,0.209606661232,1.70770244048,-0.0201097231952,0.00258289603113,0.0220675540686,0.999550874512
2018/10/02/14:21:06.035056,14035,1538482866,19744284,/world,vicon/IMUframe/IMUframe,-0.197976482649,0.209650338781,1.7074377898,-0.0195658293859,0.00219622465425,0.0221273489252,0.999561271432
2018/10/02/14:21:06.045146,14036,1538482866,29728424,/world,vicon/IMUframe/IMUframe,-0.198398326132,0.209643994344,1.70721038615,-0.0190928546289,0.00183521132518,0.0222339457906,0.999568780303
2018/10/02/14:21:06.055124,14037,1538482866,39793272,/world,vicon/IMUframe/IMUframe,-0.198828792612,0.209696915632,1.70701267728,-0.0187854893326,0.00148780327511,0.0222617775539,0.999574562047
2018/10/02/14:21:06.065216,14038,1538482866,49708829,/world,vicon/IMUframe/IMUframe,-0.199233418431,0.209727017479,1.70683151284,-0.0185077767713,0.00117327258345,0.0222300808216,0.999580866732
2018/10/02/14:21:06.075261,14039,1538482866,59779685,/world,vicon/IMUframe/IMUframe,-0.199605641103,0.209748166233,1.70667220548,-0.0182906449624,0.000893144867426,0.0223281758867,0.999582966622
2018/10/02/14:21:06.085164,14040,1538482866,69772722,/world,vicon/IMUframe/IMUframe,-0.199935150985,0.209770316304,1.70651500288,-0.0182644048312,0.000652968418974,0.0225622087393,0.99957837706
2018/10/02/14:21:06.095164,14041,1538482866,79772962,/world,vicon/IMUframe/IMUframe,-0.200302570253,0.209799305234,1.70635781444,-0.0183424136585,0.000437396612327,0.0227542893445,0.999572712143
2018/10/02/14:21:06.105177,14042,1538482866,89766054,/world,vicon/IMUframe/IMUframe,-0.200752729346,0.20991700567,1.70621474234,-0.0183795606301,0.000262460352304,0.0231350161107,0.999563351617
2018/10/02/14:21:06.115550,14043,1538482866,99779920,/world,vicon/IMUframe/IMUframe,-0.201095651222,0.20991301976,1.7060378092,-0.0183577753656,4.88652255346e-05,0.0234477217882,0.999556498673
2018/10/02/14:21:06.125539,14044,1538482866,109759533,/world,vicon/IMUframe/IMUframe,-0.201439116127,0.209897023151,1.70583453302,-0.0182239979156,-0.00026009758446,0.0236555933332,0.999554016126
2018/10/02/14:21:06.135422,14045,1538482866,119771957,/world,vicon/IMUframe/IMUframe,-0.201793322838,0.209892415017,1.70560398057,-0.0180998118651,-0.000479640055027,0.0238220525774,0.999552238038
2018/10/02/14:21:06.145622,14046,1538482866,129753442,/world,vicon/IMUframe/IMUframe,-0.202144135965,0.20987839217,1.70535573624,-0.0179357888039,-0.000621858422617,0.0237977432351,0.999555695391
2018/10/02/14:21:06.155344,14047,1538482866,139756688,/world,vicon/IMUframe/IMUframe,-0.202491859207,0.209830091711,1.7050768899,-0.0176960948201,-0.000794728380043,0.0237067624957,0.999562007105
2018/10/02/14:21:06.165448,14048,1538482866,149725777,/world,vicon/IMUframe/IMUframe,-0.202824292674,0.209799843324,1.70474195481,-0.0174138544787,-0.000841849427052,0.0235834865367,0.999569841544
2018/10/02/14:21:06.175288,14049,1538482866,159720893,/world,vicon/IMUframe/IMUframe,-0.20313518623,0.209740164096,1.70436905338,-0.0171351268939,-0.000785769722024,0.0235224484717,0.999576142377
2018/10/02/14:21:06.185375,14050,1538482866,169707454,/world,vicon/IMUframe/IMUframe,-0.203431689678,0.209703826022,1.70398140548,-0.0168597837359,-0.000651852903655,0.0233665775731,0.999584576628
2018/10/02/14:21:06.195190,14051,1538482866,179748553,/world,vicon/IMUframe/IMUframe,-0.20371245268,0.209630282829,1.70354577704,-0.0165318269453,-0.000477321309361,0.0232495179631,0.999592882516
2018/10/02/14:21:06.205234,14052,1538482866,189748916,/world,vicon/IMUframe/IMUframe,-0.203963749289,0.209562073486,1.70304976815,-0.0162958537444,-0.000294488369137,0.0231198062513,0.999599836428
2018/10/02/14:21:06.215237,14053,1538482866,199740681,/world,vicon/IMUframe/IMUframe,-0.204222811805,0.209458777674,1.70249305976,-0.0160998449624,-7.28533279386e-05,0.0229823184067,0.999606223833
2018/10/02/14:21:06.225177,14054,1538482866,209759818,/world,vicon/IMUframe/IMUframe,-0.2044683022,0.209322317249,1.70186628374,-0.0158571556295,0.000212720613704,0.0227680457703,0.999614986611
2018/10/02/14:21:06.235121,14055,1538482866,219776490,/world,vicon/IMUframe/IMUframe,-0.204673985162,0.209144163058,1.70112952062,-0.0155946930073,0.000477542861831,0.0225613051824,0.999623711709
2018/10/02/14:21:06.245151,14056,1538482866,229804560,/world,vicon/IMUframe/IMUframe,-0.204901662822,0.208937800789,1.70029454694,-0.0153752793156,0.000664505312044,0.022327064695,0.999632263085
2018/10/02/14:21:06.255328,14057,1538482866,239798823,/world,vicon/IMUframe/IMUframe,-0.205037342228,0.208622387663,1.69936551205,-0.0150875096451,0.000671158621088,0.0217853103227,0.999648596684
2018/10/02/14:21:06.265390,14058,1538482866,249823840,/world,vicon/IMUframe/IMUframe,-0.205216607579,0.208298457414,1.69832133427,-0.014644706545,0.000729446717364,0.0213851358429,0.9996637817
2018/10/02/14:21:06.275246,14059,1538482866,259750269,/world,vicon/IMUframe/IMUframe,-0.205343626341,0.207881351427,1.69719220614,-0.0142071303236,0.000717976528358,0.02108047724,0.999676575417
2018/10/02/14:21:06.285223,14060,1538482866,269726668,/world,vicon/IMUframe/IMUframe,-0.205481064817,0.207410844033,1.69599393088,-0.0137170523143,0.000747486736197,0.0206445784357,0.999692495281
2018/10/02/14:21:06.295196,14061,1538482866,279734832,/world,vicon/IMUframe/IMUframe,-0.205629498489,0.206804106097,1.69475679481,-0.0129421511381,0.00080600054576,0.020270674159,0.999710433504
2018/10/02/14:21:06.305244,14062,1538482866,289713746,/world,vicon/IMUframe/IMUframe,-0.205784613014,0.206082828352,1.69350218667,-0.0119481264103,0.00105311442411,0.0200959507672,0.999726105485
2018/10/02/14:21:06.315431,14063,1538482866,299747179,/world,vicon/IMUframe/IMUframe,-0.205961574563,0.205191652458,1.69225208905,-0.0106271101256,0.00110738731368,0.0199784085587,0.999743317765
2018/10/02/14:21:06.325810,14064,1538482866,309725839,/world,vicon/IMUframe/IMUframe,-0.206218077692,0.204176560235,1.69104778586,-0.00903904194217,0.000962231368176,0.0197650613709,0.999763328083
2018/10/02/14:21:06.335472,14065,1538482866,319726592,/world,vicon/IMUframe/IMUframe,-0.206556400912,0.203054774691,1.68994261479,-0.00709472393313,0.000424204407192,0.0193410437651,0.999787681945
2018/10/02/14:21:06.345388,14066,1538482866,329713448,/world,vicon/IMUframe/IMUframe,-0.206922977099,0.201748467468,1.68900223865,-0.00470998740381,-0.000527747340975,0.0189525375996,0.999809151198
2018/10/02/14:21:06.355394,14067,1538482866,339749924,/world,vicon/IMUframe/IMUframe,-0.207294779499,0.200293945072,1.68839822471,-0.00188214354794,-0.00189848317267,0.0185778262586,0.999823843319
2018/10/02/14:21:06.365207,14068,1538482866,349775696,/world,vicon/IMUframe/IMUframe,-0.20772750806,0.198716691546,1.6882453387,0.00102209464556,-0.00336141990162,0.0182078897294,0.999828049682
2018/10/02/14:21:06.375283,14069,1538482866,359706943,/world,vicon/IMUframe/IMUframe,-0.208140862944,0.196977877752,1.68867864124,0.00390764824343,-0.00473933877255,0.0181529289132,0.999816353199
2018/10/02/14:21:06.385265,14070,1538482866,369742361,/world,vicon/IMUframe/IMUframe,-0.208603219329,0.194824851241,1.68979881511,0.007318738371,-0.00644637811956,0.0184590997928,0.999782047205
2018/10/02/14:21:06.395249,14071,1538482866,379741298,/world,vicon/IMUframe/IMUframe,-0.209112551637,0.192794217694,1.69170506021,0.0104102959685,-0.00757182292349,0.019132470063,0.999734085557
2018/10/02/14:21:06.405521,14072,1538482866,389735900,/world,vicon/IMUframe/IMUframe,-0.209901867523,0.190651779721,1.69450404454,0.0137913076479,-0.00922765848048,0.0203695925529,0.999654805346
2018/10/02/14:21:06.415426,14073,1538482866,399773706,/world,vicon/IMUframe/IMUframe,-0.21037432875,0.188200273189,1.69843568005,0.0170910634646,-0.010081644497,0.0215367532143,0.999571120158
2018/10/02/14:21:06.425511,14074,1538482866,409754938,/world,vicon/IMUframe/IMUframe,-0.210884178039,0.185824887069,1.70341839106,0.0196965605925,-0.0106643191052,0.0231471143235,0.999481129836
2018/10/02/14:21:06.435648,14075,1538482866,419745785,/world,vicon/IMUframe/IMUframe,-0.21132351558,0.183086134619,1.70980026317,0.0224130284216,-0.0112326052863,0.0246536801878,0.999381649215
2018/10/02/14:21:06.445623,14076,1538482866,429730503,/world,vicon/IMUframe/IMUframe,-0.21187542646,0.180918912024,1.71690425822,0.0236198815287,-0.0112052508226,0.0267893955782,0.99929919035
2018/10/02/14:21:06.455701,14077,1538482866,439709787,/world,vicon/IMUframe/IMUframe,-0.212515622025,0.178480031796,1.72507609347,0.0240463212941,-0.0109642201929,0.0281996559401,0.99925289077
2018/10/02/14:21:06.465665,14078,1538482866,449741312,/world,vicon/IMUframe/IMUframe,-0.213171880406,0.176072830387,1.73417305485,0.0239658064302,-0.0102635240157,0.0293965875779,0.99922777225
2018/10/02/14:21:06.475425,14079,1538482866,459740180,/world,vicon/IMUframe/IMUframe,-0.213802821354,0.173810850538,1.74401489605,0.0235122807549,-0.00937179020075,0.0304893986081,0.99921456093
2018/10/02/14:21:06.485512,14080,1538482866,469720011,/world,vicon/IMUframe/IMUframe,-0.214358630855,0.171889017394,1.75450814118,0.0219851888527,-0.00750332367385,0.0306764452537,0.999259379396
2018/10/02/14:21:06.495362,14081,1538482866,479731642,/world,vicon/IMUframe/IMUframe,-0.215082681519,0.169743727061,1.7656648344,0.0207786588308,-0.00675928876695,0.0301606797025,0.999306205701
2018/10/02/14:21:06.505617,14082,1538482866,489749167,/world,vicon/IMUframe/IMUframe,-0.215835014882,0.16773273848,1.77715734817,0.0193849668964,-0.00614436836802,0.029445433889,0.999359512998
2018/10/02/14:21:06.515553,14083,1538482866,499774149,/world,vicon/IMUframe/IMUframe,-0.216721864446,0.165796795828,1.78937740148,0.0177852291834,-0.00673190945712,0.0282132983299,0.999421020799
2018/10/02/14:21:06.525812,14084,1538482866,509794166,/world,vicon/IMUframe/IMUframe,-0.217451544627,0.164072451687,1.80194180576,0.0158454336797,-0.00718809844068,0.0268444687791,0.999488183006
2018/10/02/14:21:06.535897,14085,1538482866,519796883,/world,vicon/IMUframe/IMUframe,-0.218108445093,0.162672493916,1.81472922534,0.0137157716576,-0.00789605597573,0.0256526745919,0.999545631872
2018/10/02/14:21:06.545799,14086,1538482866,529794039,/world,vicon/IMUframe/IMUframe,-0.218691563268,0.161463819344,1.82797288551,0.0112821907303,-0.00861889599215,0.0240864898803,0.999609057487
2018/10/02/14:21:06.555606,14087,1538482866,539757463,/world,vicon/IMUframe/IMUframe,-0.219309885685,0.160694842318,1.84134043604,0.00842149178713,-0.00883167287026,0.0220199574745,0.999683050523
2018/10/02/14:21:06.566066,14088,1538482866,549742027,/world,vicon/IMUframe/IMUframe,-0.219579369622,0.159704038516,1.85501553341,0.00524318033306,-0.00801519994153,0.0211088231291,0.99973130551
2018/10/02/14:21:06.575974,14089,1538482866,559717265,/world,vicon/IMUframe/IMUframe,-0.219862938498,0.159088300628,1.86870879268,0.00103469828743,-0.00684647378865,0.0194621534461,0.999786617124
2018/10/02/14:21:06.585719,14090,1538482866,569741917,/world,vicon/IMUframe/IMUframe,-0.220130355931,0.158463266496,1.8822802894,-0.00323166056359,-0.00493682438492,0.0183872149703,0.999813529845
2018/10/02/14:21:06.595856,14091,1538482866,579729472,/world,vicon/IMUframe/IMUframe,-0.220491075106,0.158342908484,1.8956151502,-0.00750094978412,-0.00289725602252,0.0167477721628,0.999827412
2018/10/02/14:21:06.605526,14092,1538482866,589765121,/world,vicon/IMUframe/IMUframe,-0.220775641534,0.158126224608,1.90858642887,-0.0113697903003,-0.000531655268197,0.0158655725435,0.999809346235
2018/10/02/14:21:06.615693,14093,1538482866,599743811,/world,vicon/IMUframe/IMUframe,-0.220966952198,0.157616158188,1.92081811647,-0.0153742342106,0.00210940612715,0.0148706716345,0.999768996545
2018/10/02/14:21:06.625508,14094,1538482866,609754591,/world,vicon/IMUframe/IMUframe,-0.221156999409,0.157509455371,1.93252251126,-0.0186855035955,0.00406600438158,0.0146567106242,0.999709708064
2018/10/02/14:21:06.635829,14095,1538482866,619728272,/world,vicon/IMUframe/IMUframe,-0.221354437569,0.157338154241,1.94345050586,-0.0217239964722,0.00560074547812,0.013963472086,0.999650799567
2018/10/02/14:21:06.645861,14096,1538482866,629754267,/world,vicon/IMUframe/IMUframe,-0.221727109065,0.157333671025,1.95362852098,-0.0241471811123,0.00656885906695,0.0135991590708,0.99959433102
2018/10/02/14:21:06.655705,14097,1538482866,639732842,/world,vicon/IMUframe/IMUframe,-0.222170824218,0.157188594432,1.96296005401,-0.0262590614754,0.00719013681534,0.0132751742986,0.999541161419
2018/10/02/14:21:06.665647,14098,1538482866,649769253,/world,vicon/IMUframe/IMUframe,-0.222675845157,0.157455712105,1.97135252986,-0.0280328131584,0.00734000697323,0.0124696893626,0.999502272399
2018/10/02/14:21:06.675828,14099,1538482866,659753828,/world,vicon/IMUframe/IMUframe,-0.223202220257,0.157430107762,1.9788254773,-0.0297024908868,0.00736708860349,0.0121920029741,0.999457274276
2018/10/02/14:21:06.685629,14100,1538482866,669728294,/world,vicon/IMUframe/IMUframe,-0.223566663147,0.157891479558,1.98549906356,-0.0310030057082,0.00818490558806,0.0112059565038,0.999422957259
2018/10/02/14:21:06.695344,14101,1538482866,679735536,/world,vicon/IMUframe/IMUframe,-0.224073465534,0.157999696396,1.99109594437,-0.032387882477,0.00851558213307,0.0102444049104,0.999386592915
2018/10/02/14:21:06.705152,14102,1538482866,689725454,/world,vicon/IMUframe/IMUframe,-0.22463534318,0.158472843961,1.99586792046,-0.0332421523688,0.00925820440788,0.00925027986291,0.999361634885
2018/10/02/14:21:06.715311,14103,1538482866,699776155,/world,vicon/IMUframe/IMUframe,-0.2251978757,0.158748164528,1.99972670939,-0.0343766970632,0.0103622256099,0.00798119136839,0.999323354858
2018/10/02/14:21:06.725166,14104,1538482866,709806709,/world,vicon/IMUframe/IMUframe,-0.225809265619,0.158981872375,2.00270676504,-0.0354784174787,0.0119464654069,0.00706172230983,0.999274084491
2018/10/02/14:21:06.735093,14105,1538482866,719756661,/world,vicon/IMUframe/IMUframe,-0.226254906333,0.159319700081,2.00465629909,-0.0366998782176,0.0125455133591,0.00562559916258,0.999231745726
2018/10/02/14:21:06.745182,14106,1538482866,729804482,/world,vicon/IMUframe/IMUframe,-0.226782615559,0.159603226695,2.0056629567,-0.0380854206269,0.0133242817422,0.00470646783477,0.999174566036
2018/10/02/14:21:06.755213,14107,1538482866,739803201,/world,vicon/IMUframe/IMUframe,-0.22730446409,0.159800957499,2.00573983471,-0.0393730338967,0.0138734494299,0.00379944729132,0.999121041618
2018/10/02/14:21:06.765228,14108,1538482866,749769601,/world,vicon/IMUframe/IMUframe,-0.228039347477,0.16001992227,2.00489856153,-0.0409059154983,0.0145863410869,0.00315897171686,0.99905153302
2018/10/02/14:21:06.775105,14109,1538482866,759746169,/world,vicon/IMUframe/IMUframe,-0.228584979774,0.160069209989,2.00317565765,-0.0426283076373,0.0150217819822,0.00227994437119,0.998975462816
2018/10/02/14:21:06.785153,14110,1538482866,769769534,/world,vicon/IMUframe/IMUframe,-0.228955712777,0.160087034012,2.00042312675,-0.0445707362746,0.0148888871563,0.000821453412291,0.998894937279
2018/10/02/14:21:06.795206,14111,1538482866,779779673,/world,vicon/IMUframe/IMUframe,-0.229332049762,0.159884211853,1.99671476513,-0.0466557039319,0.0145835025498,-0.00019645008001,0.998804549525
2018/10/02/14:21:06.805152,14112,1538482866,789759328,/world,vicon/IMUframe/IMUframe,-0.229647516435,0.159199082621,1.9920915732,-0.0487854732337,0.0146748794218,-0.000973306131894,0.998700995389
2018/10/02/14:21:06.815233,14113,1538482866,799779119,/world,vicon/IMUframe/IMUframe,-0.229872186208,0.158576591649,1.98632913195,-0.0506164288226,0.0140729101466,-0.00155993884371,0.998617793214
2018/10/02/14:21:06.825254,14114,1538482866,809683084,/world,vicon/IMUframe/IMUframe,-0.230167693482,0.157680977851,1.97980518642,-0.0520378780435,0.0136918535421,-0.00156669235973,0.998550017711
2018/10/02/14:21:06.835429,14115,1538482866,819772175,/world,vicon/IMUframe/IMUframe,-0.230216721323,0.156437902968,1.97229044975,-0.0529023012502,0.0135424975567,-0.00113194087489,0.998507218798
2018/10/02/14:21:06.845601,14116,1538482866,829759464,/world,vicon/IMUframe/IMUframe,-0.230438376761,0.155105624069,1.96384327166,-0.053174737441,0.0134368578786,-0.000181639219091,0.998494799764
2018/10/02/14:21:06.855587,14117,1538482866,839716413,/world,vicon/IMUframe/IMUframe,-0.230604574265,0.153093116756,1.95454616908,-0.0526501715908,0.0133155724671,0.00163034355935,0.99852290757
2018/10/02/14:21:06.865547,14118,1538482866,849754376,/world,vicon/IMUframe/IMUframe,-0.230482779894,0.151121257956,1.9443360172,-0.0513884996083,0.0133421079268,0.00316834989836,0.998584584211
2018/10/02/14:21:06.875672,14119,1538482866,859710558,/world,vicon/IMUframe/IMUframe,-0.230566508553,0.148853981036,1.93335952161,-0.0490777175496,0.0135804879443,0.00545239192518,0.998687748703
2018/10/02/14:21:06.885807,14120,1538482866,869747502,/world,vicon/IMUframe/IMUframe,-0.230492678915,0.146119636187,1.92134095058,-0.0465406814611,0.0137130555152,0.00819230802162,0.998788667921
2018/10/02/14:21:06.895567,14121,1538482866,879729036,/world,vicon/IMUframe/IMUframe,-0.230341676677,0.143050298451,1.90845831394,-0.0434652875496,0.0138303453411,0.0106827494258,0.998902081883
2018/10/02/14:21:06.906389,14122,1538482866,889715923,/world,vicon/IMUframe/IMUframe,-0.230438042141,0.139689818325,1.89488850203,-0.0398454824599,0.0135199924097,0.0146079413191,0.999007585248
2018/10/02/14:21:06.915511,14123,1538482866,899732321,/world,vicon/IMUframe/IMUframe,-0.23044909743,0.136429288315,1.88054894168,-0.0353972121296,0.0128504315585,0.01860850365,0.999117424217
2018/10/02/14:21:06.925839,14124,1538482866,909758527,/world,vicon/IMUframe/IMUframe,-0.230627604058,0.133231499622,1.86537660091,-0.0303649309792,0.0117977058729,0.0225777347011,0.999214206764
2018/10/02/14:21:06.935634,14125,1538482866,919760690,/world,vicon/IMUframe/IMUframe,-0.230922057023,0.130156273007,1.84981319271,-0.025133522169,0.0100902369636,0.0264204070784,0.999283971287
2018/10/02/14:21:06.945673,14126,1538482866,929762809,/world,vicon/IMUframe/IMUframe,-0.231336191442,0.126874222037,1.8336560754,-0.0206520848947,0.00806966558136,0.0300215520481,0.999303296452
2018/10/02/14:21:06.955893,14127,1538482866,939710488,/world,vicon/IMUframe/IMUframe,-0.231458720031,0.123480124717,1.81682497153,-0.0156298352625,0.00596886839005,0.0345132745105,0.999264186661
2018/10/02/14:21:06.965548,14128,1538482866,949738585,/world,vicon/IMUframe/IMUframe,-0.232115774638,0.120544611214,1.79950484052,-0.0108898467709,0.0028451918119,0.0373696448687,0.999238122653
2018/10/02/14:21:06.975772,14129,1538482866,959729674,/world,vicon/IMUframe/IMUframe,-0.23249098276,0.117828825334,1.78156968288,-0.00778955237093,0.000538913078133,0.0397915084108,0.999177495896
2018/10/02/14:21:06.985656,14130,1538482866,969758646,/world,vicon/IMUframe/IMUframe,-0.232870440147,0.11481758334,1.76343873599,-0.00458154785476,-0.00202704261248,0.0421868549243,0.99909717735
2018/10/02/14:21:06.995713,14131,1538482866,979755804,/world,vicon/IMUframe/IMUframe,-0.233343572883,0.112013834523,1.74496255651,-0.00119604506293,-0.0046584464799,0.0434955285202,0.999042044837
2018/10/02/14:21:07.005876,14132,1538482866,989774084,/world,vicon/IMUframe/IMUframe,-0.233898277366,0.109150165197,1.72615367254,0.00230819417821,-0.00687780753812,0.0447940891096,0.998969898237
2018/10/02/14:21:07.015877,14133,1538482866,999773998,/world,vicon/IMUframe/IMUframe,-0.234480219046,0.106411446564,1.70702355653,0.00589604261258,-0.00860494858311,0.0452987574808,0.9989190228
2018/10/02/14:21:07.025922,14134,1538482867,9776650,/world,vicon/IMUframe/IMUframe,-0.235060566422,0.103688042181,1.6876746017,0.00931303259512,-0.00969033477398,0.0455738559623,0.998870556423
2018/10/02/14:21:07.035949,14135,1538482867,19775400,/world,vicon/IMUframe/IMUframe,-0.23552231197,0.101111812889,1.66790028998,0.0129418881796,-0.0100203210262,0.0452553837422,0.99884135424
2018/10/02/14:21:07.046071,14136,1538482867,29753413,/world,vicon/IMUframe/IMUframe,-0.236087782582,0.0986054619923,1.64795927427,0.0166923945721,-0.00995276608332,0.044611009774,0.998815380447
2018/10/02/14:21:07.055375,14137,1538482867,39757251,/world,vicon/IMUframe/IMUframe,-0.236751592254,0.0962242301797,1.62772011954,0.0207516948047,-0.00931915927471,0.0436893233179,0.998786145009
2018/10/02/14:21:07.065614,14138,1538482867,49751305,/world,vicon/IMUframe/IMUframe,-0.237311346393,0.0938268116241,1.60775553544,0.0254081966123,-0.0087573213663,0.0421741699089,0.998748753321
2018/10/02/14:21:07.075398,14139,1538482867,59777195,/world,vicon/IMUframe/IMUframe,-0.237624629583,0.0920262397577,1.58766059374,0.030456734019,-0.00802832892492,0.0403304273574,0.998689836694
2018/10/02/14:21:07.085464,14140,1538482867,69723525,/world,vicon/IMUframe/IMUframe,-0.238115078674,0.0906221800314,1.5676562069,0.0348582827082,-0.00739543587967,0.0398331637092,0.998570741973
2018/10/02/14:21:07.095366,14141,1538482867,79726126,/world,vicon/IMUframe/IMUframe,-0.238679732686,0.0897157903837,1.54782292813,0.0390592812761,-0.00680234547761,0.039216537439,0.998443871148
2018/10/02/14:21:07.105536,14142,1538482867,89710236,/world,vicon/IMUframe/IMUframe,-0.239010196641,0.0892517738429,1.52847081985,0.0416920175017,-0.00594144328633,0.0401273920568,0.998306700035
2018/10/02/14:21:07.115317,14143,1538482867,99734557,/world,vicon/IMUframe/IMUframe,-0.239339939963,0.0892224127103,1.50945569231,0.0435161060093,-0.00460874572469,0.0421951176751,0.998150629928
2018/10/02/14:21:07.125197,14144,1538482867,109710072,/world,vicon/IMUframe/IMUframe,-0.239799141886,0.0893217186508,1.4907925536,0.0440877495457,-0.00303777771227,0.0447345190149,0.998020974256
2018/10/02/14:21:07.135464,14145,1538482867,119783356,/world,vicon/IMUframe/IMUframe,-0.24025836911,0.0903634095299,1.4723900826,0.0437904540873,-0.0013444524109,0.0480118763506,0.997885488575
2018/10/02/14:21:07.145213,14146,1538482867,129780934,/world,vicon/IMUframe/IMUframe,-0.241034770013,0.0920449560148,1.45431566885,0.0434480347673,-0.000230774381865,0.0507174783335,0.997767484141
2018/10/02/14:21:07.155368,14147,1538482867,139800297,/world,vicon/IMUframe/IMUframe,-0.241741323746,0.0940327362281,1.43657340708,0.0430493865706,0.00104735134229,0.0526751794109,0.997682804726
2018/10/02/14:21:07.165238,14148,1538482867,149752860,/world,vicon/IMUframe/IMUframe,-0.242814226611,0.0966731679268,1.41912691369,0.0423261314415,0.00166134116146,0.0531297134746,0.997688815257
2018/10/02/14:21:07.175329,14149,1538482867,159739254,/world,vicon/IMUframe/IMUframe,-0.243832601152,0.0994183996956,1.40188991185,0.0429381965035,0.00208573965524,0.0525595249853,0.997692065371
2018/10/02/14:21:07.185510,14150,1538482867,169798280,/world,vicon/IMUframe/IMUframe,-0.245294149524,0.102232236998,1.38497115448,0.0445639520103,0.00247529657464,0.0500921219871,0.99774681478
2018/10/02/14:21:07.195497,14151,1538482867,179766546,/world,vicon/IMUframe/IMUframe,-0.246897646205,0.105343171641,1.36847055388,0.047563503798,0.00325865351561,0.0463659085847,0.997786197943
2018/10/02/14:21:07.205374,14152,1538482867,189730991,/world,vicon/IMUframe/IMUframe,-0.248610023119,0.108756054,1.35247325868,0.0526222062905,0.00401023763464,0.0417342889238,0.997733967813
2018/10/02/14:21:07.215401,14153,1538482867,199752337,/world,vicon/IMUframe/IMUframe,-0.250360018751,0.111931082631,1.33713090715,0.0595040735009,0.00448320820275,0.0372509033047,0.997522699633
2018/10/02/14:21:07.225685,14154,1538482867,209734143,/world,vicon/IMUframe/IMUframe,-0.251780905116,0.114888653078,1.32243135196,0.0674808602967,0.00584013873431,0.0336377307911,0.997136264179
2018/10/02/14:21:07.235904,14155,1538482867,219774400,/world,vicon/IMUframe/IMUframe,-0.253259478899,0.118329830775,1.30827412222,0.0770852447869,0.00603250841108,0.0285986948284,0.996596000661
2018/10/02/14:21:07.245932,14156,1538482867,229730436,/world,vicon/IMUframe/IMUframe,-0.254624529275,0.121005088216,1.29553128389,0.0876426661585,0.00732627460896,0.026126625585,0.995782349816
2018/10/02/14:21:07.255344,14157,1538482867,239740475,/world,vicon/IMUframe/IMUframe,-0.25590773434,0.12390129851,1.28383435185,0.0979176903637,0.00879004989717,0.0246544989233,0.994850248339
2018/10/02/14:21:07.265396,14158,1538482867,249769522,/world,vicon/IMUframe/IMUframe,-0.257001765943,0.126562395261,1.27315082062,0.108391184388,0.00878813265742,0.0238980716678,0.993782170318
2018/10/02/14:21:07.275301,14159,1538482867,259727975,/world,vicon/IMUframe/IMUframe,-0.257871527392,0.129203380926,1.2636130123,0.118275925694,0.00718416335851,0.0237574491254,0.992670527823
2018/10/02/14:21:07.285253,14160,1538482867,269732524,/world,vicon/IMUframe/IMUframe,-0.258839090497,0.131612437303,1.25558516838,0.127066815467,0.0048063530708,0.0245499271746,0.991578652681
2018/10/02/14:21:07.295460,14161,1538482867,279798858,/world,vicon/IMUframe/IMUframe,-0.259614138806,0.1338854185,1.24905572649,0.134313379463,0.00157242635925,0.0266618147721,0.990578917202
2018/10/02/14:21:07.305608,14162,1538482867,289745221,/world,vicon/IMUframe/IMUframe,-0.260136207331,0.135806370622,1.24405183132,0.139551883329,-0.002119617057,0.0295955427664,0.989770116204
2018/10/02/14:21:07.315331,14163,1538482867,299763224,/world,vicon/IMUframe/IMUframe,-0.260546681329,0.137380629923,1.24058287687,0.143207038063,-0.00646285993191,0.0328054227888,0.98912778746
2018/10/02/14:21:07.325611,14164,1538482867,309742619,/world,vicon/IMUframe/IMUframe,-0.260674443261,0.138690398806,1.23863304634,0.145343762626,-0.0103484729202,0.0362048911816,0.988664404957
2018/10/02/14:21:07.335330,14165,1538482867,319715130,/world,vicon/IMUframe/IMUframe,-0.260710781115,0.139401159004,1.23836358854,0.146584447125,-0.0140909966197,0.0396753178161,0.988301731675
2018/10/02/14:21:07.345255,14166,1538482867,329711694,/world,vicon/IMUframe/IMUframe,-0.260611838955,0.139633147414,1.23949987505,0.146861180435,-0.0172704226818,0.042669257953,0.988085452078
2018/10/02/14:21:07.355409,14167,1538482867,339741693,/world,vicon/IMUframe/IMUframe,-0.26022538023,0.139380656662,1.24223941118,0.145966831348,-0.0197930149477,0.0455081934921,0.988043989421
2018/10/02/14:21:07.365534,14168,1538482867,349740563,/world,vicon/IMUframe/IMUframe,-0.259872840994,0.138737158068,1.24648662365,0.144819211888,-0.0213864740267,0.0478082345821,0.988071043652
2018/10/02/14:21:07.375558,14169,1538482867,359768528,/world,vicon/IMUframe/IMUframe,-0.259215950054,0.137521297308,1.25217496402,0.142490123398,-0.0219366813034,0.0492588447323,0.988326319068
2018/10/02/14:21:07.385867,14170,1538482867,369722616,/world,vicon/IMUframe/IMUframe,-0.258348338091,0.135943956748,1.25944826962,0.139487215908,-0.0211581953848,0.0507918807807,0.988694003326
2018/10/02/14:21:07.395648,14171,1538482867,379735856,/world,vicon/IMUframe/IMUframe,-0.257405776522,0.133869601235,1.26830768823,0.135778316802,-0.0198804622116,0.0521641802809,0.989165261321
2018/10/02/14:21:07.405567,14172,1538482867,389748453,/world,vicon/IMUframe/IMUframe,-0.256433806148,0.131443285307,1.27862151543,0.13148143454,-0.0180829640657,0.0537688158322,0.989694171563
2018/10/02/14:21:07.415449,14173,1538482867,399733244,/world,vicon/IMUframe/IMUframe,-0.255651171932,0.128772772482,1.29043448368,0.126614169561,-0.0151524784945,0.0561870550689,0.9902435404
2018/10/02/14:21:07.425217,14174,1538482867,409727104,/world,vicon/IMUframe/IMUframe,-0.254486022166,0.125803892709,1.30353428102,0.121459559491,-0.0136951418144,0.0574879378167,0.990835584497
2018/10/02/14:21:07.435153,14175,1538482867,419744281,/world,vicon/IMUframe/IMUframe,-0.253382913905,0.12270570233,1.31807112583,0.115911959904,-0.0114615036775,0.0593124944127,0.991420737876
2018/10/02/14:21:07.445398,14176,1538482867,429786780,/world,vicon/IMUframe/IMUframe,-0.252227593084,0.119599663513,1.33393075936,0.109604814667,-0.00843034257749,0.0618833904764,0.992011169246
2018/10/02/14:21:07.455832,14177,1538482867,439782966,/world,vicon/IMUframe/IMUframe,-0.250953868208,0.116430068823,1.35082692425,0.103836360778,-0.00651352510489,0.0632203841531,0.992561719592
2018/10/02/14:21:07.465574,14178,1538482867,449787369,/world,vicon/IMUframe/IMUframe,-0.249895482195,0.113185792787,1.368867814,0.0980346272655,-0.00473362439933,0.0652659890912,0.993029282209
2018/10/02/14:21:07.475547,14179,1538482867,459756826,/world,vicon/IMUframe/IMUframe,-0.248932193147,0.109962638112,1.38779474239,0.0925312140889,-0.00300094939696,0.0664057391042,0.99348842295
2018/10/02/14:21:07.485408,14180,1538482867,469720283,/world,vicon/IMUframe/IMUframe,-0.248135558332,0.106579075436,1.4076759249,0.0874101627524,-0.00129195738791,0.0679614980788,0.993850607019
2018/10/02/14:21:07.495683,14181,1538482867,479774969,/world,vicon/IMUframe/IMUframe,-0.24718695824,0.103609853251,1.42830218512,0.0824159068758,-0.000234430830987,0.0688441966222,0.994217300155
2018/10/02/14:21:07.505657,14182,1538482867,489792176,/world,vicon/IMUframe/IMUframe,-0.246345466151,0.100922899997,1.44960991769,0.076444310989,0.000702151576279,0.0698527568767,0.994623731196
2018/10/02/14:21:07.515445,14183,1538482867,499718565,/world,vicon/IMUframe/IMUframe,-0.245271816973,0.0982257886238,1.47144889879,0.0704451042526,0.00210797135283,0.0718021743911,0.994925872363
2018/10/02/14:21:07.525427,14184,1538482867,509717764,/world,vicon/IMUframe/IMUframe,-0.244463156703,0.0958567751595,1.49378631556,0.0634780273636,0.00335352705274,0.0738208542928,0.9952435759
2018/10/02/14:21:07.535990,14185,1538482867,519746689,/world,vicon/IMUframe/IMUframe,-0.243335071374,0.0939522588093,1.51677522922,0.056686919168,0.00441642770495,0.0744798827314,0.995600238765
2018/10/02/14:21:07.545767,14186,1538482867,529746306,/world,vicon/IMUframe/IMUframe,-0.242707740303,0.0919151748083,1.53965122974,0.05033444238,0.00524439381492,0.0755781384922,0.995854851485
2018/10/02/14:21:07.555562,14187,1538482867,539740997,/world,vicon/IMUframe/IMUframe,-0.24196236442,0.0906622395629,1.56269327237,0.044647664626,0.00611219625221,0.0762105341528,0.996072879655
2018/10/02/14:21:07.565548,14188,1538482867,549733644,/world,vicon/IMUframe/IMUframe,-0.241447276468,0.0896700701215,1.58585156436,0.0395538414773,0.00658767113067,0.0764878091006,0.996263876326
2018/10/02/14:21:07.575511,14189,1538482867,559760439,/world,vicon/IMUframe/IMUframe,-0.240960203382,0.0891085227922,1.60896419227,0.0343276361662,0.0062731229752,0.0759216892758,0.996502964582
2018/10/02/14:21:07.585515,14190,1538482867,569731385,/world,vicon/IMUframe/IMUframe,-0.240457273621,0.0893842499975,1.63186418122,0.0293981540245,0.0056686867079,0.0755501254285,0.996692426518
2018/10/02/14:21:07.595599,14191,1538482867,579780631,/world,vicon/IMUframe/IMUframe,-0.240013797635,0.0895966444017,1.65459134991,0.0239823781037,0.00500874887809,0.0749038897621,0.996889745796
2018/10/02/14:21:07.605215,14192,1538482867,589746247,/world,vicon/IMUframe/IMUframe,-0.239966937023,0.0903779774008,1.67690455493,0.019179671352,0.00389058058296,0.0742783671592,0.997045499344
2018/10/02/14:21:07.615320,14193,1538482867,599741805,/world,vicon/IMUframe/IMUframe,-0.239719713689,0.0915250704642,1.6989010378,0.0135555783035,0.00285515561976,0.0729057738919,0.997242619685
2018/10/02/14:21:07.625466,14194,1538482867,609780582,/world,vicon/IMUframe/IMUframe,-0.239556119354,0.0930062928021,1.72042545962,0.00763909640091,0.00184175074743,0.0719690056632,0.997375914279
2018/10/02/14:21:07.635696,14195,1538482867,619773120,/world,vicon/IMUframe/IMUframe,-0.239433541965,0.094874536929,1.74140254263,0.00176859587252,0.000596543155736,0.0706093560186,0.997502298267
2018/10/02/14:21:07.645963,14196,1538482867,629774678,/world,vicon/IMUframe/IMUframe,-0.239192698032,0.0967876214133,1.76188823186,-0.00448154645957,-0.0001580858009,0.0698759487002,0.997545609255
2018/10/02/14:21:07.655738,14197,1538482867,639734307,/world,vicon/IMUframe/IMUframe,-0.238818080708,0.0991085123315,1.78170637044,-0.0114022559327,-0.000819803522987,0.0693140153919,0.997529389919
2018/10/02/14:21:07.665690,14198,1538482867,649743587,/world,vicon/IMUframe/IMUframe,-0.238637891657,0.101459972803,1.80105155194,-0.0187334213103,-0.00105789542813,0.0685064785814,0.997474211284
2018/10/02/14:21:07.675343,14199,1538482867,659708839,/world,vicon/IMUframe/IMUframe,-0.238449101111,0.104412493783,1.81956667976,-0.02671688779,-0.000226838397568,0.0680180347051,0.997326277306
2018/10/02/14:21:07.685595,14200,1538482867,669756367,/world,vicon/IMUframe/IMUframe,-0.238193857941,0.107286733404,1.83745432438,-0.0348780621258,0.000595572387163,0.0676255952766,0.997100769702
2018/10/02/14:21:07.695748,14201,1538482867,679738460,/world,vicon/IMUframe/IMUframe,-0.238140850519,0.110493615236,1.85427712269,-0.0426791663582,0.00102211839115,0.0658995286324,0.996912582005
2018/10/02/14:21:07.705681,14202,1538482867,689734467,/world,vicon/IMUframe/IMUframe,-0.238173791145,0.113684031244,1.87021376146,-0.0501441680601,0.00115647432222,0.0643832897873,0.996663943851
2018/10/02/14:21:07.715643,14203,1538482867,699710448,/world,vicon/IMUframe/IMUframe,-0.238246180946,0.116890526926,1.88526895961,-0.0572891308947,0.000929446253029,0.0627223519354,0.99638496485
2018/10/02/14:21:07.725751,14204,1538482867,709736094,/world,vicon/IMUframe/IMUframe,-0.23838717294,0.120050214433,1.89945241637,-0.0639028241378,0.00053224330953,0.0603455905745,0.996129788473
2018/10/02/14:21:07.736113,14205,1538482867,719734928,/world,vicon/IMUframe/IMUframe,-0.238818627476,0.123018599803,1.91272825388,-0.0703229416507,-0.00030867773762,0.0585314231449,0.995805533777
2018/10/02/14:21:07.745861,14206,1538482867,729738728,/world,vicon/IMUframe/IMUframe,-0.239058395367,0.125757449176,1.92497481787,-0.0757724719162,-0.000780055089312,0.0562733599772,0.995535651281
2018/10/02/14:21:07.755700,14207,1538482867,739762171,/world,vicon/IMUframe/IMUframe,-0.239277838754,0.128302432672,1.93645227274,-0.0803684573763,-0.00156364388121,0.0540965101343,0.995294948077
2018/10/02/14:21:07.765548,14208,1538482867,749767230,/world,vicon/IMUframe/IMUframe,-0.239776952043,0.130793119391,1.94705028538,-0.0840148464231,-0.00224556634565,0.0519592219681,0.995106377361
2018/10/02/14:21:07.775682,14209,1538482867,759725467,/world,vicon/IMUframe/IMUframe,-0.240303002987,0.132844175104,1.95649943268,-0.0871117878639,-0.00258108610648,0.0493025935599,0.994974436193
2018/10/02/14:21:07.785448,14210,1538482867,769768470,/world,vicon/IMUframe/IMUframe,-0.240688527124,0.134756300142,1.96512704864,-0.0889822791661,-0.00315881357486,0.0468593408169,0.99492531281
2018/10/02/14:21:07.795474,14211,1538482867,779718773,/world,vicon/IMUframe/IMUframe,-0.241130065706,0.136620195775,1.97288704,-0.0899069250088,-0.00338792906725,0.0443608152621,0.994955971308
2018/10/02/14:21:07.805127,14212,1538482867,789776578,/world,vicon/IMUframe/IMUframe,-0.241424344269,0.13808183288,1.97975474276,-0.0903623009943,-0.00368848677834,0.0424896903497,0.994995314481
2018/10/02/14:21:07.815130,14213,1538482867,799750670,/world,vicon/IMUframe/IMUframe,-0.241856351613,0.139691965251,1.98576622158,-0.0902530185438,-0.0037120962453,0.04051906138,0.995087342222
2018/10/02/14:21:07.825109,14214,1538482867,809805323,/world,vicon/IMUframe/IMUframe,-0.242099463234,0.140481009662,1.99113871171,-0.0905554104243,-0.00390535615691,0.0390526084619,0.995117761679
2018/10/02/14:21:07.835480,14215,1538482867,819812522,/world,vicon/IMUframe/IMUframe,-0.242320924601,0.141330605089,1.99563409924,-0.0900166218146,-0.00397759173749,0.0380960492414,0.99520343528
2018/10/02/14:21:07.845260,14216,1538482867,829783645,/world,vicon/IMUframe/IMUframe,-0.242547362218,0.14229704039,1.99932109176,-0.0890643590544,-0.00424414834606,0.0377087168923,0.995302757869
2018/10/02/14:21:07.855388,14217,1538482867,839776984,/world,vicon/IMUframe/IMUframe,-0.242612495156,0.143078578145,2.00218336505,-0.0881223224453,-0.00464220375284,0.0379524059848,0.995375567869
2018/10/02/14:21:07.865229,14218,1538482867,849753650,/world,vicon/IMUframe/IMUframe,-0.242666395096,0.143458810362,2.00428070452,-0.087178021501,-0.00491975556897,0.0378430745381,0.99546154636
2018/10/02/14:21:07.875358,14219,1538482867,859781054,/world,vicon/IMUframe/IMUframe,-0.242660932733,0.143786730851,2.00563863149,-0.0862857288422,-0.005026456563,0.0379065828903,0.99553633721
2018/10/02/14:21:07.885370,14220,1538482867,869780813,/world,vicon/IMUframe/IMUframe,-0.242579787301,0.143969808501,2.00625521698,-0.0856296281556,-0.004613439855,0.0381708617689,0.995584887524
2018/10/02/14:21:07.895273,14221,1538482867,879727784,/world,vicon/IMUframe/IMUframe,-0.242459090505,0.143956761406,2.00609787795,-0.0849569395867,-0.00383017747074,0.0383963079739,0.995637168697
2018/10/02/14:21:07.905388,14222,1538482867,889760828,/world,vicon/IMUframe/IMUframe,-0.242328072021,0.143799283406,2.00518033623,-0.0842527723941,-0.0029120861977,0.0385256349974,0.995695116763
2018/10/02/14:21:07.915430,14223,1538482867,899774099,/world,vicon/IMUframe/IMUframe,-0.242188301198,0.143509374551,2.00343690865,-0.0833289237873,-0.00203164113158,0.0386001823938,0.995772157079
2018/10/02/14:21:07.925391,14224,1538482867,909753027,/world,vicon/IMUframe/IMUframe,-0.242113261057,0.142779981918,2.00081459915,-0.0816805569833,-0.00128196016935,0.0378998136094,0.995936869143
2018/10/02/14:21:07.935488,14225,1538482867,919746774,/world,vicon/IMUframe/IMUframe,-0.242024214881,0.142072700569,1.99735740002,-0.0798973951495,-0.000610143816061,0.0376732752861,0.996090737986
2018/10/02/14:21:07.945229,14226,1538482867,929747529,/world,vicon/IMUframe/IMUframe,-0.241896727419,0.141121719622,1.99299224601,-0.0776180172337,-5.33586495606e-05,0.0377386174181,0.996268657195
2018/10/02/14:21:07.955292,14227,1538482867,939723895,/world,vicon/IMUframe/IMUframe,-0.241768007063,0.140037348992,1.9879885073,-0.0759305175601,0.000322200075012,0.0375913237081,0.996404207675
2018/10/02/14:21:07.965201,14228,1538482867,949786811,/world,vicon/IMUframe/IMUframe,-0.24164100757,0.13844567318,1.98229163249,-0.0743601004703,0.000865550633824,0.0373032665896,0.99653313672
2018/10/02/14:21:07.975419,14229,1538482867,959770670,/world,vicon/IMUframe/IMUframe,-0.241568463871,0.137187451817,1.97591884105,-0.0728589609307,0.00158633732935,0.0371813083714,0.996647683815
2018/10/02/14:21:07.985180,14230,1538482867,969741517,/world,vicon/IMUframe/IMUframe,-0.24134801997,0.135460021662,1.96879345113,-0.0716140636256,0.00245121626176,0.0378831170305,0.9967097305
2018/10/02/14:21:07.995620,14231,1538482867,979729401,/world,vicon/IMUframe/IMUframe,-0.241146430195,0.133619162288,1.9609514098,-0.0703674353146,0.00335639150764,0.0385780581371,0.99676922711
2018/10/02/14:21:08.005659,14232,1538482867,989799184,/world,vicon/IMUframe/IMUframe,-0.241245943545,0.131835667879,1.95224982698,-0.0690832221242,0.00422579483533,0.0393375805636,0.996826065989
2018/10/02/14:21:08.015739,14233,1538482867,999767268,/world,vicon/IMUframe/IMUframe,-0.241133334039,0.130190331831,1.94289996259,-0.0676261538777,0.00467823010776,0.0397890041911,0.996906040016
2018/10/02/14:21:08.025698,14234,1538482868,9756791,/world,vicon/IMUframe/IMUframe,-0.241340503441,0.128413517391,1.93274991979,-0.0661069692107,0.00502912883887,0.0410195730675,0.996956353664
2018/10/02/14:21:08.035941,14235,1538482868,19739192,/world,vicon/IMUframe/IMUframe,-0.241442644693,0.126151203611,1.92189457645,-0.0646850447932,0.0048685278047,0.0428097757217,0.996975157925
2018/10/02/14:21:08.045827,14236,1538482868,29767915,/world,vicon/IMUframe/IMUframe,-0.241852753686,0.124184998207,1.91041679973,-0.0630366318196,0.004460281506,0.0443749318341,0.997014219739
2018/10/02/14:21:08.055653,14237,1538482868,39754035,/world,vicon/IMUframe/IMUframe,-0.241889169354,0.122088875275,1.89821477855,-0.0619137852952,0.00383448086653,0.0458831431082,0.997018915129
2018/10/02/14:21:08.065523,14238,1538482868,49748676,/world,vicon/IMUframe/IMUframe,-0.242255604155,0.120083691837,1.885390893,-0.0611242115107,0.0031709839499,0.0477787510735,0.996980925883
2018/10/02/14:21:08.075607,14239,1538482868,59730797,/world,vicon/IMUframe/IMUframe,-0.242774134312,0.118071675565,1.87206389282,-0.060171981186,0.00243725560898,0.0493348215767,0.996965128701
2018/10/02/14:21:08.085667,14240,1538482868,69766624,/world,vicon/IMUframe/IMUframe,-0.24351109421,0.116254590702,1.85817420034,-0.0599091209858,0.00187821849011,0.0508607760105,0.996905487487
2018/10/02/14:21:08.095845,14241,1538482868,79723590,/world,vicon/IMUframe/IMUframe,-0.244416089675,0.11442004228,1.84372898869,-0.0596639101033,0.00111826286828,0.0522479486016,0.996849597074
2018/10/02/14:21:08.105830,14242,1538482868,89741991,/world,vicon/IMUframe/IMUframe,-0.245484914107,0.112320001911,1.82873684542,-0.0591830097256,-0.000507399489956,0.0534620514196,0.996814387418
2018/10/02/14:21:08.115583,14243,1538482868,99747600,/world,vicon/IMUframe/IMUframe,-0.246456877533,0.110213533179,1.81315627631,-0.0599498981064,-0.00165165138216,0.0536529718946,0.996757061862
2018/10/02/14:21:08.126074,14244,1538482868,109744243,/world,vicon/IMUframe/IMUframe,-0.247349687159,0.108030558347,1.79691351396,-0.060002041496,-0.00294894254481,0.0546263025944,0.996698061511
2018/10/02/14:21:08.136304,14245,1538482868,119739957,/world,vicon/IMUframe/IMUframe,-0.248629653362,0.106193795876,1.78019495504,-0.0608779572621,-0.00494871682823,0.0539505267757,0.996673830891
2018/10/02/14:21:08.146046,14246,1538482868,129768042,/world,vicon/IMUframe/IMUframe,-0.249965047884,0.104477434764,1.76278409671,-0.0609755176609,-0.00687109929879,0.0541943178907,0.996643241159
2018/10/02/14:21:08.155858,14247,1538482868,139748293,/world,vicon/IMUframe/IMUframe,-0.251261353211,0.1028853646,1.74488813117,-0.0610478361817,-0.00855518503642,0.053858532403,0.996643983072
2018/10/02/14:21:08.165734,14248,1538482868,149749849,/world,vicon/IMUframe/IMUframe,-0.252652511533,0.101246755124,1.72655590578,-0.0617486721594,-0.0101896461528,0.0531884195381,0.996621424928
2018/10/02/14:21:08.175759,14249,1538482868,159744022,/world,vicon/IMUframe/IMUframe,-0.254083225584,0.0996967659837,1.70790771857,-0.0624471888524,-0.0117470614528,0.0525408328369,0.996595111385
2018/10/02/14:21:08.185542,14250,1538482868,169733819,/world,vicon/IMUframe/IMUframe,-0.255498537151,0.0980652009606,1.6890235207,-0.0634636160804,-0.0130120802837,0.0524772911288,0.996518534256
2018/10/02/14:21:08.195855,14251,1538482868,179764927,/world,vicon/IMUframe/IMUframe,-0.25698489011,0.0967359851636,1.66972634751,-0.0638848790704,-0.0142982462362,0.0512568832245,0.996537512742
2018/10/02/14:21:08.206003,14252,1538482868,189746150,/world,vicon/IMUframe/IMUframe,-0.258605828045,0.0954301254622,1.65005034367,-0.0647230942117,-0.0148839956566,0.0506492580316,0.996505915893
2018/10/02/14:21:08.215733,14253,1538482868,199756123,/world,vicon/IMUframe/IMUframe,-0.260108927239,0.0945283534092,1.63002506248,-0.0649674757745,-0.0157617072897,0.049883074554,0.996515165237
2018/10/02/14:21:08.226085,14254,1538482868,209766567,/world,vicon/IMUframe/IMUframe,-0.261718042797,0.0940095609522,1.60966841167,-0.0654071344057,-0.0160454878814,0.0488439751709,0.996533348753
2018/10/02/14:21:08.235669,14255,1538482868,219752721,/world,vicon/IMUframe/IMUframe,-0.263098825483,0.0935396163284,1.58905985783,-0.0652434771556,-0.0165595611239,0.0477117293888,0.996590517968
2018/10/02/14:21:08.246001,14256,1538482868,229748099,/world,vicon/IMUframe/IMUframe,-0.264577336884,0.0936076151513,1.56834766395,-0.0652029140484,-0.0166831846514,0.0456529776959,0.9966875423
2018/10/02/14:21:08.256000,14257,1538482868,239744783,/world,vicon/IMUframe/IMUframe,-0.266126055506,0.0937156882012,1.5476947171,-0.0651721590381,-0.0166990730055,0.0444361448383,0.996744279983
2018/10/02/14:21:08.265910,14258,1538482868,249787318,/world,vicon/IMUframe/IMUframe,-0.26792697952,0.0937643884189,1.5268177543,-0.0647563635696,-0.0166516657035,0.0434156946354,0.996817141138
2018/10/02/14:21:08.276089,14259,1538482868,259776913,/world,vicon/IMUframe/IMUframe,-0.269540299981,0.0940281791168,1.50602327226,-0.0635806346835,-0.0171973843143,0.0418695018652,0.996949696665
2018/10/02/14:21:08.285752,14260,1538482868,269750122,/world,vicon/IMUframe/IMUframe,-0.271097667412,0.0947144530048,1.48496711934,-0.0616536774888,-0.0169453096397,0.0401302087556,0.997146552358
2018/10/02/14:21:08.295393,14261,1538482868,279753767,/world,vicon/IMUframe/IMUframe,-0.272965358095,0.0953452537098,1.4638755523,-0.0584969329913,-0.0176037495843,0.0374411155056,0.99742988711
2018/10/02/14:21:08.305537,14262,1538482868,289724755,/world,vicon/IMUframe/IMUframe,-0.274758853324,0.096414515778,1.44278317182,-0.0539391329314,-0.0181585854606,0.03424181872,0.99779172855
2018/10/02/14:21:08.315710,14263,1538482868,299758899,/world,vicon/IMUframe/IMUframe,-0.276701705914,0.0974781592695,1.42181820281,-0.0478010817043,-0.0187015829951,0.030213240947,0.998224657806
2018/10/02/14:21:08.325608,14264,1538482868,309768937,/world,vicon/IMUframe/IMUframe,-0.278417746317,0.0990171308796,1.40109912742,-0.0397255677198,-0.0185348393623,0.0259349664976,0.998702015875
2018/10/02/14:21:08.335536,14265,1538482868,319742822,/world,vicon/IMUframe/IMUframe,-0.280159061657,0.100581006367,1.38048675324,-0.0299434587472,-0.0179202347518,0.0214809951368,0.999160057905
2018/10/02/14:21:08.345484,14266,1538482868,329741238,/world,vicon/IMUframe/IMUframe,-0.281948163509,0.102358759288,1.36027072484,-0.0184015634289,-0.0169466064387,0.0167537739628,0.999546650263
2018/10/02/14:21:08.355520,14267,1538482868,339789678,/world,vicon/IMUframe/IMUframe,-0.283970937698,0.104181357638,1.34072687097,-0.0052159589159,-0.0152051323877,0.0123966274385,0.999793939444
2018/10/02/14:21:08.365614,14268,1538482868,349740581,/world,vicon/IMUframe/IMUframe,-0.28565092659,0.105930144269,1.32184263633,0.00937238784119,-0.014261216146,0.00778961730509,0.999824033479
2018/10/02/14:21:08.375896,14269,1538482868,359795446,/world,vicon/IMUframe/IMUframe,-0.287014780321,0.107825560141,1.30354602943,0.0242986751112,-0.0134604000042,0.00336768048817,0.999608448718
2018/10/02/14:21:08.385569,14270,1538482868,369745665,/world,vicon/IMUframe/IMUframe,-0.28861845683,0.109716181968,1.28598720216,0.0402264789722,-0.0124787050209,0.000362607708968,0.999112596671
2018/10/02/14:21:08.395433,14271,1538482868,379751209,/world,vicon/IMUframe/IMUframe,-0.289864100445,0.111812949243,1.26939605198,0.0559408831497,-0.0112217751873,-0.00123826387073,0.998370249986
2018/10/02/14:21:08.405450,14272,1538482868,389788155,/world,vicon/IMUframe/IMUframe,-0.29101988855,0.11400566366,1.25364260334,0.0713278210251,-0.00982482505389,-0.00172842009907,0.997403041566
2018/10/02/14:21:08.415669,14273,1538482868,399769328,/world,vicon/IMUframe/IMUframe,-0.292246091244,0.116235046982,1.23885673376,0.0855534738773,-0.00949896293758,-0.00156070907318,0.996287075595
2018/10/02/14:21:08.425456,14274,1538482868,409759054,/world,vicon/IMUframe/IMUframe,-0.293561234932,0.118599522499,1.22498563309,0.0986362388234,-0.0102031981827,-0.000106090090358,0.995071241612
2018/10/02/14:21:08.435185,14275,1538482868,419727116,/world,vicon/IMUframe/IMUframe,-0.29496124362,0.120964563742,1.21239973832,0.110248338286,-0.0109919263882,0.00162044836231,0.993841967119
2018/10/02/14:21:08.445194,14276,1538482868,429753382,/world,vicon/IMUframe/IMUframe,-0.295996859667,0.123303859329,1.20077220373,0.120045478581,-0.0139303641544,0.00264301541016,0.992667135799
2018/10/02/14:21:08.455448,14277,1538482868,439796539,/world,vicon/IMUframe/IMUframe,-0.297179368905,0.125530215336,1.19034617259,0.1280138068,-0.0171787377996,0.00365769113817,0.991616850165
2018/10/02/14:21:08.465506,14278,1538482868,449800860,/world,vicon/IMUframe/IMUframe,-0.298154087636,0.127953401889,1.18081072325,0.134789916607,-0.0206459991449,0.00458409086429,0.990648478125
2018/10/02/14:21:08.475638,14279,1538482868,459746302,/world,vicon/IMUframe/IMUframe,-0.29945415706,0.130243784104,1.17261104822,0.140625232794,-0.0235593753242,0.00567950748309,0.989766256715
2018/10/02/14:21:08.485546,14280,1538482868,469760121,/world,vicon/IMUframe/IMUframe,-0.300392992648,0.131851336815,1.16581113416,0.14508701884,-0.0271317590118,0.00605638864972,0.989028283101
2018/10/02/14:21:08.495201,14281,1538482868,479726769,/world,vicon/IMUframe/IMUframe,-0.301615611422,0.133456888681,1.16021965037,0.14940608231,-0.0300477797152,0.00553019549947,0.988303784492
2018/10/02/14:21:08.505137,14282,1538482868,489735236,/world,vicon/IMUframe/IMUframe,-0.302862014963,0.134899296828,1.15588066682,0.153051226594,-0.032749004193,0.004186500092,0.98766659252
2018/10/02/14:21:08.515549,14283,1538482868,499798541,/world,vicon/IMUframe/IMUframe,-0.303973287596,0.136081355871,1.15293393764,0.155788822765,-0.0351767523504,0.00224261038177,0.98716128849
2018/10/02/14:21:08.525483,14284,1538482868,509824030,/world,vicon/IMUframe/IMUframe,-0.305031671335,0.136884120438,1.15125932012,0.157388199688,-0.0369962753019,-0.000117803713154,0.98684356224
2018/10/02/14:21:08.535429,14285,1538482868,519777676,/world,vicon/IMUframe/IMUframe,-0.305949591404,0.137267637268,1.15090180207,0.158149185238,-0.0381244828784,-0.00237104308796,0.986676105502
2018/10/02/14:21:08.545228,14286,1538482868,529794625,/world,vicon/IMUframe/IMUframe,-0.306757828,0.137220273901,1.15189174656,0.15775408032,-0.0383861190303,-0.00434932437255,0.986722473336
2018/10/02/14:21:08.555712,14287,1538482868,539786731,/world,vicon/IMUframe/IMUframe,-0.307538419885,0.136786517,1.15395875141,0.157034333245,-0.0382298379576,-0.0060596861082,0.986834321392
2018/10/02/14:21:08.565232,14288,1538482868,549771367,/world,vicon/IMUframe/IMUframe,-0.307948214313,0.135819252739,1.15741428013,0.154913276076,-0.0376916905251,-0.00712642961297,0.987183076922
2018/10/02/14:21:08.575570,14289,1538482868,559745347,/world,vicon/IMUframe/IMUframe,-0.308062142526,0.1344765041,1.16203478356,0.151917173626,-0.0374976952026,-0.00792457569823,0.987649885492
2018/10/02/14:21:08.585855,14290,1538482868,569792354,/world,vicon/IMUframe/IMUframe,-0.308177551874,0.132725759507,1.16786688632,0.148330330715,-0.0367085790307,-0.00772071482863,0.988226180476
2018/10/02/14:21:08.595623,14291,1538482868,579752406,/world,vicon/IMUframe/IMUframe,-0.308312705644,0.130493774055,1.17493243391,0.143946088848,-0.0356018447353,-0.00685997913478,0.988921115581
2018/10/02/14:21:08.605603,14292,1538482868,589758679,/world,vicon/IMUframe/IMUframe,-0.308352198168,0.128102964206,1.18311829078,0.138976121198,-0.034103708297,-0.00577331586011,0.989691489122
2018/10/02/14:21:08.615388,14293,1538482868,599746360,/world,vicon/IMUframe/IMUframe,-0.308190709992,0.125480054873,1.19235040603,0.133775029181,-0.0327922632106,-0.00449351341085,0.99045884184
2018/10/02/14:21:08.625222,14294,1538482868,609744751,/world,vicon/IMUframe/IMUframe,-0.307981504473,0.122523578397,1.20259156882,0.127821178185,-0.0314857439747,-0.00323456917682,0.991292051767
2018/10/02/14:21:08.635309,14295,1538482868,619759892,/world,vicon/IMUframe/IMUframe,-0.307782282259,0.119434449616,1.21386312294,0.121505981981,-0.0300185393368,-0.0020308868226,0.992134597289
2018/10/02/14:21:08.645323,14296,1538482868,629770560,/world,vicon/IMUframe/IMUframe,-0.307347942886,0.116030521113,1.22612409044,0.114954552298,-0.0287947875343,-0.00109001921118,0.992952729477
2018/10/02/14:21:08.655423,14297,1538482868,639750908,/world,vicon/IMUframe/IMUframe,-0.307040402365,0.112579259069,1.23924228564,0.108152769256,-0.0273129573932,0.000274301320514,0.99375897763
2018/10/02/14:21:08.665465,14298,1538482868,649779960,/world,vicon/IMUframe/IMUframe,-0.306569625195,0.109088162942,1.25340802008,0.101476617262,-0.0257849679988,0.00119091066056,0.994502998138
2018/10/02/14:21:08.675424,14299,1538482868,659765079,/world,vicon/IMUframe/IMUframe,-0.306035296741,0.105406363005,1.26855689205,0.0950381367915,-0.0233603638452,0.00238990955036,0.995196630967
2018/10/02/14:21:08.685457,14300,1538482868,669783105,/world,vicon/IMUframe/IMUframe,-0.305608336025,0.101620388812,1.28446263293,0.0884061278532,-0.0209350719129,0.00402326263464,0.99585636147
2018/10/02/14:21:08.695494,14301,1538482868,679763425,/world,vicon/IMUframe/IMUframe,-0.305260714888,0.0977049093276,1.30147790381,0.0818854438758,-0.0181499838619,0.00586041132478,0.996459235366
2018/10/02/14:21:08.705427,14302,1538482868,689766643,/world,vicon/IMUframe/IMUframe,-0.304573705345,0.0939910701775,1.31927624074,0.0751606364381,-0.0154957419498,0.00724365574836,0.997024718933
2018/10/02/14:21:08.715330,14303,1538482868,699763371,/world,vicon/IMUframe/IMUframe,-0.303705044894,0.0900206931282,1.33812477378,0.067478412033,-0.0124426282528,0.00950648483791,0.997597850668
2018/10/02/14:21:08.725585,14304,1538482868,709800399,/world,vicon/IMUframe/IMUframe,-0.302701893683,0.0868828369186,1.35734858472,0.0597951366362,-0.0107613761294,0.0108218512593,0.998093994548
2018/10/02/14:21:08.735417,14305,1538482868,719756735,/world,vicon/IMUframe/IMUframe,-0.301775681687,0.0835080114978,1.3776012243,0.0524290556009,-0.00868490171527,0.0127830371507,0.998505062868
2018/10/02/14:21:08.745225,14306,1538482868,729797448,/world,vicon/IMUframe/IMUframe,-0.30097692412,0.0807446857219,1.39799602635,0.0451702323588,-0.00587608235518,0.0151987048577,0.998846395166
2018/10/02/14:21:08.755496,14307,1538482868,739769203,/world,vicon/IMUframe/IMUframe,-0.300031031444,0.0781970578173,1.41896503459,0.0377637956716,-0.00304601216794,0.0174469705115,0.9991297317
2018/10/02/14:21:08.765623,14308,1538482868,749788962,/world,vicon/IMUframe/IMUframe,-0.299062075689,0.0761895513273,1.4403756577,0.0309318878468,-0.000453963319671,0.0195301867647,0.999330567949
2018/10/02/14:21:08.775579,14309,1538482868,759744063,/world,vicon/IMUframe/IMUframe,-0.298207570117,0.074637993019,1.46184266294,0.0239271154271,0.00215385419486,0.0207512108234,0.999495993643
2018/10/02/14:21:08.785912,14310,1538482868,769745158,/world,vicon/IMUframe/IMUframe,-0.297466951733,0.0735278886077,1.4833602648,0.0171254600406,0.00483284931861,0.021349270767,0.999613710802
2018/10/02/14:21:08.795906,14311,1538482868,779744199,/world,vicon/IMUframe/IMUframe,-0.296662352949,0.0728172851995,1.50472938566,0.0104378465512,0.00754343291153,0.0220236148654,0.999674501209
2018/10/02/14:21:08.805804,14312,1538482868,789768825,/world,vicon/IMUframe/IMUframe,-0.295973793219,0.0725605932185,1.5259099361,0.00395251470913,0.0100701715576,0.0215206660389,0.999709873016
2018/10/02/14:21:08.815573,14313,1538482868,799753414,/world,vicon/IMUframe/IMUframe,-0.295509510882,0.0726867092157,1.54694100186,-0.00220150441745,0.0124843676578,0.0203274840441,0.999713002484
2018/10/02/14:21:08.825484,14314,1538482868,809756810,/world,vicon/IMUframe/IMUframe,-0.294826384857,0.0725894049292,1.56759241143,-0.00828562861722,0.0145533193329,0.0185447252118,0.999687772468
2018/10/02/14:21:08.835965,14315,1538482868,819769894,/world,vicon/IMUframe/IMUframe,-0.294298371838,0.073069731846,1.58771669404,-0.0132731038666,0.0164819072729,0.0166662426021,0.999637138068
2018/10/02/14:21:08.845524,14316,1538482868,829803258,/world,vicon/IMUframe/IMUframe,-0.293620327454,0.0738891048149,1.60737005844,-0.0172294079745,0.0188913093451,0.0136637716866,0.99957969531
2018/10/02/14:21:08.855743,14317,1538482868,839811781,/world,vicon/IMUframe/IMUframe,-0.293150267776,0.0744997153991,1.62633203128,-0.0211578302045,0.021071329588,0.0114735312109,0.999488220727
2018/10/02/14:21:08.865555,14318,1538482868,849769845,/world,vicon/IMUframe/IMUframe,-0.292725104666,0.0752018976522,1.64471736419,-0.0241787653859,0.0233677608749,0.00879611671021,0.999395799164
2018/10/02/14:21:08.875499,14319,1538482868,859728325,/world,vicon/IMUframe/IMUframe,-0.292312722115,0.0764363422175,1.66237329809,-0.0262471768264,0.0253027921,0.00657563666681,0.99931357212
2018/10/02/14:21:08.885898,14320,1538482868,869781968,/world,vicon/IMUframe/IMUframe,-0.292097284912,0.0773276520136,1.67910661249,-0.0279330020889,0.0271692574366,0.00381060264679,0.999233235112
2018/10/02/14:21:08.895625,14321,1538482868,879756572,/world,vicon/IMUframe/IMUframe,-0.292037297597,0.0785021764941,1.69507949973,-0.0298418505638,0.0280985487131,0.00125105062809,0.999158831411
2018/10/02/14:21:08.905565,14322,1538482868,889760074,/world,vicon/IMUframe/IMUframe,-0.291677208344,0.0799431602253,1.71034662967,-0.0310423804759,0.0280544442301,-0.00171840096856,0.999122798194
2018/10/02/14:21:08.915464,14323,1538482868,899748135,/world,vicon/IMUframe/IMUframe,-0.291585395556,0.0812287318106,1.72470081564,-0.0324418215221,0.0276351679762,-0.00275244484057,0.99908770874
2018/10/02/14:21:08.925724,14324,1538482868,909769797,/world,vicon/IMUframe/IMUframe,-0.291577302213,0.082970091222,1.73849543869,-0.0353128432313,0.0270012833405,-0.00509828857696,0.998998469095
2018/10/02/14:21:08.935442,14325,1538482868,919770682,/world,vicon/IMUframe/IMUframe,-0.291339663938,0.0845583966729,1.7514812361,-0.0375456887752,0.0260254577011,-0.00559129682767,0.998940305627
2018/10/02/14:21:08.945569,14326,1538482868,929750756,/world,vicon/IMUframe/IMUframe,-0.291275516692,0.0862983644057,1.76370086819,-0.0394972125847,0.0248854875638,-0.0069176331486,0.998885793801
2018/10/02/14:21:08.955811,14327,1538482868,939754845,/world,vicon/IMUframe/IMUframe,-0.291094659422,0.0878821621387,1.77524714794,-0.0426024554945,0.0240509887279,-0.00656034214302,0.998781028373
2018/10/02/14:21:08.965400,14328,1538482868,949771536,/world,vicon/IMUframe/IMUframe,-0.291031118939,0.0895673694749,1.78608441479,-0.0455817588078,0.0231898941877,-0.00746963655057,0.998663475151
2018/10/02/14:21:08.975444,14329,1538482868,959756633,/world,vicon/IMUframe/IMUframe,-0.290936600131,0.0911756867492,1.79638477043,-0.0488629677852,0.0223674880418,-0.00812975680998,0.998521914087
2018/10/02/14:21:08.985468,14330,1538482868,969766851,/world,vicon/IMUframe/IMUframe,-0.290886345947,0.092891760302,1.80599387684,-0.0519060767898,0.0214645470352,-0.00880688486229,0.998382427325
2018/10/02/14:21:08.995338,14331,1538482868,979791722,/world,vicon/IMUframe/IMUframe,-0.290780347859,0.094452493411,1.81466026923,-0.0543660579282,0.020950801036,-0.0098288473867,0.998252868486
2018/10/02/14:21:09.005519,14332,1538482868,989793137,/world,vicon/IMUframe/IMUframe,-0.290570020673,0.0958878580259,1.8225984029,-0.0564593550225,0.0204017496179,-0.0106155967797,0.998139979636
2018/10/02/14:21:09.015681,14333,1538482868,999794193,/world,vicon/IMUframe/IMUframe,-0.290388921104,0.0972926057837,1.82977260777,-0.0575634231529,0.0198103166441,-0.0110228966874,0.998084414976
2018/10/02/14:21:09.025547,14334,1538482869,9806096,/world,vicon/IMUframe/IMUframe,-0.290034036914,0.0987995301312,1.83629861346,-0.058179463591,0.0196132129037,-0.0109866150393,0.998052987664
2018/10/02/14:21:09.035486,14335,1538482869,19749362,/world,vicon/IMUframe/IMUframe,-0.289603636086,0.100160808399,1.84226122118,-0.0587849113809,0.0197725118619,-0.0108048387891,0.998016351283
2018/10/02/14:21:09.045698,14336,1538482869,29793230,/world,vicon/IMUframe/IMUframe,-0.289212378015,0.101680328399,1.84760051602,-0.0587972470365,0.0205115428346,-0.0107423895591,0.998001383475
2018/10/02/14:21:09.055539,14337,1538482869,39786493,/world,vicon/IMUframe/IMUframe,-0.28889987633,0.103001890273,1.85207406935,-0.0582348833819,0.0212754842264,-0.0103819856548,0.99802217736
2018/10/02/14:21:09.065480,14338,1538482869,49730689,/world,vicon/IMUframe/IMUframe,-0.288553211836,0.104325256872,1.85594189862,-0.0577963328102,0.0223150358411,-0.010442855205,0.998024333303
2018/10/02/14:21:09.075400,14339,1538482869,59778877,/world,vicon/IMUframe/IMUframe,-0.288080788834,0.105327011029,1.85913571595,-0.0574141489235,0.0233568445847,-0.0101978627419,0.998025088317
2018/10/02/14:21:09.085198,14340,1538482869,69771543,/world,vicon/IMUframe/IMUframe,-0.287637236187,0.106196879368,1.86169340806,-0.0568789312531,0.0243503101806,-0.0100779268185,0.998033208348
2018/10/02/14:21:09.095416,14341,1538482869,79741912,/world,vicon/IMUframe/IMUframe,-0.287248383906,0.1069763524,1.86359235076,-0.0560757004117,0.0252622744045,-0.0101191630684,0.998055577538
2018/10/02/14:21:09.105397,14342,1538482869,89799625,/world,vicon/IMUframe/IMUframe,-0.286977443716,0.107754731095,1.86481876964,-0.0548216363896,0.0259420115393,-0.0103430323326,0.998105516417
2018/10/02/14:21:09.115557,14343,1538482869,99728423,/world,vicon/IMUframe/IMUframe,-0.286655673399,0.108402660374,1.86536000034,-0.0535611036304,0.0265779497072,-0.0107168161877,0.998153280122
2018/10/02/14:21:09.125421,14344,1538482869,109742804,/world,vicon/IMUframe/IMUframe,-0.286365909532,0.108929154442,1.86529298809,-0.0521634780266,0.0271531007053,-0.0107981461193,0.998210939993
2018/10/02/14:21:09.135324,14345,1538482869,119790261,/world,vicon/IMUframe/IMUframe,-0.286107673917,0.109396470809,1.86460889337,-0.0505510090793,0.0276274112176,-0.0109244543076,0.99827950892
2018/10/02/14:21:09.145559,14346,1538482869,129765510,/world,vicon/IMUframe/IMUframe,-0.285867638324,0.109746425943,1.86330271558,-0.0487796650237,0.0279070287072,-0.0107781656957,0.998361444154
2018/10/02/14:21:09.155247,14347,1538482869,139774934,/world,vicon/IMUframe/IMUframe,-0.285715077991,0.11006392144,1.86142870139,-0.0468144301043,0.0279488477055,-0.0106364817267,0.998455875992
2018/10/02/14:21:09.165215,14348,1538482869,149804197,/world,vicon/IMUframe/IMUframe,-0.285543515399,0.110248464254,1.85895374871,-0.0450354910934,0.027789942797,-0.0103199287609,0.998545453493
2018/10/02/14:21:09.175209,14349,1538482869,159767440,/world,vicon/IMUframe/IMUframe,-0.285350307262,0.110306395889,1.85605957567,-0.0433602583322,0.0272835032436,-0.00936802730454,0.998642948462
2018/10/02/14:21:09.185159,14350,1538482869,169793660,/world,vicon/IMUframe/IMUframe,-0.285262223125,0.110428893119,1.85259922085,-0.04160655433,0.0266667893964,-0.00854740621534,0.998741567587
2018/10/02/14:21:09.195183,14351,1538482869,179798121,/world,vicon/IMUframe/IMUframe,-0.285226597123,0.110448866127,1.84865825266,-0.0399595555427,0.0258224166698,-0.00753803340898,0.99883913358
2018/10/02/14:21:09.205621,14352,1538482869,189823008,/world,vicon/IMUframe/IMUframe,-0.285081225823,0.110203623113,1.84419738616,-0.0379948955743,0.0248121516883,-0.00616592328981,0.998950812818
2018/10/02/14:21:09.215651,14353,1538482869,199783745,/world,vicon/IMUframe/IMUframe,-0.28517215032,0.109964498921,1.83942617008,-0.0365796947664,0.0236382237269,-0.0042874484067,0.999041930099
2018/10/02/14:21:09.225562,14354,1538482869,209746383,/world,vicon/IMUframe/IMUframe,-0.285115667782,0.109661164559,1.83418876994,-0.0353572990581,0.0224570631002,-0.00283638176003,0.999118359685
2018/10/02/14:21:09.235626,14355,1538482869,219730515,/world,vicon/IMUframe/IMUframe,-0.285041309908,0.109266554129,1.82859603065,-0.033800137313,0.0210828525827,-0.00123036230187,0.999205459479
2018/10/02/14:21:09.245826,14356,1538482869,229777860,/world,vicon/IMUframe/IMUframe,-0.285107862118,0.108831268208,1.82257758418,-0.0322243416075,0.0196972230208,0.000602625633255,0.999286369393
2018/10/02/14:21:09.255752,14357,1538482869,239757301,/world,vicon/IMUframe/IMUframe,-0.28511442468,0.108121939594,1.81595288297,-0.0300354779371,0.018409528069,0.0024323868184,0.999376326934
2018/10/02/14:21:09.265626,14358,1538482869,249772198,/world,vicon/IMUframe/IMUframe,-0.285338017608,0.107772357109,1.80910759559,-0.0283693420625,0.0170129372889,0.00408747468736,0.999444362106
2018/10/02/14:21:09.275434,14359,1538482869,259749976,/world,vicon/IMUframe/IMUframe,-0.285543543893,0.107205263898,1.80181405253,-0.0259804455018,0.0154710411934,0.00564647762167,0.999526778344
2018/10/02/14:21:09.285544,14360,1538482869,269750194,/world,vicon/IMUframe/IMUframe,-0.285669901036,0.106721001256,1.79413279425,-0.0233768647456,0.0140239014587,0.00655497155196,0.999606865088
2018/10/02/14:21:09.295681,14361,1538482869,279774637,/world,vicon/IMUframe/IMUframe,-0.285977507133,0.105963261007,1.78609832442,-0.0205454379487,0.0121095172019,0.00783091268514,0.999684911049
2018/10/02/14:21:09.305838,14362,1538482869,289784586,/world,vicon/IMUframe/IMUframe,-0.286334570273,0.105302882958,1.77781043846,-0.0173362288736,0.00994863673612,0.00859217128185,0.99976329918
2018/10/02/14:21:09.315691,14363,1538482869,299710608,/world,vicon/IMUframe/IMUframe,-0.286676599302,0.104456681371,1.76930287286,-0.0144510356966,0.00762251995605,0.0089705147499,0.999826282222
2018/10/02/14:21:09.325733,14364,1538482869,309757177,/world,vicon/IMUframe/IMUframe,-0.286841345243,0.103728208546,1.76040776172,-0.0108704665343,0.00517338753958,0.00955903052816,0.999881839996
2018/10/02/14:21:09.335653,14365,1538482869,319753541,/world,vicon/IMUframe/IMUframe,-0.287211338718,0.103236353164,1.75136118421,-0.00747687130004,0.00264684477037,0.0100278942686,0.999918262632
2018/10/02/14:21:09.345677,14366,1538482869,329738384,/world,vicon/IMUframe/IMUframe,-0.287546457824,0.102916832564,1.74210858034,-0.00357725700749,9.35253326115e-05,0.0099730666478,0.999943864638
2018/10/02/14:21:09.356132,14367,1538482869,339730830,/world,vicon/IMUframe/IMUframe,-0.287925733556,0.102407573494,1.73279426726,-0.000455956549678,-0.00241628213067,0.0108673834981,0.999937924903
2018/10/02/14:21:09.365656,14368,1538482869,349741339,/world,vicon/IMUframe/IMUframe,-0.28815968867,0.101905341375,1.72332894555,0.0023191532428,-0.00476388887112,0.0114068304203,0.999920902427
2018/10/02/14:21:09.375657,14369,1538482869,359775028,/world,vicon/IMUframe/IMUframe,-0.288368233746,0.101308481286,1.71402794155,0.00484643599823,-0.00688952674141,0.0120128087073,0.99989236366
2018/10/02/14:21:09.385625,14370,1538482869,369731407,/world,vicon/IMUframe/IMUframe,-0.288496919421,0.100713279489,1.70470693585,0.00713206132271,-0.00871489119161,0.0126776173032,0.99985622086
2018/10/02/14:21:09.395648,14371,1538482869,379730280,/world,vicon/IMUframe/IMUframe,-0.288609181806,0.100324697819,1.69534565874,0.00891902932479,-0.0102703481512,0.0134548550612,0.999816952117
2018/10/02/14:21:09.405277,14372,1538482869,389756594,/world,vicon/IMUframe/IMUframe,-0.288750451025,0.09975314258,1.68586410328,0.0109429692759,-0.0111827165115,0.0141012674026,0.999778151658
2018/10/02/14:21:09.415641,14373,1538482869,399749023,/world,vicon/IMUframe/IMUframe,-0.288900944555,0.0992535496085,1.67637481318,0.0129454538422,-0.0117449012561,0.014902757068,0.999736155369
2018/10/02/14:21:09.425582,14374,1538482869,409797926,/world,vicon/IMUframe/IMUframe,-0.289064122754,0.0987393340243,1.66686239711,0.0149896896559,-0.0123082125556,0.0153865247261,0.999693489008
2018/10/02/14:21:09.435558,14375,1538482869,419749360,/world,vicon/IMUframe/IMUframe,-0.289222274382,0.0983648371441,1.6573989303,0.0172444283102,-0.0125561040627,0.014996357614,0.999659983795
2018/10/02/14:21:09.445556,14376,1538482869,429754703,/world,vicon/IMUframe/IMUframe,-0.289491483689,0.0977647053451,1.64793827966,0.020151240153,-0.0128388215193,0.0147638893046,0.999605482055
2018/10/02/14:21:09.455630,14377,1538482869,439780461,/world,vicon/IMUframe/IMUframe,-0.289661866081,0.0973532912263,1.63858540491,0.023400308871,-0.0130704297763,0.0137218700087,0.999546547037
2018/10/02/14:21:09.465719,14378,1538482869,449789104,/world,vicon/IMUframe/IMUframe,-0.28979889687,0.0968616531595,1.62932249689,0.026935642371,-0.0133412947963,0.0122112145767,0.999473545053
2018/10/02/14:21:09.475664,14379,1538482869,459742130,/world,vicon/IMUframe/IMUframe,-0.290057685101,0.0964619031557,1.62012935393,0.0308243517775,-0.01328321088,0.0110923009566,0.999374992936
2018/10/02/14:21:09.485477,14380,1538482869,469754325,/world,vicon/IMUframe/IMUframe,-0.290188624102,0.0959643717015,1.61129205012,0.0347485556737,-0.0130740493563,0.00901730062421,0.999269881164
2018/10/02/14:21:09.495838,14381,1538482869,479758297,/world,vicon/IMUframe/IMUframe,-0.290375606511,0.095828339762,1.60265964202,0.0389165162753,-0.012508823664,0.00754030636671,0.999135715442
2018/10/02/14:21:09.505452,14382,1538482869,489779436,/world,vicon/IMUframe/IMUframe,-0.290620807962,0.0956738478131,1.59421191232,0.042875221758,-0.0115815153132,0.0055837335295,0.998997700589
2018/10/02/14:21:09.515552,14383,1538482869,499737740,/world,vicon/IMUframe/IMUframe,-0.290762766598,0.0952789799743,1.58618785754,0.0461334818485,-0.0105718633941,0.00497330793659,0.998866959993
2018/10/02/14:21:09.525288,14384,1538482869,509709607,/world,vicon/IMUframe/IMUframe,-0.29085223481,0.0950859483617,1.57861845604,0.0488283745249,-0.00930386352429,0.00378836823551,0.998756665175
2018/10/02/14:21:09.535384,14385,1538482869,519778285,/world,vicon/IMUframe/IMUframe,-0.291184686475,0.0949828672502,1.57131255808,0.0509635114959,-0.00826844936068,0.00227391123386,0.998663698433
2018/10/02/14:21:09.545796,14386,1538482869,529756227,/world,vicon/IMUframe/IMUframe,-0.291192420082,0.0947453558309,1.56437792107,0.0523337730786,-0.00705283542897,0.0012128960562,0.998604006897
2018/10/02/14:21:09.555584,14387,1538482869,539806862,/world,vicon/IMUframe/IMUframe,-0.291252866517,0.0944966146282,1.55785038255,0.0534591423478,-0.00592394326026,-1.79893088981e-05,0.998552465658
2018/10/02/14:21:09.565552,14388,1538482869,549753020,/world,vicon/IMUframe/IMUframe,-0.291379744076,0.0943955379177,1.55189909552,0.0542413746067,-0.00510798225934,-0.00110646279924,0.998514174931
2018/10/02/14:21:09.575698,14389,1538482869,559752861,/world,vicon/IMUframe/IMUframe,-0.29146479485,0.0942249333224,1.54630281242,0.0551138980719,-0.00432411833535,-0.00224350755663,0.998468190236
2018/10/02/14:21:09.585706,14390,1538482869,569822185,/world,vicon/IMUframe/IMUframe,-0.291588341935,0.0942089792216,1.54119250888,0.0553241100206,-0.0038265998227,-0.00323633986247,0.998455870877
2018/10/02/14:21:09.595234,14391,1538482869,579753858,/world,vicon/IMUframe/IMUframe,-0.291754405782,0.0942574827606,1.53648557443,0.0553047010281,-0.00329725072178,-0.00403397636063,0.998455930533
2018/10/02/14:21:09.605524,14392,1538482869,589752544,/world,vicon/IMUframe/IMUframe,-0.291905709619,0.0942256658831,1.53226792755,0.055292707565,-0.00270012252865,-0.00453906396983,0.998456219735
2018/10/02/14:21:09.615507,14393,1538482869,599780814,/world,vicon/IMUframe/IMUframe,-0.291948596657,0.0941188359602,1.52831423379,0.0550300448296,-0.00184984988768,-0.00498845098496,0.998470524141
2018/10/02/14:21:09.625694,14394,1538482869,609765273,/world,vicon/IMUframe/IMUframe,-0.292037636406,0.0941496379713,1.52485766289,0.0548013772529,-0.0011347440541,-0.005720117301,0.998480246006
2018/10/02/14:21:09.635578,14395,1538482869,619769854,/world,vicon/IMUframe/IMUframe,-0.292285708743,0.094087722134,1.52166150204,0.0544820317189,-0.000385278003998,-0.00566336956173,0.998498615936
2018/10/02/14:21:09.645913,14396,1538482869,629754789,/world,vicon/IMUframe/IMUframe,-0.292594895292,0.0941845872467,1.51884629255,0.0544173941245,8.3734163712e-05,-0.00620851253388,0.998498970744
2018/10/02/14:21:09.655153,14397,1538482869,639806794,/world,vicon/IMUframe/IMUframe,-0.292948231066,0.0943314750399,1.51635272751,0.0542760550209,0.000323342833898,-0.00701355473883,0.998501284601
2018/10/02/14:21:09.665410,14398,1538482869,649781833,/world,vicon/IMUframe/IMUframe,-0.293288992825,0.0944364404859,1.51418496964,0.0540522948857,0.000314505023801,-0.00788194555189,0.998506948117
2018/10/02/14:21:09.675574,14399,1538482869,659847516,/world,vicon/IMUframe/IMUframe,-0.293624694648,0.0945073037373,1.51233638666,0.0537113807447,0.000337704158422,-0.00879138133061,0.998517744033
2018/10/02/14:21:09.685677,14400,1538482869,669755109,/world,vicon/IMUframe/IMUframe,-0.293971582801,0.0945577176966,1.51079177175,0.0533251526694,0.000449523255146,-0.00960050907448,0.998530949068
2018/10/02/14:21:09.695545,14401,1538482869,679775446,/world,vicon/IMUframe/IMUframe,-0.294315720127,0.0947122722414,1.50953007013,0.0530548483684,0.000631508100128,-0.0106087089953,0.998535046734
2018/10/02/14:21:09.705625,14402,1538482869,689751806,/world,vicon/IMUframe/IMUframe,-0.294707614715,0.0946737598581,1.50846925652,0.0526604836055,0.000987044245622,-0.0105155234035,0.998556619816
2018/10/02/14:21:09.715370,14403,1538482869,699794385,/world,vicon/IMUframe/IMUframe,-0.295081817636,0.0947334051191,1.50761712807,0.0524420588331,0.00119216207318,-0.0107500006477,0.998565394304
2018/10/02/14:21:09.725152,14404,1538482869,709722574,/world,vicon/IMUframe/IMUframe,-0.295427076105,0.0949084941163,1.50701392019,0.0522942503031,0.00128727735993,-0.0113247767994,0.998566674656
2018/10/02/14:21:09.735282,14405,1538482869,719792879,/world,vicon/IMUframe/IMUframe,-0.295830832293,0.0949545460367,1.50659326358,0.0519147626549,0.00128143688038,-0.0112316666085,0.998587534973
2018/10/02/14:21:09.745188,14406,1538482869,729820710,/world,vicon/IMUframe/IMUframe,-0.296204610014,0.0951108273407,1.50633914195,0.0515211273279,0.00118906033294,-0.0114355463669,0.998605721921
2018/10/02/14:21:09.755414,14407,1538482869,739797653,/world,vicon/IMUframe/IMUframe,-0.296564424907,0.0952831057459,1.50627581894,0.0509955993584,0.00117780805349,-0.011620409589,0.998630576187
2018/10/02/14:21:09.765493,14408,1538482869,749805047,/world,vicon/IMUframe/IMUframe,-0.296891775897,0.0954777985045,1.50638872664,0.0502775140512,0.00111447867388,-0.0116458011357,0.998666763657
2018/10/02/14:21:09.775561,14409,1538482869,759782642,/world,vicon/IMUframe/IMUframe,-0.29720333538,0.0956835798616,1.50667038291,0.0493591074584,0.000966530912603,-0.0116122868032,0.998713121534
2018/10/02/14:21:09.785392,14410,1538482869,769765326,/world,vicon/IMUframe/IMUframe,-0.297472582573,0.0960100755857,1.50715308198,0.0480304039764,0.00101267393554,-0.0114830389979,0.99877935231
2018/10/02/14:21:09.795281,14411,1538482869,779777514,/world,vicon/IMUframe/IMUframe,-0.297776954168,0.0963546623697,1.5077137824,0.0465020560832,0.000909144419003,-0.0113518734633,0.998853276115
2018/10/02/14:21:09.805393,14412,1538482869,789781631,/world,vicon/IMUframe/IMUframe,-0.298059913149,0.0967836033857,1.50823803486,0.0447078271782,0.000725576448139,-0.0112153472591,0.99893688475
2018/10/02/14:21:09.815394,14413,1538482869,799757741,/world,vicon/IMUframe/IMUframe,-0.298330991727,0.0971712229541,1.50898228658,0.0427156241778,0.000397969730596,-0.011083880373,0.999025707711
2018/10/02/14:21:09.825490,14414,1538482869,809802310,/world,vicon/IMUframe/IMUframe,-0.29858937724,0.0976523171098,1.50977680102,0.0407020147541,-0.000165736917294,-0.0113311324664,0.999107063314
2018/10/02/14:21:09.835447,14415,1538482869,819758315,/world,vicon/IMUframe/IMUframe,-0.298868741649,0.0981197827465,1.51062706223,0.0385848533661,-0.000666443584842,-0.011279926572,0.999191437213
2018/10/02/14:21:09.845549,14416,1538482869,829771592,/world,vicon/IMUframe/IMUframe,-0.29914204463,0.0986839896846,1.51156685455,0.0363770032915,-0.00126220736833,-0.0111597504981,0.999275027424
2018/10/02/14:21:09.855781,14417,1538482869,839752725,/world,vicon/IMUframe/IMUframe,-0.299334907746,0.0990981774261,1.51244923947,0.0343191864192,-0.0016124805941,-0.0106532310522,0.999352841602
2018/10/02/14:21:09.865671,14418,1538482869,849771086,/world,vicon/IMUframe/IMUframe,-0.299477569444,0.0996005078336,1.51339770845,0.0324530672534,-0.00196324014115,-0.0106375516433,0.999414722029
2018/10/02/14:21:09.875437,14419,1538482869,859748779,/world,vicon/IMUframe/IMUframe,-0.299530235632,0.100162738268,1.51439823526,0.0307793198075,-0.00204477913183,-0.0109120895643,0.99946454597
2018/10/02/14:21:09.885603,14420,1538482869,869754026,/world,vicon/IMUframe/IMUframe,-0.299598432719,0.100582088862,1.51541246064,0.0292561677538,-0.00174626988083,-0.0104719457236,0.999515565433
2018/10/02/14:21:09.895398,14421,1538482869,879752329,/world,vicon/IMUframe/IMUframe,-0.299554141236,0.101084801187,1.51640676415,0.027994447984,-0.00139211883015,-0.0103283511228,0.999553749455
2018/10/02/14:21:09.905536,14422,1538482869,889781338,/world,vicon/IMUframe/IMUframe,-0.299459371843,0.101654805084,1.51738316198,0.0264782308147,-0.000901640495264,-0.010135861067,0.999597596365
2018/10/02/14:21:09.915416,14423,1538482869,899745017,/world,vicon/IMUframe/IMUframe,-0.29933160424,0.102180338576,1.51832269502,0.0252443758334,-0.000510506730866,-0.0100141766936,0.999631020495
2018/10/02/14:21:09.925575,14424,1538482869,909781123,/world,vicon/IMUframe/IMUframe,-0.299201177167,0.10264850825,1.51921855028,0.0243508793847,7.30603646609e-05,-0.00993939702424,0.999654059024
2018/10/02/14:21:09.935903,14425,1538482869,919798286,/world,vicon/IMUframe/IMUframe,-0.298927324714,0.10303632779,1.5200620519,0.0235018724731,0.000707260357839,-0.00984627440139,0.999675053532
2018/10/02/14:21:09.945785,14426,1538482869,929802763,/world,vicon/IMUframe/IMUframe,-0.298707179538,0.103497178629,1.52085601865,0.0229127720744,0.00139653624094,-0.00944962849876,0.999691832058
2018/10/02/14:21:09.955909,14427,1538482869,939791823,/world,vicon/IMUframe/IMUframe,-0.298447691402,0.10393074871,1.52158844537,0.0223625307686,0.00214904627334,-0.00901252135905,0.999706993712
2018/10/02/14:21:09.965369,14428,1538482869,949752271,/world,vicon/IMUframe/IMUframe,-0.298201655882,0.104300756904,1.52225954719,0.0220975828929,0.00285861894443,-0.00851661679647,0.9997154557
2018/10/02/14:21:09.975366,14429,1538482869,959744243,/world,vicon/IMUframe/IMUframe,-0.297933828122,0.104619288673,1.52291801012,0.0218578269119,0.00341908296004,-0.00790145686029,0.999724018044
2018/10/02/14:21:09.985176,14430,1538482869,969773326,/world,vicon/IMUframe/IMUframe,-0.297717452563,0.104961833987,1.52349426215,0.0217760049027,0.003736445182,-0.0073503740305,0.999728871539
2018/10/02/14:21:09.995362,14431,1538482869,979745142,/world,vicon/IMUframe/IMUframe,-0.297507147744,0.10528208709,1.52405191436,0.0217607463699,0.00386740184228,-0.00680285452407,0.999732581389
2018/10/02/14:21:10.005196,14432,1538482869,989776941,/world,vicon/IMUframe/IMUframe,-0.297307508897,0.105621236029,1.52456208407,0.0215802405242,0.00378919881359,-0.00629587422152,0.999740114809
2018/10/02/14:21:10.014534,14433,1538482869,999770270,/world,vicon/IMUframe/IMUframe,-0.297108352102,0.106036522788,1.52502882961,0.0214131966383,0.00358778504563,-0.00610819112893,0.999745614049
2018/10/02/14:21:10.024479,14434,1538482870,9793109,/world,vicon/IMUframe/IMUframe,-0.296975121545,0.106360156948,1.5254637559,0.021053479991,0.00338108730432,-0.00559236761646,0.9997569928
2018/10/02/14:21:10.034613,14435,1538482870,19766245,/world,vicon/IMUframe/IMUframe,-0.296886384604,0.106719044009,1.52591596232,0.0204263859597,0.0031712289338,-0.00517061278609,0.99977295964
2018/10/02/14:21:10.044483,14436,1538482870,29827127,/world,vicon/IMUframe/IMUframe,-0.296800223619,0.1069443888,1.52632312254,0.0198062518437,0.002836196738,-0.0039809514417,0.999791888546
2018/10/02/14:21:10.054572,14437,1538482870,39783389,/world,vicon/IMUframe/IMUframe,-0.296766906467,0.107304902363,1.52677544059,0.0190911941198,0.00240935986665,-0.00361292635938,0.999808315656
2018/10/02/14:21:10.064482,14438,1538482870,49851464,/world,vicon/IMUframe/IMUframe,-0.296741491313,0.107666169531,1.52718673553,0.0183066696428,0.00196359101477,-0.00322946166235,0.999825275103
2018/10/02/14:21:10.074649,14439,1538482870,59781471,/world,vicon/IMUframe/IMUframe,-0.296742372317,0.108052578676,1.52760809647,0.0175236467809,0.00152414816361,-0.0030301333129,0.999840695845
2018/10/02/14:21:10.084424,14440,1538482870,69825968,/world,vicon/IMUframe/IMUframe,-0.296764546851,0.108425745193,1.52800324866,0.0168234611836,0.00124619237776,-0.0028579007108,0.999853614567
2018/10/02/14:21:10.095319,14441,1538482870,79834983,/world,vicon/IMUframe/IMUframe,-0.296780214412,0.108797108924,1.52841617224,0.0160894092362,0.0011428225162,-0.0029031238155,0.99986568935
2018/10/02/14:21:10.104794,14442,1538482870,89845186,/world,vicon/IMUframe/IMUframe,-0.296769621466,0.109136211857,1.52881300843,0.0155429192503,0.00133092371179,-0.0029301709095,0.999874022266
2018/10/02/14:21:10.114961,14443,1538482870,99797885,/world,vicon/IMUframe/IMUframe,-0.296809308465,0.109381637648,1.52917510414,0.0152508881911,0.00141275410127,-0.00311211431195,0.99987785718
2018/10/02/14:21:10.125082,14444,1538482870,109840440,/world,vicon/IMUframe/IMUframe,-0.29690164992,0.109804128536,1.52955590095,0.0150778445604,0.001633005943,-0.00366723196584,0.999878264243
2018/10/02/14:21:10.134986,14445,1538482870,119823774,/world,vicon/IMUframe/IMUframe,-0.296865568442,0.110122025207,1.52998088926,0.0147716793352,0.00198476901457,-0.00393514160639,0.999881179362
2018/10/02/14:21:10.146012,14446,1538482870,129822119,/world,vicon/IMUframe/IMUframe,-0.296888967305,0.110420588962,1.53034559624,0.014511004843,0.0022417337502,-0.0042224050915,0.99988328152
2018/10/02/14:21:10.155699,14447,1538482870,139824034,/world,vicon/IMUframe/IMUframe,-0.296897111017,0.110842218932,1.530724149,0.0143043268707,0.00249398606938,-0.00508458511456,0.999881649627
2018/10/02/14:21:10.165652,14448,1538482870,149798294,/world,vicon/IMUframe/IMUframe,-0.296922130304,0.11098326035,1.53106101668,0.0139238012403,0.00281626963136,-0.00477835269267,0.999887675557
2018/10/02/14:21:10.175402,14449,1538482870,159762324,/world,vicon/IMUframe/IMUframe,-0.296926547668,0.111200663293,1.5314480298,0.0135883258961,0.00326575363509,-0.00490984704273,0.999890286809
2018/10/02/14:21:10.185248,14450,1538482870,169831691,/world,vicon/IMUframe/IMUframe,-0.296907103736,0.111398755843,1.53180004258,0.0131427136869,0.00373627185697,-0.00500754734816,0.999894111303
2018/10/02/14:21:10.195838,14451,1538482870,179794400,/world,vicon/IMUframe/IMUframe,-0.296913346343,0.11147948625,1.53206491239,0.0128887113895,0.00406753363123,-0.00502487016859,0.99989603808
2018/10/02/14:21:10.205206,14452,1538482870,189804395,/world,vicon/IMUframe/IMUframe,-0.296919783063,0.111613703584,1.53234472279,0.012608591409,0.00456784492686,-0.00519501687554,0.99989657966
2018/10/02/14:21:10.215110,14453,1538482870,199785994,/world,vicon/IMUframe/IMUframe,-0.296922590104,0.111682207266,1.53257303399,0.0124378753666,0.00510785034904,-0.00544202963926,0.999894791183
2018/10/02/14:21:10.225389,14454,1538482870,209833696,/world,vicon/IMUframe/IMUframe,-0.296972383218,0.111752902463,1.53274875102,0.0124404402063,0.00558221219234,-0.0059107275466,0.999889562729
2018/10/02/14:21:10.235326,14455,1538482870,219799877,/world,vicon/IMUframe/IMUframe,-0.296959702124,0.111821447973,1.53292970363,0.012479726029,0.00616440322405,-0.00630652308866,0.999883235352
2018/10/02/14:21:10.244955,14456,1538482870,229818235,/world,vicon/IMUframe/IMUframe,-0.29700365197,0.111863192857,1.53303890408,0.012764739477,0.0066241090706,-0.00682803378425,0.99987327225
2018/10/02/14:21:10.255221,14457,1538482870,239842419,/world,vicon/IMUframe/IMUframe,-0.297062925472,0.111926254579,1.53312473302,0.013111662458,0.00703093191885,-0.0073972903324,0.999861955672
2018/10/02/14:21:10.265258,14458,1538482870,249831483,/world,vicon/IMUframe/IMUframe,-0.297093808424,0.112097339341,1.53320209791,0.0134921449444,0.00731512570173,-0.00828780976309,0.999847870013
2018/10/02/14:21:10.275250,14459,1538482870,259842340,/world,vicon/IMUframe/IMUframe,-0.297189156202,0.112104542821,1.533249478,0.0136259795962,0.00752373384893,-0.00828290389975,0.999844547723
2018/10/02/14:21:10.285575,14460,1538482870,269844847,/world,vicon/IMUframe/IMUframe,-0.297260669594,0.112235004478,1.53329134895,0.0135741204464,0.00759717257919,-0.00875248568347,0.99984069742
2018/10/02/14:21:10.295618,14461,1538482870,279751219,/world,vicon/IMUframe/IMUframe,-0.297299936977,0.112368635942,1.53330920153,0.0133546289873,0.00758044751671,-0.00905762551356,0.999841062429
2018/10/02/14:21:10.305653,14462,1538482870,289824567,/world,vicon/IMUframe/IMUframe,-0.297318653037,0.112502110791,1.53330123836,0.0130496738347,0.00746535357601,-0.00925467098849,0.999844150642
2018/10/02/14:21:10.315312,14463,1538482870,299766701,/world,vicon/IMUframe/IMUframe,-0.297321218929,0.112759142883,1.53329782118,0.0127701000558,0.00736289390375,-0.00970388549169,0.999844261345
2018/10/02/14:21:10.325055,14464,1538482870,309800278,/world,vicon/IMUframe/IMUframe,-0.297288127662,0.112782245538,1.53324472307,0.0123979616126,0.00729820000719,-0.00902975459536,0.999855734772
2018/10/02/14:21:10.335198,14465,1538482870,319824004,/world,vicon/IMUframe/IMUframe,-0.297194427279,0.112869719629,1.53319315856,0.0121508770756,0.00727840095423,-0.00858542129471,0.999862826395
2018/10/02/14:21:10.345577,14466,1538482870,329809154,/world,vicon/IMUframe/IMUframe,-0.297040576303,0.112903178843,1.53311468189,0.0119891770528,0.00736191638803,-0.00791073571888,0.999869732556
2018/10/02/14:21:10.355194,14467,1538482870,339834823,/world,vicon/IMUframe/IMUframe,-0.29693805375,0.112959013528,1.53300927122,0.0118881416951,0.00748230762034,-0.00743027847431,0.999873731089
2018/10/02/14:21:10.365390,14468,1538482870,349784780,/world,vicon/IMUframe/IMUframe,-0.296809066578,0.112967243398,1.53286962507,0.0118777701004,0.00761707688498,-0.00689330364563,0.999876682937
2018/10/02/14:21:10.375420,14469,1538482870,359841860,/world,vicon/IMUframe/IMUframe,-0.296704929632,0.1129967498,1.53267837863,0.0119443882368,0.0076817682317,-0.00651163792476,0.999877952851
2018/10/02/14:21:10.385511,14470,1538482870,369845896,/world,vicon/IMUframe/IMUframe,-0.296616199698,0.112989574411,1.53241555143,0.0121555487641,0.00761944557464,-0.00629081413199,0.999877298643
2018/10/02/14:21:10.395333,14471,1538482870,379836842,/world,vicon/IMUframe/IMUframe,-0.296518768187,0.11297351142,1.53211804229,0.0125158397086,0.0074072300764,-0.00611161683924,0.999875559677
2018/10/02/14:21:10.404979,14472,1538482870,389824619,/world,vicon/IMUframe/IMUframe,-0.296447836266,0.112971571096,1.53183098126,0.0128566377736,0.00713885703109,-0.00607089474051,0.999873435902
2018/10/02/14:21:10.415108,14473,1538482870,399802408,/world,vicon/IMUframe/IMUframe,-0.296367738425,0.112951768074,1.5315505624,0.0132681897609,0.00692059475175,-0.00592533324625,0.999870467078
2018/10/02/14:21:10.424909,14474,1538482870,409808875,/world,vicon/IMUframe/IMUframe,-0.296303920864,0.112955892997,1.53128149198,0.0135617456422,0.0066693203468,-0.00579840938177,0.999868980252
2018/10/02/14:21:10.434960,14475,1538482870,419810338,/world,vicon/IMUframe/IMUframe,-0.296286040199,0.112900416116,1.53093533938,0.0139420433109,0.00631358712405,-0.00572205836653,0.999866499136
2018/10/02/14:21:10.444922,14476,1538482870,429806599,/world,vicon/IMUframe/IMUframe,-0.296254594277,0.112899695503,1.53063183676,0.0140700413105,0.00616729866525,-0.00564795666787,0.999866040503
2018/10/02/14:21:10.455025,14477,1538482870,439845118,/world,vicon/IMUframe/IMUframe,-0.29623765824,0.112898307062,1.53034576071,0.0142149428539,0.00606041443069,-0.00556704845513,0.999865098275
2018/10/02/14:21:10.465244,14478,1538482870,449849505,/world,vicon/IMUframe/IMUframe,-0.296217155242,0.112872378722,1.53001979564,0.0144256263358,0.00580481155736,-0.0054534575498,0.999864223417
2018/10/02/14:21:10.475265,14479,1538482870,459841550,/world,vicon/IMUframe/IMUframe,-0.296167261997,0.112911753674,1.52975826304,0.0145105258583,0.00560165462138,-0.005330736348,0.99986481554
2018/10/02/14:21:10.485086,14480,1538482870,469806825,/world,vicon/IMUframe/IMUframe,-0.296178983222,0.11292205894,1.52945548542,0.0147495374053,0.00525551334543,-0.00525736687329,0.999863586105
2018/10/02/14:21:10.495081,14481,1538482870,479807024,/world,vicon/IMUframe/IMUframe,-0.296166595955,0.112930371027,1.52914152167,0.0149598613487,0.00486948765327,-0.00508459238711,0.999863309437
2018/10/02/14:21:10.505043,14482,1538482870,489845573,/world,vicon/IMUframe/IMUframe,-0.29618259142,0.112971269776,1.52885092021,0.0150969827785,0.00452666313145,-0.00487782557214,0.999863889362
2018/10/02/14:21:10.514878,14483,1538482870,499786354,/world,vicon/IMUframe/IMUframe,-0.296222450693,0.113022726804,1.52858955968,0.0152017852731,0.00418990970166,-0.00470612425455,0.99986459222
2018/10/02/14:21:10.525049,14484,1538482870,509838666,/world,vicon/IMUframe/IMUframe,-0.29631677267,0.113010351511,1.52826645548,0.0154428174523,0.00366475859443,-0.00455821378352,0.999863646514
2018/10/02/14:21:10.535528,14485,1538482870,519861302,/world,vicon/IMUframe/IMUframe,-0.296359254715,0.113156879955,1.52801661279,0.0155933761982,0.00323269869417,-0.00492666874831,0.999861052453
2018/10/02/14:21:10.545564,14486,1538482870,529847499,/world,vicon/IMUframe/IMUframe,-0.296528537645,0.113182820522,1.52774392205,0.0155779872112,0.0028612854082,-0.00476405981461,0.999863212192
2018/10/02/14:21:10.555463,14487,1538482870,539843604,/world,vicon/IMUframe/IMUframe,-0.296576953503,0.113296478228,1.52754839614,0.0155335938848,0.00257644598215,-0.00478177210481,0.999864592854
2018/10/02/14:21:10.565506,14488,1538482870,549848448,/world,vicon/IMUframe/IMUframe,-0.29665122584,0.113363039693,1.52731014722,0.0155924353396,0.00228188449484,-0.0048119293288,0.999864247935
2018/10/02/14:21:10.575364,14489,1538482870,559845188,/world,vicon/IMUframe/IMUframe,-0.296725491523,0.113421201288,1.52708576096,0.0156391754078,0.00218613418361,-0.00483735065776,0.999863609223
2018/10/02/14:21:10.585526,14490,1538482870,569857135,/world,vicon/IMUframe/IMUframe,-0.296789768791,0.11346029069,1.52688283501,0.0156707368326,0.00223726486231,-0.0048218873289,0.999863076654
2018/10/02/14:21:10.595200,14491,1538482870,579847724,/world,vicon/IMUframe/IMUframe,-0.296882234401,0.113509142288,1.52669529505,0.0157274372462,0.00241049484417,-0.0048318025777,0.9998617359
2018/10/02/14:21:10.605553,14492,1538482870,589808387,/world,vicon/IMUframe/IMUframe,-0.296992632633,0.113563772247,1.52649578062,0.0158055190311,0.00256376669927,-0.00492162301225,0.999859685304
2018/10/02/14:21:10.615202,14493,1538482870,599846741,/world,vicon/IMUframe/IMUframe,-0.297129950072,0.113628002892,1.52629655147,0.0158346021811,0.00257824340716,-0.00513004059508,0.999858140297
2018/10/02/14:21:10.625181,14494,1538482870,609856063,/world,vicon/IMUframe/IMUframe,-0.297230514479,0.113786982941,1.52607022765,0.0159593227791,0.00244230485451,-0.00586770452259,0.999852441717
2018/10/02/14:21:10.635396,14495,1538482870,619827057,/world,vicon/IMUframe/IMUframe,-0.297434201979,0.113759250101,1.52581577335,0.0158287566477,0.00226966423515,-0.00569995345279,0.999855894426
2018/10/02/14:21:10.645238,14496,1538482870,629828737,/world,vicon/IMUframe/IMUframe,-0.297593027036,0.113838045394,1.52557426192,0.0157977315555,0.00204958096068,-0.00598731372603,0.999855180999
2018/10/02/14:21:10.655473,14497,1538482870,639843121,/world,vicon/IMUframe/IMUframe,-0.297750226079,0.113898634555,1.52533467531,0.0157329213384,0.0018885208361,-0.00615184619962,0.999855521295
2018/10/02/14:21:10.665520,14498,1538482870,649849757,/world,vicon/IMUframe/IMUframe,-0.297890805596,0.113918783651,1.52509647061,0.0157376388739,0.0017686734899,-0.00615536108384,0.999855644604
2018/10/02/14:21:10.675371,14499,1538482870,659812612,/world,vicon/IMUframe/IMUframe,-0.298000138949,0.113869820749,1.52484299894,0.015843145289,0.00169297932427,-0.00595495612038,0.999855323067
2018/10/02/14:21:10.685312,14500,1538482870,669840006,/world,vicon/IMUframe/IMUframe,-0.298169987562,0.113764127995,1.52453745637,0.016185839845,0.00147702877884,-0.00591868789135,0.999850391863
2018/10/02/14:21:10.695236,14501,1538482870,679861366,/world,vicon/IMUframe/IMUframe,-0.298283635669,0.113783545637,1.52430614793,0.0165636666242,0.00134513297552,-0.00631951862431,0.999841937133
2018/10/02/14:21:10.705549,14502,1538482870,689839187,/world,vicon/IMUframe/IMUframe,-0.298415213245,0.113818998683,1.52410558714,0.0167715829464,0.00135970697563,-0.00650863642013,0.999837238181
2018/10/02/14:21:10.715526,14503,1538482870,699847951,/world,vicon/IMUframe/IMUframe,-0.298524129248,0.113587576916,1.52383107964,0.0171816956155,0.00124345975313,-0.00587706301431,0.999834337915
2018/10/02/14:21:10.725507,14504,1538482870,709858602,/world,vicon/IMUframe/IMUframe,-0.298657395036,0.113464565479,1.52359437201,0.0175375880858,0.00106041346259,-0.00574571817415,0.999829133027
2018/10/02/14:21:10.735529,14505,1538482870,719843284,/world,vicon/IMUframe/IMUframe,-0.29876555143,0.113289350844,1.52334726284,0.0178697694036,0.000808590339893,-0.00560404550353,0.999824290662
2018/10/02/14:21:10.745199,14506,1538482870,729833267,/world,vicon/IMUframe/IMUframe,-0.2989778726,0.113181439555,1.52312266688,0.0182085367626,0.000486396313446,-0.00535800057561,0.999819735971
2018/10/02/14:21:10.755324,14507,1538482870,739850413,/world,vicon/IMUframe/IMUframe,-0.299167298032,0.113062521632,1.52288668956,0.0184323670849,1.6458980606e-05,-0.00504349196828,0.999817388707
2018/10/02/14:21:10.765189,14508,1538482870,749840716,/world,vicon/IMUframe/IMUframe,-0.299369027732,0.112909479752,1.52267181025,0.0186552649754,-0.000586960800921,-0.00481338521244,0.999814216687
2018/10/02/14:21:10.775201,14509,1538482870,759841507,/world,vicon/IMUframe/IMUframe,-0.299609157728,0.112775965085,1.52242271573,0.0188791543393,-0.00131620831599,-0.00462666308225,0.999810201546
2018/10/02/14:21:10.785177,14510,1538482870,769844848,/world,vicon/IMUframe/IMUframe,-0.299790109954,0.112771825544,1.52221225465,0.0191989846654,-0.0020519612893,-0.00496519670143,0.999801247881
2018/10/02/14:21:10.795250,14511,1538482870,779884765,/world,vicon/IMUframe/IMUframe,-0.300087032058,0.112620641951,1.5220186753,0.0192727478429,-0.00263760024553,-0.00464857669059,0.999799977491
2018/10/02/14:21:10.805228,14512,1538482870,789873467,/world,vicon/IMUframe/IMUframe,-0.300113687923,0.112296096153,1.52189148616,0.0192541219717,-0.00318062733659,-0.0039227012023,0.999801867778
2018/10/02/14:21:10.815202,14513,1538482870,799846442,/world,vicon/IMUframe/IMUframe,-0.300282643577,0.112211539568,1.52177863512,0.0193508280994,-0.00351576574596,-0.00378346795359,0.999799414989
2018/10/02/14:21:10.825174,14514,1538482870,809846385,/world,vicon/IMUframe/IMUframe,-0.300439466416,0.11212823451,1.52168903265,0.0193448231166,-0.00370344468803,-0.0036099074874,0.999799495341
2018/10/02/14:21:10.835209,14515,1538482870,819848334,/world,vicon/IMUframe/IMUframe,-0.300575198651,0.112041087922,1.52162686224,0.0193133557006,-0.00379092313294,-0.00340796464778,0.999800484582
2018/10/02/14:21:10.845154,14516,1538482870,829838458,/world,vicon/IMUframe/IMUframe,-0.300703171071,0.111971778542,1.52158010705,0.0192003443793,-0.00381331622815,-0.00331865310381,0.999802876539
2018/10/02/14:21:10.855186,14517,1538482870,839845894,/world,vicon/IMUframe/IMUframe,-0.300819159302,0.111915070314,1.52153713211,0.0191030022766,-0.00380336399956,-0.00330412210946,0.999804827205
2018/10/02/14:21:10.865074,14518,1538482870,849861796,/world,vicon/IMUframe/IMUframe,-0.30093824646,0.111855557248,1.52152071328,0.0189531723401,-0.00378771752975,-0.00339197208716,0.999807443951
2018/10/02/14:21:10.875145,14519,1538482870,859851371,/world,vicon/IMUframe/IMUframe,-0.301028697893,0.111775245156,1.52149681464,0.018803488869,-0.00372263812027,-0.00349795172833,0.999810149531
2018/10/02/14:21:10.885050,14520,1538482870,869855176,/world,vicon/IMUframe/IMUframe,-0.301088559381,0.111687028237,1.52149027257,0.0186473280104,-0.00358769368952,-0.00358717355591,0.999813251461
2018/10/02/14:21:10.895010,14521,1538482870,879841892,/world,vicon/IMUframe/IMUframe,-0.3011400647,0.111601412102,1.52149583626,0.0185298555301,-0.00334798166691,-0.0035470665569,0.999816410043
2018/10/02/14:21:10.905100,14522,1538482870,889866757,/world,vicon/IMUframe/IMUframe,-0.301180048621,0.111514830612,1.52151365238,0.0184218858908,-0.00313695828595,-0.00345911000334,0.999819397777
2018/10/02/14:21:10.915181,14523,1538482870,899852512,/world,vicon/IMUframe/IMUframe,-0.301230636368,0.111438060761,1.5215179881,0.0183016384863,-0.00301117177785,-0.0032839667693,0.999822583479
2018/10/02/14:21:10.925109,14524,1538482870,909861753,/world,vicon/IMUframe/IMUframe,-0.301304587857,0.111366546631,1.52152268814,0.0181675267495,-0.00310445923489,-0.00306301892823,0.999825445375
2018/10/02/14:21:10.935335,14525,1538482870,919852540,/world,vicon/IMUframe/IMUframe,-0.301371737595,0.111329771806,1.52153105891,0.0179804429669,-0.00336756070417,-0.00284173063091,0.999828629202
2018/10/02/14:21:10.945238,14526,1538482870,929843019,/world,vicon/IMUframe/IMUframe,-0.301426956693,0.11127490248,1.52154665849,0.0177966592689,-0.00377090532941,-0.00249798579144,0.999831395416
2018/10/02/14:21:10.955301,14527,1538482870,939851257,/world,vicon/IMUframe/IMUframe,-0.301473582102,0.111241231538,1.52158843422,0.0175030590435,-0.00416804450511,-0.00216080335089,0.999835787146
2018/10/02/14:21:10.965259,14528,1538482870,949835936,/world,vicon/IMUframe/IMUframe,-0.301496704048,0.111299365736,1.52164687045,0.0172781430769,-0.0045417484766,-0.00222168952841,0.999837938062
2018/10/02/14:21:10.975488,14529,1538482870,959772885,/world,vicon/IMUframe/IMUframe,-0.301529046927,0.111153401245,1.5217021181,0.0168697645637,-0.00474462289608,-0.00150107684729,0.999845311218
2018/10/02/14:21:10.985566,14530,1538482870,969856086,/world,vicon/IMUframe/IMUframe,-0.301496956892,0.111168010931,1.52176346283,0.0166826465487,-0.00488579869434,-0.0015446905648,0.999847704506
2018/10/02/14:21:10.995142,14531,1538482870,979811608,/world,vicon/IMUframe/IMUframe,-0.301470160267,0.111092057879,1.52181442975,0.0164876214889,-0.004891667672,-0.00129540620452,0.999851264863
2018/10/02/14:21:11.005771,14532,1538482870,989843529,/world,vicon/IMUframe/IMUframe,-0.301426461689,0.110942572317,1.52186352918,0.016272141051,-0.00477728927982,-0.000714848691388,0.999855931584
2018/10/02/14:21:11.015585,14533,1538482870,999801213,/world,vicon/IMUframe/IMUframe,-0.301323882747,0.110853600863,1.52189995359,0.0161715312181,-0.00465870528605,-0.000454501484544,0.999858275693
2018/10/02/14:21:11.025558,14534,1538482871,9832153,/world,vicon/IMUframe/IMUframe,-0.301227849471,0.110800049814,1.52194417631,0.0160973243026,-0.00439919078193,-0.000289022205056,0.999860710168
2018/10/02/14:21:11.035642,14535,1538482871,19837090,/world,vicon/IMUframe/IMUframe,-0.301118350897,0.110720042312,1.52199922928,0.0159824908177,-0.00406139317625,-8.31607142327e-05,0.999864019833
2018/10/02/14:21:11.045669,14536,1538482871,29863145,/world,vicon/IMUframe/IMUframe,-0.301013374884,0.110664580181,1.52204196078,0.015844789128,-0.00369516190433,5.19879735867e-05,0.999867634106
2018/10/02/14:21:11.055439,14537,1538482871,39842809,/world,vicon/IMUframe/IMUframe,-0.300920076144,0.110578758245,1.52205485704,0.0156644734645,-0.00341147738121,7.9761713763e-05,0.999871481607
2018/10/02/14:21:11.065220,14538,1538482871,49788930,/world,vicon/IMUframe/IMUframe,-0.300829326624,0.110502088209,1.52206355497,0.015483808585,-0.00322486566751,5.23442215397e-05,0.999874916764
2018/10/02/14:21:11.075204,14539,1538482871,59848561,/world,vicon/IMUframe/IMUframe,-0.30078128014,0.110468834873,1.52204638448,0.0153311247291,-0.00314753774086,-8.94149939743e-05,0.999877513311
2018/10/02/14:21:11.085379,14540,1538482871,69853984,/world,vicon/IMUframe/IMUframe,-0.300739824672,0.110382770986,1.52200327702,0.0152224046865,-0.0031532767635,-0.000189957879914,0.999879142275
2018/10/02/14:21:11.095375,14541,1538482871,79859341,/world,vicon/IMUframe/IMUframe,-0.30070719139,0.110329442662,1.52196233562,0.0151663014909,-0.00317853365429,-0.000274737474943,0.999879895159
2018/10/02/14:21:11.105469,14542,1538482871,89855038,/world,vicon/IMUframe/IMUframe,-0.300670363622,0.110240928125,1.52191580307,0.0151404447366,-0.00322954527187,-0.000297529532384,0.999880117037
2018/10/02/14:21:11.115372,14543,1538482871,99854143,/world,vicon/IMUframe/IMUframe,-0.300612355952,0.110146878268,1.52187272658,0.0151196391137,-0.0032568951252,-0.000159123054472,0.999880374758
2018/10/02/14:21:11.125505,14544,1538482871,109861624,/world,vicon/IMUframe/IMUframe,-0.300564540462,0.110018674714,1.52182717424,0.0151719217004,-0.00326982535042,8.89961406957e-05,0.999879549303
2018/10/02/14:21:11.135442,14545,1538482871,119848036,/world,vicon/IMUframe/IMUframe,-0.300540677574,0.109894063325,1.5217882896,0.0152753215986,-0.00332067045726,0.000287455974758,0.999877770063
2018/10/02/14:21:11.145408,14546,1538482871,129863306,/world,vicon/IMUframe/IMUframe,-0.300527531699,0.109799567223,1.52174939769,0.0154641854908,-0.00344203632825,0.000449518527232,0.999874396755
2018/10/02/14:21:11.155299,14547,1538482871,139859493,/world,vicon/IMUframe/IMUframe,-0.300512754619,0.109696536511,1.52168923605,0.0156104971559,-0.00363892418691,0.000567069824975,0.999871366247
2018/10/02/14:21:11.165515,14548,1538482871,149847152,/world,vicon/IMUframe/IMUframe,-0.300476427827,0.109583955142,1.5216433302,0.0156975863075,-0.00386028980853,0.000759807338299,0.999869044745
2018/10/02/14:21:11.175305,14549,1538482871,159849698,/world,vicon/IMUframe/IMUframe,-0.300478621129,0.109494608341,1.52162321064,0.0156767258521,-0.0040587277832,0.000899774427502,0.999868470051
2018/10/02/14:21:11.185299,14550,1538482871,169859499,/world,vicon/IMUframe/IMUframe,-0.30048696312,0.109398968537,1.52160687012,0.0155739450651,-0.00423589969306,0.00106113430692,0.999869183135
2018/10/02/14:21:11.195377,14551,1538482871,179844624,/world,vicon/IMUframe/IMUframe,-0.300508339269,0.109316857828,1.52160076879,0.0154379587588,-0.00441381955407,0.00126904701464,0.999870280159
2018/10/02/14:21:11.205405,14552,1538482871,189847403,/world,vicon/IMUframe/IMUframe,-0.300547671385,0.109236977395,1.52159950997,0.0152951177252,-0.00455955090561,0.00141943637985,0.999871619294
2018/10/02/14:21:11.215165,14553,1538482871,199802169,/world,vicon/IMUframe/IMUframe,-0.300584807744,0.109156958801,1.52159959685,0.0152103660518,-0.00469227577065,0.00156602527578,0.999872079257
2018/10/02/14:21:11.225372,14554,1538482871,209863514,/world,vicon/IMUframe/IMUframe,-0.300649847451,0.109078231037,1.52161839106,0.0151474256437,-0.00480044186297,0.00160894477501,0.999872453141
2018/10/02/14:21:11.235173,14555,1538482871,219835523,/world,vicon/IMUframe/IMUframe,-0.30072809357,0.109009125801,1.52163689151,0.0151646587064,-0.00488781922426,0.00159656706785,0.999871788442
2018/10/02/14:21:11.245109,14556,1538482871,229867875,/world,vicon/IMUframe/IMUframe,-0.300821337875,0.108940816689,1.52165451062,0.015215090413,-0.00493630290455,0.00153792892403,0.999870876019
2018/10/02/14:21:11.255166,14557,1538482871,239850438,/world,vicon/IMUframe/IMUframe,-0.300901281717,0.108857879839,1.52167965534,0.0152836776158,-0.00497509657106,0.0014594995064,0.999869755255
2018/10/02/14:21:11.265274,14558,1538482871,249853780,/world,vicon/IMUframe/IMUframe,-0.301017909337,0.108750507885,1.52165104478,0.0155397383033,-0.00512111319207,0.00130899378341,0.999865279559
2018/10/02/14:21:11.275075,14559,1538482871,259849865,/world,vicon/IMUframe/IMUframe,-0.301098937644,0.108694657855,1.52169043272,0.0156143728117,-0.00512121513972,0.00120683465827,0.999864244819
2018/10/02/14:21:11.284956,14560,1538482871,269838500,/world,vicon/IMUframe/IMUframe,-0.301185052177,0.108641205504,1.52176976494,0.0156139279274,-0.00505854042522,0.00109660672719,0.999864697785
2018/10/02/14:21:11.295067,14561,1538482871,279876331,/world,vicon/IMUframe/IMUframe,-0.301272100059,0.108601957842,1.52184996107,0.0155382243352,-0.00494509183204,0.00095720679247,0.999866587804
2018/10/02/14:21:11.305148,14562,1538482871,289873397,/world,vicon/IMUframe/IMUframe,-0.301346492303,0.10854694653,1.52194623929,0.0153763436466,-0.00478541950171,0.000890340376787,0.999869929096
2018/10/02/14:21:11.315048,14563,1538482871,299853667,/world,vicon/IMUframe/IMUframe,-0.301410464647,0.108557802546,1.52205498529,0.0151888289454,-0.00463527678693,0.000538250343883,0.999873754016
2018/10/02/14:21:11.325260,14564,1538482871,309830461,/world,vicon/IMUframe/IMUframe,-0.301530875767,0.108455271667,1.52215979122,0.0148531463337,-0.00437684868733,0.00074201983768,0.999879831103
2018/10/02/14:21:11.335173,14565,1538482871,319852987,/world,vicon/IMUframe/IMUframe,-0.301622397094,0.108432576058,1.5222676679,0.0145631290147,-0.00420810126138,0.000597620598637,0.999884918381
2018/10/02/14:21:11.345355,14566,1538482871,329855874,/world,vicon/IMUframe/IMUframe,-0.301728834637,0.108421342922,1.5223735178,0.0142995054369,-0.00407405946624,0.000445121690948,0.999889357904
2018/10/02/14:21:11.355187,14567,1538482871,339832825,/world,vicon/IMUframe/IMUframe,-0.301840108097,0.108441931844,1.52247148409,0.0140417646475,-0.00398048284065,0.000273364084867,0.99989344926
2018/10/02/14:21:11.365224,14568,1538482871,349860675,/world,vicon/IMUframe/IMUframe,-0.301960702181,0.108441280677,1.52258221166,0.0138616117057,-0.00392619836609,0.000110493937744,0.999896208853
2018/10/02/14:21:11.375258,14569,1538482871,359852590,/world,vicon/IMUframe/IMUframe,-0.302066218476,0.108434584237,1.52268144888,0.0137552433966,-0.00387043650434,7.45802689928e-06,0.99989790126
2018/10/02/14:21:11.385195,14570,1538482871,369814730,/world,vicon/IMUframe/IMUframe,-0.302174058779,0.108435442229,1.52276315224,0.0136384452477,-0.0037905566686,-0.000134167750107,0.999899798225
2018/10/02/14:21:11.395178,14571,1538482871,379847926,/world,vicon/IMUframe/IMUframe,-0.302277319505,0.108440038659,1.52285800256,0.0135125777219,-0.00370821564303,-0.000281029558002,0.999901785378
2018/10/02/14:21:11.405163,14572,1538482871,389867560,/world,vicon/IMUframe/IMUframe,-0.302364215555,0.108416166429,1.52292096925,0.013411929451,-0.00357033913053,-0.00039386924518,0.999903604201
2018/10/02/14:21:11.415192,14573,1538482871,399851221,/world,vicon/IMUframe/IMUframe,-0.302432896773,0.10843019422,1.52297976687,0.0133665843284,-0.00351134938202,-0.000752724752303,0.99990421454
2018/10/02/14:21:11.425130,14574,1538482871,409835355,/world,vicon/IMUframe/IMUframe,-0.302519642455,0.108378895814,1.52302966015,0.0133137003469,-0.00343273777534,-0.000793792228189,0.999905161297
2018/10/02/14:21:11.435329,14575,1538482871,419854825,/world,vicon/IMUframe/IMUframe,-0.302563740497,0.108397098549,1.52309800699,0.0132369876602,-0.00324983949224,-0.000840665353523,0.999906752644
2018/10/02/14:21:11.445616,14576,1538482871,429835045,/world,vicon/IMUframe/IMUframe,-0.302621989781,0.108355390936,1.52312700363,0.0132936430835,-0.00321895245436,-0.000809907706368,0.999906126318
2018/10/02/14:21:11.455175,14577,1538482871,439856577,/world,vicon/IMUframe/IMUframe,-0.302671987089,0.108318612558,1.52314853831,0.0133891984405,-0.00318182079643,-0.00069657213671,0.999905055577
2018/10/02/14:21:11.465141,14578,1538482871,449861842,/world,vicon/IMUframe/IMUframe,-0.302717292208,0.108258695397,1.52314747579,0.0135321778064,-0.00306642866752,-0.000484979643664,0.999903616342
2018/10/02/14:21:11.475141,14579,1538482871,459837751,/world,vicon/IMUframe/IMUframe,-0.302776755602,0.108210321759,1.5231669352,0.0136500014098,-0.0029917530137,-0.000357347490258,0.999902294816
2018/10/02/14:21:11.485178,14580,1538482871,469863587,/world,vicon/IMUframe/IMUframe,-0.302831025335,0.108146721317,1.52318232581,0.0137478564055,-0.00292573709646,-0.000248357041302,0.99990118253
2018/10/02/14:21:11.495321,14581,1538482871,479861551,/world,vicon/IMUframe/IMUframe,-0.302910119753,0.108134411865,1.52319175103,0.0138137309329,-0.00295130987077,-0.000277113526158,0.999900191927
2018/10/02/14:21:11.505198,14582,1538482871,489857048,/world,vicon/IMUframe/IMUframe,-0.302997539465,0.108117979358,1.52320213833,0.0138608710114,-0.00302150164547,-0.000322038872978,0.999899316468
2018/10/02/14:21:11.515270,14583,1538482871,499827053,/world,vicon/IMUframe/IMUframe,-0.303096433085,0.108106089203,1.52318122958,0.0138179729395,-0.00311763596942,-0.000374086106535,0.999899596974
2018/10/02/14:21:11.525194,14584,1538482871,509849146,/world,vicon/IMUframe/IMUframe,-0.30317555692,0.108095321066,1.52316362443,0.0137802913043,-0.00327489865557,-0.000392355178164,0.999899607295
2018/10/02/14:21:11.535156,14585,1538482871,519854761,/world,vicon/IMUframe/IMUframe,-0.303271903769,0.10811554904,1.52316110423,0.0136880353846,-0.00334876950279,-0.000404155393946,0.999900625107
2018/10/02/14:21:11.545438,14586,1538482871,529853907,/world,vicon/IMUframe/IMUframe,-0.303361276485,0.108072478093,1.52315644683,0.0135295493447,-0.00331429951432,-6.59732720821e-05,0.999902976474
2018/10/02/14:21:11.555148,14587,1538482871,539849905,/world,vicon/IMUframe/IMUframe,-0.303400092174,0.108115056641,1.52315062256,0.0135309750295,-0.00333675978899,-0.000225732870842,0.999902859179
2018/10/02/14:21:11.565541,14588,1538482871,549851889,/world,vicon/IMUframe/IMUframe,-0.303485903433,0.108056763684,1.52315202601,0.0135325349757,-0.00324029119514,7.84903748361e-05,0.999903177737
2018/10/02/14:21:11.575164,14589,1538482871,559849695,/world,vicon/IMUframe/IMUframe,-0.303573389413,0.10805606965,1.52315606096,0.0136226645464,-0.00317782215664,0.00011221043232,0.999902151146
2018/10/02/14:21:11.585221,14590,1538482871,569880362,/world,vicon/IMUframe/IMUframe,-0.303680099455,0.108035060428,1.52315955874,0.013783086292,-0.00317115447653,0.000133597849115,0.999899971229
2018/10/02/14:21:11.595105,14591,1538482871,579851884,/world,vicon/IMUframe/IMUframe,-0.303763895246,0.108036939184,1.52316038349,0.0139450364045,-0.00321228672462,0.000105590124107,0.999897597769
2018/10/02/14:21:11.605571,14592,1538482871,589852681,/world,vicon/IMUframe/IMUframe,-0.303856129478,0.108028989931,1.52317508299,0.0140924374227,-0.00321184419222,8.51710119861e-05,0.999895534549
2018/10/02/14:21:11.615434,14593,1538482871,599855542,/world,vicon/IMUframe/IMUframe,-0.303943652646,0.108050485615,1.52321113525,0.0141846859897,-0.00316873665893,9.42256716867e-05,0.999894366877
2018/10/02/14:21:11.625470,14594,1538482871,609857633,/world,vicon/IMUframe/IMUframe,-0.304062327722,0.108066499772,1.52325642826,0.014195531257,-0.00312900976398,9.63430551478e-05,0.999894337872
2018/10/02/14:21:11.635041,14595,1538482871,619859025,/world,vicon/IMUframe/IMUframe,-0.304202190321,0.108105803858,1.52333714108,0.0141407672165,-0.00311362546128,3.94603577101e-05,0.999895165746
2018/10/02/14:21:11.645570,14596,1538482871,629862284,/world,vicon/IMUframe/IMUframe,-0.304350454432,0.108135499537,1.52342428933,0.0140111720043,-0.00313734160204,4.65788082697e-05,0.999896915675
2018/10/02/14:21:11.655282,14597,1538482871,639857637,/world,vicon/IMUframe/IMUframe,-0.3045083101,0.108208237833,1.52350559559,0.013819277569,-0.00321817506241,-0.000136011840906,0.999899321141
2018/10/02/14:21:11.665207,14598,1538482871,649844358,/world,vicon/IMUframe/IMUframe,-0.304675998638,0.108272759234,1.52361670821,0.0135616611874,-0.00339864439538,-0.000350011404946,0.999902199245
2018/10/02/14:21:11.675256,14599,1538482871,659851373,/world,vicon/IMUframe/IMUframe,-0.304849221982,0.108371502027,1.52372477262,0.0132952954817,-0.00360422689964,-0.000627290498286,0.999904921067
2018/10/02/14:21:11.685137,14600,1538482871,669864527,/world,vicon/IMUframe/IMUframe,-0.305010305666,0.1084804943,1.5238328692,0.0130110944512,-0.0038209631464,-0.000896349386668,0.999907649846
2018/10/02/14:21:11.695137,14601,1538482871,679825439,/world,vicon/IMUframe/IMUframe,-0.305143407018,0.1085718564,1.5239661188,0.0127315707449,-0.00399428923505,-0.00098444501652,0.999910487808
2018/10/02/14:21:11.705056,14602,1538482871,689856299,/world,vicon/IMUframe/IMUframe,-0.305332002791,0.108807912235,1.52408587574,0.0125878799501,-0.00407673458159,-0.00122415978441,0.999911709576
2018/10/02/14:21:11.715441,14603,1538482871,699867805,/world,vicon/IMUframe/IMUframe,-0.305429520037,0.108872888039,1.52423110826,0.0122892822813,-0.00414507342537,-0.00112650509828,0.999915257856
2018/10/02/14:21:11.725219,14604,1538482871,709858790,/world,vicon/IMUframe/IMUframe,-0.305500021923,0.108939923087,1.5243724276,0.0120826801249,-0.00420253445515,-0.00101754669747,0.999917652681
2018/10/02/14:21:11.735613,14605,1538482871,719786193,/world,vicon/IMUframe/IMUframe,-0.305573726295,0.109017752895,1.52451302522,0.0119655023344,-0.00423417554383,-0.000909545490454,0.999919032341
2018/10/02/14:21:11.745768,14606,1538482871,729852080,/world,vicon/IMUframe/IMUframe,-0.305644675375,0.109119191344,1.52463843832,0.0119431287501,-0.00428480927006,-0.000822457624402,0.999919159557
2018/10/02/14:21:11.755607,14607,1538482871,739841166,/world,vicon/IMUframe/IMUframe,-0.305671649863,0.10927950081,1.52476394552,0.0120086191808,-0.00445380151103,-0.00107516333553,0.999917396959
2018/10/02/14:21:11.765401,14608,1538482871,749799517,/world,vicon/IMUframe/IMUframe,-0.305710807043,0.109385814497,1.52488793742,0.0120415229781,-0.00457306878229,-0.00104255202906,0.999916497439
2018/10/02/14:21:11.775273,14609,1538482871,759856782,/world,vicon/IMUframe/IMUframe,-0.305747841189,0.109518583459,1.52502863186,0.0120462288798,-0.0047073771843,-0.000979161064094,0.999915881569
2018/10/02/14:21:11.785518,14610,1538482871,769843030,/world,vicon/IMUframe/IMUframe,-0.305779106478,0.109659802961,1.52517092512,0.0120368712924,-0.00481854827523,-0.000846860738531,0.999915585512
2018/10/02/14:21:11.795977,14611,1538482871,779861226,/world,vicon/IMUframe/IMUframe,-0.305849634067,0.109775568867,1.52532688087,0.0119786364282,-0.00493167791688,-0.000473341510625,0.999915979855
2018/10/02/14:21:11.805629,14612,1538482871,789878641,/world,vicon/IMUframe/IMUframe,-0.305895701825,0.109947384716,1.52550557442,0.0119064631229,-0.00513310575687,-0.000324783511063,0.999915887401
2018/10/02/14:21:11.816077,14613,1538482871,799788410,/world,vicon/IMUframe/IMUframe,-0.305938622163,0.110124626179,1.5256671212,0.0118519719365,-0.00546540344643,-0.000192211738432,0.999914807962
2018/10/02/14:21:11.825254,14614,1538482871,809822432,/world,vicon/IMUframe/IMUframe,-0.305945178181,0.110338017993,1.52581294494,0.0117921343793,-0.00585552510344,-0.000377618020299,0.999913254136
2018/10/02/14:21:11.835611,14615,1538482871,819763017,/world,vicon/IMUframe/IMUframe,-0.30599213744,0.11044197126,1.52596510487,0.0116247639305,-0.0060844556019,-5.52221085181e-05,0.999913916902
2018/10/02/14:21:11.845618,14616,1538482871,829826301,/world,vicon/IMUframe/IMUframe,-0.306025968034,0.110543594126,1.52606298523,0.0116421901014,-0.00648317080351,9.74741464527e-05,0.99991120526
2018/10/02/14:21:11.855379,14617,1538482871,839840447,/world,vicon/IMUframe/IMUframe,-0.306004245415,0.110695582237,1.52622902535,0.0115420229552,-0.00665649293865,0.000331049582804,0.999911177662
2018/10/02/14:21:11.865505,14618,1538482871,849799566,/world,vicon/IMUframe/IMUframe,-0.305987450372,0.110854123528,1.52637457351,0.0114424767782,-0.00673543657588,0.000549006828039,0.999911697207
2018/10/02/14:21:11.875849,14619,1538482871,859854008,/world,vicon/IMUframe/IMUframe,-0.305947003318,0.111001717961,1.52650858995,0.011387022222,-0.00675613503693,0.000754179417504,0.999912056922
2018/10/02/14:21:11.885679,14620,1538482871,869876033,/world,vicon/IMUframe/IMUframe,-0.305896447045,0.111125970039,1.52664475435,0.0112832496637,-0.00674016483101,0.000979728962841,0.999913145521
2018/10/02/14:21:11.895481,14621,1538482871,879827581,/world,vicon/IMUframe/IMUframe,-0.305856366517,0.111253061177,1.5267830102,0.0111933046603,-0.00676165177705,0.00110950640397,0.999913875787
2018/10/02/14:21:11.905462,14622,1538482871,889824529,/world,vicon/IMUframe/IMUframe,-0.305760344502,0.111415626264,1.52693867017,0.0109754051887,-0.00666658116,0.00125171340214,0.999916761731
2018/10/02/14:21:11.915707,14623,1538482871,899850606,/world,vicon/IMUframe/IMUframe,-0.305700846276,0.111503426214,1.52703784496,0.0108659922645,-0.00668244856858,0.00139860653437,0.999917656106
2018/10/02/14:21:11.925604,14624,1538482871,909875326,/world,vicon/IMUframe/IMUframe,-0.305638703182,0.111617287759,1.52714284614,0.0107615504595,-0.00666845277911,0.0014187216983,0.999918850706
2018/10/02/14:21:11.935524,14625,1538482871,919789168,/world,vicon/IMUframe/IMUframe,-0.305561252037,0.111728255105,1.52722292725,0.0106497864649,-0.00661612351032,0.00151375949163,0.999920255565
2018/10/02/14:21:11.945492,14626,1538482871,929854572,/world,vicon/IMUframe/IMUframe,-0.305476992468,0.111842898098,1.52729692016,0.0105115048332,-0.0065353256106,0.00148185720925,0.999922297923
2018/10/02/14:21:11.955387,14627,1538482871,939855036,/world,vicon/IMUframe/IMUframe,-0.30538791574,0.111938143954,1.52737316073,0.010351516444,-0.00638134613884,0.00143725863181,0.999925026598
2018/10/02/14:21:11.965704,14628,1538482871,949864281,/world,vicon/IMUframe/IMUframe,-0.30528607841,0.112043057711,1.52743590261,0.0102131885388,-0.00621162707638,0.00132374729697,0.999927674466
2018/10/02/14:21:11.975592,14629,1538482871,959833954,/world,vicon/IMUframe/IMUframe,-0.305170674912,0.112105659098,1.52748987792,0.0101029697335,-0.00600880578526,0.00119448103245,0.999930196299
2018/10/02/14:21:11.985538,14630,1538482871,969822843,/world,vicon/IMUframe/IMUframe,-0.305052568146,0.112203665662,1.52751094949,0.0100432573285,-0.00582054750729,0.00106743922791,0.999932055083
2018/10/02/14:21:11.995121,14631,1538482871,979769226,/world,vicon/IMUframe/IMUframe,-0.304929180914,0.112267255762,1.52753808538,0.0100148352399,-0.00561820767307,0.000989677857258,0.999933577472
2018/10/02/14:21:12.005363,14632,1538482871,989841928,/world,vicon/IMUframe/IMUframe,-0.30477523443,0.112367762734,1.52754598891,0.0100409132209,-0.00543009238215,0.000896478616527,0.999934443093
2018/10/02/14:21:12.015655,14633,1538482871,999867000,/world,vicon/IMUframe/IMUframe,-0.304605865424,0.112421521367,1.52753858048,0.0100893257995,-0.00529417552401,0.000899819118751,0.999934681635
2018/10/02/14:21:12.025332,14634,1538482872,9866987,/world,vicon/IMUframe/IMUframe,-0.304434660443,0.112472647142,1.52751976549,0.0101356828118,-0.00520866319155,0.000918627921032,0.999934644807
2018/10/02/14:21:12.035744,14635,1538482872,19817422,/world,vicon/IMUframe/IMUframe,-0.304261017643,0.112509302479,1.52750070048,0.0102468451338,-0.00522349777794,0.00101682736098,0.999933339427
2018/10/02/14:21:12.045633,14636,1538482872,29853812,/world,vicon/IMUframe/IMUframe,-0.304065936113,0.112540279441,1.52745771255,0.0103343521138,-0.00524311638304,0.00117142605672,0.999932167028
2018/10/02/14:21:12.055522,14637,1538482872,39807177,/world,vicon/IMUframe/IMUframe,-0.30391042633,0.112520107794,1.527379634,0.0105536239421,-0.00548907490803,0.00131926252489,0.999928372747
2018/10/02/14:21:12.064998,14638,1538482872,49803105,/world,vicon/IMUframe/IMUframe,-0.303695562545,0.112536018285,1.52734757987,0.0106205198599,-0.00562395871911,0.00159464044739,0.999926513684
2018/10/02/14:21:12.075013,14639,1538482872,59754981,/world,vicon/IMUframe/IMUframe,-0.303481971637,0.112576019638,1.52730691065,0.0107299413322,-0.00574188439675,0.00190042442243,0.999924140877
2018/10/02/14:21:12.085040,14640,1538482872,69829312,/world,vicon/IMUframe/IMUframe,-0.303244880164,0.112593903413,1.52728576556,0.0108281017606,-0.00582928435328,0.00235222205778,0.999921616282
2018/10/02/14:21:12.094956,14641,1538482872,79860648,/world,vicon/IMUframe/IMUframe,-0.303027229043,0.112638059849,1.5272824894,0.0109214493141,-0.00587480908247,0.00268534368562,0.999919495506
2018/10/02/14:21:12.105033,14642,1538482872,89828486,/world,vicon/IMUframe/IMUframe,-0.302772938987,0.112758160471,1.52730856635,0.0111086929866,-0.00593559754766,0.00271461487929,0.999916994799
2018/10/02/14:21:12.115172,14643,1538482872,99856522,/world,vicon/IMUframe/IMUframe,-0.30251762456,0.112861288111,1.52738992258,0.0110904395742,-0.00581249260295,0.00307470933518,0.999916878167
2018/10/02/14:21:12.125299,14644,1538482872,109818182,/world,vicon/IMUframe/IMUframe,-0.302303150861,0.112920856228,1.52743957099,0.0111340785029,-0.00577099793154,0.00332049344737,0.99991584756
2018/10/02/14:21:12.135158,14645,1538482872,119858701,/world,vicon/IMUframe/IMUframe,-0.302108842323,0.112990317572,1.52752479333,0.0111266789294,-0.00571724476021,0.0035199653918,0.999915556421
2018/10/02/14:21:12.145653,14646,1538482872,129827580,/world,vicon/IMUframe/IMUframe,-0.301951856357,0.112996682797,1.52760879041,0.011014274001,-0.00563867813537,0.00401052176216,0.999915399818
2018/10/02/14:21:12.155561,14647,1538482872,139864745,/world,vicon/IMUframe/IMUframe,-0.301796793149,0.113091927816,1.52771304539,0.010955753855,-0.00553071395276,0.00407471604193,0.999916386179
2018/10/02/14:21:12.165596,14648,1538482872,149817661,/world,vicon/IMUframe/IMUframe,-0.301685526892,0.113163253593,1.52781665289,0.0109663389656,-0.00551554059894,0.00396642072716,0.999916789402
2018/10/02/14:21:12.175416,14649,1538482872,159874921,/world,vicon/IMUframe/IMUframe,-0.30154816213,0.113312288432,1.52798128149,0.0107692502296,-0.0053517526543,0.00389773994942,0.999920091615
2018/10/02/14:21:12.185306,14650,1538482872,169830808,/world,vicon/IMUframe/IMUframe,-0.301410330505,0.113471726229,1.52815923973,0.010531450035,-0.00518916071206,0.00380775569498,0.999923828183
2018/10/02/14:21:12.195452,14651,1538482872,179776459,/world,vicon/IMUframe/IMUframe,-0.301306568103,0.113623931802,1.52835495219,0.0102159700506,-0.00505163296886,0.00366731615294,0.999928330308
2018/10/02/14:21:12.205587,14652,1538482872,189849511,/world,vicon/IMUframe/IMUframe,-0.301198617464,0.11377465776,1.52855545686,0.00983087081165,-0.00489377816407,0.00354454054108,0.999933418357
2018/10/02/14:21:12.215155,14653,1538482872,199878342,/world,vicon/IMUframe/IMUframe,-0.301104260322,0.113931090559,1.5287486439,0.00947015560858,-0.00470475014852,0.00347288396706,0.999938058359
2018/10/02/14:21:12.225254,14654,1538482872,209808041,/world,vicon/IMUframe/IMUframe,-0.301012715674,0.114075098085,1.52895236436,0.00909934335188,-0.004512763662,0.00336591400022,0.99994275213
2018/10/02/14:21:12.235031,14655,1538482872,219846459,/world,vicon/IMUframe/IMUframe,-0.300911532822,0.114209695249,1.52916196083,0.00873273518927,-0.00435071246439,0.0032692841711,0.999947059808
2018/10/02/14:21:12.245389,14656,1538482872,229859284,/world,vicon/IMUframe/IMUframe,-0.30083714036,0.114327195915,1.52935390648,0.00846531574548,-0.00413250246327,0.00320737629166,0.999950485569
2018/10/02/14:21:12.255174,14657,1538482872,239827703,/world,vicon/IMUframe/IMUframe,-0.300766156535,0.114429749485,1.52953389257,0.00823264609044,-0.00397570438338,0.00307363238413,0.999953483967
2018/10/02/14:21:12.265595,14658,1538482872,249881316,/world,vicon/IMUframe/IMUframe,-0.3006949238,0.114508373342,1.52969188284,0.00811540998954,-0.00376611174548,0.00301248500132,0.999955439736
2018/10/02/14:21:12.275447,14659,1538482872,259857198,/world,vicon/IMUframe/IMUframe,-0.300607877375,0.114567316883,1.52986210823,0.00802661179415,-0.00364925688231,0.00296525824776,0.999956730899
2018/10/02/14:21:12.285431,14660,1538482872,269871853,/world,vicon/IMUframe/IMUframe,-0.300518478392,0.114632791871,1.53002046471,0.00800270637415,-0.00353932714005,0.00295502353237,0.999957347935
2018/10/02/14:21:12.295636,14661,1538482872,279865015,/world,vicon/IMUframe/IMUframe,-0.300433665283,0.114676431707,1.53015482136,0.00802230271536,-0.00348795640699,0.0030199896261,0.999957177324
2018/10/02/14:21:12.305365,14662,1538482872,289861325,/world,vicon/IMUframe/IMUframe,-0.300313986595,0.114804578921,1.53030207473,0.00811768835089,-0.00351163663931,0.00269044559275,0.99995726561
2018/10/02/14:21:12.315310,14663,1538482872,299846899,/world,vicon/IMUframe/IMUframe,-0.300241578948,0.114830895529,1.53042571135,0.008142983416,-0.00351720463491,0.00282693807654,0.999956663818
2018/10/02/14:21:12.325061,14664,1538482872,309839430,/world,vicon/IMUframe/IMUframe,-0.300177429096,0.114856477669,1.53054109594,0.00811209546711,-0.00356474009819,0.00296522557691,0.999956346033
2018/10/02/14:21:12.335101,14665,1538482872,319864805,/world,vicon/IMUframe/IMUframe,-0.300106809603,0.11488634877,1.53063441802,0.00806369583412,-0.00363495510772,0.0031025962846,0.999956067939
2018/10/02/14:21:12.344968,14666,1538482872,329825181,/world,vicon/IMUframe/IMUframe,-0.300051426231,0.114914126489,1.53070934873,0.00793247260962,-0.00372563341935,0.00320942435367,0.999956446616
2018/10/02/14:21:12.355476,14667,1538482872,339862868,/world,vicon/IMUframe/IMUframe,-0.299984659264,0.114930077891,1.53075942989,0.00781968479146,-0.00385888678077,0.00329880031947,0.999956538775
2018/10/02/14:21:12.365603,14668,1538482872,349870415,/world,vicon/IMUframe/IMUframe,-0.299925909057,0.114943387663,1.53082315117,0.00778196501263,-0.00392359561588,0.00335886351343,0.999956381276
2018/10/02/14:21:12.375696,14669,1538482872,359930923,/world,vicon/IMUframe/IMUframe,-0.299799393962,0.115015153896,1.53090882893,0.00769938861971,-0.00380329024071,0.00345394627872,0.999957161409
2018/10/02/14:21:12.385363,14670,1538482872,369842769,/world,vicon/IMUframe/IMUframe,-0.299730549983,0.115032172726,1.53094623933,0.00775685928077,-0.00377962968525,0.00349780567038,0.999956654505
2018/10/02/14:21:12.395285,14671,1538482872,379848102,/world,vicon/IMUframe/IMUframe,-0.2996637262,0.114951966563,1.53096733032,0.00781965895056,-0.00366462855753,0.0040691395533,0.999954431729
2018/10/02/14:21:12.405570,14672,1538482872,389855059,/world,vicon/IMUframe/IMUframe,-0.299557641322,0.114955708093,1.53097533861,0.00805811456698,-0.00356613595432,0.00423342760808,0.999952212636
2018/10/02/14:21:12.415013,14673,1538482872,399835253,/world,vicon/IMUframe/IMUframe,-0.299483607958,0.115009656158,1.53100663472,0.00824170791387,-0.00344460847571,0.00423105042145,0.999951152375
2018/10/02/14:21:12.425179,14674,1538482872,409819573,/world,vicon/IMUframe/IMUframe,-0.29939446644,0.115043909399,1.53101833893,0.00843644477261,-0.00335307344579,0.00427482027283,0.999949653337
2018/10/02/14:21:12.435044,14675,1538482872,419861232,/world,vicon/IMUframe/IMUframe,-0.299301488795,0.115099111624,1.53102488492,0.00855340729769,-0.00328958453365,0.00422681279853,0.999949074659
2018/10/02/14:21:12.445123,14676,1538482872,429829031,/world,vicon/IMUframe/IMUframe,-0.299206046239,0.115168853032,1.53104560795,0.0086402869606,-0.00321901807984,0.00420732611812,0.999948639566
2018/10/02/14:21:12.455050,14677,1538482872,439859149,/world,vicon/IMUframe/IMUframe,-0.299113908259,0.115250654575,1.53107207798,0.00863990250377,-0.00306511173554,0.00414539119187,0.999949385172
2018/10/02/14:21:12.465179,14678,1538482872,449832438,/world,vicon/IMUframe/IMUframe,-0.299006298502,0.115304988173,1.53108705869,0.00860620327909,-0.00287201309627,0.00425333249266,0.999949795724
2018/10/02/14:21:12.474976,14679,1538482872,459813192,/world,vicon/IMUframe/IMUframe,-0.298949199046,0.115315485579,1.53108122119,0.00861499039804,-0.00279600887205,0.00427813914624,0.999949829642
2018/10/02/14:21:12.485030,14680,1538482872,469865884,/world,vicon/IMUframe/IMUframe,-0.298873891731,0.115377840017,1.53111499719,0.00844349233158,-0.00258722629181,0.00433191037294,0.999951622955
2018/10/02/14:21:12.495367,14681,1538482872,479867057,/world,vicon/IMUframe/IMUframe,-0.298807186584,0.115427788709,1.53112684232,0.00834958884236,-0.00240025324687,0.00443623445004,0.999952420355
2018/10/02/14:21:12.505255,14682,1538482872,489842383,/world,vicon/IMUframe/IMUframe,-0.298759513309,0.115455065276,1.53114859809,0.00819678991985,-0.00230879812902,0.00437932144286,0.999954150764
2018/10/02/14:21:12.515501,14683,1538482872,499862846,/world,vicon/IMUframe/IMUframe,-0.298711874875,0.115470282686,1.53113979562,0.00819355215066,-0.00218482612625,0.00444384739402,0.999954171179
2018/10/02/14:21:12.525539,14684,1538482872,509857966,/world,vicon/IMUframe/IMUframe,-0.298672874764,0.115463561511,1.53114058437,0.00820473972058,-0.0021064651122,0.00444175635031,0.999954256879
2018/10/02/14:21:12.535509,14685,1538482872,519869770,/world,vicon/IMUframe/IMUframe,-0.298668478348,0.1154477157,1.53112080391,0.00827817939014,-0.00205295197503,0.00443978990886,0.999953771631
